phase,day,subject,budget,arm,trial_id,gesture,p_4,p_15,p_16,p_17
validation,2,1,1,F0v2,session2_participant1_gesture4_trial6,4,0.9182234057153392,0.07613292663660359,0.005286628198943691,0.0003570394491134712
validation,2,1,1,F7_document,session2_participant1_gesture4_trial6,4,0.36404403410565356,0.2917983779951172,0.12167462164259268,0.22248296625663644
validation,2,1,1,F0v2+F7_document,session2_participant1_gesture4_trial6,4,0.6411337199104964,0.1839656523158604,0.06348062492076818,0.11142000285287496
validation,2,1,1,F0v2,session2_participant1_gesture4_trial7,4,0.7337440738059755,0.2623037760231761,0.003946656739336941,5.493431511414711e-06
validation,2,1,1,F7_document,session2_participant1_gesture4_trial7,4,0.35169069184190027,0.3329792113465753,0.1423945734534295,0.17293552335809476
validation,2,1,1,F0v2+F7_document,session2_participant1_gesture4_trial7,4,0.5427173828239379,0.2976414936848757,0.07317061509638323,0.08647050839480308
validation,2,1,1,F0v2,session2_participant1_gesture15_trial6,15,0.0637788231455486,0.9242508576449557,0.011939871328588933,3.0447880906538407e-05
validation,2,1,1,F7_document,session2_participant1_gesture15_trial6,15,0.40341885472613803,0.2827782894730087,0.13119556575905006,0.18260729004180337
validation,2,1,1,F0v2+F7_document,session2_participant1_gesture15_trial6,15,0.23359883893584332,0.6035145735589822,0.07156771854381949,0.09131886896135495
validation,2,1,1,F0v2,session2_participant1_gesture15_trial7,15,0.015679483091424622,0.9790422339360663,0.0052762747342578525,2.0082382513910226e-06
validation,2,1,1,F7_document,session2_participant1_gesture15_trial7,15,0.37541777495865797,0.3056275267979596,0.14903413502059884,0.16992056322278354
validation,2,1,1,F0v2+F7_document,session2_participant1_gesture15_trial7,15,0.1955486290250413,0.6423348803670129,0.07715520487742834,0.08496128573051746
validation,2,1,1,F0v2,session2_participant1_gesture16_trial6,16,1.2681042227490831e-05,0.004610379220790989,0.9953766817375425,2.5799943900892723e-07
validation,2,1,1,F7_document,session2_participant1_gesture16_trial6,16,0.27371307597706684,0.2637695463218803,0.30771675675751853,0.15480062094353428
validation,2,1,1,F0v2+F7_document,session2_participant1_gesture16_trial6,16,0.13686287850964718,0.13418996277133566,0.6515467192475305,0.07740043947148664
validation,2,1,1,F0v2,session2_participant1_gesture16_trial7,16,4.0489275333835766e-05,0.01082849133580075,0.9891307635263769,2.558624884074828e-07
validation,2,1,1,F7_document,session2_participant1_gesture16_trial7,16,0.2745208385898616,0.30127114610122213,0.2743237356171923,0.14988427969172402
validation,2,1,1,F0v2+F7_document,session2_participant1_gesture16_trial7,16,0.13728066393259772,0.15604981871851145,0.6317272495717846,0.07494226777710622
validation,2,1,1,F0v2,session2_participant1_gesture17_trial6,17,0.00643950537782557,0.01096712195679882,0.029747847370388287,0.9528455252949873
validation,2,1,1,F7_document,session2_participant1_gesture17_trial6,17,0.2518095329091079,0.23373457611776052,0.10188841954843625,0.41256747142469535
validation,2,1,1,F0v2+F7_document,session2_participant1_gesture17_trial6,17,0.12912451914346673,0.12235084903727968,0.06581813345941227,0.6827064983598413
validation,2,1,1,F0v2,session2_participant1_gesture17_trial7,17,0.0006756388676874861,0.0011081840579729393,0.0027393175835897154,0.9954768594907499
validation,2,1,1,F7_document,session2_participant1_gesture17_trial7,17,0.22430144102453062,0.21858659557214657,0.09491678209452556,0.46219518130879716
validation,2,1,1,F0v2+F7_document,session2_participant1_gesture17_trial7,17,0.11248853994610905,0.10984738981505976,0.048828049839057634,0.7288360203997736
validation,2,2,1,F0v2,session2_participant2_gesture4_trial6,4,0.9585113014042087,0.039788180298854954,0.0015808594155919881,0.00011965888134421808
validation,2,2,1,F7_document,session2_participant2_gesture4_trial6,4,0.3132356790603394,0.3924340314036061,0.13993196308257735,0.1543983264534772
validation,2,2,1,F0v2+F7_document,session2_participant2_gesture4_trial6,4,0.635873490232274,0.21611110585123053,0.07075641124908467,0.07725899266741071
validation,2,2,1,F0v2,session2_participant2_gesture4_trial7,4,0.6448510869834501,0.35315059931124987,0.0019958779281784864,2.4357771215610326e-06
validation,2,2,1,F7_document,session2_participant2_gesture4_trial7,4,0.38436759801630765,0.31065217552732644,0.15444147915753464,0.1505387472988312
validation,2,2,1,F0v2+F7_document,session2_participant2_gesture4_trial7,4,0.5146093424998789,0.33190138741928815,0.07821867854285657,0.07527059153797638
validation,2,2,1,F0v2,session2_participant2_gesture15_trial6,15,9.163416878701912e-05,0.9994617896169535,0.0003402849473366879,0.0001062912669227685
validation,2,2,1,F7_document,session2_participant2_gesture15_trial6,15,0.3861149760367725,0.3246683028909149,0.13135197198968623,0.15786474908262635
validation,2,2,1,F0v2+F7_document,session2_participant2_gesture15_trial6,15,0.19310330510277973,0.6620650462539343,0.06584612846851146,0.07898552017477456
validation,2,2,1,F0v2,session2_participant2_gesture15_trial7,15,6.6909396766638774e-06,0.999977734961331,1.2544284461088135e-05,3.0298145312604305e-06
validation,2,2,1,F7_document,session2_participant2_gesture15_trial7,15,0.292473536375759,0.4047543214268916,0.15092527092709232,0.1518468712702571
validation,2,2,1,F0v2+F7_document,session2_participant2_gesture15_trial7,15,0.14624011365771783,0.7023660281941113,0.07546890760577671,0.07592495054239418
validation,2,2,1,F0v2,session2_participant2_gesture16_trial6,16,3.793820336509324e-05,0.07878854393953062,0.9211735155933163,2.263787985187208e-09
validation,2,2,1,F7_document,session2_participant2_gesture16_trial6,16,0.23869272207380235,0.27982985562216867,0.34526116894673214,0.13621625335729678
validation,2,2,1,F0v2+F7_document,session2_participant2_gesture16_trial6,16,0.11936533013858372,0.17930919978084964,0.6332173422700242,0.06810812781054239
validation,2,2,1,F0v2,session2_participant2_gesture16_trial7,16,6.003058859599783e-05,0.059393669291424256,0.9405462001750252,9.994495475626171e-08
validation,2,2,1,F7_document,session2_participant2_gesture16_trial7,16,0.24582614452678495,0.27803338708980746,0.33284531336217144,0.1432951550212362
validation,2,2,1,F0v2+F7_document,session2_participant2_gesture16_trial7,16,0.12294308755769047,0.16871352819061586,0.6366957567685984,0.07164762748309547
validation,2,2,1,F0v2,session2_participant2_gesture17_trial6,17,0.0023415094252352215,1.701220767460008e-05,2.2543459279831174e-05,0.9976189349078104
validation,2,2,1,F7_document,session2_participant2_gesture17_trial6,17,0.20909316108900666,0.19738311115275034,0.09973495903778877,0.4937887687204542
validation,2,2,1,F0v2+F7_document,session2_participant2_gesture17_trial6,17,0.10571733525712095,0.09870006168021248,0.0498787512485343,0.7457038518141323
validation,2,2,1,F0v2,session2_participant2_gesture17_trial7,17,0.0007207630649698843,4.929001680960283e-06,2.5008678869965436e-05,0.9992492992544791
validation,2,2,1,F7_document,session2_participant2_gesture17_trial7,17,0.20440143225659624,0.19359478757068427,0.0992977533491708,0.5027060268235487
validation,2,2,1,F0v2+F7_document,session2_participant2_gesture17_trial7,17,0.10256109766078306,0.09679985828618261,0.049661381014020387,0.7509776630390139
validation,2,3,1,F0v2,session2_participant3_gesture4_trial6,4,0.9845312591564914,0.014351086965631067,0.0011176071334659894,4.6744411452615265e-08
validation,2,3,1,F7_document,session2_participant3_gesture4_trial6,4,0.3811699384484807,0.2825546915231411,0.2953810327906873,0.04089433723769111
validation,2,3,1,F0v2+F7_document,session2_participant3_gesture4_trial6,4,0.682850598802486,0.1484528892443861,0.14824931996207663,0.020447191991051283
validation,2,3,1,F0v2,session2_participant3_gesture4_trial7,4,0.9902050579729655,0.009466455498579794,0.0003284856509496597,8.775050347966938e-10
validation,2,3,1,F7_document,session2_participant3_gesture4_trial7,4,0.33466094908580585,0.3569390918776535,0.26971399018026904,0.038685968856271555
validation,2,3,1,F0v2+F7_document,session2_participant3_gesture4_trial7,4,0.6624330035293857,0.18320277368811663,0.13502123791560935,0.019342984866888294
validation,2,3,1,F0v2,session2_participant3_gesture15_trial6,15,0.012420904635576291,0.9875301445112404,4.8948048424352953e-05,2.8047590524930093e-09
validation,2,3,1,F7_document,session2_participant3_gesture15_trial6,15,0.23166900350559627,0.5271796362134645,0.20435851448316025,0.03679284579777894
validation,2,3,1,F0v2+F7_document,session2_participant3_gesture15_trial6,15,0.12204495407058628,0.7573548903623525,0.1022037312657923,0.018396424301268994
validation,2,3,1,F0v2,session2_participant3_gesture15_trial7,15,0.021727640627575075,0.977906777575708,0.00036538629870224386,1.9549801441842207e-07
validation,2,3,1,F7_document,session2_participant3_gesture15_trial7,15,0.23077144592199794,0.5236307339073248,0.20302114664281753,0.04257667352785963
validation,2,3,1,F0v2+F7_document,session2_participant3_gesture15_trial7,15,0.12624954327478652,0.7507687557415164,0.1016932664707599,0.021288434512937025
validation,2,3,1,F0v2,session2_participant3_gesture16_trial6,16,0.00010707544097663742,0.0006590102522139342,0.9992338381625461,7.614426320959469e-08
validation,2,3,1,F7_document,session2_participant3_gesture16_trial6,16,0.2658329759614021,0.44818517342147113,0.24518227278227964,0.04079957783484729
validation,2,3,1,F0v2+F7_document,session2_participant3_gesture16_trial6,16,0.13297002570118938,0.22442209183684253,0.6222080554724129,0.02039982698955525
validation,2,3,1,F0v2,session2_participant3_gesture16_trial7,16,0.07125315712030511,0.0957842850262725,0.8329597669758645,2.7908775577990736e-06
validation,2,3,1,F7_document,session2_participant3_gesture16_trial7,16,0.33418065757171045,0.30707122590216096,0.3230629723956879,0.03568514413044068
validation,2,3,1,F0v2+F7_document,session2_participant3_gesture16_trial7,16,0.20271690734600778,0.20142775546421673,0.5780113696857762,0.01784396750399924
validation,2,3,1,F0v2,session2_participant3_gesture17_trial6,17,1.3049417449561702e-05,9.689000396106136e-08,0.0003056979558174459,0.999681155736729
validation,2,3,1,F7_document,session2_participant3_gesture17_trial6,17,0.08263610469252111,0.051206044563506095,0.08334080691056973,0.782817043833403
validation,2,3,1,F0v2+F7_document,session2_participant3_gesture17_trial6,17,0.04132457705498534,0.02560307072675503,0.04182325243319359,0.891249099785066
validation,2,3,1,F0v2,session2_participant3_gesture17_trial7,17,2.0642420093044745e-05,1.3184118875547437e-07,0.0004388539097999482,0.9995403718289182
validation,2,3,1,F7_document,session2_participant3_gesture17_trial7,17,0.08222456716426324,0.0508607590207856,0.08309130369390481,0.7838233701210463
validation,2,3,1,F0v2+F7_document,session2_participant3_gesture17_trial7,17,0.04112260479217814,0.02543044543098718,0.04176507880185238,0.8916818709749823
validation,2,4,1,F0v2,session2_participant4_gesture4_trial6,4,0.9516015579614732,0.0020909034185869167,0.04608380244805432,0.00022373617188550538
validation,2,4,1,F7_document,session2_participant4_gesture4_trial6,4,0.34723000363132317,0.36460808930108013,0.2677135267577964,0.020448380309800483
validation,2,4,1,F0v2+F7_document,session2_participant4_gesture4_trial6,4,0.6494157807963982,0.18334949635983352,0.15689866460292537,0.010336058240842994
validation,2,4,1,F0v2,session2_participant4_gesture4_trial7,4,0.9738080247346891,0.010537288851102099,0.015651397727640102,3.288686568624809e-06
validation,2,4,1,F7_document,session2_participant4_gesture4_trial7,4,0.3601632344674959,0.36348132814790896,0.25720294996984683,0.01915248741474831
validation,2,4,1,F0v2+F7_document,session2_participant4_gesture4_trial7,4,0.6669856296010925,0.18700930849950553,0.13642717384874348,0.009577888050658468
validation,2,4,1,F0v2,session2_participant4_gesture15_trial6,15,0.0016906537329905169,0.9949527538606856,0.003356488581364534,1.0382495924615648e-07
validation,2,4,1,F7_document,session2_participant4_gesture15_trial6,15,0.3581083121236961,0.3963260670021686,0.22682333138654176,0.01874228948759356
validation,2,4,1,F0v2+F7_document,session2_participant4_gesture15_trial6,15,0.17989948292834332,0.6956394104314271,0.11508990998395315,0.009371196656276403
validation,2,4,1,F0v2,session2_participant4_gesture15_trial7,15,0.03723960566424407,0.9081330911372469,0.05430153473576587,0.0003257684627432266
validation,2,4,1,F7_document,session2_participant4_gesture15_trial7,15,0.30338321075705,0.2813321485001663,0.2511977540345918,0.16408688670819185
validation,2,4,1,F0v2+F7_document,session2_participant4_gesture15_trial7,15,0.17031140821064703,0.5947326198187066,0.15274964438517885,0.08220632758546755
validation,2,4,1,F0v2,session2_participant4_gesture16_trial6,16,0.03741445753464151,0.004955208215622089,0.9574863808888608,0.00014395336087549832
validation,2,4,1,F7_document,session2_participant4_gesture16_trial6,16,0.28872604366162974,0.3700236665424682,0.30630913996188963,0.034941149834012385
validation,2,4,1,F0v2+F7_document,session2_participant4_gesture16_trial6,16,0.16307025059813562,0.18748943737904514,0.6318977604253753,0.01754255159744394
validation,2,4,1,F0v2,session2_participant4_gesture16_trial7,16,0.060138694949291485,0.0014436840620503102,0.9118264841950523,0.026591136793605908
validation,2,4,1,F7_document,session2_participant4_gesture16_trial7,16,0.2645625929492301,0.2864754182310108,0.33322441565344363,0.11573757316631557
validation,2,4,1,F0v2+F7_document,session2_participant4_gesture16_trial7,16,0.1623506439492608,0.14395955114653056,0.622525449924248,0.07116435497996074
validation,2,4,1,F0v2,session2_participant4_gesture17_trial6,17,0.00015708462619866724,4.3193854808004923e-07,0.0026766783699709064,0.9971658050652824
validation,2,4,1,F7_document,session2_participant4_gesture17_trial6,17,0.059499156876357796,0.05876802943513064,0.07783164703356908,0.8039011666549425
validation,2,4,1,F0v2+F7_document,session2_participant4_gesture17_trial6,17,0.02982812075127823,0.02938423068683936,0.04025416270176999,0.9005334858601124
validation,2,4,1,F0v2,session2_participant4_gesture17_trial7,17,0.0005260726188458245,8.00451832115904e-07,0.0057309060096053,0.9937422209197168
validation,2,4,1,F7_document,session2_participant4_gesture17_trial7,17,0.06530697655994494,0.06401903887858072,0.08509227579254539,0.785581708768929
validation,2,4,1,F0v2+F7_document,session2_participant4_gesture17_trial7,17,0.03291652458939538,0.03200991966520642,0.04541159090107534,0.8896619648443229
validation,2,5,1,F0v2,session2_participant5_gesture4_trial6,4,0.5187708494471411,0.036923903328668385,0.44213384580514886,0.002171401419041691
validation,2,5,1,F7_document,session2_participant5_gesture4_trial6,4,0.37495602488376695,0.2926146902015667,0.291243525298899,0.04118575961576742
validation,2,5,1,F0v2+F7_document,session2_participant5_gesture4_trial6,4,0.44686343716545407,0.16476929676511756,0.36668868555202394,0.021678580517404556
validation,2,5,1,F0v2,session2_participant5_gesture4_trial7,4,0.45808666100418055,0.01947676292983523,0.5218669979353184,0.0005695781306657778
validation,2,5,1,F7_document,session2_participant5_gesture4_trial7,4,0.30279048282239923,0.34441413856380126,0.326256566229886,0.026538812383913434
validation,2,5,1,F0v2+F7_document,session2_participant5_gesture4_trial7,4,0.3804385719132899,0.18194545074681825,0.42406178208260226,0.013554195257289606
validation,2,5,1,F0v2,session2_participant5_gesture15_trial6,15,0.372743530297802,0.5989635130533276,0.02314495840591613,0.0051479982429543155
validation,2,5,1,F7_document,session2_participant5_gesture15_trial6,15,0.337530352601865,0.36118337198101613,0.2768310118759768,0.024455263541142056
validation,2,5,1,F0v2+F7_document,session2_participant5_gesture15_trial6,15,0.3551369414498335,0.4800734425171719,0.14998798514094647,0.014801630892048185
validation,2,5,1,F0v2,session2_participant5_gesture15_trial7,15,0.6206096334802444,0.28028080891527085,0.09905690962354746,5.26479809371046e-05
validation,2,5,1,F7_document,session2_participant5_gesture15_trial7,15,0.41328935839247466,0.2790025078850681,0.28353286413447293,0.024175269587984303
validation,2,5,1,F0v2+F7_document,session2_participant5_gesture15_trial7,15,0.5169494959363595,0.27964165840016947,0.1912948868790102,0.012113958784460704
validation,2,5,1,F0v2,session2_participant5_gesture16_trial6,16,0.21258760817422653,0.17705557796168198,0.6103422841029089,1.4529761182634802e-05
validation,2,5,1,F7_document,session2_participant5_gesture16_trial6,16,0.27424222065997045,0.3700414686551469,0.3295715559703174,0.02614475471456536
validation,2,5,1,F0v2+F7_document,session2_participant5_gesture16_trial6,16,0.2434149144170985,0.27354852330841445,0.46995692003661316,0.013079642237873997
validation,2,5,1,F0v2,session2_participant5_gesture16_trial7,16,1.02380838849225e-05,0.0008277593997372406,0.9991276995461872,3.430297019059286e-05
validation,2,5,1,F7_document,session2_participant5_gesture16_trial7,16,0.23256209331491037,0.3284015708104236,0.4101541334440231,0.028882202430643
validation,2,5,1,F0v2+F7_document,session2_participant5_gesture16_trial7,16,0.11628616569939765,0.1646146651050804,0.7046409164951051,0.014458252700416797
validation,2,5,1,F0v2,session2_participant5_gesture17_trial6,17,1.5978918101780448e-05,1.201201884858998e-07,0.0004920621744869638,0.9994918387872228
validation,2,5,1,F7_document,session2_participant5_gesture17_trial6,17,0.039442234311015,0.03784343669178332,0.03872727402053859,0.883987054976663
validation,2,5,1,F0v2+F7_document,session2_participant5_gesture17_trial6,17,0.01972910661455839,0.0189217784059859,0.019609668097512776,0.9417394468819429
validation,2,5,1,F0v2,session2_participant5_gesture17_trial7,17,2.5878695757329346e-05,2.273594415276698e-07,0.0005829504880439513,0.9993909434567572
validation,2,5,1,F7_document,session2_participant5_gesture17_trial7,17,0.04394245411416763,0.04263868465718006,0.04333729858532417,0.8700815626433283
validation,2,5,1,F0v2+F7_document,session2_participant5_gesture17_trial7,17,0.02198416640496248,0.021319456008310797,0.02196012453668406,0.9347362530500427
validation,2,6,1,F0v2,session2_participant6_gesture4_trial6,4,0.49483414741045745,0.09900725095481894,0.40576373533335247,0.00039486630137125847
validation,2,6,1,F7_document,session2_participant6_gesture4_trial6,4,0.3908180022923227,0.32258481277732254,0.28659701713408925,1.67796265582813e-07
validation,2,6,1,F0v2+F7_document,session2_participant6_gesture4_trial6,4,0.4428260748513901,0.21079603186607074,0.3461803762337209,0.00019751704881842063
validation,2,6,1,F0v2,session2_participant6_gesture4_trial7,4,0.7732292558536888,0.036590424492744585,0.16865395441558945,0.02152636523797719
validation,2,6,1,F7_document,session2_participant6_gesture4_trial7,4,0.3777382312198564,0.33540112471375083,0.28684821274425176,1.2431322141003578e-05
validation,2,6,1,F0v2+F7_document,session2_participant6_gesture4_trial7,4,0.5754837435367726,0.1859957746032477,0.2277510835799206,0.010769398280059097
validation,2,6,1,F0v2,session2_participant6_gesture15_trial6,15,0.001308326118814477,0.8891771707687197,0.10937053660499862,0.00014396650746718688
validation,2,6,1,F7_document,session2_participant6_gesture15_trial6,15,0.3924475896395237,0.2947848614927202,0.31276754847920024,3.885559959713326e-10
validation,2,6,1,F0v2+F7_document,session2_participant6_gesture15_trial6,15,0.1968779578791691,0.59198101613072,0.21106904254209943,7.198344801159143e-05
validation,2,6,1,F0v2,session2_participant6_gesture15_trial7,15,7.364407586558904e-05,0.9968835259888441,0.0030423871953897588,4.427399006898386e-07
validation,2,6,1,F7_document,session2_participant6_gesture15_trial7,15,0.3496341848275353,0.3038347512314826,0.3465310636165474,3.2443470535712505e-10
validation,2,6,1,F0v2+F7_document,session2_participant6_gesture15_trial7,15,0.17485391445170043,0.6503591386101634,0.17478672540596857,2.2153216769759786e-07
validation,2,6,1,F0v2,session2_participant6_gesture16_trial6,16,0.004265585879853873,0.0013328155946443524,0.9943877490084232,1.3849517078592918e-05
validation,2,6,1,F7_document,session2_participant6_gesture16_trial6,16,0.3519792481525272,0.34854063229090904,0.29947873369635036,1.3858602133939111e-06
validation,2,6,1,F0v2+F7_document,session2_participant6_gesture16_trial6,16,0.17812241701619053,0.1749367239427767,0.6469332413523867,7.617688645993415e-06
validation,2,6,1,F0v2,session2_participant6_gesture16_trial7,16,0.005151542553807933,0.00032459066403741396,0.9945237960258648,7.075628993063885e-08
validation,2,6,1,F7_document,session2_participant6_gesture16_trial7,16,0.33711182255695626,0.2773161392890317,0.38557203767364523,4.803668529658433e-10
validation,2,6,1,F0v2+F7_document,session2_participant6_gesture16_trial7,16,0.1711316825553821,0.13882036497653455,0.6900479168497551,3.561832839180235e-08
validation,2,6,1,F0v2,session2_participant6_gesture17_trial6,17,1.266121700747476e-05,8.304358086085896e-08,0.0003749675986994221,0.9996122881407121
validation,2,6,1,F7_document,session2_participant6_gesture17_trial6,17,9.065376125047404e-10,8.65595556694464e-10,7.457590014648217e-10,0.9999999974821079
validation,2,6,1,F0v2+F7_document,session2_participant6_gesture17_trial6,17,6.331061772543633e-06,4.195458820877671e-08,0.0001874841722292118,0.99980614281141
validation,2,6,1,F0v2,session2_participant6_gesture17_trial7,17,1.0876501099688596e-05,8.872301924721098e-08,0.00034909363312239845,0.9996399411427586
validation,2,6,1,F7_document,session2_participant6_gesture17_trial7,17,9.070873275461662e-10,8.658749153581131e-10,7.461862873429735e-10,0.9999999974808516
validation,2,6,1,F0v2+F7_document,session2_participant6_gesture17_trial7,17,5.438704093508071e-06,4.479444708128455e-08,0.0001745471896543429,0.9998199693118051
validation,2,7,1,F0v2,session2_participant7_gesture4_trial6,4,0.6741045285538325,0.29551495244949655,0.030380448116659853,7.088001108090324e-08
validation,2,7,1,F7_document,session2_participant7_gesture4_trial6,4,0.37159531343860064,0.38238965359359334,0.23837832307602227,0.0076367098917837035
validation,2,7,1,F0v2+F7_document,session2_participant7_gesture4_trial6,4,0.5228499209962165,0.33895230302154494,0.13437938559634105,0.0038183903858973922
validation,2,7,1,F0v2,session2_participant7_gesture4_trial7,4,0.8772311181500358,0.09446262672896864,0.02830540487438449,8.502466110444473e-07
validation,2,7,1,F7_document,session2_participant7_gesture4_trial7,4,0.41368022707157015,0.3305097177347637,0.24754134263983854,0.008268712553827594
validation,2,7,1,F0v2+F7_document,session2_participant7_gesture4_trial7,4,0.6454556726108029,0.21248617223186617,0.13792337375711153,0.004134781400219319
validation,2,7,1,F0v2,session2_participant7_gesture15_trial6,15,0.001054165940315527,0.9988780804853309,6.775223803710176e-05,1.3363164147381767e-09
validation,2,7,1,F7_document,session2_participant7_gesture15_trial6,15,0.3492799281757998,0.4184449591305756,0.2251183587333455,0.007156753960278917
validation,2,7,1,F0v2+F7_document,session2_participant7_gesture15_trial6,15,0.17516704705805766,0.7086615198079532,0.1125930554856913,0.003578377648297666
validation,2,7,1,F0v2,session2_participant7_gesture15_trial7,15,0.0545964930818079,0.9398651316925449,0.005536606514604045,1.7687110431712902e-06
validation,2,7,1,F7_document,session2_participant7_gesture15_trial7,15,0.3036151911875437,0.36683518549831967,0.3194391778157122,0.010110445498424462
validation,2,7,1,F0v2+F7_document,session2_participant7_gesture15_trial7,15,0.1791058421346758,0.6533501585954323,0.1624878921651581,0.005056107104733817
validation,2,7,1,F0v2,session2_participant7_gesture16_trial6,16,0.004982071823078366,0.007079602168585208,0.9879383188765755,7.131761012470093e-09
validation,2,7,1,F7_document,session2_participant7_gesture16_trial6,16,0.36265145547677763,0.35526713888368017,0.27649534612238597,0.005586059517156138
validation,2,7,1,F0v2+F7_document,session2_participant7_gesture16_trial6,16,0.183816763649928,0.1811733705261327,0.6322168324994807,0.0027930333244585753
validation,2,7,1,F0v2,session2_participant7_gesture16_trial7,16,0.0003645987429093671,5.3843763168043625e-05,0.9995815552041525,2.2897702508985056e-09
validation,2,7,1,F7_document,session2_participant7_gesture16_trial7,16,0.3292007472292023,0.3841576535908513,0.27996579680520045,0.00667580237474596
validation,2,7,1,F0v2+F7_document,session2_participant7_gesture16_trial7,16,0.16478267298605584,0.19210574867700966,0.6397736760046765,0.0033379023322581054
validation,2,7,1,F0v2,session2_participant7_gesture17_trial6,17,5.699106933798341e-06,5.6577949617428195e-08,0.00023198624958136314,0.9997622580655352
validation,2,7,1,F7_document,session2_participant7_gesture17_trial6,17,0.01135502310408313,0.009443865484383319,0.01466368817276913,0.9645374232387643
validation,2,7,1,F0v2+F7_document,session2_participant7_gesture17_trial6,17,0.005680361105508464,0.004721961031166468,0.007447837211175246,0.9821498406521498
validation,2,7,1,F0v2,session2_participant7_gesture17_trial7,17,1.1283721172702524e-05,8.598688564600873e-08,0.000310994202874949,0.9996776360890667
validation,2,7,1,F7_document,session2_participant7_gesture17_trial7,17,0.011319353441379982,0.009376866564447464,0.014603561855532297,0.9647002181386402
validation,2,7,1,F0v2+F7_document,session2_participant7_gesture17_trial7,17,0.005665318581276342,0.004688476275666555,0.007457278029203623,0.9821889271138534
validation,2,8,1,F0v2,session2_participant8_gesture4_trial6,4,0.5500739011658259,0.4167687358511698,0.03311869652788889,3.8666455115436276e-05
validation,2,8,1,F7_document,session2_participant8_gesture4_trial6,4,0.3181424972828843,0.23714626489634286,0.3173530664732738,0.12735817134749908
validation,2,8,1,F0v2+F7_document,session2_participant8_gesture4_trial6,4,0.43410819922435506,0.3269575003737563,0.17523588150058136,0.06369841890130726
validation,2,8,1,F0v2,session2_participant8_gesture4_trial7,4,0.5133796886473289,0.3590141325098791,0.1270338006585637,0.0005723781842283314
validation,2,8,1,F7_document,session2_participant8_gesture4_trial7,4,0.22675630127482113,0.16436734460141617,0.22472436337814017,0.38415199074562256
validation,2,8,1,F0v2+F7_document,session2_participant8_gesture4_trial7,4,0.370067994961075,0.2616907385556476,0.17587908201835195,0.19236218446492545
validation,2,8,1,F0v2,session2_participant8_gesture15_trial6,15,0.10241126763411162,0.864713547290458,0.032846446333299084,2.8738742131313666e-05
validation,2,8,1,F7_document,session2_participant8_gesture15_trial6,15,0.3367879149351772,0.2747108891001815,0.34285925063421885,0.045641945330422644
validation,2,8,1,F0v2+F7_document,session2_participant8_gesture15_trial6,15,0.2195995912846444,0.5697122181953198,0.18785284848375897,0.02283534203627698
validation,2,8,1,F0v2,session2_participant8_gesture15_trial7,15,0.22271654692330478,0.728434134482902,0.048812460552545324,3.68580412478595e-05
validation,2,8,1,F7_document,session2_participant8_gesture15_trial7,15,0.26768710008536584,0.21662876244450163,0.27978812922012447,0.23589600825000806
validation,2,8,1,F0v2+F7_document,session2_participant8_gesture15_trial7,15,0.2452018235043353,0.47253144846370176,0.1643002948863349,0.11796643314562796
validation,2,8,1,F0v2,session2_participant8_gesture16_trial6,16,0.00024352298935840876,0.13157284962045118,0.8681813094542504,2.3179359400436084e-06
validation,2,8,1,F7_document,session2_participant8_gesture16_trial6,16,0.3185727867660017,0.2651718415672558,0.38592467215069765,0.030330699516044814
validation,2,8,1,F0v2+F7_document,session2_participant8_gesture16_trial6,16,0.15940815487768006,0.1983723455938535,0.627052990802474,0.015166508725992428
validation,2,8,1,F0v2,session2_participant8_gesture16_trial7,16,0.0006084944738670607,0.2812064048847002,0.7181849313609463,1.6928048641902302e-07
validation,2,8,1,F7_document,session2_participant8_gesture16_trial7,16,0.3061800040514523,0.2735212832502538,0.37850708783313447,0.041791624865159374
validation,2,8,1,F0v2+F7_document,session2_participant8_gesture16_trial7,16,0.15339424926265968,0.27736384406747705,0.5483460095970404,0.020895897072822897
validation,2,8,1,F0v2,session2_participant8_gesture17_trial6,17,0.00031604954106450423,1.159465732270405e-06,0.002409609739823059,0.99727318125338
validation,2,8,1,F7_document,session2_participant8_gesture17_trial6,17,0.0009170327930681089,0.0005672132441942806,0.0008120235159147878,0.9977037304468229
validation,2,8,1,F0v2+F7_document,session2_participant8_gesture17_trial6,17,0.0006165411670663066,0.0002841863549632755,0.0016108166278689235,0.9974884558501015
validation,2,8,1,F0v2,session2_participant8_gesture17_trial7,17,1.385814937455197e-05,9.768844233956011e-08,0.00027554111689920426,0.9997105030452837
validation,2,8,1,F7_document,session2_participant8_gesture17_trial7,17,0.0006037225676671781,0.000371727276479266,0.0005351811725913242,0.9984893689832621
validation,2,8,1,F0v2+F7_document,session2_participant8_gesture17_trial7,17,0.00030879035852086504,0.00018591248246080277,0.0004053611447452642,0.9990999360142729
validation,2,1,2,F0v2,session2_participant1_gesture4_trial6,4,0.9182234057153392,0.07613292663660359,0.005286628198943691,0.0003570394491134712
validation,2,1,2,F7_document,session2_participant1_gesture4_trial6,4,0.39620709397908305,0.2757903267396005,0.13383529456520163,0.19416728471611464
validation,2,1,2,F0v2+F7_document,session2_participant1_gesture4_trial6,4,0.6572152498472111,0.17596162668810206,0.06956096138207266,0.09726216208261405
validation,2,1,2,F0v2,session2_participant1_gesture4_trial7,4,0.7337440738059755,0.2623037760231761,0.003946656739336941,5.493431511414711e-06
validation,2,1,2,F7_document,session2_participant1_gesture4_trial7,4,0.3359577886676748,0.3423461763991189,0.168491231980529,0.15320480295267727
validation,2,1,2,F0v2+F7_document,session2_participant1_gesture4_trial7,4,0.5348509312368251,0.3023249762111475,0.08621894435993298,0.07660514819209434
validation,2,1,2,F0v2,session2_participant1_gesture15_trial6,15,0.0637788231455486,0.9242508576449557,0.011939871328588933,3.0447880906538407e-05
validation,2,1,2,F7_document,session2_participant1_gesture15_trial6,15,0.4054851076484791,0.27248809856767436,0.15128638020602378,0.17074041357782285
validation,2,1,2,F0v2+F7_document,session2_participant1_gesture15_trial6,15,0.23463196539701386,0.598369478106315,0.08161312576730635,0.08538543072936469
validation,2,1,2,F0v2,session2_participant1_gesture15_trial7,15,0.015679483091424622,0.9790422339360663,0.0052762747342578525,2.0082382513910226e-06
validation,2,1,2,F7_document,session2_participant1_gesture15_trial7,15,0.3521715468482388,0.3189021951317008,0.17490917335525097,0.15401708466480935
validation,2,1,2,F0v2+F7_document,session2_participant1_gesture15_trial7,15,0.18392551496983173,0.6489722145338835,0.09009272404475441,0.07700954645153037
validation,2,1,2,F0v2,session2_participant1_gesture16_trial6,16,1.2681042227490831e-05,0.004610379220790989,0.9953766817375425,2.5799943900892723e-07
validation,2,1,2,F7_document,session2_participant1_gesture16_trial6,16,0.2413118311302291,0.2501550422888389,0.3747628552522561,0.13377027132867578
validation,2,1,2,F0v2+F7_document,session2_participant1_gesture16_trial6,16,0.1206622560862283,0.12738271075481494,0.6850697684948993,0.06688526466405739
validation,2,1,2,F0v2,session2_participant1_gesture16_trial7,16,4.0489275333835766e-05,0.01082849133580075,0.9891307635263769,2.558624884074828e-07
validation,2,1,2,F7_document,session2_participant1_gesture16_trial7,16,0.24218232445184487,0.2941094442433202,0.3324641296512892,0.1312441016535457
validation,2,1,2,F0v2+F7_document,session2_participant1_gesture16_trial7,16,0.12111140686358936,0.15246896778956048,0.660797446588833,0.06562217875801706
validation,2,1,2,F0v2,session2_participant1_gesture17_trial6,17,0.00643950537782557,0.01096712195679882,0.029747847370388287,0.9528455252949873
validation,2,1,2,F7_document,session2_participant1_gesture17_trial6,17,0.25558234389638,0.21918957427216273,0.10911301298359453,0.4161150688478628
validation,2,1,2,F0v2+F7_document,session2_participant1_gesture17_trial6,17,0.1310109246371028,0.11507834811448078,0.06943043017699141,0.6844802970714251
validation,2,1,2,F0v2,session2_participant1_gesture17_trial7,17,0.0006756388676874861,0.0011081840579729393,0.0027393175835897154,0.9954768594907499
validation,2,1,2,F7_document,session2_participant1_gesture17_trial7,17,0.22012134932604208,0.2009823368317261,0.09944583529899932,0.47945047854323253
validation,2,1,2,F0v2+F7_document,session2_participant1_gesture17_trial7,17,0.11039849409686478,0.10104526044484952,0.051092576441294515,0.7374636690169912
validation,2,2,2,F0v2,session2_participant2_gesture4_trial6,4,0.9585113014042087,0.039788180298854954,0.0015808594155919881,0.00011965888134421808
validation,2,2,2,F7_document,session2_participant2_gesture4_trial6,4,0.33471956688651405,0.3746398266540849,0.17313180118744897,0.11750880527195207
validation,2,2,2,F0v2+F7_document,session2_participant2_gesture4_trial6,4,0.6466154341453614,0.20721400347646993,0.08735633030152049,0.05881423207664814
validation,2,2,2,F0v2,session2_participant2_gesture4_trial7,4,0.6448510869834501,0.35315059931124987,0.0019958779281784864,2.4357771215610326e-06
validation,2,2,2,F7_document,session2_participant2_gesture4_trial7,4,0.3823575817286781,0.3199462303866777,0.1903558550861163,0.10734033279852791
validation,2,2,2,F0v2+F7_document,session2_participant2_gesture4_trial7,4,0.5136043343560641,0.3365484148489638,0.09617586650714739,0.05367138428782473
validation,2,2,2,F0v2,session2_participant2_gesture15_trial6,15,9.163416878701912e-05,0.9994617896169535,0.0003402849473366879,0.0001062912669227685
validation,2,2,2,F7_document,session2_participant2_gesture15_trial6,15,0.38671254100354363,0.33490671990740756,0.1604089907644039,0.11797174832464481
validation,2,2,2,F0v2+F7_document,session2_participant2_gesture15_trial6,15,0.1934020875861653,0.6671842547621806,0.08037463785587029,0.05903901979578379
validation,2,2,2,F0v2,session2_participant2_gesture15_trial7,15,6.6909396766638774e-06,0.999977734961331,1.2544284461088135e-05,3.0298145312604305e-06
validation,2,2,2,F7_document,session2_participant2_gesture15_trial7,15,0.31106233423174884,0.3927357441791378,0.17940003584203182,0.11680188574708149
validation,2,2,2,F0v2+F7_document,session2_participant2_gesture15_trial7,15,0.15553451258571274,0.6963567395702344,0.08970629006324646,0.058402457780806376
validation,2,2,2,F0v2,session2_participant2_gesture16_trial6,16,3.793820336509324e-05,0.07878854393953062,0.9211735155933163,2.263787985187208e-09
validation,2,2,2,F7_document,session2_participant2_gesture16_trial6,16,0.23849567462719246,0.2741726228822705,0.3700031191528903,0.11732858333764673
validation,2,2,2,F0v2+F7_document,session2_participant2_gesture16_trial6,16,0.11926680641527877,0.17648058341090056,0.6455883173731033,0.05866429280071736
validation,2,2,2,F0v2,session2_participant2_gesture16_trial7,16,6.003058859599783e-05,0.059393669291424256,0.9405462001750252,9.994495475626171e-08
validation,2,2,2,F7_document,session2_participant2_gesture16_trial7,16,0.24337977686464188,0.27898794418910394,0.33642344663642,0.1412088323098342
validation,2,2,2,F0v2+F7_document,session2_participant2_gesture16_trial7,16,0.12171990372661894,0.1691908067402641,0.6384848234057225,0.07060446612739447
validation,2,2,2,F0v2,session2_participant2_gesture17_trial6,17,0.0023415094252352215,1.701220767460008e-05,2.2543459279831174e-05,0.9976189349078104
validation,2,2,2,F7_document,session2_participant2_gesture17_trial6,17,0.17333658525304352,0.17703736874983522,0.11103479514548445,0.5385912508516368
validation,2,2,2,F0v2+F7_document,session2_participant2_gesture17_trial6,17,0.08783904733913937,0.08852719047875492,0.05552866930238214,0.7681050928797236
validation,2,2,2,F0v2,session2_participant2_gesture17_trial7,17,0.0007207630649698843,4.929001680960283e-06,2.5008678869965436e-05,0.9992492992544791
validation,2,2,2,F7_document,session2_participant2_gesture17_trial7,17,0.1604915623442122,0.16506123765708933,0.10628404008131973,0.5681631599173788
validation,2,2,2,F0v2+F7_document,session2_participant2_gesture17_trial7,17,0.08060616270459103,0.08253308332938514,0.053154524380094846,0.783706229585929
validation,2,3,2,F0v2,session2_participant3_gesture4_trial6,4,0.9845312591564914,0.014351086965631067,0.0011176071334659894,4.6744411452615265e-08
validation,2,3,2,F7_document,session2_participant3_gesture4_trial6,4,0.41098390484749336,0.2726829841769202,0.2271200763111099,0.0892130346644766
validation,2,3,2,F0v2+F7_document,session2_participant3_gesture4_trial6,4,0.6977575820019923,0.14351703557127565,0.11411884172228794,0.044606540704444024
validation,2,3,2,F0v2,session2_participant3_gesture4_trial7,4,0.9902050579729655,0.009466455498579794,0.0003284856509496597,8.775050347966938e-10
validation,2,3,2,F7_document,session2_participant3_gesture4_trial7,4,0.3749367776810621,0.34993679069382083,0.19402847931522899,0.0810979523098881
validation,2,3,2,F0v2+F7_document,session2_participant3_gesture4_trial7,4,0.6825709178270138,0.1797016230962003,0.09717848248308933,0.04054897659369657
validation,2,3,2,F0v2,session2_participant3_gesture15_trial6,15,0.012420904635576291,0.9875301445112404,4.8948048424352953e-05,2.8047590524930093e-09
validation,2,3,2,F7_document,session2_participant3_gesture15_trial6,15,0.26899550405465067,0.5163954582035661,0.14736036945984532,0.06724866828193785
validation,2,3,2,F0v2+F7_document,session2_participant3_gesture15_trial6,15,0.14070820434511347,0.7519628013574033,0.07370465875413483,0.03362433554334845
validation,2,3,2,F0v2,session2_participant3_gesture15_trial7,15,0.021727640627575075,0.977906777575708,0.00036538629870224386,1.9549801441842207e-07
validation,2,3,2,F7_document,session2_participant3_gesture15_trial7,15,0.27094943767994994,0.5013018901199064,0.15407429567308312,0.0736743765270604
validation,2,3,2,F0v2+F7_document,session2_participant3_gesture15_trial7,15,0.14633853915376252,0.7396043338478072,0.07721984098589268,0.036837286012537405
validation,2,3,2,F0v2,session2_participant3_gesture16_trial6,16,0.00010707544097663742,0.0006590102522139342,0.9992338381625461,7.614426320959469e-08
validation,2,3,2,F7_document,session2_participant3_gesture16_trial6,16,0.30959032693921507,0.43739935915558686,0.17470540316290137,0.07830491074229667
validation,2,3,2,F0v2+F7_document,session2_participant3_gesture16_trial6,16,0.15484870119009586,0.2190291847039004,0.5869696206627237,0.039152493443279944
validation,2,3,2,F0v2,session2_participant3_gesture16_trial7,16,0.07125315712030511,0.0957842850262725,0.8329597669758645,2.7908775577990736e-06
validation,2,3,2,F7_document,session2_participant3_gesture16_trial7,16,0.381227316470929,0.2929297642109905,0.245338971255292,0.08050394806278863
validation,2,3,2,F0v2+F7_document,session2_participant3_gesture16_trial7,16,0.22624023679561706,0.1943570246186315,0.5391493691155782,0.04025336947017321
validation,2,3,2,F0v2,session2_participant3_gesture17_trial6,17,1.3049417449561702e-05,9.689000396106136e-08,0.0003056979558174459,0.999681155736729
validation,2,3,2,F7_document,session2_participant3_gesture17_trial6,17,0.11603894966493081,0.07213770280488263,0.20003504386290405,0.6117883036672824
validation,2,3,2,F0v2+F7_document,session2_participant3_gesture17_trial6,17,0.058025999541190185,0.0360688998474433,0.10017037090936075,0.8057347297020057
validation,2,3,2,F0v2,session2_participant3_gesture17_trial7,17,2.0642420093044745e-05,1.3184118875547437e-07,0.0004388539097999482,0.9995403718289182
validation,2,3,2,F7_document,session2_participant3_gesture17_trial7,17,0.11757850905945245,0.07309566588400958,0.2039279107054842,0.6053979143510538
validation,2,3,2,F0v2+F7_document,session2_participant3_gesture17_trial7,17,0.05879957573977275,0.03654789886259917,0.10218338230764207,0.802469143089986
validation,2,4,2,F0v2,session2_participant4_gesture4_trial6,4,0.9516015579614732,0.0020909034185869167,0.04608380244805432,0.00022373617188550538
validation,2,4,2,F7_document,session2_participant4_gesture4_trial6,4,0.4731911127366056,0.23485043446964138,0.2022557410273656,0.08970271176638747
validation,2,4,2,F0v2+F7_document,session2_participant4_gesture4_trial6,4,0.7123963353490393,0.11847066894411415,0.12416977173770996,0.04496322396913649
validation,2,4,2,F0v2,session2_participant4_gesture4_trial7,4,0.9738080247346891,0.010537288851102099,0.015651397727640102,3.288686568624809e-06
validation,2,4,2,F7_document,session2_participant4_gesture4_trial7,4,0.5093793027741323,0.22654723785813177,0.1836792938006518,0.08039416556708404
validation,2,4,2,F0v2+F7_document,session2_participant4_gesture4_trial7,4,0.7415936637544107,0.11854226335461694,0.09966534576414594,0.04019872712682633
validation,2,4,2,F0v2,session2_participant4_gesture15_trial6,15,0.0016906537329905169,0.9949527538606856,0.003356488581364534,1.0382495924615648e-07
validation,2,4,2,F7_document,session2_participant4_gesture15_trial6,15,0.3724119641770886,0.32917888307152365,0.20718461087367002,0.09122454187771761
validation,2,4,2,F0v2+F7_document,session2_participant4_gesture15_trial6,15,0.18705130895503957,0.6620658184661046,0.10527054972751727,0.04561232285133843
validation,2,4,2,F0v2,session2_participant4_gesture15_trial7,15,0.03723960566424407,0.9081330911372469,0.05430153473576587,0.0003257684627432266
validation,2,4,2,F7_document,session2_participant4_gesture15_trial7,15,0.1839151309472257,0.3412925183952113,0.2822418760634753,0.19255047459408783
validation,2,4,2,F0v2+F7_document,session2_participant4_gesture15_trial7,15,0.11057736830573489,0.6247128047662291,0.16827170539962058,0.09643812152841554
validation,2,4,2,F0v2,session2_participant4_gesture16_trial6,16,0.03741445753464151,0.004955208215622089,0.9574863808888608,0.00014395336087549832
validation,2,4,2,F7_document,session2_participant4_gesture16_trial6,16,0.20130591556427796,0.3473543133351901,0.31581501700064174,0.1355247540998901
validation,2,4,2,F0v2+F7_document,session2_participant4_gesture16_trial6,16,0.11936018654945973,0.1761547607754061,0.6366506989447513,0.0678343537303828
validation,2,4,2,F0v2,session2_participant4_gesture16_trial7,16,0.060138694949291485,0.0014436840620503102,0.9118264841950523,0.026591136793605908
validation,2,4,2,F7_document,session2_participant4_gesture16_trial7,16,0.16111758790340378,0.2718073212931459,0.3226687270560813,0.2444063637473691
validation,2,4,2,F0v2+F7_document,session2_participant4_gesture16_trial7,16,0.11062814142634764,0.1366255026775981,0.6172476056255668,0.1354987502704875
validation,2,4,2,F0v2,session2_participant4_gesture17_trial6,17,0.00015708462619866724,4.3193854808004923e-07,0.0026766783699709064,0.9971658050652824
validation,2,4,2,F7_document,session2_participant4_gesture17_trial6,17,0.09219806526819851,0.14626698586750203,0.18878444582804157,0.5727505030362579
validation,2,4,2,F0v2+F7_document,session2_participant4_gesture17_trial6,17,0.04617757494719859,0.07313370890302505,0.09573056209900624,0.7849581540507702
validation,2,4,2,F0v2,session2_participant4_gesture17_trial7,17,0.0005260726188458245,8.00451832115904e-07,0.0057309060096053,0.9937422209197168
validation,2,4,2,F7_document,session2_participant4_gesture17_trial7,17,0.09406996695810375,0.15002993142097992,0.1949199363990058,0.5609801652219105
validation,2,4,2,F0v2+F7_document,session2_participant4_gesture17_trial7,17,0.04729801978847479,0.07501536593640602,0.10032542120430554,0.7773611930708136
validation,2,5,2,F0v2,session2_participant5_gesture4_trial6,4,0.5187708494471411,0.036923903328668385,0.44213384580514886,0.002171401419041691
validation,2,5,2,F7_document,session2_participant5_gesture4_trial6,4,0.3643766143221035,0.3096847040832843,0.29332703808247707,0.03261164351213518
validation,2,5,2,F0v2+F7_document,session2_participant5_gesture4_trial6,4,0.44157373188462234,0.17330430370597635,0.367730441943813,0.017391522465588435
validation,2,5,2,F0v2,session2_participant5_gesture4_trial7,4,0.45808666100418055,0.01947676292983523,0.5218669979353184,0.0005695781306657778
validation,2,5,2,F7_document,session2_participant5_gesture4_trial7,4,0.332146405022213,0.32571517871029254,0.3221093245715998,0.020029091695894594
validation,2,5,2,F0v2+F7_document,session2_participant5_gesture4_trial7,4,0.39511653301319677,0.1725959708200639,0.4219881612534591,0.010299334913280186
validation,2,5,2,F0v2,session2_participant5_gesture15_trial6,15,0.372743530297802,0.5989635130533276,0.02314495840591613,0.0051479982429543155
validation,2,5,2,F7_document,session2_participant5_gesture15_trial6,15,0.3112879542865952,0.4160933557957237,0.2554123614318742,0.017206328485806877
validation,2,5,2,F0v2+F7_document,session2_participant5_gesture15_trial6,15,0.3420157422921986,0.5075284344245257,0.13927865991889515,0.011177163364380596
validation,2,5,2,F0v2,session2_participant5_gesture15_trial7,15,0.6206096334802444,0.28028080891527085,0.09905690962354746,5.26479809371046e-05
validation,2,5,2,F7_document,session2_participant5_gesture15_trial7,15,0.4155574028691695,0.3021797779955566,0.2699884092018698,0.012274409933404055
validation,2,5,2,F0v2+F7_document,session2_participant5_gesture15_trial7,15,0.518083518174707,0.29123029345541374,0.18452265941270862,0.00616352895717058
validation,2,5,2,F0v2,session2_participant5_gesture16_trial6,16,0.21258760817422653,0.17705557796168198,0.6103422841029089,1.4529761182634802e-05
validation,2,5,2,F7_document,session2_participant5_gesture16_trial6,16,0.31075624537836716,0.31449193376302703,0.36105871274650886,0.01369310811209684
validation,2,5,2,F0v2+F7_document,session2_participant5_gesture16_trial6,16,0.26167192677629686,0.2457737558623545,0.48570049842470886,0.006853818936639737
validation,2,5,2,F0v2,session2_participant5_gesture16_trial7,16,1.02380838849225e-05,0.0008277593997372406,0.9991276995461872,3.430297019059286e-05
validation,2,5,2,F7_document,session2_participant5_gesture16_trial7,16,0.2523108581030372,0.29860927311833285,0.43085610932326696,0.01822375945536296
validation,2,5,2,F0v2+F7_document,session2_participant5_gesture16_trial7,16,0.12616054809346106,0.14971851625903504,0.714991904434727,0.009129031212776778
validation,2,5,2,F0v2,session2_participant5_gesture17_trial6,17,1.5978918101780448e-05,1.201201884858998e-07,0.0004920621744869638,0.9994918387872228
validation,2,5,2,F7_document,session2_participant5_gesture17_trial6,17,0.01919184664748807,0.020470284934036152,0.019152235592859147,0.9411856328256165
validation,2,5,2,F0v2+F7_document,session2_participant5_gesture17_trial6,17,0.009603912782794925,0.01023520252711232,0.009822148883673056,0.9703387358064197
validation,2,5,2,F0v2,session2_participant5_gesture17_trial7,17,2.5878695757329346e-05,2.273594415276698e-07,0.0005829504880439513,0.9993909434567572
validation,2,5,2,F7_document,session2_participant5_gesture17_trial7,17,0.020769302499538976,0.022294459469918718,0.020871457404617162,0.9360647806259251
validation,2,5,2,F0v2+F7_document,session2_participant5_gesture17_trial7,17,0.010397590597648153,0.011147343414680122,0.010727203946330557,0.9677278620413412
validation,2,6,2,F0v2,session2_participant6_gesture4_trial6,4,0.49483414741045745,0.09900725095481894,0.40576373533335247,0.00039486630137125847
validation,2,6,2,F7_document,session2_participant6_gesture4_trial6,4,0.3931382185077068,0.2996909195029034,0.18700724698776572,0.12016361500162412
validation,2,6,2,F0v2+F7_document,session2_participant6_gesture4_trial6,4,0.4439861829590821,0.19934908522886116,0.2963854911605591,0.06027924065149769
validation,2,6,2,F0v2,session2_participant6_gesture4_trial7,4,0.7732292558536888,0.036590424492744585,0.16865395441558945,0.02152636523797719
validation,2,6,2,F7_document,session2_participant6_gesture4_trial7,4,0.43466842112465726,0.2425579193849851,0.16569245989588352,0.15708119959447395
validation,2,6,2,F0v2+F7_document,session2_participant6_gesture4_trial7,4,0.603948838489173,0.13957417193886484,0.16717320715573647,0.08930378241622557
validation,2,6,2,F0v2,session2_participant6_gesture15_trial6,15,0.001308326118814477,0.8891771707687197,0.10937053660499862,0.00014396650746718688
validation,2,6,2,F7_document,session2_participant6_gesture15_trial6,15,0.3780695260256065,0.32051225828814256,0.19021028238642457,0.11120793329982637
validation,2,6,2,F0v2+F7_document,session2_participant6_gesture15_trial6,15,0.1896889260722105,0.6048447145284311,0.1497904094957116,0.05567594990364678
validation,2,6,2,F0v2,session2_participant6_gesture15_trial7,15,7.364407586558904e-05,0.9968835259888441,0.0030423871953897588,4.427399006898386e-07
validation,2,6,2,F7_document,session2_participant6_gesture15_trial7,15,0.292826614476569,0.40435196695272174,0.2217441830155442,0.08107723555516498
validation,2,6,2,F0v2+F7_document,session2_participant6_gesture15_trial7,15,0.14645012927621728,0.7006177464707829,0.11239328510546698,0.04053883914753283
validation,2,6,2,F0v2,session2_participant6_gesture16_trial6,16,0.004265585879853873,0.0013328155946443524,0.9943877490084232,1.3849517078592918e-05
validation,2,6,2,F7_document,session2_participant6_gesture16_trial6,16,0.3162284223172472,0.32396749419558823,0.27286569257633103,0.08693839091083348
validation,2,6,2,F0v2+F7_document,session2_participant6_gesture16_trial6,16,0.16024700409855053,0.1626501548951163,0.6336267207923771,0.04347612021395604
validation,2,6,2,F0v2,session2_participant6_gesture16_trial7,16,0.005151542553807933,0.00032459066403741396,0.9945237960258648,7.075628993063885e-08
validation,2,6,2,F7_document,session2_participant6_gesture16_trial7,16,0.26463859880783697,0.3629689539580906,0.29398410112227824,0.07840834611179429
validation,2,6,2,F0v2+F7_document,session2_participant6_gesture16_trial7,16,0.13489507068082246,0.181646772311064,0.6442539485740715,0.039204208434042105
validation,2,6,2,F0v2,session2_participant6_gesture17_trial6,17,1.266121700747476e-05,8.304358086085896e-08,0.0003749675986994221,0.9996122881407121
validation,2,6,2,F7_document,session2_participant6_gesture17_trial6,17,0.1666686100972163,0.09121398378915015,0.07340972784553905,0.6687076782680945
validation,2,6,2,F0v2+F7_document,session2_participant6_gesture17_trial6,17,0.08334063565711189,0.0456070334163655,0.03689234772211924,0.8341599832044033
validation,2,6,2,F0v2,session2_participant6_gesture17_trial7,17,1.0876501099688596e-05,8.872301924721098e-08,0.00034909363312239845,0.9996399411427586
validation,2,6,2,F7_document,session2_participant6_gesture17_trial7,17,0.1667008494511445,0.0912827018679863,0.07336110132541532,0.668655347355454
validation,2,6,2,F0v2+F7_document,session2_participant6_gesture17_trial7,17,0.08335586297612209,0.045641395295502776,0.03685509747926886,0.8341476442491063
validation,2,7,2,F0v2,session2_participant7_gesture4_trial6,4,0.6741045285538325,0.29551495244949655,0.030380448116659853,7.088001108090324e-08
validation,2,7,2,F7_document,session2_participant7_gesture4_trial6,4,0.2845949516323239,0.38061273377086635,0.3215547392967678,0.013237575300042036
validation,2,7,2,F0v2+F7_document,session2_participant7_gesture4_trial6,4,0.4793497400930782,0.33806384311018145,0.17596759370671383,0.0066188230900265585
validation,2,7,2,F0v2,session2_participant7_gesture4_trial7,4,0.8772311181500358,0.09446262672896864,0.02830540487438449,8.502466110444473e-07
validation,2,7,2,F7_document,session2_participant7_gesture4_trial7,4,0.34059956406445513,0.3719541715734035,0.2706236911213003,0.01682257324084098
validation,2,7,2,F0v2+F7_document,session2_participant7_gesture4_trial7,4,0.6089153411072454,0.23320839915118607,0.1494645479978424,0.008411711743726012
validation,2,7,2,F0v2,session2_participant7_gesture15_trial6,15,0.001054165940315527,0.9988780804853309,6.775223803710176e-05,1.3363164147381767e-09
validation,2,7,2,F7_document,session2_participant7_gesture15_trial6,15,0.2666990006538476,0.40921676456480294,0.31145726079230934,0.012626973989040113
validation,2,7,2,F0v2+F7_document,session2_participant7_gesture15_trial6,15,0.13387658329708158,0.7040474225250669,0.15576250651517323,0.006313487662678264
validation,2,7,2,F0v2,session2_participant7_gesture15_trial7,15,0.0545964930818079,0.9398651316925449,0.005536606514604045,1.7687110431712902e-06
validation,2,7,2,F7_document,session2_participant7_gesture15_trial7,15,0.33575634821472466,0.3674523234912016,0.2798848426671301,0.016906485626943718
validation,2,7,2,F0v2+F7_document,session2_participant7_gesture15_trial7,15,0.1951764206482663,0.6536587275918733,0.14271072459086706,0.008454127168993445
validation,2,7,2,F0v2,session2_participant7_gesture16_trial6,16,0.004982071823078366,0.007079602168585208,0.9879383188765755,7.131761012470093e-09
validation,2,7,2,F7_document,session2_participant7_gesture16_trial6,16,0.2580026058025157,0.28913151901795997,0.44135292157813827,0.011512953601386159
validation,2,7,2,F0v2+F7_document,session2_participant7_gesture16_trial6,16,0.13149233881279704,0.1481055605932726,0.7146456202273569,0.005756480366573585
validation,2,7,2,F0v2,session2_participant7_gesture16_trial7,16,0.0003645987429093671,5.3843763168043625e-05,0.9995815552041525,2.2897702508985056e-09
validation,2,7,2,F7_document,session2_participant7_gesture16_trial7,16,0.2642855475222647,0.3540874233446231,0.36982261679284234,0.011804412340269858
validation,2,7,2,F0v2+F7_document,session2_participant7_gesture16_trial7,16,0.13232507313258704,0.17707063355389557,0.6847020859984974,0.005902207315020054
validation,2,7,2,F0v2,session2_participant7_gesture17_trial6,17,5.699106933798341e-06,5.6577949617428195e-08,0.00023198624958136314,0.9997622580655352
validation,2,7,2,F7_document,session2_participant7_gesture17_trial6,17,0.02698528971775356,0.017674109542266985,0.01633070977118658,0.939009890968793
validation,2,7,2,F0v2+F7_document,session2_participant7_gesture17_trial6,17,0.01349549441234368,0.008837083060108301,0.00828134801038397,0.9693860745171641
validation,2,7,2,F0v2,session2_participant7_gesture17_trial7,17,1.1283721172702524e-05,8.598688564600873e-08,0.000310994202874949,0.9996776360890667
validation,2,7,2,F7_document,session2_participant7_gesture17_trial7,17,0.027479534878142784,0.01791430447204161,0.016570513334290535,0.9380356473155251
validation,2,7,2,F0v2+F7_document,session2_participant7_gesture17_trial7,17,0.013745409299657743,0.008957195229463628,0.008440753768582741,0.9688566417022959
validation,2,8,2,F0v2,session2_participant8_gesture4_trial6,4,0.5500739011658259,0.4167687358511698,0.03311869652788889,3.8666455115436276e-05
validation,2,8,2,F7_document,session2_participant8_gesture4_trial6,4,0.3912148995944142,0.1546011263305764,0.3093238886208711,0.14486008545413834
validation,2,8,2,F0v2+F7_document,session2_participant8_gesture4_trial6,4,0.47064440038012,0.2856849310908731,0.17122129257438,0.07244937595462689
validation,2,8,2,F0v2,session2_participant8_gesture4_trial7,4,0.5133796886473289,0.3590141325098791,0.1270338006585637,0.0005723781842283314
validation,2,8,2,F7_document,session2_participant8_gesture4_trial7,4,0.33261168409576547,0.1367032417839694,0.27624418207477897,0.2544408920454861
validation,2,8,2,F0v2+F7_document,session2_participant8_gesture4_trial7,4,0.42299568637154716,0.24785868714692427,0.20163899136667135,0.12750663511485721
validation,2,8,2,F0v2,session2_participant8_gesture15_trial6,15,0.10241126763411162,0.864713547290458,0.032846446333299084,2.8738742131313666e-05
validation,2,8,2,F7_document,session2_participant8_gesture15_trial6,15,0.40637581342752893,0.1696809003680971,0.3236936876380413,0.10024959856633264
validation,2,8,2,F0v2+F7_document,session2_participant8_gesture15_trial6,15,0.2543935405308203,0.5171972238292776,0.1782700669856702,0.05013916865423198
validation,2,8,2,F0v2,session2_participant8_gesture15_trial7,15,0.22271654692330478,0.728434134482902,0.048812460552545324,3.68580412478595e-05
validation,2,8,2,F7_document,session2_participant8_gesture15_trial7,15,0.3717457254894623,0.15192482218307446,0.3066848376013481,0.1696446147261153
validation,2,8,2,F0v2+F7_document,session2_participant8_gesture15_trial7,15,0.29723113620638353,0.4401794783329882,0.17774864907694674,0.08484073638368159
validation,2,8,2,F0v2,session2_participant8_gesture16_trial6,16,0.00024352298935840876,0.13157284962045118,0.8681813094542504,2.3179359400436084e-06
validation,2,8,2,F7_document,session2_participant8_gesture16_trial6,16,0.37433807167309835,0.17851551735503024,0.3876579541346084,0.05948845683726289
validation,2,8,2,F0v2+F7_document,session2_participant8_gesture16_trial6,16,0.1872907973312284,0.1550441834877407,0.6279196317944294,0.029745387386601468
validation,2,8,2,F0v2,session2_participant8_gesture16_trial7,16,0.0006084944738670607,0.2812064048847002,0.7181849313609463,1.6928048641902302e-07
validation,2,8,2,F7_document,session2_participant8_gesture16_trial7,16,0.3766765652991122,0.18077278479048978,0.3780099770226097,0.06454067288778836
validation,2,8,2,F0v2+F7_document,session2_participant8_gesture16_trial7,16,0.18864252988648963,0.230989594837595,0.548097454191778,0.03227042108413739
validation,2,8,2,F0v2,session2_participant8_gesture17_trial6,17,0.00031604954106450423,1.159465732270405e-06,0.002409609739823059,0.99727318125338
validation,2,8,2,F7_document,session2_participant8_gesture17_trial6,17,0.0563164996759982,0.032197001039890955,0.05242830557152897,0.859058193712582
validation,2,8,2,F0v2+F7_document,session2_participant8_gesture17_trial6,17,0.028316274608531353,0.016099080252811614,0.027418957655676014,0.928165687482981
validation,2,8,2,F0v2,session2_participant8_gesture17_trial7,17,1.385814937455197e-05,9.768844233956011e-08,0.00027554111689920426,0.9997105030452837
validation,2,8,2,F7_document,session2_participant8_gesture17_trial7,17,0.055791272520300354,0.03279064311548892,0.05254615055410139,0.8588719338101093
validation,2,8,2,F0v2+F7_document,session2_participant8_gesture17_trial7,17,0.027902565334837454,0.01639537040196563,0.026410845835500296,0.9292912184276965
validation,2,1,5,F0v2,session2_participant1_gesture4_trial6,4,0.9182234057153392,0.07613292663660359,0.005286628198943691,0.0003570394491134712
validation,2,1,5,F7_document,session2_participant1_gesture4_trial6,4,0.3907437539886806,0.2687191098423349,0.14569493309848672,0.19484220307049774
validation,2,1,5,F0v2+F7_document,session2_participant1_gesture4_trial6,4,0.6544835798520099,0.17242601823946924,0.0754907806487152,0.0975996212598056
validation,2,1,5,F0v2,session2_participant1_gesture4_trial7,4,0.7337440738059755,0.2623037760231761,0.003946656739336941,5.493431511414711e-06
validation,2,1,5,F7_document,session2_participant1_gesture4_trial7,4,0.3092493365962545,0.35837874353194166,0.19028611356044808,0.14208580631135576
validation,2,1,5,F0v2+F7_document,session2_participant1_gesture4_trial7,4,0.521496705201115,0.3103412597775589,0.09711638514989251,0.07104564987143358
validation,2,1,5,F0v2,session2_participant1_gesture15_trial6,15,0.0637788231455486,0.9242508576449557,0.011939871328588933,3.0447880906538407e-05
validation,2,1,5,F7_document,session2_participant1_gesture15_trial6,15,0.4090634629238669,0.26325627145852365,0.16481991104088584,0.16286035457672343
validation,2,1,5,F0v2+F7_document,session2_participant1_gesture15_trial6,15,0.23642114303470776,0.5937535645517397,0.08837989118473738,0.08144540122881498
validation,2,1,5,F0v2,session2_participant1_gesture15_trial7,15,0.015679483091424622,0.9790422339360663,0.0052762747342578525,2.0082382513910226e-06
validation,2,1,5,F7_document,session2_participant1_gesture15_trial7,15,0.3284614368164424,0.3296633334242377,0.1994808175013128,0.14239441225800703
validation,2,1,5,F0v2+F7_document,session2_participant1_gesture15_trial7,15,0.17207045995393352,0.6543527836801519,0.10237854611778532,0.07119821024812921
validation,2,1,5,F0v2,session2_participant1_gesture16_trial6,16,1.2681042227490831e-05,0.004610379220790989,0.9953766817375425,2.5799943900892723e-07
validation,2,1,5,F7_document,session2_participant1_gesture16_trial6,16,0.20357549085740678,0.2214692300005692,0.45739035708332654,0.11756492205869748
validation,2,1,5,F0v2+F7_document,session2_participant1_gesture16_trial6,16,0.10179408594981713,0.1130398046106801,0.7263835194104344,0.058782590029068243
validation,2,1,5,F0v2,session2_participant1_gesture16_trial7,16,4.0489275333835766e-05,0.01082849133580075,0.9891307635263769,2.558624884074828e-07
validation,2,1,5,F7_document,session2_participant1_gesture16_trial7,16,0.20359793045787555,0.2683379368751181,0.4141104248848783,0.11395370778212811
validation,2,1,5,F0v2+F7_document,session2_participant1_gesture16_trial7,16,0.1018192098666047,0.13958321410545943,0.7016205942056276,0.05697698182230826
validation,2,1,5,F0v2,session2_participant1_gesture17_trial6,17,0.00643950537782557,0.01096712195679882,0.029747847370388287,0.9528455252949873
validation,2,1,5,F7_document,session2_participant1_gesture17_trial6,17,0.2375028063170724,0.19279470220165298,0.10963124318063638,0.4600712483006382
validation,2,1,5,F0v2+F7_document,session2_participant1_gesture17_trial6,17,0.12197115584744898,0.10188091207922591,0.06968954527551234,0.7064583867978128
validation,2,1,5,F0v2,session2_participant1_gesture17_trial7,17,0.0006756388676874861,0.0011081840579729393,0.0027393175835897154,0.9954768594907499
validation,2,1,5,F7_document,session2_participant1_gesture17_trial7,17,0.20643232506614834,0.17682159745453932,0.10003891011924287,0.5167071673600695
validation,2,1,5,F0v2+F7_document,session2_participant1_gesture17_trial7,17,0.10355398196691791,0.08896489075625613,0.05138911385141629,0.7560920134254097
validation,2,2,5,F0v2,session2_participant2_gesture4_trial6,4,0.9585113014042087,0.039788180298854954,0.0015808594155919881,0.00011965888134421808
validation,2,2,5,F7_document,session2_participant2_gesture4_trial6,4,0.32654203078708316,0.3518995990957906,0.1653514880097587,0.15620688210736758
validation,2,2,5,F0v2+F7_document,session2_participant2_gesture4_trial6,4,0.6425266660956459,0.19584388969732278,0.08346617371267535,0.0781632704943559
validation,2,2,5,F0v2,session2_participant2_gesture4_trial7,4,0.6448510869834501,0.35315059931124987,0.0019958779281784864,2.4357771215610326e-06
validation,2,2,5,F7_document,session2_participant2_gesture4_trial7,4,0.36790386702548955,0.3440578694124743,0.14292508195060538,0.14511318161143077
validation,2,2,5,F0v2+F7_document,session2_participant2_gesture4_trial7,4,0.5063774770044698,0.34860423436186205,0.07246047993939193,0.07255780869427617
validation,2,2,5,F0v2,session2_participant2_gesture15_trial6,15,9.163416878701912e-05,0.9994617896169535,0.0003402849473366879,0.0001062912669227685
validation,2,2,5,F7_document,session2_participant2_gesture15_trial6,15,0.36110410947362276,0.34652440395368717,0.128564062442027,0.1638074241306631
validation,2,2,5,F0v2+F7_document,session2_participant2_gesture15_trial6,15,0.18059787182120488,0.6729930967853204,0.06445217369468184,0.08195685769879293
validation,2,2,5,F0v2,session2_participant2_gesture15_trial7,15,6.6909396766638774e-06,0.999977734961331,1.2544284461088135e-05,3.0298145312604305e-06
validation,2,2,5,F7_document,session2_participant2_gesture15_trial7,15,0.30426068996732286,0.3465425105723507,0.19086786501636283,0.15832893444396356
validation,2,2,5,F0v2+F7_document,session2_participant2_gesture15_trial7,15,0.15213369045349975,0.6732601227668409,0.09544020465041196,0.07916598212924741
validation,2,2,5,F0v2,session2_participant2_gesture16_trial6,16,3.793820336509324e-05,0.07878854393953062,0.9211735155933163,2.263787985187208e-09
validation,2,2,5,F7_document,session2_participant2_gesture16_trial6,16,0.2080831873387745,0.23607674831341333,0.4445885418728651,0.11125152247494702
validation,2,2,5,F0v2+F7_document,session2_participant2_gesture16_trial6,16,0.1040605627710698,0.15743264612647198,0.6828810287330906,0.055625762369367504
validation,2,2,5,F0v2,session2_participant2_gesture16_trial7,16,6.003058859599783e-05,0.059393669291424256,0.9405462001750252,9.994495475626171e-08
validation,2,2,5,F7_document,session2_participant2_gesture16_trial7,16,0.20931399201332676,0.23323705816927925,0.44109492589152804,0.11635402392586597
validation,2,2,5,F0v2+F7_document,session2_participant2_gesture16_trial7,16,0.10468701130096138,0.14631536373035176,0.6908205630332767,0.05817706193541036
validation,2,2,5,F0v2,session2_participant2_gesture17_trial6,17,0.0023415094252352215,1.701220767460008e-05,2.2543459279831174e-05,0.9976189349078104
validation,2,2,5,F7_document,session2_participant2_gesture17_trial6,17,0.21650846588205036,0.18752879320580543,0.10110988092403524,0.4948528599881089
validation,2,2,5,F0v2+F7_document,session2_participant2_gesture17_trial6,17,0.1094249876536428,0.09377290270674002,0.050566212191657536,0.7462358974479597
validation,2,2,5,F0v2,session2_participant2_gesture17_trial7,17,0.0007207630649698843,4.929001680960283e-06,2.5008678869965436e-05,0.9992492992544791
validation,2,2,5,F7_document,session2_participant2_gesture17_trial7,17,0.20644328711517765,0.17911269268926572,0.09796845951889062,0.516475560676666
validation,2,2,5,F0v2+F7_document,session2_participant2_gesture17_trial7,17,0.10358202509007376,0.08955881084547333,0.04899673409888029,0.7578624299655725
validation,2,3,5,F0v2,session2_participant3_gesture4_trial6,4,0.9845312591564914,0.014351086965631067,0.0011176071334659894,4.6744411452615265e-08
validation,2,3,5,F7_document,session2_participant3_gesture4_trial6,4,0.4410208417040736,0.238023348196283,0.25492103925270754,0.06603477084693565
validation,2,3,5,F0v2+F7_document,session2_participant3_gesture4_trial6,4,0.7127760504302825,0.12618721758095705,0.12801932319308676,0.03301740879567355
validation,2,3,5,F0v2,session2_participant3_gesture4_trial7,4,0.9902050579729655,0.009466455498579794,0.0003284856509496597,8.775050347966938e-10
validation,2,3,5,F7_document,session2_participant3_gesture4_trial7,4,0.4069364888233229,0.29581876827150516,0.23945570848214717,0.05778903442302485
validation,2,3,5,F0v2+F7_document,session2_participant3_gesture4_trial7,4,0.6985707733981442,0.15264261188504247,0.11989209706654842,0.02889451765026494
validation,2,3,5,F0v2,session2_participant3_gesture15_trial6,15,0.012420904635576291,0.9875301445112404,4.8948048424352953e-05,2.8047590524930093e-09
validation,2,3,5,F7_document,session2_participant3_gesture15_trial6,15,0.26384706585572065,0.45027452287012093,0.23529972281341277,0.050578688460745556
validation,2,3,5,F0v2+F7_document,session2_participant3_gesture15_trial6,15,0.13813398524564846,0.7189023336906807,0.11767433543091856,0.025289345632752303
validation,2,3,5,F0v2,session2_participant3_gesture15_trial7,15,0.021727640627575075,0.977906777575708,0.00036538629870224386,1.9549801441842207e-07
validation,2,3,5,F7_document,session2_participant3_gesture15_trial7,15,0.26264931129419056,0.43639876777003306,0.24322404466725264,0.05772787626852392
validation,2,3,5,F0v2+F7_document,session2_participant3_gesture15_trial7,15,0.14218847596088283,0.7071527726728706,0.12179471548297745,0.02886403588326917
validation,2,3,5,F0v2,session2_participant3_gesture16_trial6,16,0.00010707544097663742,0.0006590102522139342,0.9992338381625461,7.614426320959469e-08
validation,2,3,5,F7_document,session2_participant3_gesture16_trial6,16,0.29796583912542246,0.37975300166561865,0.2647364929480786,0.05754466626088016
validation,2,3,5,F0v2+F7_document,session2_participant3_gesture16_trial6,16,0.14903645728319956,0.1902060059589163,0.6319851655553124,0.028772371202571683
validation,2,3,5,F0v2,session2_participant3_gesture16_trial7,16,0.07125315712030511,0.0957842850262725,0.8329597669758645,2.7908775577990736e-06
validation,2,3,5,F7_document,session2_participant3_gesture16_trial7,16,0.31065523721462573,0.27748240681147934,0.35203757513701933,0.05982478083687566
validation,2,3,5,F0v2+F7_document,session2_participant3_gesture16_trial7,16,0.19095419716746542,0.18663334591887593,0.5924986710564419,0.02991378585721673
validation,2,3,5,F0v2,session2_participant3_gesture17_trial6,17,1.3049417449561702e-05,9.689000396106136e-08,0.0003056979558174459,0.999681155736729
validation,2,3,5,F7_document,session2_participant3_gesture17_trial6,17,0.0922065898641084,0.06325585780066027,0.10766282896773761,0.7368747233674936
validation,2,3,5,F0v2+F7_document,session2_participant3_gesture17_trial6,17,0.04610981964077898,0.03162797734533212,0.05398426346177753,0.8682779395521113
validation,2,3,5,F0v2,session2_participant3_gesture17_trial7,17,2.0642420093044745e-05,1.3184118875547437e-07,0.0004388539097999482,0.9995403718289182
validation,2,3,5,F7_document,session2_participant3_gesture17_trial7,17,0.09362465527481026,0.06467615302823838,0.11029328576996066,0.7314059059269906
validation,2,3,5,F0v2+F7_document,session2_participant3_gesture17_trial7,17,0.04682264884745165,0.03233814243471357,0.0553660698398803,0.8654731388779544
validation,2,4,5,F0v2,session2_participant4_gesture4_trial6,4,0.9516015579614732,0.0020909034185869167,0.04608380244805432,0.00022373617188550538
validation,2,4,5,F7_document,session2_participant4_gesture4_trial6,4,0.36740723698802635,0.2675700114456727,0.26355403969361385,0.10146871187268698
validation,2,4,5,F0v2+F7_document,session2_participant4_gesture4_trial6,4,0.6595043974747498,0.13483045743212982,0.1548189210708341,0.050846224022286245
validation,2,4,5,F0v2,session2_participant4_gesture4_trial7,4,0.9738080247346891,0.010537288851102099,0.015651397727640102,3.288686568624809e-06
validation,2,4,5,F7_document,session2_participant4_gesture4_trial7,4,0.4713061881535689,0.2522832444112536,0.20338837189530234,0.07302219553987523
validation,2,4,5,F0v2+F7_document,session2_participant4_gesture4_trial7,4,0.722557106444129,0.13141026663117786,0.10951988481147122,0.036512742113221926
validation,2,4,5,F0v2,session2_participant4_gesture15_trial6,15,0.0016906537329905169,0.9949527538606856,0.003356488581364534,1.0382495924615648e-07
validation,2,4,5,F7_document,session2_participant4_gesture15_trial6,15,0.3630784484676328,0.34375698696729456,0.22224091548370925,0.07092364908136331
validation,2,4,5,F0v2+F7_document,session2_participant4_gesture15_trial6,15,0.18238455110031168,0.6693548704139901,0.11279870203253689,0.035461876453161276
validation,2,4,5,F0v2,session2_participant4_gesture15_trial7,15,0.03723960566424407,0.9081330911372469,0.05430153473576587,0.0003257684627432266
validation,2,4,5,F7_document,session2_participant4_gesture15_trial7,15,0.2576214191389322,0.31161612760643653,0.32448138642127866,0.10628106683335255
validation,2,4,5,F0v2+F7_document,session2_participant4_gesture15_trial7,15,0.14743051240158814,0.6098746093718417,0.18939146057852227,0.053303417648047885
validation,2,4,5,F0v2,session2_participant4_gesture16_trial6,16,0.03741445753464151,0.004955208215622089,0.9574863808888608,0.00014395336087549832
validation,2,4,5,F7_document,session2_participant4_gesture16_trial6,16,0.2357683461910142,0.31719779597466585,0.35457627113632323,0.09245758669799674
validation,2,4,5,F0v2+F7_document,session2_participant4_gesture16_trial6,16,0.13659140186282787,0.16107650209514396,0.6560313260125921,0.04630077002943612
validation,2,4,5,F0v2,session2_participant4_gesture16_trial7,16,0.060138694949291485,0.0014436840620503102,0.9118264841950523,0.026591136793605908
validation,2,4,5,F7_document,session2_participant4_gesture16_trial7,16,0.19975220716876904,0.22253413941037709,0.40476979646015193,0.17294385696070194
validation,2,4,5,F0v2+F7_document,session2_participant4_gesture16_trial7,16,0.12994545105903027,0.1119889117362137,0.6582981403276021,0.09976749687715393
validation,2,4,5,F0v2,session2_participant4_gesture17_trial6,17,0.00015708462619866724,4.3193854808004923e-07,0.0026766783699709064,0.9971658050652824
validation,2,4,5,F7_document,session2_participant4_gesture17_trial6,17,0.09609292797959439,0.09506785836661438,0.16607938242798054,0.6427598312258107
validation,2,4,5,F0v2+F7_document,session2_participant4_gesture17_trial6,17,0.048125006302896525,0.04753414515258123,0.08437803039897572,0.8199628181455465
validation,2,4,5,F0v2,session2_participant4_gesture17_trial7,17,0.0005260726188458245,8.00451832115904e-07,0.0057309060096053,0.9937422209197168
validation,2,4,5,F7_document,session2_participant4_gesture17_trial7,17,0.10450273187580687,0.10366886865438246,0.18411301045384398,0.6077153890159667
validation,2,4,5,F0v2+F7_document,session2_participant4_gesture17_trial7,17,0.05251440224732635,0.05183483455310729,0.09492195823172464,0.8007288049678417
validation,2,5,5,F0v2,session2_participant5_gesture4_trial6,4,0.5187708494471411,0.036923903328668385,0.44213384580514886,0.002171401419041691
validation,2,5,5,F7_document,session2_participant5_gesture4_trial6,4,0.40585077155235927,0.3048390062935765,0.25883394859778613,0.030476273556278095
validation,2,5,5,F0v2+F7_document,session2_participant5_gesture4_trial6,4,0.4623108104997502,0.17088145481112246,0.3504838972014675,0.016323837487659892
validation,2,5,5,F0v2,session2_participant5_gesture4_trial7,4,0.45808666100418055,0.01947676292983523,0.5218669979353184,0.0005695781306657778
validation,2,5,5,F7_document,session2_participant5_gesture4_trial7,4,0.3648041042995585,0.3067515138559866,0.3066005460187599,0.021843835825695115
validation,2,5,5,F0v2+F7_document,session2_participant5_gesture4_trial7,4,0.41144538265186953,0.16311413839291092,0.41423377197703914,0.011206706978180447
validation,2,5,5,F0v2,session2_participant5_gesture15_trial6,15,0.372743530297802,0.5989635130533276,0.02314495840591613,0.0051479982429543155
validation,2,5,5,F7_document,session2_participant5_gesture15_trial6,15,0.3297387338734058,0.40679287518988566,0.24513473943497877,0.018333651501729678
validation,2,5,5,F0v2+F7_document,session2_participant5_gesture15_trial6,15,0.3512411320856039,0.5028781941216066,0.13413984892044745,0.011740824872341998
validation,2,5,5,F0v2,session2_participant5_gesture15_trial7,15,0.6206096334802444,0.28028080891527085,0.09905690962354746,5.26479809371046e-05
validation,2,5,5,F7_document,session2_participant5_gesture15_trial7,15,0.40144503448383895,0.31445782085668345,0.2723361080704363,0.011761036589041252
validation,2,5,5,F0v2+F7_document,session2_participant5_gesture15_trial7,15,0.5110273339820417,0.2973693148859772,0.18569650884699188,0.005906842284989179
validation,2,5,5,F0v2,session2_participant5_gesture16_trial6,16,0.21258760817422653,0.17705557796168198,0.6103422841029089,1.4529761182634802e-05
validation,2,5,5,F7_document,session2_participant5_gesture16_trial6,16,0.28239161715509936,0.2578102131182622,0.4475737831444474,0.012224386582191044
validation,2,5,5,F0v2+F7_document,session2_participant5_gesture16_trial6,16,0.24748961266466296,0.21743289553997208,0.5289580336236781,0.00611945817168684
validation,2,5,5,F0v2,session2_participant5_gesture16_trial7,16,1.02380838849225e-05,0.0008277593997372406,0.9991276995461872,3.430297019059286e-05
validation,2,5,5,F7_document,session2_participant5_gesture16_trial7,16,0.24322790818356096,0.28253563734955106,0.4538552741666404,0.020381180300247687
validation,2,5,5,F0v2+F7_document,session2_participant5_gesture16_trial7,16,0.12161907313372294,0.14168169837464414,0.7264914868564138,0.01020774163521914
validation,2,5,5,F0v2,session2_participant5_gesture17_trial6,17,1.5978918101780448e-05,1.201201884858998e-07,0.0004920621744869638,0.9994918387872228
validation,2,5,5,F7_document,session2_participant5_gesture17_trial6,17,0.023653982608358635,0.02156801701447575,0.01802744497319423,0.9367505554039715
validation,2,5,5,F0v2+F7_document,session2_participant5_gesture17_trial6,17,0.011834980763230208,0.010784068567332118,0.009259753573840597,0.9681211970955972
validation,2,5,5,F0v2,session2_participant5_gesture17_trial7,17,2.5878695757329346e-05,2.273594415276698e-07,0.0005829504880439513,0.9993909434567572
validation,2,5,5,F7_document,session2_participant5_gesture17_trial7,17,0.026200243583349322,0.024088315220027804,0.020110450083357764,0.9296009911132652
validation,2,5,5,F0v2+F7_document,session2_participant5_gesture17_trial7,17,0.013113061139553326,0.012044271289734666,0.010346700285700857,0.9644959672850112
validation,2,6,5,F0v2,session2_participant6_gesture4_trial6,4,0.49483414741045745,0.09900725095481894,0.40576373533335247,0.00039486630137125847
validation,2,6,5,F7_document,session2_participant6_gesture4_trial6,4,0.3757106054262336,0.29492902335839877,0.1770658805185558,0.15229449069681203
validation,2,6,5,F0v2+F7_document,session2_participant6_gesture4_trial6,4,0.4352723764183455,0.19696813715660885,0.29141480792595414,0.07634467849909164
validation,2,6,5,F0v2,session2_participant6_gesture4_trial7,4,0.7732292558536888,0.036590424492744585,0.16865395441558945,0.02152636523797719
validation,2,6,5,F7_document,session2_participant6_gesture4_trial7,4,0.39674584360082205,0.2586745598514984,0.16976544181798886,0.1748141547296907
validation,2,6,5,F0v2+F7_document,session2_participant6_gesture4_trial7,4,0.5849875497272554,0.1476324921721215,0.16920969811678915,0.09817025998383394
validation,2,6,5,F0v2,session2_participant6_gesture15_trial6,15,0.001308326118814477,0.8891771707687197,0.10937053660499862,0.00014396650746718688
validation,2,6,5,F7_document,session2_participant6_gesture15_trial6,15,0.3664057243006002,0.31664387436607017,0.1786883329878709,0.13826206834545868
validation,2,6,5,F0v2+F7_document,session2_participant6_gesture15_trial6,15,0.18385702520970734,0.602910522567395,0.14402943479643476,0.06920301742646293
validation,2,6,5,F0v2,session2_participant6_gesture15_trial7,15,7.364407586558904e-05,0.9968835259888441,0.0030423871953897588,4.427399006898386e-07
validation,2,6,5,F7_document,session2_participant6_gesture15_trial7,15,0.3126260656229624,0.37541988602934184,0.20302141304548468,0.10893263530221098
validation,2,6,5,F0v2+F7_document,session2_participant6_gesture15_trial7,15,0.156349854849414,0.6861517060090929,0.10303190012043723,0.05446653902105583
validation,2,6,5,F0v2,session2_participant6_gesture16_trial6,16,0.004265585879853873,0.0013328155946443524,0.9943877490084232,1.3849517078592918e-05
validation,2,6,5,F7_document,session2_participant6_gesture16_trial6,16,0.29050610372763924,0.31803288725810597,0.2916087597074873,0.09985224930676756
validation,2,6,5,F0v2+F7_document,session2_participant6_gesture16_trial6,16,0.14738584480374656,0.15968285142637517,0.6429982543579552,0.04993304941192308
validation,2,6,5,F0v2,session2_participant6_gesture16_trial7,16,0.005151542553807933,0.00032459066403741396,0.9945237960258648,7.075628993063885e-08
validation,2,6,5,F7_document,session2_participant6_gesture16_trial7,16,0.2846863590029183,0.33480264472683285,0.27524164255529454,0.10526935371495437
validation,2,6,5,F0v2+F7_document,session2_participant6_gesture16_trial7,16,0.14491895077836311,0.16756361769543512,0.6348827192905797,0.05263471223562215
validation,2,6,5,F0v2,session2_participant6_gesture17_trial6,17,1.266121700747476e-05,8.304358086085896e-08,0.0003749675986994221,0.9996122881407121
validation,2,6,5,F7_document,session2_participant6_gesture17_trial6,17,0.18379729161109454,0.11940100026957114,0.09379496985222914,0.6030067382671052
validation,2,6,5,F0v2+F7_document,session2_participant6_gesture17_trial6,17,0.091904976414051,0.059700541656576,0.047084968725464284,0.8013095132039086
validation,2,6,5,F0v2,session2_participant6_gesture17_trial7,17,1.0876501099688596e-05,8.872301924721098e-08,0.00034909363312239845,0.9996399411427586
validation,2,6,5,F7_document,session2_participant6_gesture17_trial7,17,0.183766777124039,0.11944477699947095,0.09363529503502374,0.6031531508414664
validation,2,6,5,F0v2+F7_document,session2_participant6_gesture17_trial7,17,0.09188882681256934,0.0597224328612451,0.04699219433407307,0.8013965459921124
validation,2,7,5,F0v2,session2_participant7_gesture4_trial6,4,0.6741045285538325,0.29551495244949655,0.030380448116659853,7.088001108090324e-08
validation,2,7,5,F7_document,session2_participant7_gesture4_trial6,4,0.28713868708742835,0.3072080442290059,0.3401890968251765,0.06546417185838925
validation,2,7,5,F0v2+F7_document,session2_participant7_gesture4_trial6,4,0.48062160782063046,0.3013614983392512,0.18528477247091818,0.032732121369200166
validation,2,7,5,F0v2,session2_participant7_gesture4_trial7,4,0.8772311181500358,0.09446262672896864,0.02830540487438449,8.502466110444473e-07
validation,2,7,5,F7_document,session2_participant7_gesture4_trial7,4,0.36380124181439666,0.3299643444535825,0.22529340886248736,0.0809410048695334
validation,2,7,5,F0v2+F7_document,session2_participant7_gesture4_trial7,4,0.6205161799822163,0.2122134855912756,0.12679940686843594,0.040470927558072224
validation,2,7,5,F0v2,session2_participant7_gesture15_trial6,15,0.001054165940315527,0.9988780804853309,6.775223803710176e-05,1.3363164147381767e-09
validation,2,7,5,F7_document,session2_participant7_gesture15_trial6,15,0.28515605430600205,0.3540550317922143,0.29652113611363323,0.06426777778815045
validation,2,7,5,F0v2+F7_document,session2_participant7_gesture15_trial6,15,0.1431051101231588,0.6764665561387726,0.14829444417583518,0.03213388956223343
validation,2,7,5,F0v2,session2_participant7_gesture15_trial7,15,0.0545964930818079,0.9398651316925449,0.005536606514604045,1.7687110431712902e-06
validation,2,7,5,F7_document,session2_participant7_gesture15_trial7,15,0.3531575307599591,0.37488278630757754,0.18530035147307225,0.08665933145939103
validation,2,7,5,F0v2+F7_document,session2_participant7_gesture15_trial7,15,0.2038770119208835,0.6573739590000612,0.09541847899383815,0.0433305500852171
validation,2,7,5,F0v2,session2_participant7_gesture16_trial6,16,0.004982071823078366,0.007079602168585208,0.9879383188765755,7.131761012470093e-09
validation,2,7,5,F7_document,session2_participant7_gesture16_trial6,16,0.3337946615011464,0.3497951906396783,0.24147328712889155,0.07493686073028381
validation,2,7,5,F0v2+F7_document,session2_participant7_gesture16_trial6,16,0.16938836666211238,0.17843739640413175,0.6147058030027335,0.037468433931022414
validation,2,7,5,F0v2,session2_participant7_gesture16_trial7,16,0.0003645987429093671,5.3843763168043625e-05,0.9995815552041525,2.2897702508985056e-09
validation,2,7,5,F7_document,session2_participant7_gesture16_trial7,16,0.21651481680042098,0.23217561920315352,0.4921208066442419,0.05918875735218357
validation,2,7,5,F0v2+F7_document,session2_participant7_gesture16_trial7,16,0.10843970777166517,0.11611473148316079,0.7458511809241972,0.02959437982097691
validation,2,7,5,F0v2,session2_participant7_gesture17_trial6,17,5.699106933798341e-06,5.6577949617428195e-08,0.00023198624958136314,0.9997622580655352
validation,2,7,5,F7_document,session2_participant7_gesture17_trial6,17,0.13356908806106615,0.10678238523679157,0.06920268093585887,0.6904458457662834
validation,2,7,5,F0v2+F7_document,session2_participant7_gesture17_trial6,17,0.06678739358399997,0.05339122090737059,0.03471733359272011,0.8451040519159093
validation,2,7,5,F0v2,session2_participant7_gesture17_trial7,17,1.1283721172702524e-05,8.598688564600873e-08,0.000310994202874949,0.9996776360890667
validation,2,7,5,F7_document,session2_participant7_gesture17_trial7,17,0.13399874722840102,0.10696321243449851,0.0695814553546088,0.6894565849824917
validation,2,7,5,F0v2+F7_document,session2_participant7_gesture17_trial7,17,0.06700501547478686,0.053481649210692074,0.034946224778741874,0.8445671105357793
validation,2,8,5,F0v2,session2_participant8_gesture4_trial6,4,0.5500739011658259,0.4167687358511698,0.03311869652788889,3.8666455115436276e-05
validation,2,8,5,F7_document,session2_participant8_gesture4_trial6,4,0.41166438500875757,0.2903404837475999,0.22468287595354564,0.07331225529009686
validation,2,8,5,F0v2+F7_document,session2_participant8_gesture4_trial6,4,0.48086914308729173,0.35355460979938486,0.12890078624071727,0.03667546087260615
validation,2,8,5,F0v2,session2_participant8_gesture4_trial7,4,0.5133796886473289,0.3590141325098791,0.1270338006585637,0.0005723781842283314
validation,2,8,5,F7_document,session2_participant8_gesture4_trial7,4,0.38738681359063076,0.2879048861483257,0.21260299038214217,0.11210530987890131
validation,2,8,5,F0v2+F7_document,session2_participant8_gesture4_trial7,4,0.4503832511189798,0.3234595093291024,0.16981839552035294,0.05633884403156482
validation,2,8,5,F0v2,session2_participant8_gesture15_trial6,15,0.10241126763411162,0.864713547290458,0.032846446333299084,2.8738742131313666e-05
validation,2,8,5,F7_document,session2_participant8_gesture15_trial6,15,0.3806834484622983,0.33554710325116094,0.2265681610677224,0.05720128721881851
validation,2,8,5,F0v2+F7_document,session2_participant8_gesture15_trial6,15,0.24154735804820496,0.6001303252708095,0.12970730370051076,0.028615012980474912
validation,2,8,5,F0v2,session2_participant8_gesture15_trial7,15,0.22271654692330478,0.728434134482902,0.048812460552545324,3.68580412478595e-05
validation,2,8,5,F7_document,session2_participant8_gesture15_trial7,15,0.3863059707855954,0.30744693282209407,0.232606046714939,0.07364104967737144
validation,2,8,5,F0v2+F7_document,session2_participant8_gesture15_trial7,15,0.3045112588544501,0.517940533652498,0.14070925363374218,0.036838953859309645
validation,2,8,5,F0v2,session2_participant8_gesture16_trial6,16,0.00024352298935840876,0.13157284962045118,0.8681813094542504,2.3179359400436084e-06
validation,2,8,5,F7_document,session2_participant8_gesture16_trial6,16,0.3066042800036448,0.2691738971629357,0.37399212371866025,0.05022969911475912
validation,2,8,5,F0v2+F7_document,session2_participant8_gesture16_trial6,16,0.15342390149650162,0.20037337339169345,0.6210867165864553,0.025116008525349582
validation,2,8,5,F0v2,session2_participant8_gesture16_trial7,16,0.0006084944738670607,0.2812064048847002,0.7181849313609463,1.6928048641902302e-07
validation,2,8,5,F7_document,session2_participant8_gesture16_trial7,16,0.3094686392991532,0.27346916772609037,0.36974736880621206,0.047314824168544344
validation,2,8,5,F0v2+F7_document,session2_participant8_gesture16_trial7,16,0.15503856688651013,0.2773377863053953,0.5439661500835792,0.023657496724515382
validation,2,8,5,F0v2,session2_participant8_gesture17_trial6,17,0.00031604954106450423,1.159465732270405e-06,0.002409609739823059,0.99727318125338
validation,2,8,5,F7_document,session2_participant8_gesture17_trial6,17,0.10292784120390497,0.09197030565000924,0.0689191404347661,0.7361827127113196
validation,2,8,5,F0v2+F7_document,session2_participant8_gesture17_trial6,17,0.05162194537248473,0.04598573255787076,0.03566437508729458,0.8667279469823499
validation,2,8,5,F0v2,session2_participant8_gesture17_trial7,17,1.385814937455197e-05,9.768844233956011e-08,0.00027554111689920426,0.9997105030452837
validation,2,8,5,F7_document,session2_participant8_gesture17_trial7,17,0.09038419081395546,0.08075529055235343,0.06134436990228623,0.767516148731405
validation,2,8,5,F0v2+F7_document,session2_participant8_gesture17_trial7,17,0.045199024481665004,0.040377694120397885,0.030809955509592715,0.8836133258883443
final,3,1,1,F0v2,session3_participant1_gesture4_trial6,4,0.8556143255285236,0.13725456546893441,0.006001129462707332,0.00112997953983463
final,3,1,1,F7_document,session3_participant1_gesture4_trial6,4,0.3221922149541651,0.34420843569527415,0.19297437031422918,0.14062497903633145
final,3,1,1,F0v2+F7_document,session3_participant1_gesture4_trial6,4,0.5889032702413444,0.2407315005821043,0.09948774988846826,0.07087747928808304
final,3,1,1,F0v2,session3_participant1_gesture4_trial7,4,0.8855035503829988,0.09265132141427161,0.015922015349383135,0.005923112853346361
final,3,1,1,F7_document,session3_participant1_gesture4_trial7,4,0.3549503965651387,0.35393688168257875,0.14410520257720866,0.1470075191750739
final,3,1,1,F0v2+F7_document,session3_participant1_gesture4_trial7,4,0.6202269734740687,0.2232941015484252,0.0800136089632959,0.07646531601421014
final,3,1,1,F0v2,session3_participant1_gesture15_trial6,15,0.1787444455544758,0.7437924715547923,0.07735441172480635,0.00010867116592563139
final,3,1,1,F7_document,session3_participant1_gesture15_trial6,15,0.3303941143390608,0.34159577894849885,0.1915989009747677,0.13641120573767285
final,3,1,1,F0v2+F7_document,session3_participant1_gesture15_trial6,15,0.2545692799467683,0.5426941252516456,0.13447665634978703,0.06825993845179924
final,3,1,1,F0v2,session3_participant1_gesture15_trial7,15,0.3064081747726721,0.3978749283232323,0.046058040237123725,0.2496588566669719
final,3,1,1,F7_document,session3_participant1_gesture15_trial7,15,0.2672489814483192,0.30222399630092833,0.24671790163423718,0.18380912061651525
final,3,1,1,F0v2+F7_document,session3_participant1_gesture15_trial7,15,0.28682857811049567,0.35004946231208034,0.14638797093568046,0.2167339886417436
final,3,1,1,F0v2,session3_participant1_gesture16_trial6,16,0.0004656521633769613,0.034761863261810313,0.96477081660463,1.6679701825967142e-06
final,3,1,1,F7_document,session3_participant1_gesture16_trial6,16,0.19670601954567427,0.23019080322450858,0.4572895173078461,0.1158136599219711
final,3,1,1,F0v2+F7_document,session3_participant1_gesture16_trial6,16,0.09858583585452561,0.13247633324315944,0.7110301669562381,0.05790766394607685
final,3,1,1,F0v2,session3_participant1_gesture16_trial7,16,8.978069995534824e-05,0.010762673508155437,0.9888560883630811,0.0002914574288079516
final,3,1,1,F7_document,session3_participant1_gesture16_trial7,16,0.2294090615488756,0.27248782322668647,0.3488568865155015,0.14924622870893642
final,3,1,1,F0v2+F7_document,session3_participant1_gesture16_trial7,16,0.11474942112441548,0.14162524836742096,0.6688564874392913,0.07476884306887219
final,3,1,1,F0v2,session3_participant1_gesture17_trial6,17,0.000307706863039321,8.966426654573854e-06,0.0016415245924661355,0.99804180211784
final,3,1,1,F7_document,session3_participant1_gesture17_trial6,17,0.19445544249458968,0.20232182045326508,0.10683659458528497,0.49638614246686036
final,3,1,1,F0v2+F7_document,session3_participant1_gesture17_trial6,17,0.0973815746788145,0.10116539343995982,0.05423905958887555,0.7472139722923502
final,3,1,1,F0v2,session3_participant1_gesture17_trial7,17,0.0003765818002455515,8.02148987153755e-06,0.0018268503445427252,0.9977885463653402
final,3,1,1,F7_document,session3_participant1_gesture17_trial7,17,0.20832140270207256,0.2247183875816566,0.12948624601566014,0.4374739637006106
final,3,1,1,F0v2+F7_document,session3_participant1_gesture17_trial7,17,0.10434899225115905,0.11236320453576407,0.06565654818010143,0.7176312550329754
final,3,2,1,F0v2,session3_participant2_gesture4_trial6,4,0.20364305164516538,0.5428706799358255,0.20050731271867409,0.05297895570033494
final,3,2,1,F7_document,session3_participant2_gesture4_trial6,4,0.1657033725346975,0.15895791421685707,0.11541381296315067,0.5599249002852947
final,3,2,1,F0v2+F7_document,session3_participant2_gesture4_trial6,4,0.18467321208993143,0.35091429707634125,0.15796056284091237,0.30645192799281484
final,3,2,1,F0v2,session3_participant2_gesture4_trial7,4,0.03877887182425184,0.8657940027856857,0.009348973126791116,0.08607815226327134
final,3,2,1,F7_document,session3_participant2_gesture4_trial7,4,0.1610205171979116,0.15420999613019296,0.11002240248081423,0.5747470841910813
final,3,2,1,F0v2+F7_document,session3_participant2_gesture4_trial7,4,0.09989969451108172,0.5100019994579393,0.05968568780380267,0.3304126182271763
final,3,2,1,F0v2,session3_participant2_gesture15_trial6,15,0.00038601275772263337,0.9844600039212171,0.007344523279800074,0.0078094600412601895
final,3,2,1,F7_document,session3_participant2_gesture15_trial6,15,0.21725607505396433,0.2149951963764833,0.1564893667313154,0.4112593618382369
final,3,2,1,F0v2+F7_document,session3_participant2_gesture15_trial6,15,0.10882104390584348,0.5997276001488502,0.08191694500555773,0.20953441093974856
final,3,2,1,F0v2,session3_participant2_gesture15_trial7,15,0.00012014584165379678,0.9959138898185078,0.003751222055749531,0.0002147422840890127
final,3,2,1,F7_document,session3_participant2_gesture15_trial7,15,0.29143929863373164,0.3071375512097725,0.21080156346460568,0.19062158669189028
final,3,2,1,F0v2+F7_document,session3_participant2_gesture15_trial7,15,0.14577972223769273,0.6515257205141401,0.10727639276017761,0.09541816448798965
final,3,2,1,F0v2,session3_participant2_gesture16_trial6,16,0.0009059083767059813,0.0006187641872029428,0.9984749744647459,3.5297134509196123e-07
final,3,2,1,F7_document,session3_participant2_gesture16_trial6,16,0.23549990734423681,0.27064490907527994,0.3334648331755613,0.1603903504049219
final,3,2,1,F0v2+F7_document,session3_participant2_gesture16_trial6,16,0.1182029078604714,0.13563183663124145,0.6659699038201536,0.08019535168813349
final,3,2,1,F0v2,session3_participant2_gesture16_trial7,16,0.00012297025086248665,0.0004359649524421362,0.9994178030616251,2.3261735070258185e-05
final,3,2,1,F7_document,session3_participant2_gesture16_trial7,16,0.26128308720386223,0.29552486850716836,0.41429894057853706,0.028893103710432397
final,3,2,1,F0v2+F7_document,session3_participant2_gesture16_trial7,16,0.13070302872736236,0.14798041672980525,0.706858371820081,0.014458182722751328
final,3,2,1,F0v2,session3_participant2_gesture17_trial6,17,5.276047761188206e-05,5.375232070587196e-05,9.125656636755515e-06,0.9998843615450455
final,3,2,1,F7_document,session3_participant2_gesture17_trial6,17,0.07213662110690636,0.0650064488917703,0.04634603963111882,0.8165108903702045
final,3,2,1,F0v2+F7_document,session3_participant2_gesture17_trial6,17,0.03609469079225912,0.03253010060623809,0.02317758264387779,0.908197625957625
final,3,2,1,F0v2,session3_participant2_gesture17_trial7,17,7.582854053872612e-05,1.0229583796439798e-05,2.4419534493490775e-05,0.9998895223411715
final,3,2,1,F7_document,session3_participant2_gesture17_trial7,17,0.07185544244091949,0.06401757505660977,0.04607324456239242,0.8180537379400783
final,3,2,1,F0v2+F7_document,session3_participant2_gesture17_trial7,17,0.035965635490729106,0.032013902320203104,0.023048832048442953,0.9089716301406249
final,3,3,1,F0v2,session3_participant3_gesture4_trial6,4,0.7633846530557433,0.2233516668365185,0.013255190634321339,8.489473416806182e-06
final,3,3,1,F7_document,session3_participant3_gesture4_trial6,4,0.42808657702282765,0.20833951044412005,0.35903243891825765,0.004541473614794636
final,3,3,1,F0v2+F7_document,session3_participant3_gesture4_trial6,4,0.5957356150392855,0.21584558864031927,0.1861438147762895,0.002274981544105721
final,3,3,1,F0v2,session3_participant3_gesture4_trial7,4,0.7441891166054811,0.24266394058767596,0.013145255782494316,1.6870243485170087e-06
final,3,3,1,F7_document,session3_participant3_gesture4_trial7,4,0.4484663860275784,0.24104690096173345,0.30740891954630684,0.0030777934643814084
final,3,3,1,F0v2+F7_document,session3_participant3_gesture4_trial7,4,0.5963277513165297,0.2418554207747047,0.16027708766440057,0.0015397402443649627
final,3,3,1,F0v2,session3_participant3_gesture15_trial6,15,0.04016034698656444,0.9507913447738922,0.009044501742744978,3.8064967984070653e-06
final,3,3,1,F7_document,session3_participant3_gesture15_trial6,15,0.36549889726159385,0.25229350720271176,0.38000814620979056,0.0021994493259038356
final,3,3,1,F0v2+F7_document,session3_participant3_gesture15_trial6,15,0.20282962212407915,0.601542425988302,0.19452632397626776,0.0011016279113511213
final,3,3,1,F0v2,session3_participant3_gesture15_trial7,15,0.025803244340450063,0.9736852724301281,0.0005114808953510214,2.3340707679841636e-09
final,3,3,1,F7_document,session3_participant3_gesture15_trial7,15,0.3848570712351797,0.3357649001328955,0.27806062262039755,0.0013174060115271882
final,3,3,1,F0v2+F7_document,session3_participant3_gesture15_trial7,15,0.20533015778781488,0.6547250862815118,0.13928605175787429,0.0006587041727989781
final,3,3,1,F0v2,session3_participant3_gesture16_trial6,16,0.0029252227182530953,0.04884958826284791,0.9482140979725453,1.1091046353854822e-05
final,3,3,1,F7_document,session3_participant3_gesture16_trial6,16,0.3375791207834458,0.2900497354050096,0.37108194479551626,0.0012891990160283355
final,3,3,1,F0v2+F7_document,session3_participant3_gesture16_trial6,16,0.17025217175084945,0.16944966183392876,0.6596480213840308,0.0006501450311910951
final,3,3,1,F0v2,session3_participant3_gesture16_trial7,16,0.0016248771089861936,0.0379738252276966,0.9604007835651387,5.140981784997898e-07
final,3,3,1,F7_document,session3_participant3_gesture16_trial7,16,0.3163366161129632,0.37138955338910684,0.311527718107701,0.0007461123902289092
final,3,3,1,F0v2+F7_document,session3_participant3_gesture16_trial7,16,0.1589807466109747,0.20468168930840172,0.6359642508364198,0.0003733132442037045
final,3,3,1,F0v2,session3_participant3_gesture17_trial6,17,0.00010784308038395042,6.662487333842989e-07,0.0012849868297976198,0.9986065038410851
final,3,3,1,F7_document,session3_participant3_gesture17_trial6,17,0.00139788496586637,0.0007692119979719475,0.0016143096172809006,0.9962185934188807
final,3,3,1,F0v2+F7_document,session3_participant3_gesture17_trial6,17,0.0007528640231251602,0.0003849391233526659,0.0014496482235392602,0.997412548629983
final,3,3,1,F0v2,session3_participant3_gesture17_trial7,17,9.6874830790538e-05,7.058121034732904e-07,0.0012688075049725061,0.9986336118521334
final,3,3,1,F7_document,session3_participant3_gesture17_trial7,17,0.0017085694291594654,0.0009465016179720854,0.0019883311114295994,0.9953565978414388
final,3,3,1,F0v2+F7_document,session3_participant3_gesture17_trial7,17,0.0009027221299750017,0.0004736037150377793,0.0016285693082010526,0.9969951048467861
final,3,4,1,F0v2,session3_participant4_gesture4_trial6,4,0.8854533455149364,0.06189093118752875,0.052553997635218494,0.00010172566231640692
final,3,4,1,F7_document,session3_participant4_gesture4_trial6,4,0.42072435513394135,0.317611612982316,0.24969349800479396,0.011970533878948563
final,3,4,1,F0v2+F7_document,session3_participant4_gesture4_trial6,4,0.6530888503244389,0.18975127208492237,0.15112374782000623,0.006036129770632485
final,3,4,1,F0v2,session3_participant4_gesture4_trial7,4,0.8279923135667971,0.024663295155841276,0.01221353334610825,0.13513085793125337
final,3,4,1,F7_document,session3_participant4_gesture4_trial7,4,0.3274338939420089,0.3038920557931538,0.3552859682711749,0.013388081993662423
final,3,4,1,F0v2+F7_document,session3_participant4_gesture4_trial7,4,0.577713103754403,0.16427767547449754,0.1837497508086416,0.0742594699624579
final,3,4,1,F0v2,session3_participant4_gesture15_trial6,15,0.01793120132571092,0.9581409275331643,0.023693717278008404,0.0002341538631165948
final,3,4,1,F7_document,session3_participant4_gesture15_trial6,15,0.3055015962070852,0.34636621759548647,0.33976030504510424,0.008371881152324075
final,3,4,1,F0v2+F7_document,session3_participant4_gesture15_trial6,15,0.16171639876639807,0.6522535725643254,0.18172701116155632,0.004303017507720335
final,3,4,1,F0v2,session3_participant4_gesture15_trial7,15,0.01926963334477158,0.8964091710565234,0.05317897689224345,0.03114221870646156
final,3,4,1,F7_document,session3_participant4_gesture15_trial7,15,0.27439640251752107,0.3218110195647031,0.3882915753527169,0.01550100256505898
final,3,4,1,F0v2+F7_document,session3_participant4_gesture15_trial7,15,0.14683301793114634,0.6091100953106132,0.22073527612248017,0.02332161063576027
final,3,4,1,F0v2,session3_participant4_gesture16_trial6,16,0.06424808790011216,0.0014127532868673167,0.9293400972402247,0.004999061572796033
final,3,4,1,F7_document,session3_participant4_gesture16_trial6,16,0.31117578508830135,0.3158909667944694,0.36169090727654857,0.011242340840680733
final,3,4,1,F0v2+F7_document,session3_participant4_gesture16_trial6,16,0.18771193649420675,0.15865186004066834,0.6455155022583866,0.008120701206738383
final,3,4,1,F0v2,session3_participant4_gesture16_trial7,16,0.05131605868655054,0.0016865349429139957,0.8430938746763779,0.10390353169415749
final,3,4,1,F7_document,session3_participant4_gesture16_trial7,16,0.28002485523612153,0.2687752807277519,0.4255653074416647,0.025634556594461858
final,3,4,1,F0v2+F7_document,session3_participant4_gesture16_trial7,16,0.16567045696133603,0.13523090783533295,0.6343295910590213,0.06476904414430967
final,3,4,1,F0v2,session3_participant4_gesture17_trial6,17,0.00023211950166126923,3.289270091268813e-06,0.011911004323281326,0.987853586904966
final,3,4,1,F7_document,session3_participant4_gesture17_trial6,17,0.2217738710380645,0.21272307743470953,0.3053518615631009,0.2601511899641252
final,3,4,1,F0v2+F7_document,session3_participant4_gesture17_trial6,17,0.11100299526986289,0.1063631833524004,0.15863143294319113,0.6240023884345456
final,3,4,1,F0v2,session3_participant4_gesture17_trial7,17,3.564598918132e-05,2.785381304245721e-07,0.0009142724577337194,0.9990498030149545
final,3,4,1,F7_document,session3_participant4_gesture17_trial7,17,0.06751019128622994,0.06312626214044668,0.08182154196737645,0.7875420046059468
final,3,4,1,F0v2+F7_document,session3_participant4_gesture17_trial7,17,0.03377291863770563,0.03156327033928855,0.04136790721255509,0.8932959038104507
final,3,5,1,F0v2,session3_participant5_gesture4_trial6,4,0.3131035448165818,0.0017856532202236838,0.08272543526809627,0.6023853666950981
final,3,5,1,F7_document,session3_participant5_gesture4_trial6,4,0.4036956782386942,0.33812673820335193,0.24473718144434842,0.013440402113605306
final,3,5,1,F0v2+F7_document,session3_participant5_gesture4_trial6,4,0.358399611527638,0.1699561957117878,0.16373130835622235,0.3079128844043517
final,3,5,1,F0v2,session3_participant5_gesture4_trial7,4,0.8891886760174893,0.006970410047275312,0.08826257857536378,0.015578335359871508
final,3,5,1,F7_document,session3_participant5_gesture4_trial7,4,0.3384106821196169,0.340819485732174,0.31172003743300164,0.00904979471520746
final,3,5,1,F0v2+F7_document,session3_participant5_gesture4_trial7,4,0.6137996790685532,0.17389494788972468,0.19999130800418272,0.012314065037539484
final,3,5,1,F0v2,session3_participant5_gesture15_trial6,15,0.1328555792653773,0.8094974931946602,0.04926797618699895,0.008378951352963425
final,3,5,1,F7_document,session3_participant5_gesture15_trial6,15,0.31189678118689573,0.3432334010583099,0.3364657504985272,0.008404067256267096
final,3,5,1,F0v2+F7_document,session3_participant5_gesture15_trial6,15,0.22237618022613653,0.5763654471264851,0.1928668633427631,0.00839150930461526
final,3,5,1,F0v2,session3_participant5_gesture15_trial7,15,0.07333283871358005,0.9079271808955259,0.01848163241002539,0.00025834798086870643
final,3,5,1,F7_document,session3_participant5_gesture15_trial7,15,0.2981306336173924,0.33932661101485867,0.3549647589738637,0.0075779963938852075
final,3,5,1,F0v2+F7_document,session3_participant5_gesture15_trial7,15,0.18573173616548622,0.6236268959551923,0.18672319569194454,0.003918172187376957
final,3,5,1,F0v2,session3_participant5_gesture16_trial6,16,4.152779501039362e-05,0.02303143055505162,0.9769254497878911,1.591862046964439e-06
final,3,5,1,F7_document,session3_participant5_gesture16_trial6,16,0.2654578869286904,0.3117128423158013,0.41577893565660806,0.007050335098900239
final,3,5,1,F0v2+F7_document,session3_participant5_gesture16_trial6,16,0.13274970736185038,0.16737213643542648,0.6963521927222496,0.003525963480473602
final,3,5,1,F0v2,session3_participant5_gesture16_trial7,16,0.0009157068927033414,0.005383877896386527,0.9936785765621478,2.1838648762363835e-05
final,3,5,1,F7_document,session3_participant5_gesture16_trial7,16,0.2903756495511705,0.32280170000012504,0.37859804993503593,0.008224600513668441
final,3,5,1,F0v2+F7_document,session3_participant5_gesture16_trial7,16,0.14564567822193691,0.16409278894825577,0.6861383132485919,0.004123219581215402
final,3,5,1,F0v2,session3_participant5_gesture17_trial6,17,6.008404748589041e-06,4.5672066187323455e-08,0.00023612598823839154,0.999757819934947
final,3,5,1,F7_document,session3_participant5_gesture17_trial6,17,0.020747079558609265,0.015719445244849202,0.012389385895865525,0.9511440893006761
final,3,5,1,F0v2+F7_document,session3_participant5_gesture17_trial6,17,0.010376543981678928,0.007859745458457695,0.006312755942051959,0.9754509546178115
final,3,5,1,F0v2,session3_participant5_gesture17_trial7,17,2.0053128428008546e-05,1.0173036816595561e-07,0.0004400423727698386,0.9995398027684341
final,3,5,1,F7_document,session3_participant5_gesture17_trial7,17,0.03410001603163517,0.02547465379876873,0.0199538341847394,0.9204714959848567
final,3,5,1,F0v2+F7_document,session3_participant5_gesture17_trial7,17,0.01706003458003159,0.01273737776456845,0.01019693827875462,0.9600056493766453
final,3,6,1,F0v2,session3_participant6_gesture4_trial6,4,0.7902681383066232,0.012633107186268904,0.19442781187408056,0.0026709426330273683
final,3,6,1,F7_document,session3_participant6_gesture4_trial6,4,0.37215659103003407,0.2625231269873724,0.23072221525811912,0.1345980667244744
final,3,6,1,F0v2+F7_document,session3_participant6_gesture4_trial6,4,0.5812123646683287,0.13757811708682066,0.21257501356609984,0.06863450467875089
final,3,6,1,F0v2,session3_participant6_gesture4_trial7,4,0.8764151609635982,0.001915398461204629,0.08440597084303392,0.03726346973216332
final,3,6,1,F7_document,session3_participant6_gesture4_trial7,4,0.23381680763005921,0.2446690803645586,0.4221912047568877,0.09932290724849444
final,3,6,1,F0v2+F7_document,session3_participant6_gesture4_trial7,4,0.5551159842968287,0.12329223941288162,0.25329858779996084,0.06829318849032888
final,3,6,1,F0v2,session3_participant6_gesture15_trial6,15,0.0033656730528450643,0.9597588640634914,0.036870714286250016,4.748597413708893e-06
final,3,6,1,F7_document,session3_participant6_gesture15_trial6,15,0.180977337422794,0.3341687172982999,0.4219558786149924,0.06289806666391382
final,3,6,1,F0v2+F7_document,session3_participant6_gesture15_trial6,15,0.09217150523781954,0.6469637906808956,0.2294132964506212,0.031451407630663765
final,3,6,1,F0v2,session3_participant6_gesture15_trial7,15,0.002896228457659038,0.9562356451097493,0.04086600998871347,2.1164438781786497e-06
final,3,6,1,F7_document,session3_participant6_gesture15_trial7,15,0.20130755543841442,0.4745011653274703,0.2587132514342331,0.06547802779988221
final,3,6,1,F0v2+F7_document,session3_participant6_gesture15_trial7,15,0.10210189194803673,0.7153684052186098,0.1497896307114733,0.032740072121880195
final,3,6,1,F0v2,session3_participant6_gesture16_trial6,16,0.472202688761802,0.0007206305007124833,0.3440332249509812,0.18304345578650447
final,3,6,1,F7_document,session3_participant6_gesture16_trial6,16,0.3504948872615872,0.20590662738958748,0.3001385637776775,0.1434599215711477
final,3,6,1,F0v2+F7_document,session3_participant6_gesture16_trial6,16,0.4113487880116946,0.10331362894514998,0.32208589436432933,0.16325168867882608
final,3,6,1,F0v2,session3_participant6_gesture16_trial7,16,0.024708274165483112,0.0006201547229351245,0.9746698355384195,1.7355731623531746e-06
final,3,6,1,F7_document,session3_participant6_gesture16_trial7,16,0.19407369172679712,0.3998180640505124,0.335522747967197,0.07058549625549344
final,3,6,1,F0v2+F7_document,session3_participant6_gesture16_trial7,16,0.10939098294614011,0.20021910938672377,0.6550962917528083,0.0352936159143279
final,3,6,1,F0v2,session3_participant6_gesture17_trial6,17,5.523878695659673e-06,5.358153182112854e-08,0.00022598710197631187,0.9997684354377963
final,3,6,1,F7_document,session3_participant6_gesture17_trial6,17,0.19317214563896423,0.08316203569672173,0.08291293958368189,0.640752879080632
final,3,6,1,F0v2+F7_document,session3_participant6_gesture17_trial6,17,0.09658883475882994,0.04158104463912678,0.0415694633428291,0.8202606572592142
final,3,6,1,F0v2,session3_participant6_gesture17_trial7,17,7.408341278482249e-06,4.503386426469805e-07,0.00021239277957942412,0.9997797485404994
final,3,6,1,F7_document,session3_participant6_gesture17_trial7,17,0.1988298218344149,0.08414789854365007,0.08884499241327103,0.6281772872086641
final,3,6,1,F0v2+F7_document,session3_participant6_gesture17_trial7,17,0.09941861508784669,0.042074174441146354,0.04452869259642522,0.8139785178745818
final,3,7,1,F0v2,session3_participant7_gesture4_trial6,4,0.6251248487649292,0.20959424315541725,0.16525504328478413,2.586479486930073e-05
final,3,7,1,F7_document,session3_participant7_gesture4_trial6,4,0.3303391047170996,0.30039894764717223,0.3321961898204492,0.03706575781527893
final,3,7,1,F0v2+F7_document,session3_participant7_gesture4_trial6,4,0.4777319767410144,0.2549965954012947,0.24872561655261666,0.018545811305074118
final,3,7,1,F0v2,session3_participant7_gesture4_trial7,4,0.7955625143035772,0.05788652728227223,0.14635261249299372,0.0001983459211568873
final,3,7,1,F7_document,session3_participant7_gesture4_trial7,4,0.37628128168011754,0.22839050007350645,0.35293952538502527,0.04238869286135077
final,3,7,1,F0v2+F7_document,session3_participant7_gesture4_trial7,4,0.5859218979918474,0.14313851367788932,0.24964606893900948,0.02129351939125383
final,3,7,1,F0v2,session3_participant7_gesture15_trial6,15,0.25817106164730924,0.6019599552039728,0.13969093023706233,0.00017805291165564114
final,3,7,1,F7_document,session3_participant7_gesture15_trial6,15,0.28127636448141924,0.24400637201372605,0.42516275678659243,0.04955450671826234
final,3,7,1,F0v2+F7_document,session3_participant7_gesture15_trial6,15,0.26972371306436427,0.42298316360884947,0.2824268435118274,0.024866279814958987
final,3,7,1,F0v2,session3_participant7_gesture15_trial7,15,0.15689383001006593,0.8245671708825816,0.0185364931161673,2.50599118513115e-06
final,3,7,1,F7_document,session3_participant7_gesture15_trial7,15,0.299790516675459,0.3006990235709654,0.3714468004214792,0.0280636593320965
final,3,7,1,F0v2+F7_document,session3_participant7_gesture15_trial7,15,0.22834217334276247,0.5626330972267735,0.19499164676882325,0.014033082661640816
final,3,7,1,F0v2,session3_participant7_gesture16_trial6,16,0.0034196485976708975,1.0736180952259762e-06,0.9960049598459653,0.0005743179382686813
final,3,7,1,F7_document,session3_participant7_gesture16_trial6,16,0.28803466129463073,0.19601955829452644,0.44313960496381977,0.07280617544702307
final,3,7,1,F0v2+F7_document,session3_participant7_gesture16_trial6,16,0.14572715494615082,0.09801031595631084,0.7195722824048925,0.036690246692645874
final,3,7,1,F0v2,session3_participant7_gesture16_trial7,16,0.005975380921594686,0.002203094193591764,0.9918209638869917,5.609978218493992e-07
final,3,7,1,F7_document,session3_participant7_gesture16_trial7,16,0.2627542031841119,0.31180827328884153,0.3997174439520735,0.025720079574973152
final,3,7,1,F0v2+F7_document,session3_participant7_gesture16_trial7,16,0.1343647920528533,0.15700568374121665,0.6957692039195326,0.012860320286397501
final,3,7,1,F0v2,session3_participant7_gesture17_trial6,17,1.2283500739668435e-05,1.1070285233844865e-07,0.00023191747106150095,0.9997556883253464
final,3,7,1,F7_document,session3_participant7_gesture17_trial6,17,0.0845437265912756,0.05708885676402818,0.10482101483766436,0.7535464018070319
final,3,7,1,F0v2+F7_document,session3_participant7_gesture17_trial6,17,0.042278005046007636,0.02854448373344026,0.05252646615436293,0.8766510450661892
final,3,7,1,F0v2,session3_participant7_gesture17_trial7,17,9.95830001645143e-06,8.366649153679473e-08,0.0002263315640601588,0.9997636264694318
final,3,7,1,F7_document,session3_participant7_gesture17_trial7,17,0.04635569908826933,0.0331753021547464,0.05853783129460572,0.8619311674623785
final,3,7,1,F0v2+F7_document,session3_participant7_gesture17_trial7,17,0.02318282869414289,0.016587692910618967,0.029382081429332938,0.9308473969659052
final,3,8,1,F0v2,session3_participant8_gesture4_trial6,4,0.8322600988539589,0.1160597598531561,0.05162374532574976,5.639596713526374e-05
final,3,8,1,F7_document,session3_participant8_gesture4_trial6,4,0.28959298770920583,0.375451899542209,0.33495511229056535,4.5801979728577114e-10
final,3,8,1,F0v2+F7_document,session3_participant8_gesture4_trial6,4,0.5609265432815824,0.24575582969768253,0.19328942880815755,2.8198212577530513e-05
final,3,8,1,F0v2,session3_participant8_gesture4_trial7,4,0.6839916977882645,0.30718240519338474,0.008825875357808578,2.1660542216529584e-08
final,3,8,1,F7_document,session3_participant8_gesture4_trial7,4,0.38936015341947033,0.29698076947369956,0.3136590771068075,2.271625517091268e-14
final,3,8,1,F0v2+F7_document,session3_participant8_gesture4_trial7,4,0.5366759256038675,0.3020815873335422,0.16124247623230806,1.0830282466392377e-08
final,3,8,1,F0v2,session3_participant8_gesture15_trial6,15,0.4491948057536854,0.5362577838988863,0.0144912960771546,5.6114270273715455e-05
final,3,8,1,F7_document,session3_participant8_gesture15_trial6,15,0.27127994215938167,0.39022389646287875,0.33849616129811116,7.962843293823578e-11
final,3,8,1,F0v2+F7_document,session3_participant8_gesture15_trial6,15,0.36023737395653355,0.4632408401808825,0.17649372868763288,2.8057174951074196e-05
final,3,8,1,F0v2,session3_participant8_gesture15_trial7,15,0.09608723705126686,0.8959414785640571,0.007971160154351372,1.2423032445602547e-07
final,3,8,1,F7_document,session3_participant8_gesture15_trial7,15,0.39176993972614094,0.294007217347589,0.3142228429262467,2.3328603446332236e-14
final,3,8,1,F0v2+F7_document,session3_participant8_gesture15_trial7,15,0.2439285883887039,0.594974347955823,0.16109700154029905,6.211517389231446e-08
final,3,8,1,F0v2,session3_participant8_gesture16_trial6,16,0.004313208117661143,0.3906970958976706,0.6049867278448479,2.9681398203691908e-06
final,3,8,1,F7_document,session3_participant8_gesture16_trial6,16,0.23115805986169194,0.3830296834074363,0.3858122567297722,1.0997002683517994e-12
final,3,8,1,F0v2+F7_document,session3_participant8_gesture16_trial6,16,0.11773563398967654,0.38686338965255346,0.49539949228731006,1.4840704600347295e-06
final,3,8,1,F0v2,session3_participant8_gesture16_trial7,16,0.01608320806242581,0.5169728333294954,0.46694346521983604,4.933882427504179e-07
final,3,8,1,F7_document,session3_participant8_gesture16_trial7,16,0.41287760867019485,0.25717728886274865,0.3299451024670109,4.5596636548858604e-14
final,3,8,1,F0v2+F7_document,session3_participant8_gesture16_trial7,16,0.21448040836631033,0.387075061096122,0.39844428384342345,2.466941441735272e-07
final,3,8,1,F0v2,session3_participant8_gesture17_trial6,17,0.00013979544882444813,7.486272940534129e-07,0.0007004618161503283,0.9991589941077311
final,3,8,1,F7_document,session3_participant8_gesture17_trial6,17,2.88476796114416e-11,3.3206407994695144e-11,3.1109147383604494e-11,0.9999999999068367
final,3,8,1,F0v2+F7_document,session3_participant8_gesture17_trial6,17,6.989773883606387e-05,3.7433025023070377e-07,0.00035023092362973784,0.999579497007284
final,3,8,1,F0v2,session3_participant8_gesture17_trial7,17,0.004568112375327816,7.205207145523872e-05,0.02501029874403377,0.9703495368091831
final,3,8,1,F7_document,session3_participant8_gesture17_trial7,17,2.0079817482883446e-07,2.28121404920623e-07,2.1512930882560277e-07,0.9999993559511113
final,3,8,1,F0v2+F7_document,session3_participant8_gesture17_trial7,17,0.0022841565867513223,3.614009643007967e-05,0.012505256936671297,0.9851744463801473
final,3,1,2,F0v2,session3_participant1_gesture4_trial6,4,0.8556143255285236,0.13725456546893441,0.006001129462707332,0.00112997953983463
final,3,1,2,F7_document,session3_participant1_gesture4_trial6,4,0.31547403369271226,0.36539809491931796,0.18563694977634596,0.13349092161162374
final,3,1,2,F0v2+F7_document,session3_participant1_gesture4_trial6,4,0.5855441796106179,0.2513263301941262,0.09581903961952665,0.06731045057572918
final,3,1,2,F0v2,session3_participant1_gesture4_trial7,4,0.8855035503829988,0.09265132141427161,0.015922015349383135,0.005923112853346361
final,3,1,2,F7_document,session3_participant1_gesture4_trial7,4,0.35799995187077716,0.35736610242971445,0.14551117776006403,0.1391227679394444
final,3,1,2,F0v2+F7_document,session3_participant1_gesture4_trial7,4,0.621751751126888,0.22500871192199304,0.08071659655472359,0.07252294039639538
final,3,1,2,F0v2,session3_participant1_gesture15_trial6,15,0.1787444455544758,0.7437924715547923,0.07735441172480635,0.00010867116592563139
final,3,1,2,F7_document,session3_participant1_gesture15_trial6,15,0.3238164449989479,0.3535355610035907,0.19062180573660778,0.1320261882608536
final,3,1,2,F0v2+F7_document,session3_participant1_gesture15_trial6,15,0.25128044527671184,0.5486640162791915,0.13398810873070707,0.06606742971338962
final,3,1,2,F0v2,session3_participant1_gesture15_trial7,15,0.3064081747726721,0.3978749283232323,0.046058040237123725,0.2496588566669719
final,3,1,2,F7_document,session3_participant1_gesture15_trial7,15,0.2641947651127458,0.3117821075599823,0.23596526823066288,0.18805785909660908
final,3,1,2,F0v2+F7_document,session3_participant1_gesture15_trial7,15,0.285301469942709,0.3548285179416073,0.1410116542338933,0.21885835788179048
final,3,1,2,F0v2,session3_participant1_gesture16_trial6,16,0.0004656521633769613,0.034761863261810313,0.96477081660463,1.6679701825967142e-06
final,3,1,2,F7_document,session3_participant1_gesture16_trial6,16,0.1873975850483912,0.22419958845939822,0.47903545234763945,0.10936737414457111
final,3,1,2,F0v2+F7_document,session3_participant1_gesture16_trial6,16,0.09393161860588409,0.12948072586060427,0.7219031344761347,0.05468452105737685
final,3,1,2,F0v2,session3_participant1_gesture16_trial7,16,8.978069995534824e-05,0.010762673508155437,0.9888560883630811,0.0002914574288079516
final,3,1,2,F7_document,session3_participant1_gesture16_trial7,16,0.22096732942110475,0.2669288662704254,0.3696489595997689,0.14245484470870096
final,3,1,2,F0v2+F7_document,session3_participant1_gesture16_trial7,16,0.11052855506053005,0.13884576988929043,0.679252523981425,0.07137315106875446
final,3,1,2,F0v2,session3_participant1_gesture17_trial6,17,0.000307706863039321,8.966426654573854e-06,0.0016415245924661355,0.99804180211784
final,3,1,2,F7_document,session3_participant1_gesture17_trial6,17,0.1873721799337971,0.18478971736881472,0.10594097879776612,0.5218971238996221
final,3,1,2,F0v2+F7_document,session3_participant1_gesture17_trial6,17,0.09383994339841821,0.09239934189773465,0.05379125169511613,0.759969463008731
final,3,1,2,F0v2,session3_participant1_gesture17_trial7,17,0.0003765818002455515,8.02148987153755e-06,0.0018268503445427252,0.9977885463653402
final,3,1,2,F7_document,session3_participant1_gesture17_trial7,17,0.20108730080558582,0.2057791797587094,0.1294454530401629,0.46368806639554194
final,3,1,2,F0v2+F7_document,session3_participant1_gesture17_trial7,17,0.10073194130291568,0.10289360062429047,0.0656361516923528,0.7307383063804411
final,3,2,2,F0v2,session3_participant2_gesture4_trial6,4,0.20364305164516538,0.5428706799358255,0.20050731271867409,0.05297895570033494
final,3,2,2,F7_document,session3_participant2_gesture4_trial6,4,0.35992039762609673,0.30590158082148766,0.16148192934549616,0.17269609220691948
final,3,2,2,F0v2+F7_document,session3_participant2_gesture4_trial6,4,0.28178172463563106,0.4243861303786566,0.18099462103208513,0.1128375239536272
final,3,2,2,F0v2,session3_participant2_gesture4_trial7,4,0.03877887182425184,0.8657940027856857,0.009348973126791116,0.08607815226327134
final,3,2,2,F7_document,session3_participant2_gesture4_trial7,4,0.352739390427885,0.2856813723576908,0.14915437692820158,0.21242486028622265
final,3,2,2,F0v2+F7_document,session3_participant2_gesture4_trial7,4,0.1957591311260684,0.5757376875716883,0.07925167502749635,0.14925150627474698
final,3,2,2,F0v2,session3_participant2_gesture15_trial6,15,0.00038601275772263337,0.9844600039212171,0.007344523279800074,0.0078094600412601895
final,3,2,2,F7_document,session3_participant2_gesture15_trial6,15,0.35891857885441175,0.3245443332126744,0.16319860432010866,0.15333848361280508
final,3,2,2,F0v2+F7_document,session3_participant2_gesture15_trial6,15,0.1796522958060672,0.6545021685669458,0.08527156379995436,0.08057397182703263
final,3,2,2,F0v2,session3_participant2_gesture15_trial7,15,0.00012014584165379678,0.9959138898185078,0.003751222055749531,0.0002147422840890127
final,3,2,2,F7_document,session3_participant2_gesture15_trial7,15,0.34006010113783375,0.3747367070534464,0.1857216716275748,0.09948152018114488
final,3,2,2,F0v2+F7_document,session3_participant2_gesture15_trial7,15,0.17009012348974378,0.6853252984359771,0.09473644684166217,0.04984813123261694
final,3,2,2,F0v2,session3_participant2_gesture16_trial6,16,0.0009059083767059813,0.0006187641872029428,0.9984749744647459,3.5297134509196123e-07
final,3,2,2,F7_document,session3_participant2_gesture16_trial6,16,0.21185917687183925,0.27427212192039063,0.4415474546044964,0.07232124660327374
final,3,2,2,F0v2+F7_document,session3_participant2_gesture16_trial6,16,0.10638254262427262,0.1374454430537968,0.7200112145346211,0.03616079978730942
final,3,2,2,F0v2,session3_participant2_gesture16_trial7,16,0.00012297025086248665,0.0004359649524421362,0.9994178030616251,2.3261735070258185e-05
final,3,2,2,F7_document,session3_participant2_gesture16_trial7,16,0.2111682342404689,0.25508061953839384,0.46102382767447675,0.07272731854666055
final,3,2,2,F0v2+F7_document,session3_participant2_gesture16_trial7,16,0.1056456022456657,0.127758292245418,0.730220815368051,0.0363752901408654
final,3,2,2,F0v2,session3_participant2_gesture17_trial6,17,5.276047761188206e-05,5.375232070587196e-05,9.125656636755515e-06,0.9998843615450455
final,3,2,2,F7_document,session3_participant2_gesture17_trial6,17,0.1668792275132214,0.12456444501478353,0.07100866285244521,0.6375476646195498
final,3,2,2,F0v2+F7_document,session3_participant2_gesture17_trial6,17,0.08346599399541664,0.0623090986677447,0.035508894254540985,0.8187160130822977
final,3,2,2,F0v2,session3_participant2_gesture17_trial7,17,7.582854053872612e-05,1.0229583796439798e-05,2.4419534493490775e-05,0.9998895223411715
final,3,2,2,F7_document,session3_participant2_gesture17_trial7,17,0.1520079080355722,0.11233666680298694,0.06544068889077213,0.6702147362706686
final,3,2,2,F0v2+F7_document,session3_participant2_gesture17_trial7,17,0.07604186828805547,0.05617344819339169,0.03273255421263281,0.8350521293059201
final,3,3,2,F0v2,session3_participant3_gesture4_trial6,4,0.7633846530557433,0.2233516668365185,0.013255190634321339,8.489473416806182e-06
final,3,3,2,F7_document,session3_participant3_gesture4_trial6,4,0.3606229042232081,0.3361583598490036,0.26990604673835933,0.03331268918942901
final,3,3,2,F0v2+F7_document,session3_participant3_gesture4_trial6,4,0.5620037786394757,0.27975501334276104,0.14158061868634034,0.016660589331422906
final,3,3,2,F0v2,session3_participant3_gesture4_trial7,4,0.7441891166054811,0.24266394058767596,0.013145255782494316,1.6870243485170087e-06
final,3,3,2,F7_document,session3_participant3_gesture4_trial7,4,0.37453826933292755,0.33318323317357107,0.260377668631284,0.03190082886221719
final,3,3,2,F0v2+F7_document,session3_participant3_gesture4_trial7,4,0.5593636929692043,0.2879235868806235,0.13676146220688915,0.015951257943282855
final,3,3,2,F0v2,session3_participant3_gesture15_trial6,15,0.04016034698656444,0.9507913447738922,0.009044501742744978,3.8064967984070653e-06
final,3,3,2,F7_document,session3_participant3_gesture15_trial6,15,0.3043264703242178,0.39068375456079374,0.2874809523855305,0.01750882272945812
final,3,3,2,F0v2+F7_document,session3_participant3_gesture15_trial6,15,0.17224340865539112,0.6707375496673429,0.14826272706413773,0.008756314613128263
final,3,3,2,F0v2,session3_participant3_gesture15_trial7,15,0.025803244340450063,0.9736852724301281,0.0005114808953510214,2.3340707679841636e-09
final,3,3,2,F7_document,session3_participant3_gesture15_trial7,15,0.35543007610089966,0.36183726221548757,0.26330919402039854,0.019423467663214237
final,3,3,2,F0v2+F7_document,session3_participant3_gesture15_trial7,15,0.19061666022067486,0.6677612673228078,0.13191033745787478,0.009711734998642502
final,3,3,2,F0v2,session3_participant3_gesture16_trial6,16,0.0029252227182530953,0.04884958826284791,0.9482140979725453,1.1091046353854822e-05
final,3,3,2,F7_document,session3_participant3_gesture16_trial6,16,0.3018376234074838,0.36211434998780145,0.3191157129888511,0.016932313615863594
final,3,3,2,F0v2+F7_document,session3_participant3_gesture16_trial6,16,0.15238142306286845,0.20548196912532468,0.6336649054806982,0.008471702331108725
final,3,3,2,F0v2,session3_participant3_gesture16_trial7,16,0.0016248771089861936,0.0379738252276966,0.9604007835651387,5.140981784997898e-07
final,3,3,2,F7_document,session3_participant3_gesture16_trial7,16,0.3154053154256987,0.3572749590104619,0.31461445178106723,0.012705273782772124
final,3,3,2,F0v2+F7_document,session3_participant3_gesture16_trial7,16,0.15851509626734245,0.19762439211907926,0.6375076176731029,0.006352893940475312
final,3,3,2,F0v2,session3_participant3_gesture17_trial6,17,0.00010784308038395042,6.662487333842989e-07,0.0012849868297976198,0.9986065038410851
final,3,3,2,F7_document,session3_participant3_gesture17_trial6,17,0.024519073155478938,0.02394170617531246,0.02619855801124435,0.9253406626579642
final,3,3,2,F0v2+F7_document,session3_participant3_gesture17_trial6,17,0.012313458117931443,0.011971186212022922,0.013741772420520985,0.9619735832495246
final,3,3,2,F0v2,session3_participant3_gesture17_trial7,17,9.6874830790538e-05,7.058121034732904e-07,0.0012688075049725061,0.9986336118521334
final,3,3,2,F7_document,session3_participant3_gesture17_trial7,17,0.028864241868578836,0.0283201485166069,0.031076499159061497,0.9117391104557527
final,3,3,2,F0v2+F7_document,session3_participant3_gesture17_trial7,17,0.014480558349684687,0.014160427164355187,0.016172653332017003,0.9551863611539431
final,3,4,2,F0v2,session3_participant4_gesture4_trial6,4,0.8854533455149364,0.06189093118752875,0.052553997635218494,0.00010172566231640692
final,3,4,2,F7_document,session3_participant4_gesture4_trial6,4,0.36329664001038225,0.31374174268177135,0.2725327989118052,0.05042881839604121
final,3,4,2,F0v2+F7_document,session3_participant4_gesture4_trial6,4,0.6243749927626593,0.18781633693465005,0.16254339827351186,0.025265272029178807
final,3,4,2,F0v2,session3_participant4_gesture4_trial7,4,0.8279923135667971,0.024663295155841276,0.01221353334610825,0.13513085793125337
final,3,4,2,F7_document,session3_participant4_gesture4_trial7,4,0.2780750038202514,0.304000174923129,0.29740264458797416,0.1205221766686455
final,3,4,2,F0v2+F7_document,session3_participant4_gesture4_trial7,4,0.5530336586935243,0.16433173503948512,0.1548080889670412,0.12782651729994943
final,3,4,2,F0v2,session3_participant4_gesture15_trial6,15,0.01793120132571092,0.9581409275331643,0.023693717278008404,0.0002341538631165948
final,3,4,2,F7_document,session3_participant4_gesture15_trial6,15,0.24817148614129256,0.38371734598456353,0.3123733298434933,0.05573783803065052
final,3,4,2,F0v2+F7_document,session3_participant4_gesture15_trial6,15,0.13305134373350175,0.6709291367588639,0.16803352356075085,0.027985995946883557
final,3,4,2,F0v2,session3_participant4_gesture15_trial7,15,0.01926963334477158,0.8964091710565234,0.05317897689224345,0.03114221870646156
final,3,4,2,F7_document,session3_participant4_gesture15_trial7,15,0.19723109978783693,0.34253873526023443,0.35463014431974493,0.1056000206321837
final,3,4,2,F0v2+F7_document,session3_participant4_gesture15_trial7,15,0.10825036656630425,0.6194739531583789,0.20390456060599418,0.06837111966932263
final,3,4,2,F0v2,session3_participant4_gesture16_trial6,16,0.06424808790011216,0.0014127532868673167,0.9293400972402247,0.004999061572796033
final,3,4,2,F7_document,session3_participant4_gesture16_trial6,16,0.25525420352247585,0.3200857420249988,0.33810277986938553,0.08655727458313989
final,3,4,2,F0v2+F7_document,session3_participant4_gesture16_trial6,16,0.159751145711294,0.16074924765593304,0.6337214385548051,0.04577816807796796
final,3,4,2,F0v2,session3_participant4_gesture16_trial7,16,0.05131605868655054,0.0016865349429139957,0.8430938746763779,0.10390353169415749
final,3,4,2,F7_document,session3_participant4_gesture16_trial7,16,0.20271020160519182,0.25440157663765456,0.3705813244561152,0.1723068973010385
final,3,4,2,F0v2+F7_document,session3_participant4_gesture16_trial7,16,0.12701313014587118,0.12804405579028427,0.6068375995662465,0.138105214497598
final,3,4,2,F0v2,session3_participant4_gesture17_trial6,17,0.00023211950166126923,3.289270091268813e-06,0.011911004323281326,0.987853586904966
final,3,4,2,F7_document,session3_participant4_gesture17_trial6,17,0.0806880622035331,0.09364764405107882,0.11111782835357513,0.7145464653918129
final,3,4,2,F0v2+F7_document,session3_participant4_gesture17_trial6,17,0.040460090852597184,0.04682546666058505,0.061514416338428225,0.8512000261483894
final,3,4,2,F0v2,session3_participant4_gesture17_trial7,17,3.564598918132e-05,2.785381304245721e-07,0.0009142724577337194,0.9990498030149545
final,3,4,2,F7_document,session3_participant4_gesture17_trial7,17,0.07961879071402848,0.08651936663567837,0.1023199294606693,0.7315419131896238
final,3,4,2,F0v2+F7_document,session3_participant4_gesture17_trial7,17,0.0398272183516049,0.043259822586904396,0.05161710095920151,0.8652958581022892
final,3,5,2,F0v2,session3_participant5_gesture4_trial6,4,0.3131035448165818,0.0017856532202236838,0.08272543526809627,0.6023853666950981
final,3,5,2,F7_document,session3_participant5_gesture4_trial6,4,0.3725649982221801,0.2986201403994727,0.1782056265078991,0.15060923487044808
final,3,5,2,F0v2+F7_document,session3_participant5_gesture4_trial6,4,0.34283427151938095,0.1502028968098482,0.13046553088799767,0.3764973007827731
final,3,5,2,F0v2,session3_participant5_gesture4_trial7,4,0.8891886760174893,0.006970410047275312,0.08826257857536378,0.015578335359871508
final,3,5,2,F7_document,session3_participant5_gesture4_trial7,4,0.3315951063699932,0.3201175986984103,0.2280264022409963,0.12026089269060022
final,3,5,2,F0v2+F7_document,session3_participant5_gesture4_trial7,4,0.6103918911937413,0.1635440043728428,0.15814449040818004,0.06791961402523587
final,3,5,2,F0v2,session3_participant5_gesture15_trial6,15,0.1328555792653773,0.8094974931946602,0.04926797618699895,0.008378951352963425
final,3,5,2,F7_document,session3_participant5_gesture15_trial6,15,0.2973202643542062,0.32704611759519514,0.26778168338557357,0.10785193466502506
final,3,5,2,F0v2+F7_document,session3_participant5_gesture15_trial6,15,0.21508792180979175,0.5682718053949277,0.15852482978628626,0.05811544300899424
final,3,5,2,F0v2,session3_participant5_gesture15_trial7,15,0.07333283871358005,0.9079271808955259,0.01848163241002539,0.00025834798086870643
final,3,5,2,F7_document,session3_participant5_gesture15_trial7,15,0.2776895223253987,0.32349646324767267,0.30209009369760703,0.09672392072932164
final,3,5,2,F0v2+F7_document,session3_participant5_gesture15_trial7,15,0.17551118051948936,0.6157118220715994,0.1602858630538162,0.048491134355095174
final,3,5,2,F0v2,session3_participant5_gesture16_trial6,16,4.152779501039362e-05,0.02303143055505162,0.9769254497878911,1.591862046964439e-06
final,3,5,2,F7_document,session3_participant5_gesture16_trial6,16,0.22663972889694842,0.27926878425674584,0.4142018765703311,0.07988961027597478
final,3,5,2,F0v2+F7_document,session3_participant5_gesture16_trial6,16,0.11334062834597941,0.15115010740589874,0.6955636631791111,0.03994560106901088
final,3,5,2,F0v2,session3_participant5_gesture16_trial7,16,0.0009157068927033414,0.005383877896386527,0.9936785765621478,2.1838648762363835e-05
final,3,5,2,F7_document,session3_participant5_gesture16_trial7,16,0.2696105071545628,0.3094365984157589,0.3259951096223323,0.09495778480734594
final,3,5,2,F0v2+F7_document,session3_participant5_gesture16_trial7,16,0.13526310702363306,0.1574102381560727,0.65983684309224,0.04748981172805415
final,3,5,2,F0v2,session3_participant5_gesture17_trial6,17,6.008404748589041e-06,4.5672066187323455e-08,0.00023612598823839154,0.999757819934947
final,3,5,2,F7_document,session3_participant5_gesture17_trial6,17,0.17879209129687734,0.12230469679092495,0.07481596554070107,0.6240872463714967
final,3,5,2,F0v2+F7_document,session3_participant5_gesture17_trial6,17,0.08939904985081297,0.06115237123149557,0.03752604576446973,0.8119225331532218
final,3,5,2,F0v2,session3_participant5_gesture17_trial7,17,2.0053128428008546e-05,1.0173036816595561e-07,0.0004400423727698386,0.9995398027684341
final,3,5,2,F7_document,session3_participant5_gesture17_trial7,17,0.19150937284299266,0.12998843182042152,0.07882075605012359,0.5996814392864623
final,3,5,2,F0v2+F7_document,session3_participant5_gesture17_trial7,17,0.09576471298571033,0.06499426677539484,0.03963039921144672,0.7996106210274483
final,3,6,2,F0v2,session3_participant6_gesture4_trial6,4,0.7902681383066232,0.012633107186268904,0.19442781187408056,0.0026709426330273683
final,3,6,2,F7_document,session3_participant6_gesture4_trial6,4,0.40916593708055055,0.27787667152556794,0.2561148801301774,0.05684251126370397
final,3,6,2,F0v2+F7_document,session3_participant6_gesture4_trial6,4,0.5997170376935869,0.14525488935591843,0.225271346002129,0.029756726948365668
final,3,6,2,F0v2,session3_participant6_gesture4_trial7,4,0.8764151609635982,0.001915398461204629,0.08440597084303392,0.03726346973216332
final,3,6,2,F7_document,session3_participant6_gesture4_trial7,4,0.3053259843806871,0.2962498632973463,0.303450038929831,0.09497411339213561
final,3,6,2,F0v2+F7_document,session3_participant6_gesture4_trial7,4,0.5908705726721426,0.14908263087927548,0.19392800488643247,0.06611879156214946
final,3,6,2,F0v2,session3_participant6_gesture15_trial6,15,0.0033656730528450643,0.9597588640634914,0.036870714286250016,4.748597413708893e-06
final,3,6,2,F7_document,session3_participant6_gesture15_trial6,15,0.17751764899680908,0.4304708392950447,0.3624266789635051,0.029584832744641073
final,3,6,2,F0v2+F7_document,session3_participant6_gesture15_trial6,15,0.09044166102482708,0.695114851679268,0.19964869662487755,0.01479479067102739
final,3,6,2,F0v2,session3_participant6_gesture15_trial7,15,0.002896228457659038,0.9562356451097493,0.04086600998871347,2.1164438781786497e-06
final,3,6,2,F7_document,session3_participant6_gesture15_trial7,15,0.2582396043834901,0.3743268391079606,0.33252140697053373,0.034912149538015635
final,3,6,2,F0v2+F7_document,session3_participant6_gesture15_trial7,15,0.13056791642057455,0.665281242108855,0.1866937084796236,0.017457132990946908
final,3,6,2,F0v2,session3_participant6_gesture16_trial6,16,0.472202688761802,0.0007206305007124833,0.3440332249509812,0.18304345578650447
final,3,6,2,F7_document,session3_participant6_gesture16_trial6,16,0.3985249920672211,0.22680501416255747,0.24404686859451077,0.13062312517571065
final,3,6,2,F0v2+F7_document,session3_participant6_gesture16_trial6,16,0.43536384041451154,0.11376282233163497,0.294040046772746,0.15683329048110756
final,3,6,2,F0v2,session3_participant6_gesture16_trial7,16,0.024708274165483112,0.0006201547229351245,0.9746698355384195,1.7355731623531746e-06
final,3,6,2,F7_document,session3_participant6_gesture16_trial7,16,0.1932552469676226,0.3327730731898234,0.43759144001216,0.036380239830393846
final,3,6,2,F0v2+F7_document,session3_participant6_gesture16_trial7,16,0.10898176056655286,0.16669661395637927,0.7061306377752897,0.0181909877017781
final,3,6,2,F0v2,session3_participant6_gesture17_trial6,17,5.523878695659673e-06,5.358153182112854e-08,0.00022598710197631187,0.9997684354377963
final,3,6,2,F7_document,session3_participant6_gesture17_trial6,17,0.09284442751198119,0.04491172396945101,0.05182364341697995,0.8104202051015879
final,3,6,2,F0v2+F7_document,session3_participant6_gesture17_trial6,17,0.046424975695338426,0.022455888775491418,0.026024815259478133,0.905094320269692
final,3,6,2,F0v2,session3_participant6_gesture17_trial7,17,7.408341278482249e-06,4.503386426469805e-07,0.00021239277957942412,0.9997797485404994
final,3,6,2,F7_document,session3_participant6_gesture17_trial7,17,0.107347727909568,0.05251744200750746,0.0600255617504321,0.7801092683324925
final,3,6,2,F0v2+F7_document,session3_participant6_gesture17_trial7,17,0.053677568125423236,0.026258946173075053,0.030118977265005765,0.889944508436496
final,3,7,2,F0v2,session3_participant7_gesture4_trial6,4,0.6251248487649292,0.20959424315541725,0.16525504328478413,2.586479486930073e-05
final,3,7,2,F7_document,session3_participant7_gesture4_trial6,4,0.4305049456662268,0.3064847194362515,0.23842369501600308,0.024586639881518556
final,3,7,2,F0v2+F7_document,session3_participant7_gesture4_trial6,4,0.5278148972155781,0.25803948129583437,0.2018393691503936,0.012306252338193928
final,3,7,2,F0v2,session3_participant7_gesture4_trial7,4,0.7955625143035772,0.05788652728227223,0.14635261249299372,0.0001983459211568873
final,3,7,2,F7_document,session3_participant7_gesture4_trial7,4,0.398886604179069,0.22867136137324626,0.3316170517202415,0.040824982727443296
final,3,7,2,F0v2+F7_document,session3_participant7_gesture4_trial7,4,0.5972245592413231,0.14327894432775923,0.23898483210661758,0.020511664324300093
final,3,7,2,F0v2,session3_participant7_gesture15_trial6,15,0.25817106164730924,0.6019599552039728,0.13969093023706233,0.00017805291165564114
final,3,7,2,F7_document,session3_participant7_gesture15_trial6,15,0.3731470797751146,0.2728253881511998,0.3027770009875329,0.05125053108615267
final,3,7,2,F0v2+F7_document,session3_participant7_gesture15_trial6,15,0.3156590707112119,0.43739267167758633,0.22123396561229763,0.025714291998904154
final,3,7,2,F0v2,session3_participant7_gesture15_trial7,15,0.15689383001006593,0.8245671708825816,0.0185364931161673,2.50599118513115e-06
final,3,7,2,F7_document,session3_participant7_gesture15_trial7,15,0.3492722440474419,0.3236592343666647,0.3058566816239235,0.021211839961970024
final,3,7,2,F0v2+F7_document,session3_participant7_gesture15_trial7,15,0.2530830370287539,0.5741132026246232,0.1621965873700454,0.010607172976577577
final,3,7,2,F0v2,session3_participant7_gesture16_trial6,16,0.0034196485976708975,1.0736180952259762e-06,0.9960049598459653,0.0005743179382686813
final,3,7,2,F7_document,session3_participant7_gesture16_trial6,16,0.33420064299700786,0.21602579834574226,0.36837869218640995,0.0813948664708399
final,3,7,2,F0v2+F7_document,session3_participant7_gesture16_trial6,16,0.16881014579733938,0.10801343598191875,0.6821918260161877,0.04098459220455429
final,3,7,2,F0v2,session3_participant7_gesture16_trial7,16,0.005975380921594686,0.002203094193591764,0.9918209638869917,5.609978218493992e-07
final,3,7,2,F7_document,session3_participant7_gesture16_trial7,16,0.2942259080331918,0.35090430107527604,0.3369903949344267,0.017879395957105523
final,3,7,2,F0v2+F7_document,session3_participant7_gesture16_trial7,16,0.15010064447739324,0.1765536976344339,0.6644056794107092,0.008939978477463686
final,3,7,2,F0v2,session3_participant7_gesture17_trial6,17,1.2283500739668435e-05,1.1070285233844865e-07,0.00023191747106150095,0.9997556883253464
final,3,7,2,F7_document,session3_participant7_gesture17_trial6,17,0.054594687890168955,0.0335913293604163,0.047105079543951406,0.8647089032054632
final,3,7,2,F0v2+F7_document,session3_participant7_gesture17_trial6,17,0.02730348569545431,0.016795720031634317,0.023668498507506453,0.9322322957654048
final,3,7,2,F0v2,session3_participant7_gesture17_trial7,17,9.95830001645143e-06,8.366649153679473e-08,0.0002263315640601588,0.9997636264694318
final,3,7,2,F7_document,session3_participant7_gesture17_trial7,17,0.03715135922389729,0.023187629592546166,0.030706845035870376,0.9089541661476861
final,3,7,2,F0v2+F7_document,session3_participant7_gesture17_trial7,17,0.018580658761956872,0.011593856629518852,0.015466588299965268,0.954358896308559
final,3,8,2,F0v2,session3_participant8_gesture4_trial6,4,0.8322600988539589,0.1160597598531561,0.05162374532574976,5.639596713526374e-05
final,3,8,2,F7_document,session3_participant8_gesture4_trial6,4,0.27659312711023043,0.43899847844599266,0.2765017857811627,0.007906608662614218
final,3,8,2,F0v2+F7_document,session3_participant8_gesture4_trial6,4,0.5544266129820947,0.2775291191495744,0.16406276555345622,0.0039815023148747405
final,3,8,2,F0v2,session3_participant8_gesture4_trial7,4,0.6839916977882645,0.30718240519338474,0.008825875357808578,2.1660542216529584e-08
final,3,8,2,F7_document,session3_participant8_gesture4_trial7,4,0.42196943245458013,0.24658254975870897,0.32806744672174204,0.0033805710649687896
final,3,8,2,F0v2+F7_document,session3_participant8_gesture4_trial7,4,0.5529805651214224,0.2768824774760469,0.16844666103977532,0.0016902963627555031
final,3,8,2,F0v2,session3_participant8_gesture15_trial6,15,0.4491948057536854,0.5362577838988863,0.0144912960771546,5.6114270273715455e-05
final,3,8,2,F7_document,session3_participant8_gesture15_trial6,15,0.26272282172142236,0.441331970751609,0.28760398337256443,0.00834122415440407
final,3,8,2,F0v2+F7_document,session3_participant8_gesture15_trial6,15,0.3559588137375539,0.4887948773252477,0.15104763972485952,0.004198669212338893
final,3,8,2,F0v2,session3_participant8_gesture15_trial7,15,0.09608723705126686,0.8959414785640571,0.007971160154351372,1.2423032445602547e-07
final,3,8,2,F7_document,session3_participant8_gesture15_trial7,15,0.42220878126734634,0.26970966129634527,0.30431154360663343,0.0037700138296748453
final,3,8,2,F0v2+F7_document,session3_participant8_gesture15_trial7,15,0.2591480091593066,0.5828255699302012,0.1561413518804924,0.0018850690299996506
final,3,8,2,F0v2,session3_participant8_gesture16_trial6,16,0.004313208117661143,0.3906970958976706,0.6049867278448479,2.9681398203691908e-06
final,3,8,2,F7_document,session3_participant8_gesture16_trial6,16,0.2537221871189243,0.3555048158483229,0.38426906789884424,0.006503929133908664
final,3,8,2,F0v2+F7_document,session3_participant8_gesture16_trial6,16,0.1290176976182927,0.37310095587299674,0.494627897871846,0.0032534486368645168
final,3,8,2,F0v2,session3_participant8_gesture16_trial7,16,0.01608320806242581,0.5169728333294954,0.46694346521983604,4.933882427504179e-07
final,3,8,2,F7_document,session3_participant8_gesture16_trial7,16,0.3872793719806277,0.27299875496073994,0.33587299793004993,0.0038488751285824423
final,3,8,2,F0v2+F7_document,session3_participant8_gesture16_trial7,16,0.20168129002152674,0.3949857941451177,0.401408231574943,0.0019246842584125963
final,3,8,2,F0v2,session3_participant8_gesture17_trial6,17,0.00013979544882444813,7.486272940534129e-07,0.0007004618161503283,0.9991589941077311
final,3,8,2,F7_document,session3_participant8_gesture17_trial6,17,0.02277764169435569,0.026197168505711674,0.019430675845006816,0.9315945139549258
final,3,8,2,F0v2+F7_document,session3_participant8_gesture17_trial6,17,0.011458718571590068,0.013098958566502863,0.010065568830578572,0.9653767540313285
final,3,8,2,F0v2,session3_participant8_gesture17_trial7,17,0.004568112375327816,7.205207145523872e-05,0.02501029874403377,0.9703495368091831
final,3,8,2,F7_document,session3_participant8_gesture17_trial7,17,0.14443326864545816,0.15944649964140006,0.116676023721461,0.5794442079916807
final,3,8,2,F0v2+F7_document,session3_participant8_gesture17_trial7,17,0.07450069051039299,0.07975927585642766,0.07084316123274739,0.7748968724004319
final,3,1,5,F0v2,session3_participant1_gesture4_trial6,4,0.8556143255285236,0.13725456546893441,0.006001129462707332,0.00112997953983463
final,3,1,5,F7_document,session3_participant1_gesture4_trial6,4,0.3185791528505279,0.3894642685903847,0.14383644862723952,0.14812012993184784
final,3,1,5,F0v2+F7_document,session3_participant1_gesture4_trial6,4,0.5870967391895258,0.26335941702965954,0.07491878904497343,0.07462505473584123
final,3,1,5,F0v2,session3_participant1_gesture4_trial7,4,0.8855035503829988,0.09265132141427161,0.015922015349383135,0.005923112853346361
final,3,1,5,F7_document,session3_participant1_gesture4_trial7,4,0.3794307713227813,0.364376051477054,0.09400081929575313,0.16219235790441167
final,3,1,5,F0v2+F7_document,session3_participant1_gesture4_trial7,4,0.63246716085289,0.2285136864456628,0.05496141732256813,0.08405773537887902
final,3,1,5,F0v2,session3_participant1_gesture15_trial6,15,0.1787444455544758,0.7437924715547923,0.07735441172480635,0.00010867116592563139
final,3,1,5,F7_document,session3_participant1_gesture15_trial6,15,0.33278601294774196,0.37818916647785367,0.13875241711091196,0.15027240346349238
final,3,1,5,F0v2+F7_document,session3_participant1_gesture15_trial6,15,0.2557652292511089,0.560990819016323,0.10805341441785915,0.07519053731470901
final,3,1,5,F0v2,session3_participant1_gesture15_trial7,15,0.3064081747726721,0.3978749283232323,0.046058040237123725,0.2496588566669719
final,3,1,5,F7_document,session3_participant1_gesture15_trial7,15,0.2617394155841818,0.3316393116057595,0.2335781284741894,0.1730431443358694
final,3,1,5,F0v2+F7_document,session3_participant1_gesture15_trial7,15,0.28407379517842696,0.3647571199644959,0.13981808435565657,0.21135100050142064
final,3,1,5,F0v2,session3_participant1_gesture16_trial6,16,0.0004656521633769613,0.034761863261810313,0.96477081660463,1.6679701825967142e-06
final,3,1,5,F7_document,session3_participant1_gesture16_trial6,16,0.1342176825590293,0.1803850720093146,0.6018908416883993,0.08350640374325682
final,3,1,5,F0v2+F7_document,session3_participant1_gesture16_trial6,16,0.06734166736120313,0.10757346763556247,0.7833308291465146,0.04175403585671971
final,3,1,5,F0v2,session3_participant1_gesture16_trial7,16,8.978069995534824e-05,0.010762673508155437,0.9888560883630811,0.0002914574288079516
final,3,1,5,F7_document,session3_participant1_gesture16_trial7,16,0.17915280474017473,0.2381840283622858,0.4681255166602254,0.11453765023731402
final,3,1,5,F0v2+F7_document,session3_participant1_gesture16_trial7,16,0.08962129272006504,0.12447335093522062,0.7284908025116532,0.05741455383306099
final,3,1,5,F0v2,session3_participant1_gesture17_trial6,17,0.000307706863039321,8.966426654573854e-06,0.0016415245924661355,0.99804180211784
final,3,1,5,F7_document,session3_participant1_gesture17_trial6,17,0.22094964773726064,0.19704446207489193,0.06677827704395932,0.5152276131438881
final,3,1,5,F0v2+F7_document,session3_participant1_gesture17_trial6,17,0.11062867730014998,0.09852671425077325,0.03420990081821273,0.756634707630864
final,3,1,5,F0v2,session3_participant1_gesture17_trial7,17,0.0003765818002455515,8.02148987153755e-06,0.0018268503445427252,0.9977885463653402
final,3,1,5,F7_document,session3_participant1_gesture17_trial7,17,0.24881266929623733,0.2478866088905115,0.09909529006906476,0.4042054317441865
final,3,1,5,F0v2+F7_document,session3_participant1_gesture17_trial7,17,0.12459462554824144,0.12394731519019152,0.05046107020680374,0.7009969890547634
final,3,2,5,F0v2,session3_participant2_gesture4_trial6,4,0.20364305164516538,0.5428706799358255,0.20050731271867409,0.05297895570033494
final,3,2,5,F7_document,session3_participant2_gesture4_trial6,4,0.3827415747356611,0.31161924373072486,0.1499800921060052,0.155659089427609
final,3,2,5,F0v2+F7_document,session3_participant2_gesture4_trial6,4,0.2931923131904133,0.4272449618332752,0.17524370241233964,0.10431902256397196
final,3,2,5,F0v2,session3_participant2_gesture4_trial7,4,0.03877887182425184,0.8657940027856857,0.009348973126791116,0.08607815226327134
final,3,2,5,F7_document,session3_participant2_gesture4_trial7,4,0.3779246133852828,0.30216942811588376,0.14405442471898675,0.17585153377984675
final,3,2,5,F0v2+F7_document,session3_participant2_gesture4_trial7,4,0.20835174260476733,0.5839817154507847,0.07670169892288893,0.13096484302155903
final,3,2,5,F0v2,session3_participant2_gesture15_trial6,15,0.00038601275772263337,0.9844600039212171,0.007344523279800074,0.0078094600412601895
final,3,2,5,F7_document,session3_participant2_gesture15_trial6,15,0.36097493994724195,0.35390073749498824,0.1562626941667194,0.12886162839105061
final,3,2,5,F0v2+F7_document,session3_participant2_gesture15_trial6,15,0.1806804763524823,0.6691803707081027,0.08180360872325973,0.0683355442161554
final,3,2,5,F0v2,session3_participant2_gesture15_trial7,15,0.00012014584165379678,0.9959138898185078,0.003751222055749531,0.0002147422840890127
final,3,2,5,F7_document,session3_participant2_gesture15_trial7,15,0.32186973422721027,0.38903739140359667,0.1839531166638949,0.10513975770529826
final,3,2,5,F0v2+F7_document,session3_participant2_gesture15_trial7,15,0.16099494003443204,0.6924756406110523,0.09385216935982223,0.052677249994693635
final,3,2,5,F0v2,session3_participant2_gesture16_trial6,16,0.0009059083767059813,0.0006187641872029428,0.9984749744647459,3.5297134509196123e-07
final,3,2,5,F7_document,session3_participant2_gesture16_trial6,16,0.19767416405766994,0.22970516965421775,0.4847388856489546,0.0878817806391576
final,3,2,5,F0v2+F7_document,session3_participant2_gesture16_trial6,16,0.09929003621718796,0.11516196692071035,0.7416069300568502,0.043941066805251346
final,3,2,5,F0v2,session3_participant2_gesture16_trial7,16,0.00012297025086248665,0.0004359649524421362,0.9994178030616251,2.3261735070258185e-05
final,3,2,5,F7_document,session3_participant2_gesture16_trial7,16,0.2010434759134788,0.23234400384598994,0.46247259595247125,0.10413992428805997
final,3,2,5,F0v2+F7_document,session3_participant2_gesture16_trial7,16,0.10058322308217064,0.11638998439921604,0.7309451995070482,0.05208159301156511
final,3,2,5,F0v2,session3_participant2_gesture17_trial6,17,5.276047761188206e-05,5.375232070587196e-05,9.125656636755515e-06,0.9998843615450455
final,3,2,5,F7_document,session3_participant2_gesture17_trial6,17,0.22143207380687646,0.17547956687644653,0.09722456508938271,0.5058637942272943
final,3,2,5,F0v2+F7_document,session3_participant2_gesture17_trial6,17,0.11074241714224417,0.0877666595985762,0.04861684537300973,0.7528740778861699
final,3,2,5,F0v2,session3_participant2_gesture17_trial7,17,7.582854053872612e-05,1.0229583796439798e-05,2.4419534493490775e-05,0.9998895223411715
final,3,2,5,F7_document,session3_participant2_gesture17_trial7,17,0.1879585445445216,0.14825586341297442,0.08618766283832574,0.5775979292041783
final,3,2,5,F0v2+F7_document,session3_participant2_gesture17_trial7,17,0.09401718654253016,0.07413304649838542,0.043106041186409615,0.7887437257726748
final,3,3,5,F0v2,session3_participant3_gesture4_trial6,4,0.7633846530557433,0.2233516668365185,0.013255190634321339,8.489473416806182e-06
final,3,3,5,F7_document,session3_participant3_gesture4_trial6,4,0.3918572222388612,0.2977654602767671,0.27811403183661415,0.03226328564775763
final,3,3,5,F0v2+F7_document,session3_participant3_gesture4_trial6,4,0.5776209376473023,0.2605585635566428,0.14568461123546775,0.016135887560587217
final,3,3,5,F0v2,session3_participant3_gesture4_trial7,4,0.7441891166054811,0.24266394058767596,0.013145255782494316,1.6870243485170087e-06
final,3,3,5,F7_document,session3_participant3_gesture4_trial7,4,0.43645351177008324,0.29268266039849905,0.2459458201522397,0.024918007679177994
final,3,3,5,F0v2+F7_document,session3_participant3_gesture4_trial7,4,0.5903213141877822,0.2676733004930875,0.129545537967367,0.012459847351763255
final,3,3,5,F0v2,session3_participant3_gesture15_trial6,15,0.04016034698656444,0.9507913447738922,0.009044501742744978,3.8064967984070653e-06
final,3,3,5,F7_document,session3_participant3_gesture15_trial6,15,0.27521320338689126,0.3724255945651719,0.3275461990734074,0.02481500297452947
final,3,3,5,F0v2+F7_document,session3_participant3_gesture15_trial6,15,0.15768677518672786,0.661608469669532,0.16829535040807617,0.012409404735663938
final,3,3,5,F0v2,session3_participant3_gesture15_trial7,15,0.025803244340450063,0.9736852724301281,0.0005114808953510214,2.3340707679841636e-09
final,3,3,5,F7_document,session3_participant3_gesture15_trial7,15,0.3535387505764238,0.3575565328803215,0.26901096571017474,0.019893750833080006
final,3,3,5,F0v2+F7_document,session3_participant3_gesture15_trial7,15,0.18967099745843694,0.6656209026552249,0.13476122330276288,0.009946876583575386
final,3,3,5,F0v2,session3_participant3_gesture16_trial6,16,0.0029252227182530953,0.04884958826284791,0.9482140979725453,1.1091046353854822e-05
final,3,3,5,F7_document,session3_participant3_gesture16_trial6,16,0.2541034262486854,0.326342892300046,0.3963131823353351,0.02324049911593362
final,3,3,5,F0v2+F7_document,session3_participant3_gesture16_trial6,16,0.12851432448346925,0.18759624028144695,0.6722636401539401,0.011625795081143739
final,3,3,5,F0v2,session3_participant3_gesture16_trial7,16,0.0016248771089861936,0.0379738252276966,0.9604007835651387,5.140981784997898e-07
final,3,3,5,F7_document,session3_participant3_gesture16_trial7,16,0.28467065491638477,0.35921919849517026,0.33737520177925906,0.018734944809185895
final,3,3,5,F0v2+F7_document,session3_participant3_gesture16_trial7,16,0.14314776601268547,0.19859651186143343,0.6488879926721989,0.009367729453682198
final,3,3,5,F0v2,session3_participant3_gesture17_trial6,17,0.00010784308038395042,6.662487333842989e-07,0.0012849868297976198,0.9986065038410851
final,3,3,5,F7_document,session3_participant3_gesture17_trial6,17,0.045685063763073575,0.04016929139973422,0.05346740411875647,0.8606782407184358
final,3,3,5,F0v2+F7_document,session3_participant3_gesture17_trial6,17,0.022896453421728764,0.020084978824233803,0.027376195474277047,0.9296423722797604
final,3,3,5,F0v2,session3_participant3_gesture17_trial7,17,9.6874830790538e-05,7.058121034732904e-07,0.0012688075049725061,0.9986336118521334
final,3,3,5,F7_document,session3_participant3_gesture17_trial7,17,0.048655715822639244,0.04307967652455913,0.05741071920512724,0.8508538884476744
final,3,3,5,F0v2+F7_document,session3_participant3_gesture17_trial7,17,0.02437629532671489,0.0215401911683313,0.029339763355049873,0.9247437501499038
final,3,4,5,F0v2,session3_participant4_gesture4_trial6,4,0.8854533455149364,0.06189093118752875,0.052553997635218494,0.00010172566231640692
final,3,4,5,F7_document,session3_participant4_gesture4_trial6,4,0.3764215424194029,0.2922786828247381,0.2596625836231813,0.07163719113267787
final,3,4,5,F0v2+F7_document,session3_participant4_gesture4_trial6,4,0.6309374439671697,0.17708480700613344,0.1561082906291999,0.03586945839749714
final,3,4,5,F0v2,session3_participant4_gesture4_trial7,4,0.8279923135667971,0.024663295155841276,0.01221353334610825,0.13513085793125337
final,3,4,5,F7_document,session3_participant4_gesture4_trial7,4,0.2802793442362535,0.2859851767240765,0.3218903493222582,0.11184512971741183
final,3,4,5,F0v2+F7_document,session3_participant4_gesture4_trial7,4,0.5541358289015254,0.15532423593995887,0.16705194133418322,0.12348799382433259
final,3,4,5,F0v2,session3_participant4_gesture15_trial6,15,0.01793120132571092,0.9581409275331643,0.023693717278008404,0.0002341538631165948
final,3,4,5,F7_document,session3_participant4_gesture15_trial6,15,0.27766970342765834,0.3674328294273488,0.2896968877367165,0.06520057940827644
final,3,4,5,F0v2+F7_document,session3_participant4_gesture15_trial6,15,0.14780045237668463,0.6627868784802565,0.15669530250736244,0.032717366635696514
final,3,4,5,F0v2,session3_participant4_gesture15_trial7,15,0.01926963334477158,0.8964091710565234,0.05317897689224345,0.03114221870646156
final,3,4,5,F7_document,session3_participant4_gesture15_trial7,15,0.27460959319139583,0.28397044798435167,0.3101977250170331,0.13122223380721937
final,3,4,5,F0v2+F7_document,session3_participant4_gesture15_trial7,15,0.1469396132680837,0.5901898095204375,0.18168835095463826,0.08118222625684046
final,3,4,5,F0v2,session3_participant4_gesture16_trial6,16,0.06424808790011216,0.0014127532868673167,0.9293400972402247,0.004999061572796033
final,3,4,5,F7_document,session3_participant4_gesture16_trial6,16,0.24034938349677576,0.2756491537362138,0.40908291469604957,0.07491854807096093
final,3,4,5,F0v2+F7_document,session3_participant4_gesture16_trial6,16,0.15229873569844396,0.13853095351154054,0.6692115059681372,0.03995880482187848
final,3,4,5,F0v2,session3_participant4_gesture16_trial7,16,0.05131605868655054,0.0016865349429139957,0.8430938746763779,0.10390353169415749
final,3,4,5,F7_document,session3_participant4_gesture16_trial7,16,0.2587124757223549,0.22831073989696818,0.3445197661614912,0.16845701821918568
final,3,4,5,F0v2+F7_document,session3_participant4_gesture16_trial7,16,0.15501426720445272,0.11499863741994108,0.5938068204189345,0.1361802749566716
final,3,4,5,F0v2,session3_participant4_gesture17_trial6,17,0.00023211950166126923,3.289270091268813e-06,0.011911004323281326,0.987853586904966
final,3,4,5,F7_document,session3_participant4_gesture17_trial6,17,0.14448232896687402,0.12367237171907577,0.15500515200800016,0.57684014730605
final,3,4,5,F0v2+F7_document,session3_participant4_gesture17_trial6,17,0.07235722423426764,0.06183783049458352,0.08345807816564074,0.782346867105508
final,3,4,5,F0v2,session3_participant4_gesture17_trial7,17,3.564598918132e-05,2.785381304245721e-07,0.0009142724577337194,0.9990498030149545
final,3,4,5,F7_document,session3_participant4_gesture17_trial7,17,0.11667228055905361,0.09635330207291068,0.12038077162885306,0.6665936457391827
final,3,4,5,F0v2+F7_document,session3_participant4_gesture17_trial7,17,0.05835396327411747,0.04817679030552055,0.06064752204329339,0.8328217243770686
final,3,5,5,F0v2,session3_participant5_gesture4_trial6,4,0.3131035448165818,0.0017856532202236838,0.08272543526809627,0.6023853666950981
final,3,5,5,F7_document,session3_participant5_gesture4_trial6,4,0.39450705074509235,0.2654426182326463,0.10739674715889712,0.23265358386336427
final,3,5,5,F0v2+F7_document,session3_participant5_gesture4_trial6,4,0.3538052977808371,0.133614135726435,0.09506109121349669,0.41751947527923117
final,3,5,5,F0v2,session3_participant5_gesture4_trial7,4,0.8891886760174893,0.006970410047275312,0.08826257857536378,0.015578335359871508
final,3,5,5,F7_document,session3_participant5_gesture4_trial7,4,0.37137274290797884,0.3161351093425488,0.13049742143884338,0.18199472631062913
final,3,5,5,F0v2+F7_document,session3_participant5_gesture4_trial7,4,0.6302807094627341,0.16155275969491206,0.10938000000710357,0.09878653083525032
final,3,5,5,F0v2,session3_participant5_gesture15_trial6,15,0.1328555792653773,0.8094974931946602,0.04926797618699895,0.008378951352963425
final,3,5,5,F7_document,session3_participant5_gesture15_trial6,15,0.32265018413662794,0.3648680587906797,0.15037574030736875,0.1621060167653236
final,3,5,5,F0v2+F7_document,session3_participant5_gesture15_trial6,15,0.2277528817010026,0.58718277599267,0.09982185824718384,0.08524248405914352
final,3,5,5,F0v2,session3_participant5_gesture15_trial7,15,0.07333283871358005,0.9079271808955259,0.01848163241002539,0.00025834798086870643
final,3,5,5,F7_document,session3_participant5_gesture15_trial7,15,0.29379408006026037,0.37884843903296167,0.1901128792272731,0.13724460167950478
final,3,5,5,F0v2+F7_document,session3_participant5_gesture15_trial7,15,0.1835634593869202,0.6433878099642438,0.10429725581864925,0.06875147483018675
final,3,5,5,F0v2,session3_participant5_gesture16_trial6,16,4.152779501039362e-05,0.02303143055505162,0.9769254497878911,1.591862046964439e-06
final,3,5,5,F7_document,session3_participant5_gesture16_trial6,16,0.17473506116462842,0.2358432764778591,0.5057480978435437,0.08367356451396879
final,3,5,5,F0v2+F7_document,session3_participant5_gesture16_trial6,16,0.08738829447981941,0.12943735351645536,0.7413367738157174,0.04183757818800788
final,3,5,5,F0v2,session3_participant5_gesture16_trial7,16,0.0009157068927033414,0.005383877896386527,0.9936785765621478,2.1838648762363835e-05
final,3,5,5,F7_document,session3_participant5_gesture16_trial7,16,0.2691410352104212,0.34316951580086613,0.26264517655381664,0.12504427243489605
final,3,5,5,F0v2+F7_document,session3_participant5_gesture16_trial7,16,0.13502837105156226,0.17427669684862632,0.6281618765579822,0.06253305554182921
final,3,5,5,F0v2,session3_participant5_gesture17_trial6,17,6.008404748589041e-06,4.5672066187323455e-08,0.00023612598823839154,0.999757819934947
final,3,5,5,F7_document,session3_participant5_gesture17_trial6,17,0.24175002086777778,0.16156071978430442,0.07884181371796621,0.5178474456299516
final,3,5,5,F0v2+F7_document,session3_participant5_gesture17_trial6,17,0.12087801463626319,0.0807803827281853,0.039538969853102304,0.7588026327824493
final,3,5,5,F0v2,session3_participant5_gesture17_trial7,17,2.0053128428008546e-05,1.0173036816595561e-07,0.0004400423727698386,0.9995398027684341
final,3,5,5,F7_document,session3_participant5_gesture17_trial7,17,0.24028400586107876,0.15830727937603783,0.07388027995406549,0.527528434808818
final,3,5,5,F0v2+F7_document,session3_participant5_gesture17_trial7,17,0.12015202949475338,0.079153690553203,0.037160161163417665,0.763534118788626
final,3,6,5,F0v2,session3_participant6_gesture4_trial6,4,0.7902681383066232,0.012633107186268904,0.19442781187408056,0.0026709426330273683
final,3,6,5,F7_document,session3_participant6_gesture4_trial6,4,0.39297037061871404,0.25052828125718846,0.20844544285045413,0.1480559052736434
final,3,6,5,F0v2+F7_document,session3_participant6_gesture4_trial6,4,0.5916192544626686,0.1315806942217287,0.20143662736226736,0.07536342395333538
final,3,6,5,F0v2,session3_participant6_gesture4_trial7,4,0.8764151609635982,0.001915398461204629,0.08440597084303392,0.03726346973216332
final,3,6,5,F7_document,session3_participant6_gesture4_trial7,4,0.27994624305550914,0.25106549576048975,0.34836461170121286,0.1206236494827884
final,3,6,5,F0v2+F7_document,session3_participant6_gesture4_trial7,4,0.5781807020095536,0.1264904471108472,0.2163852912721234,0.07894355960747586
final,3,6,5,F0v2,session3_participant6_gesture15_trial6,15,0.0033656730528450643,0.9597588640634914,0.036870714286250016,4.748597413708893e-06
final,3,6,5,F7_document,session3_participant6_gesture15_trial6,15,0.1999174653152491,0.3291077239640872,0.4016906780845543,0.06928413263610947
final,3,6,5,F0v2+F7_document,session3_participant6_gesture15_trial6,15,0.10164156918404708,0.6444332940137893,0.21928069618540214,0.03464444061676159
final,3,6,5,F0v2,session3_participant6_gesture15_trial7,15,0.002896228457659038,0.9562356451097493,0.04086600998871347,2.1164438781786497e-06
final,3,6,5,F7_document,session3_participant6_gesture15_trial7,15,0.24558209843497258,0.40542073807652584,0.2679026226314585,0.08109454085704312
final,3,6,5,F0v2+F7_document,session3_participant6_gesture15_trial7,15,0.12423916344631582,0.6808281915931376,0.15438431631008598,0.04054832865046065
final,3,6,5,F0v2,session3_participant6_gesture16_trial6,16,0.472202688761802,0.0007206305007124833,0.3440332249509812,0.18304345578650447
final,3,6,5,F7_document,session3_participant6_gesture16_trial6,16,0.38296930421703584,0.2066558967631306,0.24251149524106272,0.16786330377877087
final,3,6,5,F0v2+F7_document,session3_participant6_gesture16_trial6,16,0.4275859964894189,0.10368826363192153,0.293272360096022,0.17545337978263767
final,3,6,5,F0v2,session3_participant6_gesture16_trial7,16,0.024708274165483112,0.0006201547229351245,0.9746698355384195,1.7355731623531746e-06
final,3,6,5,F7_document,session3_participant6_gesture16_trial7,16,0.19682663515956172,0.3346101571439729,0.3963398273161491,0.07222338038031625
final,3,6,5,F0v2+F7_document,session3_participant6_gesture16_trial7,16,0.11076745466252241,0.16761515593345402,0.6855048314272842,0.036112557976739304
final,3,6,5,F0v2,session3_participant6_gesture17_trial6,17,5.523878695659673e-06,5.358153182112854e-08,0.00022598710197631187,0.9997684354377963
final,3,6,5,F7_document,session3_participant6_gesture17_trial6,17,0.187191988878519,0.0894835782159073,0.09226929335116904,0.6310551395544046
final,3,6,5,F0v2+F7_document,session3_participant6_gesture17_trial6,17,0.09359875637860733,0.04474181589871956,0.04624764022657268,0.8154117874961004
final,3,6,5,F0v2,session3_participant6_gesture17_trial7,17,7.408341278482249e-06,4.503386426469805e-07,0.00021239277957942412,0.9997797485404994
final,3,6,5,F7_document,session3_participant6_gesture17_trial7,17,0.20377019142780614,0.09682032271892194,0.10103505118983984,0.5983744346634321
final,3,6,5,F0v2+F7_document,session3_participant6_gesture17_trial7,17,0.10188879988454232,0.04841038652878229,0.05062372198470963,0.7990770916019658
final,3,7,5,F0v2,session3_participant7_gesture4_trial6,4,0.6251248487649292,0.20959424315541725,0.16525504328478413,2.586479486930073e-05
final,3,7,5,F7_document,session3_participant7_gesture4_trial6,4,0.3904045963385735,0.3238503559337813,0.2269107202838789,0.05883432744376632
final,3,7,5,F0v2+F7_document,session3_participant7_gesture4_trial6,4,0.5077647225517514,0.26672229954459925,0.19608288178433153,0.029430096119317812
final,3,7,5,F0v2,session3_participant7_gesture4_trial7,4,0.7955625143035772,0.05788652728227223,0.14635261249299372,0.0001983459211568873
final,3,7,5,F7_document,session3_participant7_gesture4_trial7,4,0.3932556486776498,0.2573801771114729,0.2814620192369831,0.06790215497389432
final,3,7,5,F0v2+F7_document,session3_participant7_gesture4_trial7,4,0.5944090814906134,0.15763335219687255,0.2139073158649884,0.034050250447525604
final,3,7,5,F0v2,session3_participant7_gesture15_trial6,15,0.25817106164730924,0.6019599552039728,0.13969093023706233,0.00017805291165564114
final,3,7,5,F7_document,session3_participant7_gesture15_trial6,15,0.37759009397062787,0.2893471958366197,0.24026775774238426,0.09279495245036808
final,3,7,5,F0v2+F7_document,session3_participant7_gesture15_trial6,15,0.31788057780896856,0.4456535755202963,0.1899793439897233,0.04648650268101186
final,3,7,5,F0v2,session3_participant7_gesture15_trial7,15,0.15689383001006593,0.8245671708825816,0.0185364931161673,2.50599118513115e-06
final,3,7,5,F7_document,session3_participant7_gesture15_trial7,15,0.346611134363863,0.3394288627639111,0.2589480853624628,0.05501191750976322
final,3,7,5,F0v2+F7_document,session3_participant7_gesture15_trial7,15,0.25175248218696444,0.5819980168232464,0.13874228923931503,0.027507211750474176
final,3,7,5,F0v2,session3_participant7_gesture16_trial6,16,0.0034196485976708975,1.0736180952259762e-06,0.9960049598459653,0.0005743179382686813
final,3,7,5,F7_document,session3_participant7_gesture16_trial6,16,0.3300446907673408,0.23026630608635432,0.27881282110026523,0.1608761820460397
final,3,7,5,F0v2+F7_document,session3_participant7_gesture16_trial6,16,0.16673216968250584,0.11513368985222477,0.6374088904731152,0.08072524999215419
final,3,7,5,F0v2,session3_participant7_gesture16_trial7,16,0.005975380921594686,0.002203094193591764,0.9918209638869917,5.609978218493992e-07
final,3,7,5,F7_document,session3_participant7_gesture16_trial7,16,0.3154379444676527,0.31665714443738663,0.30821517044102725,0.05968974065393338
final,3,7,5,F0v2+F7_document,session3_participant7_gesture16_trial7,16,0.1607066626946237,0.1594301193154892,0.6500180671640094,0.029845150825877614
final,3,7,5,F0v2,session3_participant7_gesture17_trial6,17,1.2283500739668435e-05,1.1070285233844865e-07,0.00023191747106150095,0.9997556883253464
final,3,7,5,F7_document,session3_participant7_gesture17_trial6,17,0.12166164361275847,0.08069532004751102,0.08453312792478522,0.7131099084149453
final,3,7,5,F0v2+F7_document,session3_participant7_gesture17_trial6,17,0.06083696355674907,0.040347715375181684,0.042382522697923364,0.8564327983701459
final,3,7,5,F0v2,session3_participant7_gesture17_trial7,17,9.95830001645143e-06,8.366649153679473e-08,0.0002263315640601588,0.9997636264694318
final,3,7,5,F7_document,session3_participant7_gesture17_trial7,17,0.09739326112992769,0.06524430734168093,0.06540485384559501,0.7719575776827964
final,3,7,5,F0v2+F7_document,session3_participant7_gesture17_trial7,17,0.04870160971497207,0.03262219550408624,0.03281559270482758,0.8858606020761142
final,3,8,5,F0v2,session3_participant8_gesture4_trial6,4,0.8322600988539589,0.1160597598531561,0.05162374532574976,5.639596713526374e-05
final,3,8,5,F7_document,session3_participant8_gesture4_trial6,4,0.26709256781301727,0.4027461599925729,0.30338466670436637,0.026776605490043227
final,3,8,5,F0v2+F7_document,session3_participant8_gesture4_trial6,4,0.5496763333334881,0.2594029599228645,0.17750420601505806,0.013416500728589246
final,3,8,5,F0v2,session3_participant8_gesture4_trial7,4,0.6839916977882645,0.30718240519338474,0.008825875357808578,2.1660542216529584e-08
final,3,8,5,F7_document,session3_participant8_gesture4_trial7,4,0.4179171672774267,0.2730490610482618,0.29250179021785744,0.016531981456453897
final,3,8,5,F0v2+F7_document,session3_participant8_gesture4_trial7,4,0.5509544325328456,0.2901157331208233,0.15066383278783302,0.008266001558498057
final,3,8,5,F0v2,session3_participant8_gesture15_trial6,15,0.4491948057536854,0.5362577838988863,0.0144912960771546,5.6114270273715455e-05
final,3,8,5,F7_document,session3_participant8_gesture15_trial6,15,0.25031468530480716,0.3985649820449302,0.3242724595090358,0.026847873141226747
final,3,8,5,F0v2+F7_document,session3_participant8_gesture15_trial6,15,0.3497547455292463,0.46741138297190826,0.16938187779309521,0.013451993705750231
final,3,8,5,F0v2,session3_participant8_gesture15_trial7,15,0.09608723705126686,0.8959414785640571,0.007971160154351372,1.2423032445602547e-07
final,3,8,5,F7_document,session3_participant8_gesture15_trial7,15,0.4223934157142644,0.29163418487164483,0.26792554274991615,0.018046856664174497
final,3,8,5,F0v2+F7_document,session3_participant8_gesture15_trial7,15,0.2592403263827656,0.593787831717851,0.13794835145213377,0.009023490447249476
final,3,8,5,F0v2,session3_participant8_gesture16_trial6,16,0.004313208117661143,0.3906970958976706,0.6049867278448479,2.9681398203691908e-06
final,3,8,5,F7_document,session3_participant8_gesture16_trial6,16,0.23913501674999407,0.3140926719629763,0.4276578289646595,0.019114482322370133
final,3,8,5,F0v2+F7_document,session3_participant8_gesture16_trial6,16,0.12172411243382761,0.3523948839303235,0.5163222784047536,0.009558725231095251
final,3,8,5,F0v2,session3_participant8_gesture16_trial7,16,0.01608320806242581,0.5169728333294954,0.46694346521983604,4.933882427504179e-07
final,3,8,5,F7_document,session3_participant8_gesture16_trial7,16,0.38647841075689804,0.28968738036908076,0.3054615257432269,0.01837268313079445
final,3,8,5,F0v2+F7_document,session3_participant8_gesture16_trial7,16,0.20128080940966192,0.40333010684928805,0.38620249548153146,0.0091865882595186
final,3,8,5,F0v2,session3_participant8_gesture17_trial6,17,0.00013979544882444813,7.486272940534129e-07,0.0007004618161503283,0.9991589941077311
final,3,8,5,F7_document,session3_participant8_gesture17_trial6,17,0.05125678861069675,0.054627378089107934,0.03990816335658844,0.8542076699436069
final,3,8,5,F0v2+F7_document,session3_participant8_gesture17_trial6,17,0.025698292029760598,0.027314063358200993,0.020304312586369385,0.926683332025669
final,3,8,5,F0v2,session3_participant8_gesture17_trial7,17,0.004568112375327816,7.205207145523872e-05,0.02501029874403377,0.9703495368091831
final,3,8,5,F7_document,session3_participant8_gesture17_trial7,17,0.14436628545663327,0.14916596187676245,0.10655125006771443,0.5999165025988897
final,3,8,5,F0v2+F7_document,session3_participant8_gesture17_trial7,17,0.07446719891598054,0.07461900697410885,0.0657807744058741,0.7851330197040365
