arm,split,trial_id,subject,gesture,p_4,p_15,p_16,p_17
F0,validation,session2_participant1_gesture4_trial1,1,4,0.5979870907374096,0.3882845239020247,0.013721255559278691,7.129801286912691e-06
F0,validation,session2_participant1_gesture4_trial2,1,4,0.862825845755324,0.12812041480808842,0.008351245693178801,0.0007024937434087211
F0,validation,session2_participant1_gesture4_trial3,1,4,0.7323068871270031,0.2540138805081772,0.013553492958296515,0.00012573940652300657
F0,validation,session2_participant1_gesture4_trial4,1,4,0.8003991412319046,0.1956472404456216,0.0038137184285038143,0.00013989989397008017
F0,validation,session2_participant1_gesture4_trial5,1,4,0.6596390264516956,0.3375546849542065,0.0027999197075301847,6.36888656777465e-06
F0,validation,session2_participant1_gesture4_trial6,1,4,0.9182234056316934,0.0761329266955089,0.005286628222387191,0.0003570394504105474
F0,validation,session2_participant1_gesture4_trial7,1,4,0.7337440736583724,0.2623037761587005,0.00394665675139038,5.493431536677897e-06
F0,validation,session2_participant1_gesture15_trial1,1,15,0.058569562568579765,0.9350967765787539,0.006296577386719079,3.70834659472663e-05
F0,validation,session2_participant1_gesture15_trial2,1,15,0.031557285963641754,0.9513988994296775,0.01659332606138618,0.00045048854529448234
F0,validation,session2_participant1_gesture15_trial3,1,15,0.05223787047833542,0.9324534085252597,0.015253503727403462,5.5217269001387636e-05
F0,validation,session2_participant1_gesture15_trial4,1,15,0.04477133061243133,0.9381380458830265,0.017075380433535146,1.5243071006935864e-05
F0,validation,session2_participant1_gesture15_trial5,1,15,0.26673559248935863,0.7218564102241245,0.011385038739207706,2.295854730907928e-05
F0,validation,session2_participant1_gesture15_trial6,1,15,0.06377882300698143,0.9242508577422696,0.011939871369699045,3.0447881049977527e-05
F0,validation,session2_participant1_gesture15_trial7,1,15,0.01567948305820025,0.9790422339576477,0.005276274745888001,2.0082382641199305e-06
F0,validation,session2_participant1_gesture16_trial1,1,16,2.609315190472332e-06,0.00017209041217980972,0.9998252975519655,2.720664370760333e-09
F0,validation,session2_participant1_gesture16_trial2,1,16,5.0053638993539786e-05,0.001137962516579523,0.9988118933281643,9.051626248020165e-08
F0,validation,session2_participant1_gesture16_trial3,1,16,1.819387706173489e-05,0.026382570122925997,0.9735991936996252,4.2300387074725984e-08
F0,validation,session2_participant1_gesture16_trial4,1,16,0.00101328771017199,0.007385803891570506,0.9916003588002893,5.495979681264972e-07
F0,validation,session2_participant1_gesture16_trial5,1,16,0.00016133805937026523,0.0415355971768932,0.9583014633315644,1.6014321722265782e-06
F0,validation,session2_participant1_gesture16_trial6,1,16,1.2681042189842084e-05,0.00461037918879024,0.9953766817695774,2.57999442526153e-07
F0,validation,session2_participant1_gesture16_trial7,1,16,4.0489275256041746e-05,0.010828491304418063,0.9891307635578347,2.558624913376441e-07
F0,validation,session2_participant1_gesture17_trial1,1,17,0.002250441553217319,0.0003846389364807249,0.005525366402544424,0.9918395531077575
F0,validation,session2_participant1_gesture17_trial2,1,17,0.0010025918167106138,0.0008691625874269951,0.0023523342379731154,0.9957759113578892
F0,validation,session2_participant1_gesture17_trial3,1,17,0.0036203914686999054,0.004386911554718114,0.01140329010429673,0.9805894068722852
F0,validation,session2_participant1_gesture17_trial4,1,17,0.001118377680127939,8.706833177163084e-05,0.005105220499694915,0.9936893334884056
F0,validation,session2_participant1_gesture17_trial5,1,17,0.04232027744112835,0.0978584523124785,0.11809937709844352,0.7417218931479497
F0,validation,session2_participant1_gesture17_trial6,1,17,0.006439505378138683,0.010967121936265485,0.02974784744778313,0.9528455252378126
F0,validation,session2_participant1_gesture17_trial7,1,17,0.0006756388690719459,0.001108184056997201,0.0027393175938703494,0.9954768594800606
F0,validation,session2_participant2_gesture4_trial1,2,4,0.928133871851073,0.07074789252327868,0.0009041127046558653,0.00021412292099232613
F0,validation,session2_participant2_gesture4_trial2,2,4,0.9350443785841549,0.06354901976748677,0.0012656056772419081,0.00014099597111638952
F0,validation,session2_participant2_gesture4_trial3,2,4,0.8954621402475872,0.10387319309744947,0.0006626885417059467,1.978113257268449e-06
F0,validation,session2_participant2_gesture4_trial4,2,4,0.9745848110150147,0.025095106702033278,5.5785928530744306e-05,0.000264296354421255
F0,validation,session2_participant2_gesture4_trial5,2,4,0.5639345580975307,0.42851525354797576,0.007545611026850277,4.577327643363197e-06
F0,validation,session2_participant2_gesture4_trial6,2,4,0.9585113012520947,0.03978818044600933,0.0015808594202995287,0.00011965888159641786
F0,validation,session2_participant2_gesture4_trial7,2,4,0.6448510865814618,0.35315059970158713,0.00199587793980854,2.435777142582375e-06
F0,validation,session2_participant2_gesture15_trial1,2,15,0.00016757683968594597,0.9988179039140211,0.00041202486952151776,0.0006024943767713824
F0,validation,session2_participant2_gesture15_trial2,2,15,5.241124659532657e-06,0.9999740614375907,2.007292758974866e-05,6.245101602826202e-07
F0,validation,session2_participant2_gesture15_trial3,2,15,1.640202258210524e-05,0.9999646027432827,1.8993183731584142e-05,2.0504036027215237e-09
F0,validation,session2_participant2_gesture15_trial4,2,15,0.00024303591495067822,0.9993913005869619,0.0003651179232466793,5.455748407409491e-07
F0,validation,session2_participant2_gesture15_trial5,2,15,3.158772513173029e-05,0.9998890770162607,7.73086923168231e-05,2.0265662907357567e-06
F0,validation,session2_participant2_gesture15_trial6,2,15,9.16341680577574e-05,0.9994617896173174,0.00034028494755804954,0.00010629126706679953
F0,validation,session2_participant2_gesture15_trial7,2,15,6.690939628037412e-06,0.9999777349614358,1.2544284409061181e-05,3.0298145271289515e-06
F0,validation,session2_participant2_gesture16_trial1,2,16,4.854736006636212e-08,0.00025620795704168065,0.9997437434934127,2.1855668062823347e-12
F0,validation,session2_participant2_gesture16_trial2,2,16,2.946270927770869e-06,0.016316691170470764,0.9836803624993297,5.92717268242969e-11
F0,validation,session2_participant2_gesture16_trial3,2,16,5.036122476131752e-05,0.008587752768296352,0.9913617353177879,1.5068915443814808e-07
F0,validation,session2_participant2_gesture16_trial4,2,16,8.842251347122094e-06,0.00560271816388728,0.994388439473906,1.1085957933537799e-10
F0,validation,session2_participant2_gesture16_trial5,2,16,5.49473179774622e-07,0.00462794640623672,0.9953715038564167,2.641668119071643e-10
F0,validation,session2_participant2_gesture16_trial6,2,16,3.7938203618352e-05,0.07878854370194661,0.9211735158306471,2.2637880319199766e-09
F0,validation,session2_participant2_gesture16_trial7,2,16,6.0030588800922427e-05,0.05939366886830762,0.9405462005979346,9.99449567319039e-08
F0,validation,session2_participant2_gesture17_trial1,2,17,3.719026904851954e-05,1.400895058480828e-05,1.36141632937266e-05,0.9999351866170729
F0,validation,session2_participant2_gesture17_trial2,2,17,5.75523671621435e-05,4.3871142239914604e-05,1.3150142796224141e-05,0.9998854263478016
F0,validation,session2_participant2_gesture17_trial3,2,17,6.608506113888256e-05,3.2042059894674827e-07,0.0002325560768345204,0.9997010384414275
F0,validation,session2_participant2_gesture17_trial4,2,17,0.0001503671310052684,1.0556100354636269e-06,5.357006893902654e-05,0.9997950071900202
F0,validation,session2_participant2_gesture17_trial5,2,17,0.0005795915050659613,4.056682894573879e-06,2.115288288201694e-05,0.9993951989291574
F0,validation,session2_participant2_gesture17_trial6,2,17,0.002341509436472069,1.7012207666023438e-05,2.2543459388184825e-05,0.9976189348964737
F0,validation,session2_participant2_gesture17_trial7,2,17,0.0007207630691772901,4.929001676047743e-06,2.5008678999687495e-05,0.9992492992501469
F0,validation,session2_participant3_gesture4_trial1,3,4,0.8897722513477853,0.024811087684567433,0.08532170915580527,9.49518118420633e-05
F0,validation,session2_participant3_gesture4_trial2,3,4,0.8837772560237676,0.02027164060510069,0.09592749640860304,2.360696252858542e-05
F0,validation,session2_participant3_gesture4_trial3,3,4,0.9656734903373703,0.03100170602537948,0.003324784701406782,1.8935843733769933e-08
F0,validation,session2_participant3_gesture4_trial4,3,4,0.9537590754637774,0.030385519456110698,0.015855122193401554,2.828867105285979e-07
F0,validation,session2_participant3_gesture4_trial5,3,4,0.9671956091758659,0.02640726209907955,0.006396645484732016,4.832403225157479e-07
F0,validation,session2_participant3_gesture4_trial6,3,4,0.9845312591349271,0.01435108698936376,0.0011176071312975296,4.674441174364358e-08
F0,validation,session2_participant3_gesture4_trial7,3,4,0.9902050579568367,0.00946645551574968,0.0003284856499085613,8.775050441262097e-10
F0,validation,session2_participant3_gesture15_trial1,3,15,0.013991425526007725,0.9848563912635099,0.0011516225247539785,5.606857284747862e-07
F0,validation,session2_participant3_gesture15_trial2,3,15,0.018589774298985767,0.9800367663341939,0.00137322481248324,2.3455433721652537e-07
F0,validation,session2_participant3_gesture15_trial3,3,15,0.015065976533229747,0.9847830326043612,0.0001509866881202067,4.174288783670106e-09
F0,validation,session2_participant3_gesture15_trial4,3,15,0.01398825900502583,0.985210558954382,0.0008010452554985315,1.3678509354848923e-07
F0,validation,session2_participant3_gesture15_trial5,3,15,0.009758402394125754,0.9898727380716658,0.00036876916211816483,9.03720904705796e-08
F0,validation,session2_participant3_gesture15_trial6,3,15,0.01242090460165474,0.9875301445453325,4.894804825375187e-05,2.8047590623637717e-09
F0,validation,session2_participant3_gesture15_trial7,3,15,0.021727640549352924,0.9779067776554795,0.0003653862971526832,1.954980148041159e-07
F0,validation,session2_participant3_gesture16_trial1,3,16,0.002241657142348161,0.00015331881090586608,0.9975022901338279,0.00010273391291800987
F0,validation,session2_participant3_gesture16_trial2,3,16,0.04450123794050426,0.00022249209128930478,0.7135996546341531,0.24167661533405338
F0,validation,session2_participant3_gesture16_trial3,3,16,0.03473146063109926,0.03402902236770507,0.9312393720366584,1.4496453717159388e-07
F0,validation,session2_participant3_gesture16_trial4,3,16,0.006047744365195748,0.00040421513189925967,0.9935432894613763,4.751041528687418e-06
F0,validation,session2_participant3_gesture16_trial5,3,16,0.001475557739816049,0.0010468654081135752,0.997476843825222,7.330268486249118e-07
F0,validation,session2_participant3_gesture16_trial6,3,16,0.00010707544124251353,0.0006590102510000624,0.9992338381634932,7.614426418889719e-08
F0,validation,session2_participant3_gesture16_trial7,3,16,0.07125315702373662,0.09578428505929207,0.8329597670394002,2.7908775712455674e-06
F0,validation,session2_participant3_gesture17_trial1,3,17,2.912667750681604e-05,1.5246489418351482e-07,0.00047160304778323556,0.9994991178098158
F0,validation,session2_participant3_gesture17_trial2,3,17,8.317845405827418e-05,3.8816758988690893e-07,0.0011363678993866443,0.9987800654789653
F0,validation,session2_participant3_gesture17_trial3,3,17,2.5559914765511617e-05,1.885179733384031e-07,0.0005493264150866098,0.9994249251521745
F0,validation,session2_participant3_gesture17_trial4,3,17,2.8032957726289607e-05,1.2201510469298664e-07,0.00036132959766770826,0.9996105154295014
F0,validation,session2_participant3_gesture17_trial5,3,17,2.5003594406600954e-05,1.5042401456444817e-07,0.0004934694332945749,0.9994813765482843
F0,validation,session2_participant3_gesture17_trial6,3,17,1.3049417552140442e-05,9.689000365768155e-08,0.0003056979573529598,0.9996811557350913
F0,validation,session2_participant3_gesture17_trial7,3,17,2.0642420264596124e-05,1.3184118838977104e-07,0.0004388539120953184,0.9995403718264517
F0,validation,session2_participant4_gesture4_trial1,4,4,0.9414904936118321,0.017455834991276408,0.04097474965395724,7.892174293416552e-05
F0,validation,session2_participant4_gesture4_trial2,4,4,0.9715996887578845,0.014842874232150626,0.013556718242855023,7.187671097827836e-07
F0,validation,session2_participant4_gesture4_trial3,4,4,0.9875379084421725,0.0050335709501225165,0.0074250852632212145,3.4353444835797806e-06
F0,validation,session2_participant4_gesture4_trial4,4,4,0.9836925548167016,0.0017486745087587877,0.014543409433693472,1.536124084613059e-05
F0,validation,session2_participant4_gesture4_trial5,4,4,0.9847215946725023,0.0016576916770514789,0.013620608323284258,1.0532716203382644e-07
F0,validation,session2_participant4_gesture4_trial6,4,4,0.9516015579689752,0.0020909034165143238,0.046083802440784534,0.00022373617372607786
F0,validation,session2_participant4_gesture4_trial7,4,4,0.973808024734093,0.0105372888491101,0.015651397730194437,3.288686602456768e-06
F0,validation,session2_participant4_gesture15_trial1,4,15,0.7585961007226812,0.13192510692437098,0.0961607323312481,0.013318060021699718
F0,validation,session2_participant4_gesture15_trial2,4,15,0.008166153303351624,0.9859049631173762,0.0058853984137619345,4.348516551031917e-05
F0,validation,session2_participant4_gesture15_trial3,4,15,0.014767548491077073,0.966092695098646,0.019136225784835613,3.5306254410473767e-06
F0,validation,session2_participant4_gesture15_trial4,4,15,0.005223317048815841,0.9914980094300946,0.003277215362437158,1.4581586523094148e-06
F0,validation,session2_participant4_gesture15_trial5,4,15,0.1320624635912212,0.8185898396163788,0.04917997750678524,0.00016771928561484342
F0,validation,session2_participant4_gesture15_trial6,4,15,0.0016906537258058803,0.9949527538690762,0.0033564885801577837,1.038249602157866e-07
F0,validation,session2_participant4_gesture15_trial7,4,15,0.03723960550167746,0.9081330913177309,0.05430153471713628,0.0003257684634553328
F0,validation,session2_participant4_gesture16_trial1,4,16,0.13798264487725276,0.0005409374049557386,0.6287167745320047,0.2327596431857869
F0,validation,session2_participant4_gesture16_trial2,4,16,0.04329417430898955,0.00041429851090261027,0.9391502657495798,0.017141261430528052
F0,validation,session2_participant4_gesture16_trial3,4,16,0.007933655388163057,0.0014509415293403386,0.9904622655556443,0.00015313752685219929
F0,validation,session2_participant4_gesture16_trial4,4,16,0.043790826131196094,0.0010148748312032848,0.9534778414746603,0.0017164575629404107
F0,validation,session2_participant4_gesture16_trial5,4,16,0.004310684818942952,0.003325736256610881,0.9873909047048945,0.004972674219551645
F0,validation,session2_participant4_gesture16_trial6,4,16,0.03741445756711319,0.004955208209215997,0.957486380862759,0.00014395336091188173
F0,validation,session2_participant4_gesture16_trial7,4,16,0.06013869498198091,0.001443684057773461,0.9118264841808976,0.026591136779348004
F0,validation,session2_participant4_gesture17_trial1,4,17,0.0001062938056743942,3.428844623077071e-07,0.0013833957962267832,0.9985099675136364
F0,validation,session2_participant4_gesture17_trial2,4,17,0.00016546109227736863,1.0679964905251288e-06,0.0034252595810799554,0.996408211330152
F0,validation,session2_participant4_gesture17_trial3,4,17,6.015264032917104e-05,2.634102350317287e-07,0.0013022168163657369,0.99863736713307
F0,validation,session2_participant4_gesture17_trial4,4,17,5.3343712708620806e-05,1.8639700017331046e-07,0.001005156050108396,0.9989413138401828
F0,validation,session2_participant4_gesture17_trial5,4,17,0.00010419004784428506,4.483602998999591e-07,0.002211650098241162,0.9976837114936147
F0,validation,session2_participant4_gesture17_trial6,4,17,0.00015708462714143738,4.3193854682069685e-07,0.002676678377671617,0.9971658050566401
F0,validation,session2_participant4_gesture17_trial7,4,17,0.0005260726219249986,8.004518299399867e-07,0.005730906024770967,0.993742220901474
F0,validation,session2_participant5_gesture4_trial1,5,4,0.7655496346889799,0.0373562874087427,0.1970789479587485,1.5129943528895014e-05
F0,validation,session2_participant5_gesture4_trial2,5,4,0.7755834947164113,0.1090823645971874,0.11532010090543615,1.4039780964888985e-05
F0,validation,session2_participant5_gesture4_trial3,5,4,0.7984445222509594,0.02359255123480329,0.17730207625690633,0.0006608502573310783
F0,validation,session2_participant5_gesture4_trial4,5,4,0.8539841153258724,0.06392576352065114,0.08208145325268064,8.667900795792101e-06
F0,validation,session2_participant5_gesture4_trial5,5,4,0.9420895497555506,0.011306793375319132,0.04659968546136476,3.971407765598661e-06
F0,validation,session2_participant5_gesture4_trial6,5,4,0.5187708493708065,0.03692390327647958,0.4421338459298336,0.002171401422880153
F0,validation,session2_participant5_gesture4_trial7,5,4,0.45808666115451374,0.01947676290821328,0.521866997805514,0.0005695781317589034
F0,validation,session2_participant5_gesture15_trial1,5,15,0.5101108098513452,0.4309660571719111,0.041792159532935344,0.017130973443808376
F0,validation,session2_participant5_gesture15_trial2,5,15,0.142188358075809,0.8528012750593382,0.004994899688623325,1.5467176229560116e-05
F0,validation,session2_participant5_gesture15_trial3,5,15,0.07103569940674594,0.9275542907799286,0.0013694039937785251,4.060581954706701e-05
F0,validation,session2_participant5_gesture15_trial4,5,15,0.20625658904818567,0.783172386457911,0.010119903662012344,0.0004511208318911946
F0,validation,session2_participant5_gesture15_trial5,5,15,0.18436085802659036,0.8021817687255689,0.013015669580613995,0.00044170366722673745
F0,validation,session2_participant5_gesture15_trial6,5,15,0.3727435295289997,0.5989635137301048,0.023144958482317735,0.005147998258577789
F0,validation,session2_participant5_gesture15_trial7,5,15,0.6206096331379828,0.28028080906947334,0.0990569098114255,5.2647981118274676e-05
F0,validation,session2_participant5_gesture16_trial1,5,16,8.502312255387895e-05,0.009945310247384986,0.9898591399887926,0.00011052664126851254
F0,validation,session2_participant5_gesture16_trial2,5,16,0.0029131342275941154,0.027534446363076864,0.9694975490598315,5.4870349497558134e-05
F0,validation,session2_participant5_gesture16_trial3,5,16,0.12432953481079378,0.0666599535358297,0.8089785279009948,3.1983752381697114e-05
F0,validation,session2_participant5_gesture16_trial4,5,16,0.6101291013149285,0.16318317646527747,0.2266828542742107,4.867945583327459e-06
F0,validation,session2_participant5_gesture16_trial5,5,16,0.010174580255127056,0.11532722032723924,0.8744042250086231,9.397440901047485e-05
F0,validation,session2_participant5_gesture16_trial6,5,16,0.21258760830206105,0.17705557782106912,0.6103422841156105,1.4529761259229102e-05
F0,validation,session2_participant5_gesture16_trial7,5,16,1.0238083897070991e-05,0.0008277593973278019,0.9991276995484208,3.430297035430896e-05
F0,validation,session2_participant5_gesture17_trial1,5,17,2.0995970947766854e-05,1.250970208060799e-07,0.0006567466282440962,0.9993221323037873
F0,validation,session2_participant5_gesture17_trial2,5,17,1.6008696280739066e-05,1.171818402638689e-07,0.0004757285891042474,0.9995081455327749
F0,validation,session2_participant5_gesture17_trial3,5,17,1.124128778439998e-05,9.18380926658478e-08,0.00038822443274355546,0.9996004424413792
F0,validation,session2_participant5_gesture17_trial4,5,17,2.4338598710520868e-05,2.1025691285409858e-07,0.00032255029863106975,0.9996529008457455
F0,validation,session2_participant5_gesture17_trial5,5,17,2.9526699801257342e-05,2.5897385589016143e-07,0.00029299613489860223,0.9996772181914442
F0,validation,session2_participant5_gesture17_trial6,5,17,1.5978918223123454e-05,1.2012018809322644e-07,0.0004920621768173295,0.9994918387847715
F0,validation,session2_participant5_gesture17_trial7,5,17,2.58786959521569e-05,2.2735944087051037e-07,0.0005829504906437738,0.9993909434539633
F0,validation,session2_participant6_gesture4_trial1,6,4,0.19363678390658998,0.12164521471745873,0.684181763391217,0.0005362379847343578
F0,validation,session2_participant6_gesture4_trial2,6,4,0.6152279149834957,0.014295339253711476,0.24259528018385743,0.12788146557893543
F0,validation,session2_participant6_gesture4_trial3,6,4,0.5276232448658091,0.006523755896149665,0.43344567831231495,0.03240732092572624
F0,validation,session2_participant6_gesture4_trial4,6,4,0.5592800896293316,0.033632205739656855,0.39743030885046604,0.00965739578054537
F0,validation,session2_participant6_gesture4_trial5,6,4,0.25671644048846115,0.07822787081157682,0.6649770431964585,7.864550350351045e-05
F0,validation,session2_participant6_gesture4_trial6,6,4,0.49483414688595717,0.09900725113261134,0.40576373567758767,0.000394866303843971
F0,validation,session2_participant6_gesture4_trial7,6,4,0.7732292553533618,0.03659042457773167,0.16865395470592245,0.021526365362984124
F0,validation,session2_participant6_gesture15_trial1,6,15,1.3887107464685704e-05,0.9964623878799281,0.003523551764774904,1.7324783221584566e-07
F0,validation,session2_participant6_gesture15_trial2,6,15,5.467412974296495e-05,0.996263533823957,0.00368138711357028,4.049327296793189e-07
F0,validation,session2_participant6_gesture15_trial3,6,15,6.085570997321191e-06,0.997661791026126,0.002222075349994448,0.00011004805288223002
F0,validation,session2_participant6_gesture15_trial4,6,15,0.0001039164156685842,0.9696364007120686,0.03025717706712532,2.505805137522451e-06
F0,validation,session2_participant6_gesture15_trial5,6,15,8.032325434039733e-06,0.9996128010384246,0.00037916553613037793,1.1000109238343339e-09
F0,validation,session2_participant6_gesture15_trial6,6,15,0.0013083261148415072,0.8891771709219131,0.10937053645501206,0.0001439665082334521
F0,validation,session2_participant6_gesture15_trial7,6,15,7.364407555713173e-05,0.9968835259938486,0.003042387190689912,4.4273990442000227e-07
F0,validation,session2_participant6_gesture16_trial1,6,16,0.00015051183140922536,2.1275664491674185e-06,0.9998473537043865,6.897755023685901e-09
F0,validation,session2_participant6_gesture16_trial2,6,16,0.00037546387407263093,6.940018669098263e-07,0.9996231294480683,7.126759920974206e-07
F0,validation,session2_participant6_gesture16_trial3,6,16,0.03233245976575656,0.00017894892303585032,0.9609200744964439,0.00656851681476356
F0,validation,session2_participant6_gesture16_trial4,6,16,0.0053545992720524125,0.00025053709550560527,0.9943945735926302,2.900398116631069e-07
F0,validation,session2_participant6_gesture16_trial5,6,16,0.0017102516899374794,7.92373312653207e-08,0.9982896583854123,1.0687319073849033e-08
F0,validation,session2_participant6_gesture16_trial6,6,16,0.004265585889143431,0.0013328155959915471,0.994387748997663,1.3849517201975911e-05
F0,validation,session2_participant6_gesture16_trial7,6,16,0.005151542557195332,0.00032459066423342486,0.9945237960222804,7.075629076461633e-08
F0,validation,session2_participant6_gesture17_trial1,6,17,4.102088614729551e-05,2.1463771979452525e-07,0.0008676482496753145,0.9990911162264575
F0,validation,session2_participant6_gesture17_trial2,6,17,2.6479415790225995e-05,1.5890623094106898e-07,0.0006906203385391754,0.9992827413394396
F0,validation,session2_participant6_gesture17_trial3,6,17,2.871599970474065e-05,1.2553314126564259e-06,0.0007789202324746227,0.9991911084364079
F0,validation,session2_participant6_gesture17_trial4,6,17,3.1096585912989745e-05,2.044257886143444e-07,0.00048800838283394896,0.9994806906054644
F0,validation,session2_participant6_gesture17_trial5,6,17,1.3430249937067528e-05,1.0537548387930994e-07,0.00034482583965549123,0.9996416385349235
F0,validation,session2_participant6_gesture17_trial6,6,17,1.2661217101452063e-05,8.304358057570549e-08,0.0003749676004149206,0.999612288138903
F0,validation,session2_participant6_gesture17_trial7,6,17,1.0876501181344116e-05,8.872301894105065e-08,0.0003490936347555707,0.999639941141044
F0,validation,session2_participant7_gesture4_trial1,7,4,0.8512528742809377,0.09125128637163558,0.057495402731477595,4.36615949287067e-07
F0,validation,session2_participant7_gesture4_trial2,7,4,0.6609056436769193,0.052428552496014275,0.28630711376899515,0.00035869005807129235
F0,validation,session2_participant7_gesture4_trial3,7,4,0.8394561186673796,0.1026436477459639,0.05788758061244845,1.2652974207988326e-05
F0,validation,session2_participant7_gesture4_trial4,7,4,0.43146183177639663,0.5385021714703802,0.0300359038222142,9.293100901089939e-08
F0,validation,session2_participant7_gesture4_trial5,7,4,0.5731813745866603,0.28181784465141807,0.14498089888504162,1.9881876880150144e-05
F0,validation,session2_participant7_gesture4_trial6,7,4,0.6741045285318722,0.29551495242664977,0.030380448161466168,7.088001180053163e-08
F0,validation,session2_participant7_gesture4_trial7,7,4,0.8772311179352765,0.0944626268846703,0.02830540493343467,8.502466184396652e-07
F0,validation,session2_participant7_gesture15_trial1,7,15,0.02348928604336928,0.9657202079185024,0.010789102988064563,1.4030500638728587e-06
F0,validation,session2_participant7_gesture15_trial2,7,15,0.017790749883805787,0.9776679374123501,0.004540950557312926,3.6214653130700493e-07
F0,validation,session2_participant7_gesture15_trial3,7,15,0.02677319345710465,0.9664023185932429,0.006820423027117507,4.064922535204691e-06
F0,validation,session2_participant7_gesture15_trial4,7,15,0.001557902687149584,0.9983050694481557,0.00013702729375860166,5.709360767520035e-10
F0,validation,session2_participant7_gesture15_trial5,7,15,0.025030104478924113,0.9650435053499751,0.009924673566932366,1.7166041682876002e-06
F0,validation,session2_participant7_gesture15_trial6,7,15,0.001054165935882296,0.9988780804895383,6.7752238262932e-05,1.3363164305426394e-09
F0,validation,session2_participant7_gesture15_trial7,7,15,0.054596492730317976,0.9398651320353352,0.0055366065232979106,1.7687110490370292e-06
F0,validation,session2_participant7_gesture16_trial1,7,16,0.0051104004168232115,0.00024324013289417473,0.9946065494780013,3.980997228112004e-05
F0,validation,session2_participant7_gesture16_trial2,7,16,0.014677036988982052,0.006508307998943404,0.9788146540157306,9.96343869934391e-10
F0,validation,session2_participant7_gesture16_trial3,7,16,0.002610478403737577,0.0013164165519570273,0.996073067737038,3.730726742486031e-08
F0,validation,session2_participant7_gesture16_trial4,7,16,0.0005921097118838446,0.0001636008576246893,0.9992442876962833,1.7342081926416895e-09
F0,validation,session2_participant7_gesture16_trial5,7,16,0.016448330274864722,0.004100333853328884,0.9794513342673735,1.6044327894638656e-09
F0,validation,session2_participant7_gesture16_trial6,7,16,0.00498207181651041,0.007079602139344119,0.9879383189123845,7.131761048095365e-09
F0,validation,session2_participant7_gesture16_trial7,7,16,0.00036459874372350205,5.3843763030273886e-05,0.999581555203476,2.2897702631014835e-09
F0,validation,session2_participant7_gesture17_trial1,7,17,1.967027794935437e-05,1.3781949752173786e-07,0.0003019201313816705,0.9996782717711713
F0,validation,session2_participant7_gesture17_trial2,7,17,1.1960467540521292e-05,6.806318340310874e-08,0.0003566912875535662,0.9996312801817224
F0,validation,session2_participant7_gesture17_trial3,7,17,8.167069223106722e-06,5.7764597200238915e-08,0.00031047390807911675,0.9996813012581005
F0,validation,session2_participant7_gesture17_trial4,7,17,1.1550452682698487e-05,2.1898560730599624e-07,0.00024939365856176105,0.9997388369031482
F0,validation,session2_participant7_gesture17_trial5,7,17,1.1628013146566155e-05,1.0165423148715813e-07,0.00029307723298581016,0.9996951930996361
F0,validation,session2_participant7_gesture17_trial6,7,17,5.699106977113197e-06,5.657794941870465e-08,0.00023198625076899771,0.9997622580643045
F0,validation,session2_participant7_gesture17_trial7,7,17,1.1283721257309533e-05,8.598688534463241e-08,0.0003109942043551986,0.999677636087502
F0,validation,session2_participant8_gesture4_trial1,8,4,0.7409264071366864,0.23780771236867856,0.02107725164564833,0.00018862884898661453
F0,validation,session2_participant8_gesture4_trial2,8,4,0.25759673948189227,0.6982005652812425,0.044194295183872606,8.400052992450123e-06
F0,validation,session2_participant8_gesture4_trial3,8,4,0.7391220054679334,0.23198121745264028,0.02887342692222045,2.33501572059203e-05
F0,validation,session2_participant8_gesture4_trial4,8,4,0.622826677377332,0.3080028498458396,0.06909261705024083,7.785572658752102e-05
F0,validation,session2_participant8_gesture4_trial5,8,4,0.3762700370289971,0.5956685129702887,0.02776548034105374,0.0002959696596604989
F0,validation,session2_participant8_gesture4_trial6,8,4,0.550073901166227,0.41676873577448553,0.03311869660401071,3.866645527659951e-05
F0,validation,session2_participant8_gesture4_trial7,8,4,0.5133796884455794,0.3590141323839177,0.12703380098452924,0.0005723781859737533
F0,validation,session2_participant8_gesture15_trial1,8,15,0.10322125276855394,0.889181766839907,0.0075809627687378305,1.601762280105016e-05
F0,validation,session2_participant8_gesture15_trial2,8,15,0.12854155815821758,0.7892486446667505,0.07911604163716933,0.003093755537862593
F0,validation,session2_participant8_gesture15_trial3,8,15,0.04988818078629318,0.9455856839160485,0.004525505762081463,6.295355767248243e-07
F0,validation,session2_participant8_gesture15_trial4,8,15,0.43226716216326244,0.5341721031271462,0.03290091252589709,0.0006598221836940908
F0,validation,session2_participant8_gesture15_trial5,8,15,0.14354998615570452,0.8385851900213297,0.01783961067285109,2.5213150114824082e-05
F0,validation,session2_participant8_gesture15_trial6,8,15,0.10241126768326954,0.8647135471604496,0.03284644641404306,2.8738742237734235e-05
F0,validation,session2_participant8_gesture15_trial7,8,15,0.22271654696349685,0.728434134222534,0.04881246077255462,3.685804141447213e-05
F0,validation,session2_participant8_gesture16_trial1,8,16,0.0016716482002106215,0.3685280653671219,0.6297779267616387,2.235967102882048e-05
F0,validation,session2_participant8_gesture16_trial2,8,16,0.00942358710307556,0.02296607835487049,0.9669423645248638,0.000667970017190121
F0,validation,session2_participant8_gesture16_trial3,8,16,0.0001599426662101978,0.019418693699212265,0.9804177934383143,3.5701962634435588e-06
F0,validation,session2_participant8_gesture16_trial4,8,16,0.00019760739732542861,0.12438844190564029,0.8754133374030839,6.132939501931773e-07
F0,validation,session2_participant8_gesture16_trial5,8,16,0.0004425473083597428,0.1910017839086198,0.8085549476118289,7.211711914202272e-07
F0,validation,session2_participant8_gesture16_trial6,8,16,0.00024352298874908288,0.1315728492639606,0.8681813098113279,2.3179359622877694e-06
F0,validation,session2_participant8_gesture16_trial7,8,16,0.0006084944724893868,0.2812064041266595,0.718184932120363,1.692804880239936e-07
F0,validation,session2_participant8_gesture17_trial1,8,17,0.00010611137115313949,3.662791157140172e-07,0.0011561848366107423,0.9987373375131204
F0,validation,session2_participant8_gesture17_trial2,8,17,0.000933921134852477,7.710781226358465e-06,0.008799508372187159,0.9902588597117341
F0,validation,session2_participant8_gesture17_trial3,8,17,6.327336114057651e-05,1.6641755934394383e-07,0.0006866891205721487,0.9992498711007278
F0,validation,session2_participant8_gesture17_trial4,8,17,5.330572693284835e-05,2.422425849334543e-07,0.00042507734155942944,0.9995213746889229
F0,validation,session2_participant8_gesture17_trial5,8,17,3.094934568460924e-05,1.4254591312474782e-07,0.0003574778775886752,0.9996114302308136
F0,validation,session2_participant8_gesture17_trial6,8,17,0.00031604954336521024,1.1594657295437329e-06,0.0024096097501459884,0.9972731812407594
F0,validation,session2_participant8_gesture17_trial7,8,17,1.3858149481536947e-05,9.768844200284935e-08,0.0002755411181880086,0.9997105030438884
F0,final,session3_participant1_gesture4_trial1,1,4,0.9035996511146219,0.08011006967821142,0.0022036984063990425,0.014086580800767625
F0,final,session3_participant1_gesture4_trial2,1,4,0.7970753458991914,0.06335358878435672,0.006925859700513607,0.13264520561593826
F0,final,session3_participant1_gesture4_trial3,1,4,0.8935689858638962,0.07450861174440691,0.018799438398465644,0.01312296399323127
F0,final,session3_participant1_gesture4_trial4,1,4,0.8955598443863406,0.04995768548055179,0.0035233146463479075,0.05095915548675966
F0,final,session3_participant1_gesture4_trial5,1,4,0.8131393633390426,0.17978216406592473,0.005233792446970354,0.001844680148062315
F0,final,session3_participant1_gesture4_trial6,1,4,0.8556143254459339,0.137254565535672,0.006001129477432846,0.0011299795409613906
F0,final,session3_participant1_gesture4_trial7,1,4,0.885503550364085,0.09265132137502424,0.015922015400997584,0.0059231128598933105
F0,final,session3_participant1_gesture15_trial1,1,15,0.1874216809024079,0.6780415021126487,0.06418706070680816,0.07034975627813525
F0,final,session3_participant1_gesture15_trial2,1,15,0.2617731164261794,0.6826511185371185,0.040826206873332715,0.01474955816336933
F0,final,session3_participant1_gesture15_trial3,1,15,0.3191283721058936,0.31100910719184993,0.049660682380516914,0.3202018383217396
F0,final,session3_participant1_gesture15_trial4,1,15,0.11800118452466334,0.816717453714572,0.06418850270281744,0.001092859057947211
F0,final,session3_participant1_gesture15_trial5,1,15,0.3645215897592504,0.4340130857184169,0.09271065017810756,0.10875467434422514
F0,final,session3_participant1_gesture15_trial6,1,15,0.17874444546513601,0.7437924714353645,0.07735441193310502,0.00010867116639442014
F0,final,session3_participant1_gesture15_trial7,1,15,0.30640817481534965,0.397874928583987,0.0460580402495327,0.24965885635113064
F0,final,session3_participant1_gesture16_trial1,1,16,0.0022002969117117257,0.010473900194411417,0.9870645968798051,0.00026120601407174555
F0,final,session3_participant1_gesture16_trial2,1,16,0.0018295280060977726,0.007392824479265136,0.9907332972157243,4.435029891285283e-05
F0,final,session3_participant1_gesture16_trial3,1,16,0.02349914338595607,0.0885040248884136,0.8056369265044205,0.08235990522120988
F0,final,session3_participant1_gesture16_trial4,1,16,0.0009812176417902765,0.020222880523284262,0.9787890399472533,6.861887672143083e-06
F0,final,session3_participant1_gesture16_trial5,1,16,2.7342452744880025e-05,0.003367031335978423,0.9965598868341693,4.5739377107408746e-05
F0,final,session3_participant1_gesture16_trial6,1,16,0.0004656521627405643,0.034761863141658716,0.9647708167254027,1.6679701980802833e-06
F0,final,session3_participant1_gesture16_trial7,1,16,8.978069969171193e-05,0.010762673476677555,0.9888560883937737,0.00029145742985695874
F0,final,session3_participant1_gesture17_trial1,1,17,0.0006746066178823334,6.241261465525474e-06,0.0018380710083784387,0.9974810811122737
F0,final,session3_participant1_gesture17_trial2,1,17,0.0006953408879273521,3.052877979097207e-05,0.0032591946049146977,0.996014935727367
F0,final,session3_participant1_gesture17_trial3,1,17,0.0002244324999061692,5.1416444191429515e-06,0.00228394083194951,0.9974864850237253
F0,final,session3_participant1_gesture17_trial4,1,17,0.00017090920005495615,3.19147214470017e-05,0.0015231299120927089,0.9982740461664054
F0,final,session3_participant1_gesture17_trial5,1,17,0.0004194943326772527,4.287267398202319e-05,0.0019147876200802023,0.9976228453732605
F0,final,session3_participant1_gesture17_trial6,1,17,0.00030770686503661193,8.96642664058354e-06,0.0016415245992561836,0.9980418021090666
F0,final,session3_participant1_gesture17_trial7,1,17,0.00037658180206477274,8.02148985715195e-06,0.0018268503506051325,0.997788546357473
F0,final,session3_participant2_gesture4_trial1,2,4,0.07231322183419152,0.8885567812536673,0.014364285367690138,0.02476571154445088
F0,final,session3_participant2_gesture4_trial2,2,4,0.027654309921069365,0.927815228057087,0.036924026777588506,0.007606435244254916
F0,final,session3_participant2_gesture4_trial3,2,4,0.09199863822714593,0.4624665829261958,0.08035540733346073,0.3651793715131975
F0,final,session3_participant2_gesture4_trial4,2,4,0.010394776535298442,0.946513803874578,0.04181326284947346,0.0012781567406502524
F0,final,session3_participant2_gesture4_trial5,2,4,0.06030257271417351,0.6210725630874236,0.01662061049179764,0.3020042537066052
F0,final,session3_participant2_gesture4_trial6,2,4,0.20364305121453924,0.5428706798707145,0.20050731307237019,0.05297895584237619
F0,final,session3_participant2_gesture4_trial7,2,4,0.038778871708939684,0.8657940027726826,0.009348973132722201,0.08607815238565554
F0,final,session3_participant2_gesture15_trial1,2,15,4.059150404547203e-05,0.9990522296218431,0.0008795082946763344,2.767057943495188e-05
F0,final,session3_participant2_gesture15_trial2,2,15,8.006855742988968e-05,0.9968150394513932,0.0030495134593541227,5.5378531822638497e-05
F0,final,session3_participant2_gesture15_trial3,2,15,0.00048819950596478654,0.9609914487790272,0.02354548501409548,0.014974866700912273
F0,final,session3_participant2_gesture15_trial4,2,15,0.0005608445942286631,0.9505584128728553,0.020916736690708856,0.02796400584220717
F0,final,session3_participant2_gesture15_trial5,2,15,0.0006203561405458334,0.9390847245133798,0.040077828475418964,0.020217090870655235
F0,final,session3_participant2_gesture15_trial6,2,15,0.00038601275580394897,0.9844600038797596,0.007344523290893242,0.007809460073543165
F0,final,session3_participant2_gesture15_trial7,2,15,0.00012014584112308059,0.9959138898125548,0.0037512220611602243,0.00021474228516192697
F0,final,session3_participant2_gesture16_trial1,2,16,0.004155306394668573,0.004704790130260066,0.9911398616782141,4.179685735371976e-08
F0,final,session3_participant2_gesture16_trial2,2,16,0.009792809332354043,0.0050145960001164265,0.9851331323032065,5.946236432300261e-05
F0,final,session3_participant2_gesture16_trial3,2,16,0.005071962462617211,0.008720554308062138,0.9861767121019276,3.077112739286058e-05
F0,final,session3_participant2_gesture16_trial4,2,16,0.0003832652652970214,0.0029073136357722867,0.9967092852591982,1.3583973248692026e-07
F0,final,session3_participant2_gesture16_trial5,2,16,0.0072549753965796245,0.008244145985757378,0.984499361155544,1.517462119123427e-06
F0,final,session3_participant2_gesture16_trial6,2,16,0.0009059083777032945,0.0006187641830984786,0.9984749744678477,3.5297135058689117e-07
F0,final,session3_participant2_gesture16_trial7,2,16,0.00012297025181880184,0.0004359649529871609,0.9994178030598674,2.326173532668831e-05
F0,final,session3_participant2_gesture17_trial1,2,17,2.8770644550919793e-05,2.9017333655833956e-05,5.025488278095121e-05,0.9998919571390124
F0,final,session3_participant2_gesture17_trial2,2,17,6.6050869902695345e-06,1.6415470476774383e-06,6.204702248917625e-05,0.9999297063434728
F0,final,session3_participant2_gesture17_trial3,2,17,2.836445083291591e-05,1.4732849794512807e-06,4.283170536142855e-05,0.9999273305588261
F0,final,session3_participant2_gesture17_trial4,2,17,2.8638041453898663e-05,1.4222325876507532e-06,3.642919634356059e-05,0.999933510529615
F0,final,session3_participant2_gesture17_trial5,2,17,6.308874958614102e-05,3.5812587799469114e-05,1.1712290444062454e-05,0.9998893863721704
F0,final,session3_participant2_gesture17_trial6,2,17,5.276047776689756e-05,5.375232065030551e-05,9.125656674806281e-06,0.9998843615449081
F0,final,session3_participant2_gesture17_trial7,2,17,7.582854093440177e-05,1.0229583780652388e-05,2.4419534599823758e-05,0.9998895223406851
F0,final,session3_participant3_gesture4_trial1,3,4,0.7625475921254043,0.22252889206969945,0.014919968613346522,3.5471915497776036e-06
F0,final,session3_participant3_gesture4_trial2,3,4,0.6789593933660056,0.22466510762346842,0.09634005971734061,3.543929318530894e-05
F0,final,session3_participant3_gesture4_trial3,3,4,0.8652652091190842,0.13226574373644923,0.0024686123127829703,4.3483168346456803e-07
F0,final,session3_participant3_gesture4_trial4,3,4,0.8403663036795138,0.15180239184624475,0.007830880769813768,4.237044277190457e-07
F0,final,session3_participant3_gesture4_trial5,3,4,0.7977346889224899,0.20098682526546008,0.0012773694907753862,1.1163212746624508e-06
F0,final,session3_participant3_gesture4_trial6,3,4,0.7633846531818785,0.22335166670713522,0.013255190637539402,8.489473446935878e-06
F0,final,session3_participant3_gesture4_trial7,3,4,0.7441891165157137,0.2426639406732402,0.013145255786688187,1.6870243577537321e-06
F0,final,session3_participant3_gesture15_trial1,3,15,0.03516474390891289,0.9610324341157854,0.0038022480029793857,5.739723223679079e-07
F0,final,session3_participant3_gesture15_trial2,3,15,0.2835800781009465,0.6663344374447304,0.04811605760493267,0.001969426849390418
F0,final,session3_participant3_gesture15_trial3,3,15,0.021435147324589426,0.974914428851991,0.00365026196674985,1.61856669885321e-07
F0,final,session3_participant3_gesture15_trial4,3,15,0.013243343085637882,0.9847316313675951,0.0020248457848009277,1.7976196594458734e-07
F0,final,session3_participant3_gesture15_trial5,3,15,0.031833882080579065,0.9660875173579768,0.00207851283856779,8.77228765473045e-08
F0,final,session3_participant3_gesture15_trial6,3,15,0.04016034691984129,0.9507913448259495,0.009044501757396775,3.8064968124409897e-06
F0,final,session3_participant3_gesture15_trial7,3,15,0.02580324426838219,0.9736852725024019,0.0005114808951450209,2.3340707829443334e-09
F0,final,session3_participant3_gesture16_trial1,3,16,0.002528653756179301,0.004858010015701691,0.9925360003633136,7.73358648055095e-05
F0,final,session3_participant3_gesture16_trial2,3,16,0.012271884291868776,0.0009982568621206083,0.9862739136121946,0.000455945233816066
F0,final,session3_participant3_gesture16_trial3,3,16,0.003926943246819818,0.01025890840160123,0.9858091137345434,5.034617035641029e-06
F0,final,session3_participant3_gesture16_trial4,3,16,0.002401640056458175,0.007083210616971484,0.9905067884920321,8.360834538310012e-06
F0,final,session3_participant3_gesture16_trial5,3,16,0.10802835164773811,0.3683646917213246,0.5235857514028206,2.120522811674596e-05
F0,final,session3_participant3_gesture16_trial6,3,16,0.0029252227139530945,0.0488495881629823,0.9482140980766648,1.1091046399804152e-05
F0,final,session3_participant3_gesture16_trial7,3,16,0.0016248771082389844,0.037973825118077204,0.9604007836755021,5.140981818426984e-07
F0,final,session3_participant3_gesture17_trial1,3,17,4.8604891363974104e-05,2.9796285907748557e-07,0.0007512214400761226,0.9991998757057008
F0,final,session3_participant3_gesture17_trial2,3,17,2.320009353802814e-05,1.7026226778063116e-07,0.00038764368299058413,0.9995889859612036
F0,final,session3_participant3_gesture17_trial3,3,17,2.6551815216930078e-05,1.7541970959188018e-07,0.0004304225586514833,0.999542850206422
F0,final,session3_participant3_gesture17_trial4,3,17,8.539216716343763e-05,4.7666821652858983e-07,0.0012386210697005985,0.9986755100949194
F0,final,session3_participant3_gesture17_trial5,3,17,3.324120466777733e-05,2.4236985855920976e-07,0.000535677706517929,0.9994308387189558
F0,final,session3_participant3_gesture17_trial6,3,17,0.0001078430812491481,6.662487316456253e-07,0.0012849868360371856,0.998606503833982
F0,final,session3_participant3_gesture17_trial7,3,17,9.68748315492798e-05,7.058121019231508e-07,0.001268807511227149,0.9986336118451216
F0,final,session3_participant4_gesture4_trial1,4,4,0.9704608192416366,0.013912738359918375,0.014941892631517784,0.0006845497669272032
F0,final,session3_participant4_gesture4_trial2,4,4,0.9771274677995746,0.015282006781070214,0.006497861894978561,0.001092663524376522
F0,final,session3_participant4_gesture4_trial3,4,4,0.7905426783831783,0.043977864037580604,0.16524831891741912,0.000231138661821953
F0,final,session3_participant4_gesture4_trial4,4,4,0.9133261488033265,0.06386478383075583,0.022778745571515175,3.032179440241633e-05
F0,final,session3_participant4_gesture4_trial5,4,4,0.06711493696011439,0.0002882628026894413,0.0020117387658317655,0.9305850614713643
F0,final,session3_participant4_gesture4_trial6,4,4,0.8854533454544216,0.06189093115998568,0.05255399772238891,0.00010172566320378549
F0,final,session3_participant4_gesture4_trial7,4,4,0.8279923137318963,0.02466329513878288,0.012213533332613265,0.13513085779670767
F0,final,session3_participant4_gesture15_trial1,4,15,0.00023387443178715564,0.9874243169804874,0.012013084700599096,0.00032872388712641064
F0,final,session3_participant4_gesture15_trial2,4,15,0.004680186665812773,0.9046878991447952,0.08997104733539592,0.0006608668539959925
F0,final,session3_participant4_gesture15_trial3,4,15,0.0019851596423294485,0.9779666565805846,0.01936308985174429,0.0006850939253418241
F0,final,session3_participant4_gesture15_trial4,4,15,0.003376015336760461,0.9779859053479201,0.01848057406511483,0.00015750525020469526
F0,final,session3_participant4_gesture15_trial5,4,15,0.12894517108656217,0.8109463912363795,0.019875927298646637,0.04023251037841173
F0,final,session3_participant4_gesture15_trial6,4,15,0.017931201252018462,0.9581409276382096,0.023693717246048275,0.00023415386372340244
F0,final,session3_participant4_gesture15_trial7,4,15,0.019269633280807975,0.896409170996217,0.05317897694286993,0.031142218780105202
F0,final,session3_participant4_gesture16_trial1,4,16,0.06644528044769242,0.025721444484848432,0.9046828820268861,0.0031503930405731425
F0,final,session3_participant4_gesture16_trial2,4,16,0.0037637386562222393,0.0020182803271200913,0.9939736336069079,0.0002443474097495565
F0,final,session3_participant4_gesture16_trial3,4,16,0.049008477531412534,0.001976111261581097,0.824844113832056,0.12417129737495046
F0,final,session3_participant4_gesture16_trial4,4,16,0.007114453751071684,0.0024663210565987236,0.9895207210155165,0.0008985041768132684
F0,final,session3_participant4_gesture16_trial5,4,16,0.13486069013149524,0.007524747210681364,0.8328526384206266,0.024761924237196673
F0,final,session3_participant4_gesture16_trial6,4,16,0.06424808790195634,0.0014127532882931132,0.9293400972463607,0.004999061563389879
F0,final,session3_participant4_gesture16_trial7,4,16,0.051316058659638786,0.0016865349398361292,0.8430938749467332,0.1039035314537921
F0,final,session3_participant4_gesture17_trial1,4,17,4.095462442089699e-05,4.932292056941934e-07,0.0007410119319573755,0.9992175402144161
F0,final,session3_participant4_gesture17_trial2,4,17,0.0008085277626521346,1.6547677036314062e-05,0.040154277957081604,0.9590206466032299
F0,final,session3_participant4_gesture17_trial3,4,17,2.954827396263059e-05,2.1362529537962423e-07,0.0006023809109818723,0.9993678571897602
F0,final,session3_participant4_gesture17_trial4,4,17,1.628808310088782e-05,1.340225483733881e-07,0.0004515138832426678,0.9995320640111081
F0,final,session3_participant4_gesture17_trial5,4,17,1.8000128895709356e-05,1.4680673519425276e-07,0.000427723981688819,0.9995541290826802
F0,final,session3_participant4_gesture17_trial6,4,17,0.00023211950304139077,3.2892700845684094e-06,0.011911004371618246,0.9878535868552557
F0,final,session3_participant4_gesture17_trial7,4,17,3.5645989447168914e-05,2.785381298237497e-07,0.0009142724618704976,0.9990498030105525
F0,final,session3_participant5_gesture4_trial1,5,4,0.13640899030291892,0.0013441816028583022,0.03582027209241537,0.8264265560018075
F0,final,session3_participant5_gesture4_trial2,5,4,0.0339048332020683,0.0004901210530922373,0.0022159843651004436,0.963389061379739
F0,final,session3_participant5_gesture4_trial3,5,4,0.9110075734948277,0.011664318201537115,0.06250897046397368,0.014819137839661394
F0,final,session3_participant5_gesture4_trial4,5,4,0.06765140320746924,0.0004624505534704386,0.009730785628208598,0.9221553606108518
F0,final,session3_participant5_gesture4_trial5,5,4,0.7919423721042663,0.006347516312500222,0.03696002356824176,0.16475008801499177
F0,final,session3_participant5_gesture4_trial6,5,4,0.3131035455566026,0.0017856532171098807,0.08272543543329791,0.6023853657929896
F0,final,session3_participant5_gesture4_trial7,5,4,0.8891886761458869,0.006970410015380872,0.08826257852789708,0.015578335310834855
F0,final,session3_participant5_gesture15_trial1,5,15,0.23515033519108552,0.1674744723097018,0.008967145673901536,0.5884080468253111
F0,final,session3_participant5_gesture15_trial2,5,15,0.2848175260540586,0.16343861497092277,0.027535405040725547,0.5242084539342932
F0,final,session3_participant5_gesture15_trial3,5,15,0.32569735238357966,0.493425243742867,0.07313899264730991,0.10773841122624345
F0,final,session3_participant5_gesture15_trial4,5,15,0.4484968213506557,0.4160200361855113,0.09476265947872736,0.04072048298510571
F0,final,session3_participant5_gesture15_trial5,5,15,0.428943027569148,0.38000545910221717,0.17187584811404288,0.01917566521459195
F0,final,session3_participant5_gesture15_trial6,5,15,0.1328555789268358,0.8094974933924293,0.04926797631610856,0.008378951364626432
F0,final,session3_participant5_gesture15_trial7,5,15,0.07333283849041737,0.9079271810831178,0.01848163244512504,0.0002583479813398815
F0,final,session3_participant5_gesture16_trial1,5,16,0.014921719025202071,0.00016621820551563626,0.9673192268564166,0.01759283591286586
F0,final,session3_participant5_gesture16_trial2,5,16,0.0004637090185577115,0.002865278682875876,0.9940700532565387,0.0026009590420277592
F0,final,session3_participant5_gesture16_trial3,5,16,0.07054661429469032,0.0005603554115103588,0.9074334862645708,0.02145954402922844
F0,final,session3_participant5_gesture16_trial4,5,16,7.327327833784969e-05,0.0005783214349339601,0.9993066391322284,4.176615449980683e-05
F0,final,session3_participant5_gesture16_trial5,5,16,0.0006434823545795598,0.0003361404983571371,0.9974080558624361,0.0016123212846271308
F0,final,session3_participant5_gesture16_trial6,5,16,4.152779498318518e-05,0.023031430464126878,0.9769254498788227,1.5918620672950373e-06
F0,final,session3_participant5_gesture16_trial7,5,16,0.0009157068922165508,0.005383877882349683,0.9936785765766435,2.1838648790204818e-05
F0,final,session3_participant5_gesture17_trial1,5,17,6.469826445549645e-06,7.071868616755929e-08,0.00023019835729371063,0.9997632610975745
F0,final,session3_participant5_gesture17_trial2,5,17,6.794897720828167e-06,7.303976870316084e-08,0.00022916865479839343,0.999763963407712
F0,final,session3_participant5_gesture17_trial3,5,17,5.287285687672131e-06,5.083055001116198e-08,0.00024031161839007883,0.9997543502653723
F0,final,session3_participant5_gesture17_trial4,5,17,7.32494722805866e-06,6.815557731621032e-08,0.0002538950435582936,0.9997387118536363
F0,final,session3_participant5_gesture17_trial5,5,17,1.4460029714104875e-05,8.594374446686093e-08,0.0003383474354812507,0.99964710659106
F0,final,session3_participant5_gesture17_trial6,5,17,6.008404789404174e-06,4.567206600053104e-08,0.0002361259892867213,0.9997578199338578
F0,final,session3_participant5_gesture17_trial7,5,17,2.0053128586185003e-05,1.0173036786015271e-07,0.00044004237494036947,0.9995398027661057
F0,final,session3_participant6_gesture4_trial1,6,4,0.7677897565186032,0.0037998470379957817,0.05917783301844156,0.16923256342495957
F0,final,session3_participant6_gesture4_trial2,6,4,0.9447172519018412,0.001984881129927468,0.030550466657907095,0.022747400310324264
F0,final,session3_participant6_gesture4_trial3,6,4,0.7906653359252096,0.001974707959186958,0.041437778551978326,0.16592217756362534
F0,final,session3_participant6_gesture4_trial4,6,4,0.9016128719055173,0.0014089038545193814,0.011399021037384436,0.085579203202579
F0,final,session3_participant6_gesture4_trial5,6,4,0.9185994232377502,0.01785309506749596,0.06344353012101199,0.00010395157374170486
F0,final,session3_participant6_gesture4_trial6,6,4,0.7902681378609824,0.01263310720586944,0.1944278122874887,0.00267094264565958
F0,final,session3_participant6_gesture4_trial7,6,4,0.8764151611314623,0.00191539846155305,0.08440597060337895,0.03726346980360554
F0,final,session3_participant6_gesture15_trial1,6,15,0.0046767404775181366,0.9077578694774154,0.08754813512477833,1.7254920288065068e-05
F0,final,session3_participant6_gesture15_trial2,6,15,0.0077093778273261485,0.940956494646147,0.0512335178200769,0.00010060970645011419
F0,final,session3_participant6_gesture15_trial3,6,15,0.0007536124651957354,0.9906780618161003,0.008568296649502618,2.9069201313165393e-08
F0,final,session3_participant6_gesture15_trial4,6,15,0.005236789249539444,0.9833173247074622,0.011445790790902074,9.525209627350742e-08
F0,final,session3_participant6_gesture15_trial5,6,15,0.01143031929453197,0.9325018798472079,0.05606745060240317,3.5025585716146303e-07
F0,final,session3_participant6_gesture15_trial6,6,15,0.003365673048062387,0.9597588642124449,0.03687071414204436,4.7485974482794216e-06
F0,final,session3_participant6_gesture15_trial7,6,15,0.0028962284505852248,0.9562356451922884,0.040866009913231395,2.116443894952793e-06
F0,final,session3_participant6_gesture16_trial1,6,16,0.702963502086597,0.0059341978987281305,0.2904334753493071,0.000668824665367932
F0,final,session3_participant6_gesture16_trial2,6,16,0.03221244920526467,0.0012394766667311382,0.9665475253276528,5.488003514238014e-07
F0,final,session3_participant6_gesture16_trial3,6,16,0.04054331498262824,0.001003002817639113,0.9584531892659167,4.929338159958034e-07
F0,final,session3_participant6_gesture16_trial4,6,16,0.22945261340757714,0.0032833580641451316,0.7330817592445734,0.03418226928370426
F0,final,session3_participant6_gesture16_trial5,6,16,0.29108683651304135,0.010246312133999706,0.6968577222961856,0.001809129056773496
F0,final,session3_participant6_gesture16_trial6,6,16,0.47220268886443584,0.0007206304997040369,0.3440332247608794,0.18304345587498075
F0,final,session3_participant6_gesture16_trial7,6,16,0.024708274160702783,0.0006201547239020967,0.974669835542208,1.7355731873400172e-06
F0,final,session3_participant6_gesture17_trial1,6,17,7.311432845419748e-05,4.3945615361578063e-07,0.0006052856114581673,0.999321160603934
F0,final,session3_participant6_gesture17_trial2,6,17,6.60041430447843e-06,6.03201358925217e-08,0.0002492375642670229,0.9997441017012926
F0,final,session3_participant6_gesture17_trial3,6,17,7.557423896291885e-06,1.5089943834288495e-07,0.0002826914919384197,0.9997096001847269
F0,final,session3_participant6_gesture17_trial4,6,17,4.0385229134973806e-05,2.6293007881673945e-07,0.0002041342307809919,0.9997552176100052
F0,final,session3_participant6_gesture17_trial5,6,17,0.0001236857633586032,8.473063884887681e-07,0.0008626583672409257,0.9990128085630121
F0,final,session3_participant6_gesture17_trial6,6,17,5.523878737725517e-06,5.358153163566062e-08,0.00022598710314100743,0.9997684354365896
F0,final,session3_participant6_gesture17_trial7,6,17,7.408341325673321e-06,4.5033864125205095e-07,0.00021239278039592455,0.9997797485396371
F0,final,session3_participant7_gesture4_trial1,7,4,0.596072109820129,0.11956446104894793,0.28431759524245576,4.583388846718341e-05
F0,final,session3_participant7_gesture4_trial2,7,4,0.5714721990613846,0.4036323481621725,0.02489335433932509,2.0984371177388325e-06
F0,final,session3_participant7_gesture4_trial3,7,4,0.6746518162378647,0.07728075298004819,0.24690813478673482,0.001159295995352232
F0,final,session3_participant7_gesture4_trial4,7,4,0.7818812580851681,0.153465135608922,0.06462926229915356,2.4344006756317002e-05
F0,final,session3_participant7_gesture4_trial5,7,4,0.7873913754162951,0.1541370875322754,0.05843934222787204,3.2194823557374786e-05
F0,final,session3_participant7_gesture4_trial6,7,4,0.6251248485785825,0.20959424297862622,0.165255043647762,2.5864795029203815e-05
F0,final,session3_participant7_gesture4_trial7,7,4,0.7955625141720168,0.05788652730328886,0.14635261260315677,0.0001983459215374632
F0,final,session3_participant7_gesture15_trial1,7,15,0.0014530649043723518,0.9981168185936978,0.0004301119770357331,4.524893897662114e-09
F0,final,session3_participant7_gesture15_trial2,7,15,0.009042139538259594,0.9819134119726575,0.009044168419860048,2.800692228163948e-07
F0,final,session3_participant7_gesture15_trial3,7,15,0.0017735609360220964,0.9968925570365607,0.0013338753647819403,6.662635270306486e-09
F0,final,session3_participant7_gesture15_trial4,7,15,0.079609318096204,0.8229042769104801,0.09745595923518037,3.0445758135690698e-05
F0,final,session3_participant7_gesture15_trial5,7,15,0.035402918350748845,0.9517185526167716,0.012877908507041468,6.205254378772278e-07
F0,final,session3_participant7_gesture15_trial6,7,15,0.2581710608832301,0.6019599555151498,0.13969093068935587,0.00017805291226416847
F0,final,session3_participant7_gesture15_trial7,7,15,0.15689382971775487,0.8245671711143084,0.01853649317674133,2.5059911952312855e-06
F0,final,session3_participant7_gesture16_trial1,7,16,0.012470634694856906,0.002607023357260775,0.9848779738514111,4.436809647115232e-05
F0,final,session3_participant7_gesture16_trial2,7,16,0.0012451018806068084,2.005463227286499e-05,0.9987298020481447,5.041438975643685e-06
F0,final,session3_participant7_gesture16_trial3,7,16,0.0021097962120764026,0.005054568944579591,0.9928105889309597,2.504591238426305e-05
F0,final,session3_participant7_gesture16_trial4,7,16,0.0041195941287714,3.1276929778331335e-06,0.9941910920448608,0.001686186133390005
F0,final,session3_participant7_gesture16_trial5,7,16,0.001139362497807035,0.000544059988458594,0.9983165685721631,8.941571249934962e-09
F0,final,session3_participant7_gesture16_trial6,7,16,0.003419648596517262,1.0736180894498449e-06,0.9960049598478028,0.0005743179375905562
F0,final,session3_participant7_gesture16_trial7,7,16,0.005975380901080902,0.002203094182786761,0.9918209639183099,5.609978224326197e-07
F0,final,session3_participant7_gesture17_trial1,7,17,6.433100268720649e-06,6.067158313005705e-08,0.00023884331389763846,0.9997546629142505
F0,final,session3_participant7_gesture17_trial2,7,17,5.669725480557416e-06,5.918077436877413e-08,0.00022941865361791628,0.9997648524401271
F0,final,session3_participant7_gesture17_trial3,7,17,8.301885829152415e-06,7.098904829120731e-08,0.00023242715410247406,0.9997591999710201
F0,final,session3_participant7_gesture17_trial4,7,17,2.018807724613287e-05,1.6906485220036885e-07,0.00029502276835903084,0.9996846200895426
F0,final,session3_participant7_gesture17_trial5,7,17,1.605208556399973e-05,1.439788390733368e-07,0.00038858132689991625,0.999595222608697
F0,final,session3_participant7_gesture17_trial6,7,17,1.2283500841470724e-05,1.1070285206493343e-07,0.00023191747235071252,0.9997556883239558
F0,final,session3_participant7_gesture17_trial7,7,17,9.95830009268006e-06,8.36664912518832e-08,0.00022633156521514378,0.9997636264682009
F0,final,session3_participant8_gesture4_trial1,8,4,0.7864298686601389,0.18350538082332055,0.030063120453762422,1.6300627780595256e-06
F0,final,session3_participant8_gesture4_trial2,8,4,0.7785329188044711,0.12780392814504848,0.09365517253775897,7.980512721476486e-06
F0,final,session3_participant8_gesture4_trial3,8,4,0.7173169357885026,0.2502620628725429,0.0324187313110454,2.2700279091126755e-06
F0,final,session3_participant8_gesture4_trial4,8,4,0.752848871677834,0.18975457972601625,0.05739337740601475,3.1711901350724625e-06
F0,final,session3_participant8_gesture4_trial5,8,4,0.6153359277012771,0.32732763930079467,0.057334609835185735,1.8231627424143017e-06
F0,final,session3_participant8_gesture4_trial6,8,4,0.8322600989040226,0.11605975990368089,0.05162374522522125,5.63959670752143e-05
F0,final,session3_participant8_gesture4_trial7,8,4,0.6839916978638676,0.3071824051091272,0.008825875366462963,2.1660542374872534e-08
F0,final,session3_participant8_gesture15_trial1,8,15,0.31763429180092834,0.6753095691409094,0.007021871582095589,3.426747606659385e-05
F0,final,session3_participant8_gesture15_trial2,8,15,0.5757374700627927,0.37929867634187964,0.04452630520218318,0.0004375483931444192
F0,final,session3_participant8_gesture15_trial3,8,15,0.6330809068509748,0.30277276234096284,0.06361101056553822,0.000535320242524239
F0,final,session3_participant8_gesture15_trial4,8,15,0.15238912204639082,0.8130703875694599,0.034524445388110996,1.6044996038288395e-05
F0,final,session3_participant8_gesture15_trial5,8,15,0.28230691290218457,0.6933003451877124,0.024369848769732614,2.2893140370423665e-05
F0,final,session3_participant8_gesture15_trial6,8,15,0.44919480549217533,0.5362577842075693,0.01449129603017141,5.611427008388141e-05
F0,final,session3_participant8_gesture15_trial7,8,15,0.09608723700021067,0.8959414785812502,0.007971160188213816,1.2423032525325937e-07
F0,final,session3_participant8_gesture16_trial1,8,16,7.738962151170842e-06,0.3084021874859576,0.6915898676377062,2.0591418488511156e-07
F0,final,session3_participant8_gesture16_trial2,8,16,0.002781553359514448,0.043700854928350095,0.9535033153192164,1.4276392919145584e-05
F0,final,session3_participant8_gesture16_trial3,8,16,0.004438480616313011,0.0019524222271832296,0.9931301854529557,0.00047891170354807375
F0,final,session3_participant8_gesture16_trial4,8,16,0.00012998264656511853,0.1604395756823055,0.839419406121873,1.103554925634843e-05
F0,final,session3_participant8_gesture16_trial5,8,16,4.3681745876427595e-05,0.37852301886358075,0.621432867849747,4.315407957342059e-07
F0,final,session3_participant8_gesture16_trial6,8,16,0.004313208121032949,0.39069709664301466,0.6049867270961176,2.968139834803728e-06
F0,final,session3_participant8_gesture16_trial7,8,16,0.016083208037436215,0.5169728319597,0.46694346661461855,4.933882452657677e-07
F0,final,session3_participant8_gesture17_trial1,8,17,1.719018380402227e-05,9.112957065692948e-08,0.00033016226681957447,0.9996525564198058
F0,final,session3_participant8_gesture17_trial2,8,17,2.0670111724802207e-05,1.123511676594589e-07,0.00033573813730755246,0.9996434793998
F0,final,session3_participant8_gesture17_trial3,8,17,1.7142334427601385e-05,1.1524946923489657e-07,0.0003328567681940183,0.9996498856479091
F0,final,session3_participant8_gesture17_trial4,8,17,0.0001902628961074846,1.6428547635734518e-06,0.002619603013464701,0.9971884912356642
F0,final,session3_participant8_gesture17_trial5,8,17,4.0166494114886344e-05,2.6098348047585276e-07,0.0006262189923902376,0.9993333535300144
F0,final,session3_participant8_gesture17_trial6,8,17,0.00013979544986605696,7.486272929765752e-07,0.0007004618195119584,0.999158994103329
F0,final,session3_participant8_gesture17_trial7,8,17,0.004568112396481923,7.205207128204444e-05,0.025010298832881223,0.9703495366993549
F0+F2a,validation,session2_participant1_gesture4_trial1,1,4,0.24995004130115456,0.7347703077449683,0.015275678154053108,3.9727998240552525e-06
F0+F2a,validation,session2_participant1_gesture4_trial2,1,4,0.9098690867134503,0.08235600411826588,0.00758757575619431,0.00018733341208953316
F0+F2a,validation,session2_participant1_gesture4_trial3,1,4,0.8070093100586245,0.1877508893405276,0.0052042183557045145,3.5582245143399496e-05
F0+F2a,validation,session2_participant1_gesture4_trial4,1,4,0.8945219392103558,0.10416998242040204,0.0012740017054529648,3.407666378923497e-05
F0+F2a,validation,session2_participant1_gesture4_trial5,1,4,0.8775874231150832,0.12109685067409379,0.0013139839259552779,1.7422848676112064e-06
F0+F2a,validation,session2_participant1_gesture4_trial6,1,4,0.9801880931173549,0.019293100414074345,0.000494119248103544,2.4687220466980263e-05
F0+F2a,validation,session2_participant1_gesture4_trial7,1,4,0.9327640724590257,0.06629238166681196,0.0009425853969903283,9.604771718593692e-07
F0+F2a,validation,session2_participant1_gesture15_trial1,1,15,0.025541447593396764,0.9726757616325294,0.0017349162302799912,4.787454379392014e-05
F0+F2a,validation,session2_participant1_gesture15_trial2,1,15,0.001485627144565926,0.9922470753265537,0.005888435651900992,0.00037886187697934166
F0+F2a,validation,session2_participant1_gesture15_trial3,1,15,0.011464091836631975,0.9838675998549075,0.004577046657151043,9.126165130960254e-05
F0+F2a,validation,session2_participant1_gesture15_trial4,1,15,0.015367223748851537,0.9791674440058173,0.005435772337849401,2.9559907481679035e-05
F0+F2a,validation,session2_participant1_gesture15_trial5,1,15,0.30596797724477026,0.6892566481616813,0.004756168521856477,1.9206071692078156e-05
F0+F2a,validation,session2_participant1_gesture15_trial6,1,15,0.005657599133433861,0.9932183568137258,0.0011040563462685385,1.9987706571675938e-05
F0+F2a,validation,session2_participant1_gesture15_trial7,1,15,0.00407128615992043,0.9899835080155577,0.005940779845775612,4.425978746281729e-06
F0+F2a,validation,session2_participant1_gesture16_trial1,1,16,3.69436730054126e-12,3.6619845042107207e-07,0.9999996337873682,1.0487041144510219e-11
F0+F2a,validation,session2_participant1_gesture16_trial2,1,16,2.1142708483768543e-09,1.2209335699162275e-05,0.9999877870106653,1.5393646213743972e-09
F0+F2a,validation,session2_participant1_gesture16_trial3,1,16,5.7381960683909506e-12,0.00012563237720815957,0.999874367051537,5.655167821055971e-10
F0+F2a,validation,session2_participant1_gesture16_trial4,1,16,1.2242619701709981e-06,0.0017035030386594056,0.9982951571658825,1.1553348789818963e-07
F0+F2a,validation,session2_participant1_gesture16_trial5,1,16,2.1781578447828596e-10,0.000620680400383072,0.9993792730626551,4.631914602790841e-08
F0+F2a,validation,session2_participant1_gesture16_trial6,1,16,1.01996148681168e-11,6.186472769046885e-05,0.9999381326479526,2.61415714323474e-09
F0+F2a,validation,session2_participant1_gesture16_trial7,1,16,2.459937377730364e-11,2.4455581626378047e-05,0.9999755435931925,8.005817735266541e-10
F0+F2a,validation,session2_participant1_gesture17_trial1,1,17,0.0003328168887622677,0.0004172211479247855,0.0006885278622472291,0.9985614341010657
F0+F2a,validation,session2_participant1_gesture17_trial2,1,17,3.2916430814375935e-05,0.0007377206835962427,0.00017671495320450626,0.9990526479323849
F0+F2a,validation,session2_participant1_gesture17_trial3,1,17,0.00010673777043382347,0.0030072609175135034,0.0006441625017494313,0.9962418388103033
F0+F2a,validation,session2_participant1_gesture17_trial4,1,17,0.0001371065691904797,0.00012147709175492435,0.0008265905451356277,0.998914825793919
F0+F2a,validation,session2_participant1_gesture17_trial5,1,17,0.0058657705892196516,0.10558446921449698,0.010983401824552501,0.8775663583717308
F0+F2a,validation,session2_participant1_gesture17_trial6,1,17,9.290377386058045e-06,0.007455196835097597,0.0013317496635958004,0.9912037631239206
F0+F2a,validation,session2_participant1_gesture17_trial7,1,17,2.469620272217461e-06,0.000518106178341809,9.433669474692607e-05,0.999385087506639
F0+F2a,validation,session2_participant2_gesture4_trial1,2,4,0.8025619427607225,0.19110557227234057,0.0029004928973122,0.0034319920696249256
F0+F2a,validation,session2_participant2_gesture4_trial2,2,4,0.6143503453554379,0.3771187243655228,0.0048363355474479175,0.003694594731591515
F0+F2a,validation,session2_participant2_gesture4_trial3,2,4,0.5092462629325748,0.4889220693958758,0.0017912976467572654,4.03700247922027e-05
F0+F2a,validation,session2_participant2_gesture4_trial4,2,4,0.5195579063062491,0.46561214340823276,0.0014023648459560163,0.013427585439562042
F0+F2a,validation,session2_participant2_gesture4_trial5,2,4,0.10337670484975134,0.8893136730605372,0.007266831854186407,4.279023552515054e-05
F0+F2a,validation,session2_participant2_gesture4_trial6,2,4,0.9583826374314593,0.04110940662331449,0.00037053532165303284,0.00013742062357323295
F0+F2a,validation,session2_participant2_gesture4_trial7,2,4,0.12873292210120743,0.8693935824833766,0.0018592293714184483,1.4266043997693633e-05
F0+F2a,validation,session2_participant2_gesture15_trial1,2,15,2.792048925812412e-10,0.9992389736866654,6.200059904684097e-05,0.0006990254350827408
F0+F2a,validation,session2_participant2_gesture15_trial2,2,15,1.3340933941225055e-11,0.999994339926815,3.587564578753398e-06,2.072495265158621e-06
F0+F2a,validation,session2_participant2_gesture15_trial3,2,15,1.4013471424734024e-10,0.9999971100360537,2.8801186017187746e-06,9.705209911258003e-09
F0+F2a,validation,session2_participant2_gesture15_trial4,2,15,1.3992874451261936e-10,0.9999314046727992,6.630150674379557e-05,2.293680528152956e-06
F0+F2a,validation,session2_participant2_gesture15_trial5,2,15,2.0821114198522133e-10,0.9999851087618729,1.1172318169431569e-05,3.7187117464485612e-06
F0+F2a,validation,session2_participant2_gesture15_trial6,2,15,7.724402461452327e-12,0.9997667640337666,4.2106580816392275e-05,0.00019112937769230062
F0+F2a,validation,session2_participant2_gesture15_trial7,2,15,9.217993815651012e-14,0.9999963392071833,2.590611121530187e-06,1.0701816032101533e-06
F0+F2a,validation,session2_participant2_gesture16_trial1,2,16,2.333240583661505e-13,1.179145244525706e-06,0.9999988208544436,7.854628079226981e-14
F0+F2a,validation,session2_participant2_gesture16_trial2,2,16,6.245295037793469e-10,0.000688567767543529,0.9993114315834436,2.4483210955854477e-11
F0+F2a,validation,session2_participant2_gesture16_trial3,2,16,3.3188484939633206e-09,0.0002531124763124576,0.9997468756156537,8.589185423679653e-09
F0+F2a,validation,session2_participant2_gesture16_trial4,2,16,8.556471674085647e-11,9.178397170727321e-05,0.999908215926022,1.6706029735969644e-11
F0+F2a,validation,session2_participant2_gesture16_trial5,2,16,5.845765500962102e-11,0.0001233880962325391,0.9998766118315336,1.3776265420268412e-11
F0+F2a,validation,session2_participant2_gesture16_trial6,2,16,1.7039117897496846e-08,0.0063212069339769975,0.9936787747387463,1.2881586732531075e-09
F0+F2a,validation,session2_participant2_gesture16_trial7,2,16,4.441158180026384e-09,0.0020079466264706983,0.9979920312769596,1.7655411539205683e-08
F0+F2a,validation,session2_participant2_gesture17_trial1,2,17,2.7388335017926563e-08,8.84399818334702e-07,5.740371513251239e-07,0.9999985141746953
F0+F2a,validation,session2_participant2_gesture17_trial2,2,17,3.369090570576556e-08,3.2962142624857685e-06,2.2196974417856506e-06,0.9999944503973901
F0+F2a,validation,session2_participant2_gesture17_trial3,2,17,0.0010897166903651415,1.2820993187789495e-06,1.1504705655589117e-05,0.9988974965046606
F0+F2a,validation,session2_participant2_gesture17_trial4,2,17,0.0001235244103102255,1.0595255483864209e-07,1.6012376359482816e-06,0.9998747683994991
F0+F2a,validation,session2_participant2_gesture17_trial5,2,17,0.00014861844404734357,1.0423476610422099e-07,3.312859658760837e-06,0.9998479644615278
F0+F2a,validation,session2_participant2_gesture17_trial6,2,17,0.011881575806551702,1.179658804956604e-06,1.916105082236022e-06,0.9881153284295612
F0+F2a,validation,session2_participant2_gesture17_trial7,2,17,0.0010121496933145932,3.348456091195796e-07,3.8723005346484696e-06,0.9989836431605417
F0+F2a,validation,session2_participant3_gesture4_trial1,3,4,0.9993400677624704,0.0004822795423550657,0.0001746654264753112,2.987268699300775e-06
F0+F2a,validation,session2_participant3_gesture4_trial2,3,4,0.9926181814346979,0.0033976482253676066,0.003978310128839383,5.8602110950437945e-06
F0+F2a,validation,session2_participant3_gesture4_trial3,3,4,0.9961824038119587,0.0033855474115765125,0.00043203970048969295,9.075975170658041e-09
F0+F2a,validation,session2_participant3_gesture4_trial4,3,4,0.9967381883566907,0.002998363483096831,0.0002634079922857712,4.016792678191135e-08
F0+F2a,validation,session2_participant3_gesture4_trial5,3,4,0.9961628666109473,0.0028584185558347126,0.0009783337873128968,3.810459049452659e-07
F0+F2a,validation,session2_participant3_gesture4_trial6,3,4,0.9984828613939368,0.0013524699788380191,0.0001646519618151654,1.6665410110386544e-08
F0+F2a,validation,session2_participant3_gesture4_trial7,3,4,0.9960528921921278,0.003423053917240178,0.0005240511373770662,2.7532550226666266e-09
F0+F2a,validation,session2_participant3_gesture15_trial1,3,15,5.114202684952945e-05,0.9972303552007951,0.002718182996721808,3.1977563376482e-07
F0+F2a,validation,session2_participant3_gesture15_trial2,3,15,0.01720240038018702,0.9824061769552347,0.00039125922081543736,1.634437627594061e-07
F0+F2a,validation,session2_participant3_gesture15_trial3,3,15,0.0023682806170265192,0.9971367968713989,0.0004949072018452644,1.5309729389092458e-08
F0+F2a,validation,session2_participant3_gesture15_trial4,3,15,0.005515248039911519,0.9940310692630897,0.000453563719929648,1.1897706921602459e-07
F0+F2a,validation,session2_participant3_gesture15_trial5,3,15,0.006297798241804152,0.993230216786322,0.0004718936767144506,9.129515965390932e-08
F0+F2a,validation,session2_participant3_gesture15_trial6,3,15,0.0029892216552956244,0.996954860470647,5.5914630700876806e-05,3.2433563990840397e-09
F0+F2a,validation,session2_participant3_gesture15_trial7,3,15,0.015442477076806587,0.9843696138525172,0.00018776298863138906,1.4608204488690588e-07
F0+F2a,validation,session2_participant3_gesture16_trial1,3,16,6.484370529140974e-06,3.953193270587163e-05,0.9997642918953542,0.00018969180141077804
F0+F2a,validation,session2_participant3_gesture16_trial2,3,16,0.012988513947025876,0.00011297154638366887,0.6839180924759651,0.3029804220306254
F0+F2a,validation,session2_participant3_gesture16_trial3,3,16,0.0020173692216680565,0.006395007573537644,0.9915875440287927,7.917600141486302e-08
F0+F2a,validation,session2_participant3_gesture16_trial4,3,16,1.4360745058631418e-05,9.6742077851196e-05,0.9998877218118706,1.1753652195618022e-06
F0+F2a,validation,session2_participant3_gesture16_trial5,3,16,5.743739417085004e-05,0.0006677732277962492,0.999273940238434,8.49139598825833e-07
F0+F2a,validation,session2_participant3_gesture16_trial6,3,16,6.920391623597535e-07,0.0001071337784413754,0.9998920879278196,8.625457668825715e-08
F0+F2a,validation,session2_participant3_gesture16_trial7,3,16,0.00568751992603572,0.007014573153404784,0.9872968607464129,1.0461741465550593e-06
F0+F2a,validation,session2_participant3_gesture17_trial1,3,17,0.01498330192728172,1.3043650958970175e-06,7.221957116257876e-06,0.9850081717505063
F0+F2a,validation,session2_participant3_gesture17_trial2,3,17,0.023698755196567275,8.883275462969105e-06,2.1359173003784987e-05,0.9762710023549659
F0+F2a,validation,session2_participant3_gesture17_trial3,3,17,0.0004715704577395091,3.6441490836416406e-07,6.189017846754975e-06,0.9995218761095055
F0+F2a,validation,session2_participant3_gesture17_trial4,3,17,0.15460369422229062,3.5472887591116448e-06,1.6981973896505199e-06,0.8453910602915605
F0+F2a,validation,session2_participant3_gesture17_trial5,3,17,0.0025797313483436916,1.3221346622672164e-06,1.2773862710552743e-05,0.9974061726542836
F0+F2a,validation,session2_participant3_gesture17_trial6,3,17,4.4483284123803445e-05,4.0344215789936493e-07,3.997922227668667e-05,0.9999151340514416
F0+F2a,validation,session2_participant3_gesture17_trial7,3,17,0.0004087384401666994,1.6283921146013164e-06,9.526052384894794e-06,0.9995801071153337
F0+F2a,validation,session2_participant4_gesture4_trial1,4,4,0.9955491153218038,0.0015430795650100686,0.0028775218074858985,3.0283305700193354e-05
F0+F2a,validation,session2_participant4_gesture4_trial2,4,4,0.9885856989438947,0.008709987290393252,0.0027028967732108666,1.4169925012718662e-06
F0+F2a,validation,session2_participant4_gesture4_trial3,4,4,0.9887310431416473,0.007094292247736089,0.0041591029392736845,1.5561671342900717e-05
F0+F2a,validation,session2_participant4_gesture4_trial4,4,4,0.9883654959647976,0.005103063586111638,0.006497227517020289,3.421293207040214e-05
F0+F2a,validation,session2_participant4_gesture4_trial5,4,4,0.9808376919326105,0.012429459201302272,0.00673156805381221,1.280812275059408e-06
F0+F2a,validation,session2_participant4_gesture4_trial6,4,4,0.8662154038496448,0.009338518904980928,0.12351962678961674,0.0009264504557572273
F0+F2a,validation,session2_participant4_gesture4_trial7,4,4,0.9772340172744413,0.01424452479165202,0.008515973177176901,5.484756729687382e-06
F0+F2a,validation,session2_participant4_gesture15_trial1,4,15,0.929914224184506,0.03184794625448254,0.022311432757010627,0.015926396804000972
F0+F2a,validation,session2_participant4_gesture15_trial2,4,15,0.00011268519529543364,0.9950242155388507,0.0043638262539810084,0.0004992730118729879
F0+F2a,validation,session2_participant4_gesture15_trial3,4,15,0.00045590452646260634,0.975488513610708,0.024003916455701574,5.166540712769647e-05
F0+F2a,validation,session2_participant4_gesture15_trial4,4,15,0.0015405670079506695,0.9834807233951312,0.01494796659595831,3.074300095987656e-05
F0+F2a,validation,session2_participant4_gesture15_trial5,4,15,0.13655376489891932,0.7929618090346495,0.06904991373027883,0.0014345123361524125
F0+F2a,validation,session2_participant4_gesture15_trial6,4,15,3.343276321563074e-05,0.9986514315669635,0.0013131540618458745,1.9816079748798497e-06
F0+F2a,validation,session2_participant4_gesture15_trial7,4,15,0.0032860714361902348,0.9758511645104295,0.017524398200971677,0.003338365852408467
F0+F2a,validation,session2_participant4_gesture16_trial1,4,16,0.00015903265046889135,0.00015049631457666852,0.6720310198740359,0.32765945116091855
F0+F2a,validation,session2_participant4_gesture16_trial2,4,16,8.999128085054151e-08,8.126612471591007e-06,0.9951382708272845,0.0048535125689631135
F0+F2a,validation,session2_participant4_gesture16_trial3,4,16,3.90159289277696e-08,4.4528025664093056e-07,0.9999978992914779,1.6164123365074491e-06
F0+F2a,validation,session2_participant4_gesture16_trial4,4,16,1.0303076506777658e-07,3.935771241216701e-06,0.9999684413081081,2.751988988573809e-05
F0+F2a,validation,session2_participant4_gesture16_trial5,4,16,1.8330320198032178e-09,1.5092150924734303e-05,0.9998253422858701,0.00015956373017313977
F0+F2a,validation,session2_participant4_gesture16_trial6,4,16,2.2351635329876452e-08,1.906895364732452e-05,0.9999737596881954,7.149006521934869e-06
F0+F2a,validation,session2_participant4_gesture16_trial7,4,16,1.0055993082603138e-05,0.00010419825998799253,0.9956447728406456,0.004240972906283921
F0+F2a,validation,session2_participant4_gesture17_trial1,4,17,0.000330074147247797,4.7605895990957833e-08,0.0008990164529085932,0.9987708617939476
F0+F2a,validation,session2_participant4_gesture17_trial2,4,17,9.823991771051539e-06,2.1832065767291716e-07,0.005546862659986739,0.9944430950275847
F0+F2a,validation,session2_participant4_gesture17_trial3,4,17,1.5103378568994633e-05,1.6831308787689706e-08,0.0009043710668874303,0.9990805087232348
F0+F2a,validation,session2_participant4_gesture17_trial4,4,17,0.00019958515844372085,2.4546644310833792e-08,0.0004959220358895502,0.9993044682590225
F0+F2a,validation,session2_participant4_gesture17_trial5,4,17,6.354518180422994e-06,5.3138037870084516e-08,0.002077760143677256,0.9979158322001045
F0+F2a,validation,session2_participant4_gesture17_trial6,4,17,7.061281601921175e-05,3.350754618709672e-08,0.0038394829197076763,0.9960898707567268
F0+F2a,validation,session2_participant4_gesture17_trial7,4,17,0.0002162701351982173,7.202629873652414e-08,0.002560673884668631,0.9972229839538345
F0+F2a,validation,session2_participant5_gesture4_trial1,5,4,0.9684801594987644,0.018215666720751558,0.013301572219533207,2.601560950910123e-06
F0+F2a,validation,session2_participant5_gesture4_trial2,5,4,0.24587454216346305,0.3787702567668534,0.3753414695142882,1.3731555395373016e-05
F0+F2a,validation,session2_participant5_gesture4_trial3,5,4,0.682017103568934,0.07718383200483403,0.24044491711517907,0.00035414731105290465
F0+F2a,validation,session2_participant5_gesture4_trial4,5,4,0.8327446465124025,0.10165263679297058,0.0655992227025258,3.493992101049143e-06
F0+F2a,validation,session2_participant5_gesture4_trial5,5,4,0.9973806344927831,0.001703967937430586,0.0009150659773386593,3.315924477828326e-07
F0+F2a,validation,session2_participant5_gesture4_trial6,5,4,0.9641687295130701,0.02257103738489181,0.013180208789616081,8.002431242185575e-05
F0+F2a,validation,session2_participant5_gesture4_trial7,5,4,0.8951405498197593,0.015182984359383856,0.08955182090318083,0.00012464491767611073
F0+F2a,validation,session2_participant5_gesture15_trial1,5,15,0.016658659799580294,0.49381155184640313,0.4831372876726292,0.00639250068138739
F0+F2a,validation,session2_participant5_gesture15_trial2,5,15,0.01683187018598146,0.9643370318688125,0.01882323820038193,7.859744824247038e-06
F0+F2a,validation,session2_participant5_gesture15_trial3,5,15,0.0020616941094203306,0.9724671063096156,0.025322680220236527,0.0001485193607275198
F0+F2a,validation,session2_participant5_gesture15_trial4,5,15,0.0189204860246158,0.9457785206496514,0.03472896292809112,0.000572030397641804
F0+F2a,validation,session2_participant5_gesture15_trial5,5,15,0.01283577475898268,0.7944451048146481,0.19246623203272578,0.0002528883936432807
F0+F2a,validation,session2_participant5_gesture15_trial6,5,15,0.018750683218254537,0.7464648977557338,0.23220710918748325,0.002577309838528524
F0+F2a,validation,session2_participant5_gesture15_trial7,5,15,0.5387299284027146,0.38418676380072675,0.07706754558394283,1.5762212615673317e-05
F0+F2a,validation,session2_participant5_gesture16_trial1,5,16,3.092067678014819e-11,0.002245019504774582,0.9977441599298332,1.0820534471549873e-05
F0+F2a,validation,session2_participant5_gesture16_trial2,5,16,4.843277189106628e-10,0.00141078927683359,0.9985884000741683,8.101646705358746e-07
F0+F2a,validation,session2_participant5_gesture16_trial3,5,16,4.321738814229521e-06,0.008592833548135495,0.9914023955122382,4.49200812165628e-07
F0+F2a,validation,session2_participant5_gesture16_trial4,5,16,1.0412749738803931e-05,0.021806448555778957,0.9781830482515209,9.044296139698497e-08
F0+F2a,validation,session2_participant5_gesture16_trial5,5,16,7.929631487866262e-07,0.012914444753610348,0.9870806719358072,4.090347433683396e-06
F0+F2a,validation,session2_participant5_gesture16_trial6,5,16,1.0326698327760693e-06,0.0020582510807890786,0.9979406523637632,6.38856150391628e-08
F0+F2a,validation,session2_participant5_gesture16_trial7,5,16,3.292386204391515e-12,9.521882182845977e-05,0.9999023375797145,2.443595164530683e-06
F0+F2a,validation,session2_participant5_gesture17_trial1,5,17,1.3314434407742325e-08,6.315752616550656e-09,0.0020853038689048063,0.9979146765009081
F0+F2a,validation,session2_participant5_gesture17_trial2,5,17,2.977039551474416e-09,3.6906000626023523e-09,0.0011578407048083257,0.998842152627552
F0+F2a,validation,session2_participant5_gesture17_trial3,5,17,9.931816651670987e-09,2.9129924145190027e-09,0.0010914815247271051,0.9989085056304638
F0+F2a,validation,session2_participant5_gesture17_trial4,5,17,5.553908592769502e-09,1.0353073248282652e-08,0.001394545998113394,0.9986054380949049
F0+F2a,validation,session2_participant5_gesture17_trial5,5,17,1.192498624192949e-07,3.193165597425949e-08,0.00035551263231717984,0.9996443361861643
F0+F2a,validation,session2_participant5_gesture17_trial6,5,17,7.006271591038193e-08,1.780506671610015e-08,0.0005264150026280564,0.9994734971295893
F0+F2a,validation,session2_participant5_gesture17_trial7,5,17,6.505321520741482e-10,9.74011590560773e-09,0.0009078663950598915,0.9990921232142921
F0+F2a,validation,session2_participant6_gesture4_trial1,6,4,0.055611496756043384,0.3820040945482965,0.5493697288913391,0.013014679804321087
F0+F2a,validation,session2_participant6_gesture4_trial2,6,4,0.039169083781929175,0.014426245238532765,0.051411434894548025,0.8949932360849899
F0+F2a,validation,session2_participant6_gesture4_trial3,6,4,0.04780327889109253,0.07156350553364425,0.04630700791184696,0.8343262076634163
F0+F2a,validation,session2_participant6_gesture4_trial4,6,4,0.336318513538666,0.07952623577882663,0.15014543747989928,0.4340098132026082
F0+F2a,validation,session2_participant6_gesture4_trial5,6,4,0.08244277773232958,0.6256529622112337,0.2780891501561034,0.013815109900333342
F0+F2a,validation,session2_participant6_gesture4_trial6,6,4,0.18783839411943407,0.6282713236941275,0.15578250826858053,0.028107773917857844
F0+F2a,validation,session2_participant6_gesture4_trial7,6,4,0.14997141871182396,0.08109398597981322,0.049556938528615285,0.7193776567797475
F0+F2a,validation,session2_participant6_gesture15_trial1,6,15,3.341380876448301e-10,0.9997377081207447,0.00025948653164964435,2.8050134674666085e-06
F0+F2a,validation,session2_participant6_gesture15_trial2,6,15,9.132163509453034e-10,0.9996701625495085,0.000319953096039447,9.88344123570683e-06
F0+F2a,validation,session2_participant6_gesture15_trial3,6,15,1.068465802196261e-10,0.9989872867864001,0.00019956190097983272,0.0008131512057733531
F0+F2a,validation,session2_participant6_gesture15_trial4,6,15,1.6435750754942462e-08,0.9977595650218151,0.002177347509675392,6.307103275892348e-05
F0+F2a,validation,session2_participant6_gesture15_trial5,6,15,3.3789184841177214e-11,0.9998882880267835,0.0001116290364372719,8.290298999523114e-08
F0+F2a,validation,session2_participant6_gesture15_trial6,6,15,5.010515498318722e-07,0.9852957656692827,0.012010510879639488,0.002693222399528167
F0+F2a,validation,session2_participant6_gesture15_trial7,6,15,5.9472197015269076e-09,0.999391647874354,0.0005972708664957432,1.1075311930739046e-05
F0+F2a,validation,session2_participant6_gesture16_trial1,6,16,1.5772339743229238e-06,8.173935609986857e-06,0.9999901706866942,7.814372168790608e-08
F0+F2a,validation,session2_participant6_gesture16_trial2,6,16,1.1238546304656184e-06,2.2514599602974268e-05,0.9999666017817525,9.759764014070348e-06
F0+F2a,validation,session2_participant6_gesture16_trial3,6,16,0.00015520396957244864,0.002904697523119764,0.5339422910420881,0.4629978074652195
F0+F2a,validation,session2_participant6_gesture16_trial4,6,16,0.0002170595318679766,0.0048604831940640796,0.9948581526137568,6.430466031111031e-05
F0+F2a,validation,session2_participant6_gesture16_trial5,6,16,0.0003524498794383974,6.297851648508878e-05,0.999583957151479,6.144525974786709e-07
F0+F2a,validation,session2_participant6_gesture16_trial6,6,16,0.0002241942382693932,0.01530864024660176,0.9819593771949968,0.002507788320131997
F0+F2a,validation,session2_participant6_gesture16_trial7,6,16,1.329643758527901e-05,0.00015377047876144999,0.9998324819357072,4.511479462361567e-07
F0+F2a,validation,session2_participant6_gesture17_trial1,6,17,5.1022652744728746e-05,5.5650381918275927e-08,0.0006378344031743693,0.999311087293699
F0+F2a,validation,session2_participant6_gesture17_trial2,6,17,2.1157276423492153e-05,2.184823060767774e-08,0.0004311732666475134,0.9995476476086984
F0+F2a,validation,session2_participant6_gesture17_trial3,6,17,1.1734549224006917e-09,3.152949683435045e-07,0.0003718392431293734,0.9996278442884474
F0+F2a,validation,session2_participant6_gesture17_trial4,6,17,3.4667299932117947e-06,2.1409574842434982e-08,0.00023009903988730968,0.9997664128205446
F0+F2a,validation,session2_participant6_gesture17_trial5,6,17,3.6379053478783634e-06,2.110126367925297e-08,0.00017724052321227386,0.9998191004701761
F0+F2a,validation,session2_participant6_gesture17_trial6,6,17,1.4593815409009562e-06,3.6698033810192127e-09,0.000580063282853723,0.9994184736658019
F0+F2a,validation,session2_participant6_gesture17_trial7,6,17,1.5737255929851471e-06,6.07556132864681e-09,0.0006603733487791285,0.9993380468500666
F0+F2a,validation,session2_participant7_gesture4_trial1,7,4,0.9688265482494178,0.027051703974042603,0.004121548571794866,1.9920474463362725e-07
F0+F2a,validation,session2_participant7_gesture4_trial2,7,4,0.91726278922199,0.053726415518867976,0.028894730924052328,0.00011606433508973327
F0+F2a,validation,session2_participant7_gesture4_trial3,7,4,0.9426420847938699,0.05306269515345037,0.0042915574498005255,3.6626028792871563e-06
F0+F2a,validation,session2_participant7_gesture4_trial4,7,4,0.2039929579170995,0.7643161799531802,0.03169072844411637,1.3368560383445134e-07
F0+F2a,validation,session2_participant7_gesture4_trial5,7,4,0.902813667775861,0.08821508101529198,0.008968294909327762,2.9562995192277126e-06
F0+F2a,validation,session2_participant7_gesture4_trial6,7,4,0.8849007290237266,0.10780125865177156,0.007297963134744904,4.91897569469534e-08
F0+F2a,validation,session2_participant7_gesture4_trial7,7,4,0.9756472132902393,0.021607813141189366,0.0027446946162329637,2.7895233850686674e-07
F0+F2a,validation,session2_participant7_gesture15_trial1,7,15,0.0003883650750701095,0.9896729975614867,0.009933061073142048,5.576290301214008e-06
F0+F2a,validation,session2_participant7_gesture15_trial2,7,15,0.0020403128152930113,0.9951333198330151,0.0028236164078907695,2.75094380121234e-06
F0+F2a,validation,session2_participant7_gesture15_trial3,7,15,0.004997708977085629,0.9912248585212297,0.0037693295693920154,8.102932292613773e-06
F0+F2a,validation,session2_participant7_gesture15_trial4,7,15,1.1476943130736287e-05,0.9999311096857677,5.740333187206386e-05,1.003922936687772e-08
F0+F2a,validation,session2_participant7_gesture15_trial5,7,15,0.0029053439138656064,0.9888807743138365,0.008197826555530799,1.605521676714987e-05
F0+F2a,validation,session2_participant7_gesture15_trial6,7,15,3.308521085184138e-05,0.9997985785177164,0.00016832284211561627,1.3429316176515135e-08
F0+F2a,validation,session2_participant7_gesture15_trial7,7,15,0.0023191900448174935,0.9944431411370044,0.0032281215363837374,9.547281794222483e-06
F0+F2a,validation,session2_participant7_gesture16_trial1,7,16,8.986458931276059e-08,1.4663254894422831e-05,0.9999574129832153,2.783389730096135e-05
F0+F2a,validation,session2_participant7_gesture16_trial2,7,16,7.182628279731548e-07,0.0001979282585251369,0.9998013518818942,1.5967526527826686e-09
F0+F2a,validation,session2_participant7_gesture16_trial3,7,16,2.1990478730681427e-05,0.0018911376757224472,0.9980868317900918,4.0055455060100025e-08
F0+F2a,validation,session2_participant7_gesture16_trial4,7,16,3.4979550946092704e-08,1.3299121447609713e-05,0.9999866633719793,2.5270222685941484e-09
F0+F2a,validation,session2_participant7_gesture16_trial5,7,16,7.647554136619841e-07,0.0001595027826312748,0.999839731353199,1.1087561440928003e-09
F0+F2a,validation,session2_participant7_gesture16_trial6,7,16,3.1311882280861037e-07,0.00021736063106095958,0.9997823206502724,5.599844006664506e-09
F0+F2a,validation,session2_participant7_gesture16_trial7,7,16,2.4566194568934606e-09,1.235527077377699e-06,0.9999987612528147,7.63488590459284e-10
F0+F2a,validation,session2_participant7_gesture17_trial1,7,17,8.771284383677219e-05,5.833355555251525e-08,3.353772007030494e-05,0.9998786911025375
F0+F2a,validation,session2_participant7_gesture17_trial2,7,17,3.093462348983487e-06,8.938649520942897e-09,0.00017843907817952014,0.999818458520822
F0+F2a,validation,session2_participant7_gesture17_trial3,7,17,2.723597114009287e-08,8.54106714128315e-10,0.00015134889711809266,0.9998486230128041
F0+F2a,validation,session2_participant7_gesture17_trial4,7,17,7.990241805763153e-09,2.690015357118599e-08,0.0013100594210864974,0.9986899056885182
F0+F2a,validation,session2_participant7_gesture17_trial5,7,17,2.330095822099183e-07,9.959147505732352e-09,0.00022773990076584226,0.9997720171305045
F0+F2a,validation,session2_participant7_gesture17_trial6,7,17,4.581790564439235e-08,2.681296766584237e-09,0.00015542721812920193,0.9998445242826683
F0+F2a,validation,session2_participant7_gesture17_trial7,7,17,7.334961230744451e-06,3.756822764789426e-08,6.048646083675769e-05,0.9999321410097047
F0+F2a,validation,session2_participant8_gesture4_trial1,8,4,0.9208953841029134,0.07871308216084695,0.00038744703974959415,4.086696489973964e-06
F0+F2a,validation,session2_participant8_gesture4_trial2,8,4,0.8486131904416422,0.1505492608961766,0.000836948159585269,6.005025960058337e-07
F0+F2a,validation,session2_participant8_gesture4_trial3,8,4,0.9443905356034182,0.05379884019631424,0.0018099054256689986,7.187745986413643e-07
F0+F2a,validation,session2_participant8_gesture4_trial4,8,4,0.9647824437766145,0.034332178107590344,0.0008843629159719275,1.0151998231253528e-06
F0+F2a,validation,session2_participant8_gesture4_trial5,8,4,0.8990154405869112,0.09851069286750387,0.002459789157328396,1.407738825662467e-05
F0+F2a,validation,session2_participant8_gesture4_trial6,8,4,0.9455547395879945,0.05364393851667871,0.0008005557161994798,7.661791272239078e-07
F0+F2a,validation,session2_participant8_gesture4_trial7,8,4,0.9257576804177257,0.07239609718611345,0.0018343057061847075,1.1916689976299813e-05
F0+F2a,validation,session2_participant8_gesture15_trial1,8,15,0.19277806676286072,0.8058953253449194,0.001324353436501275,2.2544557183975247e-06
F0+F2a,validation,session2_participant8_gesture15_trial2,8,15,0.2458930851142219,0.7474603718684457,0.0063786034181337525,0.00026793959919843346
F0+F2a,validation,session2_participant8_gesture15_trial3,8,15,0.158986843188221,0.840086823438989,0.0009259466699265898,3.8670286336309195e-07
F0+F2a,validation,session2_participant8_gesture15_trial4,8,15,0.6535112011849957,0.33785191167999545,0.008506928903127634,0.00012995823188120717
F0+F2a,validation,session2_participant8_gesture15_trial5,8,15,0.3039223128764682,0.6902680369626872,0.005802119736092243,7.530424752325407e-06
F0+F2a,validation,session2_participant8_gesture15_trial6,8,15,0.2920536222876203,0.6928717639157027,0.015064359610984374,1.0254185692660478e-05
F0+F2a,validation,session2_participant8_gesture15_trial7,8,15,0.447792728064053,0.5482896454116276,0.003911851285561833,5.775238757471911e-06
F0+F2a,validation,session2_participant8_gesture16_trial1,8,16,1.1885129756630462e-08,0.10657348751541144,0.8934195090561688,6.991543289944877e-06
F0+F2a,validation,session2_participant8_gesture16_trial2,8,16,4.924717191527996e-06,0.14666342705575225,0.8531285354004208,0.00020311282663540393
F0+F2a,validation,session2_participant8_gesture16_trial3,8,16,4.198673468749936e-13,0.00022562533223516995,0.999774340418406,3.4248939001517395e-08
F0+F2a,validation,session2_participant8_gesture16_trial4,8,16,6.170109966695676e-11,0.00601802999585498,0.9939818862591793,8.368326469776596e-08
F0+F2a,validation,session2_participant8_gesture16_trial5,8,16,8.356990729302582e-10,0.03365941517338684,0.966339887943294,6.96047620207425e-07
F0+F2a,validation,session2_participant8_gesture16_trial6,8,16,1.5033938843414335e-09,0.05309453760970686,0.9468996574886035,5.803398295982693e-06
F0+F2a,validation,session2_participant8_gesture16_trial7,8,16,1.040389550476594e-08,0.09540658649769629,0.9045929834395295,4.19658878653232e-07
F0+F2a,validation,session2_participant8_gesture17_trial1,8,17,6.554429564043616e-05,3.5680800452356595e-06,0.005122192211471704,0.9948086954128427
F0+F2a,validation,session2_participant8_gesture17_trial2,8,17,0.007588003173951559,1.1485213587537076e-05,0.004238584033811983,0.988161927578649
F0+F2a,validation,session2_participant8_gesture17_trial3,8,17,3.91879511386624e-05,7.087794998885276e-07,0.0023079826693182654,0.997652120600043
F0+F2a,validation,session2_participant8_gesture17_trial4,8,17,2.1210688843167266e-05,1.3444272129025678e-06,0.0011113051752869752,0.9988661397086569
F0+F2a,validation,session2_participant8_gesture17_trial5,8,17,3.5767059191271614e-07,1.9941823224600988e-07,0.0006742510733730478,0.9993251918378028
F0+F2a,validation,session2_participant8_gesture17_trial6,8,17,0.0017094619969176543,2.9732007076274248e-05,0.010414982609503753,0.9878458233865024
F0+F2a,validation,session2_participant8_gesture17_trial7,8,17,8.845319549229785e-09,2.357310355750848e-08,3.5543046993479605e-05,0.9999644245345835
F0+F2a,final,session3_participant1_gesture4_trial1,1,4,0.934524389330716,0.060309202604763704,0.00156699581312643,0.003599412251393919
F0+F2a,final,session3_participant1_gesture4_trial2,1,4,0.907289697831579,0.05010566982502632,0.006035947141868341,0.03656868520152643
F0+F2a,final,session3_participant1_gesture4_trial3,1,4,0.9413029617828591,0.05447437685694043,0.0016687253214895345,0.0025539360387110085
F0+F2a,final,session3_participant1_gesture4_trial4,1,4,0.9907805623215429,0.006705741438394908,0.00034754690041604127,0.0021661493396460778
F0+F2a,final,session3_participant1_gesture4_trial5,1,4,0.8016690368354721,0.19481277797085395,0.0028796140501509766,0.0006385711435229847
F0+F2a,final,session3_participant1_gesture4_trial6,1,4,0.6578341795845175,0.28618235596663033,0.05484490346360685,0.001138560985245389
F0+F2a,final,session3_participant1_gesture4_trial7,1,4,0.9588329369141093,0.03743053177942345,0.0029120555457492693,0.0008244757607177378
F0+F2a,final,session3_participant1_gesture15_trial1,1,15,0.014901988687552593,0.9131773820937198,0.018548319462479843,0.05337230975624773
F0+F2a,final,session3_participant1_gesture15_trial2,1,15,0.025708452877190598,0.9495075490158813,0.014459570766545686,0.010324427340382547
F0+F2a,final,session3_participant1_gesture15_trial3,1,15,0.15240911283642714,0.6034348771621894,0.023488629113215857,0.2206673808881676
F0+F2a,final,session3_participant1_gesture15_trial4,1,15,0.044554136908181795,0.8996632894103394,0.05370045854754553,0.002082115133933135
F0+F2a,final,session3_participant1_gesture15_trial5,1,15,0.02307789579934331,0.7912397456108359,0.07602303857168005,0.10965932001814087
F0+F2a,final,session3_participant1_gesture15_trial6,1,15,0.3189139148619009,0.6529736821419511,0.027993912561172427,0.00011849043497542018
F0+F2a,final,session3_participant1_gesture15_trial7,1,15,0.34166239604351767,0.42603241876618175,0.01209590801805567,0.22020927717224492
F0+F2a,final,session3_participant1_gesture16_trial1,1,16,1.1396955419984878e-06,0.00046134441387323373,0.9995263922973833,1.1123593201472433e-05
F0+F2a,final,session3_participant1_gesture16_trial2,1,16,4.4914492627038235e-06,0.00033702856599945175,0.9996546522149641,3.827769773674422e-06
F0+F2a,final,session3_participant1_gesture16_trial3,1,16,1.576236489500079e-05,0.0011194235929965944,0.9956355766826942,0.0032292373594142013
F0+F2a,final,session3_participant1_gesture16_trial4,1,16,5.03441251197191e-06,0.0006489803622787536,0.9993456783044108,3.069207984524266e-07
F0+F2a,final,session3_participant1_gesture16_trial5,1,16,2.2994125975271607e-11,2.3037706597966102e-05,0.9999764554135322,5.068568754755981e-07
F0+F2a,final,session3_participant1_gesture16_trial6,1,16,2.8282854168797856e-08,0.00033257357314439535,0.9996672985439654,9.960003609570655e-08
F0+F2a,final,session3_participant1_gesture16_trial7,1,16,1.0395015776713948e-11,2.7790535839985305e-05,0.9999711679297819,1.0415239831537758e-06
F0+F2a,final,session3_participant1_gesture17_trial1,1,17,0.0009616724313156717,3.926795885185737e-06,0.0004644617935144859,0.9985699389792847
F0+F2a,final,session3_participant1_gesture17_trial2,1,17,0.008195484709717555,7.735814686505302e-05,0.0002058643963523199,0.9915212927470651
F0+F2a,final,session3_participant1_gesture17_trial3,1,17,0.00012175586818612114,3.4173148692894895e-06,0.0002806015637691926,0.9995942252531753
F0+F2a,final,session3_participant1_gesture17_trial4,1,17,3.5421589880913555e-06,1.7228100236707384e-05,0.0003089963280983236,0.9996702334126769
F0+F2a,final,session3_participant1_gesture17_trial5,1,17,0.0002210431980006212,5.8518023816253404e-05,0.0003765752564349084,0.9993438635217483
F0+F2a,final,session3_participant1_gesture17_trial6,1,17,6.39655809243322e-05,1.4498308137171961e-05,0.00019540996597129494,0.9997261261449673
F0+F2a,final,session3_participant1_gesture17_trial7,1,17,0.00013531562580908197,5.782356068302154e-06,0.00013468496576721095,0.9997242170523553
F0+F2a,final,session3_participant2_gesture4_trial1,2,4,5.890699539289194e-07,0.9847332053367053,0.00012408504376564396,0.015142120549575136
F0+F2a,final,session3_participant2_gesture4_trial2,2,4,4.355416227092167e-07,0.9791669709443069,0.0004853439514861123,0.02034724956258426
F0+F2a,final,session3_participant2_gesture4_trial3,2,4,5.693896599422537e-07,0.6312802458179324,0.0015859026448301632,0.3671332821475775
F0+F2a,final,session3_participant2_gesture4_trial4,2,4,1.7449104416508104e-09,0.9987864417592177,0.0003358945492398097,0.0008776619466319843
F0+F2a,final,session3_participant2_gesture4_trial5,2,4,2.347540065008846e-06,0.42780546741093506,0.000433307571330438,0.5717588774776695
F0+F2a,final,session3_participant2_gesture4_trial6,2,4,2.8358169989179486e-05,0.8621308721295436,0.004742832372609935,0.13309793732785713
F0+F2a,final,session3_participant2_gesture4_trial7,2,4,2.9047995011613715e-06,0.7311361402392117,0.0006949978327626791,0.2681659571285245
F0+F2a,final,session3_participant2_gesture15_trial1,2,15,1.659494962111307e-12,0.9999354584119389,2.7072153205942406e-05,3.746943319561048e-05
F0+F2a,final,session3_participant2_gesture15_trial2,2,15,1.1401357925376513e-11,0.9998613692602121,6.902069075502656e-05,6.961003763154457e-05
F0+F2a,final,session3_participant2_gesture15_trial3,2,15,2.161165050867883e-11,0.9913453504724382,0.00022189199224301079,0.008432757513706906
F0+F2a,final,session3_participant2_gesture15_trial4,2,15,6.111777673066327e-12,0.9600149382960902,0.0007152185631433461,0.03926984313465481
F0+F2a,final,session3_participant2_gesture15_trial5,2,15,1.6981990504857321e-10,0.9817361521242405,0.0006538190918982052,0.017610028614041484
F0+F2a,final,session3_participant2_gesture15_trial6,2,15,1.5390479907879331e-10,0.9848108374927946,0.0002864889686339672,0.014902673384666424
F0+F2a,final,session3_participant2_gesture15_trial7,2,15,1.1783281795841672e-09,0.9992310631074234,0.0002867416552056816,0.0004821940590427113
F0+F2a,final,session3_participant2_gesture16_trial1,2,16,3.569056875567413e-07,0.0010462428156472455,0.9989533846620019,1.5616663420457525e-08
F0+F2a,final,session3_participant2_gesture16_trial2,2,16,6.697066595873827e-05,0.0028968344513672305,0.9970198479639706,1.6346918703597527e-05
F0+F2a,final,session3_participant2_gesture16_trial3,2,16,2.26155882563573e-06,0.00192891458742881,0.9980621326347037,6.691219041991891e-06
F0+F2a,final,session3_participant2_gesture16_trial4,2,16,6.829379559211571e-07,0.0007396818443612685,0.9992594723577765,1.6285990619552964e-07
F0+F2a,final,session3_participant2_gesture16_trial5,2,16,9.283932575779998e-05,0.009097649278978808,0.9908088572256403,6.541696230704091e-07
F0+F2a,final,session3_participant2_gesture16_trial6,2,16,3.250261002215408e-07,5.434518325539287e-05,0.9999452448137972,8.497684716171743e-08
F0+F2a,final,session3_participant2_gesture16_trial7,2,16,1.7611147861861472e-08,0.0002525034400252535,0.9997454132661077,2.065682719209797e-06
F0+F2a,final,session3_participant2_gesture17_trial1,2,17,3.933919966793543e-11,8.963726927650065e-06,5.789991241172105e-07,0.9999904572346091
F0+F2a,final,session3_participant2_gesture17_trial2,2,17,1.3243804355026806e-11,5.586750856280758e-07,6.325530667396625e-08,0.9999993780563639
F0+F2a,final,session3_participant2_gesture17_trial3,2,17,1.4775160679063655e-09,2.2180044036509494e-07,8.00705769584407e-08,0.9999996966514667
F0+F2a,final,session3_participant2_gesture17_trial4,2,17,9.527148053086183e-10,8.114453750836469e-07,1.4373649337516548e-07,0.9999990438654167
F0+F2a,final,session3_participant2_gesture17_trial5,2,17,9.605324610291427e-09,4.440175408234694e-06,1.1472672577227136e-07,0.9999954354925414
F0+F2a,final,session3_participant2_gesture17_trial6,2,17,1.084287909045393e-08,9.692766682100396e-06,2.1143311044414383e-07,0.9999900849573283
F0+F2a,final,session3_participant2_gesture17_trial7,2,17,2.6117597285667937e-09,1.2791120623361762e-06,2.9200313894231586e-07,0.9999984262730389
F0+F2a,final,session3_participant3_gesture4_trial1,3,4,0.21342597254695456,0.7400919586380831,0.04648129952591398,7.692890483520823e-07
F0+F2a,final,session3_participant3_gesture4_trial2,3,4,0.3563692129457019,0.43084839122640806,0.21277738557672352,5.010251166686504e-06
F0+F2a,final,session3_participant3_gesture4_trial3,3,4,0.9337866905879251,0.06480052640977695,0.0014127020406194408,8.096167855494428e-08
F0+F2a,final,session3_participant3_gesture4_trial4,3,4,0.8802386017824866,0.10968498104357173,0.010076215610597499,2.0156334420662312e-07
F0+F2a,final,session3_participant3_gesture4_trial5,3,4,0.888330215249566,0.11043306232417932,0.0012365078060689904,2.146201857149328e-07
F0+F2a,final,session3_participant3_gesture4_trial6,3,4,0.9015965911312875,0.09027165494217147,0.00813065337205375,1.1005544872006067e-06
F0+F2a,final,session3_participant3_gesture4_trial7,3,4,0.8327301786238969,0.15056138931199076,0.01670796192329689,4.70140815445131e-07
F0+F2a,final,session3_participant3_gesture15_trial1,3,15,0.0018901580943869495,0.995861595665301,0.002248037151470877,2.090888413256123e-07
F0+F2a,final,session3_participant3_gesture15_trial2,3,15,0.20672531753349868,0.632006328237548,0.16056682557295254,0.000701528656000819
F0+F2a,final,session3_participant3_gesture15_trial3,3,15,0.020824465415457377,0.9724498749408329,0.00672554068679037,1.1895691944126354e-07
F0+F2a,final,session3_participant3_gesture15_trial4,3,15,0.0018907792077251452,0.9966685837806943,0.001440524602564639,1.1240901599993194e-07
F0+F2a,final,session3_participant3_gesture15_trial5,3,15,0.022993471039669523,0.9708056664350141,0.006200790901798976,7.162351733026222e-08
F0+F2a,final,session3_participant3_gesture15_trial6,3,15,0.0519581352434786,0.9244220085886061,0.023616425290713425,3.4308772020330272e-06
F0+F2a,final,session3_participant3_gesture15_trial7,3,15,0.0294096125739045,0.9557899708173752,0.014800401343629359,1.526509114271466e-08
F0+F2a,final,session3_participant3_gesture16_trial1,3,16,4.345043331789197e-07,0.0007148130213734916,0.9992615461846944,2.3206289598838712e-05
F0+F2a,final,session3_participant3_gesture16_trial2,3,16,5.281327039119325e-05,0.0006790437940045403,0.9989074601406475,0.0003606827949566564
F0+F2a,final,session3_participant3_gesture16_trial3,3,16,1.9719824928158214e-06,0.006272452052102017,0.993716866326174,8.709639231185253e-06
F0+F2a,final,session3_participant3_gesture16_trial4,3,16,5.408121709916744e-06,0.00650192789760183,0.9934766023522342,1.6061628454099112e-05
F0+F2a,final,session3_participant3_gesture16_trial5,3,16,0.02956036400864334,0.5191660869815282,0.4512680739223699,5.4750874584681995e-06
F0+F2a,final,session3_participant3_gesture16_trial6,3,16,8.410092891750617e-07,0.007296534954420913,0.9927006610146821,1.963021607889685e-06
F0+F2a,final,session3_participant3_gesture16_trial7,3,16,3.4020569866236535e-06,0.029532933675927825,0.9704625850066947,1.0792603907934434e-06
F0+F2a,final,session3_participant3_gesture17_trial1,3,17,4.1658858522316355e-05,4.874922309626863e-07,4.641053338882497e-05,0.9999114431158578
F0+F2a,final,session3_participant3_gesture17_trial2,3,17,0.001844224031830775,3.9694443079541444e-05,8.066965017967738e-07,0.9981152748285879
F0+F2a,final,session3_participant3_gesture17_trial3,3,17,1.7869429749514825e-05,6.256255245291706e-06,1.0529446005621487e-05,0.9999653448689996
F0+F2a,final,session3_participant3_gesture17_trial4,3,17,0.0007563212522115753,1.2885512454104104e-06,7.567719363425666e-05,0.9991667130029088
F0+F2a,final,session3_participant3_gesture17_trial5,3,17,9.770744369968453e-05,7.130494805925646e-07,0.00010732509555212966,0.9997942544112676
F0+F2a,final,session3_participant3_gesture17_trial6,3,17,0.0004028134236775092,2.7965797185710183e-06,5.098762169086388e-05,0.999543402374913
F0+F2a,final,session3_participant3_gesture17_trial7,3,17,2.776727333611242e-06,1.2598410171424733e-06,0.00020278932286566515,0.9997931741087835
F0+F2a,final,session3_participant4_gesture4_trial1,4,4,0.7920944985383983,0.14818123963274576,0.050814730204958726,0.008909531623897222
F0+F2a,final,session3_participant4_gesture4_trial2,4,4,0.45125840295354586,0.34001178227855183,0.15967023499360924,0.04905957977429303
F0+F2a,final,session3_participant4_gesture4_trial3,4,4,0.5962880875412829,0.1594835610937343,0.24189828513259345,0.002330066232389315
F0+F2a,final,session3_participant4_gesture4_trial4,4,4,0.17083044687207424,0.7116639038314896,0.11731547272045494,0.00019017657598111221
F0+F2a,final,session3_participant4_gesture4_trial5,4,4,1.1200118814763744e-06,0.00013964075744281454,0.00047064366668986225,0.9993885955639858
F0+F2a,final,session3_participant4_gesture4_trial6,4,4,0.053694465907583276,0.6190556106401593,0.3212466809298504,0.006003242522407047
F0+F2a,final,session3_participant4_gesture4_trial7,4,4,0.13586434894299484,0.07546466720125475,0.02874037255477395,0.7599306113009765
F0+F2a,final,session3_participant4_gesture15_trial1,4,15,8.585109934344751e-12,0.9953717670222962,0.002726959663954725,0.0019012733051637682
F0+F2a,final,session3_participant4_gesture15_trial2,4,15,1.569610805738726e-07,0.9712025331990658,0.023548889722896076,0.005248420116957616
F0+F2a,final,session3_participant4_gesture15_trial3,4,15,2.3283282883269475e-08,0.9794539079046098,0.013168676561547351,0.00737739225056
F0+F2a,final,session3_participant4_gesture15_trial4,4,15,6.446911315794724e-06,0.8694978143537113,0.12438744517938609,0.006108293555586867
F0+F2a,final,session3_participant4_gesture15_trial5,4,15,0.005661095230065531,0.49239671810105495,0.042056732974654024,0.4598854536942254
F0+F2a,final,session3_participant4_gesture15_trial6,4,15,4.364714009854826e-05,0.9883568031117458,0.009434148299873749,0.002165401448281954
F0+F2a,final,session3_participant4_gesture15_trial7,4,15,5.270607640472767e-07,0.839206691277809,0.038726251988890965,0.12206652967253605
F0+F2a,final,session3_participant4_gesture16_trial1,4,16,4.962593698726638e-07,0.0001071008822645986,0.999845424068247,4.6978790118613335e-05
F0+F2a,final,session3_participant4_gesture16_trial2,4,16,2.1240327758980228e-08,5.2597749071199855e-05,0.9999118307279319,3.555028266929794e-05
F0+F2a,final,session3_participant4_gesture16_trial3,4,16,8.724719534425875e-06,2.14900772144882e-05,0.9956889543862658,0.004280830816985132
F0+F2a,final,session3_participant4_gesture16_trial4,4,16,5.999895617320188e-11,2.879544249318802e-06,0.9999910865573177,6.033838434005425e-06
F0+F2a,final,session3_participant4_gesture16_trial5,4,16,0.0002091605661829667,0.0001766312164322094,0.9985852303121774,0.0010289779052074185
F0+F2a,final,session3_participant4_gesture16_trial6,4,16,4.1252401650257864e-05,7.207339198416297e-06,0.9998195836640342,0.00013195659511716683
F0+F2a,final,session3_participant4_gesture16_trial7,4,16,1.5427073266358452e-06,6.956656321628064e-06,0.9986346303267871,0.0013568703095647539
F0+F2a,final,session3_participant4_gesture17_trial1,4,17,1.0571369622997587e-06,6.324734684471917e-07,0.0048002923093622895,0.995198018080207
F0+F2a,final,session3_participant4_gesture17_trial2,4,17,1.4570559311247343e-07,3.676122076147513e-06,0.45550915720062446,0.5444870209717062
F0+F2a,final,session3_participant4_gesture17_trial3,4,17,1.2747121447388614e-06,3.123299720234448e-07,0.0063302420125477855,0.9936681709453354
F0+F2a,final,session3_participant4_gesture17_trial4,4,17,1.2746037255914225e-08,9.745914144883851e-09,0.002618575304998661,0.99738140220305
F0+F2a,final,session3_participant4_gesture17_trial5,4,17,1.0782271393614276e-07,2.9258399966186906e-08,0.0019072194476423645,0.9980926434712436
F0+F2a,final,session3_participant4_gesture17_trial6,4,17,3.383149818373003e-09,6.660117000872774e-07,0.3810821018276517,0.6189172287774984
F0+F2a,final,session3_participant4_gesture17_trial7,4,17,4.5470848571458635e-09,1.753742172359907e-08,0.04229382250461646,0.957706155410877
F0+F2a,final,session3_participant5_gesture4_trial1,5,4,0.05185270645888725,0.04183444888847112,0.6071281666578455,0.2991846779947961
F0+F2a,final,session3_participant5_gesture4_trial2,5,4,0.0002220878910368048,0.00013006154669105934,0.9871165054869893,0.012531345075282785
F0+F2a,final,session3_participant5_gesture4_trial3,5,4,0.9445368815671665,0.013351470318624646,0.040234359471960454,0.0018772886422483486
F0+F2a,final,session3_participant5_gesture4_trial4,5,4,0.13151588842129897,0.003963071680650438,0.18523151649566788,0.6792895234023827
F0+F2a,final,session3_participant5_gesture4_trial5,5,4,0.9188312952076975,0.003998330840067529,0.05758293725771249,0.019587436694522602
F0+F2a,final,session3_participant5_gesture4_trial6,5,4,0.28532232748141584,0.0044265779227657094,0.5908026360254083,0.11944845857041024
F0+F2a,final,session3_participant5_gesture4_trial7,5,4,0.5944103305741842,0.0743452237093175,0.3255670966772853,0.0056773490392129245
F0+F2a,final,session3_participant5_gesture15_trial1,5,15,0.0005682139547546105,0.29156380956125244,0.5597316639115976,0.1481363125723954
F0+F2a,final,session3_participant5_gesture15_trial2,5,15,0.008638429790059727,0.7580860984249623,0.1420342380875145,0.09124123369746345
F0+F2a,final,session3_participant5_gesture15_trial3,5,15,0.015437157055738438,0.33600853054330615,0.5353150560674895,0.11323925633346585
F0+F2a,final,session3_participant5_gesture15_trial4,5,15,0.022434867712526545,0.20641174174191715,0.7543019648809322,0.01685142566462417
F0+F2a,final,session3_participant5_gesture15_trial5,5,15,0.0032435501219952555,0.1884974706668041,0.803017566653628,0.00524141255757268
F0+F2a,final,session3_participant5_gesture15_trial6,5,15,0.0010035448665061573,0.5736321859530006,0.42098552329204386,0.004378745888449405
F0+F2a,final,session3_participant5_gesture15_trial7,5,15,0.0023354607970393756,0.798654390349166,0.19846368638554518,0.000546462468249555
F0+F2a,final,session3_participant5_gesture16_trial1,5,16,1.7939688528406495e-12,4.876588269631851e-07,0.999668843639337,0.00033066870004214236
F0+F2a,final,session3_participant5_gesture16_trial2,5,16,1.752557418651453e-12,2.122994169382687e-05,0.9997896850324993,0.0001890850240542317
F0+F2a,final,session3_participant5_gesture16_trial3,5,16,5.918915304275031e-06,3.9300297535211075e-05,0.997089254692893,0.0028655260942674417
F0+F2a,final,session3_participant5_gesture16_trial4,5,16,4.727637123108936e-10,2.0190191894650525e-05,0.9999646804945473,1.5128840794461469e-05
F0+F2a,final,session3_participant5_gesture16_trial5,5,16,1.4959058503100322e-09,0.00014821831769680784,0.9981493021940087,0.0017024779923887007
F0+F2a,final,session3_participant5_gesture16_trial6,5,16,1.5429737249232607e-10,0.0015035340278985968,0.9984951836384238,1.282179380151518e-06
F0+F2a,final,session3_participant5_gesture16_trial7,5,16,8.577440385315634e-10,0.0003074720536858455,0.9996844179509056,8.10913766456333e-06
F0+F2a,final,session3_participant5_gesture17_trial1,5,17,6.590758327035823e-10,1.561772336965094e-07,0.00027365732990466615,0.9997261858337858
F0+F2a,final,session3_participant5_gesture17_trial2,5,17,1.656661565306036e-07,5.101577087700356e-07,0.0005203978763392237,0.9994789262997955
F0+F2a,final,session3_participant5_gesture17_trial3,5,17,4.664471268891e-13,2.241482304708421e-10,0.0010666238942828449,0.9989333758811025
F0+F2a,final,session3_participant5_gesture17_trial4,5,17,3.558559461535907e-14,1.236951437699975e-08,7.326285624638455e-05,0.9999267247742037
F0+F2a,final,session3_participant5_gesture17_trial5,5,17,2.6895763979349802e-08,1.4723642470360413e-07,0.004188652802324827,0.9958111730654864
F0+F2a,final,session3_participant5_gesture17_trial6,5,17,2.4277350049698347e-12,4.142421530456763e-10,0.00013490432575159392,0.9998650952575785
F0+F2a,final,session3_participant5_gesture17_trial7,5,17,4.5111391767777476e-09,7.849452407599843e-08,0.003513284796671598,0.9964866321976651
F0+F2a,final,session3_participant6_gesture4_trial1,6,4,0.8576193853358294,0.00030177800488053803,0.002298122001321893,0.13978071465796824
F0+F2a,final,session3_participant6_gesture4_trial2,6,4,0.6425509747318013,0.0033755252349556898,0.026418058424518616,0.32765544160872445
F0+F2a,final,session3_participant6_gesture4_trial3,6,4,0.8670176466475358,0.00020738763234522697,0.0015091721873151153,0.13126579353280385
F0+F2a,final,session3_participant6_gesture4_trial4,6,4,0.17066478890296227,0.0018615884889781875,0.012223712014397104,0.8152499105936625
F0+F2a,final,session3_participant6_gesture4_trial5,6,4,0.9594113840695875,0.026357102639129503,0.012860432901178548,0.001371080390104327
F0+F2a,final,session3_participant6_gesture4_trial6,6,4,0.8596706477012723,0.03637820469247662,0.04759250616658365,0.0563586414396674
F0+F2a,final,session3_participant6_gesture4_trial7,6,4,0.5552621840435118,0.008129599847534513,0.26411204851833414,0.17249616759061956
F0+F2a,final,session3_participant6_gesture15_trial1,6,15,0.0009282308848977229,0.9582748432804407,0.040424869656277895,0.0003720561783838309
F0+F2a,final,session3_participant6_gesture15_trial2,6,15,3.552518948400643e-05,0.9927835382495048,0.00652073964548051,0.000660196915530587
F0+F2a,final,session3_participant6_gesture15_trial3,6,15,9.907843763410473e-06,0.9943618105677986,0.00562648900330072,1.7925851372224503e-06
F0+F2a,final,session3_participant6_gesture15_trial4,6,15,0.003398616141734111,0.9880672594857894,0.008529855894096022,4.268478380378978e-06
F0+F2a,final,session3_participant6_gesture15_trial5,6,15,0.0017459292260656135,0.9491878615422011,0.04905836102072772,7.848211005704085e-06
F0+F2a,final,session3_participant6_gesture15_trial6,6,15,0.00022104560916006948,0.9884402561271397,0.011301565974376638,3.71322893234035e-05
F0+F2a,final,session3_participant6_gesture15_trial7,6,15,0.0002216059209201533,0.9702908216678037,0.029419441465926056,6.813094535012488e-05
F0+F2a,final,session3_participant6_gesture16_trial1,6,16,0.751714805435286,0.004913225543566835,0.23886632388341295,0.004505645137734214
F0+F2a,final,session3_participant6_gesture16_trial2,6,16,0.0025148823861197906,0.0006415691333469321,0.996836614043961,6.934436572310034e-06
F0+F2a,final,session3_participant6_gesture16_trial3,6,16,0.00027792700413278084,0.0007050377785761409,0.9990114701385081,5.5650787830793925e-06
F0+F2a,final,session3_participant6_gesture16_trial4,6,16,0.007702911657718132,0.004818632622805329,0.4732109083339603,0.5142675473855164
F0+F2a,final,session3_participant6_gesture16_trial5,6,16,0.3781970403766954,0.009934809698222564,0.5749116957535853,0.03695645417149685
F0+F2a,final,session3_participant6_gesture16_trial6,6,16,0.027846381075093872,7.799538910250151e-05,0.42420535866435366,0.54787026487145
F0+F2a,final,session3_participant6_gesture16_trial7,6,16,0.00011820902758529308,0.0005133558834646853,0.9993489825250836,1.945256386635103e-05
F0+F2a,final,session3_participant6_gesture17_trial1,6,17,0.00038533091044203846,6.636887239123036e-08,2.7615150784183512e-05,0.9995869875699015
F0+F2a,final,session3_participant6_gesture17_trial2,6,17,7.817046417289171e-08,3.4514566426871383e-09,0.0003475214659607273,0.9996523969121186
F0+F2a,final,session3_participant6_gesture17_trial3,6,17,2.6515454744923147e-11,1.1028831580694842e-07,4.0812010297989134e-05,0.9999590776748708
F0+F2a,final,session3_participant6_gesture17_trial4,6,17,4.778027393686975e-06,3.0303688825851348e-09,1.759975901651927e-05,0.999977619183221
F0+F2a,final,session3_participant6_gesture17_trial5,6,17,0.0017046795147929376,3.825197343715023e-07,4.0075573183812274e-05,0.9982548623922889
F0+F2a,final,session3_participant6_gesture17_trial6,6,17,7.52537572387477e-09,1.3041849134297504e-09,0.00016531114689556197,0.9998346800235438
F0+F2a,final,session3_participant6_gesture17_trial7,6,17,1.0190218962448139e-14,3.213243934836166e-07,1.3696993614400056e-05,0.9999859816819819
F0+F2a,final,session3_participant7_gesture4_trial1,7,4,0.9852662366248546,0.009469975056213166,0.005262412936444665,1.3753824877250165e-06
F0+F2a,final,session3_participant7_gesture4_trial2,7,4,0.924793153846284,0.07183909149637326,0.003367578771123207,1.758862195652371e-07
F0+F2a,final,session3_participant7_gesture4_trial3,7,4,0.9964486960384019,0.002961704997260961,0.0005800199367261198,9.579027610818138e-06
F0+F2a,final,session3_participant7_gesture4_trial4,7,4,0.9763778557452484,0.02278576065092632,0.0008353660801855706,1.0175236396335881e-06
F0+F2a,final,session3_participant7_gesture4_trial5,7,4,0.9941159618323138,0.005611391998893015,0.000272166069366255,4.80099426696398e-07
F0+F2a,final,session3_participant7_gesture4_trial6,7,4,0.9541743154310336,0.039993177321678494,0.005831241841608151,1.2654056799616756e-06
F0+F2a,final,session3_participant7_gesture4_trial7,7,4,0.9950226650889463,0.004214528167396415,0.000759724314159123,3.0824294980887673e-06
F0+F2a,final,session3_participant7_gesture15_trial1,7,15,0.0029163854094932233,0.9961747491332219,0.0009088458652049073,1.9592079935900494e-08
F0+F2a,final,session3_participant7_gesture15_trial2,7,15,0.00822906676781772,0.9837791589620859,0.007991499325836513,2.7494425990371485e-07
F0+F2a,final,session3_participant7_gesture15_trial3,7,15,0.0011778579772708608,0.9954098042212761,0.0034123304006738893,7.400779322192296e-09
F0+F2a,final,session3_participant7_gesture15_trial4,7,15,0.0238816853949728,0.9419834803947013,0.03411933813921699,1.5496071108871052e-05
F0+F2a,final,session3_participant7_gesture15_trial5,7,15,0.021107603615672012,0.9697967077084799,0.009095049966373716,6.387094742449261e-07
F0+F2a,final,session3_participant7_gesture15_trial6,7,15,0.23538462231328613,0.6242985030577529,0.14016797151788277,0.0001489031110781819
F0+F2a,final,session3_participant7_gesture15_trial7,7,15,0.10021740459832142,0.8900328684183406,0.009747743239961663,1.983743376394932e-06
F0+F2a,final,session3_participant7_gesture16_trial1,7,16,2.5470561331950147e-07,0.00012511151976184128,0.999842771349741,3.186242488377081e-05
F0+F2a,final,session3_participant7_gesture16_trial2,7,16,3.3874090702635606e-09,1.4875226833647706e-07,0.9999994946590327,3.5320128979157487e-07
F0+F2a,final,session3_participant7_gesture16_trial3,7,16,1.3131691097333703e-08,0.0005034171835597593,0.9994491536277903,4.741605695885084e-05
F0+F2a,final,session3_participant7_gesture16_trial4,7,16,4.1137524517103795e-08,4.920107919915617e-09,0.9993869269735669,0.0006130269688007809
F0+F2a,final,session3_participant7_gesture16_trial5,7,16,6.579807005752309e-08,4.901285728760622e-06,0.999995027256532,5.659669212326877e-09
F0+F2a,final,session3_participant7_gesture16_trial6,7,16,1.5417362291248594e-08,1.011902216971697e-09,0.999889082503614,0.00011090106712168262
F0+F2a,final,session3_participant7_gesture16_trial7,7,16,1.4253741165098223e-07,6.338674791594481e-05,0.9999357905213817,6.801932906982551e-07
F0+F2a,final,session3_participant7_gesture17_trial1,7,17,4.2776364222358486e-08,5.414927374029617e-09,6.234617075020322e-05,0.9999376056379582
F0+F2a,final,session3_participant7_gesture17_trial2,7,17,1.985315874564004e-09,4.529457928750067e-09,0.0003866118016401356,0.9996133816835862
F0+F2a,final,session3_participant7_gesture17_trial3,7,17,1.7403928320369952e-05,3.036140496640785e-07,1.1856829059728693e-05,0.9999704356285704
F0+F2a,final,session3_participant7_gesture17_trial4,7,17,0.0034384535462823793,1.4739786581510565e-06,5.80804264187828e-05,0.9965019920486408
F0+F2a,final,session3_participant7_gesture17_trial5,7,17,0.0001813940167021099,3.245031365088246e-06,5.28790993203812e-05,0.9997624818526124
F0+F2a,final,session3_participant7_gesture17_trial6,7,17,3.844675951126744e-07,9.18712317222361e-07,0.002158083720319051,0.9978406130997687
F0+F2a,final,session3_participant7_gesture17_trial7,7,17,0.00012064468721840431,4.6147389547338227e-07,0.00010671550770079632,0.9997721783311853
F0+F2a,final,session3_participant8_gesture4_trial1,8,4,0.8730027392844183,0.08835608440316761,0.038640974855649234,2.014567648079213e-07
F0+F2a,final,session3_participant8_gesture4_trial2,8,4,0.8521684276398448,0.055542989501709474,0.09228736029706225,1.22256138335612e-06
F0+F2a,final,session3_participant8_gesture4_trial3,8,4,0.9180767564547273,0.07642818534341148,0.005494783618270333,2.7458359089995103e-07
F0+F2a,final,session3_participant8_gesture4_trial4,8,4,0.9622528450031025,0.03351441495509729,0.004232551801518975,1.882402811755058e-07
F0+F2a,final,session3_participant8_gesture4_trial5,8,4,0.9763664013917375,0.022014042693725398,0.001619511519063349,4.439547390114473e-08
F0+F2a,final,session3_participant8_gesture4_trial6,8,4,0.990713240630522,0.008780364461664747,0.0005056552599605614,7.396478528191911e-07
F0+F2a,final,session3_participant8_gesture4_trial7,8,4,0.9788601155250897,0.020749724480123796,0.00039015764044867784,2.354337872698993e-09
F0+F2a,final,session3_participant8_gesture15_trial1,8,15,0.5556135511929121,0.4394122213384937,0.004940804285492026,3.342318310209491e-05
F0+F2a,final,session3_participant8_gesture15_trial2,8,15,0.7884685074677432,0.19804556651670835,0.01344823354646536,3.769246908291675e-05
F0+F2a,final,session3_participant8_gesture15_trial3,8,15,0.5044345028217617,0.38485684919571767,0.11024980621969076,0.00045884176282986235
F0+F2a,final,session3_participant8_gesture15_trial4,8,15,0.4046859154395731,0.5418130466513248,0.05349128350040458,9.754408697407904e-06
F0+F2a,final,session3_participant8_gesture15_trial5,8,15,0.09408263455045647,0.8960353752779199,0.009872727243352024,9.26292827158585e-06
F0+F2a,final,session3_participant8_gesture15_trial6,8,15,0.5305404975275732,0.46519644315226827,0.004253863431387992,9.195888770686234e-06
F0+F2a,final,session3_participant8_gesture15_trial7,8,15,0.3197064817788246,0.6781109425437083,0.002182490098875169,8.55785919021547e-08
F0+F2a,final,session3_participant8_gesture16_trial1,8,16,3.447269683768301e-14,0.09944558777303972,0.9005542758677699,1.3635915585108472e-07
F0+F2a,final,session3_participant8_gesture16_trial2,8,16,4.391430696096926e-08,0.26190780258035273,0.7380082735255034,8.387997983691911e-05
F0+F2a,final,session3_participant8_gesture16_trial3,8,16,2.0004650454141697e-07,0.007181840788649022,0.9921898123630658,0.0006281468017805653
F0+F2a,final,session3_participant8_gesture16_trial4,8,16,1.2891476905719492e-12,0.14906525171967205,0.8509232728181315,1.1475460907323246e-05
F0+F2a,final,session3_participant8_gesture16_trial5,8,16,2.042542094950759e-14,0.05370788315864632,0.9462920630600625,5.3781270688043973e-08
F0+F2a,final,session3_participant8_gesture16_trial6,8,16,1.398064813467618e-06,0.6186434910713158,0.38135038973391266,4.721129958098298e-06
F0+F2a,final,session3_participant8_gesture16_trial7,8,16,0.00018353916678151273,0.7648870697511155,0.23492507856895595,4.312513146836454e-06
F0+F2a,final,session3_participant8_gesture17_trial1,8,17,3.4275695370545575e-08,1.515205696578185e-08,0.0007434206873635847,0.999256529884884
F0+F2a,final,session3_participant8_gesture17_trial2,8,17,3.067229007015222e-05,2.894547742946418e-07,0.0009013016705653708,0.9990677365845902
F0+F2a,final,session3_participant8_gesture17_trial3,8,17,0.00015700143826210286,5.662541637556367e-07,8.120994537038912e-05,0.9997612223622038
F0+F2a,final,session3_participant8_gesture17_trial4,8,17,0.0013720482133910918,6.659039991848777e-06,0.0049494320905784555,0.9936718606560387
F0+F2a,final,session3_participant8_gesture17_trial5,8,17,0.000264712364234061,8.592867264043631e-07,0.0008300800573222219,0.9989043482917174
F0+F2a,final,session3_participant8_gesture17_trial6,8,17,7.046391252272796e-05,2.2120736231331687e-07,0.0003848614112624446,0.9995444534688526
F0+F2a,final,session3_participant8_gesture17_trial7,8,17,0.0757430614320079,8.938416645077887e-05,0.010699236381370497,0.9134683180201708
F0+F3c,validation,session2_participant1_gesture4_trial1,1,4,0.3470590752951468,0.6430940602297952,0.00984058872352689,6.275751530967084e-06
F0+F3c,validation,session2_participant1_gesture4_trial2,1,4,0.8942615772968743,0.10115324487738267,0.004092117426927816,0.0004930603988152933
F0+F3c,validation,session2_participant1_gesture4_trial3,1,4,0.6625715946444285,0.33420582652232594,0.0031695877606444495,5.299107260108746e-05
F0+F3c,validation,session2_participant1_gesture4_trial4,1,4,0.9352292926822925,0.0638441469320943,0.0008565637055965965,6.999668001670768e-05
F0+F3c,validation,session2_participant1_gesture4_trial5,1,4,0.7879022078039251,0.21168734124045005,0.00040804272898654047,2.4082266384069103e-06
F0+F3c,validation,session2_participant1_gesture4_trial6,1,4,0.949276110896342,0.04969861980599849,0.0008936738577069957,0.00013159543995260614
F0+F3c,validation,session2_participant1_gesture4_trial7,1,4,0.8939905119942881,0.10467186820072537,0.001336434755985777,1.1850490006712238e-06
F0+F3c,validation,session2_participant1_gesture15_trial1,1,15,0.024377334320594544,0.9722104170265765,0.003402364966571236,9.8836862578895e-06
F0+F3c,validation,session2_participant1_gesture15_trial2,1,15,0.02429994752794348,0.9719042596233385,0.0037305509315957957,6.52419171223271e-05
F0+F3c,validation,session2_participant1_gesture15_trial3,1,15,0.01752912292660385,0.9797070647722809,0.0027480713469503273,1.574095416509165e-05
F0+F3c,validation,session2_participant1_gesture15_trial4,1,15,0.01239842222178898,0.9818810278303329,0.005712357978735186,8.191969142743584e-06
F0+F3c,validation,session2_participant1_gesture15_trial5,1,15,0.3194222160847417,0.6769232325588659,0.003652188277533214,2.36307885923402e-06
F0+F3c,validation,session2_participant1_gesture15_trial6,1,15,0.07445159954946941,0.9223522033326269,0.0031938666861586183,2.330431744938226e-06
F0+F3c,validation,session2_participant1_gesture15_trial7,1,15,0.0065229112916103645,0.9916513273405864,0.0018251805049172346,5.808628860405382e-07
F0+F3c,validation,session2_participant1_gesture16_trial1,1,16,3.6196233985855035e-05,1.0644533869212091e-06,0.9999627389750926,3.375345292074856e-10
F0+F3c,validation,session2_participant1_gesture16_trial2,1,16,0.0006395729740641767,0.0001806399453744522,0.9991797291708097,5.790975165897722e-08
F0+F3c,validation,session2_participant1_gesture16_trial3,1,16,0.0002716140570321812,4.976819701350839e-05,0.9996786024064508,1.5339503545399787e-08
F0+F3c,validation,session2_participant1_gesture16_trial4,1,16,0.0012905578863300123,0.006765560148201058,0.9919438207562812,6.120918798200544e-08
F0+F3c,validation,session2_participant1_gesture16_trial5,1,16,0.00014847136403391885,0.0035738254860289962,0.996277621178636,8.197130097152732e-08
F0+F3c,validation,session2_participant1_gesture16_trial6,1,16,1.958536673441495e-05,0.00018215646791127697,0.9997981797935808,7.837177344507068e-08
F0+F3c,validation,session2_participant1_gesture16_trial7,1,16,4.640318012503936e-05,7.889548508764418e-05,0.999874680530403,2.0804384332480812e-08
F0+F3c,validation,session2_participant1_gesture17_trial1,1,17,0.012953773651060508,0.0039052809144973044,0.009950611631365385,0.9731903338030767
F0+F3c,validation,session2_participant1_gesture17_trial2,1,17,0.003339781886209186,0.002010359723269912,0.0025636348894500192,0.992086223501071
F0+F3c,validation,session2_participant1_gesture17_trial3,1,17,0.010085933009271856,0.017815601973880386,0.009261081340400712,0.962837383676447
F0+F3c,validation,session2_participant1_gesture17_trial4,1,17,0.006149610614229246,0.0006563847694385095,0.005284921188472392,0.9879090834278599
F0+F3c,validation,session2_participant1_gesture17_trial5,1,17,0.07829987761124127,0.19016121571084924,0.04119689406423716,0.6903420126136722
F0+F3c,validation,session2_participant1_gesture17_trial6,1,17,0.04364647255952723,0.014712668395451217,0.0072090713669352635,0.9344317876780862
F0+F3c,validation,session2_participant1_gesture17_trial7,1,17,0.0058265090191122765,0.001873369568307697,0.0026477126640048654,0.9896524087485752
F0+F3c,validation,session2_participant2_gesture4_trial1,2,4,0.7110837282061776,0.26907146065171633,0.011756481918957683,0.008088329223148416
F0+F3c,validation,session2_participant2_gesture4_trial2,2,4,0.20544895405686375,0.7816265982725802,0.00878354528407616,0.004140902386479833
F0+F3c,validation,session2_participant2_gesture4_trial3,2,4,0.4016347634337405,0.5953815016387606,0.002965679270985428,1.8055656513530953e-05
F0+F3c,validation,session2_participant2_gesture4_trial4,2,4,0.8013924001930205,0.17988676990761623,0.00027140618756706894,0.01844942371179622
F0+F3c,validation,session2_participant2_gesture4_trial5,2,4,0.2670595956494265,0.7092618269154083,0.02366622324003963,1.235419512550572e-05
F0+F3c,validation,session2_participant2_gesture4_trial6,2,4,0.8223424858557389,0.17370301021878867,0.0026562200204872373,0.0012982839049853305
F0+F3c,validation,session2_participant2_gesture4_trial7,2,4,0.06830808413534976,0.9300449799860914,0.0016437301888996409,3.2056896592053067e-06
F0+F3c,validation,session2_participant2_gesture15_trial1,2,15,6.6926886290637244e-06,0.9981018943511559,0.00015350677969554525,0.00173790618051954
F0+F3c,validation,session2_participant2_gesture15_trial2,2,15,3.0947523499276503e-07,0.9999908878144785,8.138731132100675e-06,6.639791544504602e-07
F0+F3c,validation,session2_participant2_gesture15_trial3,2,15,2.1072524598662918e-07,0.9999966558946991,3.1324076091735226e-06,9.72445861594792e-10
F0+F3c,validation,session2_participant2_gesture15_trial4,2,15,4.701056949058212e-06,0.999909301060818,8.568997113555768e-05,3.0791109731511443e-07
F0+F3c,validation,session2_participant2_gesture15_trial5,2,15,2.758104807491155e-06,0.999976374685914,2.04021277368083e-05,4.65081541551869e-07
F0+F3c,validation,session2_participant2_gesture15_trial6,2,15,5.928717594042017e-06,0.9997828024293005,6.175453111281542e-05,0.00014951432199277205
F0+F3c,validation,session2_participant2_gesture15_trial7,2,15,2.8993559943189457e-07,0.9999928881171,2.904279358952157e-06,3.9176679416167444e-06
F0+F3c,validation,session2_participant2_gesture16_trial1,2,16,2.2546506398381014e-07,5.193809577165806e-07,0.9999992551535991,3.792873031925468e-13
F0+F3c,validation,session2_participant2_gesture16_trial2,2,16,2.4816989799786493e-06,0.00033847018076635274,0.9996590481186457,1.6079375865277436e-12
F0+F3c,validation,session2_participant2_gesture16_trial3,2,16,4.520179528018728e-05,0.002165426789490427,0.997789352881112,1.8534117332249487e-08
F0+F3c,validation,session2_participant2_gesture16_trial4,2,16,3.6411524305486526e-05,0.00023011463052575597,0.9997334738237613,2.1407303723980998e-11
F0+F3c,validation,session2_participant2_gesture16_trial5,2,16,1.1403248412075188e-06,0.00021622676926770628,0.9997826328797584,2.6132735095832412e-11
F0+F3c,validation,session2_participant2_gesture16_trial6,2,16,6.909969467235918e-05,0.011883918553079185,0.9880469814558914,2.9635700820832996e-10
F0+F3c,validation,session2_participant2_gesture16_trial7,2,16,1.3299348387603952e-05,0.004192835923947908,0.9957938624858257,2.2418387661464152e-09
F0+F3c,validation,session2_participant2_gesture17_trial1,2,17,7.603295209473373e-08,1.8060772421479472e-06,1.2500564424519122e-07,0.9999979928841616
F0+F3c,validation,session2_participant2_gesture17_trial2,2,17,1.365904330057574e-07,2.5922075235335382e-06,9.885368836374656e-08,0.9999971723483552
F0+F3c,validation,session2_participant2_gesture17_trial3,2,17,1.2699494624543427e-06,2.965045399436451e-07,3.221311919947203e-05,0.9999662204267981
F0+F3c,validation,session2_participant2_gesture17_trial4,2,17,6.582962013352815e-08,2.6893083952291975e-07,3.816147337240328e-07,0.9999992836248066
F0+F3c,validation,session2_participant2_gesture17_trial5,2,17,7.506237306548765e-07,1.9261656856218975e-07,1.3142534939945631e-07,0.9999989253343513
F0+F3c,validation,session2_participant2_gesture17_trial6,2,17,5.9231640639467456e-05,1.9995965719545666e-06,4.331292945344751e-07,0.9999383356334941
F0+F3c,validation,session2_participant2_gesture17_trial7,2,17,7.41037641835098e-07,1.3914490556208213e-06,3.6238583630343916e-07,0.9999975051274661
F0+F3c,validation,session2_participant3_gesture4_trial1,3,4,0.9934367122318,0.0029714771495882144,0.003580967559237159,1.0843059374500872e-05
F0+F3c,validation,session2_participant3_gesture4_trial2,3,4,0.9506713490739294,0.014259821413586234,0.035062527495708276,6.302016776185182e-06
F0+F3c,validation,session2_participant3_gesture4_trial3,3,4,0.9967253886930387,0.0027084475035472136,0.0005661589896389956,4.813775059409487e-09
F0+F3c,validation,session2_participant3_gesture4_trial4,3,4,0.9919839776201747,0.0038234365930770666,0.004192492877608775,9.290913951042505e-08
F0+F3c,validation,session2_participant3_gesture4_trial5,3,4,0.9958551436810578,0.003429587336319793,0.0007150298802477747,2.3910237477139174e-07
F0+F3c,validation,session2_participant3_gesture4_trial6,3,4,0.9981163780242717,0.0016276215905255708,0.00025598448992425964,1.589527860710605e-08
F0+F3c,validation,session2_participant3_gesture4_trial7,3,4,0.9945845553468355,0.005200640065673993,0.0002148034247247906,1.1627655454942659e-09
F0+F3c,validation,session2_participant3_gesture15_trial1,3,15,0.004167094953999915,0.9954448304643693,0.0003879383513032321,1.362303276034987e-07
F0+F3c,validation,session2_participant3_gesture15_trial2,3,15,0.01169794446184859,0.9875272041204585,0.0007748127086756665,3.870901729738032e-08
F0+F3c,validation,session2_participant3_gesture15_trial3,3,15,0.0025113634399028767,0.9974157125342256,7.292281493781451e-05,1.210933782063539e-09
F0+F3c,validation,session2_participant3_gesture15_trial4,3,15,0.016394555761588145,0.982986812690264,0.0006184721145589066,1.5943358899966303e-07
F0+F3c,validation,session2_participant3_gesture15_trial5,3,15,0.009833040996494954,0.9899913204387851,0.0001755974865040671,4.107821610037426e-08
F0+F3c,validation,session2_participant3_gesture15_trial6,3,15,0.011849453941652736,0.9880304809172988,0.00012006382053486337,1.3205137239504463e-09
F0+F3c,validation,session2_participant3_gesture15_trial7,3,15,0.08499139562211874,0.9146185986222093,0.00038993907207128764,6.66836006325089e-08
F0+F3c,validation,session2_participant3_gesture16_trial1,3,16,0.028625027840842365,0.001612570866158072,0.969631457968756,0.0001309433242434216
F0+F3c,validation,session2_participant3_gesture16_trial2,3,16,0.027072468979105032,0.0009035744850657355,0.7960629715926718,0.17596098494315754
F0+F3c,validation,session2_participant3_gesture16_trial3,3,16,0.012077327605246099,0.03273119422833262,0.9551914261608307,5.200559044748213e-08
F0+F3c,validation,session2_participant3_gesture16_trial4,3,16,0.006336532925011097,0.00219998151115879,0.9914615731223035,1.9124415265145875e-06
F0+F3c,validation,session2_participant3_gesture16_trial5,3,16,0.009710794175748369,0.00653687840289755,0.9837509766997558,1.3507215985269943e-06
F0+F3c,validation,session2_participant3_gesture16_trial6,3,16,0.002719323814556697,0.0010442750416633083,0.9962363387924227,6.235135728333218e-08
F0+F3c,validation,session2_participant3_gesture16_trial7,3,16,0.045369224650282036,0.1159499176633691,0.8386781437447615,2.713941587436409e-06
F0+F3c,validation,session2_participant3_gesture17_trial1,3,17,3.233128635146252e-05,7.779036538115593e-08,7.959481189351222e-06,0.9999596314420939
F0+F3c,validation,session2_participant3_gesture17_trial2,3,17,0.0001254565206876068,5.072809183739988e-07,7.504025081040691e-05,0.9997989959475837
F0+F3c,validation,session2_participant3_gesture17_trial3,3,17,2.0608867619431198e-05,2.7058096929250615e-07,0.00012181258318990192,0.9998573079682214
F0+F3c,validation,session2_participant3_gesture17_trial4,3,17,0.0009104579173969626,1.6147039994264536e-07,5.156116411477794e-05,0.9990378194480883
F0+F3c,validation,session2_participant3_gesture17_trial5,3,17,8.910038459149036e-06,2.1680375035229443e-07,1.668222977265893e-05,0.9999741909280178
F0+F3c,validation,session2_participant3_gesture17_trial6,3,17,2.5943399900950967e-06,1.0910030420197257e-07,2.3009459166773915e-05,0.999974287100539
F0+F3c,validation,session2_participant3_gesture17_trial7,3,17,2.9536855174457554e-06,1.7212802216037816e-07,2.993530722100688e-05,0.9999669388792394
F0+F3c,validation,session2_participant4_gesture4_trial1,4,4,0.9255695728434346,0.004324576850970412,0.07009965834790106,6.191957693960641e-06
F0+F3c,validation,session2_participant4_gesture4_trial2,4,4,0.997196615564855,0.00198070671861927,0.0008226421593620388,3.555716372209848e-08
F0+F3c,validation,session2_participant4_gesture4_trial3,4,4,0.9917276203534026,0.003101240879968454,0.005170714937498366,4.2382913054801997e-07
F0+F3c,validation,session2_participant4_gesture4_trial4,4,4,0.9237614246527428,0.001355415563052285,0.07488079289083367,2.3668933712805347e-06
F0+F3c,validation,session2_participant4_gesture4_trial5,4,4,0.9889538263453126,0.0005472330097425095,0.010498931769704433,8.87524061314658e-09
F0+F3c,validation,session2_participant4_gesture4_trial6,4,4,0.3003110700350974,0.015207754621204318,0.6844629004313354,1.8274912362818516e-05
F0+F3c,validation,session2_participant4_gesture4_trial7,4,4,0.9805375996866574,0.006381938006396643,0.013079762553310155,6.997536358104881e-07
F0+F3c,validation,session2_participant4_gesture15_trial1,4,15,0.9038143391894664,0.04876053486381491,0.041186993629067886,0.0062381323176507
F0+F3c,validation,session2_participant4_gesture15_trial2,4,15,0.0038328375537329327,0.9948345254561995,0.0013295792708600104,3.0577192075182023e-06
F0+F3c,validation,session2_participant4_gesture15_trial3,4,15,0.005168798476142791,0.9890089599914846,0.00582037513264144,1.8663997312716096e-06
F0+F3c,validation,session2_participant4_gesture15_trial4,4,15,0.01120449556823582,0.9870295404802316,0.0017635534884652057,2.410463067237612e-06
F0+F3c,validation,session2_participant4_gesture15_trial5,4,15,0.19274113267942036,0.774801812294401,0.03240356497401747,5.349005216101172e-05
F0+F3c,validation,session2_participant4_gesture15_trial6,4,15,0.00377368605212416,0.9949130146504891,0.0013132480103855782,5.128700111301918e-08
F0+F3c,validation,session2_participant4_gesture15_trial7,4,15,0.20392716424653493,0.7100272018074109,0.08547642949917948,0.0005692044468746741
F0+F3c,validation,session2_participant4_gesture16_trial1,4,16,0.02140153581140559,0.003638550751922247,0.38101235073112294,0.5939475627055493
F0+F3c,validation,session2_participant4_gesture16_trial2,4,16,0.0006430219614931385,0.0018493103547873205,0.9501018821255304,0.047405785558189306
F0+F3c,validation,session2_participant4_gesture16_trial3,4,16,0.00021026777555077075,0.0002644272286941769,0.9994366512737757,8.865372197935452e-05
F0+F3c,validation,session2_participant4_gesture16_trial4,4,16,0.00016496536302496758,0.0010426216945612938,0.9980109066366231,0.0007815063057905846
F0+F3c,validation,session2_participant4_gesture16_trial5,4,16,8.352645390284376e-05,0.004914427331283069,0.9561389028697724,0.038863143345041685
F0+F3c,validation,session2_participant4_gesture16_trial6,4,16,0.0001628612628349782,0.027081089616819102,0.9706292212014027,0.002126827918943356
F0+F3c,validation,session2_participant4_gesture16_trial7,4,16,0.00021116668643483027,0.0027166281733866236,0.8903620544372534,0.10671015070292526
F0+F3c,validation,session2_participant4_gesture17_trial1,4,17,0.0006070719460877389,1.232807646204795e-06,0.00025760978474848864,0.9991340854615176
F0+F3c,validation,session2_participant4_gesture17_trial2,4,17,0.004499235614947879,5.083553112379272e-06,0.0006903903195588523,0.9948052905123809
F0+F3c,validation,session2_participant4_gesture17_trial3,4,17,0.0023005084304186054,7.887724460477843e-07,0.0001883168597784577,0.997510385937357
F0+F3c,validation,session2_participant4_gesture17_trial4,4,17,0.0007252122266969744,5.753975977821581e-07,4.3648712792571e-05,0.9992305636629126
F0+F3c,validation,session2_participant4_gesture17_trial5,4,17,0.0009602004659632462,1.412762949644492e-06,0.0006675658445771281,0.99837082092651
F0+F3c,validation,session2_participant4_gesture17_trial6,4,17,0.0020842119176573545,4.3923745211327045e-06,0.001846807582708168,0.9960645881251133
F0+F3c,validation,session2_participant4_gesture17_trial7,4,17,0.003760643074202207,3.7739477012741326e-06,0.0014100898424205617,0.9948254931356758
F0+F3c,validation,session2_participant5_gesture4_trial1,5,4,0.935556036364988,0.011936295949182817,0.052496589244361215,1.1078441467935597e-05
F0+F3c,validation,session2_participant5_gesture4_trial2,5,4,0.7516822487210948,0.08788134097470503,0.16036509790823317,7.131239596692682e-05
F0+F3c,validation,session2_participant5_gesture4_trial3,5,4,0.8772564997974432,0.011789885867944463,0.10581135401666605,0.0051422603179463455
F0+F3c,validation,session2_participant5_gesture4_trial4,5,4,0.9323000440785802,0.011854684806071691,0.0558147475736189,3.052354172915916e-05
F0+F3c,validation,session2_participant5_gesture4_trial5,5,4,0.9688191545245588,0.011264130960354344,0.019908053261523513,8.661253563306533e-06
F0+F3c,validation,session2_participant5_gesture4_trial6,5,4,0.914696714665783,0.005966246949208692,0.07857330456825258,0.000763733816755797
F0+F3c,validation,session2_participant5_gesture4_trial7,5,4,0.8403815138761522,0.008926388040979788,0.15007663813684247,0.0006154599460254756
F0+F3c,validation,session2_participant5_gesture15_trial1,5,15,0.04854538872174273,0.8628994546739832,0.043135374081186756,0.0454197825230873
F0+F3c,validation,session2_participant5_gesture15_trial2,5,15,0.02635048735374825,0.9701853288464458,0.003410129654956682,5.405414484925294e-05
F0+F3c,validation,session2_participant5_gesture15_trial3,5,15,0.00044700166050951875,0.9992896438607175,0.00022789185809221784,3.5462620680691475e-05
F0+F3c,validation,session2_participant5_gesture15_trial4,5,15,0.011541403965776319,0.9847418027355157,0.002689629079301057,0.0010271642194068383
F0+F3c,validation,session2_participant5_gesture15_trial5,5,15,0.009147651829014105,0.9886509665333973,0.0020709655235349247,0.00013041611405355388
F0+F3c,validation,session2_participant5_gesture15_trial6,5,15,0.0074582604275531626,0.9830840458149402,0.0056199361889979005,0.0038377575685087195
F0+F3c,validation,session2_participant5_gesture15_trial7,5,15,0.649875962607734,0.26630262695766627,0.08361960172880803,0.00020180870579183612
F0+F3c,validation,session2_participant5_gesture16_trial1,5,16,2.790178657941046e-06,0.023864162125064398,0.9760758837806419,5.716391563560179e-05
F0+F3c,validation,session2_participant5_gesture16_trial2,5,16,3.966586770839898e-05,0.012637475158749236,0.9873025106065603,2.0348366981965028e-05
F0+F3c,validation,session2_participant5_gesture16_trial3,5,16,0.010290531608850918,0.02270045386931153,0.966956442650626,5.257187121141576e-05
F0+F3c,validation,session2_participant5_gesture16_trial4,5,16,0.537514477857868,0.01895206072196376,0.4435200514204445,1.340999972389044e-05
F0+F3c,validation,session2_participant5_gesture16_trial5,5,16,0.00021231783305446635,0.042183350909566084,0.9574860685435685,0.00011826271381110049
F0+F3c,validation,session2_participant5_gesture16_trial6,5,16,0.025551602794310145,0.026497525850966503,0.947914074259108,3.679709561534187e-05
F0+F3c,validation,session2_participant5_gesture16_trial7,5,16,5.642902723616511e-07,0.00038117884725408154,0.9996011302436661,1.7126618807564775e-05
F0+F3c,validation,session2_participant5_gesture17_trial1,5,17,0.0004017167785217553,2.2165880359423045e-08,0.00024497554470073464,0.9993532855108971
F0+F3c,validation,session2_participant5_gesture17_trial2,5,17,0.00014042487131636067,8.46736590737979e-09,0.00024390279709982728,0.9996156638642179
F0+F3c,validation,session2_participant5_gesture17_trial3,5,17,0.00037778604364681264,3.259163052734509e-08,6.690434712249407e-05,0.9995552770176
F0+F3c,validation,session2_participant5_gesture17_trial4,5,17,1.5121622453296225e-05,5.8637578184017646e-08,0.00013579644935939264,0.9998490232906092
F0+F3c,validation,session2_participant5_gesture17_trial5,5,17,6.556488057000634e-06,1.887958214439734e-07,0.0002954632076937109,0.9996977915084279
F0+F3c,validation,session2_participant5_gesture17_trial6,5,17,0.0003505253578171757,5.478109775871125e-08,0.00024464192135006984,0.9994047779397349
F0+F3c,validation,session2_participant5_gesture17_trial7,5,17,0.00035442267243106923,5.453213264459899e-08,0.00083379394515198,0.9988117288502842
F0+F3c,validation,session2_participant6_gesture4_trial1,6,4,0.3598140583060683,0.3777845839487826,0.2620064392556658,0.00039491848948330015
F0+F3c,validation,session2_participant6_gesture4_trial2,6,4,0.6094539638258721,0.011355575440378537,0.1781369416979902,0.20105351903575913
F0+F3c,validation,session2_participant6_gesture4_trial3,6,4,0.7526358553673957,0.012914801546442228,0.22227422614338224,0.012175116942779741
F0+F3c,validation,session2_participant6_gesture4_trial4,6,4,0.8864118484157969,0.007328407142625178,0.10232398456908436,0.0039357598724936976
F0+F3c,validation,session2_participant6_gesture4_trial5,6,4,0.4271888953118366,0.030762775340331706,0.5420274809270273,2.0848420804317397e-05
F0+F3c,validation,session2_participant6_gesture4_trial6,6,4,0.852114291911967,0.06201492794849177,0.08570622709970546,0.00016455303983579488
F0+F3c,validation,session2_participant6_gesture4_trial7,6,4,0.8439979301032872,0.01594812708906828,0.12121516915905639,0.018838773648588155
F0+F3c,validation,session2_participant6_gesture15_trial1,6,15,2.483963760385196e-05,0.9990023056767982,0.0009728201520469012,3.453355124574195e-08
F0+F3c,validation,session2_participant6_gesture15_trial2,6,15,0.00028784813958279557,0.9991937858415111,0.0005169996141254243,1.3664047808267824e-06
F0+F3c,validation,session2_participant6_gesture15_trial3,6,15,3.856124210205748e-05,0.9971716904118063,0.0026792169083133333,0.00011053143777822969
F0+F3c,validation,session2_participant6_gesture15_trial4,6,15,0.00013504413290076195,0.9896185864379013,0.010246094488443047,2.7494075491758516e-07
F0+F3c,validation,session2_participant6_gesture15_trial5,6,15,1.1965627045144827e-05,0.9996799597936123,0.00030807328464166415,1.294700916976745e-09
F0+F3c,validation,session2_participant6_gesture15_trial6,6,15,0.0012757319352637397,0.9813356569475048,0.01734028784951762,4.83232677137899e-05
F0+F3c,validation,session2_participant6_gesture15_trial7,6,15,2.3196835477545507e-05,0.9995493219241233,0.00042737705797249074,1.0418242675340827e-07
F0+F3c,validation,session2_participant6_gesture16_trial1,6,16,5.917927216187259e-05,1.6296416789773354e-06,0.999939190478048,6.081112919353759e-10
F0+F3c,validation,session2_participant6_gesture16_trial2,6,16,2.151452258595247e-05,1.2227090776788338e-06,0.9999772004131755,6.235516084455836e-08
F0+F3c,validation,session2_participant6_gesture16_trial3,6,16,0.0059206341500036815,0.00013046472183546713,0.9811188763419507,0.012830024786210197
F0+F3c,validation,session2_participant6_gesture16_trial4,6,16,0.0013844251262610924,0.0004656826814949414,0.9981498067804684,8.541177549440718e-08
F0+F3c,validation,session2_participant6_gesture16_trial5,6,16,0.00025927687938319556,2.9027038432189733e-07,0.9997404327879659,6.226670663312073e-11
F0+F3c,validation,session2_participant6_gesture16_trial6,6,16,6.544695172525375e-05,0.0005309731106269509,0.999402630785255,9.491523929632137e-07
F0+F3c,validation,session2_participant6_gesture16_trial7,6,16,3.949796399871824e-05,4.160391577649296e-05,0.9999188965140453,1.6061795002964456e-09
F0+F3c,validation,session2_participant6_gesture17_trial1,6,17,0.00028021546914944954,2.294307245527239e-07,8.30112560619934e-05,0.9996365438440641
F0+F3c,validation,session2_participant6_gesture17_trial2,6,17,0.00031288166573999096,2.2385530268419396e-07,3.720402109524532e-05,0.999649690457862
F0+F3c,validation,session2_participant6_gesture17_trial3,6,17,2.0731408272252603e-05,2.3606860680622167e-06,0.00012132052405866002,0.999855587381601
F0+F3c,validation,session2_participant6_gesture17_trial4,6,17,5.4016556995324144e-05,1.1589700521536332e-06,0.00034527809927188034,0.9995995463736806
F0+F3c,validation,session2_participant6_gesture17_trial5,6,17,6.51970598432786e-05,4.7606272322088647e-07,0.0005503045918298522,0.9993840222856036
F0+F3c,validation,session2_participant6_gesture17_trial6,6,17,0.00012475317724109947,1.4866789001378945e-07,4.36248328915083e-05,0.9998314733219775
F0+F3c,validation,session2_participant6_gesture17_trial7,6,17,0.000409748415638151,9.33265064997263e-08,4.804432060086618e-05,0.9995421139372546
F0+F3c,validation,session2_participant7_gesture4_trial1,7,4,0.8266975128588484,0.09505580134846266,0.07824640766936691,2.7812332199187525e-07
F0+F3c,validation,session2_participant7_gesture4_trial2,7,4,0.8914535649404693,0.04380103472306273,0.06447369468819862,0.0002717056482694308
F0+F3c,validation,session2_participant7_gesture4_trial3,7,4,0.8442196080719592,0.14016915649376574,0.015599344406146784,1.1891028128433825e-05
F0+F3c,validation,session2_participant7_gesture4_trial4,7,4,0.11020443707593264,0.8276416782449455,0.062153867799446365,1.6879675557945356e-08
F0+F3c,validation,session2_participant7_gesture4_trial5,7,4,0.5794706092134277,0.36880484871863495,0.05171750210638837,7.039961548893064e-06
F0+F3c,validation,session2_participant7_gesture4_trial6,7,4,0.6345323516098329,0.3079166123338866,0.057551015514352745,2.054192770866783e-08
F0+F3c,validation,session2_participant7_gesture4_trial7,7,4,0.8971642442912382,0.07948626921920024,0.023349228974944753,2.575146167709391e-07
F0+F3c,validation,session2_participant7_gesture15_trial1,7,15,0.005969285265119779,0.9884017961486068,0.005628279508030624,6.390782427510152e-07
F0+F3c,validation,session2_participant7_gesture15_trial2,7,15,0.0034881976693467926,0.9946555550981357,0.001856040199219611,2.070332977208312e-07
F0+F3c,validation,session2_participant7_gesture15_trial3,7,15,0.020900492539932123,0.9769326839705792,0.0021654943639230957,1.3291255657204553e-06
F0+F3c,validation,session2_participant7_gesture15_trial4,7,15,0.0006275125504196478,0.9993411768691919,3.131007460032576e-05,5.057881723262311e-10
F0+F3c,validation,session2_participant7_gesture15_trial5,7,15,0.012048003617802477,0.981605166375106,0.006345444165188436,1.3858419033122545e-06
F0+F3c,validation,session2_participant7_gesture15_trial6,7,15,0.0001500395545533767,0.9998351473689285,1.4812886231521875e-05,1.9028639621182034e-10
F0+F3c,validation,session2_participant7_gesture15_trial7,7,15,0.019995147847151163,0.9781106494937345,0.0018938331202501429,3.6953886419405384e-07
F0+F3c,validation,session2_participant7_gesture16_trial1,7,16,2.9550855536627257e-05,0.000614125031454458,0.9993442184343684,1.2105678640444511e-05
F0+F3c,validation,session2_participant7_gesture16_trial2,7,16,0.0007108318711427908,0.008249609489896432,0.9910395582190624,4.1989840161518215e-10
F0+F3c,validation,session2_participant7_gesture16_trial3,7,16,0.0003104376073319025,0.0022229529388067925,0.9974666025749528,6.878908681607671e-09
F0+F3c,validation,session2_participant7_gesture16_trial4,7,16,2.6203507923674447e-06,5.80068417467265e-05,0.9999393727936122,1.3848646319609882e-11
F0+F3c,validation,session2_participant7_gesture16_trial5,7,16,8.677698129034097e-05,0.0018214024904772176,0.9980918203690242,1.5920832838982714e-10
F0+F3c,validation,session2_participant7_gesture16_trial6,7,16,0.001719826457530548,0.017162221024113154,0.9811179468031154,5.7152409437601086e-09
F0+F3c,validation,session2_participant7_gesture16_trial7,7,16,1.8597573887670734e-05,0.00013986938041091694,0.9998415318935808,1.1521204352001046e-09
F0+F3c,validation,session2_participant7_gesture17_trial1,7,17,1.5575523506874277e-05,5.146777202261872e-07,9.075753572787963e-05,0.999893152263045
F0+F3c,validation,session2_participant7_gesture17_trial2,7,17,2.2485210879444948e-05,2.2722503637231947e-07,0.0001926364944663158,0.9997846510696178
F0+F3c,validation,session2_participant7_gesture17_trial3,7,17,7.180561325249609e-05,3.337511227132486e-07,0.00022111554269845809,0.9997067450929263
F0+F3c,validation,session2_participant7_gesture17_trial4,7,17,2.0591285736390293e-06,7.643491718385475e-07,0.0009087316522684817,0.999088444869986
F0+F3c,validation,session2_participant7_gesture17_trial5,7,17,4.915449499076249e-07,2.6916515840786238e-08,8.040117806332529e-05,0.999919080360471
F0+F3c,validation,session2_participant7_gesture17_trial6,7,17,1.5703851238762426e-06,2.685484790321379e-08,5.209935679161212e-06,0.999993192824349
F0+F3c,validation,session2_participant7_gesture17_trial7,7,17,5.8705741302861355e-06,4.868402042398954e-07,0.00019279211517404904,0.9998008504704915
F0+F3c,validation,session2_participant8_gesture4_trial1,8,4,0.8983203870398829,0.0925857403127346,0.009031104125625732,6.276852175677478e-05
F0+F3c,validation,session2_participant8_gesture4_trial2,8,4,0.6608131248659048,0.3260680706274703,0.013118343782377225,4.6072424769514195e-07
F0+F3c,validation,session2_participant8_gesture4_trial3,8,4,0.9729746063355241,0.024829321360474096,0.0021917207652077317,4.351538793878016e-06
F0+F3c,validation,session2_participant8_gesture4_trial4,8,4,0.9653715001942244,0.02940127971062996,0.005219946590920412,7.273504225092343e-06
F0+F3c,validation,session2_participant8_gesture4_trial5,8,4,0.8638294199663473,0.13253470060686515,0.003589781669497309,4.609775729012149e-05
F0+F3c,validation,session2_participant8_gesture4_trial6,8,4,0.9707755301192327,0.026055834871178303,0.0031598211693925735,8.813840196487474e-06
F0+F3c,validation,session2_participant8_gesture4_trial7,8,4,0.9338909109366578,0.05497404752576505,0.01100801453025047,0.00012702700732677153
F0+F3c,validation,session2_participant8_gesture15_trial1,8,15,0.11632703540727019,0.8813260226325078,0.0023433871037427997,3.5548564792091746e-06
F0+F3c,validation,session2_participant8_gesture15_trial2,8,15,0.026114152562910595,0.9566589144444619,0.017088102360733663,0.00013883063189376477
F0+F3c,validation,session2_participant8_gesture15_trial3,8,15,0.24117627004346195,0.7580111790604879,0.0008120491845863614,5.017114637090575e-07
F0+F3c,validation,session2_participant8_gesture15_trial4,8,15,0.3829154996786415,0.6132674233386217,0.003665030257851098,0.00015204672488572604
F0+F3c,validation,session2_participant8_gesture15_trial5,8,15,0.2350041595465585,0.763462071772147,0.0015267777212291825,6.990960065491265e-06
F0+F3c,validation,session2_participant8_gesture15_trial6,8,15,0.16413973597391854,0.8307062691566772,0.005151099932443598,2.894936960683467e-06
F0+F3c,validation,session2_participant8_gesture15_trial7,8,15,0.354157213610434,0.6403490572304089,0.005485299357142116,8.429802014934594e-06
F0+F3c,validation,session2_participant8_gesture16_trial1,8,16,0.002407308203283468,0.9001582002629935,0.0974319781560895,2.513377633621377e-06
F0+F3c,validation,session2_participant8_gesture16_trial2,8,16,0.0022239424526177484,0.06513578532148545,0.9326083742250003,3.189800089650532e-05
F0+F3c,validation,session2_participant8_gesture16_trial3,8,16,0.0034750003460575552,0.024035373270247334,0.9724874608973814,2.1654863137642957e-06
F0+F3c,validation,session2_participant8_gesture16_trial4,8,16,0.0014714691913043092,0.5545020724799437,0.4440258045558619,6.537728901726702e-07
F0+F3c,validation,session2_participant8_gesture16_trial5,8,16,0.003376283413876811,0.7986269366392429,0.19799654192346494,2.380234153902574e-07
F0+F3c,validation,session2_participant8_gesture16_trial6,8,16,0.0019155294346984392,0.6315734268252396,0.36650777067739504,3.273062666809868e-06
F0+F3c,validation,session2_participant8_gesture16_trial7,8,16,0.003130085277666019,0.8316792163508456,0.16519063840903925,5.996244923734267e-08
F0+F3c,validation,session2_participant8_gesture17_trial1,8,17,8.992227670552678e-07,7.660556514613811e-07,0.0027800514681626197,0.997218283253419
F0+F3c,validation,session2_participant8_gesture17_trial2,8,17,0.00038126421600297026,6.030936626082883e-05,0.008769413598252108,0.9907890128194842
F0+F3c,validation,session2_participant8_gesture17_trial3,8,17,2.0858813961890192e-07,1.205385380174613e-07,0.00043282147731922316,0.9995668493960032
F0+F3c,validation,session2_participant8_gesture17_trial4,8,17,6.523810742111894e-07,8.846137486011049e-07,0.0017964053365368737,0.9982020576686403
F0+F3c,validation,session2_participant8_gesture17_trial5,8,17,6.438195158180799e-08,3.562922526480103e-08,0.0006295415724564532,0.9993703584163667
F0+F3c,validation,session2_participant8_gesture17_trial6,8,17,3.4405510276242252e-06,9.151403819319597e-07,0.002168299460677467,0.997827344847913
F0+F3c,validation,session2_participant8_gesture17_trial7,8,17,5.734570916784725e-09,1.3904969797388579e-08,0.00033657545599245916,0.9996634049044669
F0+F3c,final,session3_participant1_gesture4_trial1,1,4,0.8050137475209693,0.1871279577084117,0.00102479466733697,0.0068335001032819335
F0+F3c,final,session3_participant1_gesture4_trial2,1,4,0.786338461698604,0.1765746565411963,0.004794737235087308,0.03229214452511254
F0+F3c,final,session3_participant1_gesture4_trial3,1,4,0.692727090004429,0.29165987873809873,0.007540587990741779,0.008072443266730428
F0+F3c,final,session3_participant1_gesture4_trial4,1,4,0.9552826259551653,0.017232933026430485,0.0008631439636573004,0.026621297054746675
F0+F3c,final,session3_participant1_gesture4_trial5,1,4,0.810563289742688,0.18768333463255765,0.0008711783538222409,0.0008821972709319467
F0+F3c,final,session3_participant1_gesture4_trial6,1,4,0.8026022577178675,0.18474574762120538,0.011938686798799586,0.0007133078621276628
F0+F3c,final,session3_participant1_gesture4_trial7,1,4,0.8773629986941469,0.11172586179480938,0.00789599859386097,0.0030151409171828773
F0+F3c,final,session3_participant1_gesture15_trial1,1,15,0.08511045342996641,0.8945241401746142,0.01588016723972617,0.004485239155693149
F0+F3c,final,session3_participant1_gesture15_trial2,1,15,0.12232816678066495,0.8674375789206389,0.00902472920664823,0.0012095250920480922
F0+F3c,final,session3_participant1_gesture15_trial3,1,15,0.319310583574431,0.5779435113326519,0.015719048444237955,0.08702685664867925
F0+F3c,final,session3_participant1_gesture15_trial4,1,15,0.0723022593998237,0.9168401710443768,0.010628869572661912,0.00022869998313771424
F0+F3c,final,session3_participant1_gesture15_trial5,1,15,0.08784265647681959,0.8787117566131846,0.02786777959297533,0.005577807317020492
F0+F3c,final,session3_participant1_gesture15_trial6,1,15,0.06448008840512016,0.9231138206895713,0.012381252095012434,2.4838810296104288e-05
F0+F3c,final,session3_participant1_gesture15_trial7,1,15,0.5220601575203576,0.42704400055542346,0.022599118957322816,0.028296722966896077
F0+F3c,final,session3_participant1_gesture16_trial1,1,16,0.0011749484931126916,0.008581160738938307,0.9901955687121418,4.832205580718102e-05
F0+F3c,final,session3_participant1_gesture16_trial2,1,16,0.0012192514013686618,0.012949414958372187,0.9858273220958268,4.011544432348069e-06
F0+F3c,final,session3_participant1_gesture16_trial3,1,16,0.0016112126009545774,0.05159314541723085,0.9420419510090896,0.004753690972725019
F0+F3c,final,session3_participant1_gesture16_trial4,1,16,0.0023844483785194124,0.024571996694064246,0.9730425212329824,1.033694433927832e-06
F0+F3c,final,session3_participant1_gesture16_trial5,1,16,6.064778712539584e-05,0.0007476020930660708,0.9991725813486042,1.916877120438135e-05
F0+F3c,final,session3_participant1_gesture16_trial6,1,16,0.0007855930570702575,0.002873788043613871,0.9963378600661309,2.7588331850015634e-06
F0+F3c,final,session3_participant1_gesture16_trial7,1,16,9.186512626143492e-06,0.0001428540184391133,0.9998265963495555,2.1363119379348426e-05
F0+F3c,final,session3_participant1_gesture17_trial1,1,17,0.0007332725315279694,3.5402257151293326e-05,0.0013238497950113263,0.9979074754163093
F0+F3c,final,session3_participant1_gesture17_trial2,1,17,0.003888058790953969,0.000371618850257147,0.0010066510621387133,0.99473367129665
F0+F3c,final,session3_participant1_gesture17_trial3,1,17,0.00038385295239132684,3.921636360813045e-05,0.002390909341775431,0.997186021342225
F0+F3c,final,session3_participant1_gesture17_trial4,1,17,0.0002622296556893464,0.00016294429237761953,0.002998769509974302,0.9965760565419588
F0+F3c,final,session3_participant1_gesture17_trial5,1,17,0.0028720577678785133,0.0002026420322200435,0.0016211298808672865,0.9953041703190342
F0+F3c,final,session3_participant1_gesture17_trial6,1,17,0.00020768458518808603,4.453607328679198e-05,0.0013715354933517268,0.9983762438481735
F0+F3c,final,session3_participant1_gesture17_trial7,1,17,0.0033087091823478607,3.0504424037946166e-05,0.0010522693464485571,0.9956085170471656
F0+F3c,final,session3_participant2_gesture4_trial1,2,4,0.042596702705632476,0.8781390025931199,0.03874427982454942,0.04052001487669825
F0+F3c,final,session3_participant2_gesture4_trial2,2,4,0.017942688469539295,0.9009201951618352,0.06132598069483971,0.019811135673785892
F0+F3c,final,session3_participant2_gesture4_trial3,2,4,0.1820618982982954,0.4826079937140158,0.12137598680904564,0.21395412117864304
F0+F3c,final,session3_participant2_gesture4_trial4,2,4,0.007124438524313916,0.9684338644171393,0.023760491805074443,0.0006812052534722906
F0+F3c,final,session3_participant2_gesture4_trial5,2,4,0.09256995828953342,0.2943527706994086,0.007572867530515749,0.6055044034805422
F0+F3c,final,session3_participant2_gesture4_trial6,2,4,0.3940613295291693,0.25265534677725776,0.2977930435002142,0.05549028019335885
F0+F3c,final,session3_participant2_gesture4_trial7,2,4,0.06102961592869616,0.7904374896149104,0.0110362989377652,0.13749659551862808
F0+F3c,final,session3_participant2_gesture15_trial1,2,15,3.0543003216078454e-05,0.9997047462865506,0.00023116126376457205,3.3549446468707796e-05
F0+F3c,final,session3_participant2_gesture15_trial2,2,15,8.903750109671106e-05,0.9978139873504202,0.002051921250873234,4.505389760981631e-05
F0+F3c,final,session3_participant2_gesture15_trial3,2,15,0.0011419995782843075,0.9791868107633231,0.004559595436496136,0.015111594221896308
F0+F3c,final,session3_participant2_gesture15_trial4,2,15,0.00027628035212472944,0.9498742873654148,0.005814076341200995,0.04403535594125933
F0+F3c,final,session3_participant2_gesture15_trial5,2,15,0.000125340800230131,0.9760630156923888,0.017326259091168812,0.006485384416212149
F0+F3c,final,session3_participant2_gesture15_trial6,2,15,0.00010464051262067997,0.9915291591355165,0.002155771449379588,0.00621042890248313
F0+F3c,final,session3_participant2_gesture15_trial7,2,15,1.229340024659444e-05,0.9992929972720156,0.0006150138615226686,7.969546621518338e-05
F0+F3c,final,session3_participant2_gesture16_trial1,2,16,0.006401380181832829,0.0027466194919349325,0.9908519931647208,7.161511462972797e-09
F0+F3c,final,session3_participant2_gesture16_trial2,2,16,0.0023374455168820507,0.006321873102055553,0.9913226436441992,1.8037736863113726e-05
F0+F3c,final,session3_participant2_gesture16_trial3,2,16,0.0007538729856111937,0.0038546251420079063,0.9953898698485609,1.6320238198289836e-06
F0+F3c,final,session3_participant2_gesture16_trial4,2,16,0.0006594354907128989,0.0011276487876995492,0.998212901463033,1.4258554743600686e-08
F0+F3c,final,session3_participant2_gesture16_trial5,2,16,0.0024329814119470033,0.011490802057882882,0.9860760284738908,1.8805627919563351e-07
F0+F3c,final,session3_participant2_gesture16_trial6,2,16,0.0007699214941656964,0.0002148605922633321,0.999015134666442,8.324712901578048e-08
F0+F3c,final,session3_participant2_gesture16_trial7,2,16,0.0004459585790316147,0.0010142938993696993,0.9985339193063717,5.828215226875914e-06
F0+F3c,final,session3_participant2_gesture17_trial1,2,17,7.168567897545049e-06,3.306193460179663e-05,7.2801775208916216e-06,0.9999524893199797
F0+F3c,final,session3_participant2_gesture17_trial2,2,17,2.460616965673344e-06,1.2929652023816933e-06,1.3522007449394551e-05,0.9999827244103826
F0+F3c,final,session3_participant2_gesture17_trial3,2,17,7.888435511046408e-07,3.480922887260438e-07,5.080516469161714e-06,0.9999937825476911
F0+F3c,final,session3_participant2_gesture17_trial4,2,17,3.0192883119664897e-07,9.244972190382852e-07,1.082608910219376e-05,0.9999879474848477
F0+F3c,final,session3_participant2_gesture17_trial5,2,17,4.141723808032481e-06,5.687387188150372e-06,7.793557767418882e-07,0.9999893915332271
F0+F3c,final,session3_participant2_gesture17_trial6,2,17,1.3721116435258374e-06,2.15403111461363e-05,6.998575493617251e-07,0.999976387719661
F0+F3c,final,session3_participant2_gesture17_trial7,2,17,3.767604625685184e-07,5.6061167917467155e-06,2.2255211700580925e-06,0.9999917916015757
F0+F3c,final,session3_participant3_gesture4_trial1,3,4,0.9405741961609847,0.025688730776645463,0.03373354492322633,3.5281391436414347e-06
F0+F3c,final,session3_participant3_gesture4_trial2,3,4,0.3444641851141657,0.022522753025684315,0.6329844345008129,2.8627359337044087e-05
F0+F3c,final,session3_participant3_gesture4_trial3,3,4,0.9928661660256661,0.005201045189931975,0.0019322639380501033,5.2484635186388e-07
F0+F3c,final,session3_participant3_gesture4_trial4,3,4,0.9649863745842238,0.027904648417056057,0.007108355743616416,6.212551039424513e-07
F0+F3c,final,session3_participant3_gesture4_trial5,3,4,0.9537577061509146,0.045239959304028375,0.0010004674695794976,1.867075477596462e-06
F0+F3c,final,session3_participant3_gesture4_trial6,3,4,0.9579544575751465,0.03502100268633836,0.0070121515690300265,1.2388169485149948e-05
F0+F3c,final,session3_participant3_gesture4_trial7,3,4,0.9787495375666133,0.012657462590276138,0.008591321017455735,1.6788256549712514e-06
F0+F3c,final,session3_participant3_gesture15_trial1,3,15,0.029511987015301364,0.9648704676768756,0.005616840939194718,7.043686282596383e-07
F0+F3c,final,session3_participant3_gesture15_trial2,3,15,0.20886053435466267,0.7397904359748612,0.05068768569044947,0.000661343980026573
F0+F3c,final,session3_participant3_gesture15_trial3,3,15,0.06721918848889781,0.9195542946567616,0.013226072806194008,4.4404814647774184e-07
F0+F3c,final,session3_participant3_gesture15_trial4,3,15,0.004391936624265771,0.9926549744378345,0.0029530456057273737,4.3332172442283755e-08
F0+F3c,final,session3_participant3_gesture15_trial5,3,15,0.03583662759984892,0.9572161139333508,0.006947143908680562,1.1455811981743237e-07
F0+F3c,final,session3_participant3_gesture15_trial6,3,15,0.13589227035662726,0.8178154218617699,0.04628624413640869,6.063645194155663e-06
F0+F3c,final,session3_participant3_gesture15_trial7,3,15,0.03794039314420863,0.9569947130000713,0.005064886655090297,7.2006298036242204e-09
F0+F3c,final,session3_participant3_gesture16_trial1,3,16,0.0032324132513891356,0.009405632299307682,0.9873267131408974,3.524130840576602e-05
F0+F3c,final,session3_participant3_gesture16_trial2,3,16,0.10635049744872889,0.006106690266552821,0.8866694850725435,0.0008733272121748186
F0+F3c,final,session3_participant3_gesture16_trial3,3,16,0.0593407806209909,0.038609641341383866,0.9020416945440565,7.883493568805967e-06
F0+F3c,final,session3_participant3_gesture16_trial4,3,16,0.01639337574252114,0.05339010002120832,0.9302042179444214,1.2306291849075743e-05
F0+F3c,final,session3_participant3_gesture16_trial5,3,16,0.05828773948122291,0.41128675711243395,0.5304039769955019,2.1526410841218996e-05
F0+F3c,final,session3_participant3_gesture16_trial6,3,16,0.004840777831530783,0.1435551605199403,0.8515949413023094,9.12034621968769e-06
F0+F3c,final,session3_participant3_gesture16_trial7,3,16,0.010331101536488582,0.032498881986904544,0.9571692759068682,7.405697388156711e-07
F0+F3c,final,session3_participant3_gesture17_trial1,3,17,9.182164322336653e-07,1.0033693501313604e-06,0.0005742381116163518,0.9994238403026013
F0+F3c,final,session3_participant3_gesture17_trial2,3,17,2.1580743243991403e-06,8.422499605543138e-07,0.0008061201829238371,0.9991908794927912
F0+F3c,final,session3_participant3_gesture17_trial3,3,17,1.9147925023753597e-06,8.974826395407527e-07,0.00022802598343933843,0.9997691617414187
F0+F3c,final,session3_participant3_gesture17_trial4,3,17,1.8577241674608218e-05,4.205025081226231e-06,0.0024140516105731666,0.997563166122671
F0+F3c,final,session3_participant3_gesture17_trial5,3,17,2.068227637288369e-06,7.984162931572701e-07,0.0008505175276007481,0.9991466158284688
F0+F3c,final,session3_participant3_gesture17_trial6,3,17,1.029428419107238e-05,1.2585338961511141e-05,0.006721378664072967,0.9932557417127744
F0+F3c,final,session3_participant3_gesture17_trial7,3,17,4.187472438425426e-06,2.882572182561226e-06,0.0015161845967738576,0.9984767453586052
F0+F3c,final,session3_participant4_gesture4_trial1,4,4,0.43060393851850454,0.005067512402990157,0.5642821113717017,4.6437706803627415e-05
F0+F3c,final,session3_participant4_gesture4_trial2,4,4,0.6413192496993864,0.022228945504835087,0.3345776243110502,0.0018741804847283992
F0+F3c,final,session3_participant4_gesture4_trial3,4,4,0.05380359622777827,0.019968720821039832,0.9260727029108752,0.0001549800403066957
F0+F3c,final,session3_participant4_gesture4_trial4,4,4,0.31393347746330147,0.45951841155277345,0.22654103956340169,7.071420523411998e-06
F0+F3c,final,session3_participant4_gesture4_trial5,4,4,0.0028957068449467667,0.0001773787632047507,0.020376198609479514,0.976550715782369
F0+F3c,final,session3_participant4_gesture4_trial6,4,4,0.14645860515938905,0.1669541365341499,0.6863888455674247,0.00019841273903619622
F0+F3c,final,session3_participant4_gesture4_trial7,4,4,0.48695016460557083,0.06375690216237125,0.0674569604027399,0.381835972829318
F0+F3c,final,session3_participant4_gesture15_trial1,4,15,0.0005342894004526401,0.9229698760944975,0.07625205420714554,0.00024378029790438668
F0+F3c,final,session3_participant4_gesture15_trial2,4,15,0.007975415832667556,0.8958070534775495,0.09450037690968448,0.0017171537800984757
F0+F3c,final,session3_participant4_gesture15_trial3,4,15,0.0019772176682088353,0.9759793649792853,0.021076378830525593,0.0009670385219802885
F0+F3c,final,session3_participant4_gesture15_trial4,4,15,0.001493477734212243,0.9086999757930967,0.08952173832121728,0.00028480815147376967
F0+F3c,final,session3_participant4_gesture15_trial5,4,15,0.14509978324245848,0.3972453472740484,0.043050746860596394,0.41460412262289664
F0+F3c,final,session3_participant4_gesture15_trial6,4,15,0.01375168575063302,0.9771179375522547,0.009057103939101176,7.327275801103545e-05
F0+F3c,final,session3_participant4_gesture15_trial7,4,15,0.015889821927417554,0.9373292803952946,0.035997416150254376,0.01078348152703338
F0+F3c,final,session3_participant4_gesture16_trial1,4,16,3.4040691842227465e-06,0.025008247242090696,0.9739136120247395,0.0010747366639856923
F0+F3c,final,session3_participant4_gesture16_trial2,4,16,8.393710311867933e-05,0.002319002585308185,0.9974984001848725,9.86601267004738e-05
F0+F3c,final,session3_participant4_gesture16_trial3,4,16,4.2334481121445145e-05,0.00013700129430287654,0.9855462949434821,0.014274369281093439
F0+F3c,final,session3_participant4_gesture16_trial4,4,16,8.156701479870427e-05,0.002376113874795353,0.9974126754944685,0.00012964361593740777
F0+F3c,final,session3_participant4_gesture16_trial5,4,16,5.6664157369082756e-05,0.0018496740160050974,0.9971854878148072,0.0009081740118188167
F0+F3c,final,session3_participant4_gesture16_trial6,4,16,0.0011367408359087602,0.0009458720688229552,0.9957450756643788,0.0021723114308894722
F0+F3c,final,session3_participant4_gesture16_trial7,4,16,0.0017338700611248124,0.0025631653366635435,0.9107673508558018,0.08493561374640972
F0+F3c,final,session3_participant4_gesture17_trial1,4,17,7.333027422450706e-06,1.04494931267284e-06,0.0008375888593315704,0.9991540331639333
F0+F3c,final,session3_participant4_gesture17_trial2,4,17,0.005246541625086191,1.7773175197840984e-05,0.010839393130544554,0.9838962920691713
F0+F3c,final,session3_participant4_gesture17_trial3,4,17,2.736905978205833e-06,6.644118453362308e-07,0.0075859609228201225,0.9924106377593563
F0+F3c,final,session3_participant4_gesture17_trial4,4,17,1.6311814614058333e-06,9.296972224946124e-09,0.00039816881000500254,0.9996001907115615
F0+F3c,final,session3_participant4_gesture17_trial5,4,17,1.4797782698102222e-06,5.534814826741908e-08,0.0023001671819851896,0.9976982976915968
F0+F3c,final,session3_participant4_gesture17_trial6,4,17,0.009554590451955022,4.327289128844287e-06,0.0020867006736456028,0.9883543815852706
F0+F3c,final,session3_participant4_gesture17_trial7,4,17,2.6120749683489103e-05,1.106280573080013e-07,0.0007200002730149887,0.9992537683492441
F0+F3c,final,session3_participant5_gesture4_trial1,5,4,0.0011434248414194455,0.00012283690665352683,0.009563597062814172,0.9891701411891127
F0+F3c,final,session3_participant5_gesture4_trial2,5,4,0.003751999640104602,0.00013905473258946896,0.0006892558539035,0.9954196897734023
F0+F3c,final,session3_participant5_gesture4_trial3,5,4,0.9749427090578313,0.00071878684304835,0.00507748992083646,0.01926101417828391
F0+F3c,final,session3_participant5_gesture4_trial4,5,4,0.006795478263270142,3.401238225381419e-05,0.0004531650192822198,0.9927173443351939
F0+F3c,final,session3_participant5_gesture4_trial5,5,4,0.5290259345406418,0.001713209795611643,0.006631846743296282,0.4626290089204503
F0+F3c,final,session3_participant5_gesture4_trial6,5,4,0.04809610706471232,0.0001361701726434386,0.005709794019933984,0.9460579287427102
F0+F3c,final,session3_participant5_gesture4_trial7,5,4,0.5418801865403392,0.0030359750199803457,0.24143919809747807,0.2136446403422023
F0+F3c,final,session3_participant5_gesture15_trial1,5,15,0.00033801708137714913,0.12462365903973753,0.005346796808646715,0.8696915270702386
F0+F3c,final,session3_participant5_gesture15_trial2,5,15,0.006504927146330889,0.05605890551889184,0.0036055443851459104,0.9338306229496314
F0+F3c,final,session3_participant5_gesture15_trial3,5,15,0.023480058590305705,0.36184088200531533,0.03561580066344183,0.5790632587409371
F0+F3c,final,session3_participant5_gesture15_trial4,5,15,0.06980289303562243,0.6177390360356352,0.16362165285766483,0.14883641807107756
F0+F3c,final,session3_participant5_gesture15_trial5,5,15,0.1558689913088149,0.535616110504787,0.23234159066997637,0.07617330751642158
F0+F3c,final,session3_participant5_gesture15_trial6,5,15,0.006784169734009814,0.8884417557040016,0.044860337682347186,0.059913736879641355
F0+F3c,final,session3_participant5_gesture15_trial7,5,15,0.007918660921928573,0.9824538763829872,0.009259629500291005,0.0003678331947933413
F0+F3c,final,session3_participant5_gesture16_trial1,5,16,0.0001252610925811045,7.447436194236928e-05,0.9924082304080032,0.0073920341374734185
F0+F3c,final,session3_participant5_gesture16_trial2,5,16,6.725195409525531e-05,0.0018225023168962366,0.9973382211281511,0.0007720246008573571
F0+F3c,final,session3_participant5_gesture16_trial3,5,16,0.01171459135798959,0.005288060622481427,0.9502337000799462,0.03276364793958274
F0+F3c,final,session3_participant5_gesture16_trial4,5,16,0.0005575354775370977,0.0010300945652305402,0.998377960292466,3.440966476630865e-05
F0+F3c,final,session3_participant5_gesture16_trial5,5,16,5.562861081076765e-05,0.0030888652704937373,0.9946089332670469,0.0022465728516484944
F0+F3c,final,session3_participant5_gesture16_trial6,5,16,4.069008089820536e-05,0.013621361283716446,0.9863372105061794,7.381292058691581e-07
F0+F3c,final,session3_participant5_gesture16_trial7,5,16,0.0004581442366474135,0.043723332445490266,0.9557375399377431,8.098338011902311e-05
F0+F3c,final,session3_participant5_gesture17_trial1,5,17,3.653937136555385e-08,8.712168959475795e-09,1.1391392576850891e-05,0.9999885633558828
F0+F3c,final,session3_participant5_gesture17_trial2,5,17,4.30378687022746e-08,1.58365249631096e-08,2.6066627516332436e-05,0.99997387449809
F0+F3c,final,session3_participant5_gesture17_trial3,5,17,2.6514161525629884e-05,2.3450355354999104e-08,0.0002909604366847334,0.9996825019514343
F0+F3c,final,session3_participant5_gesture17_trial4,5,17,1.9917269761351578e-07,4.849974618500976e-08,0.0007695032075318688,0.9992302491200242
F0+F3c,final,session3_participant5_gesture17_trial5,5,17,1.1229955889534882e-07,9.858094542193347e-09,0.0022376426542263985,0.9977622351881202
F0+F3c,final,session3_participant5_gesture17_trial6,5,17,9.034658375683295e-06,3.1904047701577673e-09,6.20414308563002e-05,0.9999289207203633
F0+F3c,final,session3_participant5_gesture17_trial7,5,17,2.654587292570777e-06,1.0385326456893664e-08,0.028288695968337933,0.971708639059043
F0+F3c,final,session3_participant6_gesture4_trial1,6,4,0.8777800110182735,0.002764988525711792,0.012209628713531727,0.10724537174248285
F0+F3c,final,session3_participant6_gesture4_trial2,6,4,0.9659657838040595,0.0037465200813789597,0.02629122379534449,0.003996472319217136
F0+F3c,final,session3_participant6_gesture4_trial3,6,4,0.8175159032323241,0.0007944861724017694,0.007031762342218911,0.17465784825305516
F0+F3c,final,session3_participant6_gesture4_trial4,6,4,0.7071562410633898,0.006323513306199543,0.021933627927029593,0.26458661770338104
F0+F3c,final,session3_participant6_gesture4_trial5,6,4,0.9741560198836987,0.013395090170230403,0.012326397468191665,0.0001224924778793069
F0+F3c,final,session3_participant6_gesture4_trial6,6,4,0.9064208920774299,0.012034496719534321,0.0772215150585715,0.004323096144464362
F0+F3c,final,session3_participant6_gesture4_trial7,6,4,0.9550293256384563,0.0011624800273042682,0.0223911734258384,0.02141702090840099
F0+F3c,final,session3_participant6_gesture15_trial1,6,15,0.014962443399710522,0.9746043946816167,0.010429350924405131,3.8109942676398886e-06
F0+F3c,final,session3_participant6_gesture15_trial2,6,15,0.016551489116770186,0.9732346923095175,0.01017024895098404,4.356962272819948e-05
F0+F3c,final,session3_participant6_gesture15_trial3,6,15,0.010009717535109857,0.9883922116680073,0.0015980467569367749,2.4039945987684536e-08
F0+F3c,final,session3_participant6_gesture15_trial4,6,15,0.021725073111850474,0.9748702194280803,0.0034046574894184118,4.997065089365386e-08
F0+F3c,final,session3_participant6_gesture15_trial5,6,15,0.03806557364443685,0.9497421142133217,0.01219211383634308,1.9830589852476735e-07
F0+F3c,final,session3_participant6_gesture15_trial6,6,15,0.04339275953922299,0.9399397247882904,0.016664853310801007,2.6623616855117103e-06
F0+F3c,final,session3_participant6_gesture15_trial7,6,15,0.0035324674266779144,0.9936947104867272,0.0027726532833431093,1.6880325188756053e-07
F0+F3c,final,session3_participant6_gesture16_trial1,6,16,0.4419474614911448,0.002186949116502781,0.5549425085845744,0.0009230808077780211
F0+F3c,final,session3_participant6_gesture16_trial2,6,16,0.0012472283678660514,0.0001054036896118116,0.9986473152133292,5.272919315382152e-08
F0+F3c,final,session3_participant6_gesture16_trial3,6,16,0.006726248060691943,0.0002498293315114945,0.993023538967185,3.8364061156379826e-07
F0+F3c,final,session3_participant6_gesture16_trial4,6,16,0.11666471873080866,0.005400460519232869,0.8353745739329672,0.042560246816991186
F0+F3c,final,session3_participant6_gesture16_trial5,6,16,0.13262056033521222,0.0018111944923222011,0.8642993499591388,0.0012688952133266592
F0+F3c,final,session3_participant6_gesture16_trial6,6,16,0.022319326976482142,0.0003452363861535871,0.3732476741546949,0.6040877624826695
F0+F3c,final,session3_participant6_gesture16_trial7,6,16,0.02649166960554965,0.00024140398890376325,0.9732556173767684,1.1309028778341077e-05
F0+F3c,final,session3_participant6_gesture17_trial1,6,17,0.0006238912044274884,6.536468270273771e-07,6.518752173296007e-05,0.9993102676270125
F0+F3c,final,session3_participant6_gesture17_trial2,6,17,1.903468600973365e-05,1.7951785193676777e-07,2.0675100124658352e-05,0.9999601106960136
F0+F3c,final,session3_participant6_gesture17_trial3,6,17,2.599450947404444e-06,2.7248919988999486e-07,6.863895189055896e-05,0.9999284891079622
F0+F3c,final,session3_participant6_gesture17_trial4,6,17,3.1538073141586673e-06,4.343815107913248e-08,2.5715716310678755e-05,0.9999710870382241
F0+F3c,final,session3_participant6_gesture17_trial5,6,17,0.0019105006877212162,2.7022463273817063e-06,0.0001625347596998013,0.9979242623062518
F0+F3c,final,session3_participant6_gesture17_trial6,6,17,3.7877540350744167e-07,2.7543990686987553e-08,1.256543606475499e-05,0.999987028244541
F0+F3c,final,session3_participant6_gesture17_trial7,6,17,5.441641205704533e-06,1.5100611992006377e-06,2.6237943456449822e-05,0.9999668103541387
F0+F3c,final,session3_participant7_gesture4_trial1,7,4,0.8582225025271978,0.0441079379464745,0.09763375034727638,3.580917905148396e-05
F0+F3c,final,session3_participant7_gesture4_trial2,7,4,0.9520876453401826,0.03810175056520548,0.00980967741907531,9.266755364003146e-07
F0+F3c,final,session3_participant7_gesture4_trial3,7,4,0.9426167311606644,0.029902103575187102,0.027181803607476657,0.0002993616566717926
F0+F3c,final,session3_participant7_gesture4_trial4,7,4,0.9420533668232169,0.03956118149292839,0.01837562557931013,9.826104544469536e-06
F0+F3c,final,session3_participant7_gesture4_trial5,7,4,0.9736095304031703,0.023688427483451208,0.002696194190699347,5.847922678833452e-06
F0+F3c,final,session3_participant7_gesture4_trial6,7,4,0.8945311201525944,0.05937068443990999,0.0460895590785061,8.636328989572298e-06
F0+F3c,final,session3_participant7_gesture4_trial7,7,4,0.9848306424920016,0.006197569650940249,0.00891326191647068,5.852594058766858e-05
F0+F3c,final,session3_participant7_gesture15_trial1,7,15,0.0009927615075397888,0.9987656848625004,0.00024155030062884708,3.3293309042067908e-09
F0+F3c,final,session3_participant7_gesture15_trial2,7,15,0.009182559213903931,0.9838302382115613,0.0069870987463663955,1.038281680860319e-07
F0+F3c,final,session3_participant7_gesture15_trial3,7,15,0.0020061079344222224,0.9906386279082536,0.007355255710300187,8.44702403482012e-09
F0+F3c,final,session3_participant7_gesture15_trial4,7,15,0.03836151578809365,0.8818282032116529,0.07979339692051125,1.688407974222182e-05
F0+F3c,final,session3_participant7_gesture15_trial5,7,15,0.030543276008034397,0.9565330173034389,0.012922986895097986,7.197934287496339e-07
F0+F3c,final,session3_participant7_gesture15_trial6,7,15,0.08456897375104754,0.79738458264702,0.11799924027619414,4.720332573845249e-05
F0+F3c,final,session3_participant7_gesture15_trial7,7,15,0.12933243302919076,0.8665444963712532,0.0041205826888129115,2.4879107431042317e-06
F0+F3c,final,session3_participant7_gesture16_trial1,7,16,2.774301372062477e-05,0.0017391916024145702,0.9982306113856185,2.4539982462352176e-06
F0+F3c,final,session3_participant7_gesture16_trial2,7,16,1.57776071423178e-05,4.581007883114988e-05,0.9999349191991281,3.49311489842688e-06
F0+F3c,final,session3_participant7_gesture16_trial3,7,16,7.308212487016833e-05,0.005791750331828574,0.9941328506450774,2.3168982238439216e-06
F0+F3c,final,session3_participant7_gesture16_trial4,7,16,6.109531277723479e-05,9.106961094813144e-06,0.9939928518550001,0.005936945871128014
F0+F3c,final,session3_participant7_gesture16_trial5,7,16,0.0014861878005886207,0.00127068742511642,0.9972431112294179,1.3544877045123608e-08
F0+F3c,final,session3_participant7_gesture16_trial6,7,16,5.259033587085856e-06,2.749566217079161e-06,0.9988550705042778,0.001136920895918153
F0+F3c,final,session3_participant7_gesture16_trial7,7,16,0.0001112020517991408,0.010102316916212628,0.9897850489456709,1.4320863173225015e-06
F0+F3c,final,session3_participant7_gesture17_trial1,7,17,3.1362481362360637e-07,2.5451315042835907e-08,1.2575560057944693e-05,0.9999870853638134
F0+F3c,final,session3_participant7_gesture17_trial2,7,17,1.8600695517266236e-06,1.579819534886598e-08,6.544847487639612e-06,0.9999915792847653
F0+F3c,final,session3_participant7_gesture17_trial3,7,17,3.269697934194861e-07,2.593570321597215e-08,6.252208036966642e-06,0.9999933948864663
F0+F3c,final,session3_participant7_gesture17_trial4,7,17,6.732237732275604e-05,1.3557823593239645e-07,3.408515302090273e-05,0.9998984568914203
F0+F3c,final,session3_participant7_gesture17_trial5,7,17,4.675688267464955e-07,3.7277013042011045e-08,2.0151067164688237e-05,0.9999793440869955
F0+F3c,final,session3_participant7_gesture17_trial6,7,17,8.768525900811085e-09,4.05737053995071e-08,6.974267991260582e-06,0.9999929763897775
F0+F3c,final,session3_participant7_gesture17_trial7,7,17,5.46436020307098e-06,1.7865849503360254e-07,5.299197808107336e-05,0.9999413650032208
F0+F3c,final,session3_participant8_gesture4_trial1,8,4,0.8398948237607526,0.07066829685911989,0.08943258080674799,4.298573379496997e-06
F0+F3c,final,session3_participant8_gesture4_trial2,8,4,0.7903411055435643,0.010875565745314132,0.19877052276820212,1.2805942919365513e-05
F0+F3c,final,session3_participant8_gesture4_trial3,8,4,0.8803196659640061,0.058615423921879205,0.061062202970291746,2.7071438228187567e-06
F0+F3c,final,session3_participant8_gesture4_trial4,8,4,0.9515598934732163,0.009619482012475533,0.03881829232971841,2.3321845898979733e-06
F0+F3c,final,session3_participant8_gesture4_trial5,8,4,0.9722916637294802,0.012651330653683186,0.015056456864002438,5.487528341216402e-07
F0+F3c,final,session3_participant8_gesture4_trial6,8,4,0.9795972910451587,0.006866972655013986,0.013524910752739249,1.082554708800937e-05
F0+F3c,final,session3_participant8_gesture4_trial7,8,4,0.9864367037319072,0.012459533013554125,0.0011037546560725925,8.59846617776693e-09
F0+F3c,final,session3_participant8_gesture15_trial1,8,15,0.6337239515449216,0.36417833285661433,0.0020823027516283644,1.5412846835841225e-05
F0+F3c,final,session3_participant8_gesture15_trial2,8,15,0.8170785851345028,0.15936854210168405,0.023351289961806417,0.00020158280200666842
F0+F3c,final,session3_participant8_gesture15_trial3,8,15,0.5705648275241119,0.3650078395072735,0.0640258426174496,0.0004014903511650819
F0+F3c,final,session3_participant8_gesture15_trial4,8,15,0.12735780984781878,0.8405957341774961,0.03204307795200265,3.378022682299246e-06
F0+F3c,final,session3_participant8_gesture15_trial5,8,15,0.20221722311184917,0.7738514470197091,0.02390496277079006,2.6367097651785177e-05
F0+F3c,final,session3_participant8_gesture15_trial6,8,15,0.31222367146118285,0.6791165465148358,0.008646550436028438,1.3231587952944671e-05
F0+F3c,final,session3_participant8_gesture15_trial7,8,15,0.2494186046399353,0.7493259891758416,0.001255272840041691,1.3334418135619464e-07
F0+F3c,final,session3_participant8_gesture16_trial1,8,16,9.890957865333522e-05,0.38732089092926414,0.6125800310113575,1.68480724955178e-07
F0+F3c,final,session3_participant8_gesture16_trial2,8,16,0.0008440787903036058,0.18367348502485023,0.8154777254515443,4.710733301839925e-06
F0+F3c,final,session3_participant8_gesture16_trial3,8,16,0.0009158650196813462,0.005951397583002738,0.9929648702345085,0.00016786716280738258
F0+F3c,final,session3_participant8_gesture16_trial4,8,16,7.985770997102925e-05,0.32865550196168486,0.671259443507889,5.196820455078483e-06
F0+F3c,final,session3_participant8_gesture16_trial5,8,16,0.00015939428166017187,0.277988380152732,0.7218516518692751,5.736963327121573e-07
F0+F3c,final,session3_participant8_gesture16_trial6,8,16,0.0020183138267081675,0.7053169204208678,0.2926645514794049,2.1427301914656179e-07
F0+F3c,final,session3_participant8_gesture16_trial7,8,16,0.004690261422858725,0.9248866929514865,0.07042294125988234,1.0436577244663917e-07
F0+F3c,final,session3_participant8_gesture17_trial1,8,17,3.796590753148579e-06,2.962584895171674e-07,0.002982703996609962,0.9970132031541473
F0+F3c,final,session3_participant8_gesture17_trial2,8,17,9.174862403598955e-07,2.5679409797179243e-07,0.0008648516022611107,0.9991339741174005
F0+F3c,final,session3_participant8_gesture17_trial3,8,17,5.6539797758583396e-06,3.621548612912972e-07,0.00024049709702879976,0.999753486768334
F0+F3c,final,session3_participant8_gesture17_trial4,8,17,6.430981882052226e-05,3.031132517741481e-06,0.0015808537956694374,0.9983518052529924
F0+F3c,final,session3_participant8_gesture17_trial5,8,17,1.1055454733496609e-06,1.9275746611256256e-07,0.00011609475274135613,0.9998826069443191
F0+F3c,final,session3_participant8_gesture17_trial6,8,17,1.9947032191973273e-05,6.553660952562553e-07,0.0001281751281385607,0.9998512224735743
F0+F3c,final,session3_participant8_gesture17_trial7,8,17,0.0028749917797595086,0.0002939124422686468,0.0071744128393258074,0.9896566829386461
F0+F2a+F3c,validation,session2_participant1_gesture4_trial1,1,4,0.22394324837910654,0.7705660476949936,0.005482985865577835,7.718060322105786e-06
F0+F2a+F3c,validation,session2_participant1_gesture4_trial2,1,4,0.9406835456994228,0.05490983709217654,0.004106196753559885,0.000300420454840753
F0+F2a+F3c,validation,session2_participant1_gesture4_trial3,1,4,0.7508289530805354,0.24623908053890803,0.0028684286892902873,6.353769126638085e-05
F0+F2a+F3c,validation,session2_participant1_gesture4_trial4,1,4,0.9521101646776834,0.04690812507050023,0.0009286801787342057,5.303007308206008e-05
F0+F2a+F3c,validation,session2_participant1_gesture4_trial5,1,4,0.9286507066234476,0.07089589585892488,0.0004506072096439921,2.790307983352826e-06
F0+F2a+F3c,validation,session2_participant1_gesture4_trial6,1,4,0.9801728356245253,0.019550084105566006,0.00023753691429717657,3.9543355611325194e-05
F0+F2a+F3c,validation,session2_participant1_gesture4_trial7,1,4,0.9683948774021268,0.03096705189992268,0.0006369587256486247,1.11197230196487e-06
F0+F2a+F3c,validation,session2_participant1_gesture15_trial1,1,15,0.009135543738191998,0.9893630360919153,0.0014809916232807138,2.0428546611982597e-05
F0+F2a+F3c,validation,session2_participant1_gesture15_trial2,1,15,0.001107315261857961,0.9955906551911351,0.0031516560358619133,0.00015037351114494945
F0+F2a+F3c,validation,session2_participant1_gesture15_trial3,1,15,0.004512004742743011,0.9942202644933381,0.0012140509072468323,5.3679856672063425e-05
F0+F2a+F3c,validation,session2_participant1_gesture15_trial4,1,15,0.006651079015809008,0.991978440423227,0.00134659768532678,2.388287563728243e-05
F0+F2a+F3c,validation,session2_participant1_gesture15_trial5,1,15,0.35220762933507294,0.6437113817059712,0.004065215628129394,1.577333082656945e-05
F0+F2a+F3c,validation,session2_participant1_gesture15_trial6,1,15,0.006668262914078704,0.9920472300189503,0.0012733718826227751,1.1135184347962862e-05
F0+F2a+F3c,validation,session2_participant1_gesture15_trial7,1,15,0.0026663175638042304,0.9955017844444595,0.0018276143063615704,4.283685374766053e-06
F0+F2a+F3c,validation,session2_participant1_gesture16_trial1,1,16,3.283150295435283e-10,2.4543871607197803e-09,0.9999999971736135,4.3684158869103704e-11
F0+F2a+F3c,validation,session2_participant1_gesture16_trial2,1,16,1.0503879780766207e-07,1.8261449038393827e-06,0.9999980531678007,1.564849786817094e-08
F0+F2a+F3c,validation,session2_participant1_gesture16_trial3,1,16,1.9772734550830648e-10,1.8229757657400843e-07,0.999999816043713,1.4609830521214068e-09
F0+F2a+F3c,validation,session2_participant1_gesture16_trial4,1,16,1.1700828802374214e-05,0.0013647241950333466,0.9986233685799644,2.0639619975232172e-07
F0+F2a+F3c,validation,session2_participant1_gesture16_trial5,1,16,2.0775513046822854e-09,1.2339061826258622e-05,0.9999876287395713,3.012105111195732e-08
F0+F2a+F3c,validation,session2_participant1_gesture16_trial6,1,16,4.6411544156106983e-10,4.885973480026886e-06,0.9999950937920308,1.9770373786398793e-08
F0+F2a+F3c,validation,session2_participant1_gesture16_trial7,1,16,3.044532137460518e-10,2.3361303141467932e-07,0.999999765035383,1.0471323310466938e-09
F0+F2a+F3c,validation,session2_participant1_gesture17_trial1,1,17,0.0010557874775447137,0.0017620554940992932,0.0028658343113187506,0.9943163227170373
F0+F2a+F3c,validation,session2_participant1_gesture17_trial2,1,17,7.846995278084623e-05,0.0017424692287088077,0.0007245410859850609,0.9974545197325253
F0+F2a+F3c,validation,session2_participant1_gesture17_trial3,1,17,0.00025329303058279766,0.010549876011431408,0.0023054866291379924,0.9868913443288477
F0+F2a+F3c,validation,session2_participant1_gesture17_trial4,1,17,0.0003402242161633397,0.0005282640971207675,0.0011448324770857215,0.9979866792096302
F0+F2a+F3c,validation,session2_participant1_gesture17_trial5,1,17,0.007205715357708532,0.17492740717923683,0.010571271736633735,0.8072956057264209
F0+F2a+F3c,validation,session2_participant1_gesture17_trial6,1,17,3.42624033253248e-05,0.00885004741528406,0.0018356529034359737,0.9892800372779545
F0+F2a+F3c,validation,session2_participant1_gesture17_trial7,1,17,1.4850732797125775e-05,0.0010059411966712557,0.000980625091465491,0.9979985829790661
F0+F2a+F3c,validation,session2_participant2_gesture4_trial1,2,4,0.7386886319304429,0.22968557212611174,0.019997724108038406,0.011628071835406916
F0+F2a+F3c,validation,session2_participant2_gesture4_trial2,2,4,0.24192324651724095,0.7439954191118295,0.009653654739725674,0.004427679631203842
F0+F2a+F3c,validation,session2_participant2_gesture4_trial3,2,4,0.3667479385536069,0.6279155381090554,0.005263178265554621,7.334507178323845e-05
F0+F2a+F3c,validation,session2_participant2_gesture4_trial4,2,4,0.39464331653123536,0.5838752054837102,0.004576383968745355,0.016905094016309172
F0+F2a+F3c,validation,session2_participant2_gesture4_trial5,2,4,0.1541383357303482,0.8168974011712712,0.028882596040638267,8.166705774246458e-05
F0+F2a+F3c,validation,session2_participant2_gesture4_trial6,2,4,0.9304689723631518,0.06801929082829036,0.0012135236914962032,0.0002982131170616629
F0+F2a+F3c,validation,session2_participant2_gesture4_trial7,2,4,0.07949791376988788,0.9190370780218782,0.0014485002047935462,1.6508003440384986e-05
F0+F2a+F3c,validation,session2_participant2_gesture15_trial1,2,15,7.692392427431362e-11,0.999786827005506,2.8801317355291854e-05,0.00018437160021494755
F0+F2a+F3c,validation,session2_participant2_gesture15_trial2,2,15,4.942650180649921e-12,0.9999975445873287,2.0435121663102456e-06,4.118955623336639e-07
F0+F2a+F3c,validation,session2_participant2_gesture15_trial3,2,15,3.676777739162904e-11,0.9999993411571717,6.553553375028715e-07,3.450723126651714e-09
F0+F2a+F3c,validation,session2_participant2_gesture15_trial4,2,15,7.301344102723008e-11,0.999973312508471,2.5902111762355427e-05,7.853067534140653e-07
F0+F2a+F3c,validation,session2_participant2_gesture15_trial5,2,15,1.982711793082699e-10,0.9999897760158319,9.267050839401287e-06,9.56735057595715e-07
F0+F2a+F3c,validation,session2_participant2_gesture15_trial6,2,15,1.1652654119188361e-11,0.9999074987970756,2.0939450172482012e-05,7.15617410990462e-05
F0+F2a+F3c,validation,session2_participant2_gesture15_trial7,2,15,7.965886006125385e-14,0.9999990607359435,7.123142038342331e-07,2.2694977307449282e-07
F0+F2a+F3c,validation,session2_participant2_gesture16_trial1,2,16,2.6828615353845527e-11,8.056910529580177e-08,0.9999999194029642,1.10194464377336e-12
F0+F2a+F3c,validation,session2_participant2_gesture16_trial2,2,16,1.1426917574457198e-08,0.00027325194981799424,0.999726736559644,6.362031127722463e-11
F0+F2a+F3c,validation,session2_participant2_gesture16_trial3,2,16,8.141855473485026e-08,0.00019627957052006679,0.9998036232061517,1.5804773656753966e-08
F0+F2a+F3c,validation,session2_participant2_gesture16_trial4,2,16,4.4446617498384185e-09,9.905243473930086e-06,0.9999900902130642,9.880030081309469e-11
F0+F2a+F3c,validation,session2_participant2_gesture16_trial5,2,16,3.6370676316614288e-09,8.878726605235909e-05,0.9999112089905426,1.063374929768961e-10
F0+F2a+F3c,validation,session2_participant2_gesture16_trial6,2,16,2.698031670421516e-07,0.005165025183954815,0.994834700433896,4.578982139094045e-09
F0+F2a+F3c,validation,session2_participant2_gesture16_trial7,2,16,5.127277432167377e-08,0.0014856742277776982,0.9985142512630335,2.323641444146817e-08
F0+F2a+F3c,validation,session2_participant2_gesture17_trial1,2,17,2.2827923277721735e-08,5.2074430309324206e-06,8.621627057310111e-07,0.9999939075663401
F0+F2a+F3c,validation,session2_participant2_gesture17_trial2,2,17,2.9382288634833185e-08,9.16418811371417e-06,1.5065359400628302e-06,0.9999892998936577
F0+F2a+F3c,validation,session2_participant2_gesture17_trial3,2,17,0.00032583443200439574,7.073810046074546e-06,1.528681842767803e-05,0.9996518049395218
F0+F2a+F3c,validation,session2_participant2_gesture17_trial4,2,17,3.052891268087167e-05,7.331260866070688e-07,6.880598305237574e-07,0.9999680499014021
F0+F2a+F3c,validation,session2_participant2_gesture17_trial5,2,17,8.683679918299992e-05,2.743254925131631e-07,3.370779850309627e-06,0.9999095180954742
F0+F2a+F3c,validation,session2_participant2_gesture17_trial6,2,17,0.01121023904704602,1.967413050961375e-06,4.5109148712454605e-06,0.9887832826250318
F0+F2a+F3c,validation,session2_participant2_gesture17_trial7,2,17,0.0004823481329147696,2.3972005517679854e-06,5.117436176437113e-06,0.999510137230357
F0+F2a+F3c,validation,session2_participant3_gesture4_trial1,3,4,0.9992445140518704,0.0005931790726167622,0.00015749455940740264,4.812316105254241e-06
F0+F2a+F3c,validation,session2_participant3_gesture4_trial2,3,4,0.989273761634856,0.007635372888045096,0.0030828339625055615,8.03151459320524e-06
F0+F2a+F3c,validation,session2_participant3_gesture4_trial3,3,4,0.9980828000816857,0.0014176836792104464,0.0004994997947782068,1.644432563123811e-08
F0+F2a+F3c,validation,session2_participant3_gesture4_trial4,3,4,0.9969723411624255,0.002684407118613293,0.00034315672935177484,9.49896095600962e-08
F0+F2a+F3c,validation,session2_participant3_gesture4_trial5,3,4,0.9973919484279724,0.001697786950240711,0.0009094146767011942,8.49945085769084e-07
F0+F2a+F3c,validation,session2_participant3_gesture4_trial6,3,4,0.9991614009272635,0.0006607528487741987,0.00017781289638842707,3.332757386437064e-08
F0+F2a+F3c,validation,session2_participant3_gesture4_trial7,3,4,0.9966899693376184,0.003106522941085489,0.00020349931757038524,8.4037257297072e-09
F0+F2a+F3c,validation,session2_participant3_gesture15_trial1,3,15,4.658479158139888e-05,0.9983643791493687,0.0015889205000927035,1.1555895718893072e-07
F0+F2a+F3c,validation,session2_participant3_gesture15_trial2,3,15,0.012852312873436899,0.9867230813689302,0.00042454210567502995,6.365195797984167e-08
F0+F2a+F3c,validation,session2_participant3_gesture15_trial3,3,15,0.0014477200550079704,0.9983046301143682,0.0002476403257000234,9.504923961860906e-09
F0+F2a+F3c,validation,session2_participant3_gesture15_trial4,3,15,0.0027970552795470683,0.9968962021496496,0.00030668905022449434,5.352057889102966e-08
F0+F2a+F3c,validation,session2_participant3_gesture15_trial5,3,15,0.006920539707314666,0.9928325812450921,0.00024682302499365235,5.602259972432568e-08
F0+F2a+F3c,validation,session2_participant3_gesture15_trial6,3,15,0.004745935439617621,0.9950910497293167,0.00016301133990379756,3.491161980230755e-09
F0+F2a+F3c,validation,session2_participant3_gesture15_trial7,3,15,0.026678012833774863,0.9727596562682496,0.0005622133655417165,1.1753243405846814e-07
F0+F2a+F3c,validation,session2_participant3_gesture16_trial1,3,16,6.175085191340383e-05,5.4971420690958096e-05,0.9995786197604015,0.00030465796699418384
F0+F2a+F3c,validation,session2_participant3_gesture16_trial2,3,16,0.015517156050220844,0.00029415797370196386,0.6503295432497128,0.33385914272636436
F0+F2a+F3c,validation,session2_participant3_gesture16_trial3,3,16,0.002201038784190115,0.00692578391255402,0.9908730400544474,1.3724880843329926e-07
F0+F2a+F3c,validation,session2_participant3_gesture16_trial4,3,16,2.7244985169636223e-05,0.00023217623552394947,0.9997392058103586,1.3729689479235837e-06
F0+F2a+F3c,validation,session2_participant3_gesture16_trial5,3,16,0.0002816851701833598,0.0013578115982377577,0.99835727069618,3.2325353990287468e-06
F0+F2a+F3c,validation,session2_participant3_gesture16_trial6,3,16,1.071477242203296e-05,9.013958013119277e-05,0.9998988417701655,3.0387728138603736e-07
F0+F2a+F3c,validation,session2_participant3_gesture16_trial7,3,16,0.00746741842645595,0.008255199333375885,0.984274347215718,3.0350244501426993e-06
F0+F2a+F3c,validation,session2_participant3_gesture17_trial1,3,17,0.005029649487678554,1.5319482237183024e-06,2.5894127078338897e-06,0.99496622915139
F0+F2a+F3c,validation,session2_participant3_gesture17_trial2,3,17,0.01614769387429547,5.543533670199041e-06,1.0102174933619088e-05,0.9838366604171006
F0+F2a+F3c,validation,session2_participant3_gesture17_trial3,3,17,0.0002697289224886576,6.278133780696878e-07,1.2799814896632915e-05,0.9997168434492367
F0+F2a+F3c,validation,session2_participant3_gesture17_trial4,3,17,0.14545362131826858,2.1127467954023425e-06,3.7663482255766263e-06,0.8545404995867105
F0+F2a+F3c,validation,session2_participant3_gesture17_trial5,3,17,0.0009717074488520954,2.9141949579029996e-06,7.0681171728487806e-06,0.9990183102390172
F0+F2a+F3c,validation,session2_participant3_gesture17_trial6,3,17,2.3013133414669487e-05,5.907155317878072e-07,2.3102274453191293e-05,0.9999532938766003
F0+F2a+F3c,validation,session2_participant3_gesture17_trial7,3,17,0.0001485170158548164,2.488045832241584e-06,7.951680539847873e-06,0.9998410432577732
F0+F2a+F3c,validation,session2_participant4_gesture4_trial1,4,4,0.985062832560389,0.0005949285593254358,0.014327694117137076,1.4544763148508058e-05
F0+F2a+F3c,validation,session2_participant4_gesture4_trial2,4,4,0.9958764612442524,0.002167589351436135,0.001954947418815627,1.0019854957363627e-06
F0+F2a+F3c,validation,session2_participant4_gesture4_trial3,4,4,0.9914403564431932,0.003432260628000674,0.005116548725851093,1.0834202954888769e-05
F0+F2a+F3c,validation,session2_participant4_gesture4_trial4,4,4,0.9804099577394076,0.002138580421125377,0.017429060027779327,2.240181168772692e-05
F0+F2a+F3c,validation,session2_participant4_gesture4_trial5,4,4,0.9806187104732075,0.004673921299888295,0.014706296935942276,1.0712909620236786e-06
F0+F2a+F3c,validation,session2_participant4_gesture4_trial6,4,4,0.7287463275851995,0.004467483937004707,0.26657826656723693,0.00020792191055892854
F0+F2a+F3c,validation,session2_participant4_gesture4_trial7,4,4,0.9801955079043347,0.008822281291740884,0.010977055206809038,5.155597115143718e-06
F0+F2a+F3c,validation,session2_participant4_gesture15_trial1,4,15,0.931467760917826,0.017561641843103586,0.03933316869589639,0.011637428543174023
F0+F2a+F3c,validation,session2_participant4_gesture15_trial2,4,15,0.0002167318530008963,0.9953021259141549,0.004362320979999202,0.00011882125284480571
F0+F2a+F3c,validation,session2_participant4_gesture15_trial3,4,15,0.00044816734469898184,0.9853860266912715,0.01413523086295893,3.057510107058282e-05
F0+F2a+F3c,validation,session2_participant4_gesture15_trial4,4,15,0.003648080608632098,0.9811334634213494,0.015175894319850962,4.256165016744279e-05
F0+F2a+F3c,validation,session2_participant4_gesture15_trial5,4,15,0.20916143740284068,0.6770296442144618,0.11306197077261056,0.0007469476100869442
F0+F2a+F3c,validation,session2_participant4_gesture15_trial6,4,15,7.877857666557209e-05,0.9970810424996471,0.0028386379416333518,1.5409820538255428e-06
F0+F2a+F3c,validation,session2_participant4_gesture15_trial7,4,15,0.008846443148180597,0.8887752094584347,0.09744141287338062,0.004936934520004282
F0+F2a+F3c,validation,session2_participant4_gesture16_trial1,4,16,0.0009155313717628074,0.0003027969816486512,0.34960516514453366,0.6491765065020548
F0+F2a+F3c,validation,session2_participant4_gesture16_trial2,4,16,1.8804207358101376e-06,5.018222057317096e-05,0.9735648429323672,0.02638309442632371
F0+F2a+F3c,validation,session2_participant4_gesture16_trial3,4,16,6.452663529583226e-08,9.976636729301263e-08,0.9999988680239764,9.676830209878654e-07
F0+F2a+F3c,validation,session2_participant4_gesture16_trial4,4,16,3.9063995234120016e-07,2.7463767377413633e-06,0.9999773383419196,1.952464139026427e-05
F0+F2a+F3c,validation,session2_participant4_gesture16_trial5,4,16,4.435317991198602e-08,7.116097840643263e-05,0.9985304587471249,0.0013983359212886388
F0+F2a+F3c,validation,session2_participant4_gesture16_trial6,4,16,1.6642436077612876e-07,0.00014327886894524016,0.9997596835046592,9.687120203484743e-05
F0+F2a+F3c,validation,session2_participant4_gesture16_trial7,4,16,2.9214350776818882e-05,0.00027152837152843366,0.9878411387892341,0.01185811848846086
F0+F2a+F3c,validation,session2_participant4_gesture17_trial1,4,17,0.00045590203699652694,6.12559056651466e-08,0.0003213337808967308,0.9992227029262011
F0+F2a+F3c,validation,session2_participant4_gesture17_trial2,4,17,6.915152828838547e-05,2.7326496456389663e-07,0.0025354877324756803,0.9973950874742714
F0+F2a+F3c,validation,session2_participant4_gesture17_trial3,4,17,5.5622439490331244e-05,1.2056721255516786e-08,0.0003808922525597293,0.9995634732512287
F0+F2a+F3c,validation,session2_participant4_gesture17_trial4,4,17,0.00031602108458990104,2.175024858871288e-08,8.034475952691982e-05,0.9996036124056347
F0+F2a+F3c,validation,session2_participant4_gesture17_trial5,4,17,2.4367455718505805e-05,5.646867158748184e-08,0.0017975550457340137,0.9981780210298759
F0+F2a+F3c,validation,session2_participant4_gesture17_trial6,4,17,0.00017508632743536614,4.36437430055024e-08,0.0037018233732058815,0.9961230466556158
F0+F2a+F3c,validation,session2_participant4_gesture17_trial7,4,17,0.0003574843401782077,8.617419445380353e-08,0.0011175168921172,0.9985249125935102
F0+F2a+F3c,validation,session2_participant5_gesture4_trial1,5,4,0.9707470608668257,0.015349524110135921,0.013896220876977786,7.194146060465212e-06
F0+F2a+F3c,validation,session2_participant5_gesture4_trial2,5,4,0.40780396301648064,0.26724135369455243,0.3249001502674476,5.453302151928442e-05
F0+F2a+F3c,validation,session2_participant5_gesture4_trial3,5,4,0.7753706262269398,0.05047038460781004,0.17246642213715466,0.0016925670280956986
F0+F2a+F3c,validation,session2_participant5_gesture4_trial4,5,4,0.8883153208302692,0.04363642464952314,0.06802994176728447,1.8312752923170405e-05
F0+F2a+F3c,validation,session2_participant5_gesture4_trial5,5,4,0.996320045132769,0.003083921959252956,0.0005937673312085864,2.2655767694420257e-06
F0+F2a+F3c,validation,session2_participant5_gesture4_trial6,5,4,0.9779090165061807,0.009648200807672399,0.012322667775342362,0.00012011491080472845
F0+F2a+F3c,validation,session2_participant5_gesture4_trial7,5,4,0.9258566235019805,0.008480828147343066,0.06533742633596284,0.00032512201471338666
F0+F2a+F3c,validation,session2_participant5_gesture15_trial1,5,15,0.012352759090606978,0.6300391275127101,0.35097489589848235,0.006633217498200706
F0+F2a+F3c,validation,session2_participant5_gesture15_trial2,5,15,0.011616556439689184,0.9765289258148488,0.011844242648051189,1.027509741089802e-05
F0+F2a+F3c,validation,session2_participant5_gesture15_trial3,5,15,0.000643617727365055,0.9946916673839039,0.004591501581947229,7.321330678395228e-05
F0+F2a+F3c,validation,session2_participant5_gesture15_trial4,5,15,0.007057664024898309,0.9836245423699415,0.008885410029849128,0.0004323835753110539
F0+F2a+F3c,validation,session2_participant5_gesture15_trial5,5,15,0.013575028452837059,0.8797459726052436,0.10654667517586904,0.00013232376605031845
F0+F2a+F3c,validation,session2_participant5_gesture15_trial6,5,15,0.009994580837303068,0.9420827596311112,0.046490984476077454,0.001431675055508113
F0+F2a+F3c,validation,session2_participant5_gesture15_trial7,5,15,0.5811687039586801,0.36696900821091166,0.051812604282211794,4.968354819644237e-05
F0+F2a+F3c,validation,session2_participant5_gesture16_trial1,5,16,1.8969087694433002e-10,0.012961522597244398,0.9870220057717143,1.647144135029754e-05
F0+F2a+F3c,validation,session2_participant5_gesture16_trial2,5,16,1.4153946650993175e-09,0.0023455707667558237,0.9976536842920556,7.435257938590015e-07
F0+F2a+F3c,validation,session2_participant5_gesture16_trial3,5,16,1.1059619227217762e-05,0.009453186105052483,0.9905342356315027,1.5186442176018457e-06
F0+F2a+F3c,validation,session2_participant5_gesture16_trial4,5,16,2.1390385369895453e-05,0.012597216815829673,0.9873812623554568,1.304433437919391e-07
F0+F2a+F3c,validation,session2_participant5_gesture16_trial5,5,16,1.936503718204219e-06,0.032621823744909545,0.9673543198123886,2.1919938983641124e-05
F0+F2a+F3c,validation,session2_participant5_gesture16_trial6,5,16,4.754659868975925e-06,0.0021954933359797702,0.9977991532639763,5.987401748554471e-07
F0+F2a+F3c,validation,session2_participant5_gesture16_trial7,5,16,2.5211160555952332e-11,0.00016206721206751245,0.9998346945866645,3.238176056777987e-06
F0+F2a+F3c,validation,session2_participant5_gesture17_trial1,5,17,1.9069322199340782e-07,7.315663430658826e-10,0.0028753158824974642,0.9971244926927142
F0+F2a+F3c,validation,session2_participant5_gesture17_trial2,5,17,3.545201380329648e-08,2.554391233696522e-10,0.00318758172107436,0.9968123825714728
F0+F2a+F3c,validation,session2_participant5_gesture17_trial3,5,17,1.1600896793863063e-07,3.754725827244821e-10,0.0009355043224781016,0.9990643792930813
F0+F2a+F3c,validation,session2_participant5_gesture17_trial4,5,17,1.7409982671524107e-08,1.9998951886471395e-09,0.001584366295447057,0.9984156142946751
F0+F2a+F3c,validation,session2_participant5_gesture17_trial5,5,17,4.0932556755952666e-07,3.404713851017404e-08,0.0015938731998847622,0.9984056834274092
F0+F2a+F3c,validation,session2_participant5_gesture17_trial6,5,17,7.628237205966076e-07,3.6042297484448632e-09,0.0011815703684983569,0.9988176632035513
F0+F2a+F3c,validation,session2_participant5_gesture17_trial7,5,17,1.5960391922196283e-08,1.2057108402822613e-09,0.004811074800388328,0.9951889080335089
F0+F2a+F3c,validation,session2_participant6_gesture4_trial1,6,4,0.08423462796349113,0.3073666957908648,0.6004846157440639,0.007914060501580153
F0+F2a+F3c,validation,session2_participant6_gesture4_trial2,6,4,0.06319923895986468,0.013906676931167166,0.13492038428797382,0.7879736998209943
F0+F2a+F3c,validation,session2_participant6_gesture4_trial3,6,4,0.11218818081249557,0.12795248316612598,0.21428746184097233,0.5455718741804062
F0+F2a+F3c,validation,session2_participant6_gesture4_trial4,6,4,0.42713453131631934,0.029358689690465796,0.31212158580109384,0.2313851931921209
F0+F2a+F3c,validation,session2_participant6_gesture4_trial5,6,4,0.0704697239885106,0.1307175031822836,0.7949896946273337,0.003823078201872181
F0+F2a+F3c,validation,session2_participant6_gesture4_trial6,6,4,0.2190788022693314,0.4447396813719662,0.31767724643006084,0.018504269928641723
F0+F2a+F3c,validation,session2_participant6_gesture4_trial7,6,4,0.2464038865881494,0.04230155058321767,0.26658641397300037,0.4447081488556325
F0+F2a+F3c,validation,session2_participant6_gesture15_trial1,6,15,1.1132285196170858e-09,0.9997386740262184,0.000260303517752273,1.0213428007194597e-06
F0+F2a+F3c,validation,session2_participant6_gesture15_trial2,6,15,3.716072019583271e-09,0.9997011278480926,0.0002855914853831531,1.3276950452242478e-05
F0+F2a+F3c,validation,session2_participant6_gesture15_trial3,6,15,5.279621483572397e-10,0.9989897289211352,0.0006454581315327403,0.0003648124193696868
F0+F2a+F3c,validation,session2_participant6_gesture15_trial4,6,15,6.901270923858598e-08,0.9930631632106818,0.006908127262469238,2.864051413975455e-05
F0+F2a+F3c,validation,session2_participant6_gesture15_trial5,6,15,1.2190339175396085e-10,0.9998597109608263,0.00014021471404352854,7.420322684178136e-08
F0+F2a+F3c,validation,session2_participant6_gesture15_trial6,6,15,9.641683205564167e-07,0.9872491385696759,0.011534439594707246,0.0012154576672964424
F0+F2a+F3c,validation,session2_participant6_gesture15_trial7,6,15,6.527014411494561e-09,0.9997272107531321,0.0002698989363411897,2.883783512037344e-06
F0+F2a+F3c,validation,session2_participant6_gesture16_trial1,6,16,1.0518407206158333e-06,8.157989412087183e-07,0.9999981239364646,8.423873661755358e-09
F0+F2a+F3c,validation,session2_participant6_gesture16_trial2,6,16,9.957713612726013e-07,5.7129273889690944e-06,0.9999912382707494,2.053030500366787e-06
F0+F2a+F3c,validation,session2_participant6_gesture16_trial3,6,16,0.00010708846406374379,0.0008957908787272332,0.7903596384715043,0.20863748218570474
F0+F2a+F3c,validation,session2_participant6_gesture16_trial4,6,16,5.310457961530368e-05,0.0011050286153551088,0.9988311393119582,1.0727493071416434e-05
F0+F2a+F3c,validation,session2_participant6_gesture16_trial5,6,16,0.00010468552198081525,1.6115828241295854e-05,0.9998791672829773,3.1366800556810873e-08
F0+F2a+F3c,validation,session2_participant6_gesture16_trial6,6,16,6.362653070492436e-05,0.0025589709993063836,0.9970717791485445,0.0003056233214440145
F0+F2a+F3c,validation,session2_participant6_gesture16_trial7,6,16,8.217687345875662e-06,1.1837445111806805e-05,0.9999798949741168,4.989342535679987e-08
F0+F2a+F3c,validation,session2_participant6_gesture17_trial1,6,17,5.708806354790998e-05,3.7823454730136365e-08,0.00020565289930137346,0.999737221213696
F0+F2a+F3c,validation,session2_participant6_gesture17_trial2,6,17,3.320933161961255e-05,1.3547204471507952e-08,0.00010109963311380405,0.9998656774880621
F0+F2a+F3c,validation,session2_participant6_gesture17_trial3,6,17,2.1797237584829518e-09,4.123159128652044e-07,8.426318015129482e-05,0.999915322324212
F0+F2a+F3c,validation,session2_participant6_gesture17_trial4,6,17,6.111466760936304e-06,4.558537129523038e-08,0.0004065179077040717,0.9995873250401637
F0+F2a+F3c,validation,session2_participant6_gesture17_trial5,6,17,1.1929633757913594e-05,3.495824705734856e-08,0.0004524368287810322,0.999535598579214
F0+F2a+F3c,validation,session2_participant6_gesture17_trial6,6,17,4.86611346066628e-06,2.3326365666952614e-09,0.00017812459586801594,0.9998170069580348
F0+F2a+F3c,validation,session2_participant6_gesture17_trial7,6,17,1.0525243504090577e-05,2.2187024917967797e-09,0.0003148877266009994,0.9996745848111924
F0+F2a+F3c,validation,session2_participant7_gesture4_trial1,7,4,0.9483939271917189,0.04432554219741384,0.00728007238721081,4.582236564234659e-07
F0+F2a+F3c,validation,session2_participant7_gesture4_trial2,7,4,0.9147289745335432,0.06964069837936179,0.015434976003958566,0.00019535108313665044
F0+F2a+F3c,validation,session2_participant7_gesture4_trial3,7,4,0.8809109074523831,0.11683315678381638,0.0022465741523441905,9.361611456131322e-06
F0+F2a+F3c,validation,session2_participant7_gesture4_trial4,7,4,0.12462117380100268,0.8518531478780833,0.02352557205452508,1.0626638895044949e-07
F0+F2a+F3c,validation,session2_participant7_gesture4_trial5,7,4,0.8497991733922,0.14411219427857716,0.006084028232599881,4.604096623094149e-06
F0+F2a+F3c,validation,session2_participant7_gesture4_trial6,7,4,0.8772049782358892,0.11594000143742597,0.006854965425402541,5.490128234154573e-08
F0+F2a+F3c,validation,session2_participant7_gesture4_trial7,7,4,0.96467654324726,0.03223964162815347,0.003083360677472774,4.54447113765484e-07
F0+F2a+F3c,validation,session2_participant7_gesture15_trial1,7,15,0.00038306615395039507,0.9871200210113695,0.012493463877772332,3.448956907766882e-06
F0+F2a+F3c,validation,session2_participant7_gesture15_trial2,7,15,0.0013064242820303258,0.9948843233234562,0.003807094714563721,2.1576799496713394e-06
F0+F2a+F3c,validation,session2_participant7_gesture15_trial3,7,15,0.007524281344300215,0.9883764655359769,0.004093743209275356,5.509910447672196e-06
F0+F2a+F3c,validation,session2_participant7_gesture15_trial4,7,15,1.9374391932562855e-05,0.9999023024800162,7.830926468186548e-05,1.3863369205735914e-08
F0+F2a+F3c,validation,session2_participant7_gesture15_trial5,7,15,0.003338761503951288,0.9771534443328225,0.019491848110195994,1.5946053030398062e-05
F0+F2a+F3c,validation,session2_participant7_gesture15_trial6,7,15,3.60013840066968e-05,0.9997932118430476,0.0001707803287269523,6.444218731760487e-09
F0+F2a+F3c,validation,session2_participant7_gesture15_trial7,7,15,0.003109596886644546,0.9849716441831213,0.011912911358388734,5.847571845222832e-06
F0+F2a+F3c,validation,session2_participant7_gesture16_trial1,7,16,1.4394475035631802e-07,2.71443666457272e-05,0.9999365340654747,3.617762312922759e-05
F0+F2a+F3c,validation,session2_participant7_gesture16_trial2,7,16,5.559955339003492e-06,0.0005318397345736666,0.9994625943061437,6.003943527161076e-09
F0+F2a+F3c,validation,session2_participant7_gesture16_trial3,7,16,9.969750456979799e-05,0.004851955038621414,0.9950482529981156,9.445869321069264e-08
F0+F2a+F3c,validation,session2_participant7_gesture16_trial4,7,16,1.9290223277166865e-07,1.442445559268721e-05,0.9999853789526283,3.6895461447641258e-09
F0+F2a+F3c,validation,session2_participant7_gesture16_trial5,7,16,2.037565183228607e-06,0.000239335542753818,0.9997586246537622,2.2383008109812175e-09
F0+F2a+F3c,validation,session2_participant7_gesture16_trial6,7,16,3.1344577814160713e-06,0.0008164152169329217,0.9991804145845041,3.57407814790333e-08
F0+F2a+F3c,validation,session2_participant7_gesture16_trial7,7,16,2.7186784994317668e-08,6.917574497352029e-06,0.9999930505376693,4.7010485110482775e-09
F0+F2a+F3c,validation,session2_participant7_gesture17_trial1,7,17,7.71081825602094e-05,2.9157450752782556e-07,4.898583033727333e-05,0.999873614412595
F0+F2a+F3c,validation,session2_participant7_gesture17_trial2,7,17,5.802933296718373e-06,1.2984206257815253e-08,0.00018875944574951037,0.9998054246367475
F0+F2a+F3c,validation,session2_participant7_gesture17_trial3,7,17,2.1847868440050674e-07,5.592110292905411e-10,0.00025991872023869094,0.9997398622418658
F0+F2a+F3c,validation,session2_participant7_gesture17_trial4,7,17,1.549553139723562e-08,6.393418621546865e-08,0.0028674688773060596,0.9971324516929763
F0+F2a+F3c,validation,session2_participant7_gesture17_trial5,7,17,2.150594639668283e-07,8.34255005163431e-09,0.00023249303673984723,0.999767283561246
F0+F2a+F3c,validation,session2_participant7_gesture17_trial6,7,17,6.154359448648764e-08,1.3835858075122044e-09,4.376906097566987e-05,0.9999561680118442
F0+F2a+F3c,validation,session2_participant7_gesture17_trial7,7,17,1.1257265247355802e-05,1.5876178534416925e-07,0.00010353241871789742,0.9998850515542493
F0+F2a+F3c,validation,session2_participant8_gesture4_trial1,8,4,0.9592510792380032,0.040482217970177335,0.0002629888404719077,3.7139513475978703e-06
F0+F2a+F3c,validation,session2_participant8_gesture4_trial2,8,4,0.8605896673628451,0.13814920462433541,0.0012608260653886058,3.0194743083772344e-07
F0+F2a+F3c,validation,session2_participant8_gesture4_trial3,8,4,0.9715478999223582,0.027536699339462165,0.0009143493332120427,1.051404967493673e-06
F0+F2a+F3c,validation,session2_participant8_gesture4_trial4,8,4,0.9781701188699992,0.021157852575956614,0.0006705150743938329,1.513479650400118e-06
F0+F2a+F3c,validation,session2_participant8_gesture4_trial5,8,4,0.9285144707113123,0.06975549706030114,0.0017135812494102525,1.6450978976396985e-05
F0+F2a+F3c,validation,session2_participant8_gesture4_trial6,8,4,0.9745758085694026,0.024783995993990605,0.0006387443244822462,1.451112124654863e-06
F0+F2a+F3c,validation,session2_participant8_gesture4_trial7,8,4,0.9249180898264604,0.07351549191438153,0.0015431729292241269,2.324532993406749e-05
F0+F2a+F3c,validation,session2_participant8_gesture15_trial1,8,15,0.1650212765580081,0.832830611831301,0.0021469576224307425,1.1539882600812636e-06
F0+F2a+F3c,validation,session2_participant8_gesture15_trial2,8,15,0.09544834109028,0.9008215475947385,0.0036891878111009334,4.092350388053216e-05
F0+F2a+F3c,validation,session2_participant8_gesture15_trial3,8,15,0.20566506938768228,0.7938513212999095,0.00048315780514222623,4.515072661120109e-07
F0+F2a+F3c,validation,session2_participant8_gesture15_trial4,8,15,0.5482164576314728,0.4483661877208614,0.0033357606468802105,8.159400078563727e-05
F0+F2a+F3c,validation,session2_participant8_gesture15_trial5,8,15,0.31104547724206444,0.6872474111072696,0.001700074997899534,7.036652766232371e-06
F0+F2a+F3c,validation,session2_participant8_gesture15_trial6,8,15,0.3476697193713349,0.6447703973021557,0.007555478971041468,4.4043554680085054e-06
F0+F2a+F3c,validation,session2_participant8_gesture15_trial7,8,15,0.36795320451899105,0.6303185554066761,0.0017234698170158049,4.770257317114843e-06
F0+F2a+F3c,validation,session2_participant8_gesture16_trial1,8,16,7.637216914923445e-08,0.3301257960088562,0.6698718288096053,2.298809369478859e-06
F0+F2a+F3c,validation,session2_participant8_gesture16_trial2,8,16,4.861622419741375e-06,0.20212217157741774,0.7978560530836583,1.691371650439436e-05
F0+F2a+F3c,validation,session2_participant8_gesture16_trial3,8,16,1.0962455656713698e-11,6.301680419116129e-05,0.9999369658607534,1.7324092914558417e-08
F0+F2a+F3c,validation,session2_participant8_gesture16_trial4,8,16,2.510548680314473e-09,0.009162995578076798,0.9908367047866216,2.971247530450978e-07
F0+F2a+F3c,validation,session2_participant8_gesture16_trial5,8,16,2.233442629561519e-08,0.05502307402789883,0.9449754929569492,1.410680725718722e-06
F0+F2a+F3c,validation,session2_participant8_gesture16_trial6,8,16,3.99433089596055e-08,0.08514721348251604,0.9148348246587782,1.7921915396798144e-05
F0+F2a+F3c,validation,session2_participant8_gesture16_trial7,8,16,1.9149774575700874e-07,0.14184019726047156,0.858158691540617,9.197011657318307e-07
F0+F2a+F3c,validation,session2_participant8_gesture17_trial1,8,17,3.4811445288462206e-05,2.4623541578316164e-05,0.008475483914233625,0.9914650810988996
F0+F2a+F3c,validation,session2_participant8_gesture17_trial2,8,17,0.003921600424048193,6.227577589343129e-05,0.005014722214877857,0.9910014015851805
F0+F2a+F3c,validation,session2_participant8_gesture17_trial3,8,17,1.0399917504979717e-05,3.026769314725154e-06,0.0017416725592707862,0.9982449007539095
F0+F2a+F3c,validation,session2_participant8_gesture17_trial4,8,17,1.859635553796271e-05,1.6132671793804438e-05,0.004567218912328009,0.9953980520603403
F0+F2a+F3c,validation,session2_participant8_gesture17_trial5,8,17,2.3202788682301152e-07,9.197403332852407e-07,0.002557035393081254,0.9974418128386987
F0+F2a+F3c,validation,session2_participant8_gesture17_trial6,8,17,0.0005247567556635674,0.00011876318861039374,0.008676503621294785,0.9906799764344313
F0+F2a+F3c,validation,session2_participant8_gesture17_trial7,8,17,5.768640496785456e-09,1.6663581538847636e-07,0.000288501512894932,0.9997113260826492
F0+F2a+F3c,final,session3_participant1_gesture4_trial1,1,4,0.9427716747462606,0.0541984321235089,0.0007439779755509404,0.002285915154679723
F0+F2a+F3c,final,session3_participant1_gesture4_trial2,1,4,0.9302600393940069,0.05142558594823898,0.004431247615475098,0.013883127042279097
F0+F2a+F3c,final,session3_participant1_gesture4_trial3,1,4,0.883866067109212,0.11230776160035681,0.0009458167149183825,0.002880354575512955
F0+F2a+F3c,final,session3_participant1_gesture4_trial4,1,4,0.9928348916142794,0.0046758225291863974,0.0003446839271040462,0.0021446019294301386
F0+F2a+F3c,final,session3_participant1_gesture4_trial5,1,4,0.8373319304668785,0.16085798625236705,0.0009629538994609842,0.0008471293812935702
F0+F2a+F3c,final,session3_participant1_gesture4_trial6,1,4,0.706477244728055,0.2058638825626773,0.08638089705481522,0.0012779756544526052
F0+F2a+F3c,final,session3_participant1_gesture4_trial7,1,4,0.9505497470670032,0.044779845841441436,0.003506037855074743,0.0011643692364807351
F0+F2a+F3c,final,session3_participant1_gesture15_trial1,1,15,0.008977224490038791,0.9655589132206956,0.011633193735857137,0.013830668553408637
F0+F2a+F3c,final,session3_participant1_gesture15_trial2,1,15,0.020000115302964635,0.9681329479181648,0.008923784581550494,0.0029431521973202275
F0+F2a+F3c,final,session3_participant1_gesture15_trial3,1,15,0.1105811662476329,0.7731674202494507,0.012613810502545895,0.1036376030003705
F0+F2a+F3c,final,session3_participant1_gesture15_trial4,1,15,0.022354741350560883,0.9625436273123434,0.013472967887605334,0.001628663449490608
F0+F2a+F3c,final,session3_participant1_gesture15_trial5,1,15,0.016742018853331105,0.9339122380797888,0.022278037320909376,0.027067705745970762
F0+F2a+F3c,final,session3_participant1_gesture15_trial6,1,15,0.11510719292360426,0.8800242733169334,0.00476340025182134,0.00010513350764104229
F0+F2a+F3c,final,session3_participant1_gesture15_trial7,1,15,0.3389251175644317,0.5674246485350136,0.021138409671456408,0.07251182422909812
F0+F2a+F3c,final,session3_participant1_gesture16_trial1,1,16,3.6346829606555757e-06,0.0004311393383629432,0.9995498012781778,1.542470049858597e-05
F0+F2a+F3c,final,session3_participant1_gesture16_trial2,1,16,1.6769206524590433e-05,0.0005222621865482813,0.9994569469700212,4.021636905859877e-06
F0+F2a+F3c,final,session3_participant1_gesture16_trial3,1,16,2.0754370668350605e-05,0.0009785490510638836,0.9977555566893443,0.001245139888923392
F0+F2a+F3c,final,session3_participant1_gesture16_trial4,1,16,6.677379822775247e-05,0.0017091363433364118,0.998222860550107,1.229308328841807e-06
F0+F2a+F3c,final,session3_participant1_gesture16_trial5,1,16,4.102033812198105e-10,1.979711446722493e-06,0.9999969220764108,1.0978019390433698e-06
F0+F2a+F3c,final,session3_participant1_gesture16_trial6,1,16,2.452630619448689e-06,0.00012228659193942693,0.9998719435147632,3.317262678043083e-06
F0+F2a+F3c,final,session3_participant1_gesture16_trial7,1,16,1.5168392498575856e-10,5.869756377082659e-07,0.9999982717343581,1.1411383203124855e-06
F0+F2a+F3c,final,session3_participant1_gesture17_trial1,1,17,0.0009141214257644046,1.1606558213677197e-05,0.0004903844664791712,0.9985838875495426
F0+F2a+F3c,final,session3_participant1_gesture17_trial2,1,17,0.009687212955724124,0.0003960061991065187,0.00013581579920529815,0.989780965045964
F0+F2a+F3c,final,session3_participant1_gesture17_trial3,1,17,0.00018196411856127308,1.4844485484884982e-05,0.0004451470215669832,0.9993580443743868
F0+F2a+F3c,final,session3_participant1_gesture17_trial4,1,17,8.866483465416543e-06,5.7968066137374424e-05,0.0011827951195366882,0.9987503703308604
F0+F2a+F3c,final,session3_participant1_gesture17_trial5,1,17,0.0004355188209027214,0.000174533399805879,0.0008808003002934398,0.998509147478998
F0+F2a+F3c,final,session3_participant1_gesture17_trial6,1,17,8.517745309581399e-05,7.18566532712885e-05,0.0003483742224630887,0.9994945916711699
F0+F2a+F3c,final,session3_participant1_gesture17_trial7,1,17,0.00031770668778063736,1.6298621931504485e-05,0.00015496002412118478,0.9995110346661668
F0+F2a+F3c,final,session3_participant2_gesture4_trial1,2,4,1.119327965567566e-06,0.9916042062464215,0.0016570933888150757,0.006737581036797852
F0+F2a+F3c,final,session3_participant2_gesture4_trial2,2,4,1.212991980080612e-06,0.9712297399819038,0.006664436330936616,0.022104610695179487
F0+F2a+F3c,final,session3_participant2_gesture4_trial3,2,4,3.761817438762746e-06,0.7024605028744764,0.014759407212390224,0.2827763280956947
F0+F2a+F3c,final,session3_participant2_gesture4_trial4,2,4,6.434178335934389e-09,0.9980259062332202,0.0011062163230759299,0.000867871009525355
F0+F2a+F3c,final,session3_participant2_gesture4_trial5,2,4,8.15213872023925e-06,0.33874064304726226,0.0026827243459025085,0.6585684804681149
F0+F2a+F3c,final,session3_participant2_gesture4_trial6,2,4,0.00013274479439317048,0.70331720466506,0.06465825417651881,0.23189179636402804
F0+F2a+F3c,final,session3_participant2_gesture4_trial7,2,4,9.624023873825207e-06,0.7189850437586488,0.005991345658926362,0.275013986558551
F0+F2a+F3c,final,session3_participant2_gesture15_trial1,2,15,7.567076653184877e-12,0.9999240360065887,5.5559886787574715e-05,2.040409905637842e-05
F0+F2a+F3c,final,session3_participant2_gesture15_trial2,2,15,3.794584838838127e-11,0.9997067213555101,0.00025960321522054843,3.3675391323290394e-05
F0+F2a+F3c,final,session3_participant2_gesture15_trial3,2,15,1.7257929387959136e-10,0.9941061097497218,0.0006761617342886606,0.005217728343410198
F0+F2a+F3c,final,session3_participant2_gesture15_trial4,2,15,2.702288726330119e-11,0.969931013598396,0.0017333743859307017,0.028335611988650488
F0+F2a+F3c,final,session3_participant2_gesture15_trial5,2,15,3.359344628991824e-10,0.9938083696777162,0.0022945663618176427,0.0038970636245316166
F0+F2a+F3c,final,session3_participant2_gesture15_trial6,2,15,3.8918719091858585e-10,0.9927267099817627,0.0006519944655213518,0.006621295163528798
F0+F2a+F3c,final,session3_participant2_gesture15_trial7,2,15,1.0204273442666209e-09,0.9996966260142256,0.00017570355139769097,0.0001276694139495033
F0+F2a+F3c,final,session3_participant2_gesture16_trial1,2,16,4.017095056214873e-06,0.000489933746088391,0.999506021064806,2.8094049390223578e-08
F0+F2a+F3c,final,session3_participant2_gesture16_trial2,2,16,0.00017145603025751495,0.0016685411800823075,0.9981485323924667,1.1470397193423729e-05
F0+F2a+F3c,final,session3_participant2_gesture16_trial3,2,16,6.3903735414082405e-06,0.0007267432557378148,0.9992633845490657,3.4818216551362145e-06
F0+F2a+F3c,final,session3_participant2_gesture16_trial4,2,16,1.3633964452911244e-05,0.0005601252284357311,0.9994257751140991,4.6569301220413076e-07
F0+F2a+F3c,final,session3_participant2_gesture16_trial5,2,16,0.00038987107611108745,0.005007238967687628,0.9946023938275583,4.961286429237406e-07
F0+F2a+F3c,final,session3_participant2_gesture16_trial6,2,16,1.0678322122828836e-05,3.903360674754075e-05,0.9999498080663597,4.800047698991691e-07
F0+F2a+F3c,final,session3_participant2_gesture16_trial7,2,16,3.065985153404551e-07,0.00012273635752193802,0.9998749131617164,2.0438822463481917e-06
F0+F2a+F3c,final,session3_participant2_gesture17_trial1,2,17,4.022558172084779e-10,3.7520858397511804e-05,4.0495567989842476e-06,0.9999584291825476
F0+F2a+F3c,final,session3_participant2_gesture17_trial2,2,17,1.1950743845681025e-10,1.5403118353215127e-06,1.7426749853956504e-06,0.9999967168936718
F0+F2a+F3c,final,session3_participant2_gesture17_trial3,2,17,4.529387296141147e-09,8.682320234882831e-07,1.0851763272459091e-06,0.999998042062262
F0+F2a+F3c,final,session3_participant2_gesture17_trial4,2,17,1.8627848120752355e-09,4.719146765482414e-06,1.9053897084708764e-06,0.9999933736007413
F0+F2a+F3c,final,session3_participant2_gesture17_trial5,2,17,2.3606247675464692e-08,8.43810131250952e-06,8.04178607262681e-07,0.9999907341138324
F0+F2a+F3c,final,session3_participant2_gesture17_trial6,2,17,2.1408921576866744e-08,3.811622683086801e-05,1.0535005602929655e-06,0.9999608088636873
F0+F2a+F3c,final,session3_participant2_gesture17_trial7,2,17,5.599204051309867e-09,1.0484083425116277e-05,1.700528357378557e-06,0.9999878097890135
F0+F2a+F3c,final,session3_participant3_gesture4_trial1,3,4,0.4655619535857238,0.39720629497629756,0.13722970604042953,2.0453975489817505e-06
F0+F2a+F3c,final,session3_participant3_gesture4_trial2,3,4,0.3356897749701639,0.135385748917494,0.528916324275966,8.151836375998588e-06
F0+F2a+F3c,final,session3_participant3_gesture4_trial3,3,4,0.9825734561110303,0.014206373093521511,0.0032198937802917693,2.770151566139637e-07
F0+F2a+F3c,final,session3_participant3_gesture4_trial4,3,4,0.9454375988011854,0.04492482672082508,0.00963713925292164,4.352250678493806e-07
F0+F2a+F3c,final,session3_participant3_gesture4_trial5,3,4,0.9520616265225592,0.04665509968681363,0.0012827576752092752,5.161154181520404e-07
F0+F2a+F3c,final,session3_participant3_gesture4_trial6,3,4,0.957154418724597,0.0384036512768081,0.004439139076390528,2.790922204515342e-06
F0+F2a+F3c,final,session3_participant3_gesture4_trial7,3,4,0.940487861227462,0.0387867287644471,0.020724043750090487,1.366258000510617e-06
F0+F2a+F3c,final,session3_participant3_gesture15_trial1,3,15,0.0012560563551078446,0.9973883224775165,0.0013554864023034858,1.3476507213848377e-07
F0+F2a+F3c,final,session3_participant3_gesture15_trial2,3,15,0.1977183869734328,0.6669253142570013,0.1349803479569014,0.0003759508126644338
F0+F2a+F3c,final,session3_participant3_gesture15_trial3,3,15,0.028025149098214512,0.9620242290910374,0.009950360440665919,2.613700822095265e-07
F0+F2a+F3c,final,session3_participant3_gesture15_trial4,3,15,0.0010393685412110074,0.9978308528168792,0.001129744656701488,3.3985208451859946e-08
F0+F2a+F3c,final,session3_participant3_gesture15_trial5,3,15,0.031755577051382065,0.9606974406566104,0.007546871108759261,1.1118324808818388e-07
F0+F2a+F3c,final,session3_participant3_gesture15_trial6,3,15,0.06755717797773375,0.8798691513337343,0.052569297417116266,4.373271415584846e-06
F0+F2a+F3c,final,session3_participant3_gesture15_trial7,3,15,0.0463329090295766,0.9260500154312318,0.02761702652505707,4.901413461847454e-08
F0+F2a+F3c,final,session3_participant3_gesture16_trial1,3,16,2.5346545185669653e-06,0.000984888698810571,0.998968650267865,4.392637880592733e-05
F0+F2a+F3c,final,session3_participant3_gesture16_trial2,3,16,0.0004684644811303934,0.0014070727710543346,0.9969648727556458,0.001159589992169491
F0+F2a+F3c,final,session3_participant3_gesture16_trial3,3,16,1.7717708302320137e-05,0.003090403543208096,0.9968707313339712,2.1147414518304467e-05
F0+F2a+F3c,final,session3_participant3_gesture16_trial4,3,16,4.45466343470182e-05,0.007523739833283876,0.9923831618110592,4.8551721309807534e-05
F0+F2a+F3c,final,session3_participant3_gesture16_trial5,3,16,0.0383548192226047,0.6900787496453074,0.27155432148513164,1.2109646956276849e-05
F0+F2a+F3c,final,session3_participant3_gesture16_trial6,3,16,4.443692757593838e-06,0.014434917824668622,0.9855543614990335,6.2769835402849624e-06
F0+F2a+F3c,final,session3_participant3_gesture16_trial7,3,16,2.9339669520376197e-05,0.016594243348034134,0.9833720111812964,4.405801149003841e-06
F0+F2a+F3c,final,session3_participant3_gesture17_trial1,3,17,1.6547201801561524e-05,5.3595603718212025e-06,0.0001031464937645454,0.999874946744062
F0+F2a+F3c,final,session3_participant3_gesture17_trial2,3,17,0.0010083600189120226,0.0004265436925620599,1.3611008516149268e-05,0.9985514852800098
F0+F2a+F3c,final,session3_participant3_gesture17_trial3,3,17,1.3785475511792566e-05,2.729723055269754e-05,2.3478792779505174e-05,0.9999354385011561
F0+F2a+F3c,final,session3_participant3_gesture17_trial4,3,17,0.0005599345486722116,9.753431792851137e-06,0.00028520605666673086,0.9991451059628683
F0+F2a+F3c,final,session3_participant3_gesture17_trial5,3,17,5.8031481857488874e-05,4.954892670534019e-06,0.0004098698898189764,0.999527143735653
F0+F2a+F3c,final,session3_participant3_gesture17_trial6,3,17,0.0004069829983395931,4.680425121261964e-05,0.0003931460548537916,0.999153066695594
F0+F2a+F3c,final,session3_participant3_gesture17_trial7,3,17,4.0001372703545976e-06,1.159963599545656e-05,0.0009492004093994915,0.9990351998173348
F0+F2a+F3c,final,session3_participant4_gesture4_trial1,4,4,0.4749172229780925,0.02149036434037299,0.5023159189431948,0.001276493738339642
F0+F2a+F3c,final,session3_participant4_gesture4_trial2,4,4,0.4195039194414631,0.14865617848047685,0.4087363640301413,0.02310353804791876
F0+F2a+F3c,final,session3_participant4_gesture4_trial3,4,4,0.21959498566211352,0.13479856944006208,0.6436255848722697,0.0019808600255546743
F0+F2a+F3c,final,session3_participant4_gesture4_trial4,4,4,0.17163433252972268,0.6379748945419561,0.19031539947573542,7.537345258582124e-05
F0+F2a+F3c,final,session3_participant4_gesture4_trial5,4,4,5.201514593717322e-06,0.0004726905793427124,0.007307473290832591,0.992214634615231
F0+F2a+F3c,final,session3_participant4_gesture4_trial6,4,4,0.023811319300043557,0.2893476650346636,0.6846703463638744,0.002170669301418442
F0+F2a+F3c,final,session3_participant4_gesture4_trial7,4,4,0.2154537160062453,0.12056757168734988,0.10196518573216753,0.5620135265742373
F0+F2a+F3c,final,session3_participant4_gesture15_trial1,4,15,5.47896063945797e-11,0.9781664926443668,0.02100931810081246,0.0008241892000311385
F0+F2a+F3c,final,session3_participant4_gesture15_trial2,4,15,2.32570644011863e-07,0.9385566656266614,0.05596384637393632,0.00547925542875835
F0+F2a+F3c,final,session3_participant4_gesture15_trial3,4,15,4.9473315803396053e-08,0.9814770543238592,0.01506559963085207,0.003457296571972953
F0+F2a+F3c,final,session3_participant4_gesture15_trial4,4,15,4.452403340715029e-06,0.5628044652983628,0.435006049874233,0.002185032424063492
F0+F2a+F3c,final,session3_participant4_gesture15_trial5,4,15,0.004723802166667325,0.3377276921744079,0.16218642061988833,0.4953620850390365
F0+F2a+F3c,final,session3_participant4_gesture15_trial6,4,15,9.040535903768421e-05,0.9752201768711791,0.02402390337938336,0.0006655143903997246
F0+F2a+F3c,final,session3_participant4_gesture15_trial7,4,15,1.4186093774263884e-06,0.9092772481346653,0.06170599743286822,0.02901533582308907
F0+F2a+F3c,final,session3_participant4_gesture16_trial1,4,16,6.161342431573406e-07,0.0007119529690460254,0.9991945303522853,9.29005444254888e-05
F0+F2a+F3c,final,session3_participant4_gesture16_trial2,4,16,8.320114032888947e-08,9.50363393408164e-05,0.9998536392957498,5.12411637688968e-05
F0+F2a+F3c,final,session3_participant4_gesture16_trial3,4,16,5.697013092201675e-06,1.0027307922830128e-05,0.998576013439024,0.0014082622399609252
F0+F2a+F3c,final,session3_participant4_gesture16_trial4,4,16,3.8485588169084904e-10,2.114374544729647e-06,0.9999959155094953,1.9697311039388422e-06
F0+F2a+F3c,final,session3_participant4_gesture16_trial5,4,16,4.931843236801836e-05,0.00013015353211539215,0.9997048975000515,0.00011563053546512544
F0+F2a+F3c,final,session3_participant4_gesture16_trial6,4,16,7.905154341911372e-05,8.030587611674999e-06,0.9997429161681635,0.0001700017008057412
F0+F2a+F3c,final,session3_participant4_gesture16_trial7,4,16,7.238511914533188e-06,1.5934013001721956e-05,0.9977158406413537,0.0022609868337302983
F0+F2a+F3c,final,session3_participant4_gesture17_trial1,4,17,2.3827548655125692e-06,8.412418076600136e-07,0.003913594506491891,0.9960831814968348
F0+F2a+F3c,final,session3_participant4_gesture17_trial2,4,17,2.4061472462007225e-06,1.1400551225171e-06,0.27586494563771946,0.7241315081599118
F0+F2a+F3c,final,session3_participant4_gesture17_trial3,4,17,4.9151678818544934e-06,6.771006163474891e-07,0.05629564457340611,0.9436987631580958
F0+F2a+F3c,final,session3_participant4_gesture17_trial4,4,17,5.406589676576877e-08,1.6948095934891391e-09,0.004123949936180259,0.9958759943031135
F0+F2a+F3c,final,session3_participant4_gesture17_trial5,4,17,4.396859724403131e-07,1.877907523805233e-08,0.013028183736334418,0.9869713577986179
F0+F2a+F3c,final,session3_participant4_gesture17_trial6,4,17,1.8250858567961669e-07,7.262916418243898e-08,0.26352658290064973,0.7364731619616004
F0+F2a+F3c,final,session3_participant4_gesture17_trial7,4,17,5.2373846927914674e-08,5.000394559663166e-09,0.04024733528388976,0.9597526073418688
F0+F2a+F3c,final,session3_participant5_gesture4_trial1,5,4,0.010190501152600019,0.025530109552722807,0.7186499255336382,0.2456294637610389
F0+F2a+F3c,final,session3_participant5_gesture4_trial2,5,4,0.00046478601872930225,7.975517052355114e-05,0.9811413914409178,0.01831406736982923
F0+F2a+F3c,final,session3_participant5_gesture4_trial3,5,4,0.9708383398031357,0.004030907889322362,0.02181055940749743,0.003320192900044425
F0+F2a+F3c,final,session3_participant5_gesture4_trial4,5,4,0.12260294521672961,0.002038884960054777,0.08207512086259458,0.7932830489606211
F0+F2a+F3c,final,session3_participant5_gesture4_trial5,5,4,0.9306043517026623,0.0030178227130553134,0.032273796761918286,0.03410402882236393
F0+F2a+F3c,final,session3_participant5_gesture4_trial6,5,4,0.39141126371420804,0.00436851728043004,0.3059610329277382,0.2982591860776237
F0+F2a+F3c,final,session3_participant5_gesture4_trial7,5,4,0.42596255267413147,0.0294021406395677,0.5306312115111433,0.014004095175157402
F0+F2a+F3c,final,session3_participant5_gesture15_trial1,5,15,0.00020625157346968622,0.3944855970034146,0.5034593183931341,0.10184883302998168
F0+F2a+F3c,final,session3_participant5_gesture15_trial2,5,15,0.005860975573569679,0.7603665453286649,0.13534480493996814,0.09842767415779734
F0+F2a+F3c,final,session3_participant5_gesture15_trial3,5,15,0.01241034994980395,0.41867579384413717,0.40065104727887,0.16826280892718895
F0+F2a+F3c,final,session3_participant5_gesture15_trial4,5,15,0.027793981639987128,0.3191314240320104,0.6295766552550398,0.02349793907296269
F0+F2a+F3c,final,session3_participant5_gesture15_trial5,5,15,0.005468401281691784,0.21835558782419193,0.7691932229126028,0.0069827879815135135
F0+F2a+F3c,final,session3_participant5_gesture15_trial6,5,15,0.0006385002543018111,0.7655675689785043,0.22792528103321807,0.005868649733975917
F0+F2a+F3c,final,session3_participant5_gesture15_trial7,5,15,0.0018764957638928263,0.8938704945099221,0.10384486007610612,0.0004081496500789941
F0+F2a+F3c,final,session3_participant5_gesture16_trial1,5,16,1.2673540866802669e-11,5.275016134567497e-07,0.9993167012378006,0.0006827712479124841
F0+F2a+F3c,final,session3_participant5_gesture16_trial2,5,16,3.554297659733719e-11,4.4440686086258005e-05,0.9996675147832341,0.00028804449513665655
F0+F2a+F3c,final,session3_participant5_gesture16_trial3,5,16,1.7653753082649238e-05,0.00016170863368014475,0.9957737676037026,0.0040468700095345695
F0+F2a+F3c,final,session3_participant5_gesture16_trial4,5,16,4.896128858368488e-09,7.926867106903817e-06,0.9999804396942724,1.1628542491783205e-05
F0+F2a+F3c,final,session3_participant5_gesture16_trial5,5,16,5.7003624893636546e-09,0.0003465808308355148,0.9981645240480921,0.0014888894207099473
F0+F2a+F3c,final,session3_participant5_gesture16_trial6,5,16,1.71610675047279e-09,0.000634880626348865,0.9993630917326666,2.0259248776270376e-06
F0+F2a+F3c,final,session3_participant5_gesture16_trial7,5,16,9.293622747773774e-09,0.000820710329443419,0.9991553177612725,2.3962615661344505e-05
F0+F2a+F3c,final,session3_participant5_gesture17_trial1,5,17,4.476433302196054e-10,2.1106984205629564e-07,0.00028681891293129685,0.9997129695695833
F0+F2a+F3c,final,session3_participant5_gesture17_trial2,5,17,9.420460205527674e-08,1.0863115205801642e-06,0.0007089783428045783,0.9992898411410728
F0+F2a+F3c,final,session3_participant5_gesture17_trial3,5,17,1.1847745791191627e-11,1.5897012529010373e-11,0.0021859809847776276,0.9978140189874776
F0+F2a+F3c,final,session3_participant5_gesture17_trial4,5,17,3.9440269479838706e-13,2.1696393496337065e-08,0.0006914438792087434,0.9993085344240032
F0+F2a+F3c,final,session3_participant5_gesture17_trial5,5,17,3.456860140396184e-08,7.544653404540781e-08,0.03935601448898693,0.9606438754958776
F0+F2a+F3c,final,session3_participant5_gesture17_trial6,5,17,4.8173590986196086e-11,3.960454562326797e-11,0.00032712301380544856,0.9996728768984164
F0+F2a+F3c,final,session3_participant5_gesture17_trial7,5,17,3.9371410300212366e-08,3.76451615790085e-08,0.18001359001110845,0.8199863329723196
F0+F2a+F3c,final,session3_participant6_gesture4_trial1,6,4,0.8589208969682902,0.0003412798249695157,0.005763832083559297,0.13497399112318106
F0+F2a+F3c,final,session3_participant6_gesture4_trial2,6,4,0.7905637916429299,0.001665268307853574,0.12344255360704787,0.08432838644216865
F0+F2a+F3c,final,session3_participant6_gesture4_trial3,6,4,0.8291766893290826,0.00011687555273542318,0.0016973195775792148,0.16900911554060272
F0+F2a+F3c,final,session3_participant6_gesture4_trial4,6,4,0.16720091630497752,0.0020997569435556914,0.02255572905970448,0.8081435976917624
F0+F2a+F3c,final,session3_participant6_gesture4_trial5,6,4,0.9674835590705952,0.01616602515507105,0.014231891402624567,0.0021185243717091115
F0+F2a+F3c,final,session3_participant6_gesture4_trial6,6,4,0.854692938205423,0.025328220212670522,0.06308670939275227,0.056892132189154086
F0+F2a+F3c,final,session3_participant6_gesture4_trial7,6,4,0.638771790747261,0.004336958564055968,0.19949995608670323,0.15739129460198
F0+F2a+F3c,final,session3_participant6_gesture15_trial1,6,15,0.00098397500071644,0.980532083134974,0.018300279603367647,0.0001836622609418637
F0+F2a+F3c,final,session3_participant6_gesture15_trial2,6,15,5.204229346467042e-05,0.994390276357648,0.005265047380346461,0.0002926339685408831
F0+F2a+F3c,final,session3_participant6_gesture15_trial3,6,15,4.272430373514885e-05,0.9941819127769044,0.00577267270354232,2.6902158181253474e-06
F0+F2a+F3c,final,session3_participant6_gesture15_trial4,6,15,0.004848827382379745,0.9873513647447719,0.0077939527889136365,5.855083934867838e-06
F0+F2a+F3c,final,session3_participant6_gesture15_trial5,6,15,0.0025355167081634092,0.9788405407819684,0.018614340961467555,9.601548400665807e-06
F0+F2a+F3c,final,session3_participant6_gesture15_trial6,6,15,0.0004923379441232696,0.9883961483557561,0.01108369720983068,2.781649028996636e-05
F0+F2a+F3c,final,session3_participant6_gesture15_trial7,6,15,0.00028939066326571356,0.9905302107592157,0.009155473266343356,2.492531117530283e-05
F0+F2a+F3c,final,session3_participant6_gesture16_trial1,6,16,0.25060412945358007,0.0007535727660278207,0.7473677087871168,0.0012745889932753906
F0+F2a+F3c,final,session3_participant6_gesture16_trial2,6,16,0.0017718979955997011,6.543923540013246e-05,0.9981604824690693,2.180299930885088e-06
F0+F2a+F3c,final,session3_participant6_gesture16_trial3,6,16,0.00011387577528353124,4.847160275376632e-05,0.999835993640435,1.6589815277487849e-06
F0+F2a+F3c,final,session3_participant6_gesture16_trial4,6,16,0.003849592264114756,0.0020522098817901454,0.8513869955542328,0.14271120229986214
F0+F2a+F3c,final,session3_participant6_gesture16_trial5,6,16,0.12436161942574582,0.0006999922753738672,0.868733971028265,0.006204417270615375
F0+F2a+F3c,final,session3_participant6_gesture16_trial6,6,16,0.013668247789727698,5.080800684805994e-05,0.6613171045303567,0.32496383967306747
F0+F2a+F3c,final,session3_participant6_gesture16_trial7,6,16,0.0009326054302905907,0.00021459703529651768,0.9987842313974287,6.85661369844469e-05
F0+F2a+F3c,final,session3_participant6_gesture17_trial1,6,17,0.0008454576648770355,7.506412793614564e-08,2.9577024874510863e-05,0.9991248902461205
F0+F2a+F3c,final,session3_participant6_gesture17_trial2,6,17,4.529517917233734e-07,2.6122229689412097e-09,0.00019025627989857825,0.9998092881560867
F0+F2a+F3c,final,session3_participant6_gesture17_trial3,6,17,1.4170207493572946e-10,2.9087865173092093e-07,0.00011440443032262727,0.9998853045493237
F0+F2a+F3c,final,session3_participant6_gesture17_trial4,6,17,8.000239998283113e-06,1.4740808379602607e-09,4.020541104380554e-05,0.9999517928748771
F0+F2a+F3c,final,session3_participant6_gesture17_trial5,6,17,0.0018063288504914605,5.306111596438753e-07,3.669486226027897e-05,0.9981564456760886
F0+F2a+F3c,final,session3_participant6_gesture17_trial6,6,17,1.9839153364758307e-08,1.0522367225172458e-09,8.415768426803282e-05,0.9999158214243419
F0+F2a+F3c,final,session3_participant6_gesture17_trial7,6,17,1.487040319869109e-13,6.21450809713599e-07,2.8314390381896348e-05,0.9999710641586597
F0+F2a+F3c,final,session3_participant7_gesture4_trial1,7,4,0.9876939992557956,0.00892641153227113,0.0033756812671150633,3.907944818346603e-06
F0+F2a+F3c,final,session3_participant7_gesture4_trial2,7,4,0.9708420735179969,0.025145218468821944,0.004012271508429764,4.365047513602487e-07
F0+F2a+F3c,final,session3_participant7_gesture4_trial3,7,4,0.9939503609485036,0.005335433390595829,0.0006852105546909345,2.8995106209676785e-05
F0+F2a+F3c,final,session3_participant7_gesture4_trial4,7,4,0.9720491681171317,0.026445988126941596,0.0015014861955573418,3.35756036939114e-06
F0+F2a+F3c,final,session3_participant7_gesture4_trial5,7,4,0.9940450516721226,0.005753362437588039,0.00020010985277576254,1.4760375136370113e-06
F0+F2a+F3c,final,session3_participant7_gesture4_trial6,7,4,0.9570182354643955,0.037268849003963066,0.005709583570363222,3.3319612783484176e-06
F0+F2a+F3c,final,session3_participant7_gesture4_trial7,7,4,0.996182728231208,0.003190264956851301,0.0006182422702869973,8.764541653555876e-06
F0+F2a+F3c,final,session3_participant7_gesture15_trial1,7,15,0.0017546249743416935,0.9977556329895928,0.000489718925510182,2.3110555401466427e-08
F0+F2a+F3c,final,session3_participant7_gesture15_trial2,7,15,0.008410942643415832,0.9842901094367792,0.007298711695395719,2.362244091222083e-07
F0+F2a+F3c,final,session3_participant7_gesture15_trial3,7,15,0.0011350565159705854,0.9914624152500754,0.007402515381402482,1.2852551546765234e-08
F0+F2a+F3c,final,session3_participant7_gesture15_trial4,7,15,0.01939459099380123,0.9594088740504446,0.02118239505299855,1.4139902755684449e-05
F0+F2a+F3c,final,session3_participant7_gesture15_trial5,7,15,0.018561334865931534,0.9729226133946474,0.008515115704623965,9.3603479722491e-07
F0+F2a+F3c,final,session3_participant7_gesture15_trial6,7,15,0.1581329079542153,0.7294174273011809,0.11234325389361091,0.00010641085099287546
F0+F2a+F3c,final,session3_participant7_gesture15_trial7,7,15,0.08669003781997948,0.9092157908056855,0.004091838883418653,2.3324909162948964e-06
F0+F2a+F3c,final,session3_participant7_gesture16_trial1,7,16,1.1333527763523718e-07,4.3687310147547784e-05,0.9999505500900929,5.64926448190292e-06
F0+F2a+F3c,final,session3_participant7_gesture16_trial2,7,16,2.1551393174240734e-08,1.9725890599410807e-07,0.9999990583148332,7.22874867491487e-07
F0+F2a+F3c,final,session3_participant7_gesture16_trial3,7,16,3.715829568464019e-08,0.0003048682537767341,0.999676573762057,1.8520825870628597e-05
F0+F2a+F3c,final,session3_participant7_gesture16_trial4,7,16,2.008637970749921e-07,5.286242862577122e-09,0.9989166634221164,0.0010831304278437698
F0+F2a+F3c,final,session3_participant7_gesture16_trial5,7,16,2.5813558040679703e-06,5.171931924172693e-06,0.9999922146370244,3.2075247453706075e-08
F0+F2a+F3c,final,session3_participant7_gesture16_trial6,7,16,2.6709873565413334e-08,1.643717873400133e-09,0.9998619275247754,0.00013804412163328188
F0+F2a+F3c,final,session3_participant7_gesture16_trial7,7,16,6.155929155038436e-07,0.0001920901629200913,0.9998042712183015,3.0230258629903066e-06
F0+F2a+F3c,final,session3_participant7_gesture17_trial1,7,17,3.615996885911892e-08,9.542998671993755e-09,4.3954083719694595e-05,0.9999560002133128
F0+F2a+F3c,final,session3_participant7_gesture17_trial2,7,17,7.004982155691458e-09,3.888334297913426e-09,0.0003772273122483619,0.9996227617944352
F0+F2a+F3c,final,session3_participant7_gesture17_trial3,7,17,5.562431694736494e-06,3.1588894366595814e-07,9.099972926986313e-06,0.9999850217064347
F0+F2a+F3c,final,session3_participant7_gesture17_trial4,7,17,0.002470175849809629,1.7816200097755765e-06,5.251785884063355e-05,0.99747552467134
F0+F2a+F3c,final,session3_participant7_gesture17_trial5,7,17,4.405637183731517e-05,4.5004577329499e-06,5.380237433121564e-05,0.9998976407960984
F0+F2a+F3c,final,session3_participant7_gesture17_trial6,7,17,6.152122697225946e-08,9.966388918205471e-07,0.0003140198623470438,0.9996849219775341
F0+F2a+F3c,final,session3_participant7_gesture17_trial7,7,17,0.0001259340218472856,1.6655721477618276e-06,0.0001541556286791132,0.9997182447773258
F0+F2a+F3c,final,session3_participant8_gesture4_trial1,8,4,0.9071945731226048,0.03823419135256395,0.05457035530116989,8.802236612320616e-07
F0+F2a+F3c,final,session3_participant8_gesture4_trial2,8,4,0.8274044492650552,0.011586419329010444,0.16100543084579394,3.7005601404273404e-06
F0+F2a+F3c,final,session3_participant8_gesture4_trial3,8,4,0.9543661042187284,0.03231306373081339,0.013319987334416349,8.44716041714129e-07
F0+F2a+F3c,final,session3_participant8_gesture4_trial4,8,4,0.9813342989638976,0.009214274927813574,0.009450627075995506,7.990322933999951e-07
F0+F2a+F3c,final,session3_participant8_gesture4_trial5,8,4,0.9915547580012786,0.005952498516152417,0.0024926057955145923,1.376870542432632e-07
F0+F2a+F3c,final,session3_participant8_gesture4_trial6,8,4,0.9958023253319863,0.0030660270601380033,0.0011304422064873215,1.2054013885160289e-06
F0+F2a+F3c,final,session3_participant8_gesture4_trial7,8,4,0.9890201139667837,0.010628060549546587,0.0003518116438098368,1.3839859894240959e-08
F0+F2a+F3c,final,session3_participant8_gesture15_trial1,8,15,0.7791736896894308,0.2174579121872852,0.0033397310561215027,2.8667067162417953e-05
F0+F2a+F3c,final,session3_participant8_gesture15_trial2,8,15,0.8914416580402829,0.09817699036456408,0.010337603544184342,4.374805096873056e-05
F0+F2a+F3c,final,session3_participant8_gesture15_trial3,8,15,0.5614867129867681,0.3280297220771084,0.1100194079712503,0.00046415696487318256
F0+F2a+F3c,final,session3_participant8_gesture15_trial4,8,15,0.5024015837048386,0.44111419471947355,0.05647495322296489,9.268352722976596e-06
F0+F2a+F3c,final,session3_participant8_gesture15_trial5,8,15,0.1421673143786469,0.8429024635905684,0.014916179925476978,1.4042105307734565e-05
F0+F2a+F3c,final,session3_participant8_gesture15_trial6,8,15,0.5606603596787504,0.42976356091216716,0.009570404256001235,5.675153081129667e-06
F0+F2a+F3c,final,session3_participant8_gesture15_trial7,8,15,0.3381660786494905,0.6609492240348114,0.0008844833747326189,2.1394096555090353e-07
F0+F2a+F3c,final,session3_participant8_gesture16_trial1,8,16,1.8016235675285186e-12,0.02855593030523748,0.9714438962216637,1.7347129708247822e-07
F0+F2a+F3c,final,session3_participant8_gesture16_trial2,8,16,1.5220520724690954e-07,0.32594477424204016,0.6740183397909857,3.673376176681147e-05
F0+F2a+F3c,final,session3_participant8_gesture16_trial3,8,16,5.090524912695017e-07,0.008430138398944607,0.9913211711238058,0.0002481814247582855
F0+F2a+F3c,final,session3_participant8_gesture16_trial4,8,16,1.5446677425743418e-11,0.07318369478857334,0.9268018961308183,1.4409065161800406e-05
F0+F2a+F3c,final,session3_participant8_gesture16_trial5,8,16,1.099518497669807e-12,0.021006088771988028,0.978993824293209,8.693370334696498e-08
F0+F2a+F3c,final,session3_participant8_gesture16_trial6,8,16,3.546398615267459e-06,0.7245397633845472,0.2754559384929275,7.517239101395243e-07
F0+F2a+F3c,final,session3_participant8_gesture16_trial7,8,16,0.0001686627326504867,0.9072995915348194,0.09252951318131183,2.2325512184586814e-06
F0+F2a+F3c,final,session3_participant8_gesture17_trial1,8,17,1.5779269622754627e-07,4.9853178448722513e-08,0.008701052225811011,0.9912987401283142
F0+F2a+F3c,final,session3_participant8_gesture17_trial2,8,17,2.370523845629676e-05,8.32378195610039e-07,0.0017221733219286734,0.9982532890614194
F0+F2a+F3c,final,session3_participant8_gesture17_trial3,8,17,0.00012360682152987138,2.8854692560920488e-06,0.00019749845747148718,0.9996760092517425
F0+F2a+F3c,final,session3_participant8_gesture17_trial4,8,17,0.0006315463864481471,9.673568876759129e-06,0.004431281212459313,0.9949274988322158
F0+F2a+F3c,final,session3_participant8_gesture17_trial5,8,17,6.734534526991325e-05,1.7530381612608354e-06,0.0004699584599590761,0.9994609431566096
F0+F2a+F3c,final,session3_participant8_gesture17_trial6,8,17,6.0601226796890416e-05,4.653393743178994e-07,0.0001570555671852822,0.9997818778666434
F0+F2a+F3c,final,session3_participant8_gesture17_trial7,8,17,0.029075842330920386,0.0002793719993813032,0.00438736079785216,0.9662574248718462
