phase,subject,condition,arm,trial_id,label,p_0,p_1,p_2,p_3,p_4,p_5
validation,3,fast,F0v2,data/u_3/s_2/g_flexext_fist/recording_fast_29_04_2024_15_09_59.csv,0,0.9777721251869318,0.019250749855953243,0.0001711399495647498,5.729233371406667e-06,0.0025857631642845617,0.0002144926098944092
validation,3,medium,F0v2,data/u_3/s_2/g_flexext_fist/recording_medium_29_04_2024_15_09_37.csv,0,0.9998708244492702,0.00011836252707029434,2.5694496966550505e-07,3.136991801401557e-08,3.1467374152975218e-06,7.377971356269684e-06
validation,3,slow,F0v2,data/u_3/s_2/g_flexext_fist/recording_slow_29_04_2024_15_09_16.csv,0,0.8711017017049894,0.10553662453503883,0.0017456903352315607,8.441672346428689e-06,0.021493745540934334,0.00011379621145943638
validation,3,fast,F0v2,data/u_3/s_2/g_flexext_index/recording_fast_29_04_2024_15_12_03.csv,2,0.015042588909432846,0.1722804366566447,0.7928213346745909,0.009922083042627636,0.009203741930415238,0.0007298147862886351
validation,3,medium,F0v2,data/u_3/s_2/g_flexext_index/recording_medium_29_04_2024_15_11_43.csv,2,0.013485527568388887,0.34713656394638176,0.6296543882187121,0.0019562275449625526,0.007067327575668909,0.0006999651458859526
validation,3,slow,F0v2,data/u_3/s_2/g_flexext_index/recording_slow_29_04_2024_15_11_23.csv,2,0.020011742102758745,0.43948392316962065,0.5204115777689067,0.008857135091640041,0.009344846494294652,0.00189077537277919
validation,3,fast,F0v2,data/u_3/s_2/g_flexext_middle/recording_fast_29_04_2024_15_13_06.csv,3,0.013862009655981654,0.6279866329745184,0.3310179085128192,0.0027396923085227904,0.021953631135144865,0.002440125413012971
validation,3,medium,F0v2,data/u_3/s_2/g_flexext_middle/recording_medium_29_04_2024_15_12_45.csv,3,0.015248899472356978,0.27093966086281845,0.6838602798894978,0.008636523217267909,0.018242163438633146,0.0030724731194257796
validation,3,slow,F0v2,data/u_3/s_2/g_flexext_middle/recording_slow_29_04_2024_15_12_24.csv,3,0.11516348566781347,0.6873687714587126,0.1428564055641784,0.001798770364246849,0.04796322424879576,0.004849342696252981
validation,3,fast,F0v2,data/u_3/s_2/g_flexext_pinky/recording_fast_29_04_2024_15_15_10.csv,5,0.005292648888391787,0.5868434332707364,0.35491284404156465,0.01358305904828519,0.033751156587204734,0.005616858163817242
validation,3,medium,F0v2,data/u_3/s_2/g_flexext_pinky/recording_medium_29_04_2024_15_14_50.csv,5,0.0019174798841265417,0.6555198721909402,0.3204004454025272,0.0010438344191476647,0.01984482779782942,0.0012735403054289593
validation,3,slow,F0v2,data/u_3/s_2/g_flexext_pinky/recording_slow_29_04_2024_15_14_30.csv,5,0.21154868519226813,0.5742354019676823,0.04216639578625305,0.007476712236216957,0.06641822664467126,0.09815457817290822
validation,3,fast,F0v2,data/u_3/s_2/g_flexext_ring/recording_fast_29_04_2024_15_14_08.csv,4,0.01624113107862235,0.036083777417410964,0.09203722868508185,0.001584186616885139,0.8529012628970103,0.0011524133049892965
validation,3,medium,F0v2,data/u_3/s_2/g_flexext_ring/recording_medium_29_04_2024_15_13_49.csv,4,0.006761091728282184,0.49566974820076787,0.27198925765587384,0.0002443709586453749,0.22343872149083002,0.0018968099656008035
validation,3,slow,F0v2,data/u_3/s_2/g_flexext_ring/recording_slow_29_04_2024_15_13_28.csv,4,0.01396582750320997,0.7029478351879462,0.18257208111921397,0.00045157770647189047,0.09861118119276431,0.001451497290393623
validation,3,fast,F0v2,data/u_3/s_2/g_flexext_thumb/recording_fast_29_04_2024_15_11_02.csv,1,0.00038670611447603565,0.05905049651927325,0.9206712202274319,0.01814417379974578,0.0010494874453311845,0.0006979158937417505
validation,3,medium,F0v2,data/u_3/s_2/g_flexext_thumb/recording_medium_29_04_2024_15_10_43.csv,1,0.0001221259894517784,0.08815612182828968,0.8238246536264477,0.0856247818834621,0.0005673151816441671,0.0017050014907043936
validation,3,slow,F0v2,data/u_3/s_2/g_flexext_thumb/recording_slow_29_04_2024_15_10_22.csv,1,0.0008872723530803854,0.16734832622254756,0.4521347057180357,0.3741134908307779,0.0008916360358892324,0.004624568839669174
validation,4,fast,F0v2,data/u_4/s_2/g_flexext_fist/recording_fast_28_05_2024_13_59_57.csv,0,0.5741463583197909,0.01178812019481989,0.0013612394097819605,0.012988111194333404,0.3556624919472457,0.044053678934028166
validation,4,medium,F0v2,data/u_4/s_2/g_flexext_fist/recording_medium_28_05_2024_13_59_38.csv,0,0.944101887766301,0.014499747442684075,0.0014073727523654348,0.0033201571417293264,0.003901471981733972,0.032769362915186076
validation,4,slow,F0v2,data/u_4/s_2/g_flexext_fist/recording_slow_28_05_2024_13_59_18.csv,0,0.5878812012532519,0.11770273398572546,0.010929822247563678,0.13702914049702195,0.026388471339260703,0.12006863067717626
validation,4,fast,F0v2,data/u_4/s_2/g_flexext_index/recording_fast_28_05_2024_14_01_58.csv,2,1.422921592535198e-05,0.015354217202984,0.8897067726880235,0.0912301038920651,0.0035888877772237305,0.00010578922377858153
validation,4,medium,F0v2,data/u_4/s_2/g_flexext_index/recording_medium_28_05_2024_14_01_39.csv,2,5.20794178412663e-06,0.021339739676302753,0.5564445679572028,0.41959171721340704,0.0013274448970042568,0.0012913223142990633
validation,4,slow,F0v2,data/u_4/s_2/g_flexext_index/recording_slow_28_05_2024_14_01_20.csv,2,5.680139291655093e-06,0.015582857257489651,0.3300608284169451,0.6491015054074996,0.0011194918077906835,0.004129636970983191
validation,4,fast,F0v2,data/u_4/s_2/g_flexext_middle/recording_fast_28_05_2024_14_02_59.csv,3,3.373984051318675e-05,0.0007501140273147377,0.1388281329789669,0.8572755393954063,0.0011158612406048296,0.0019966125171938954
validation,4,medium,F0v2,data/u_4/s_2/g_flexext_middle/recording_medium_28_05_2024_14_02_40.csv,3,0.00011542727746880368,0.019599009642521894,0.5533296978162179,0.4201729354563886,0.0067346152752427455,4.831453216009703e-05
validation,4,slow,F0v2,data/u_4/s_2/g_flexext_middle/recording_slow_28_05_2024_14_02_20.csv,3,6.569669613869948e-05,0.02406018604585175,0.6110541902231268,0.3567525135194098,0.007946850128559599,0.00012056338691337556
validation,4,fast,F0v2,data/u_4/s_2/g_flexext_pinky/recording_fast_28_05_2024_14_05_01.csv,5,1.534682884280049e-05,0.019387646648314234,0.40022227436816343,0.5673797811229118,0.012664519977754791,0.00033043105401302404
validation,4,medium,F0v2,data/u_4/s_2/g_flexext_pinky/recording_medium_28_05_2024_14_04_40.csv,5,1.3091689734401343e-05,0.020281286290604862,0.2394791183928915,0.7374547107434176,0.0002895864647398737,0.002482206418611949
validation,4,slow,F0v2,data/u_4/s_2/g_flexext_pinky/recording_slow_28_05_2024_14_04_21.csv,5,2.4132625565558598e-05,0.03137719355374172,0.4439985867478179,0.5124210387389169,0.0041633168265550295,0.008015731507402883
validation,4,fast,F0v2,data/u_4/s_2/g_flexext_ring/recording_fast_28_05_2024_14_04_02.csv,4,0.00039014651031832646,0.015553756228734098,0.05399315924894797,0.876250674789163,0.03996310351429293,0.013849159708543751
validation,4,medium,F0v2,data/u_4/s_2/g_flexext_ring/recording_medium_28_05_2024_14_03_41.csv,4,2.892652116415257e-05,0.044257437131415805,0.5188582960126685,0.43276744331955014,0.0022092619594011108,0.0018786350558002078
validation,4,slow,F0v2,data/u_4/s_2/g_flexext_ring/recording_slow_28_05_2024_14_03_21.csv,4,7.4655564544605775e-06,0.019562359348460717,0.27617712802604305,0.7002816226685294,0.001699857590907327,0.002271566809604941
validation,4,fast,F0v2,data/u_4/s_2/g_flexext_thumb/recording_fast_28_05_2024_14_01_00.csv,1,0.004171757072760716,0.042397130265899266,0.002186399863136746,0.2605181453909571,0.5311210506541496,0.15960551675309656
validation,4,medium,F0v2,data/u_4/s_2/g_flexext_thumb/recording_medium_28_05_2024_14_00_41.csv,1,0.0037584095886633905,0.6266813039381954,0.06729783322527069,0.18158970906727157,0.008157352944563732,0.11251539123603534
validation,4,slow,F0v2,data/u_4/s_2/g_flexext_thumb/recording_slow_28_05_2024_14_00_20.csv,1,0.000991026058054601,0.09713432444829218,0.015541442251262794,0.7330676911024242,0.003257346732328727,0.15000816940763753
validation,5,fast,F0v2,data/u_5/s_2/g_flexext_fist/recording_fast_17_05_2024_13_04_53.csv,0,0.9844377142713326,3.6162755367159484e-05,3.161488729629402e-05,8.564937007483713e-06,0.0008903067956764255,0.014595636353320009
validation,5,medium,F0v2,data/u_5/s_2/g_flexext_fist/recording_medium_17_05_2024_13_04_32.csv,0,0.9953231701191665,0.001726272157737964,0.00034854629050317943,2.3880298271800415e-05,0.0005979541292784509,0.0019801770050422523
validation,5,slow,F0v2,data/u_5/s_2/g_flexext_fist/recording_slow_17_05_2024_13_04_13.csv,0,0.7033506377964985,0.22478227411571966,0.01054715425130084,0.004201466531476678,0.03865548191130345,0.018462985393700667
validation,5,fast,F0v2,data/u_5/s_2/g_flexext_index/recording_fast_17_05_2024_13_06_58.csv,2,4.5766791295290226e-05,0.001066096515106939,0.0020290853981649102,0.1431810278191105,0.0012980124844967527,0.8523800109918256
validation,5,medium,F0v2,data/u_5/s_2/g_flexext_index/recording_medium_17_05_2024_13_06_38.csv,2,0.0007018747414832067,0.543913494774722,0.11183845388202188,0.010392735367569706,0.06421164009303465,0.26894180114116867
validation,5,slow,F0v2,data/u_5/s_2/g_flexext_index/recording_slow_17_05_2024_13_06_18.csv,2,0.003507916434524592,0.12998664850652647,0.08223794515749225,0.01079783096906707,0.015127496854116027,0.7583421620782735
validation,5,fast,F0v2,data/u_5/s_2/g_flexext_middle/recording_fast_17_05_2024_13_08_04.csv,3,0.00010517615061879966,0.0013508671841944543,0.0031729911222715423,0.7691486571115013,0.00019075864641266736,0.22603154978500128
validation,5,medium,F0v2,data/u_5/s_2/g_flexext_middle/recording_medium_17_05_2024_13_07_40.csv,3,0.00031363819310398705,0.005204852326095316,0.00256578326664622,0.0991453033275915,0.0012491524871768695,0.891521270399386
validation,5,slow,F0v2,data/u_5/s_2/g_flexext_middle/recording_slow_17_05_2024_13_07_18.csv,3,0.0026017733615772997,0.03505242018208623,0.0037133562033558583,0.05923298904682727,0.0034579282331643098,0.895941532972989
validation,5,fast,F0v2,data/u_5/s_2/g_flexext_pinky/recording_fast_17_05_2024_13_11_15.csv,5,9.087179484318157e-05,0.00010455499192216154,0.0019902175123631435,0.07392655651662414,0.0001374475068843606,0.923750351677363
validation,5,medium,F0v2,data/u_5/s_2/g_flexext_pinky/recording_medium_17_05_2024_13_10_53.csv,5,2.037534746932905e-05,0.00035374208102942464,0.0014990761920676578,0.11145415784214094,9.375999650334374e-05,0.8865788885407894
validation,5,slow,F0v2,data/u_5/s_2/g_flexext_pinky/recording_slow_17_05_2024_13_09_44.csv,5,0.00016068492908026324,0.0033817471606802725,0.0014741365716259768,0.08367012483440106,0.001876290872174722,0.9094370156320377
validation,5,fast,F0v2,data/u_5/s_2/g_flexext_ring/recording_fast_17_05_2024_13_09_13.csv,4,0.004949447652217272,0.0005599422375934242,0.02215505744177842,0.14057508838201757,0.7408012186095847,0.09095924567680864
validation,5,medium,F0v2,data/u_5/s_2/g_flexext_ring/recording_medium_17_05_2024_13_08_53.csv,4,6.336799933515733e-05,0.00151049625441101,0.09093168421306322,0.6137350837881048,0.0034652204522217355,0.29029414729286396
validation,5,slow,F0v2,data/u_5/s_2/g_flexext_ring/recording_slow_17_05_2024_13_08_31.csv,4,0.0011239875732902966,0.08998742975151253,0.07231225451116725,0.43753009925625197,0.08808906131482475,0.31095716759295305
validation,5,fast,F0v2,data/u_5/s_2/g_flexext_thumb/recording_fast_17_05_2024_13_05_58.csv,1,0.0006671333077873927,0.03314519476772706,0.0014968915783893475,0.11840485550461752,0.008838361742079207,0.8374475630993994
validation,5,medium,F0v2,data/u_5/s_2/g_flexext_thumb/recording_medium_17_05_2024_13_05_36.csv,1,0.0035464094780744424,0.5000179731274941,0.017837584864098623,0.023284432326644174,0.026271759830543667,0.429041840373145
validation,5,slow,F0v2,data/u_5/s_2/g_flexext_thumb/recording_slow_17_05_2024_13_05_16.csv,1,0.015018952886815892,0.550144082846496,0.01614620198595581,0.007332374961509951,0.02283412485919046,0.3885242624600319
validation,6,fast,F0v2,data/u_6/s_2/g_flexext_fist/recording_fast_17_05_2024_16_07_58.csv,0,0.38208750054326057,0.017016398501016678,0.0007516055154830583,0.0009485832577358608,0.5879656704708762,0.011230241711627675
validation,6,medium,F0v2,data/u_6/s_2/g_flexext_fist/recording_medium_17_05_2024_16_07_37.csv,0,0.4570077913244163,0.1742353566489723,0.003755731408860147,0.007676563423510249,0.24517613361719442,0.11214842357704652
validation,6,slow,F0v2,data/u_6/s_2/g_flexext_fist/recording_slow_17_05_2024_16_07_17.csv,0,0.22486637604108983,0.23174702363608915,0.017106976122719983,0.007737861456805449,0.5106062746062324,0.007935488137063091
validation,6,fast,F0v2,data/u_6/s_2/g_flexext_index/recording_fast_17_05_2024_16_10_20.csv,2,0.09704893283216001,0.48542447470489714,0.3439924150695038,0.055866067527561854,0.0068271637019883865,0.010840946163888589
validation,6,medium,F0v2,data/u_6/s_2/g_flexext_index/recording_medium_17_05_2024_16_10_00.csv,2,0.5479322900280313,0.21553024448990193,0.08637849989884012,0.06341521811838571,0.009290984467568441,0.07745276299727241
validation,6,slow,F0v2,data/u_6/s_2/g_flexext_index/recording_slow_17_05_2024_16_09_41.csv,2,0.2672099669804812,0.3375674847363671,0.2123044896268776,0.12834179027195683,0.00708753194378205,0.04748873644053528
validation,6,fast,F0v2,data/u_6/s_2/g_flexext_middle/recording_fast_17_05_2024_16_11_23.csv,3,0.011412463122182042,0.034002768415759596,0.04883092088166887,0.5797439167250963,0.020300044943071197,0.3057098859122221
validation,6,medium,F0v2,data/u_6/s_2/g_flexext_middle/recording_medium_17_05_2024_16_11_03.csv,3,0.06828688886809114,0.011397806784473946,0.02039050352223879,0.01710323406597746,0.005095756572890008,0.8777258101863288
validation,6,slow,F0v2,data/u_6/s_2/g_flexext_middle/recording_slow_17_05_2024_16_10_42.csv,3,0.08637543198037345,0.0520207812095109,0.0847999062727278,0.2405552594416106,0.008201827829156013,0.5280467932666213
validation,6,fast,F0v2,data/u_6/s_2/g_flexext_pinky/recording_fast_17_05_2024_16_13_27.csv,5,0.8547012243943636,0.02226085190232137,0.010212867031997246,0.004759396634651566,0.0005796327619956943,0.10748602727467048
validation,6,medium,F0v2,data/u_6/s_2/g_flexext_pinky/recording_medium_17_05_2024_16_13_06.csv,5,0.18955032089983234,0.05461381460985675,0.06382126071656256,0.43581874246883057,0.002922935943483504,0.25327292536143414
validation,6,slow,F0v2,data/u_6/s_2/g_flexext_pinky/recording_slow_17_05_2024_16_12_46.csv,5,0.44407309211288365,0.1615911408847736,0.10933825286930578,0.12276988062694627,0.003625658746174091,0.15860197475991653
validation,6,fast,F0v2,data/u_6/s_2/g_flexext_ring/recording_fast_17_05_2024_16_12_23.csv,4,0.0018309693372093264,0.008009036839371117,0.0023747303214129373,0.019565743450962226,0.9524067611650351,0.015812758886009255
validation,6,medium,F0v2,data/u_6/s_2/g_flexext_ring/recording_medium_17_05_2024_16_12_03.csv,4,0.013043997751510432,0.0022000599753881113,0.0013923276925421268,0.029561225328739366,0.7865843586897014,0.16721803056211854
validation,6,slow,F0v2,data/u_6/s_2/g_flexext_ring/recording_slow_17_05_2024_16_11_45.csv,4,0.2000223378162784,0.001182948451669225,0.0006813495515264236,0.013541132795269932,0.5193788688112494,0.2651933625740066
validation,6,fast,F0v2,data/u_6/s_2/g_flexext_thumb/recording_fast_17_05_2024_16_09_16.csv,1,0.5409358788495647,0.43637983976973904,0.0037909723618575345,0.0004497874363381566,0.007789656888884498,0.010653864693616032
validation,6,medium,F0v2,data/u_6/s_2/g_flexext_thumb/recording_medium_17_05_2024_16_08_55.csv,1,0.11450511247667242,0.8550373159025818,0.015951018447712437,0.0007566479350942905,0.007366043230387356,0.006383862007551663
validation,6,slow,F0v2,data/u_6/s_2/g_flexext_thumb/recording_slow_17_05_2024_16_08_37.csv,1,0.17157368352551253,0.7176453808711509,0.005132621087342159,0.0014861538925299556,0.07924101583414843,0.024921144789315987
validation,7,fast,F0v2,data/u_7/s_2/g_flexext_fist/recording_fast_02_05_2024_15_12_18.csv,0,0.9999044170223814,9.742285307276816e-06,2.409588556620078e-06,5.043694315947295e-08,5.9215090578502735e-05,2.4165576233221224e-05
validation,7,medium,F0v2,data/u_7/s_2/g_flexext_fist/recording_medium_02_05_2024_15_11_57.csv,0,0.933159811733303,0.00585447530376263,0.019597135350104357,0.0007700258162262312,0.040117588084824504,0.0005009637117791534
validation,7,slow,F0v2,data/u_7/s_2/g_flexext_fist/recording_slow_02_05_2024_15_11_34.csv,0,0.9372063465826287,0.004326182719730364,0.03672748653881904,0.0020026585438794216,0.019252735968950795,0.0004845896459915498
validation,7,fast,F0v2,data/u_7/s_2/g_flexext_index/recording_fast_02_05_2024_15_14_56.csv,2,0.003804240126904103,0.699530924282645,0.2537889007348592,0.0024943150853368183,0.039615774491968854,0.0007658452782860555
validation,7,medium,F0v2,data/u_7/s_2/g_flexext_index/recording_medium_02_05_2024_15_14_36.csv,2,0.01694037589710002,0.7732494801530613,0.17858948791305734,0.0006423620247461562,0.030086180776916365,0.0004921132351188769
validation,7,slow,F0v2,data/u_7/s_2/g_flexext_index/recording_slow_02_05_2024_15_14_14.csv,2,0.007238691430004547,0.6642269535922845,0.2606684757839836,0.036186190461578456,0.02184273434352062,0.009836954388628341
validation,7,fast,F0v2,data/u_7/s_2/g_flexext_middle/recording_fast_02_05_2024_15_15_56.csv,3,0.000643820151409086,0.12074019562851959,0.874065897249017,0.0005419364327367495,0.0037145987570482795,0.00029355178126939767
validation,7,medium,F0v2,data/u_7/s_2/g_flexext_middle/recording_medium_02_05_2024_15_15_37.csv,3,0.0004977893178346686,0.12160318811075764,0.874971552881653,0.0018564601402177275,0.0006228492811316682,0.0004481602684053414
validation,7,slow,F0v2,data/u_7/s_2/g_flexext_middle/recording_slow_02_05_2024_15_15_16.csv,3,0.001582301257672252,0.12531508431983415,0.8638895856210207,0.005034073804905455,0.003623350631857189,0.0005556043647101615
validation,7,fast,F0v2,data/u_7/s_2/g_flexext_pinky/recording_fast_02_05_2024_15_18_29.csv,5,0.011380821573332594,0.06665068169756003,0.5570395849903278,0.04131104413685993,0.31323566442041,0.010382203181509708
validation,7,medium,F0v2,data/u_7/s_2/g_flexext_pinky/recording_medium_02_05_2024_15_18_06.csv,5,0.00044678322644941154,0.030372303455933218,0.9606761749187407,0.004747927154057392,0.0031011374642439817,0.0006556737805753369
validation,7,slow,F0v2,data/u_7/s_2/g_flexext_pinky/recording_slow_02_05_2024_15_17_45.csv,5,0.0011396356965116387,0.04652378031550081,0.8602754777933291,0.04380979578232925,0.04270985110299115,0.005541459309338244
validation,7,fast,F0v2,data/u_7/s_2/g_flexext_ring/recording_fast_02_05_2024_15_17_23.csv,4,0.0002669762812274511,0.006817544613344739,0.6723521564936092,0.0026363083554871046,0.3168245496461359,0.0011024646101955031
validation,7,medium,F0v2,data/u_7/s_2/g_flexext_ring/recording_medium_02_05_2024_15_16_39.csv,4,0.0009622460208133049,0.014002661666912965,0.7098101851391299,0.004886440048793891,0.2691785795869611,0.0011598875373887128
validation,7,slow,F0v2,data/u_7/s_2/g_flexext_ring/recording_slow_02_05_2024_15_16_17.csv,4,0.0010571659603568768,0.037411732418916245,0.8254093692099714,0.004225590845727561,0.13110337045750578,0.0007927711075221876
validation,7,fast,F0v2,data/u_7/s_2/g_flexext_thumb/recording_fast_02_05_2024_15_13_47.csv,1,0.0031769378524299785,0.08006735053497073,0.8051455772451198,0.0030421088454232275,0.10808759630479273,0.00048042921726364343
validation,7,medium,F0v2,data/u_7/s_2/g_flexext_thumb/recording_medium_02_05_2024_15_13_26.csv,1,0.0021612987531512626,0.03875712330484167,0.8834911217770401,0.0466572705989857,0.02586846956706355,0.003064715998917462
validation,7,slow,F0v2,data/u_7/s_2/g_flexext_thumb/recording_slow_02_05_2024_15_12_41.csv,1,0.006932466555823894,0.17735651633190339,0.37075433630902127,0.22036286266090194,0.21224264357013017,0.012351174572219493
validation,8,fast,F0v2,data/u_8/s_2/g_flexext_fist/recording_fast_17_06_2024_15_42_00.csv,0,0.8903614944694912,0.0023628144658041834,0.0006111461667944963,0.0007698985797857814,0.012023810888547669,0.09387083542957647
validation,8,medium,F0v2,data/u_8/s_2/g_flexext_fist/recording_medium_17_06_2024_15_41_19.csv,0,0.8036617574407241,0.016919148007796564,0.0008299937398413335,0.009840147781643471,0.008395448180091586,0.16035350484990304
validation,8,slow,F0v2,data/u_8/s_2/g_flexext_fist/recording_slow_17_06_2024_15_40_56.csv,0,0.04164480834840873,0.03456905194642431,0.004269305493292659,0.5745999000133526,0.01970549987673615,0.3252114343217855
validation,8,fast,F0v2,data/u_8/s_2/g_flexext_index/recording_fast_17_06_2024_15_44_33.csv,2,0.0014148122415600882,0.06155442699885481,0.9355995753045886,0.0007976142124790912,0.00020476025541277495,0.00042881098710444046
validation,8,medium,F0v2,data/u_8/s_2/g_flexext_index/recording_medium_17_06_2024_15_44_10.csv,2,0.007740261964315502,0.0846057708281318,0.9060658364027121,0.0003553579065205065,0.0007623060085360322,0.00047046688978390785
validation,8,slow,F0v2,data/u_8/s_2/g_flexext_index/recording_slow_17_06_2024_15_43_46.csv,2,0.0038774289015975566,0.07885104094976353,0.9139540016007107,0.0002895405091929204,0.0020302765685016586,0.000997711470233864
validation,8,fast,F0v2,data/u_8/s_2/g_flexext_middle/recording_fast_17_06_2024_15_45_59.csv,3,0.00116641534297236,0.024572062261980686,0.915046038118486,0.05312618087900996,0.0024571193652330636,0.0036321840323178716
validation,8,medium,F0v2,data/u_8/s_2/g_flexext_middle/recording_medium_17_06_2024_15_45_36.csv,3,0.0018732445708030262,0.1560861328898973,0.8246268666927931,0.010092269743385784,0.002274161258924477,0.005047324844196264
validation,8,slow,F0v2,data/u_8/s_2/g_flexext_middle/recording_slow_17_06_2024_15_45_16.csv,3,0.00010897754563616326,0.023173661686891212,0.944994525737572,0.03011167879064787,0.00018052402723595768,0.0014306322120168583
validation,8,fast,F0v2,data/u_8/s_2/g_flexext_pinky/recording_fast_17_06_2024_15_48_32.csv,5,0.0021462412216662675,0.2673070349003969,0.5689426436173259,0.028659335632391838,0.03062540331067103,0.10231934131754795
validation,8,medium,F0v2,data/u_8/s_2/g_flexext_pinky/recording_medium_17_06_2024_15_48_09.csv,5,0.006872585223267512,0.27665722437039225,0.28299276195480616,0.024140712638925692,0.07352195336248678,0.33581476245012165
validation,8,slow,F0v2,data/u_8/s_2/g_flexext_pinky/recording_slow_17_06_2024_15_47_46.csv,5,0.0006708901195505993,0.3571731802101208,0.5788142022732486,0.017377423004419874,0.00926888858014237,0.036695415812517694
validation,8,fast,F0v2,data/u_8/s_2/g_flexext_ring/recording_fast_17_06_2024_15_47_22.csv,4,0.003750075434391442,0.0195994593358052,0.004757174767126526,0.0019518612520482187,0.9678141146653247,0.0021273145453036928
validation,8,medium,F0v2,data/u_8/s_2/g_flexext_ring/recording_medium_17_06_2024_15_46_58.csv,4,0.004496429129351703,0.07158499383691896,0.026648324252689842,0.003475072980370423,0.8888584991700326,0.004936680630636621
validation,8,slow,F0v2,data/u_8/s_2/g_flexext_ring/recording_slow_17_06_2024_15_46_34.csv,4,0.0011099900354470168,0.06304256213306537,0.9167191138127847,0.010309431656095045,0.005223121895841225,0.0035957804667666802
validation,8,fast,F0v2,data/u_8/s_2/g_flexext_thumb/recording_fast_17_06_2024_15_43_22.csv,1,0.0012128155857249372,0.08113110954521147,0.9081508906594663,0.001959676494826949,0.0054287305772363625,0.0021167771375337377
validation,8,medium,F0v2,data/u_8/s_2/g_flexext_thumb/recording_medium_17_06_2024_15_42_59.csv,1,4.622772390217559e-06,0.01011790573243348,0.9868681731095129,0.00019250025911963102,0.002696172363292551,0.0001206257632510627
validation,8,slow,F0v2,data/u_8/s_2/g_flexext_thumb/recording_slow_17_06_2024_15_42_32.csv,1,0.07530833486375398,0.3869962611149316,0.5133286932294163,0.0004028070073435938,0.023282839980208067,0.000681063804346533
validation,3,fast,F0v2+scale_pattern,data/u_3/s_2/g_flexext_fist/recording_fast_29_04_2024_15_09_59.csv,0,0.9943908399312339,0.004918890311751031,1.9468209741950157e-05,2.19509647850842e-07,0.0005619608257996909,0.00010862121182559419
validation,3,medium,F0v2+scale_pattern,data/u_3/s_2/g_flexext_fist/recording_medium_29_04_2024_15_09_37.csv,0,0.9999692044765537,2.7676975304232816e-05,2.2133002235082868e-08,6.555263870004559e-10,5.136200253346194e-07,2.5821395884984465e-06
validation,3,slow,F0v2+scale_pattern,data/u_3/s_2/g_flexext_fist/recording_slow_29_04_2024_15_09_16.csv,0,0.9400634433645497,0.054372714733025705,0.00025618015311417114,9.900070559959573e-07,0.0052320994982554435,7.457224399878184e-05
validation,3,fast,F0v2+scale_pattern,data/u_3/s_2/g_flexext_index/recording_fast_29_04_2024_15_12_03.csv,2,0.030621556231480787,0.3949336596979407,0.5286280439256104,0.004156718573126796,0.039738355478418315,0.0019216660934230283
validation,3,medium,F0v2+scale_pattern,data/u_3/s_2/g_flexext_index/recording_medium_29_04_2024_15_11_43.csv,2,0.020334045785046363,0.7526675116820792,0.21051631297773524,0.0008160532504296156,0.01418956187000972,0.0014765144346996287
validation,3,slow,F0v2+scale_pattern,data/u_3/s_2/g_flexext_index/recording_slow_29_04_2024_15_11_23.csv,2,0.026034491890549138,0.6663949957557428,0.2858819861966514,0.005467331382437345,0.012163388303286985,0.004057806471332381
validation,3,fast,F0v2+scale_pattern,data/u_3/s_2/g_flexext_middle/recording_fast_29_04_2024_15_13_06.csv,3,0.010737310583312839,0.8371168377176232,0.12688264638611274,0.002025494034434387,0.019709210173734545,0.003528501104782334
validation,3,medium,F0v2+scale_pattern,data/u_3/s_2/g_flexext_middle/recording_medium_29_04_2024_15_12_45.csv,3,0.010025379752388224,0.5317549157802315,0.4260248455970382,0.01155492376561322,0.016784988909724952,0.0038549461950039866
validation,3,slow,F0v2+scale_pattern,data/u_3/s_2/g_flexext_middle/recording_slow_29_04_2024_15_12_24.csv,3,0.09460171873181444,0.8440229283054569,0.028163255667479483,0.000853209544341932,0.025765043563748393,0.0065938441871590875
validation,3,fast,F0v2+scale_pattern,data/u_3/s_2/g_flexext_pinky/recording_fast_29_04_2024_15_15_10.csv,5,0.003985759504476128,0.7535495893089669,0.1753673630713195,0.00730150934590697,0.051361159876689155,0.008434618892641209
validation,3,medium,F0v2+scale_pattern,data/u_3/s_2/g_flexext_pinky/recording_medium_29_04_2024_15_14_50.csv,5,0.0010687408052600705,0.7677024509588073,0.21645219048458927,0.0011556130057769772,0.012212284635025652,0.0014087201105407747
validation,3,slow,F0v2+scale_pattern,data/u_3/s_2/g_flexext_pinky/recording_slow_29_04_2024_15_14_30.csv,5,0.17139069367945256,0.6459638663268824,0.020894114905957394,0.004392008669935859,0.03988007571967275,0.11747924069809926
validation,3,fast,F0v2+scale_pattern,data/u_3/s_2/g_flexext_ring/recording_fast_29_04_2024_15_14_08.csv,4,0.0020155123381222083,0.010406403961328088,0.010526707662696545,3.559129868849313e-05,0.976834731884622,0.00018105285454273146
validation,3,medium,F0v2+scale_pattern,data/u_3/s_2/g_flexext_ring/recording_medium_29_04_2024_15_13_49.csv,4,0.005592756319986483,0.5699843448393715,0.20683134421746993,0.00014021992141402496,0.21514026769375427,0.0023110670080037986
validation,3,slow,F0v2+scale_pattern,data/u_3/s_2/g_flexext_ring/recording_slow_29_04_2024_15_13_28.csv,4,0.012887361312619746,0.767353843813273,0.1391997658611048,0.00027254360911243403,0.07855332919117039,0.0017331562127196642
validation,3,fast,F0v2+scale_pattern,data/u_3/s_2/g_flexext_thumb/recording_fast_29_04_2024_15_11_02.csv,1,0.000515719943623659,0.24979130742052114,0.7273242212190153,0.012016409865235455,0.009004197270139954,0.0013481442814644935
validation,3,medium,F0v2+scale_pattern,data/u_3/s_2/g_flexext_thumb/recording_medium_29_04_2024_15_10_43.csv,1,9.727549251763974e-05,0.33609206444248013,0.5704271728434381,0.0845109827113109,0.005726466741618442,0.003146037768634735
validation,3,slow,F0v2+scale_pattern,data/u_3/s_2/g_flexext_thumb/recording_slow_29_04_2024_15_10_22.csv,1,0.00047942800778746734,0.35594223886275717,0.20151199037782683,0.433640704552303,0.002145465033339986,0.006280173165985427
validation,4,fast,F0v2+scale_pattern,data/u_4/s_2/g_flexext_fist/recording_fast_28_05_2024_13_59_57.csv,0,0.5281410957827686,0.02587752638448715,0.0012839765480004964,0.021859090408124525,0.3800421040750926,0.04279620680152666
validation,4,medium,F0v2+scale_pattern,data/u_4/s_2/g_flexext_fist/recording_medium_28_05_2024_13_59_38.csv,0,0.9494972687934293,0.014364058977702907,0.0009752343595400381,0.0014986238330816895,0.0021267244462460024,0.03153808959
validation,4,slow,F0v2+scale_pattern,data/u_4/s_2/g_flexext_fist/recording_slow_28_05_2024_13_59_18.csv,0,0.5247283243514381,0.1496768985489639,0.00737023623657745,0.15094433833546614,0.019041260475089573,0.14823894205246493
validation,4,fast,F0v2+scale_pattern,data/u_4/s_2/g_flexext_index/recording_fast_28_05_2024_14_01_58.csv,2,3.203299254801859e-06,0.007395386464681188,0.9511766393477719,0.036205820327935005,0.005168530514971807,5.0420045385472475e-05
validation,4,medium,F0v2+scale_pattern,data/u_4/s_2/g_flexext_index/recording_medium_28_05_2024_14_01_39.csv,2,1.0389265154685704e-06,0.010019070342659309,0.5892229892518306,0.3990997471113899,0.0010503359258385038,0.0006068184417661843
validation,4,slow,F0v2+scale_pattern,data/u_4/s_2/g_flexext_index/recording_slow_28_05_2024_14_01_20.csv,2,9.030093785594557e-07,0.006488231994472905,0.33165048111142803,0.659225790007804,0.0006448973052966864,0.0019896965716196375
validation,4,fast,F0v2+scale_pattern,data/u_4/s_2/g_flexext_middle/recording_fast_28_05_2024_14_02_59.csv,3,1.494889118785394e-05,0.0005366166256349888,0.15617707519953147,0.8411313518451206,0.0007031084621460745,0.0014368989763790076
validation,4,medium,F0v2+scale_pattern,data/u_4/s_2/g_flexext_middle/recording_medium_28_05_2024_14_02_40.csv,3,3.6042805187987254e-05,0.012116786834039788,0.7721217451814331,0.20636115948665637,0.00934196130357854,2.2304389104326574e-05
validation,4,slow,F0v2+scale_pattern,data/u_4/s_2/g_flexext_middle/recording_slow_28_05_2024_14_02_20.csv,3,1.826788951025798e-05,0.010574754564633795,0.8854449161395317,0.09515516268891709,0.008769480978192693,3.74177392144449e-05
validation,4,fast,F0v2+scale_pattern,data/u_4/s_2/g_flexext_pinky/recording_fast_28_05_2024_14_05_01.csv,5,3.174566076598196e-06,0.01611739821771685,0.30487481138594463,0.6649380089429623,0.013905547721553767,0.0001610591657458151
validation,4,medium,F0v2+scale_pattern,data/u_4/s_2/g_flexext_pinky/recording_medium_28_05_2024_14_04_40.csv,5,1.5997174764335904e-06,0.009430337166896185,0.22558183735370618,0.7639266224160666,0.0001379859596494757,0.0009216173862050919
validation,4,slow,F0v2+scale_pattern,data/u_4/s_2/g_flexext_pinky/recording_slow_28_05_2024_14_04_21.csv,5,4.605936526234284e-06,0.01920205465699586,0.42649685298924117,0.5457075622492161,0.0035943287417102405,0.0049945954263102025
validation,4,fast,F0v2+scale_pattern,data/u_4/s_2/g_flexext_ring/recording_fast_28_05_2024_14_04_02.csv,4,9.235610525593553e-05,0.010085032889886276,0.04827769263402304,0.9081759999099596,0.02605200527963622,0.007316913181239019
validation,4,medium,F0v2+scale_pattern,data/u_4/s_2/g_flexext_ring/recording_medium_28_05_2024_14_03_41.csv,4,6.337923353687349e-06,0.022632683087461653,0.4719051980662016,0.5034473555800062,0.0010753095061399457,0.0009331158368368091
validation,4,slow,F0v2+scale_pattern,data/u_4/s_2/g_flexext_ring/recording_slow_28_05_2024_14_03_21.csv,4,1.6543940402548444e-06,0.010867420646558306,0.27209090139432296,0.7143914803557702,0.0014580296463972532,0.0011905135629110399
validation,4,fast,F0v2+scale_pattern,data/u_4/s_2/g_flexext_thumb/recording_fast_28_05_2024_14_01_00.csv,1,0.0009194640459168311,0.039120062323484896,0.0015035882385956818,0.17960985042308977,0.6858636279575954,0.09298340701131746
validation,4,medium,F0v2+scale_pattern,data/u_4/s_2/g_flexext_thumb/recording_medium_28_05_2024_14_00_41.csv,1,0.0017252065663191781,0.5997759745342486,0.06321095539307628,0.1952050956501745,0.008252230636631554,0.13183053721954988
validation,4,slow,F0v2+scale_pattern,data/u_4/s_2/g_flexext_thumb/recording_slow_28_05_2024_14_00_20.csv,1,0.00030253014243849564,0.07848358478445132,0.012082316730780612,0.769287077252382,0.002077767773329124,0.13776672331661838
validation,5,fast,F0v2+scale_pattern,data/u_5/s_2/g_flexext_fist/recording_fast_17_05_2024_13_04_53.csv,0,0.987168622320224,4.167418927192572e-05,3.076842311737611e-05,9.869584325827523e-06,0.0005954042833007207,0.012153661199760215
validation,5,medium,F0v2+scale_pattern,data/u_5/s_2/g_flexext_fist/recording_medium_17_05_2024_13_04_32.csv,0,0.9959892373476656,0.0017616671384439982,0.0003848543045740445,1.6154216434050252e-05,0.0003711151036379981,0.0014769718892442742
validation,5,slow,F0v2+scale_pattern,data/u_5/s_2/g_flexext_fist/recording_slow_17_05_2024_13_04_13.csv,0,0.803861570262564,0.15451750768217673,0.0062153666016863535,0.0011304102740799695,0.022299055293540128,0.011976089885952947
validation,5,fast,F0v2+scale_pattern,data/u_5/s_2/g_flexext_index/recording_fast_17_05_2024_13_06_58.csv,2,4.911309154282646e-05,0.0009848425340524946,0.005611091685700074,0.18668284219131945,0.0009756314352487644,0.8056964790621364
validation,5,medium,F0v2+scale_pattern,data/u_5/s_2/g_flexext_index/recording_medium_17_05_2024_13_06_38.csv,2,0.0008032578761787298,0.3826415455887811,0.31929789398967523,0.010684070295208792,0.046793334581599226,0.23977989766855692
validation,5,slow,F0v2+scale_pattern,data/u_5/s_2/g_flexext_index/recording_slow_17_05_2024_13_06_18.csv,2,0.0025457080901800247,0.11875244249947624,0.15590309382118397,0.008711829217410453,0.01512558296309321,0.6989613434086561
validation,5,fast,F0v2+scale_pattern,data/u_5/s_2/g_flexext_middle/recording_fast_17_05_2024_13_08_04.csv,3,8.805451319396028e-05,0.0012871778973740913,0.0037176467480260623,0.7720759609388641,0.00019129646559918885,0.22263986343694256
validation,5,medium,F0v2+scale_pattern,data/u_5/s_2/g_flexext_middle/recording_medium_17_05_2024_13_07_40.csv,3,0.0004309748955033427,0.004548588339552748,0.004725505224022623,0.06503646759249583,0.0012804335973402583,0.9239780303510853
validation,5,slow,F0v2+scale_pattern,data/u_5/s_2/g_flexext_middle/recording_slow_17_05_2024_13_07_18.csv,3,0.002683390751201039,0.03286404940464222,0.006594683767234034,0.04557285215421977,0.0036874805751384,0.9085975433475646
validation,5,fast,F0v2+scale_pattern,data/u_5/s_2/g_flexext_pinky/recording_fast_17_05_2024_13_11_15.csv,5,9.099013543855566e-05,5.4728770116238136e-05,0.002450982993444275,0.04199998113774675,5.971822871872406e-05,0.9553435987345354
validation,5,medium,F0v2+scale_pattern,data/u_5/s_2/g_flexext_pinky/recording_medium_17_05_2024_13_10_53.csv,5,2.100911620646431e-05,0.0002770690765051745,0.0021722526319148776,0.06629441418896759,0.0001198577896085949,0.9311153971967974
validation,5,slow,F0v2+scale_pattern,data/u_5/s_2/g_flexext_pinky/recording_slow_17_05_2024_13_09_44.csv,5,0.00020925356031134502,0.0025285853115648745,0.002906969076982511,0.04974420316912222,0.001980706186389137,0.9426302826956299
validation,5,fast,F0v2+scale_pattern,data/u_5/s_2/g_flexext_ring/recording_fast_17_05_2024_13_09_13.csv,4,0.0042744063103003944,0.0005706609312226714,0.015506747967152339,0.20119666931711006,0.6871145878687622,0.09133692760545217
validation,5,medium,F0v2+scale_pattern,data/u_5/s_2/g_flexext_ring/recording_medium_17_05_2024_13_08_53.csv,4,7.365774087055164e-05,0.0014021543782683533,0.11716353224061728,0.5273116145678942,0.0038582619087020272,0.35019077916364755
validation,5,slow,F0v2+scale_pattern,data/u_5/s_2/g_flexext_ring/recording_slow_17_05_2024_13_08_31.csv,4,0.001109555170583862,0.0880772204914986,0.10040890274862933,0.3944825852194356,0.1163645017272082,0.2995572346426443
validation,5,fast,F0v2+scale_pattern,data/u_5/s_2/g_flexext_thumb/recording_fast_17_05_2024_13_05_58.csv,1,0.0004706380610985362,0.03281735596407093,0.0022090475581423162,0.09210657742367283,0.012558407040045272,0.8598379739529701
validation,5,medium,F0v2+scale_pattern,data/u_5/s_2/g_flexext_thumb/recording_medium_17_05_2024_13_05_36.csv,1,0.0027068307307663146,0.43481923077802187,0.03450294598487452,0.02262878575846726,0.027745244143260957,0.47759696260460915
validation,5,slow,F0v2+scale_pattern,data/u_5/s_2/g_flexext_thumb/recording_slow_17_05_2024_13_05_16.csv,1,0.01439011360623427,0.4931053012986375,0.022798549577631843,0.006494481402097697,0.024417009552344902,0.43879454456305367
validation,6,fast,F0v2+scale_pattern,data/u_6/s_2/g_flexext_fist/recording_fast_17_05_2024_16_07_58.csv,0,0.398104655237884,0.026587150281856545,0.0005307807669368404,0.0005776945678260271,0.5634455678688122,0.010754151276684483
validation,6,medium,F0v2+scale_pattern,data/u_6/s_2/g_flexext_fist/recording_medium_17_05_2024_16_07_37.csv,0,0.43807108004013945,0.22381358872302073,0.0021850437610819195,0.005067011041818788,0.20278830552389673,0.1280749709100423
validation,6,slow,F0v2+scale_pattern,data/u_6/s_2/g_flexext_fist/recording_slow_17_05_2024_16_07_17.csv,0,0.21648798812275422,0.24302628954845978,0.005812897351306873,0.0012146684685054117,0.5274393910617623,0.006018765447211388
validation,6,fast,F0v2+scale_pattern,data/u_6/s_2/g_flexext_index/recording_fast_17_05_2024_16_10_20.csv,2,0.08203893252279049,0.4291538238896952,0.42739921387095636,0.04887077643019205,0.0018867064834681851,0.010650546802897672
validation,6,medium,F0v2+scale_pattern,data/u_6/s_2/g_flexext_index/recording_medium_17_05_2024_16_10_00.csv,2,0.5871129394668391,0.19365966750191857,0.09453344295115655,0.042154893868100674,0.003181044102285223,0.07935801210969998
validation,6,slow,F0v2+scale_pattern,data/u_6/s_2/g_flexext_index/recording_slow_17_05_2024_16_09_41.csv,2,0.27156173246498433,0.2993168743830055,0.2673476795050663,0.10620903551190716,0.002108580157292947,0.053456097977743644
validation,6,fast,F0v2+scale_pattern,data/u_6/s_2/g_flexext_middle/recording_fast_17_05_2024_16_11_23.csv,3,0.0056711030845475125,0.03633605610519679,0.026563785159550542,0.7098837088913444,0.009320487026044764,0.21222485973331592
validation,6,medium,F0v2+scale_pattern,data/u_6/s_2/g_flexext_middle/recording_medium_17_05_2024_16_11_03.csv,3,0.059607052273795515,0.012329484269195747,0.017495172166690182,0.02271612117110288,0.0019834914280607028,0.8858686786911549
validation,6,slow,F0v2+scale_pattern,data/u_6/s_2/g_flexext_middle/recording_slow_17_05_2024_16_10_42.csv,3,0.0636176612539749,0.05883971999102569,0.07708612479091648,0.283949266700371,0.0030625654651881135,0.5134446617985238
validation,6,fast,F0v2+scale_pattern,data/u_6/s_2/g_flexext_pinky/recording_fast_17_05_2024_16_13_27.csv,5,0.8889114061299722,0.015166274513934685,0.005665949495318328,0.0023340938823636285,0.00016425258084755797,0.08775802339756368
validation,6,medium,F0v2+scale_pattern,data/u_6/s_2/g_flexext_pinky/recording_medium_17_05_2024_16_13_06.csv,5,0.2066048511979185,0.0604232765060134,0.053352043816553445,0.37496724514711377,0.00138748359205052,0.3032650997403505
validation,6,slow,F0v2+scale_pattern,data/u_6/s_2/g_flexext_pinky/recording_slow_17_05_2024_16_12_46.csv,5,0.4357675508505861,0.184136149382046,0.10387323372238629,0.11422264471800929,0.0020314051068191226,0.1599690162201533
validation,6,fast,F0v2+scale_pattern,data/u_6/s_2/g_flexext_ring/recording_fast_17_05_2024_16_12_23.csv,4,0.0013364691360096266,0.012748879301970143,0.002294736586507616,0.026797835474283854,0.940156276969759,0.016665802531469757
validation,6,medium,F0v2+scale_pattern,data/u_6/s_2/g_flexext_ring/recording_medium_17_05_2024_16_12_03.csv,4,0.007568860445275293,0.0027092768177972267,0.001039127771488448,0.026507180038259064,0.829696236915021,0.13247931801215904
validation,6,slow,F0v2+scale_pattern,data/u_6/s_2/g_flexext_ring/recording_slow_17_05_2024_16_11_45.csv,4,0.16207981849823716,0.002200894945461708,0.0008174008714587209,0.027582165025153184,0.5143874894764678,0.2929322311832214
validation,6,fast,F0v2+scale_pattern,data/u_6/s_2/g_flexext_thumb/recording_fast_17_05_2024_16_09_16.csv,1,0.638479419694085,0.3497279604333462,0.0016284423353514798,0.00018498500043501127,0.0015001720818766157,0.008479020454905657
validation,6,medium,F0v2+scale_pattern,data/u_6/s_2/g_flexext_thumb/recording_medium_17_05_2024_16_08_55.csv,1,0.1151741753535533,0.8684499210852884,0.009093831031867535,0.0005219115544182468,0.0018887432514929265,0.004871417723379855
validation,6,slow,F0v2+scale_pattern,data/u_6/s_2/g_flexext_thumb/recording_slow_17_05_2024_16_08_37.csv,1,0.17561193394874708,0.7700997306307569,0.0025439383635686417,0.001076121780846292,0.026524357745610846,0.0241439175304702
validation,7,fast,F0v2+scale_pattern,data/u_7/s_2/g_flexext_fist/recording_fast_02_05_2024_15_12_18.csv,0,0.9999638822674201,4.432533803606283e-06,1.2966394133795592e-06,1.1866500296576947e-08,1.7250421918143204e-05,1.312627094450794e-05
validation,7,medium,F0v2+scale_pattern,data/u_7/s_2/g_flexext_fist/recording_medium_02_05_2024_15_11_57.csv,0,0.9615334246629708,0.004166760089161583,0.011536185971489716,0.00023457290570798374,0.022325991235116277,0.00020306513555379559
validation,7,slow,F0v2+scale_pattern,data/u_7/s_2/g_flexext_fist/recording_slow_02_05_2024_15_11_34.csv,0,0.9657334420061415,0.002694063169815646,0.021316019552689316,0.0005706366744435104,0.009466634137256815,0.00021920445965316904
validation,7,fast,F0v2+scale_pattern,data/u_7/s_2/g_flexext_index/recording_fast_02_05_2024_15_14_56.csv,2,0.002889047703086232,0.7448345122502315,0.13023066432043837,0.0005773895061722764,0.12039744050296948,0.0010709457171023526
validation,7,medium,F0v2+scale_pattern,data/u_7/s_2/g_flexext_index/recording_medium_02_05_2024_15_14_36.csv,2,0.01743391621173167,0.8233884063630662,0.08985959452942519,0.00019566428464811727,0.06834825350936835,0.0007741651017605121
validation,7,slow,F0v2+scale_pattern,data/u_7/s_2/g_flexext_index/recording_slow_02_05_2024_15_14_14.csv,2,0.007255858840914069,0.7285926471543599,0.20329144718445044,0.018831646411115132,0.027321559132711042,0.01470684127644951
validation,7,fast,F0v2+scale_pattern,data/u_7/s_2/g_flexext_middle/recording_fast_02_05_2024_15_15_56.csv,3,0.0005901857492154183,0.12315854352263303,0.8715075771372379,0.00037976807073723275,0.003932705922029074,0.0004312195981474172
validation,7,medium,F0v2+scale_pattern,data/u_7/s_2/g_flexext_middle/recording_medium_02_05_2024_15_15_37.csv,3,0.0004995583691456487,0.12911491051899274,0.8679285176052068,0.0012826227465123391,0.0004384049758230998,0.0007359857843193208
validation,7,slow,F0v2+scale_pattern,data/u_7/s_2/g_flexext_middle/recording_slow_02_05_2024_15_15_16.csv,3,0.0017470409895946053,0.1723388615485392,0.8177940464984749,0.0029048931541988386,0.0044750902454813914,0.0007400675637113174
validation,7,fast,F0v2+scale_pattern,data/u_7/s_2/g_flexext_pinky/recording_fast_02_05_2024_15_18_29.csv,5,0.007131086045029466,0.07143273137222429,0.46748511928952535,0.012443325339497095,0.4326313942508368,0.00887634370288675
validation,7,medium,F0v2+scale_pattern,data/u_7/s_2/g_flexext_pinky/recording_medium_02_05_2024_15_18_06.csv,5,0.00023489274157930903,0.02383284130620726,0.9719336250262389,0.001667225614929676,0.001956106628327404,0.0003753086827174427
validation,7,slow,F0v2+scale_pattern,data/u_7/s_2/g_flexext_pinky/recording_slow_02_05_2024_15_17_45.csv,5,0.001020263006263734,0.0550074158406398,0.8544170436314708,0.01654038639940374,0.06843728525170653,0.004577605870515438
validation,7,fast,F0v2+scale_pattern,data/u_7/s_2/g_flexext_ring/recording_fast_02_05_2024_15_17_23.csv,4,0.000145997524618206,0.007575538815394114,0.2785018072584055,0.0005407188448952935,0.7126335309013256,0.0006024066553611617
validation,7,medium,F0v2+scale_pattern,data/u_7/s_2/g_flexext_ring/recording_medium_02_05_2024_15_16_39.csv,4,0.0007847421590575343,0.017468024947733217,0.5759683052890547,0.00233303061618497,0.4023941635182399,0.0010517334697296816
validation,7,slow,F0v2+scale_pattern,data/u_7/s_2/g_flexext_ring/recording_slow_02_05_2024_15_16_17.csv,4,0.0007698659148988479,0.050964362244153724,0.736715943177576,0.0024937220658189088,0.20838908287434724,0.0006670237232051721
validation,7,fast,F0v2+scale_pattern,data/u_7/s_2/g_flexext_thumb/recording_fast_02_05_2024_15_13_47.csv,1,0.004506646010994229,0.10966759376876342,0.7632269296955841,0.0018911949331945586,0.12031595093221359,0.00039168465925010476
validation,7,medium,F0v2+scale_pattern,data/u_7/s_2/g_flexext_thumb/recording_medium_02_05_2024_15_13_26.csv,1,0.0020403036119298434,0.03708614965438734,0.9145563260214021,0.025972499088877624,0.01865978198175997,0.0016849396416431447
validation,7,slow,F0v2+scale_pattern,data/u_7/s_2/g_flexext_thumb/recording_slow_02_05_2024_15_12_41.csv,1,0.008178923453429231,0.19754664456912666,0.40925469510278684,0.14285410327698686,0.23602467593153684,0.006140957666133503
validation,8,fast,F0v2+scale_pattern,data/u_8/s_2/g_flexext_fist/recording_fast_17_06_2024_15_42_00.csv,0,0.9124810032487324,0.0018826380148532118,0.000572468802112998,0.0005419030158448928,0.004147853617349599,0.08037413330110663
validation,8,medium,F0v2+scale_pattern,data/u_8/s_2/g_flexext_fist/recording_medium_17_06_2024_15_41_19.csv,0,0.842045989070907,0.01334335284746328,0.0005870873168071219,0.003725537190595541,0.0038564805800056856,0.1364415529942212
validation,8,slow,F0v2+scale_pattern,data/u_8/s_2/g_flexext_fist/recording_slow_17_06_2024_15_40_56.csv,0,0.05493823713474026,0.044039234032680355,0.004100012048557778,0.4097847475233334,0.017687115188960486,0.4694506540717278
validation,8,fast,F0v2+scale_pattern,data/u_8/s_2/g_flexext_index/recording_fast_17_06_2024_15_44_33.csv,2,0.002279800937545298,0.09331687161929038,0.9027408553601323,0.00025782227864962345,0.0003808253743683644,0.0010238244300140008
validation,8,medium,F0v2+scale_pattern,data/u_8/s_2/g_flexext_index/recording_medium_17_06_2024_15_44_10.csv,2,0.021034435882812744,0.14182103958506365,0.8338012216738113,8.161625752689182e-05,0.0018645613781453857,0.0013971252226400565
validation,8,slow,F0v2+scale_pattern,data/u_8/s_2/g_flexext_index/recording_slow_17_06_2024_15_43_46.csv,2,0.004190521946267249,0.10026319402877192,0.8905651538565813,0.00010301973872605327,0.0031079856227991414,0.0017701248068544726
validation,8,fast,F0v2+scale_pattern,data/u_8/s_2/g_flexext_middle/recording_fast_17_06_2024_15_45_59.csv,3,0.0008528489427524299,0.03291043585966462,0.935977088093343,0.022776872555527655,0.004081719058415793,0.003401035490296205
validation,8,medium,F0v2+scale_pattern,data/u_8/s_2/g_flexext_middle/recording_medium_17_06_2024_15_45_36.csv,3,0.001348445472494168,0.1765104676178774,0.8064050148381393,0.007686273451125154,0.0017060584557324462,0.006343740164631624
validation,8,slow,F0v2+scale_pattern,data/u_8/s_2/g_flexext_middle/recording_slow_17_06_2024_15_45_16.csv,3,9.671668000834792e-05,0.037413390617929844,0.9463506774904594,0.013598550438041878,0.0005278871441864061,0.002012777629374049
validation,8,fast,F0v2+scale_pattern,data/u_8/s_2/g_flexext_pinky/recording_fast_17_06_2024_15_48_32.csv,5,0.0008331864615748778,0.1919273650588467,0.6831886217305588,0.031005609238600528,0.016214878659256308,0.07683033885116287
validation,8,medium,F0v2+scale_pattern,data/u_8/s_2/g_flexext_pinky/recording_medium_17_06_2024_15_48_09.csv,5,0.0023017879207447604,0.244656187876123,0.4225847297433942,0.031407700383554484,0.05434175017498479,0.24470784390119862
validation,8,slow,F0v2+scale_pattern,data/u_8/s_2/g_flexext_pinky/recording_slow_17_06_2024_15_47_46.csv,5,0.0003015291678671768,0.1884632349440836,0.7647760712122145,0.01647763940567802,0.002968348239403484,0.027013177030753236
validation,8,fast,F0v2+scale_pattern,data/u_8/s_2/g_flexext_ring/recording_fast_17_06_2024_15_47_22.csv,4,0.0008437026359804731,0.006795603308001505,0.0011366846148095988,0.0001494590765453044,0.9905221481810242,0.0005524021836389456
validation,8,medium,F0v2+scale_pattern,data/u_8/s_2/g_flexext_ring/recording_medium_17_06_2024_15_46_58.csv,4,0.0005933813739019345,0.018244974920592377,0.0039115531089094265,0.0002057739358407364,0.9761083634515548,0.0009359532092004715
validation,8,slow,F0v2+scale_pattern,data/u_8/s_2/g_flexext_ring/recording_slow_17_06_2024_15_46_34.csv,4,0.0011674143005199844,0.11701471402439993,0.8618983407032549,0.00518682960411948,0.008939997255660316,0.005792704112045469
validation,8,fast,F0v2+scale_pattern,data/u_8/s_2/g_flexext_thumb/recording_fast_17_06_2024_15_43_22.csv,1,0.00162317467378043,0.12318894012028099,0.8617294893336451,0.0011431556330697092,0.008808502691371095,0.003506737547852806
validation,8,medium,F0v2+scale_pattern,data/u_8/s_2/g_flexext_thumb/recording_medium_17_06_2024_15_42_59.csv,1,2.5762943541321412e-06,0.012323229379467695,0.9857037050654357,0.00020005653481515556,0.0016833305870791737,8.710213884807377e-05
validation,8,slow,F0v2+scale_pattern,data/u_8/s_2/g_flexext_thumb/recording_slow_17_06_2024_15_42_32.csv,1,0.19046896576445366,0.4563958461879091,0.32999292387234747,8.189021113338117e-05,0.02185518381295483,0.001205190151201516
validation,3,fast,F0v2+ring_lag,data/u_3/s_2/g_flexext_fist/recording_fast_29_04_2024_15_09_59.csv,0,0.9724804273006609,0.023674870565737395,0.00041411093424593455,2.776817145494873e-06,0.0030453549960889636,0.0003824593861212673
validation,3,medium,F0v2+ring_lag,data/u_3/s_2/g_flexext_fist/recording_medium_29_04_2024_15_09_37.csv,0,0.9997814546912476,0.00016840492849063622,1.9352861286170627e-06,1.1303772826971333e-07,9.266765276820347e-06,3.8825291127811123e-05
validation,3,slow,F0v2+ring_lag,data/u_3/s_2/g_flexext_fist/recording_slow_29_04_2024_15_09_16.csv,0,0.17469655730989467,0.7808042894596688,0.00035779413462195983,5.953310548583703e-07,0.04385134010886481,0.0002894236558948119
validation,3,fast,F0v2+ring_lag,data/u_3/s_2/g_flexext_index/recording_fast_29_04_2024_15_12_03.csv,2,0.00024275049785012348,0.0011736294609323537,0.9914254031036717,0.00017701614727330334,0.005930649601557328,0.0010505511887154543
validation,3,medium,F0v2+ring_lag,data/u_3/s_2/g_flexext_index/recording_medium_29_04_2024_15_11_43.csv,2,0.004718338730947791,0.9239262546545716,0.041670077938321406,0.0005391589860283441,0.02777368715941059,0.0013724825307205053
validation,3,slow,F0v2+ring_lag,data/u_3/s_2/g_flexext_index/recording_slow_29_04_2024_15_11_23.csv,2,0.005497330717299065,0.9302521318311548,0.028533130731719467,0.0029160067833478836,0.029723667477520147,0.003077732458958481
validation,3,fast,F0v2+ring_lag,data/u_3/s_2/g_flexext_middle/recording_fast_29_04_2024_15_13_06.csv,3,0.02100881015061374,0.4554242873228939,0.13486110498792622,0.016948925082218205,0.33496993843820505,0.03678693401814288
validation,3,medium,F0v2+ring_lag,data/u_3/s_2/g_flexext_middle/recording_medium_29_04_2024_15_12_45.csv,3,0.011568878696385045,0.08806874918673088,0.8381388684515487,0.014193887857390675,0.042072487424156986,0.005957128383787613
validation,3,slow,F0v2+ring_lag,data/u_3/s_2/g_flexext_middle/recording_slow_29_04_2024_15_12_24.csv,3,0.06273418411606461,0.7806845025882271,0.016184360815057044,0.0001697953243274704,0.13222020297104173,0.008006954185281953
validation,3,fast,F0v2+ring_lag,data/u_3/s_2/g_flexext_pinky/recording_fast_29_04_2024_15_15_10.csv,5,0.013022063052102096,0.29203815764004926,0.5367814224920556,0.04879466782191104,0.09977479321597667,0.009588895777905195
validation,3,medium,F0v2+ring_lag,data/u_3/s_2/g_flexext_pinky/recording_medium_29_04_2024_15_14_50.csv,5,0.007717726363248588,0.7390267204252524,0.16109061213406503,0.009670544771840024,0.07886378812813728,0.0036306081774565885
validation,3,slow,F0v2+ring_lag,data/u_3/s_2/g_flexext_pinky/recording_slow_29_04_2024_15_14_30.csv,5,0.3955069843839143,0.08522109229325288,0.17479979271538085,0.03458080943875874,0.1408463957975985,0.1690449253710948
validation,3,fast,F0v2+ring_lag,data/u_3/s_2/g_flexext_ring/recording_fast_29_04_2024_15_14_08.csv,4,0.0006496761247743218,0.002320669540545216,0.001997980672121851,0.0005645402043871498,0.9927578156760479,0.001709317782123389
validation,3,medium,F0v2+ring_lag,data/u_3/s_2/g_flexext_ring/recording_medium_29_04_2024_15_13_49.csv,4,0.0021421020681032786,0.045803637717840816,0.7738920664619113,0.0001002557714517127,0.17589765614878705,0.0021642818319058117
validation,3,slow,F0v2+ring_lag,data/u_3/s_2/g_flexext_ring/recording_slow_29_04_2024_15_13_28.csv,4,0.007847117739968544,0.29893193636448295,0.34099949188626627,0.0012673361859113978,0.34408500933282254,0.006869108490548377
validation,3,fast,F0v2+ring_lag,data/u_3/s_2/g_flexext_thumb/recording_fast_29_04_2024_15_11_02.csv,1,8.551549070537063e-05,0.005967469531071031,0.9829526856172925,0.007364243008794803,0.0022095038282016846,0.0014205825239346076
validation,3,medium,F0v2+ring_lag,data/u_3/s_2/g_flexext_thumb/recording_medium_29_04_2024_15_10_43.csv,1,1.335946958693285e-05,0.0015980963300694752,0.9805542699721046,0.01624837606727158,0.0005099295783290378,0.001075968582638418
validation,3,slow,F0v2+ring_lag,data/u_3/s_2/g_flexext_thumb/recording_slow_29_04_2024_15_10_22.csv,1,0.001148906720535085,0.2910891171703269,0.2891211072123708,0.330547856467453,0.013308399354925822,0.07478461307438836
validation,4,fast,F0v2+ring_lag,data/u_4/s_2/g_flexext_fist/recording_fast_28_05_2024_13_59_57.csv,0,0.91386449542031,0.0016151325029817403,0.013727855871539471,0.004229841082645835,0.051338827025393725,0.015223848097128921
validation,4,medium,F0v2+ring_lag,data/u_4/s_2/g_flexext_fist/recording_medium_28_05_2024_13_59_38.csv,0,0.9829282998761225,0.004184663350102971,0.00597694016358281,0.00042798333202375246,0.0005728661281080517,0.00590924715005981
validation,4,slow,F0v2+ring_lag,data/u_4/s_2/g_flexext_fist/recording_slow_28_05_2024_13_59_18.csv,0,0.8760179360728106,0.03236736892521458,0.02952343839194471,0.028424752489006274,0.005929001499734994,0.02773750262128856
validation,4,fast,F0v2+ring_lag,data/u_4/s_2/g_flexext_index/recording_fast_28_05_2024_14_01_58.csv,2,8.292834768265799e-07,0.0003371958355259432,0.9982231658362631,0.0009552278491483482,0.0004664292187351367,1.7151976850552866e-05
validation,4,medium,F0v2+ring_lag,data/u_4/s_2/g_flexext_index/recording_medium_28_05_2024_14_01_39.csv,2,1.6169672266879301e-06,0.0010968483895749284,0.9646720709684273,0.03329394234964244,0.00030196295217761564,0.0006335583729508779
validation,4,slow,F0v2+ring_lag,data/u_4/s_2/g_flexext_index/recording_slow_28_05_2024_14_01_20.csv,2,1.716829892592325e-06,0.0016050538048248994,0.9639904762020388,0.03168671451164436,0.000500653931989313,0.002215384719609978
validation,4,fast,F0v2+ring_lag,data/u_4/s_2/g_flexext_middle/recording_fast_28_05_2024_14_02_59.csv,3,9.397553961684407e-06,6.650711693174507e-05,0.11224229724289496,0.8848289365910842,0.0013150952073286298,0.001537766287798929
validation,4,medium,F0v2+ring_lag,data/u_4/s_2/g_flexext_middle/recording_medium_28_05_2024_14_02_40.csv,3,1.0534964256412643e-05,0.004799644052188225,0.9809191790247503,0.01140675728109013,0.002848757849657764,1.5126828057431843e-05
validation,4,slow,F0v2+ring_lag,data/u_4/s_2/g_flexext_middle/recording_slow_28_05_2024_14_02_20.csv,3,2.9154285679147963e-05,0.0024268773331222195,0.9804683390700238,0.012587610323826305,0.0044097721002318265,7.824688711663687e-05
validation,4,fast,F0v2+ring_lag,data/u_4/s_2/g_flexext_pinky/recording_fast_28_05_2024_14_05_01.csv,5,5.085376227209094e-06,0.0006057154455191458,0.936999810961375,0.05820781052107178,0.004125523758381246,5.605393742563059e-05
validation,4,medium,F0v2+ring_lag,data/u_4/s_2/g_flexext_pinky/recording_medium_28_05_2024_14_04_40.csv,5,2.248715325235084e-05,0.01030414614262458,0.6443008971710489,0.3427372176903017,0.00031526680782439665,0.002319985034947964
validation,4,slow,F0v2+ring_lag,data/u_4/s_2/g_flexext_pinky/recording_slow_28_05_2024_14_04_21.csv,5,1.1247222478875731e-05,0.0016559604951334717,0.7497819726904738,0.24580012259800132,0.001046942194654423,0.0017037547992581426
validation,4,fast,F0v2+ring_lag,data/u_4/s_2/g_flexext_ring/recording_fast_28_05_2024_14_04_02.csv,4,0.00020736269956707397,0.00042773427632228735,0.408855512031499,0.5709268821333782,0.009800757940227115,0.009781750919006411
validation,4,medium,F0v2+ring_lag,data/u_4/s_2/g_flexext_ring/recording_medium_28_05_2024_14_03_41.csv,4,1.610251820365644e-05,0.02694393942195111,0.31087600110592034,0.6579365153741268,0.002736171901005236,0.0014912696787928845
validation,4,slow,F0v2+ring_lag,data/u_4/s_2/g_flexext_ring/recording_slow_28_05_2024_14_03_21.csv,4,3.155436954420862e-06,0.00969260890203659,0.7535122727155461,0.2291619680256981,0.004809162011982335,0.0028208329077824604
validation,4,fast,F0v2+ring_lag,data/u_4/s_2/g_flexext_thumb/recording_fast_28_05_2024_14_01_00.csv,1,0.01578916433842488,0.23164162474366257,0.0016583813830564587,0.1175266432434754,0.5153475634899626,0.11803662280141809
validation,4,medium,F0v2+ring_lag,data/u_4/s_2/g_flexext_thumb/recording_medium_28_05_2024_14_00_41.csv,1,0.0026688733409635295,0.7602530435952067,0.06352287897046137,0.05666745803847129,0.005092359093461246,0.11179538696143582
validation,4,slow,F0v2+ring_lag,data/u_4/s_2/g_flexext_thumb/recording_slow_28_05_2024_14_00_20.csv,1,0.0043080418684407346,0.1781701222732845,0.048320145540475076,0.7358310251897885,0.0025909108693932363,0.03077975425861798
validation,5,fast,F0v2+ring_lag,data/u_5/s_2/g_flexext_fist/recording_fast_17_05_2024_13_04_53.csv,0,0.9953674301276947,2.238650527273321e-07,0.00037322486567857555,1.1285785687496448e-05,0.00019364571758282898,0.004054189638303721
validation,5,medium,F0v2+ring_lag,data/u_5/s_2/g_flexext_fist/recording_medium_17_05_2024_13_04_32.csv,0,0.996643952435543,0.0006770851085748932,0.001787783977922369,5.434027093459951e-06,0.0002628014187128733,0.0006229430321532278
validation,5,slow,F0v2+ring_lag,data/u_5/s_2/g_flexext_fist/recording_slow_17_05_2024_13_04_13.csv,0,0.574004486089761,0.4052591554571274,0.0008304788665710424,0.0017239010828822882,0.015594242724200198,0.0025877357794581134
validation,5,fast,F0v2+ring_lag,data/u_5/s_2/g_flexext_index/recording_fast_17_05_2024_13_06_58.csv,2,0.00020635440727894317,0.0005758483620448471,0.0008133618743611357,0.4950218169142927,0.0012603205826935714,0.5021222978593287
validation,5,medium,F0v2+ring_lag,data/u_5/s_2/g_flexext_index/recording_medium_17_05_2024_13_06_38.csv,2,0.000304995734031427,0.5495785003955816,0.0013551555184811313,0.004166365945173373,0.141856547177405,0.30273843522932736
validation,5,slow,F0v2+ring_lag,data/u_5/s_2/g_flexext_index/recording_slow_17_05_2024_13_06_18.csv,2,0.0036397379691489626,0.0969935699029343,0.005051397753230293,0.022766748725287948,0.01491255299239387,0.8566359926570046
validation,5,fast,F0v2+ring_lag,data/u_5/s_2/g_flexext_middle/recording_fast_17_05_2024_13_08_04.csv,3,8.119168967574077e-05,0.000379553667065794,0.00013145051882733878,0.9318915938386839,8.660713233922818e-05,0.0674296031534079
validation,5,medium,F0v2+ring_lag,data/u_5/s_2/g_flexext_middle/recording_medium_17_05_2024_13_07_40.csv,3,3.408611827784885e-05,0.0028372626347962855,9.080571881358952e-06,0.04874447037469387,0.0018104229383405141,0.9465646773620102
validation,5,slow,F0v2+ring_lag,data/u_5/s_2/g_flexext_middle/recording_slow_17_05_2024_13_07_18.csv,3,0.0011215352029289066,0.014881955293549852,1.5082092255378723e-05,0.455318892554188,0.0026924558175870413,0.5259700790394908
validation,5,fast,F0v2+ring_lag,data/u_5/s_2/g_flexext_pinky/recording_fast_17_05_2024_13_11_15.csv,5,9.795891204102044e-05,1.540804256145752e-05,0.0007515009891280063,0.08156051597182552,0.00011421831475057308,0.9174603977696933
validation,5,medium,F0v2+ring_lag,data/u_5/s_2/g_flexext_pinky/recording_medium_17_05_2024_13_10_53.csv,5,4.03706350566648e-05,0.0002491623869341233,0.00032312842932167646,0.020392698571499376,6.193839767811902e-05,0.97893270157951
validation,5,slow,F0v2+ring_lag,data/u_5/s_2/g_flexext_pinky/recording_slow_17_05_2024_13_09_44.csv,5,7.176354507678531e-05,0.012282466875493621,1.3975164529236537e-05,0.03215560038577797,0.0030645398143929153,0.9524116542147295
validation,5,fast,F0v2+ring_lag,data/u_5/s_2/g_flexext_ring/recording_fast_17_05_2024_13_09_13.csv,4,0.0019515327873151967,0.0003438009925013057,0.00035281358741055677,0.19587641805380937,0.7146650875192858,0.08681034705967783
validation,5,medium,F0v2+ring_lag,data/u_5/s_2/g_flexext_ring/recording_medium_17_05_2024_13_08_53.csv,4,2.6840644711224068e-05,0.0006017171267166602,0.0055153902042791615,0.7288770831102949,0.0041040434881793215,0.2608749254258187
validation,5,slow,F0v2+ring_lag,data/u_5/s_2/g_flexext_ring/recording_slow_17_05_2024_13_08_31.csv,4,0.0008628507849716017,0.24215092669557886,0.00461196864168149,0.33447102694332903,0.10285606050568936,0.31504716642874964
validation,5,fast,F0v2+ring_lag,data/u_5/s_2/g_flexext_thumb/recording_fast_17_05_2024_13_05_58.csv,1,8.87615448635095e-05,0.08353095615860853,0.00018570513185772928,0.0034288473662138037,0.020406881088514947,0.8923588487099415
validation,5,medium,F0v2+ring_lag,data/u_5/s_2/g_flexext_thumb/recording_medium_17_05_2024_13_05_36.csv,1,0.0015610247964282745,0.5697787856343842,7.619739424295466e-05,0.01101534265472328,0.04611849604221112,0.3714501534780102
validation,5,slow,F0v2+ring_lag,data/u_5/s_2/g_flexext_thumb/recording_slow_17_05_2024_13_05_16.csv,1,0.007461977447411737,0.7637751045800696,7.906268905033606e-05,0.007672227760788476,0.024862236618992,0.19614939090368788
validation,6,fast,F0v2+ring_lag,data/u_6/s_2/g_flexext_fist/recording_fast_17_05_2024_16_07_58.csv,0,0.5783423449615043,0.010962297952284953,0.0018717960284849913,0.0006907587689882616,0.3990544902286109,0.009078312060126643
validation,6,medium,F0v2+ring_lag,data/u_6/s_2/g_flexext_fist/recording_medium_17_05_2024_16_07_37.csv,0,0.4910762011451335,0.22724278780493934,0.014853048550401638,0.0024497931037878126,0.1395172028367255,0.12486096655901227
validation,6,slow,F0v2+ring_lag,data/u_6/s_2/g_flexext_fist/recording_slow_17_05_2024_16_07_17.csv,0,0.21025020148327184,0.3944990423046158,0.06555937101014289,0.0021718425624954727,0.320822615756526,0.0066969268829481015
validation,6,fast,F0v2+ring_lag,data/u_6/s_2/g_flexext_index/recording_fast_17_05_2024_16_10_20.csv,2,0.16270520973455257,0.08794583709035154,0.4223505031480459,0.31891362761993763,0.0031765762807823006,0.004908246126329973
validation,6,medium,F0v2+ring_lag,data/u_6/s_2/g_flexext_index/recording_medium_17_05_2024_16_10_00.csv,2,0.4631484926041213,0.01778403159069547,0.31605788836622345,0.14708942450753157,0.004255940991972091,0.05166422193945615
validation,6,slow,F0v2+ring_lag,data/u_6/s_2/g_flexext_index/recording_slow_17_05_2024_16_09_41.csv,2,0.28717751373063577,0.03146030723046675,0.4484237841093908,0.22001291550914465,0.0018391576294423313,0.011086321790919784
validation,6,fast,F0v2+ring_lag,data/u_6/s_2/g_flexext_middle/recording_fast_17_05_2024_16_11_23.csv,3,0.004329882908579926,0.00042892697957148745,0.0059473123124057,0.8891582284020244,0.0039422943336948,0.0961933550637238
validation,6,medium,F0v2+ring_lag,data/u_6/s_2/g_flexext_middle/recording_medium_17_05_2024_16_11_03.csv,3,0.02920012494896971,0.0012057250160837807,0.02086429916047457,0.04619816378053307,0.005876566297991021,0.8966551207959478
validation,6,slow,F0v2+ring_lag,data/u_6/s_2/g_flexext_middle/recording_slow_17_05_2024_16_10_42.csv,3,0.09619606748687892,0.06533451109103289,0.022810530923101178,0.32536035068410524,0.00872176311710685,0.48157677669777504
validation,6,fast,F0v2+ring_lag,data/u_6/s_2/g_flexext_pinky/recording_fast_17_05_2024_16_13_27.csv,5,0.7221631328409627,0.043386971247286986,0.021237821100745992,0.0023281799955809446,0.0019159771422841145,0.2089679176731393
validation,6,medium,F0v2+ring_lag,data/u_6/s_2/g_flexext_pinky/recording_medium_17_05_2024_16_13_06.csv,5,0.2390642625203729,0.06894485450523373,0.21452078246349549,0.33790658420894726,0.0020697138285271587,0.13749380247342344
validation,6,slow,F0v2+ring_lag,data/u_6/s_2/g_flexext_pinky/recording_slow_17_05_2024_16_12_46.csv,5,0.3153377541855494,0.11240801936598904,0.29761680211875946,0.17727246707035407,0.008569874249953913,0.08879508300939416
validation,6,fast,F0v2+ring_lag,data/u_6/s_2/g_flexext_ring/recording_fast_17_05_2024_16_12_23.csv,4,0.021685881064242796,0.0009688524737545355,0.07894968682997984,0.2123967279167208,0.6635024329330441,0.022496418782257974
validation,6,medium,F0v2+ring_lag,data/u_6/s_2/g_flexext_ring/recording_medium_17_05_2024_16_12_03.csv,4,0.028668047920835635,0.0002124086025777224,0.05556080871032487,0.10999182907531087,0.6119333462749614,0.19363355941598942
validation,6,slow,F0v2+ring_lag,data/u_6/s_2/g_flexext_ring/recording_slow_17_05_2024_16_11_45.csv,4,0.32797668147954334,0.0001453131947329112,0.012224912307811262,0.003644265132919926,0.2769242224338141,0.37908460545117845
validation,6,fast,F0v2+ring_lag,data/u_6/s_2/g_flexext_thumb/recording_fast_17_05_2024_16_09_16.csv,1,0.4744097209272465,0.5157174300328115,0.0003301603762798952,0.00028264032110268884,0.0037960466685440703,0.005464001674015405
validation,6,medium,F0v2+ring_lag,data/u_6/s_2/g_flexext_thumb/recording_medium_17_05_2024_16_08_55.csv,1,0.19673174815624317,0.7221826702681561,0.015298471173848699,0.009543934006509868,0.024348751321110088,0.03189442507413206
validation,6,slow,F0v2+ring_lag,data/u_6/s_2/g_flexext_thumb/recording_slow_17_05_2024_16_08_37.csv,1,0.1755132136540532,0.32424092798825255,0.0003546859571255208,0.023556674674751987,0.309045072218902,0.16728942550691484
validation,7,fast,F0v2+ring_lag,data/u_7/s_2/g_flexext_fist/recording_fast_02_05_2024_15_12_18.csv,0,0.9997376668376788,1.8364579482091414e-05,0.00019746320289935012,5.688115600395428e-08,3.196859126095919e-05,1.4479907522991124e-05
validation,7,medium,F0v2+ring_lag,data/u_7/s_2/g_flexext_fist/recording_medium_02_05_2024_15_11_57.csv,0,0.16118925651111293,0.001650153897327657,0.8167194663923694,0.0005242427951091429,0.018570155130034686,0.0013467252740461382
validation,7,slow,F0v2+ring_lag,data/u_7/s_2/g_flexext_fist/recording_slow_02_05_2024_15_11_34.csv,0,0.3409379528244057,0.0011747814487440783,0.6530996211985732,0.0014800988395963688,0.0031383589501341384,0.0001691867385466899
validation,7,fast,F0v2+ring_lag,data/u_7/s_2/g_flexext_index/recording_fast_02_05_2024_15_14_56.csv,2,0.0004757914178576559,0.05656324195134196,0.9373634666467138,7.940237528004141e-05,0.005447708169699843,7.038943910675778e-05
validation,7,medium,F0v2+ring_lag,data/u_7/s_2/g_flexext_index/recording_medium_02_05_2024_15_14_36.csv,2,0.0033280068271229826,0.061825289956577385,0.927482982743667,2.0598320212774274e-05,0.007188731859067226,0.00015439029335257703
validation,7,slow,F0v2+ring_lag,data/u_7/s_2/g_flexext_index/recording_slow_02_05_2024_15_14_14.csv,2,0.0007112372131264069,0.04224199415787335,0.9552923322630092,0.000929650840048936,0.0006403375796565085,0.0001844479462854255
validation,7,fast,F0v2+ring_lag,data/u_7/s_2/g_flexext_middle/recording_fast_02_05_2024_15_15_56.csv,3,4.018047343720568e-05,0.0015541534684835841,0.9980576847784919,1.544703583165301e-05,0.00031383185292086,1.870239083493671e-05
validation,7,medium,F0v2+ring_lag,data/u_7/s_2/g_flexext_middle/recording_medium_02_05_2024_15_15_37.csv,3,2.0642601018304742e-05,0.0005941977058495561,0.9993637389330561,1.2021499355046425e-05,5.568878372125236e-06,3.830382348858123e-06
validation,7,slow,F0v2+ring_lag,data/u_7/s_2/g_flexext_middle/recording_slow_02_05_2024_15_15_16.csv,3,5.511785263273751e-05,0.005852610016509686,0.9939399668018847,2.9435440415779704e-05,0.00011095930683299599,1.191058172383927e-05
validation,7,fast,F0v2+ring_lag,data/u_7/s_2/g_flexext_pinky/recording_fast_02_05_2024_15_18_29.csv,5,0.006574816369823378,0.0036981764375787797,0.8826264794264042,0.014119402383795117,0.09099087120520967,0.001990254177188797
validation,7,medium,F0v2+ring_lag,data/u_7/s_2/g_flexext_pinky/recording_medium_02_05_2024_15_18_06.csv,5,4.853608656609834e-05,0.0008898064409185199,0.9977899482459092,0.001038298299526231,0.00020500134141945064,2.8409585660496294e-05
validation,7,slow,F0v2+ring_lag,data/u_7/s_2/g_flexext_pinky/recording_slow_02_05_2024_15_17_45.csv,5,2.6172656702114352e-05,0.00017581918482207086,0.9968956658765392,0.002068153319432289,0.0007384857747241211,9.570318778005889e-05
validation,7,fast,F0v2+ring_lag,data/u_7/s_2/g_flexext_ring/recording_fast_02_05_2024_15_17_23.csv,4,7.055940692186228e-05,0.0027943650222120187,0.24650817363363323,0.003964698721087033,0.7448414938181712,0.0018207093979744978
validation,7,medium,F0v2+ring_lag,data/u_7/s_2/g_flexext_ring/recording_medium_02_05_2024_15_16_39.csv,4,1.9677455202850472e-05,4.737246146505678e-05,0.9866547538978186,0.00014630582997517214,0.012993751618937696,0.00013813873660054076
validation,7,slow,F0v2+ring_lag,data/u_7/s_2/g_flexext_ring/recording_slow_02_05_2024_15_16_17.csv,4,3.473653133775601e-05,0.00033875188599088985,0.9936496725093861,0.00045613919022005454,0.0054719235800968135,4.8776302968143413e-05
validation,7,fast,F0v2+ring_lag,data/u_7/s_2/g_flexext_thumb/recording_fast_02_05_2024_15_13_47.csv,1,0.00023597815136167766,0.0021738024184415135,0.9928939597317049,4.865813925455611e-05,0.004595192026313087,5.240953292428008e-05
validation,7,medium,F0v2+ring_lag,data/u_7/s_2/g_flexext_thumb/recording_medium_02_05_2024_15_13_26.csv,1,0.0007195221567472185,0.005630072248282359,0.891442404994367,0.0902062892940981,0.010802267238273655,0.0011994440682317337
validation,7,slow,F0v2+ring_lag,data/u_7/s_2/g_flexext_thumb/recording_slow_02_05_2024_15_12_41.csv,1,0.0018485778557326433,0.027914950782451955,0.6081362043450286,0.25412087021465973,0.09730924954952927,0.010670147252597935
validation,8,fast,F0v2+ring_lag,data/u_8/s_2/g_flexext_fist/recording_fast_17_06_2024_15_42_00.csv,0,0.9696661295372263,0.0001526671334042258,0.02413075354026222,3.7775499971708914e-05,0.0008437526436250079,0.005168921645510574
validation,8,medium,F0v2+ring_lag,data/u_8/s_2/g_flexext_fist/recording_medium_17_06_2024_15_41_19.csv,0,0.7644001730049957,0.015811703359741806,0.028819942498087885,0.006238094324858944,0.012232303831778346,0.17249778298053733
validation,8,slow,F0v2+ring_lag,data/u_8/s_2/g_flexext_fist/recording_slow_17_06_2024_15_40_56.csv,0,0.16336518122256466,0.1185924603781173,0.08978029709231013,0.22852583567026957,0.0186383973178481,0.38109782831889016
validation,8,fast,F0v2+ring_lag,data/u_8/s_2/g_flexext_index/recording_fast_17_06_2024_15_44_33.csv,2,0.0002956914224513592,0.007559658237912902,0.991835272296487,0.00021924352926696631,4.87466435106469e-05,4.138787037097697e-05
validation,8,medium,F0v2+ring_lag,data/u_8/s_2/g_flexext_index/recording_medium_17_06_2024_15_44_10.csv,2,8.38019285492959e-05,0.0012560027750581843,0.9986207975696411,2.1537616911843936e-06,2.5922753493620363e-05,1.1321211566593258e-05
validation,8,slow,F0v2+ring_lag,data/u_8/s_2/g_flexext_index/recording_slow_17_06_2024_15_43_46.csv,2,0.0004883270915264648,0.006459400403618897,0.9924373957162007,2.0440912183059065e-05,0.00024555792027932506,0.00034887795619149186
validation,8,fast,F0v2+ring_lag,data/u_8/s_2/g_flexext_middle/recording_fast_17_06_2024_15_45_59.csv,3,0.00014556628140493039,0.00100381383863658,0.9891094664337868,0.006717465627521803,0.001227147376392972,0.0017965404422570555
validation,8,medium,F0v2+ring_lag,data/u_8/s_2/g_flexext_middle/recording_medium_17_06_2024_15_45_36.csv,3,0.001379435428411244,0.132176151976096,0.8502535083264566,0.009260223137455836,0.0030420716253762984,0.0038886095062040465
validation,8,slow,F0v2+ring_lag,data/u_8/s_2/g_flexext_middle/recording_slow_17_06_2024_15_45_16.csv,3,1.1244408214961865e-05,0.00023605598433785744,0.9986364405842932,0.0010067970286900812,1.060384327780131e-05,9.885815118617966e-05
validation,8,fast,F0v2+ring_lag,data/u_8/s_2/g_flexext_pinky/recording_fast_17_06_2024_15_48_32.csv,5,0.0013104986321715972,0.2512782819934081,0.10229377618521435,0.11056541063217902,0.1335641308876817,0.4009879016693451
validation,8,medium,F0v2+ring_lag,data/u_8/s_2/g_flexext_pinky/recording_medium_17_06_2024_15_48_09.csv,5,0.006367072050165305,0.4080026795957979,0.015877116965278822,0.17001781671186647,0.08125069229524824,0.3184846223816432
validation,8,slow,F0v2+ring_lag,data/u_8/s_2/g_flexext_pinky/recording_slow_17_06_2024_15_47_46.csv,5,0.0002858922627930231,0.17306324199163842,0.7459866541465112,0.011435067704304826,0.01834255721770055,0.050886586677051864
validation,8,fast,F0v2+ring_lag,data/u_8/s_2/g_flexext_ring/recording_fast_17_06_2024_15_47_22.csv,4,0.002399740037717604,0.002233371395107441,0.18555225826630903,0.0012688441379504476,0.8062648387985443,0.002280947364371203
validation,8,medium,F0v2+ring_lag,data/u_8/s_2/g_flexext_ring/recording_medium_17_06_2024_15_46_58.csv,4,0.0012947931563616743,0.02363138092507151,0.04645836825368344,0.0012577444080582928,0.9256510697112451,0.001706643545580127
validation,8,slow,F0v2+ring_lag,data/u_8/s_2/g_flexext_ring/recording_slow_17_06_2024_15_46_34.csv,4,0.00016909628844366127,0.008338509494709503,0.9887839173564946,0.000989838587034265,0.0011022618212393111,0.0006163764520788641
validation,8,fast,F0v2+ring_lag,data/u_8/s_2/g_flexext_thumb/recording_fast_17_06_2024_15_43_22.csv,1,3.745008580917669e-05,0.004648891004728638,0.9936432801494438,0.00012025229447803985,0.001001200341120676,0.0005489261244196707
validation,8,medium,F0v2+ring_lag,data/u_8/s_2/g_flexext_thumb/recording_medium_17_06_2024_15_42_59.csv,1,1.1754955832468533e-06,0.000939310136212121,0.9984793039110144,7.515416879396972e-06,0.0005202990322657621,5.2396008045014204e-05
validation,8,slow,F0v2+ring_lag,data/u_8/s_2/g_flexext_thumb/recording_slow_17_06_2024_15_42_32.csv,1,0.007818263551323885,0.017573780372057684,0.9732917014818098,1.8765293125984515e-05,0.0012629187434934199,3.4570558189102615e-05
validation,3,fast,F0v2+correlation_spectrum,data/u_3/s_2/g_flexext_fist/recording_fast_29_04_2024_15_09_59.csv,0,0.9341667862156233,0.05667549872514994,0.00039875550474032065,9.902132498180223e-06,0.006858014098302406,0.0018910433236858626
validation,3,medium,F0v2+correlation_spectrum,data/u_3/s_2/g_flexext_fist/recording_medium_29_04_2024_15_09_37.csv,0,0.998995592606066,0.0009580774789275258,2.1194177988368668e-07,9.637282154016812e-08,1.059920032490235e-05,3.5422400079924194e-05
validation,3,slow,F0v2+correlation_spectrum,data/u_3/s_2/g_flexext_fist/recording_slow_29_04_2024_15_09_16.csv,0,0.5362649421614025,0.4119277512513425,0.001026934630090777,8.662059198247222e-06,0.050491235630573124,0.0002804742673928545
validation,3,fast,F0v2+correlation_spectrum,data/u_3/s_2/g_flexext_index/recording_fast_29_04_2024_15_12_03.csv,2,0.028814230318519842,0.3010264119974475,0.41170870289101297,0.03031469369140172,0.22512987964401796,0.003006081457599965
validation,3,medium,F0v2+correlation_spectrum,data/u_3/s_2/g_flexext_index/recording_medium_29_04_2024_15_11_43.csv,2,0.01773877636922266,0.8417359187940177,0.0907494844193235,0.0020945865011334336,0.04663111669780796,0.0010501172184949642
validation,3,slow,F0v2+correlation_spectrum,data/u_3/s_2/g_flexext_index/recording_slow_29_04_2024_15_11_23.csv,2,0.025965003991567502,0.8131633180431003,0.06880287614231374,0.016104670732010766,0.07234564742227255,0.0036184836687351792
validation,3,fast,F0v2+correlation_spectrum,data/u_3/s_2/g_flexext_middle/recording_fast_29_04_2024_15_13_06.csv,3,0.008734339131226182,0.6011853231708778,0.01762581782773675,0.006565197278398289,0.3575998059766072,0.008289516615153909
validation,3,medium,F0v2+correlation_spectrum,data/u_3/s_2/g_flexext_middle/recording_medium_29_04_2024_15_12_45.csv,3,0.02595705820248776,0.18751812546548155,0.41425696696994463,0.0206000211494178,0.34690913333926676,0.004758694873401481
validation,3,slow,F0v2+correlation_spectrum,data/u_3/s_2/g_flexext_middle/recording_slow_29_04_2024_15_12_24.csv,3,0.13529386770287063,0.634287618252879,0.07968057158976284,0.0019046078798368596,0.14221815630628043,0.006615178268370033
validation,3,fast,F0v2+correlation_spectrum,data/u_3/s_2/g_flexext_pinky/recording_fast_29_04_2024_15_15_10.csv,5,0.004948413817190679,0.670304838557897,0.037510116138713114,0.016021738626187935,0.2557286947370109,0.015486198123000318
validation,3,medium,F0v2+correlation_spectrum,data/u_3/s_2/g_flexext_pinky/recording_medium_29_04_2024_15_14_50.csv,5,0.0012738448519298406,0.7764790694990256,0.1562604276094803,0.0017841351763747825,0.06094197418781528,0.00326054867537438
validation,3,slow,F0v2+correlation_spectrum,data/u_3/s_2/g_flexext_pinky/recording_slow_29_04_2024_15_14_30.csv,5,0.18332101704593934,0.717790768980967,0.0034917788795805053,0.008463736086159595,0.04240275808604615,0.04452994092130731
validation,3,fast,F0v2+correlation_spectrum,data/u_3/s_2/g_flexext_ring/recording_fast_29_04_2024_15_14_08.csv,4,0.0010884018987129917,0.01856697570083621,9.184011103029265e-05,0.00024523289345331357,0.9795165344523976,0.0004910149435695435
validation,3,medium,F0v2+correlation_spectrum,data/u_3/s_2/g_flexext_ring/recording_medium_29_04_2024_15_13_49.csv,4,0.0024846040918325473,0.6014691413790947,0.11519397780738054,0.00012320309846779846,0.2792522025455098,0.0014768710777146447
validation,3,slow,F0v2+correlation_spectrum,data/u_3/s_2/g_flexext_ring/recording_slow_29_04_2024_15_13_28.csv,4,0.005342621759368147,0.5996233883225615,0.0581848992794227,0.0007357881587548667,0.3273842829689269,0.008729019510965717
validation,3,fast,F0v2+correlation_spectrum,data/u_3/s_2/g_flexext_thumb/recording_fast_29_04_2024_15_11_02.csv,1,0.0009633049309964222,0.22097158816738247,0.6766173129816154,0.06493787678721674,0.029217953401041514,0.007291963731747344
validation,3,medium,F0v2+correlation_spectrum,data/u_3/s_2/g_flexext_thumb/recording_medium_29_04_2024_15_10_43.csv,1,0.0003972464066997838,0.10190927890067472,0.5777756544169018,0.28903574612561617,0.021638011267574756,0.009244062882532602
validation,3,slow,F0v2+correlation_spectrum,data/u_3/s_2/g_flexext_thumb/recording_slow_29_04_2024_15_10_22.csv,1,0.0010594759544785028,0.19960258888804144,0.1945467598900073,0.58447936672344,0.009026031201306099,0.011285777342726499
validation,4,fast,F0v2+correlation_spectrum,data/u_4/s_2/g_flexext_fist/recording_fast_28_05_2024_13_59_57.csv,0,0.9112833802354541,0.005129191469276464,0.029505045629368214,0.007745406999879647,0.039761298030043586,0.006575677635978161
validation,4,medium,F0v2+correlation_spectrum,data/u_4/s_2/g_flexext_fist/recording_medium_28_05_2024_13_59_38.csv,0,0.9066826857162911,0.03152962828269455,0.008950176380894783,0.0017704761799575927,0.0025143137251948267,0.04855271971496708
validation,4,slow,F0v2+correlation_spectrum,data/u_4/s_2/g_flexext_fist/recording_slow_28_05_2024_13_59_18.csv,0,0.7507540184498148,0.07743121403238429,0.05276457210928205,0.07601188576837536,0.010675527677747824,0.0323627819623958
validation,4,fast,F0v2+correlation_spectrum,data/u_4/s_2/g_flexext_index/recording_fast_28_05_2024_14_01_58.csv,2,8.945650416002622e-06,0.0033362863047990327,0.9727666404309283,0.021664553850421146,0.0021891752160569404,3.4398547378726044e-05
validation,4,medium,F0v2+correlation_spectrum,data/u_4/s_2/g_flexext_index/recording_medium_28_05_2024_14_01_39.csv,2,1.5963844939364656e-05,0.011049013084830625,0.7613580119658845,0.2258327208882531,0.0011766427154933368,0.0005676475005989065
validation,4,slow,F0v2+correlation_spectrum,data/u_4/s_2/g_flexext_index/recording_slow_28_05_2024_14_01_20.csv,2,3.089428867803854e-05,0.013147774270037044,0.34854189689700943,0.6356639211602662,0.000789374109652806,0.0018261392743564493
validation,4,fast,F0v2+correlation_spectrum,data/u_4/s_2/g_flexext_middle/recording_fast_28_05_2024_14_02_59.csv,3,2.31978834966415e-05,0.000480597235420065,0.10552151946354145,0.8883019372885901,0.002354347365643763,0.0033184007633080153
validation,4,medium,F0v2+correlation_spectrum,data/u_4/s_2/g_flexext_middle/recording_medium_28_05_2024_14_02_40.csv,3,0.0004496002802455982,0.011730901777681586,0.6503679294060887,0.30454722292498415,0.03280070221223068,0.00010364339876949573
validation,4,slow,F0v2+correlation_spectrum,data/u_4/s_2/g_flexext_middle/recording_slow_28_05_2024_14_02_20.csv,3,0.0010884031424653333,0.05760104112737783,0.49195204158485223,0.4011327134027754,0.0480449284008814,0.00018087234164784806
validation,4,fast,F0v2+correlation_spectrum,data/u_4/s_2/g_flexext_pinky/recording_fast_28_05_2024_14_05_01.csv,5,7.055300401257991e-05,0.013024311336771704,0.5619047666170942,0.40925763040214036,0.015553299045374629,0.00018943959460645098
validation,4,medium,F0v2+correlation_spectrum,data/u_4/s_2/g_flexext_pinky/recording_medium_28_05_2024_14_04_40.csv,5,7.756697608902227e-05,0.00981762551575579,0.23444313514918527,0.753620198072401,0.0007296029222311491,0.0013118713643376653
validation,4,slow,F0v2+correlation_spectrum,data/u_4/s_2/g_flexext_pinky/recording_slow_28_05_2024_14_04_21.csv,5,2.2723168294191133e-05,0.010358644924233586,0.7132049442491788,0.2723025484770417,0.002376416714527222,0.0017347224667245559
validation,4,fast,F0v2+correlation_spectrum,data/u_4/s_2/g_flexext_ring/recording_fast_28_05_2024_14_04_02.csv,4,0.0006315665552413442,0.013871300294693476,0.08979197639439968,0.8593895762796772,0.026676423776646797,0.009639156699341475
validation,4,medium,F0v2+correlation_spectrum,data/u_4/s_2/g_flexext_ring/recording_medium_28_05_2024_14_03_41.csv,4,6.979128049962129e-05,0.024792594631524164,0.36353993778591487,0.6011817969244444,0.004859160310168827,0.005556719067448165
validation,4,slow,F0v2+correlation_spectrum,data/u_4/s_2/g_flexext_ring/recording_slow_28_05_2024_14_03_21.csv,4,2.290755294337499e-05,0.01275891462350045,0.11508548096302089,0.8653416571592792,0.003867767363151102,0.002923272338104806
validation,4,fast,F0v2+correlation_spectrum,data/u_4/s_2/g_flexext_thumb/recording_fast_28_05_2024_14_01_00.csv,1,0.011965128919410456,0.11704583313965475,0.023286729187393888,0.48638307471073633,0.25625456265970886,0.10506467138309564
validation,4,medium,F0v2+correlation_spectrum,data/u_4/s_2/g_flexext_thumb/recording_medium_28_05_2024_14_00_41.csv,1,0.004427843034990389,0.7342466241665067,0.07650170086996771,0.08203070217872324,0.0059893014901602655,0.09680382825965164
validation,4,slow,F0v2+correlation_spectrum,data/u_4/s_2/g_flexext_thumb/recording_slow_28_05_2024_14_00_20.csv,1,0.00436755292968039,0.12470578676547696,0.06378822476761613,0.779329910742114,0.0009361542136973591,0.02687237058141508
validation,5,fast,F0v2+correlation_spectrum,data/u_5/s_2/g_flexext_fist/recording_fast_17_05_2024_13_04_53.csv,0,0.9979570260053371,4.4967004125341316e-05,2.660266120980855e-05,9.88629830173667e-06,0.0003425597182968726,0.0016189583127292299
validation,5,medium,F0v2+correlation_spectrum,data/u_5/s_2/g_flexext_fist/recording_medium_17_05_2024_13_04_32.csv,0,0.9879942299374032,0.01056552272648006,0.0006619723520178584,1.6269126661532204e-05,0.00015869846619488215,0.000603307391242508
validation,5,slow,F0v2+correlation_spectrum,data/u_5/s_2/g_flexext_fist/recording_slow_17_05_2024_13_04_13.csv,0,0.5910275588229067,0.3785051866964435,0.0025002661825228854,0.002235158507400491,0.014908790819522913,0.01082303897120361
validation,5,fast,F0v2+correlation_spectrum,data/u_5/s_2/g_flexext_index/recording_fast_17_05_2024_13_06_58.csv,2,0.00033294966594350404,0.005306081907436169,0.007284710307529406,0.3250255940491017,0.002379643468446364,0.6596710206015429
validation,5,medium,F0v2+correlation_spectrum,data/u_5/s_2/g_flexext_index/recording_medium_17_05_2024_13_06_38.csv,2,0.00017977224052329204,0.2762504961689377,0.01215260165010625,0.006770827043352587,0.11847609181588298,0.5861702110811972
validation,5,slow,F0v2+correlation_spectrum,data/u_5/s_2/g_flexext_index/recording_slow_17_05_2024_13_06_18.csv,2,0.002197702591932854,0.1960316138329202,0.04680820160826723,0.011283088011342661,0.024869850572784808,0.7188095433827523
validation,5,fast,F0v2+correlation_spectrum,data/u_5/s_2/g_flexext_middle/recording_fast_17_05_2024_13_08_04.csv,3,3.888756815055814e-05,0.0003405774249554644,0.0003765928105219488,0.7120110854536932,0.00020231071813348508,0.28703054602454536
validation,5,medium,F0v2+correlation_spectrum,data/u_5/s_2/g_flexext_middle/recording_medium_17_05_2024_13_07_40.csv,3,2.472963682654601e-05,0.0007223148886902231,3.115707131079261e-05,0.03267106512220525,0.0009919722299834709,0.9655587610509837
validation,5,slow,F0v2+correlation_spectrum,data/u_5/s_2/g_flexext_middle/recording_slow_17_05_2024_13_07_18.csv,3,0.0017253287234953892,0.028287008480771026,0.0008465026182993368,0.16048695233919907,0.0039086182204357296,0.8047455896177994
validation,5,fast,F0v2+correlation_spectrum,data/u_5/s_2/g_flexext_pinky/recording_fast_17_05_2024_13_11_15.csv,5,8.422222025450755e-05,6.661751746167835e-05,0.0026225270711940935,0.18779671748548774,0.0001782618852938068,0.8092516538203082
validation,5,medium,F0v2+correlation_spectrum,data/u_5/s_2/g_flexext_pinky/recording_medium_17_05_2024_13_10_53.csv,5,1.2952531092537861e-05,0.00012095971742835264,0.0006655076569340666,0.05367516140853913,2.3517896291115645e-05,0.9455019007897147
validation,5,slow,F0v2+correlation_spectrum,data/u_5/s_2/g_flexext_pinky/recording_slow_17_05_2024_13_09_44.csv,5,4.7486638404899134e-05,0.0007369622693373166,0.0004683682147147607,0.06152719283443699,0.0012870374549389149,0.9359329525881672
validation,5,fast,F0v2+correlation_spectrum,data/u_5/s_2/g_flexext_ring/recording_fast_17_05_2024_13_09_13.csv,4,0.002064111968359308,0.00015331144484734337,0.002470953084397621,0.1549231030191004,0.6243124395520983,0.2160760809311971
validation,5,medium,F0v2+correlation_spectrum,data/u_5/s_2/g_flexext_ring/recording_medium_17_05_2024_13_08_53.csv,4,1.4703969219861832e-05,0.00020554158314731378,0.0075056867941281896,0.40910242938039504,0.003178396892469257,0.5799932413806403
validation,5,slow,F0v2+correlation_spectrum,data/u_5/s_2/g_flexext_ring/recording_slow_17_05_2024_13_08_31.csv,4,0.0005768149063296558,0.021141219021497373,0.011292597646549501,0.1564757850140238,0.05066452889937712,0.7598490545122225
validation,5,fast,F0v2+correlation_spectrum,data/u_5/s_2/g_flexext_thumb/recording_fast_17_05_2024_13_05_58.csv,1,0.0002344682002056626,0.019025442756870743,0.00019051777300298724,0.07179359831311623,0.006244406395748735,0.9025115665610557
validation,5,medium,F0v2+correlation_spectrum,data/u_5/s_2/g_flexext_thumb/recording_medium_17_05_2024_13_05_36.csv,1,0.0017265252266253164,0.3308274017541998,0.004595914573639437,0.04174565342205761,0.06886413571061072,0.5522403693128671
validation,5,slow,F0v2+correlation_spectrum,data/u_5/s_2/g_flexext_thumb/recording_slow_17_05_2024_13_05_16.csv,1,0.011354934017724465,0.5070466573412528,0.010461036661194611,0.01638529206174376,0.034230698896362766,0.4205213810217217
validation,6,fast,F0v2+correlation_spectrum,data/u_6/s_2/g_flexext_fist/recording_fast_17_05_2024_16_07_58.csv,0,0.7158489475640142,0.050294702085310145,0.00040319507597813987,0.0006074036601161982,0.2275906547929578,0.0052550968216234974
validation,6,medium,F0v2+correlation_spectrum,data/u_6/s_2/g_flexext_fist/recording_medium_17_05_2024_16_07_37.csv,0,0.48886482471865683,0.3399785041097637,0.02009042166784969,0.0056259225508055654,0.04966341257437838,0.09577691437854598
validation,6,slow,F0v2+correlation_spectrum,data/u_6/s_2/g_flexext_fist/recording_slow_17_05_2024_16_07_17.csv,0,0.2555177066782271,0.43793831840046865,0.013123653147705487,0.0025975722204461334,0.28251546569065766,0.008307283862494855
validation,6,fast,F0v2+correlation_spectrum,data/u_6/s_2/g_flexext_index/recording_fast_17_05_2024_16_10_20.csv,2,0.06700835618419307,0.5550298419612362,0.2581465111698088,0.10234024591185889,0.007199860005382351,0.010275184767520654
validation,6,medium,F0v2+correlation_spectrum,data/u_6/s_2/g_flexext_index/recording_medium_17_05_2024_16_10_00.csv,2,0.40349303564203626,0.40225079099897204,0.02946899106812,0.10194828001044871,0.005014249050333605,0.057824653230089215
validation,6,slow,F0v2+correlation_spectrum,data/u_6/s_2/g_flexext_index/recording_slow_17_05_2024_16_09_41.csv,2,0.19761389074236513,0.3574183637290232,0.23237728958337006,0.19202044774744256,0.002715738421804448,0.017854269775994386
validation,6,fast,F0v2+correlation_spectrum,data/u_6/s_2/g_flexext_middle/recording_fast_17_05_2024_16_11_23.csv,3,0.008548372508633786,0.02227230358890328,0.004126926274017324,0.8115132462281548,0.025266949944723414,0.12827220145556745
validation,6,medium,F0v2+correlation_spectrum,data/u_6/s_2/g_flexext_middle/recording_medium_17_05_2024_16_11_03.csv,3,0.2768318984649432,0.03917785529630683,0.006099827070608564,0.08635867366994579,0.006919769975207481,0.5846119755229882
validation,6,slow,F0v2+correlation_spectrum,data/u_6/s_2/g_flexext_middle/recording_slow_17_05_2024_16_10_42.csv,3,0.08895874257581463,0.058599378324519086,0.02494940310449053,0.26874440259236276,0.007531567725745653,0.5512165056770674
validation,6,fast,F0v2+correlation_spectrum,data/u_6/s_2/g_flexext_pinky/recording_fast_17_05_2024_16_13_27.csv,5,0.8250894624298851,0.02902320049993697,0.017445556555598797,0.015500984154341988,0.0005970799912635355,0.11234371636897357
validation,6,medium,F0v2+correlation_spectrum,data/u_6/s_2/g_flexext_pinky/recording_medium_17_05_2024_16_13_06.csv,5,0.2928614418783816,0.05769534520979373,0.1203204513932117,0.36256725978415383,0.0011488613788237,0.1654066403556355
validation,6,slow,F0v2+correlation_spectrum,data/u_6/s_2/g_flexext_pinky/recording_slow_17_05_2024_16_12_46.csv,5,0.4846426098475835,0.08930149409638467,0.042763074574345104,0.24910803829268524,0.005982014694438989,0.1282027684945624
validation,6,fast,F0v2+correlation_spectrum,data/u_6/s_2/g_flexext_ring/recording_fast_17_05_2024_16_12_23.csv,4,0.003732919258038739,0.004647677767449857,0.0017693946417017196,0.024153873808145036,0.9583786048101771,0.00731752971448748
validation,6,medium,F0v2+correlation_spectrum,data/u_6/s_2/g_flexext_ring/recording_medium_17_05_2024_16_12_03.csv,4,0.041857844061988767,0.005015888205614761,0.0037830070469182676,0.0504198311452285,0.7957794166012696,0.10314401293898008
validation,6,slow,F0v2+correlation_spectrum,data/u_6/s_2/g_flexext_ring/recording_slow_17_05_2024_16_11_45.csv,4,0.6689511647625337,0.002646166960747217,0.01182507334560592,0.015314009624187313,0.2003984146461516,0.1008651706607742
validation,6,fast,F0v2+correlation_spectrum,data/u_6/s_2/g_flexext_thumb/recording_fast_17_05_2024_16_09_16.csv,1,0.25457954881299577,0.736545186676636,0.00029466540165995866,0.00010620065359400794,0.0020820875784491122,0.006392310876665092
validation,6,medium,F0v2+correlation_spectrum,data/u_6/s_2/g_flexext_thumb/recording_medium_17_05_2024_16_08_55.csv,1,0.039330081753557615,0.9509542818380584,0.0004649356296147708,0.00039377534087495296,0.0035782297741712827,0.005278695663722978
validation,6,slow,F0v2+correlation_spectrum,data/u_6/s_2/g_flexext_thumb/recording_slow_17_05_2024_16_08_37.csv,1,0.06940294942687547,0.5784972194448246,0.00017971581818430665,0.0034439882815818857,0.2496580014836647,0.09881812554486906
validation,7,fast,F0v2+correlation_spectrum,data/u_7/s_2/g_flexext_fist/recording_fast_02_05_2024_15_12_18.csv,0,0.9998646208787736,8.05496587106669e-05,3.876679403296939e-05,7.396653507614414e-08,6.227412719666378e-06,9.761289228079946e-06
validation,7,medium,F0v2+correlation_spectrum,data/u_7/s_2/g_flexext_fist/recording_medium_02_05_2024_15_11_57.csv,0,0.8191689332684426,0.017538562875075377,0.14556209865024286,0.0011657172600921962,0.01595671874829731,0.0006079691978496867
validation,7,slow,F0v2+correlation_spectrum,data/u_7/s_2/g_flexext_fist/recording_slow_02_05_2024_15_11_34.csv,0,0.8449321748608543,0.003923776617379421,0.14756517572689618,0.0011030537035879855,0.00233097850994059,0.0001448405813413183
validation,7,fast,F0v2+correlation_spectrum,data/u_7/s_2/g_flexext_index/recording_fast_02_05_2024_15_14_56.csv,2,0.00201053546822405,0.48285486225319374,0.4993341958674719,0.0006118723484332015,0.01503022733231288,0.00015830673036396404
validation,7,medium,F0v2+correlation_spectrum,data/u_7/s_2/g_flexext_index/recording_medium_02_05_2024_15_14_36.csv,2,0.006030856964069281,0.36672908399366566,0.6214946209970255,0.0001863555016880377,0.005439274015139028,0.00011980852841247225
validation,7,slow,F0v2+correlation_spectrum,data/u_7/s_2/g_flexext_index/recording_slow_02_05_2024_15_14_14.csv,2,0.0031611834834306416,0.6378285306673247,0.34356777687022194,0.01010340444225214,0.004149693333119184,0.0011894112036512374
validation,7,fast,F0v2+correlation_spectrum,data/u_7/s_2/g_flexext_middle/recording_fast_02_05_2024_15_15_56.csv,3,0.00024548437659884637,0.09345295021345164,0.9033506063362509,0.00016415304311142022,0.0027209593781326153,6.584665245457678e-05
validation,7,medium,F0v2+correlation_spectrum,data/u_7/s_2/g_flexext_middle/recording_medium_02_05_2024_15_15_37.csv,3,0.0001917357970252972,0.11411200754899709,0.8855959359895801,9.017737065532876e-05,7.141158688669088e-06,3.0021350535967843e-06
validation,7,slow,F0v2+correlation_spectrum,data/u_7/s_2/g_flexext_middle/recording_slow_02_05_2024_15_15_16.csv,3,0.0004353881256257985,0.07447301251397861,0.9247585343725901,0.00021539191917573303,0.00011020550512031396,7.4675635092421895e-06
validation,7,fast,F0v2+correlation_spectrum,data/u_7/s_2/g_flexext_pinky/recording_fast_02_05_2024_15_18_29.csv,5,0.002770893900674384,0.031468767958105395,0.5123606894681284,0.02658661500055202,0.42043689017153546,0.0063761435010043725
validation,7,medium,F0v2+correlation_spectrum,data/u_7/s_2/g_flexext_pinky/recording_medium_02_05_2024_15_18_06.csv,5,0.0001263147888800312,0.05401832389276157,0.944678901001207,0.0009425619847112353,0.00020216377396495503,3.173455847530537e-05
validation,7,slow,F0v2+correlation_spectrum,data/u_7/s_2/g_flexext_pinky/recording_slow_02_05_2024_15_17_45.csv,5,0.00015086854433405173,0.015922206506174413,0.978052004254265,0.004418640019247654,0.0012632088803766124,0.0001930717956022829
validation,7,fast,F0v2+correlation_spectrum,data/u_7/s_2/g_flexext_ring/recording_fast_02_05_2024_15_17_23.csv,4,8.459697211456956e-05,0.0034346139181337847,0.33288157555138814,0.003675975959518503,0.6580355317532252,0.0018877058456199523
validation,7,medium,F0v2+correlation_spectrum,data/u_7/s_2/g_flexext_ring/recording_medium_02_05_2024_15_16_39.csv,4,0.000252150657342435,0.003511630094025589,0.9087576749168423,0.002270238769185011,0.08468542129413069,0.0005228842684741141
validation,7,slow,F0v2+correlation_spectrum,data/u_7/s_2/g_flexext_ring/recording_slow_02_05_2024_15_16_17.csv,4,0.00022968269145690615,0.007365360722595207,0.9741423237211185,0.000621482999991509,0.017580646803497444,6.050306134051939e-05
validation,7,fast,F0v2+correlation_spectrum,data/u_7/s_2/g_flexext_thumb/recording_fast_02_05_2024_15_13_47.csv,1,0.0008389196570990924,0.021841098322858264,0.9636273254403026,0.0005347068372742955,0.012990814655234868,0.00016713508723085324
validation,7,medium,F0v2+correlation_spectrum,data/u_7/s_2/g_flexext_thumb/recording_medium_02_05_2024_15_13_26.csv,1,0.0012443091796362578,0.01981391441813406,0.9162828820882875,0.049904891210977825,0.011255120465038434,0.001498882637925893
validation,7,slow,F0v2+correlation_spectrum,data/u_7/s_2/g_flexext_thumb/recording_slow_02_05_2024_15_12_41.csv,1,0.004685039678459801,0.14113684338409652,0.6849111023858346,0.12475608191716116,0.04169610918496531,0.0028148234494826353
validation,8,fast,F0v2+correlation_spectrum,data/u_8/s_2/g_flexext_fist/recording_fast_17_06_2024_15_42_00.csv,0,0.9758146355805537,0.0028373735593479102,0.0028540373752075185,0.000296287769643085,0.0015795780902072595,0.01661808762504038
validation,8,medium,F0v2+correlation_spectrum,data/u_8/s_2/g_flexext_fist/recording_medium_17_06_2024_15_41_19.csv,0,0.9050597071917628,0.024101860738747653,0.0020031552175751007,0.00557252878042395,0.0017961491395558072,0.06146659893193464
validation,8,slow,F0v2+correlation_spectrum,data/u_8/s_2/g_flexext_fist/recording_slow_17_06_2024_15_40_56.csv,0,0.20912539607780026,0.06760067517390442,0.0656811899905385,0.5755096387786499,0.0063582660230279055,0.075724833956079
validation,8,fast,F0v2+correlation_spectrum,data/u_8/s_2/g_flexext_index/recording_fast_17_06_2024_15_44_33.csv,2,0.0001809946099835071,0.014478984559491884,0.9851290466188226,0.00015383021009249221,2.389838393326419e-05,3.324561767627883e-05
validation,8,medium,F0v2+correlation_spectrum,data/u_8/s_2/g_flexext_index/recording_medium_17_06_2024_15_44_10.csv,2,0.00029795554759579946,0.016676105866271967,0.9829669706803156,1.887244456573653e-05,2.7331317135095758e-05,1.2764144115718496e-05
validation,8,slow,F0v2+correlation_spectrum,data/u_8/s_2/g_flexext_index/recording_slow_17_06_2024_15_43_46.csv,2,0.0008872210896818201,0.049292266892514064,0.9493047696935932,6.505230778414694e-05,0.0002699196966227703,0.00018077031980384393
validation,8,fast,F0v2+correlation_spectrum,data/u_8/s_2/g_flexext_middle/recording_fast_17_06_2024_15_45_59.csv,3,0.0002888883955067097,0.010597305590559141,0.9646290735631078,0.021408811702327796,0.0021923452135564556,0.0008835755349420973
validation,8,medium,F0v2+correlation_spectrum,data/u_8/s_2/g_flexext_middle/recording_medium_17_06_2024_15_45_36.csv,3,0.002323021396474029,0.2753645053681906,0.7110733148776902,0.007135309117410468,0.0019124372418745316,0.0021914119983601106
validation,8,slow,F0v2+correlation_spectrum,data/u_8/s_2/g_flexext_middle/recording_slow_17_06_2024_15_45_16.csv,3,0.00011140468408966467,0.03138487623005609,0.960540305006156,0.007804811175526873,5.656597156152765e-05,0.00010203693260981604
validation,8,fast,F0v2+correlation_spectrum,data/u_8/s_2/g_flexext_pinky/recording_fast_17_06_2024_15_48_32.csv,5,0.00174720147924955,0.25467124017584997,0.04523419262110585,0.0414197801622439,0.17744379276493336,0.4794837927966174
validation,8,medium,F0v2+correlation_spectrum,data/u_8/s_2/g_flexext_pinky/recording_medium_17_06_2024_15_48_09.csv,5,0.013730926728094615,0.1597569772942211,0.17045610881553316,0.042153714567392905,0.13217578984249337,0.4817264827522649
validation,8,slow,F0v2+correlation_spectrum,data/u_8/s_2/g_flexext_pinky/recording_slow_17_06_2024_15_47_46.csv,5,0.0012013414719785503,0.5449349316455442,0.281846007648157,0.025343118638255755,0.01660363877103598,0.1300709618250286
validation,8,fast,F0v2+correlation_spectrum,data/u_8/s_2/g_flexext_ring/recording_fast_17_06_2024_15_47_22.csv,4,0.00929033884806089,0.0319195086014887,0.00869056127702708,0.002905730150462398,0.944739931801166,0.0024539293217948517
validation,8,medium,F0v2+correlation_spectrum,data/u_8/s_2/g_flexext_ring/recording_medium_17_06_2024_15_46_58.csv,4,0.003297615371404542,0.028662072517862815,0.029267622375021937,0.0022430036102698767,0.933700844410612,0.0028288417148288197
validation,8,slow,F0v2+correlation_spectrum,data/u_8/s_2/g_flexext_ring/recording_slow_17_06_2024_15_46_34.csv,4,0.00281390074641596,0.09303964391270197,0.9007745465332399,0.00270297014993087,0.000488568726443889,0.0001803699312675029
validation,8,fast,F0v2+correlation_spectrum,data/u_8/s_2/g_flexext_thumb/recording_fast_17_06_2024_15_43_22.csv,1,0.0003255189715620949,0.02889362799486867,0.9666597336377656,0.0008228433759135262,0.0023289012176112745,0.0009693748022789572
validation,8,medium,F0v2+correlation_spectrum,data/u_8/s_2/g_flexext_thumb/recording_medium_17_06_2024_15_42_59.csv,1,5.581444936728333e-06,0.0035711334407385964,0.9931902061057555,0.000145712519453793,0.003000322727929009,8.704376118661771e-05
validation,8,slow,F0v2+correlation_spectrum,data/u_8/s_2/g_flexext_thumb/recording_slow_17_06_2024_15_42_32.csv,1,0.00632912287107654,0.18954317654155375,0.8032173614201664,3.84071527760708e-05,0.0008556587436077429,1.6273270819303792e-05
validation,3,fast,F0v2+frequency_direction,data/u_3/s_2/g_flexext_fist/recording_fast_29_04_2024_15_09_59.csv,0,0.9806051150646387,0.01907100935222313,1.2400415979701988e-05,3.419365068472984e-08,0.0002720176943448356,3.942327916313927e-05
validation,3,medium,F0v2+frequency_direction,data/u_3/s_2/g_flexext_fist/recording_medium_29_04_2024_15_09_37.csv,0,0.9999602728302913,3.9515081828953603e-05,8.753375739963163e-09,2.7663506805193964e-11,5.446752807732598e-08,1.4883931230669816e-07
validation,3,slow,F0v2+frequency_direction,data/u_3/s_2/g_flexext_fist/recording_slow_29_04_2024_15_09_16.csv,0,0.9584838873321275,0.041168739236888074,0.00017936480486212405,2.3719361080966895e-08,0.0001423312696859819,2.5653637075290525e-05
validation,3,fast,F0v2+frequency_direction,data/u_3/s_2/g_flexext_index/recording_fast_29_04_2024_15_12_03.csv,2,0.01592175214876006,0.8956160846873772,0.06548068541444096,0.0007296438353317287,0.022236721385420547,1.5112528669290515e-05
validation,3,medium,F0v2+frequency_direction,data/u_3/s_2/g_flexext_index/recording_medium_29_04_2024_15_11_43.csv,2,0.00418967116865119,0.9820273848580399,0.006946838062223773,5.8311198383330296e-05,0.006760167017602885,1.7627695099196357e-05
validation,3,slow,F0v2+frequency_direction,data/u_3/s_2/g_flexext_index/recording_slow_29_04_2024_15_11_23.csv,2,0.023758691287877283,0.8538816730503747,0.10281385683683457,0.006305027002506674,0.01216038713301126,0.0010803646893955401
validation,3,fast,F0v2+frequency_direction,data/u_3/s_2/g_flexext_middle/recording_fast_29_04_2024_15_13_06.csv,3,0.0008364112281643173,0.968091616463813,0.027455543681604248,0.0007204035343344207,0.0024927978016014225,0.00040322729048234616
validation,3,medium,F0v2+frequency_direction,data/u_3/s_2/g_flexext_middle/recording_medium_29_04_2024_15_12_45.csv,3,0.0009874661571814406,0.506410480621739,0.48360780636405565,0.006128242983614496,0.002377704124999747,0.0004882997484096698
validation,3,slow,F0v2+frequency_direction,data/u_3/s_2/g_flexext_middle/recording_slow_29_04_2024_15_12_24.csv,3,0.02679626882752959,0.9493288009349251,0.02074095804117069,0.00012285704445077906,0.0025024967393780656,0.0005086184125458957
validation,3,fast,F0v2+frequency_direction,data/u_3/s_2/g_flexext_pinky/recording_fast_29_04_2024_15_15_10.csv,5,0.001256993161274156,0.8562345848744807,0.025063699824988746,0.005756767841758492,0.11131353366994488,0.00037442062755299875
validation,3,medium,F0v2+frequency_direction,data/u_3/s_2/g_flexext_pinky/recording_medium_29_04_2024_15_14_50.csv,5,0.00020928676099362493,0.9737477824455097,0.01920782806129659,0.0007436390399937173,0.005424619496498229,0.0006668441957080887
validation,3,slow,F0v2+frequency_direction,data/u_3/s_2/g_flexext_pinky/recording_slow_29_04_2024_15_14_30.csv,5,0.3352041440933151,0.5665275616446922,0.04211765385087737,0.002584971007174139,0.015809459160569576,0.037756210243371446
validation,3,fast,F0v2+frequency_direction,data/u_3/s_2/g_flexext_ring/recording_fast_29_04_2024_15_14_08.csv,4,7.176009985365638e-05,0.008992402910592308,0.005177666485648367,3.3336108403163433e-05,0.9857228445042455,1.9898912569843567e-06
validation,3,medium,F0v2+frequency_direction,data/u_3/s_2/g_flexext_ring/recording_medium_29_04_2024_15_13_49.csv,4,0.002511045139894834,0.7603278534624738,0.08047346315046783,0.00016758339555714602,0.15607166915450368,0.00044838569710269624
validation,3,slow,F0v2+frequency_direction,data/u_3/s_2/g_flexext_ring/recording_slow_29_04_2024_15_13_28.csv,4,0.007719386527860739,0.9129512616764177,0.028505853652421642,8.949654005249576e-05,0.05024032709067544,0.0004936745125720146
validation,3,fast,F0v2+frequency_direction,data/u_3/s_2/g_flexext_thumb/recording_fast_29_04_2024_15_11_02.csv,1,5.487940703162856e-05,0.40302436313497175,0.5414245174441571,0.008232970198197138,0.04723115037252682,3.2119443115627526e-05
validation,3,medium,F0v2+frequency_direction,data/u_3/s_2/g_flexext_thumb/recording_medium_29_04_2024_15_10_43.csv,1,1.175222399376805e-05,0.4936666382592752,0.35017159634089506,0.15042500426270647,0.005497513587624876,0.00022749532550475277
validation,3,slow,F0v2+frequency_direction,data/u_3/s_2/g_flexext_thumb/recording_slow_29_04_2024_15_10_22.csv,1,2.2076373083854202e-05,0.28537181936718203,0.10629605773122637,0.6047922025738958,0.001701511207589839,0.0018163327470221429
validation,4,fast,F0v2+frequency_direction,data/u_4/s_2/g_flexext_fist/recording_fast_28_05_2024_13_59_57.csv,0,0.6041496525334225,0.09629649444193991,0.004419251289227624,0.12808662132450918,0.14207614022658366,0.02497184018431728
validation,4,medium,F0v2+frequency_direction,data/u_4/s_2/g_flexext_fist/recording_medium_28_05_2024_13_59_38.csv,0,0.9897736806390187,0.003811218298715768,4.436840747274933e-05,0.00010701671533969532,7.38703821456854e-05,0.006189845557307291
validation,4,slow,F0v2+frequency_direction,data/u_4/s_2/g_flexext_fist/recording_slow_28_05_2024_13_59_18.csv,0,0.6938827181518605,0.17194246593604615,0.020770622025308574,0.08745770707476799,0.0024564282368408877,0.023490058575175728
validation,4,fast,F0v2+frequency_direction,data/u_4/s_2/g_flexext_index/recording_fast_28_05_2024_14_01_58.csv,2,4.3365063674325484e-07,0.025541974528683807,0.9132871237287572,0.055167393863446525,0.005974479589123933,2.8594639351816455e-05
validation,4,medium,F0v2+frequency_direction,data/u_4/s_2/g_flexext_index/recording_medium_28_05_2024_14_01_39.csv,2,3.0156688179354793e-07,0.003442626182661307,0.45267226877322486,0.5430386277202177,0.0005969705928461909,0.00024920516416810187
validation,4,slow,F0v2+frequency_direction,data/u_4/s_2/g_flexext_index/recording_slow_28_05_2024_14_01_20.csv,2,3.759540594420064e-07,0.003962973839908001,0.20484033825527656,0.7895120861510635,0.0010004188691920064,0.0006838069305005172
validation,4,fast,F0v2+frequency_direction,data/u_4/s_2/g_flexext_middle/recording_fast_28_05_2024_14_02_59.csv,3,6.735750060138543e-06,5.81192621639634e-05,0.16179369669215599,0.83689439227121,0.00032703425589127966,0.0009200217685186786
validation,4,medium,F0v2+frequency_direction,data/u_4/s_2/g_flexext_middle/recording_medium_28_05_2024_14_02_40.csv,3,1.465951701515717e-06,0.06438978162830604,0.9110544872223643,0.02154366479616714,0.00300587561480439,4.7247866564526476e-06
validation,4,slow,F0v2+frequency_direction,data/u_4/s_2/g_flexext_middle/recording_slow_28_05_2024_14_02_20.csv,3,1.2915316528656833e-07,0.0031325870051220183,0.9950552697647849,0.001410174149616244,0.00039958218389501445,2.2577434165165223e-06
validation,4,fast,F0v2+frequency_direction,data/u_4/s_2/g_flexext_pinky/recording_fast_28_05_2024_14_05_01.csv,5,2.0314153616397496e-07,0.017535715466796345,0.3374142021054623,0.6419121633371491,0.0030543795896922038,8.333635936394366e-05
validation,4,medium,F0v2+frequency_direction,data/u_4/s_2/g_flexext_pinky/recording_medium_28_05_2024_14_04_40.csv,5,3.2669267162520023e-07,0.076026133686,0.7958210472764543,0.12781268834751794,5.614826418659431e-05,0.00028365573316948466
validation,4,slow,F0v2+frequency_direction,data/u_4/s_2/g_flexext_pinky/recording_slow_28_05_2024_14_04_21.csv,5,1.719424971850606e-06,0.029210065131991696,0.1568222692133463,0.7801051500257193,0.019724518124750203,0.014136278079220703
validation,4,fast,F0v2+frequency_direction,data/u_4/s_2/g_flexext_ring/recording_fast_28_05_2024_14_04_02.csv,4,7.472191535856633e-06,0.005267418497412478,0.010500526727140419,0.9796172471862283,0.003310472017093593,0.0012968633805894416
validation,4,medium,F0v2+frequency_direction,data/u_4/s_2/g_flexext_ring/recording_medium_28_05_2024_14_03_41.csv,4,2.348382238106127e-06,0.02869046847240178,0.6001553833889806,0.3703572466999478,0.00027281723406577226,0.0005217358223659169
validation,4,slow,F0v2+frequency_direction,data/u_4/s_2/g_flexext_ring/recording_slow_28_05_2024_14_03_21.csv,4,1.1822371256922857e-06,0.057442596765212274,0.1676824033039965,0.7669371642886155,0.002289417735630922,0.005647235669419261
validation,4,fast,F0v2+frequency_direction,data/u_4/s_2/g_flexext_thumb/recording_fast_28_05_2024_14_01_00.csv,1,6.824329889313888e-05,0.008233949011783252,0.00017097059557167666,0.35269685188224303,0.5785450917116408,0.06028489349986802
validation,4,medium,F0v2+frequency_direction,data/u_4/s_2/g_flexext_thumb/recording_medium_28_05_2024_14_00_41.csv,1,0.000809802803912003,0.8587610026872217,0.03147383689035663,0.07189330454591383,0.016773267643115666,0.020288785429480292
validation,4,slow,F0v2+frequency_direction,data/u_4/s_2/g_flexext_thumb/recording_slow_28_05_2024_14_00_20.csv,1,2.509430762548132e-05,0.008611009944610103,0.0055091061740346085,0.9265984788873044,0.0006637876512094125,0.05859252303521607
validation,5,fast,F0v2+frequency_direction,data/u_5/s_2/g_flexext_fist/recording_fast_17_05_2024_13_04_53.csv,0,0.9956501416398966,2.402880968716237e-06,1.0902624574018223e-05,3.1125848533866422e-06,4.006522599570435e-05,0.004293375043711464
validation,5,medium,F0v2+frequency_direction,data/u_5/s_2/g_flexext_fist/recording_medium_17_05_2024_13_04_32.csv,0,0.9955888702767082,0.0016234332181609915,0.00023915414203254222,1.4341052913731504e-05,0.00043123629455955816,0.002102965015625066
validation,5,slow,F0v2+frequency_direction,data/u_5/s_2/g_flexext_fist/recording_slow_17_05_2024_13_04_13.csv,0,0.9445247674481813,0.04492309234721461,0.000626369374636198,5.726105150578411e-05,0.006879301445755467,0.002989208332706631
validation,5,fast,F0v2+frequency_direction,data/u_5/s_2/g_flexext_index/recording_fast_17_05_2024_13_06_58.csv,2,6.666458570040342e-05,7.862619158018709e-05,0.005572654217800737,0.07078959780263139,0.00021457746314461842,0.9232778797391427
validation,5,medium,F0v2+frequency_direction,data/u_5/s_2/g_flexext_index/recording_medium_17_05_2024_13_06_38.csv,2,0.0018683509518826432,0.2763280314295204,0.11588709130780371,0.003092270542396854,0.04921712407148502,0.5536071316969113
validation,5,slow,F0v2+frequency_direction,data/u_5/s_2/g_flexext_index/recording_slow_17_05_2024_13_06_18.csv,2,0.0015382924282062874,0.1676273488593657,0.11500196482626716,0.002278297074960019,0.04470567437073704,0.6688484224404637
validation,5,fast,F0v2+frequency_direction,data/u_5/s_2/g_flexext_middle/recording_fast_17_05_2024_13_08_04.csv,3,0.00013759829515940476,0.0005745399727931062,0.00285773465183045,0.774963128057472,0.00013031187213885143,0.22133668715060623
validation,5,medium,F0v2+frequency_direction,data/u_5/s_2/g_flexext_middle/recording_medium_17_05_2024_13_07_40.csv,3,0.0005540924484713139,0.0013966941315544797,0.0021066325366052674,0.018233109374590405,0.0013840725756155414,0.976325398933163
validation,5,slow,F0v2+frequency_direction,data/u_5/s_2/g_flexext_middle/recording_slow_17_05_2024_13_07_18.csv,3,0.001498278155143214,0.025969091375261138,0.0038112795893240747,0.007970817331118134,0.00828344424806275,0.9524670893010906
validation,5,fast,F0v2+frequency_direction,data/u_5/s_2/g_flexext_pinky/recording_fast_17_05_2024_13_11_15.csv,5,7.68873622123124e-05,6.247394307857375e-06,0.002495919004484801,0.012355276701675086,7.160365583242997e-05,0.9849940658814876
validation,5,medium,F0v2+frequency_direction,data/u_5/s_2/g_flexext_pinky/recording_medium_17_05_2024_13_10_53.csv,5,4.686867605461951e-05,8.082216725738357e-05,0.0017788371442868827,0.04253428680464654,0.000617805895959488,0.954941379311795
validation,5,slow,F0v2+frequency_direction,data/u_5/s_2/g_flexext_pinky/recording_slow_17_05_2024_13_09_44.csv,5,0.00023522372649852354,0.000853682970331619,0.0009766239085906233,0.010750066096556059,0.0026186374430884267,0.9845657658549348
validation,5,fast,F0v2+frequency_direction,data/u_5/s_2/g_flexext_ring/recording_fast_17_05_2024_13_09_13.csv,4,0.00282062702268868,0.00012705813268678313,0.008883727177991387,0.4841726449636257,0.407399076972407,0.09659686573060038
validation,5,medium,F0v2+frequency_direction,data/u_5/s_2/g_flexext_ring/recording_medium_17_05_2024_13_08_53.csv,4,0.0003237161628294815,0.000581555639145631,0.09135137460136344,0.5185502853732813,0.011932248530750034,0.3772608196926301
validation,5,slow,F0v2+frequency_direction,data/u_5/s_2/g_flexext_ring/recording_slow_17_05_2024_13_08_31.csv,4,0.0014862115219958787,0.04952685994621715,0.04227456014305272,0.22733737550835934,0.2687278175025746,0.4106471753778003
validation,5,fast,F0v2+frequency_direction,data/u_5/s_2/g_flexext_thumb/recording_fast_17_05_2024_13_05_58.csv,1,0.001944801065319319,0.1934864906298566,0.01133214622870476,0.1627262819524206,0.0026706751506819447,0.6278396049730167
validation,5,medium,F0v2+frequency_direction,data/u_5/s_2/g_flexext_thumb/recording_medium_17_05_2024_13_05_36.csv,1,0.0014713146028365088,0.6437285436328953,0.051344913959041345,0.007104713126189207,0.008860445891409635,0.28749006878762784
validation,5,slow,F0v2+frequency_direction,data/u_5/s_2/g_flexext_thumb/recording_slow_17_05_2024_13_05_16.csv,1,0.004946074976674212,0.5883635161749909,0.01030541729872163,0.0014865840266552852,0.025261675466275856,0.3696367320566822
validation,6,fast,F0v2+frequency_direction,data/u_6/s_2/g_flexext_fist/recording_fast_17_05_2024_16_07_58.csv,0,0.8746833373199946,0.007831813506212188,0.0001663591784194322,0.0003600894808649115,0.11566497364075923,0.0012934268737492861
validation,6,medium,F0v2+frequency_direction,data/u_6/s_2/g_flexext_fist/recording_medium_17_05_2024_16_07_37.csv,0,0.7044912755144449,0.17723961028939014,0.005290092989825247,0.005804564375299559,0.06247119320626647,0.044703263624773865
validation,6,slow,F0v2+frequency_direction,data/u_6/s_2/g_flexext_fist/recording_slow_17_05_2024_16_07_17.csv,0,0.5950006189902567,0.1861754971052479,0.0054181275376522006,0.0017549111083273881,0.21111417212822564,0.0005366731302900205
validation,6,fast,F0v2+frequency_direction,data/u_6/s_2/g_flexext_index/recording_fast_17_05_2024_16_10_20.csv,2,0.26220994754108035,0.430231197412233,0.21657663373700503,0.05003781263321048,0.001985650504181991,0.03895875817228931
validation,6,medium,F0v2+frequency_direction,data/u_6/s_2/g_flexext_index/recording_medium_17_05_2024_16_10_00.csv,2,0.9325812329633801,0.027011781616273687,0.010426958880636134,0.008795732739857955,0.00038229521816718326,0.020801998581684706
validation,6,slow,F0v2+frequency_direction,data/u_6/s_2/g_flexext_index/recording_slow_17_05_2024_16_09_41.csv,2,0.9327785650010385,0.02836756860568169,0.014974327581598059,0.009250139700528922,0.00014302819277738253,0.014486370918375532
validation,6,fast,F0v2+frequency_direction,data/u_6/s_2/g_flexext_middle/recording_fast_17_05_2024_16_11_23.csv,3,0.004050375879306118,0.012226657017858803,0.06572625231013314,0.7821540408410443,0.0038352063813256324,0.13200746757033197
validation,6,medium,F0v2+frequency_direction,data/u_6/s_2/g_flexext_middle/recording_medium_17_05_2024_16_11_03.csv,3,0.043710084685369556,0.0029518791648140714,0.029975464378459105,0.03571991301129857,0.000508120648175045,0.8871345381118837
validation,6,slow,F0v2+frequency_direction,data/u_6/s_2/g_flexext_middle/recording_slow_17_05_2024_16_10_42.csv,3,0.08223086366438095,0.03257710155839264,0.1388860325573887,0.33666062558132914,0.002139012719725877,0.4075063639187828
validation,6,fast,F0v2+frequency_direction,data/u_6/s_2/g_flexext_pinky/recording_fast_17_05_2024_16_13_27.csv,5,0.9470927011267665,0.0046532139529580725,0.0028431980563802784,0.00016229652049594542,1.4952611120151986e-05,0.04523363773227911
validation,6,medium,F0v2+frequency_direction,data/u_6/s_2/g_flexext_pinky/recording_medium_17_05_2024_16_13_06.csv,5,0.7304823577661743,0.051240781776826054,0.02229436557777488,0.09816908616644177,0.0002512428580446009,0.09756216585473837
validation,6,slow,F0v2+frequency_direction,data/u_6/s_2/g_flexext_pinky/recording_slow_17_05_2024_16_12_46.csv,5,0.7472523152251194,0.08023548275123328,0.06876513404998841,0.01652780797068147,0.0002192941473919515,0.08699996585558539
validation,6,fast,F0v2+frequency_direction,data/u_6/s_2/g_flexext_ring/recording_fast_17_05_2024_16_12_23.csv,4,0.002562034372167684,0.04284698264577811,0.0036624584975863046,0.21534143774465717,0.687028320635788,0.04855876610402278
validation,6,medium,F0v2+frequency_direction,data/u_6/s_2/g_flexext_ring/recording_medium_17_05_2024_16_12_03.csv,4,0.010864179795354575,0.005576285749885542,0.001771660076466827,0.22111584787151695,0.5244734871283537,0.2361985393784223
validation,6,slow,F0v2+frequency_direction,data/u_6/s_2/g_flexext_ring/recording_slow_17_05_2024_16_11_45.csv,4,0.2556303918608645,0.005145570457322482,0.0034438879000566625,0.18188768023141846,0.1325404790100778,0.42135199054026007
validation,6,fast,F0v2+frequency_direction,data/u_6/s_2/g_flexext_thumb/recording_fast_17_05_2024_16_09_16.csv,1,0.6805600585918009,0.31001167948665814,0.0015279595237483268,7.250052458477192e-05,0.00017195210786217227,0.007655849765345617
validation,6,medium,F0v2+frequency_direction,data/u_6/s_2/g_flexext_thumb/recording_medium_17_05_2024_16_08_55.csv,1,0.0246573304895453,0.9660502730002802,0.0054529946480270245,0.00026372057618297124,0.00010684480950416915,0.0034688364764603463
validation,6,slow,F0v2+frequency_direction,data/u_6/s_2/g_flexext_thumb/recording_slow_17_05_2024_16_08_37.csv,1,0.0522285026965915,0.9337387945958727,0.002585290199472481,0.0003977492425720247,0.0016846936076024008,0.009364969657888909
validation,7,fast,F0v2+frequency_direction,data/u_7/s_2/g_flexext_fist/recording_fast_02_05_2024_15_12_18.csv,0,0.9999901622621293,9.773411183896947e-07,4.892110535118173e-07,1.0782764470385917e-09,4.217705927619605e-06,4.1524014948350804e-06
validation,7,medium,F0v2+frequency_direction,data/u_7/s_2/g_flexext_fist/recording_medium_02_05_2024_15_11_57.csv,0,0.9315382762107522,0.0074685686917020724,0.013385710166600373,0.0013683378163800454,0.045594379149438626,0.0006447279651264424
validation,7,slow,F0v2+frequency_direction,data/u_7/s_2/g_flexext_fist/recording_slow_02_05_2024_15_11_34.csv,0,0.8832871239753415,0.012522208720507891,0.04163938181772655,0.005253754837723611,0.05634303340447498,0.0009544972442256832
validation,7,fast,F0v2+frequency_direction,data/u_7/s_2/g_flexext_index/recording_fast_02_05_2024_15_14_56.csv,2,0.0011431686078647836,0.698313146367017,0.002628748536336593,9.318093296647958e-05,0.2977624454371498,5.931011866545744e-05
validation,7,medium,F0v2+frequency_direction,data/u_7/s_2/g_flexext_index/recording_medium_02_05_2024_15_14_36.csv,2,0.0005634082770408337,0.9479751366504734,0.0022148168128822815,1.9777003300570345e-05,0.049214093243342166,1.2768012960780432e-05
validation,7,slow,F0v2+frequency_direction,data/u_7/s_2/g_flexext_index/recording_slow_02_05_2024_15_14_14.csv,2,0.0031979760744943204,0.950502071699511,0.034269227507588464,0.004802439474432515,0.006162002606081299,0.001066282637892326
validation,7,fast,F0v2+frequency_direction,data/u_7/s_2/g_flexext_middle/recording_fast_02_05_2024_15_15_56.csv,3,0.002224903308901265,0.6733295339192101,0.1324417214150567,0.0003920307291635043,0.1912462569394895,0.0003655536881789048
validation,7,medium,F0v2+frequency_direction,data/u_7/s_2/g_flexext_middle/recording_medium_02_05_2024_15_15_37.csv,3,0.0028231356789304085,0.325993085341318,0.6676642425813016,0.0022336611053481626,0.0008910499337400976,0.0003948253593616607
validation,7,slow,F0v2+frequency_direction,data/u_7/s_2/g_flexext_middle/recording_slow_02_05_2024_15_15_16.csv,3,0.01581693682219105,0.5182148684857095,0.4221111380335357,0.0016921782680406681,0.041786301741850045,0.00037857664867303303
validation,7,fast,F0v2+frequency_direction,data/u_7/s_2/g_flexext_pinky/recording_fast_02_05_2024_15_18_29.csv,5,0.0011835512604102176,0.08724826200391134,0.21938568053330548,0.02292851325629819,0.6662696124538238,0.0029843804922509583
validation,7,medium,F0v2+frequency_direction,data/u_7/s_2/g_flexext_pinky/recording_medium_02_05_2024_15_18_06.csv,5,0.00031241298465018656,0.15565385863062794,0.8264308610308836,0.00534902632741981,0.011553614164533774,0.0007002268618846229
validation,7,slow,F0v2+frequency_direction,data/u_7/s_2/g_flexext_pinky/recording_slow_02_05_2024_15_17_45.csv,5,0.0004623402484725639,0.08653259880565985,0.5689664264204978,0.020139534389532168,0.3215852586513129,0.002313841484524793
validation,7,fast,F0v2+frequency_direction,data/u_7/s_2/g_flexext_ring/recording_fast_02_05_2024_15_17_23.csv,4,5.5831313239433437e-05,0.0019143350823594026,0.06838751488770757,0.0029345062999486366,0.9262267569647014,0.0004810554520436927
validation,7,medium,F0v2+frequency_direction,data/u_7/s_2/g_flexext_ring/recording_medium_02_05_2024_15_16_39.csv,4,0.0002857707878839824,0.014043758479364066,0.13951737230049685,0.006999042729852526,0.8372710742714575,0.0018829814309450376
validation,7,slow,F0v2+frequency_direction,data/u_7/s_2/g_flexext_ring/recording_slow_02_05_2024_15_16_17.csv,4,0.0003979526401381545,0.05940338878539441,0.2858331383829572,0.004779449314142867,0.6493650449924542,0.00022102588491316647
validation,7,fast,F0v2+frequency_direction,data/u_7/s_2/g_flexext_thumb/recording_fast_02_05_2024_15_13_47.csv,1,0.008160672178888958,0.21003332776861164,0.3470389114673023,0.006560737890365551,0.4277665648049637,0.0004397858898678125
validation,7,medium,F0v2+frequency_direction,data/u_7/s_2/g_flexext_thumb/recording_medium_02_05_2024_15_13_26.csv,1,0.0016335992534737803,0.03626032386591852,0.894553745253403,0.02094551320898715,0.04528515486455843,0.0013216635536590685
validation,7,slow,F0v2+frequency_direction,data/u_7/s_2/g_flexext_thumb/recording_slow_02_05_2024_15_12_41.csv,1,0.005163232890042089,0.2637802900073287,0.10740302371511429,0.10659314215713005,0.5095232155509068,0.007537095679478104
validation,8,fast,F0v2+frequency_direction,data/u_8/s_2/g_flexext_fist/recording_fast_17_06_2024_15_42_00.csv,0,0.9747390996052604,0.0007145184207800991,0.0002449158539193716,4.571668589153417e-05,0.00019494852944791622,0.02406080090470095
validation,8,medium,F0v2+frequency_direction,data/u_8/s_2/g_flexext_fist/recording_medium_17_06_2024_15_41_19.csv,0,0.9905617314257601,0.0008858630030954979,0.00013259859443693112,0.0001898350941723875,0.00020976391134960938,0.008020207971185482
validation,8,slow,F0v2+frequency_direction,data/u_8/s_2/g_flexext_fist/recording_slow_17_06_2024_15_40_56.csv,0,0.45293856168602314,0.016487433172476765,0.0009862770905287627,0.33681074383570175,0.011885651894538971,0.18089133232073054
validation,8,fast,F0v2+frequency_direction,data/u_8/s_2/g_flexext_index/recording_fast_17_06_2024_15_44_33.csv,2,0.09844821073796844,0.6875320269732409,0.20694388762532423,0.00019102735736808854,0.006495410920844349,0.0003894363852541535
validation,8,medium,F0v2+frequency_direction,data/u_8/s_2/g_flexext_index/recording_medium_17_06_2024_15_44_10.csv,2,0.2982073135499341,0.37810669398580743,0.2959609144236765,6.580784759927908e-05,0.027410070488048992,0.0002491997049337858
validation,8,slow,F0v2+frequency_direction,data/u_8/s_2/g_flexext_index/recording_slow_17_06_2024_15_43_46.csv,2,0.15802090872694777,0.572759248824749,0.2514240233834065,0.00019418315812932537,0.015971681971755348,0.0016299539350121113
validation,8,fast,F0v2+frequency_direction,data/u_8/s_2/g_flexext_middle/recording_fast_17_06_2024_15_45_59.csv,3,0.0005333596588499804,0.058391293339551606,0.8835655885622028,0.03511855559069461,0.02156234962927248,0.0008288532194283599
validation,8,medium,F0v2+frequency_direction,data/u_8/s_2/g_flexext_middle/recording_medium_17_06_2024_15_45_36.csv,3,0.0039278037526947,0.6902415396362502,0.2908061757058508,0.0028510755809982163,0.00874602021196844,0.0034273851122374726
validation,8,slow,F0v2+frequency_direction,data/u_8/s_2/g_flexext_middle/recording_slow_17_06_2024_15_45_16.csv,3,0.0002355633280172585,0.14833282384145122,0.8156564967382781,0.02404414168637965,0.011081085520345686,0.0006498888855279503
validation,8,fast,F0v2+frequency_direction,data/u_8/s_2/g_flexext_pinky/recording_fast_17_06_2024_15_48_32.csv,5,0.0008837375505767527,0.34120166577669375,0.4627351778099332,0.05539355373280431,0.03772236477711223,0.10206350035287988
validation,8,medium,F0v2+frequency_direction,data/u_8/s_2/g_flexext_pinky/recording_medium_17_06_2024_15_48_09.csv,5,0.0008004000499160514,0.4149218067682622,0.2221960378473443,0.01994683887748978,0.1161866879267124,0.22594822853027524
validation,8,slow,F0v2+frequency_direction,data/u_8/s_2/g_flexext_pinky/recording_slow_17_06_2024_15_47_46.csv,5,0.000900472884371795,0.2972205177552569,0.6116254426395713,0.017068203773953194,0.0055777598563414525,0.0676076030905053
validation,8,fast,F0v2+frequency_direction,data/u_8/s_2/g_flexext_ring/recording_fast_17_06_2024_15_47_22.csv,4,5.127323474131719e-05,0.00217116591865176,7.399691843728925e-05,0.00020834430016958549,0.9974557690509829,3.9450577017258305e-05
validation,8,medium,F0v2+frequency_direction,data/u_8/s_2/g_flexext_ring/recording_medium_17_06_2024_15_46_58.csv,4,1.697707170709546e-05,0.005684107935875172,0.00012805688856936366,7.126155527589384e-05,0.9940498132605184,4.9783288053860286e-05
validation,8,slow,F0v2+frequency_direction,data/u_8/s_2/g_flexext_ring/recording_slow_17_06_2024_15_46_34.csv,4,0.002143370321755306,0.16683937712191016,0.7319243713016714,0.006101203134846254,0.09169147130702482,0.0013002068127919708
validation,8,fast,F0v2+frequency_direction,data/u_8/s_2/g_flexext_thumb/recording_fast_17_06_2024_15_43_22.csv,1,0.04083283143187559,0.30433323102411697,0.6259871278423524,0.0010584234964473496,0.022194006304225442,0.005594379900982245
validation,8,medium,F0v2+frequency_direction,data/u_8/s_2/g_flexext_thumb/recording_medium_17_06_2024_15_42_59.csv,1,3.7440288821072615e-06,0.014196038904863827,0.9779075852485479,0.00026984888236246954,0.007506877598171702,0.000115905337171804
validation,8,slow,F0v2+frequency_direction,data/u_8/s_2/g_flexext_thumb/recording_slow_17_06_2024_15_42_32.csv,1,0.574544429755401,0.40213378243971915,0.01275426960460609,1.1575246925294124e-05,0.010360415237369055,0.00019552771597936174
final,3,fast,F0v2,data/u_3/s_3/g_flexext_fist/recording_fast_16_05_2024_16_10_47.csv,0,0.7727225369295466,0.21423908336064462,0.0042968322437666375,0.00019205041942629418,0.0021684182921534716,0.006381078754462192
final,3,medium,F0v2,data/u_3/s_3/g_flexext_fist/recording_medium_16_05_2024_16_09_46.csv,0,0.3979529368201129,0.5661681614861154,0.008537043576231322,3.0765204568037214e-05,0.02687610376035801,0.0004349891526142138
final,3,slow,F0v2,data/u_3/s_3/g_flexext_fist/recording_slow_16_05_2024_16_09_26.csv,0,0.6239617210821837,0.3632374083764038,0.0018446203433443475,2.0293591165527003e-05,0.01017098265018671,0.0007649739567159539
final,3,fast,F0v2,data/u_3/s_3/g_flexext_index/recording_fast_16_05_2024_16_13_25.csv,2,0.018505274984818607,0.21344238623329148,0.7358943543687015,0.026818053699152123,0.004111271312467934,0.0012286594015684653
final,3,medium,F0v2,data/u_3/s_3/g_flexext_index/recording_medium_16_05_2024_16_13_00.csv,2,0.01784199481811179,0.1734788169276232,0.796020425689797,0.010507599189957712,0.0011299814676008772,0.0010211819069093648
final,3,slow,F0v2,data/u_3/s_3/g_flexext_index/recording_slow_16_05_2024_16_12_37.csv,2,0.0852000981052232,0.43983621764365244,0.43549762119937657,0.011915368057964955,0.021877401246146313,0.0056732937476366065
final,3,fast,F0v2,data/u_3/s_3/g_flexext_middle/recording_fast_16_05_2024_16_14_32.csv,3,0.05572468769655715,0.7182508815669894,0.19693860007431344,0.010258760321470925,0.01740777268855797,0.0014192976521111265
final,3,medium,F0v2,data/u_3/s_3/g_flexext_middle/recording_medium_16_05_2024_16_14_11.csv,3,0.04428359990743827,0.6326710461275232,0.2924269030464527,0.00834564470954453,0.01999484897801662,0.0022779572310245564
final,3,slow,F0v2,data/u_3/s_3/g_flexext_middle/recording_slow_16_05_2024_16_13_49.csv,3,0.12759376689682758,0.3896408300941385,0.4584767913242207,0.013058611246877459,0.007739537903127371,0.0034904625348082616
final,3,fast,F0v2,data/u_3/s_3/g_flexext_pinky/recording_fast_16_05_2024_16_16_54.csv,5,0.009249955346872394,0.7333064677704736,0.149522588075354,0.00442425170956226,0.10101022377076826,0.002486513326969402
final,3,medium,F0v2,data/u_3/s_3/g_flexext_pinky/recording_medium_16_05_2024_16_16_32.csv,5,0.008278734867345984,0.7137320748872202,0.19416772391370785,0.002111763893809129,0.08010724587777147,0.0016024565601455534
final,3,slow,F0v2,data/u_3/s_3/g_flexext_pinky/recording_slow_16_05_2024_16_16_10.csv,5,0.0027725146290054213,0.8021312861385114,0.13287657170330722,0.00041199006138227306,0.061460207878677016,0.0003474295891166296
final,3,fast,F0v2,data/u_3/s_3/g_flexext_ring/recording_fast_16_05_2024_16_15_49.csv,4,0.08438893383955025,0.4295061557444633,0.27839413420215336,0.0006291943551678092,0.20652749380527377,0.0005540880533913159
final,3,medium,F0v2,data/u_3/s_3/g_flexext_ring/recording_medium_16_05_2024_16_15_22.csv,4,0.11490228821217366,0.1669503474567916,0.16138411301095054,0.0002814605418404514,0.5563627162013095,0.00011907457693435792
final,3,slow,F0v2,data/u_3/s_3/g_flexext_ring/recording_slow_16_05_2024_16_15_00.csv,4,0.02909076274851411,0.7984315678541212,0.09870974733552179,0.001118952494054234,0.07171769370946887,0.0009312758583197036
final,3,fast,F0v2,data/u_3/s_3/g_flexext_thumb/recording_fast_16_05_2024_16_11_53.csv,1,0.022743058276361704,0.2797385756099351,0.6895619909319526,0.0030252506964655863,0.003568758704390348,0.0013623657808945564
final,3,medium,F0v2,data/u_3/s_3/g_flexext_thumb/recording_medium_16_05_2024_16_11_31.csv,1,0.08832667811675514,0.3242398650772241,0.5844953122867405,0.001491776462735333,0.0009678913603458878,0.0004784766961989449
final,3,slow,F0v2,data/u_3/s_3/g_flexext_thumb/recording_slow_16_05_2024_16_11_11.csv,1,0.020102909514082057,0.27429072738158145,0.7031973480362964,0.0009672564635951061,0.0012319847320388614,0.00020977387240614216
final,4,fast,F0v2,data/u_4/s_3/g_flexext_fist/recording_fast_13_06_2024_17_29_40.csv,0,0.9802092331566182,0.01309204115705542,0.0006296691914804298,0.0003563893090298136,0.005600671915444839,0.00011199527037123687
final,4,medium,F0v2,data/u_4/s_3/g_flexext_fist/recording_medium_13_06_2024_17_29_20.csv,0,0.6414017663864561,0.18706585353399874,0.14198259826145873,0.019442437966257744,0.007334003689291026,0.0027733401625376244
final,4,slow,F0v2,data/u_4/s_3/g_flexext_fist/recording_slow_13_06_2024_17_28_59.csv,0,0.16295663257985452,0.3273700472206179,0.22917110436038338,0.26031298062359753,0.011719713077390595,0.008469522138156159
final,4,fast,F0v2,data/u_4/s_3/g_flexext_index/recording_fast_13_06_2024_17_31_49.csv,2,0.0003268919128082173,0.13318863956085017,0.046691875475577134,0.042664679248060555,0.7729910621668662,0.0041368516358376755
final,4,medium,F0v2,data/u_4/s_3/g_flexext_index/recording_medium_13_06_2024_17_31_29.csv,2,0.0004978958657617377,0.49574192323366045,0.4350351893404592,0.03648916510658531,0.02887111169489296,0.003364714758640113
final,4,slow,F0v2,data/u_4/s_3/g_flexext_index/recording_slow_13_06_2024_17_31_10.csv,2,0.00017797839690005492,0.3009125700847893,0.41833230634778407,0.23026573943744388,0.044784974519770225,0.005526431213312644
final,4,fast,F0v2,data/u_4/s_3/g_flexext_middle/recording_fast_13_06_2024_17_32_49.csv,3,0.006930457000752716,0.24696176845834417,0.5430784640563682,0.17993367729896767,0.021857529854404364,0.001238103331163038
final,4,medium,F0v2,data/u_4/s_3/g_flexext_middle/recording_medium_13_06_2024_17_32_28.csv,3,0.018847006919343268,0.22157117670434232,0.0597299542070052,0.5281207788163085,0.14927361486604765,0.02245746848695318
final,4,slow,F0v2,data/u_4/s_3/g_flexext_middle/recording_slow_13_06_2024_17_32_08.csv,3,0.0035031199444387736,0.2910533369486772,0.2536347621507915,0.4115439990130935,0.02777085130463328,0.012493930638365677
final,4,fast,F0v2,data/u_4/s_3/g_flexext_pinky/recording_fast_13_06_2024_17_34_58.csv,5,0.0011514367339260352,0.11000539958711714,0.2452905119560931,0.5019582865250118,0.12690918666033502,0.014685178537516885
final,4,medium,F0v2,data/u_4/s_3/g_flexext_pinky/recording_medium_13_06_2024_17_34_38.csv,5,0.0004683639820863207,0.28868570412152017,0.37483679779868406,0.2576458931508463,0.049478844275987754,0.0288843966708755
final,4,slow,F0v2,data/u_4/s_3/g_flexext_pinky/recording_slow_13_06_2024_17_34_15.csv,5,0.0002715165251505418,0.0047231779732972426,0.008865020691269683,0.8961547469467274,0.020666342543372265,0.0693191953201831
final,4,fast,F0v2,data/u_4/s_3/g_flexext_ring/recording_fast_13_06_2024_17_33_52.csv,4,0.0028798489424750858,0.01838473194165343,0.0020920137829093357,0.0034889073553272163,0.9678338344793059,0.005320663498329121
final,4,medium,F0v2,data/u_4/s_3/g_flexext_ring/recording_medium_13_06_2024_17_33_30.csv,4,0.00015949461729609135,0.6232749025861378,0.1437253286263651,0.03736194529427143,0.191741372939711,0.003736955936218531
final,4,slow,F0v2,data/u_4/s_3/g_flexext_ring/recording_slow_13_06_2024_17_33_10.csv,4,0.0018991827841431195,0.7150594529277283,0.1323949880418044,0.08506347157531151,0.0414960407116282,0.0240868639593845
final,4,fast,F0v2,data/u_4/s_3/g_flexext_thumb/recording_fast_13_06_2024_17_30_42.csv,1,0.0006437206210834471,0.06323177931868808,0.5589992596255265,0.3426041286198618,0.028344469656767318,0.006176642158072702
final,4,medium,F0v2,data/u_4/s_3/g_flexext_thumb/recording_medium_13_06_2024_17_30_24.csv,1,0.013056008429639847,0.6980040059128827,0.2462828654031322,0.017512563340358014,0.011955217487329818,0.013189339426657403
final,4,slow,F0v2,data/u_4/s_3/g_flexext_thumb/recording_slow_13_06_2024_17_30_02.csv,1,0.0003740643258513792,0.11746668980270877,0.11881094036119964,0.7426506862797402,0.00561790598923355,0.015079713241266567
final,5,fast,F0v2,data/u_5/s_3/g_flexext_fist/recording_fast_29_05_2024_14_23_07.csv,0,0.9993834029158686,7.355347919874626e-08,3.187395739237099e-07,6.857537539884864e-09,2.7598287631621747e-06,0.0006134381047776323
final,5,medium,F0v2,data/u_5/s_3/g_flexext_fist/recording_medium_29_05_2024_14_22_47.csv,0,0.9637403056425936,0.0003061037002125166,3.9117017613872714e-05,4.358369781585149e-06,4.3954275652807125e-05,0.03586616099414578
final,5,slow,F0v2,data/u_5/s_3/g_flexext_fist/recording_slow_29_05_2024_14_22_26.csv,0,0.4365790979459733,0.15662217147564067,0.058160414662805186,0.0035832715978650893,0.017641663131076412,0.3274133811866393
final,5,fast,F0v2,data/u_5/s_3/g_flexext_index/recording_fast_29_05_2024_14_25_53.csv,2,4.496742644682567e-05,0.07164558291490351,0.4129050761859157,0.30919304050539004,0.0019297460992014094,0.20428158686814252
final,5,medium,F0v2,data/u_5/s_3/g_flexext_index/recording_medium_29_05_2024_14_25_34.csv,2,0.00017233207186887132,0.0453347057594698,0.24826005368997972,0.1116601316532674,0.00890044628341302,0.5856723305420012
final,5,slow,F0v2,data/u_5/s_3/g_flexext_index/recording_slow_29_05_2024_14_25_10.csv,2,0.0013051186251321005,0.09419467386553954,0.41394150084933296,0.21958116024784655,0.019098084781569224,0.25187946163057967
final,5,fast,F0v2,data/u_5/s_3/g_flexext_middle/recording_fast_29_05_2024_14_27_00.csv,3,6.934993676938684e-05,0.0033035737819307547,0.03853182617249132,0.8979853964886543,0.0011108412103309274,0.05899901240982332
final,5,medium,F0v2,data/u_5/s_3/g_flexext_middle/recording_medium_29_05_2024_14_26_39.csv,3,6.986973612424186e-05,0.0026727725888355935,0.04570477266765571,0.6620481581611726,0.0026031561376909716,0.2869012707085208
final,5,slow,F0v2,data/u_5/s_3/g_flexext_middle/recording_slow_29_05_2024_14_26_17.csv,3,0.0002909404661897016,0.03821466206081923,0.05433312258702511,0.31819389208470666,0.003868035581261366,0.585099347219998
final,5,fast,F0v2,data/u_5/s_3/g_flexext_pinky/recording_fast_29_05_2024_14_29_19.csv,5,0.001999749710176261,4.4402509486787624e-05,7.312508579303099e-05,0.004037120242156647,6.435391817511847e-05,0.9937812485342122
final,5,medium,F0v2,data/u_5/s_3/g_flexext_pinky/recording_medium_29_05_2024_14_28_59.csv,5,0.0001206671690297061,0.007432065470235955,0.018491394774348253,0.13186726241969193,0.006733259883654234,0.8353553502830399
final,5,slow,F0v2,data/u_5/s_3/g_flexext_pinky/recording_slow_29_05_2024_14_28_37.csv,5,0.0001437023786477109,0.012453254573959004,0.0118175803060282,0.08561027852416297,0.005385498291417773,0.8845896859257844
final,5,fast,F0v2,data/u_5/s_3/g_flexext_ring/recording_fast_29_05_2024_14_28_14.csv,4,0.00027163628579478574,0.008695075579360528,0.027607405254359955,0.37599694238652914,0.3149861268809014,0.2724428136130542
final,5,medium,F0v2,data/u_5/s_3/g_flexext_ring/recording_medium_29_05_2024_14_27_50.csv,4,0.0003706932327215334,0.04213738884559216,0.05499675245836891,0.11756173893046541,0.6830884773157586,0.10184494921709336
final,5,slow,F0v2,data/u_5/s_3/g_flexext_ring/recording_slow_29_05_2024_14_27_26.csv,4,0.00019313643185774726,0.07238610515244184,0.12806772040976117,0.07908297617585168,0.43661562606898335,0.2836544357611043
final,5,fast,F0v2,data/u_5/s_3/g_flexext_thumb/recording_fast_29_05_2024_14_24_44.csv,1,0.0007078874454296908,0.6202753232984971,0.15260310989147668,0.1497509631604695,0.008274776033278275,0.06838794017084879
final,5,medium,F0v2,data/u_5/s_3/g_flexext_thumb/recording_medium_29_05_2024_14_24_23.csv,1,0.0011541388386232046,0.08172679931437134,0.30948574582128513,0.34624360296570467,0.0017165219678998936,0.2596731910921158
final,5,slow,F0v2,data/u_5/s_3/g_flexext_thumb/recording_slow_29_05_2024_14_24_02.csv,1,0.000643469613677395,0.2441084962201686,0.6604273379679161,0.01740755247249392,0.0015512849102167457,0.07586185881552718
final,6,fast,F0v2,data/u_6/s_3/g_flexext_fist/recording_fast_14_06_2024_14_35_43.csv,0,0.7315014727774372,0.08200534050395888,0.0034892308000578362,0.0015461619031675912,0.1069589659396285,0.07449882807575016
final,6,medium,F0v2,data/u_6/s_3/g_flexext_fist/recording_medium_14_06_2024_14_34_52.csv,0,0.8040094434463558,0.07384214741285257,0.0029759181567759344,0.0004780154348621322,0.03462037305918358,0.08407410248996992
final,6,slow,F0v2,data/u_6/s_3/g_flexext_fist/recording_slow_14_06_2024_14_34_30.csv,0,0.8035627794245502,0.06558918954082033,0.0010973189248497186,0.0004454441470181366,0.10431343956854597,0.024991828394215626
final,6,fast,F0v2,data/u_6/s_3/g_flexext_index/recording_fast_14_06_2024_14_38_00.csv,2,0.00011966091139683146,0.020134846693222005,0.0076458370631604135,0.9688883437981022,1.9439719463656763e-05,0.003191871814654861
final,6,medium,F0v2,data/u_6/s_3/g_flexext_index/recording_medium_14_06_2024_14_37_39.csv,2,7.456498635760468e-05,0.02052489573745856,0.05647951436347613,0.9108592032435511,0.00012012958906241723,0.011941692080094301
final,6,slow,F0v2,data/u_6/s_3/g_flexext_index/recording_slow_14_06_2024_14_37_19.csv,2,0.00030478271538318213,0.17066791685755683,0.2519784762757703,0.5579593684047925,0.0006854280727099663,0.01840402767378723
final,6,fast,F0v2,data/u_6/s_3/g_flexext_middle/recording_fast_14_06_2024_14_39_05.csv,3,6.363893322382556e-05,0.03367834079749937,0.25992716534230625,0.6537634600243225,0.015105823016890958,0.037461571885757126
final,6,medium,F0v2,data/u_6/s_3/g_flexext_middle/recording_medium_14_06_2024_14_38_47.csv,3,3.980306820892574e-06,0.0030128484396177357,0.045526659100043866,0.947872233608739,0.00015572288851428213,0.0034285556562641843
final,6,slow,F0v2,data/u_6/s_3/g_flexext_middle/recording_slow_14_06_2024_14_38_25.csv,3,2.0093732118865094e-06,0.001366542160314926,0.0030554793619142874,0.9933629103375842,4.088673527616418e-05,0.002172172031698749
final,6,fast,F0v2,data/u_6/s_3/g_flexext_pinky/recording_fast_14_06_2024_14_41_18.csv,5,0.7423108356681429,0.006658811795543378,0.000932628558458421,0.0027311562885007183,0.0009776461852492387,0.2463889215041055
final,6,medium,F0v2,data/u_6/s_3/g_flexext_pinky/recording_medium_14_06_2024_14_40_53.csv,5,0.10062282135012483,0.01603454341886237,0.01053256922310048,0.028395612483976762,0.000353073067978561,0.844061380455957
final,6,slow,F0v2,data/u_6/s_3/g_flexext_pinky/recording_slow_14_06_2024_14_40_33.csv,5,0.259154097638214,0.09603011817675249,0.04146087574662237,0.1101099212784514,0.0025787810805617244,0.49066620607939804
final,6,fast,F0v2,data/u_6/s_3/g_flexext_ring/recording_fast_14_06_2024_14_40_10.csv,4,4.8316346770784155e-05,0.005881349744159208,0.029518631785257512,0.9388715184229834,0.005637176565924287,0.0200430071349046
final,6,medium,F0v2,data/u_6/s_3/g_flexext_ring/recording_medium_14_06_2024_14_39_49.csv,4,4.45003011050871e-06,2.6722318411333617e-06,3.129770656340584e-06,2.110263465702018e-06,0.99998628611592,1.3515880062874392e-06
final,6,slow,F0v2,data/u_6/s_3/g_flexext_ring/recording_slow_14_06_2024_14_39_27.csv,4,0.00017279029240309347,0.0010182764634525275,0.0012279002092201808,0.0006426901206248611,0.9967992335006503,0.0001391094136489538
final,6,fast,F0v2,data/u_6/s_3/g_flexext_thumb/recording_fast_14_06_2024_14_36_56.csv,1,0.0007985316127116765,0.21291948477038178,0.7143308791628812,0.06577999843649507,0.0036452766053343237,0.0025258294121960462
final,6,medium,F0v2,data/u_6/s_3/g_flexext_thumb/recording_medium_14_06_2024_14_36_35.csv,1,0.0014828409454397593,0.1139084109678699,0.3382380468186907,0.5199372554489538,0.0032879764124876345,0.023145469406558192
final,6,slow,F0v2,data/u_6/s_3/g_flexext_thumb/recording_slow_14_06_2024_14_36_10.csv,1,0.0002784866479403506,0.05449858549602978,0.5271061829394574,0.41312950627672335,0.00035555546697947903,0.004631683172869457
final,7,fast,F0v2,data/u_7/s_3/g_flexext_fist/recording_fast_03_05_2024_13_17_55.csv,0,0.8014601331440725,2.9935097155841065e-05,2.361747462050583e-07,3.2587887666073435e-07,0.18217969945055704,0.016329670254591616
final,7,medium,F0v2,data/u_7/s_3/g_flexext_fist/recording_medium_03_05_2024_13_17_35.csv,0,0.7349739618912314,0.002324191416952468,0.00021529394234036768,0.00010689222049291171,0.24638588290605695,0.015993777622925715
final,7,slow,F0v2,data/u_7/s_3/g_flexext_fist/recording_slow_03_05_2024_13_17_17.csv,0,0.35565211744722985,0.0006649982247078108,5.179470353379286e-06,3.1840864892678896e-06,0.6224010365757287,0.021273484195490956
final,7,fast,F0v2,data/u_7/s_3/g_flexext_index/recording_fast_03_05_2024_13_20_03.csv,2,0.001469753734111966,0.6287545193532897,0.17005405986781202,0.003478843746910621,0.18739973574850333,0.008843087549372283
final,7,medium,F0v2,data/u_7/s_3/g_flexext_index/recording_medium_03_05_2024_13_19_43.csv,2,0.00012061368270859882,0.26628346346795956,0.7286247443404282,0.00038778466895651335,0.0026505523356069385,0.0019328415043399919
final,7,slow,F0v2,data/u_7/s_3/g_flexext_index/recording_slow_03_05_2024_13_19_23.csv,2,0.0032261213924388308,0.33451152069333157,0.6575817190035015,0.0002350160374241502,0.0032085637018775446,0.00123705917142646
final,7,fast,F0v2,data/u_7/s_3/g_flexext_middle/recording_fast_03_05_2024_13_21_09.csv,3,0.0003596286070496259,0.8025606160167836,0.134686711413864,0.024377973484419516,0.008248382667165518,0.02976668781071754
final,7,medium,F0v2,data/u_7/s_3/g_flexext_middle/recording_medium_03_05_2024_13_20_48.csv,3,0.000376712374617783,0.7709527732451876,0.09973304582628374,0.015391091669905332,0.07996966660690653,0.03357671027709898
final,7,slow,F0v2,data/u_7/s_3/g_flexext_middle/recording_slow_03_05_2024_13_20_24.csv,3,0.0005510041677304095,0.8268082363512905,0.14097277518031984,0.00372071424643561,0.024200709785162405,0.0037465602690613855
final,7,fast,F0v2,data/u_7/s_3/g_flexext_pinky/recording_fast_03_05_2024_13_23_18.csv,5,0.00010207318964355983,0.02345715964732892,0.00014139516331971238,0.0005189157961929598,0.9624136045787952,0.01336685162471951
final,7,medium,F0v2,data/u_7/s_3/g_flexext_pinky/recording_medium_03_05_2024_13_22_54.csv,5,0.0007743604663039532,0.17090566719721584,0.00115814481700021,0.0006463780408081457,0.7963038245988339,0.030211624879838018
final,7,slow,F0v2,data/u_7/s_3/g_flexext_pinky/recording_slow_03_05_2024_13_22_34.csv,5,8.562145586157983e-05,0.25483440940885455,0.004109308009665172,0.0022986384668888314,0.6611475068410982,0.07752451581763169
final,7,fast,F0v2,data/u_7/s_3/g_flexext_ring/recording_fast_03_05_2024_13_22_14.csv,4,0.00020615676935949756,0.009671702147918761,0.00034672278796319067,0.0018556089396185441,0.9742122015753908,0.013707607779749307
final,7,medium,F0v2,data/u_7/s_3/g_flexext_ring/recording_medium_03_05_2024_13_21_53.csv,4,0.0008367626774425005,0.6524481250353874,0.011579190653451338,0.00549700647990591,0.3042705723987976,0.025368342755015053
final,7,slow,F0v2,data/u_7/s_3/g_flexext_ring/recording_slow_03_05_2024_13_21_33.csv,4,0.0001921177030068545,0.7325723604730519,0.010891694197539275,0.0028358093615574818,0.2386778917129573,0.014830126551887368
final,7,fast,F0v2,data/u_7/s_3/g_flexext_thumb/recording_fast_03_05_2024_13_18_59.csv,1,9.055526524722458e-05,0.03574427616630994,0.005410633385445669,0.00031789352459898207,0.9549081623758175,0.0035284792825807463
final,7,medium,F0v2,data/u_7/s_3/g_flexext_thumb/recording_medium_03_05_2024_13_18_38.csv,1,0.00014097126510700359,0.0019879483650865485,3.488337890414271e-05,1.620945117561863e-05,0.9969661758452782,0.0008538116944483857
final,7,slow,F0v2,data/u_7/s_3/g_flexext_thumb/recording_slow_03_05_2024_13_18_19.csv,1,0.0012337772166567216,0.011619346892607534,0.0002543520725963731,5.757429204491327e-05,0.9852140113712395,0.0016209381548549207
final,8,fast,F0v2,data/u_8/s_3/g_flexext_fist/recording_fast_19_07_2024_14_51_29.csv,0,0.1844520634134562,0.0012136095995865358,0.00012343214280147147,0.0013362003564108642,0.0020764210864418703,0.8107982734013031
final,8,medium,F0v2,data/u_8/s_3/g_flexext_fist/recording_medium_19_07_2024_14_51_08.csv,0,0.999922395395446,2.3536157851364944e-05,5.1640765800003005e-08,8.417532555169581e-10,1.2886944042016002e-07,5.388709474332534e-05
final,8,slow,F0v2,data/u_8/s_3/g_flexext_fist/recording_slow_19_07_2024_14_50_48.csv,0,0.9519764038498914,0.004545135800664512,0.0001273833659991322,2.0171260189017688e-05,0.0001666493989034561,0.04316425632435246
final,8,fast,F0v2,data/u_8/s_3/g_flexext_index/recording_fast_19_07_2024_14_54_22.csv,2,9.419711966582616e-05,0.030486876038112773,0.9210205667845103,0.04215645438009766,0.0009862272477754045,0.005255678429837871
final,8,medium,F0v2,data/u_8/s_3/g_flexext_index/recording_medium_19_07_2024_14_54_01.csv,2,0.00017970489884305116,0.10392878050729167,0.8907179980530147,0.0030198528439104384,0.00012080306156792646,0.0020328606353724105
final,8,slow,F0v2,data/u_8/s_3/g_flexext_index/recording_slow_19_07_2024_14_53_07.csv,2,0.000444597279649869,0.10461124636517288,0.8685485607536667,0.019657371135782697,0.0007867854675850561,0.00595143899814265
final,8,fast,F0v2,data/u_8/s_3/g_flexext_middle/recording_fast_19_07_2024_14_55_24.csv,3,0.0004669466897471361,0.011831525876920013,0.04348095073892085,0.8626894962944543,0.0479797246745845,0.033551355725373176
final,8,medium,F0v2,data/u_8/s_3/g_flexext_middle/recording_medium_19_07_2024_14_55_03.csv,3,0.00012794023874406564,0.027648192357884106,0.47980124226099374,0.4818777142454701,0.00017459594852796696,0.010370314948380109
final,8,slow,F0v2,data/u_8/s_3/g_flexext_middle/recording_slow_19_07_2024_14_54_43.csv,3,6.472612456194431e-05,0.008578829049277654,0.22166988972553459,0.7660582870977366,0.0005276997627112871,0.0031005682401780677
final,8,fast,F0v2,data/u_8/s_3/g_flexext_pinky/recording_fast_19_07_2024_14_57_27.csv,5,0.00027467304191867726,0.0011162597986992037,0.004225598191611253,0.7418888226279152,0.002317373015259422,0.2501772733245963
final,8,medium,F0v2,data/u_8/s_3/g_flexext_pinky/recording_medium_19_07_2024_14_57_06.csv,5,1.5555319722374653e-05,0.0013335654362610716,0.022303571408898677,0.8994642721381341,0.00014426470186381152,0.07673877099512005
final,8,slow,F0v2,data/u_8/s_3/g_flexext_pinky/recording_slow_19_07_2024_14_56_46.csv,5,9.935432948398733e-05,0.006754106634550087,0.02284807594518004,0.8016951390659023,0.0025688568941634534,0.16603446713072026
final,8,fast,F0v2,data/u_8/s_3/g_flexext_ring/recording_fast_19_07_2024_14_56_26.csv,4,0.00012448696365217755,0.0028321547690200195,0.05504155731711715,0.8940336182006263,0.018734636006866503,0.029233546742717626
final,8,medium,F0v2,data/u_8/s_3/g_flexext_ring/recording_medium_19_07_2024_14_56_05.csv,4,9.533610705963134e-06,0.005261104717085959,0.028505807138759356,0.8847437393961023,0.0018581193119299303,0.07962169582541652
final,8,slow,F0v2,data/u_8/s_3/g_flexext_ring/recording_slow_19_07_2024_14_55_44.csv,4,0.00012881820468865592,0.05694886942281025,0.4887791242309328,0.3763188064465965,0.0031282691949114636,0.07469611250006038
final,8,fast,F0v2,data/u_8/s_3/g_flexext_thumb/recording_fast_19_07_2024_14_52_37.csv,1,0.015142538559796652,0.46703641354304526,0.4193263468812977,0.048578807268413994,0.04127813713895823,0.008637756608488088
final,8,medium,F0v2,data/u_8/s_3/g_flexext_thumb/recording_medium_19_07_2024_14_52_16.csv,1,0.014948926747102345,0.29325943392058074,0.6863983833914011,0.00203317658651541,0.00286892041055515,0.0004911589438453438
final,8,slow,F0v2,data/u_8/s_3/g_flexext_thumb/recording_slow_19_07_2024_14_51_55.csv,1,0.02144681464360797,0.4268438717165042,0.5448567896416394,0.0009844000088375356,0.005681647609900081,0.00018647637951088765
final,3,fast,F0v2+scale_pattern,data/u_3/s_3/g_flexext_fist/recording_fast_16_05_2024_16_10_47.csv,0,0.7963521711143413,0.19676453321470921,0.0010419756537574383,3.999718348111859e-05,0.000930148733332769,0.004871174100378337
final,3,medium,F0v2+scale_pattern,data/u_3/s_3/g_flexext_fist/recording_medium_16_05_2024_16_09_46.csv,0,0.5028025530159981,0.48691974480394373,0.0025609055237637256,6.985602232513809e-06,0.007369170229928219,0.00034064082413370574
final,3,slow,F0v2+scale_pattern,data/u_3/s_3/g_flexext_fist/recording_slow_16_05_2024_16_09_26.csv,0,0.7340485917770022,0.26253024426881194,0.00028786114036000757,3.2705881883843374e-06,0.002528440023313637,0.0006015922023240128
final,3,fast,F0v2+scale_pattern,data/u_3/s_3/g_flexext_index/recording_fast_16_05_2024_16_13_25.csv,2,0.022642601795660876,0.6528328570221974,0.28031808990207396,0.019270163738746033,0.02075720023029428,0.004179087311027432
final,3,medium,F0v2+scale_pattern,data/u_3/s_3/g_flexext_index/recording_medium_16_05_2024_16_13_00.csv,2,0.015642379660381255,0.5279564325520396,0.41367711160193804,0.0378326086674709,0.0015655690331655193,0.003325898485004685
final,3,slow,F0v2+scale_pattern,data/u_3/s_3/g_flexext_index/recording_slow_16_05_2024_16_12_37.csv,2,0.03439318129007805,0.8583329504750888,0.06856109516841855,0.020846364873806957,0.010530000023505874,0.007336408169101742
final,3,fast,F0v2+scale_pattern,data/u_3/s_3/g_flexext_middle/recording_fast_16_05_2024_16_14_32.csv,3,0.02771551752926899,0.8901413067080737,0.06256863243531241,0.003821721139823377,0.014677616379619708,0.0010752058079017367
final,3,medium,F0v2+scale_pattern,data/u_3/s_3/g_flexext_middle/recording_medium_16_05_2024_16_14_11.csv,3,0.017430180593688973,0.8958455381412078,0.06352770703918961,0.005114929861622998,0.016153174369804946,0.001928469994485826
final,3,slow,F0v2+scale_pattern,data/u_3/s_3/g_flexext_middle/recording_slow_16_05_2024_16_13_49.csv,3,0.08672690636429585,0.7024197579294416,0.18578648966134786,0.01045493805799448,0.009528431414123711,0.0050834765727963945
final,3,fast,F0v2+scale_pattern,data/u_3/s_3/g_flexext_pinky/recording_fast_16_05_2024_16_16_54.csv,5,0.001721623689054059,0.9187320882626718,0.029859623043844513,0.005137001083893354,0.04336861093570022,0.0011810529848360351
final,3,medium,F0v2+scale_pattern,data/u_3/s_3/g_flexext_pinky/recording_medium_16_05_2024_16_16_32.csv,5,0.003672724943579665,0.8932391325272704,0.04673014234983491,0.001228464963660441,0.05376166697906238,0.0013678682365921072
final,3,slow,F0v2+scale_pattern,data/u_3/s_3/g_flexext_pinky/recording_slow_16_05_2024_16_16_10.csv,5,0.0011043820637572964,0.9333809192113303,0.03664108592612599,0.00019747655844402947,0.02851152577441196,0.00016461046593020011
final,3,fast,F0v2+scale_pattern,data/u_3/s_3/g_flexext_ring/recording_fast_16_05_2024_16_15_49.csv,4,0.05010198659282507,0.4918886273226316,0.06749682658434246,6.109112048401976e-05,0.3901395182673744,0.00031195011234242504
final,3,medium,F0v2+scale_pattern,data/u_3/s_3/g_flexext_ring/recording_medium_16_05_2024_16_15_22.csv,4,0.020781723431913056,0.037188857222067266,0.00736224278268506,1.792841773502103e-06,0.9346414063517403,2.3977369820886955e-05
final,3,slow,F0v2+scale_pattern,data/u_3/s_3/g_flexext_ring/recording_slow_16_05_2024_16_15_00.csv,4,0.01660163883901336,0.8784793749790696,0.02385344282992879,0.0002496504912943513,0.08023011742874547,0.0005857754319484472
final,3,fast,F0v2+scale_pattern,data/u_3/s_3/g_flexext_thumb/recording_fast_16_05_2024_16_11_53.csv,1,0.024487687344613714,0.7098415478179236,0.24870342461189204,0.0048158882239493096,0.00752419950020867,0.004627252501412615
final,3,medium,F0v2+scale_pattern,data/u_3/s_3/g_flexext_thumb/recording_medium_16_05_2024_16_11_31.csv,1,0.24122386415123834,0.560653380539269,0.19489958620595896,0.0006134342940336021,0.0009718006689251944,0.0016379341405748315
final,3,slow,F0v2+scale_pattern,data/u_3/s_3/g_flexext_thumb/recording_slow_16_05_2024_16_11_11.csv,1,0.048101813917214964,0.6385251267550134,0.3099183417948708,0.0008430548737473298,0.001809726420221119,0.000801936238932547
final,4,fast,F0v2+scale_pattern,data/u_4/s_3/g_flexext_fist/recording_fast_13_06_2024_17_29_40.csv,0,0.9846301122576088,0.011076714043613293,0.0004945148128156606,0.00013743484813383687,0.0035775886266474666,8.36354111807443e-05
final,4,medium,F0v2+scale_pattern,data/u_4/s_3/g_flexext_fist/recording_medium_13_06_2024_17_29_20.csv,0,0.7453380769823083,0.12560238938264834,0.1180371432657045,0.006415645495663261,0.0022677126508077227,0.00233903222286784
final,4,slow,F0v2+scale_pattern,data/u_4/s_3/g_flexext_fist/recording_slow_13_06_2024_17_28_59.csv,0,0.19472479640949156,0.33230485253856196,0.29971803752982284,0.15505873041053733,0.007863169881035439,0.010330413230551042
final,4,fast,F0v2+scale_pattern,data/u_4/s_3/g_flexext_index/recording_fast_13_06_2024_17_31_49.csv,2,4.242028248817846e-05,0.05505170966998609,0.01419012525140278,0.009361957264906538,0.920083337495194,0.0012704500360223414
final,4,medium,F0v2+scale_pattern,data/u_4/s_3/g_flexext_index/recording_medium_13_06_2024_17_31_29.csv,2,0.0001567153835328648,0.3581884868119718,0.5324690052839388,0.03669883279200655,0.06898214330688446,0.0035048164216655207
final,4,slow,F0v2+scale_pattern,data/u_4/s_3/g_flexext_index/recording_slow_13_06_2024_17_31_10.csv,2,4.416819891981622e-05,0.2443842821365734,0.4429179488020842,0.2328052693524774,0.07588038074008618,0.003967950769859144
final,4,fast,F0v2+scale_pattern,data/u_4/s_3/g_flexext_middle/recording_fast_13_06_2024_17_32_49.csv,3,0.00332175664740173,0.12037111036733472,0.7777150701327715,0.08464508353211235,0.01313351754252363,0.0008134617778559718
final,4,medium,F0v2+scale_pattern,data/u_4/s_3/g_flexext_middle/recording_medium_13_06_2024_17_32_28.csv,3,0.009131276095907446,0.1749500640476788,0.10198844558844807,0.5214742573263406,0.1717611708536223,0.02069478608800296
final,4,slow,F0v2+scale_pattern,data/u_4/s_3/g_flexext_middle/recording_slow_13_06_2024_17_32_08.csv,3,0.001007574066224007,0.17845025659412506,0.3624106606480139,0.4292308804221141,0.019928918503082628,0.008971709766440392
final,4,fast,F0v2+scale_pattern,data/u_4/s_3/g_flexext_pinky/recording_fast_13_06_2024_17_34_58.csv,5,0.0003249989720198172,0.09472238095823071,0.24203236900637123,0.4984570417800178,0.1532714029496192,0.011191806333741242
final,4,medium,F0v2+scale_pattern,data/u_4/s_3/g_flexext_pinky/recording_medium_13_06_2024_17_34_38.csv,5,0.00020598258035994156,0.25832767971773696,0.4042118366327325,0.24814876060228638,0.059960310370884215,0.02914543009599998
final,4,slow,F0v2+scale_pattern,data/u_4/s_3/g_flexext_pinky/recording_slow_13_06_2024_17_34_15.csv,5,0.00010777030281864376,0.003681061720940815,0.0072494448497363315,0.924918126786696,0.014007671314293159,0.05003592502551486
final,4,fast,F0v2+scale_pattern,data/u_4/s_3/g_flexext_ring/recording_fast_13_06_2024_17_33_52.csv,4,0.0008610556748915876,0.014011741205056329,0.000865904708416969,0.0008297606668737152,0.981019163060024,0.002412374684737268
final,4,medium,F0v2+scale_pattern,data/u_4/s_3/g_flexext_ring/recording_medium_13_06_2024_17_33_30.csv,4,6.418103915503375e-05,0.5424745695904803,0.17224091485289567,0.04573506039438911,0.23626981295125676,0.0032154611718230087
final,4,slow,F0v2+scale_pattern,data/u_4/s_3/g_flexext_ring/recording_slow_13_06_2024_17_33_10.csv,4,0.0007808127727749116,0.7027967748453007,0.12582952238051995,0.09517504393756568,0.05228596020153866,0.023131885862300076
final,4,fast,F0v2+scale_pattern,data/u_4/s_3/g_flexext_thumb/recording_fast_13_06_2024_17_30_42.csv,1,0.00026053749628259334,0.05382255819002669,0.5684316749063474,0.3554714360061495,0.01708252147193285,0.004931271929261019
final,4,medium,F0v2+scale_pattern,data/u_4/s_3/g_flexext_thumb/recording_medium_13_06_2024_17_30_24.csv,1,0.010202470933697014,0.5255186151468079,0.42581577564584816,0.017981375417992558,0.005366514527059879,0.015115248328594576
final,4,slow,F0v2+scale_pattern,data/u_4/s_3/g_flexext_thumb/recording_slow_13_06_2024_17_30_02.csv,1,0.00010739464385896404,0.06752428101064212,0.12259651223776045,0.7971152251264045,0.0026143243975680517,0.010042262583765976
final,5,fast,F0v2+scale_pattern,data/u_5/s_3/g_flexext_fist/recording_fast_29_05_2024_14_23_07.csv,0,0.9993281156724123,5.40846726359921e-08,2.0105607778778663e-07,7.6367346363876e-09,2.6574914034403384e-06,0.0006689640586991198
final,5,medium,F0v2+scale_pattern,data/u_5/s_3/g_flexext_fist/recording_medium_29_05_2024_14_22_47.csv,0,0.9819512039333754,0.0001745289182999712,4.150544560060438e-05,1.726552962937674e-06,2.2495529006437184e-05,0.017808539620754862
final,5,slow,F0v2+scale_pattern,data/u_5/s_3/g_flexext_fist/recording_slow_29_05_2024_14_22_26.csv,0,0.6067985466845759,0.12031618544029006,0.03067630438476618,0.0008554524626300211,0.01061515212703911,0.23073835890069885
final,5,fast,F0v2+scale_pattern,data/u_5/s_3/g_flexext_index/recording_fast_29_05_2024_14_25_53.csv,2,1.6864092740740793e-05,0.04819461510276601,0.539713137387173,0.24373439990159865,0.0016523865862393772,0.16668859692948232
final,5,medium,F0v2+scale_pattern,data/u_5/s_3/g_flexext_index/recording_medium_29_05_2024_14_25_34.csv,2,6.951742312302448e-05,0.03430384227130792,0.388593025406329,0.09318407368969846,0.008694437136667676,0.47515510407287387
final,5,slow,F0v2+scale_pattern,data/u_5/s_3/g_flexext_index/recording_slow_29_05_2024_14_25_10.csv,2,0.000173268170045002,0.059713463198491606,0.5240626216877112,0.29552924898083494,0.008703789230196384,0.11181760873272069
final,5,fast,F0v2+scale_pattern,data/u_5/s_3/g_flexext_middle/recording_fast_29_05_2024_14_27_00.csv,3,3.895340181290118e-05,0.00332219175759849,0.03769819152277647,0.9151103915359705,0.0009183917590078018,0.042911880022833866
final,5,medium,F0v2+scale_pattern,data/u_5/s_3/g_flexext_middle/recording_medium_29_05_2024_14_26_39.csv,3,5.8260991670430656e-05,0.0032174927418102493,0.078541597992099,0.5599996069202711,0.005003103276983696,0.35317993807716547
final,5,slow,F0v2+scale_pattern,data/u_5/s_3/g_flexext_middle/recording_slow_29_05_2024_14_26_17.csv,3,8.355956313179093e-05,0.02899187061809965,0.08033835101908013,0.4209106909082716,0.0027005569718196744,0.46697497091959733
final,5,fast,F0v2+scale_pattern,data/u_5/s_3/g_flexext_pinky/recording_fast_29_05_2024_14_29_19.csv,5,0.002032095500446115,3.182929523756792e-05,6.616851946251248e-05,0.001819572898339654,4.89102239372034e-05,0.9960014235625769
final,5,medium,F0v2+scale_pattern,data/u_5/s_3/g_flexext_pinky/recording_medium_29_05_2024_14_28_59.csv,5,0.00012389897829388655,0.006517117964608287,0.025070356581042483,0.07887551216926485,0.008678587359934327,0.8807345269468562
final,5,slow,F0v2+scale_pattern,data/u_5/s_3/g_flexext_pinky/recording_slow_29_05_2024_14_28_37.csv,5,0.0001416036503022041,0.011054946461042863,0.018639083670529563,0.046434922994483575,0.006218000156451268,0.9175114430671906
final,5,fast,F0v2+scale_pattern,data/u_5/s_3/g_flexext_ring/recording_fast_29_05_2024_14_28_14.csv,4,0.00024424098489044427,0.010405006752412025,0.025765290451910915,0.1878405478208073,0.5134847670955147,0.26226014689446464
final,5,medium,F0v2+scale_pattern,data/u_5/s_3/g_flexext_ring/recording_medium_29_05_2024_14_27_50.csv,4,8.418034604181545e-05,0.02163565460214098,0.019789272286871395,0.018331650481347883,0.9021197471369402,0.03803949514665768
final,5,slow,F0v2+scale_pattern,data/u_5/s_3/g_flexext_ring/recording_slow_29_05_2024_14_27_26.csv,4,6.462445732682136e-05,0.04967245846816289,0.07184577835565427,0.02970492845003052,0.673395056967657,0.17531715330116848
final,5,fast,F0v2+scale_pattern,data/u_5/s_3/g_flexext_thumb/recording_fast_29_05_2024_14_24_44.csv,1,0.00029207022664595836,0.47248659129091297,0.21584984796574994,0.21322358006842282,0.012513369930699136,0.08563454051756915
final,5,medium,F0v2+scale_pattern,data/u_5/s_3/g_flexext_thumb/recording_medium_29_05_2024_14_24_23.csv,1,0.00017313892353046763,0.040577992147920426,0.4542940845499385,0.3530211969753928,0.001338837288207204,0.1505947501150105
final,5,slow,F0v2+scale_pattern,data/u_5/s_3/g_flexext_thumb/recording_slow_29_05_2024_14_24_02.csv,1,0.00015194338271070731,0.10923348686969488,0.831365072010012,0.010833519213139133,0.0010934726841072147,0.047322505840336204
final,6,fast,F0v2+scale_pattern,data/u_6/s_3/g_flexext_fist/recording_fast_14_06_2024_14_35_43.csv,0,0.794324314244604,0.07669454679676325,0.0032762115990999626,0.0011651800383749005,0.049524275789546345,0.07501547153161155
final,6,medium,F0v2+scale_pattern,data/u_6/s_3/g_flexext_fist/recording_medium_14_06_2024_14_34_52.csv,0,0.8636468931341681,0.052714837613732586,0.0015788776739336222,0.00018931739578158827,0.010933601210576252,0.07093647297180806
final,6,slow,F0v2+scale_pattern,data/u_6/s_3/g_flexext_fist/recording_slow_14_06_2024_14_34_30.csv,0,0.8806040724420406,0.05485939367351219,0.0005734694144265876,0.00014925201755711145,0.04121312253388782,0.022600689918575712
final,6,fast,F0v2+scale_pattern,data/u_6/s_3/g_flexext_index/recording_fast_14_06_2024_14_38_00.csv,2,4.51461558267272e-06,0.004338499190460791,0.0011290940607969065,0.9940852766697882,7.386705852083204e-07,0.00044187679278613243
final,6,medium,F0v2+scale_pattern,data/u_6/s_3/g_flexext_index/recording_medium_14_06_2024_14_37_39.csv,2,8.066721498025758e-06,0.00926231217190558,0.02225666012939619,0.9643320724533252,2.0124743700874758e-05,0.004120763780174017
final,6,slow,F0v2+scale_pattern,data/u_6/s_3/g_flexext_index/recording_slow_14_06_2024_14_37_19.csv,2,5.71192950080604e-05,0.0859068955002783,0.15104738088413153,0.7545468110783817,0.0001271981724516485,0.008314595069748727
final,6,fast,F0v2+scale_pattern,data/u_6/s_3/g_flexext_middle/recording_fast_14_06_2024_14_39_05.csv,3,8.595988000878608e-06,0.018474367326384876,0.0980770699253264,0.8677671425992499,0.003113233869248031,0.01255959029178975
final,6,medium,F0v2+scale_pattern,data/u_6/s_3/g_flexext_middle/recording_medium_14_06_2024_14_38_47.csv,3,5.379432489305796e-07,0.0013834754257311208,0.01561080465754943,0.982081677395526,2.2339613997063883e-05,0.0009011649639473508
final,6,slow,F0v2+scale_pattern,data/u_6/s_3/g_flexext_middle/recording_slow_14_06_2024_14_38_25.csv,3,1.825383804447413e-07,0.00039748018481423534,0.000832997506543086,0.9983444734293755,4.032074471812488e-06,0.000420834266414815
final,6,fast,F0v2+scale_pattern,data/u_6/s_3/g_flexext_pinky/recording_fast_14_06_2024_14_41_18.csv,5,0.794822901422485,0.003326503111293249,0.0004589627225544884,0.0008002842266073541,0.00024377811853441988,0.20034757039852538
final,6,medium,F0v2+scale_pattern,data/u_6/s_3/g_flexext_pinky/recording_medium_14_06_2024_14_40_53.csv,5,0.10701873265984678,0.009712656797522767,0.005027969253348391,0.010965310540732019,8.796858711392247e-05,0.8671873621614362
final,6,slow,F0v2+scale_pattern,data/u_6/s_3/g_flexext_pinky/recording_slow_14_06_2024_14_40_33.csv,5,0.2748410395818354,0.08182848399985132,0.028578491121316333,0.06404070926464885,0.0008047746703423117,0.5499065013620057
final,6,fast,F0v2+scale_pattern,data/u_6/s_3/g_flexext_ring/recording_fast_14_06_2024_14_40_10.csv,4,2.414835987035634e-05,0.00725060075351963,0.024646082924932814,0.9407279808137647,0.007590519961815776,0.019760667186096793
final,6,medium,F0v2+scale_pattern,data/u_6/s_3/g_flexext_ring/recording_medium_14_06_2024_14_39_49.csv,4,1.823974438643095e-06,2.869384869912418e-06,1.3350862580067503e-06,7.986813384913299e-07,0.9999925570997342,6.157733605272433e-07
final,6,slow,F0v2+scale_pattern,data/u_6/s_3/g_flexext_ring/recording_slow_14_06_2024_14_39_27.csv,4,0.00010234602779537285,0.0015939156018582507,0.0008518170861874716,0.0006470230381650952,0.9966952738815829,0.0001096243644107674
final,6,fast,F0v2+scale_pattern,data/u_6/s_3/g_flexext_thumb/recording_fast_14_06_2024_14_36_56.csv,1,0.00027925561265371585,0.34774868188159586,0.500228133389521,0.1458892624343099,0.003409458923033572,0.0024452077588859892
final,6,medium,F0v2+scale_pattern,data/u_6/s_3/g_flexext_thumb/recording_medium_14_06_2024_14_36_35.csv,1,0.0003991347565792569,0.1485470913315222,0.12325979693164607,0.7080603163790639,0.002108718410969091,0.017624942190219494
final,6,slow,F0v2+scale_pattern,data/u_6/s_3/g_flexext_thumb/recording_slow_14_06_2024_14_36_10.csv,1,0.0001326263570831299,0.1042240477156262,0.3272553578129961,0.5630612418448395,0.00043030265117151637,0.00489642361828356
final,7,fast,F0v2+scale_pattern,data/u_7/s_3/g_flexext_fist/recording_fast_03_05_2024_13_17_55.csv,0,0.9030280387247843,2.8739218040113204e-05,3.5520732868145633e-07,1.3461963162011402e-07,0.08282886300167681,0.014113869228538339
final,7,medium,F0v2+scale_pattern,data/u_7/s_3/g_flexext_fist/recording_medium_03_05_2024_13_17_35.csv,0,0.764353326854153,0.0025280628493401713,0.0001711246120305227,4.8888472368735595e-05,0.21477490858852102,0.0181236886235868
final,7,slow,F0v2+scale_pattern,data/u_7/s_3/g_flexext_fist/recording_slow_03_05_2024_13_17_17.csv,0,0.4853562238093876,0.000856109705671243,9.515697748416724e-06,2.2335205707189367e-06,0.48425409968619854,0.029521817580423576
final,7,fast,F0v2+scale_pattern,data/u_7/s_3/g_flexext_index/recording_fast_03_05_2024_13_20_03.csv,2,0.000477356233448859,0.4547595302782842,0.06927959977002249,0.0008615890659256765,0.4666028759211905,0.008019048731128185
final,7,medium,F0v2+scale_pattern,data/u_7/s_3/g_flexext_index/recording_medium_03_05_2024_13_19_43.csv,2,7.463328345991432e-05,0.2370657565898975,0.7543102271758613,0.0002452112784902688,0.0049300996086773,0.003374072063613724
final,7,slow,F0v2+scale_pattern,data/u_7/s_3/g_flexext_index/recording_slow_03_05_2024_13_19_23.csv,2,0.003215474956223841,0.337837024145376,0.6515527234889107,0.00011398658901095485,0.005046364986403219,0.0022344258340753786
final,7,fast,F0v2+scale_pattern,data/u_7/s_3/g_flexext_middle/recording_fast_03_05_2024_13_21_09.csv,3,0.00022315018033498596,0.8001459659806144,0.11236470640537376,0.030849855380822782,0.008650983578340186,0.04776533847451382
final,7,medium,F0v2+scale_pattern,data/u_7/s_3/g_flexext_middle/recording_medium_03_05_2024_13_20_48.csv,3,0.00017934194244253592,0.6618996176454881,0.1013585960813202,0.013060775127446108,0.18126980427169892,0.042231864931604086
final,7,slow,F0v2+scale_pattern,data/u_7/s_3/g_flexext_middle/recording_slow_03_05_2024_13_20_24.csv,3,0.00027001627300487515,0.8195031972670831,0.10281480864675585,0.0032474357930213243,0.06869112630597743,0.005473415714157344
final,7,fast,F0v2+scale_pattern,data/u_7/s_3/g_flexext_pinky/recording_fast_03_05_2024_13_23_18.csv,5,1.3574362783444642e-05,0.0051147080620311145,2.2208858357749537e-05,3.2356243096776257e-05,0.9905864011596253,0.004230751314105612
final,7,medium,F0v2+scale_pattern,data/u_7/s_3/g_flexext_pinky/recording_medium_03_05_2024_13_22_54.csv,5,0.00013775822937669202,0.046794673747845246,0.0002358207262280921,5.829375644714332e-05,0.9418707496153941,0.010902703924708847
final,7,slow,F0v2+scale_pattern,data/u_7/s_3/g_flexext_pinky/recording_slow_03_05_2024_13_22_34.csv,5,1.723513687749836e-05,0.07858119814218818,0.000982735170521265,0.00022404665199559831,0.8797612706938244,0.04043351420459303
final,7,fast,F0v2+scale_pattern,data/u_7/s_3/g_flexext_ring/recording_fast_03_05_2024_13_22_14.csv,4,2.8078013143938657e-05,0.0027034901075972096,7.520076231454474e-05,0.00015842332406856003,0.9936781179423293,0.003356689850546337
final,7,medium,F0v2+scale_pattern,data/u_7/s_3/g_flexext_ring/recording_medium_03_05_2024_13_21_53.csv,4,0.0002189808943412352,0.31179579798340157,0.0028833666457289886,0.0010641842051248524,0.6663391625027575,0.01769850776864597
final,7,slow,F0v2+scale_pattern,data/u_7/s_3/g_flexext_ring/recording_slow_03_05_2024_13_21_33.csv,4,7.787731423578826e-05,0.4477498003040611,0.005496064689630554,0.0010992761737623079,0.5290529253562849,0.016524056162025496
final,7,fast,F0v2+scale_pattern,data/u_7/s_3/g_flexext_thumb/recording_fast_03_05_2024_13_18_59.csv,1,2.515009835431314e-05,0.013737554775977903,0.0024621216879646465,4.665811062668293e-05,0.9816607494700054,0.002067765857071241
final,7,medium,F0v2+scale_pattern,data/u_7/s_3/g_flexext_thumb/recording_medium_03_05_2024_13_18_38.csv,1,3.777622865242291e-05,0.0009699324401167296,1.8198647334994565e-05,3.224644430969979e-06,0.9985825481923221,0.00038831984714266324
final,7,slow,F0v2+scale_pattern,data/u_7/s_3/g_flexext_thumb/recording_slow_03_05_2024_13_18_19.csv,1,0.00035568761119285375,0.005401398311587592,0.0001017057713569466,9.895554759495365e-06,0.9932447065181672,0.0008866062329360145
final,8,fast,F0v2+scale_pattern,data/u_8/s_3/g_flexext_fist/recording_fast_19_07_2024_14_51_29.csv,0,0.22391292221652834,0.0010222992318834909,0.00024771041547782467,0.0007601523406908897,0.0007699965970900263,0.7732869191983295
final,8,medium,F0v2+scale_pattern,data/u_8/s_3/g_flexext_fist/recording_medium_19_07_2024_14_51_08.csv,0,0.999987955940354,2.2058283408760684e-06,1.473580384966502e-08,1.1519275438241493e-11,3.9055404252538235e-09,9.81957844169497e-06
final,8,slow,F0v2+scale_pattern,data/u_8/s_3/g_flexext_fist/recording_slow_19_07_2024_14_50_48.csv,0,0.971611335715679,0.0016977978849492615,9.014366019502718e-05,3.233921596115352e-06,2.3632249309886073e-05,0.026573856568270403
final,8,fast,F0v2+scale_pattern,data/u_8/s_3/g_flexext_index/recording_fast_19_07_2024_14_54_22.csv,2,4.761352673079467e-05,0.047844271927695366,0.8901529495900669,0.053890270281047974,0.0011546577452189021,0.006910236929240185
final,8,medium,F0v2+scale_pattern,data/u_8/s_3/g_flexext_index/recording_medium_19_07_2024_14_54_01.csv,2,8.285585025737935e-05,0.10939630694435723,0.8834396915881221,0.003855536870874688,0.00014554180928058984,0.0030800669371080797
final,8,slow,F0v2+scale_pattern,data/u_8/s_3/g_flexext_index/recording_slow_19_07_2024_14_53_07.csv,2,0.00020192066780048347,0.11129793537441755,0.869512216196858,0.010535532172778642,0.0011606034739999739,0.007291792114145258
final,8,fast,F0v2+scale_pattern,data/u_8/s_3/g_flexext_middle/recording_fast_19_07_2024_14_55_24.csv,3,9.610435027231887e-05,0.010086267160938822,0.01865734536177141,0.9400816622366776,0.01935524655388235,0.011723374336457764
final,8,medium,F0v2+scale_pattern,data/u_8/s_3/g_flexext_middle/recording_medium_19_07_2024_14_55_03.csv,3,8.658431438453298e-05,0.043102044916690396,0.6205491972953264,0.32752805124629586,0.00023721984276673638,0.008496902384536166
final,8,slow,F0v2+scale_pattern,data/u_8/s_3/g_flexext_middle/recording_slow_19_07_2024_14_54_43.csv,3,2.3700718744749224e-05,0.010774688924922468,0.252110501179291,0.7347727379794738,0.0006429302102911569,0.0016754409872766585
final,8,fast,F0v2+scale_pattern,data/u_8/s_3/g_flexext_pinky/recording_fast_19_07_2024_14_57_27.csv,5,0.0001958826988233036,0.0009831979710983325,0.0045497686648085746,0.7170374895406285,0.0016874559594191377,0.2755462051652222
final,8,medium,F0v2+scale_pattern,data/u_8/s_3/g_flexext_pinky/recording_medium_19_07_2024_14_57_06.csv,5,9.335927212915525e-06,0.0011768245562342667,0.042383357461789326,0.8729450888147522,8.75832295758239e-05,0.08339781001043554
final,8,slow,F0v2+scale_pattern,data/u_8/s_3/g_flexext_pinky/recording_slow_19_07_2024_14_56_46.csv,5,4.960875301570277e-05,0.004063766613885216,0.03838817065784667,0.8271262351855214,0.0012378903128884842,0.1291343284768425
final,8,fast,F0v2+scale_pattern,data/u_8/s_3/g_flexext_ring/recording_fast_19_07_2024_14_56_26.csv,4,9.538899369658303e-05,0.004433347580914821,0.061223786928345715,0.8717314239221919,0.028286744519094725,0.03422930805575629
final,8,medium,F0v2+scale_pattern,data/u_8/s_3/g_flexext_ring/recording_medium_19_07_2024_14_56_05.csv,4,6.098782378506071e-06,0.006168480273933002,0.04343392842319497,0.8446274982287575,0.003190533952477255,0.10257346033925865
final,8,slow,F0v2+scale_pattern,data/u_8/s_3/g_flexext_ring/recording_slow_19_07_2024_14_55_44.csv,4,3.891330674519854e-05,0.04275303138785729,0.5094851712621972,0.3935498896085095,0.0017004217813715264,0.052472572653319255
final,8,fast,F0v2+scale_pattern,data/u_8/s_3/g_flexext_thumb/recording_fast_19_07_2024_14_52_37.csv,1,0.013511463408712277,0.6079907773131783,0.18023995140477903,0.00855079440254349,0.17580297663844963,0.013904036832337293
final,8,medium,F0v2+scale_pattern,data/u_8/s_3/g_flexext_thumb/recording_medium_19_07_2024_14_52_16.csv,1,0.022552941755379804,0.5778892260843591,0.3200194349467927,0.00019446160816095448,0.07786379802791576,0.0014801375773916253
final,8,slow,F0v2+scale_pattern,data/u_8/s_3/g_flexext_thumb/recording_slow_19_07_2024_14_51_55.csv,1,0.030095497193261635,0.660340553695461,0.21696238739191223,7.835691623483932e-05,0.09207504694956054,0.0004481578535697827
final,3,fast,F0v2+ring_lag,data/u_3/s_3/g_flexext_fist/recording_fast_16_05_2024_16_10_47.csv,0,0.9012222773590779,0.08497452895316583,0.006248203678905015,0.00014091838393858868,0.003704090902450422,0.0037099807224622184
final,3,medium,F0v2+ring_lag,data/u_3/s_3/g_flexext_fist/recording_medium_16_05_2024_16_09_46.csv,0,0.5803407291176924,0.3698651346634751,0.005879688937897237,6.138006214666921e-05,0.043471878344185366,0.0003811888746031457
final,3,slow,F0v2+ring_lag,data/u_3/s_3/g_flexext_fist/recording_slow_16_05_2024_16_09_26.csv,0,0.18653114616203847,0.7730084900014486,0.0017186282672216329,7.139860350202802e-06,0.03430421845637045,0.004430377252570577
final,3,fast,F0v2+ring_lag,data/u_3/s_3/g_flexext_index/recording_fast_16_05_2024_16_13_25.csv,2,0.0015118242366926509,0.014486568736906753,0.9815620422116585,0.00045012371255190824,0.001545174652031827,0.0004442664501583723
final,3,medium,F0v2+ring_lag,data/u_3/s_3/g_flexext_index/recording_medium_16_05_2024_16_13_00.csv,2,0.0032711127457907036,0.015500868357493737,0.9804171296435837,0.0003801991907380799,0.00023902894431125724,0.0001916611180824806
final,3,slow,F0v2+ring_lag,data/u_3/s_3/g_flexext_index/recording_slow_16_05_2024_16_12_37.csv,2,0.023952860057157757,0.02857969171706996,0.9101658283513924,0.001576899659888205,0.0290180274578045,0.0067066927566872036
final,3,fast,F0v2+ring_lag,data/u_3/s_3/g_flexext_middle/recording_fast_16_05_2024_16_14_32.csv,3,0.020300016539782518,0.7015637116868518,0.17419529253177932,0.002096640969380471,0.09866967330887871,0.00317466496332717
final,3,medium,F0v2+ring_lag,data/u_3/s_3/g_flexext_middle/recording_medium_16_05_2024_16_14_11.csv,3,0.02811615219360661,0.028634819797461443,0.8776191058771025,0.01070154490742417,0.05044270408073828,0.004485673143667178
final,3,slow,F0v2+ring_lag,data/u_3/s_3/g_flexext_middle/recording_slow_16_05_2024_16_13_49.csv,3,0.0149484502862499,0.7861456011417658,0.1434473530582634,0.0004423088698740684,0.04542682446788944,0.009589462175957507
final,3,fast,F0v2+ring_lag,data/u_3/s_3/g_flexext_pinky/recording_fast_16_05_2024_16_16_54.csv,5,0.012145941972347302,0.23146381408307254,0.27112286929379353,0.00625815174669922,0.4727219944179797,0.0062872284861076955
final,3,medium,F0v2+ring_lag,data/u_3/s_3/g_flexext_pinky/recording_medium_16_05_2024_16_16_32.csv,5,0.019048329762231003,0.0758833654867598,0.6763294599349043,0.003285539414018346,0.22180183701428194,0.0036514683878046627
final,3,slow,F0v2+ring_lag,data/u_3/s_3/g_flexext_pinky/recording_slow_16_05_2024_16_16_10.csv,5,0.006244363281113641,0.42634709508137003,0.11111445204615257,0.001172587229079677,0.45396618672577693,0.0011553156365073888
final,3,fast,F0v2+ring_lag,data/u_3/s_3/g_flexext_ring/recording_fast_16_05_2024_16_15_49.csv,4,0.061412068208403156,0.12021118539775824,0.04881598843957416,0.0008548187967595102,0.7675350295635784,0.001170909593926524
final,3,medium,F0v2+ring_lag,data/u_3/s_3/g_flexext_ring/recording_medium_16_05_2024_16_15_22.csv,4,0.05989523590927162,0.008838191353325765,0.6323217363869051,8.871398245104293e-05,0.2987531637170799,0.00010295865096665355
final,3,slow,F0v2+ring_lag,data/u_3/s_3/g_flexext_ring/recording_slow_16_05_2024_16_15_00.csv,4,0.011020007511541412,0.5542411246295447,0.020288896520772197,0.00035303955377393684,0.4100299185566248,0.0040670132277430176
final,3,fast,F0v2+ring_lag,data/u_3/s_3/g_flexext_thumb/recording_fast_16_05_2024_16_11_53.csv,1,0.0034171414970747076,0.0043906247553360785,0.990132314134952,5.6883676615762e-05,0.0013396252213698661,0.0006634107146519184
final,3,medium,F0v2+ring_lag,data/u_3/s_3/g_flexext_thumb/recording_medium_16_05_2024_16_11_31.csv,1,0.00647250105485569,0.014928317605551893,0.977995855146375,1.8548482295381806e-05,0.000360407487026939,0.0002243702238951925
final,3,slow,F0v2+ring_lag,data/u_3/s_3/g_flexext_thumb/recording_slow_16_05_2024_16_11_11.csv,1,0.0013515028979910373,0.005215787606650012,0.9923105554076547,7.95687169899638e-05,0.0008904515205862873,0.00015213385012803206
final,4,fast,F0v2+ring_lag,data/u_4/s_3/g_flexext_fist/recording_fast_13_06_2024_17_29_40.csv,0,0.909969645710255,0.0016075700637213067,0.0866828987748424,2.0274190413940955e-05,0.001658101297929124,6.150996283831085e-05
final,4,medium,F0v2+ring_lag,data/u_4/s_3/g_flexext_fist/recording_medium_13_06_2024_17_29_20.csv,0,0.050925702400973764,0.04198630886536437,0.9048226104786816,0.0005360746817100659,0.0007932101673921499,0.0009360934058778955
final,4,slow,F0v2+ring_lag,data/u_4/s_3/g_flexext_fist/recording_slow_13_06_2024_17_28_59.csv,0,0.04417938820287804,0.8054835221340598,0.08573360696326206,0.059855719412765844,0.0025631210042206184,0.0021846422828137118
final,4,fast,F0v2+ring_lag,data/u_4/s_3/g_flexext_index/recording_fast_13_06_2024_17_31_49.csv,2,0.0023819735287212832,0.07841182705006491,0.30844592869147947,0.12874850781262123,0.4800255367692673,0.001986226147845821
final,4,medium,F0v2+ring_lag,data/u_4/s_3/g_flexext_index/recording_medium_13_06_2024_17_31_29.csv,2,0.00026989595731213124,0.8541546371449195,0.1136154941789063,0.005454726931486263,0.024442535110374263,0.0020627106770015335
final,4,slow,F0v2+ring_lag,data/u_4/s_3/g_flexext_index/recording_slow_13_06_2024_17_31_10.csv,2,0.0004357908121516246,0.05388205391511925,0.8609221571560598,0.05653571856306823,0.024079877683011463,0.00414440187058943
final,4,fast,F0v2+ring_lag,data/u_4/s_3/g_flexext_middle/recording_fast_13_06_2024_17_32_49.csv,3,0.006779969527281964,0.05177390490383637,0.27328295592908836,0.6362938743773103,0.030814713623609023,0.0010545816388741083
final,4,medium,F0v2+ring_lag,data/u_4/s_3/g_flexext_middle/recording_medium_13_06_2024_17_32_28.csv,3,0.04364818283866748,0.12943506867192653,0.01419999755609732,0.4790298111287794,0.258943962065898,0.07474297773863124
final,4,slow,F0v2+ring_lag,data/u_4/s_3/g_flexext_middle/recording_slow_13_06_2024_17_32_08.csv,3,0.006105158939178963,0.0415298664071964,0.46420206379165785,0.40112360348311177,0.04451244621663934,0.042526861162215664
final,4,fast,F0v2+ring_lag,data/u_4/s_3/g_flexext_pinky/recording_fast_13_06_2024_17_34_58.csv,5,0.0007486127703769713,0.30643390433772666,0.0803804455324338,0.3621957581923533,0.21901091887692153,0.03123036029018788
final,4,medium,F0v2+ring_lag,data/u_4/s_3/g_flexext_pinky/recording_medium_13_06_2024_17_34_38.csv,5,0.0007237695021506465,0.10645891283575264,0.5989082099330163,0.0949549150035554,0.10171715892172147,0.09723703380380354
final,4,slow,F0v2+ring_lag,data/u_4/s_3/g_flexext_pinky/recording_slow_13_06_2024_17_34_15.csv,5,0.001138457841927374,0.060152613873380154,0.19812219208268486,0.3189781070315633,0.053393600694728566,0.3682150284757156
final,4,fast,F0v2+ring_lag,data/u_4/s_3/g_flexext_ring/recording_fast_13_06_2024_17_33_52.csv,4,0.021769985968365192,0.011744994616654361,0.07983654898182575,0.0112906285012591,0.8722301910406692,0.003127650891226286
final,4,medium,F0v2+ring_lag,data/u_4/s_3/g_flexext_ring/recording_medium_13_06_2024_17_33_30.csv,4,0.0008672226958171611,0.3232510448784452,0.28371390934275637,0.191551546924995,0.1970193240889677,0.003596952069018471
final,4,slow,F0v2+ring_lag,data/u_4/s_3/g_flexext_ring/recording_slow_13_06_2024_17_33_10.csv,4,0.0023318220695965923,0.7335216298203302,0.04342473216910185,0.11615361520650673,0.04520842529794134,0.059359775436523377
final,4,fast,F0v2+ring_lag,data/u_4/s_3/g_flexext_thumb/recording_fast_13_06_2024_17_30_42.csv,1,0.0001293410303341119,0.045236389049469326,0.9248556746421234,0.014867139466595871,0.010580416679607463,0.004331039131869887
final,4,medium,F0v2+ring_lag,data/u_4/s_3/g_flexext_thumb/recording_medium_13_06_2024_17_30_24.csv,1,0.009251613595443398,0.8729952076466077,0.04588340362627764,0.011049020014988373,0.020702249103514675,0.04011850601316827
final,4,slow,F0v2+ring_lag,data/u_4/s_3/g_flexext_thumb/recording_slow_13_06_2024_17_30_02.csv,1,0.00044521537698888645,0.022366526204384448,0.048047856313932075,0.9209302382627389,0.00203069574895959,0.006179468092996148
final,5,fast,F0v2+ring_lag,data/u_5/s_3/g_flexext_fist/recording_fast_29_05_2024_14_23_07.csv,0,0.9963567865954451,1.7989019242641173e-08,2.925030910069372e-06,5.9285131977623315e-08,1.9778496393438645e-05,0.003620432603100225
final,5,medium,F0v2+ring_lag,data/u_5/s_3/g_flexext_fist/recording_medium_29_05_2024_14_22_47.csv,0,0.9760993618138429,0.00010535406754812003,0.0001592930358120376,2.1686385520120282e-06,9.272626015393048e-05,0.023541096184090757
final,5,slow,F0v2+ring_lag,data/u_5/s_3/g_flexext_fist/recording_slow_29_05_2024_14_22_26.csv,0,0.49083752777829426,0.050689340268817405,0.006929941734804318,0.004906629824992907,0.01283000332523633,0.43380655706785504
final,5,fast,F0v2+ring_lag,data/u_5/s_3/g_flexext_index/recording_fast_29_05_2024_14_25_53.csv,2,5.445418575294975e-05,0.09457800524764788,0.23064100703163415,0.2510529521299845,0.003374132831437665,0.42029944857354296
final,5,medium,F0v2+ring_lag,data/u_5/s_3/g_flexext_index/recording_medium_29_05_2024_14_25_34.csv,2,0.00012913472111728921,0.030714140170969257,0.272767588990514,0.03291548298809458,0.005200224027398487,0.6582734291019064
final,5,slow,F0v2+ring_lag,data/u_5/s_3/g_flexext_index/recording_slow_29_05_2024_14_25_10.csv,2,0.0032302795067371192,0.05942280259780674,0.614361097077744,0.22522322171190406,0.008454196505677695,0.08930840260013036
final,5,fast,F0v2+ring_lag,data/u_5/s_3/g_flexext_middle/recording_fast_29_05_2024_14_27_00.csv,3,9.462539115575008e-06,0.00040691346316662843,0.0016677898837738714,0.9527987945444956,0.0009008665773092798,0.044216172992139126
final,5,medium,F0v2+ring_lag,data/u_5/s_3/g_flexext_middle/recording_medium_29_05_2024_14_26_39.csv,3,4.890900556509493e-05,0.0014466728183143676,0.0009124523457221916,0.8797082660987531,0.0020399077391613945,0.1158437919924841
final,5,slow,F0v2+ring_lag,data/u_5/s_3/g_flexext_middle/recording_slow_29_05_2024_14_26_17.csv,3,0.00038629042492793015,0.012032224720451627,0.04395261235483211,0.48397493239401573,0.006775783700631088,0.4528781564051415
final,5,fast,F0v2+ring_lag,data/u_5/s_3/g_flexext_pinky/recording_fast_29_05_2024_14_29_19.csv,5,0.0003826367085075967,1.9671267817830015e-05,2.8949269437526774e-05,0.0015467575839858431,3.8860185962367884e-05,0.9979831249842889
final,5,medium,F0v2+ring_lag,data/u_5/s_3/g_flexext_pinky/recording_medium_29_05_2024_14_28_59.csv,5,0.00014531172178375664,0.0006743726412412058,0.0013540405421244846,0.6094514081723672,0.0036950661555927894,0.3846798007668906
final,5,slow,F0v2+ring_lag,data/u_5/s_3/g_flexext_pinky/recording_slow_29_05_2024_14_28_37.csv,5,0.0002141857908455309,0.0048564234643280555,0.00015957625989341482,0.21416251297257308,0.005135298738485172,0.7754720027738748
final,5,fast,F0v2+ring_lag,data/u_5/s_3/g_flexext_ring/recording_fast_29_05_2024_14_28_14.csv,4,0.0002163568764633639,0.007746649370303295,0.00012231724014268803,0.5486322718150257,0.2795738447211477,0.16370855997691727
final,5,medium,F0v2+ring_lag,data/u_5/s_3/g_flexext_ring/recording_medium_29_05_2024_14_27_50.csv,4,0.0014611670283531041,0.0008338742890908186,0.30491196198946163,0.48832087481094594,0.1761186928027333,0.028353429079415238
final,5,slow,F0v2+ring_lag,data/u_5/s_3/g_flexext_ring/recording_slow_29_05_2024_14_27_26.csv,4,0.0004742328856702152,0.014772139760397138,0.07122839061868243,0.2881382110210918,0.49130677824301155,0.1340802474711468
final,5,fast,F0v2+ring_lag,data/u_5/s_3/g_flexext_thumb/recording_fast_29_05_2024_14_24_44.csv,1,0.0019696314733180812,0.20158769962315123,0.37308370300394694,0.3668621680723725,0.006452264937232209,0.05004453288997908
final,5,medium,F0v2+ring_lag,data/u_5/s_3/g_flexext_thumb/recording_medium_29_05_2024_14_24_23.csv,1,0.0023271491724318224,0.1536695775866495,0.1600317539155154,0.16952425871975965,0.0032496655510381783,0.5111975950546055
final,5,slow,F0v2+ring_lag,data/u_5/s_3/g_flexext_thumb/recording_slow_29_05_2024_14_24_02.csv,1,0.00013315834608991557,0.2489060035789266,0.6202948680857162,0.005935257508715838,0.0024412934623395835,0.12228941901821187
final,6,fast,F0v2+ring_lag,data/u_6/s_3/g_flexext_fist/recording_fast_14_06_2024_14_35_43.csv,0,0.6415900052238169,0.040669663815724275,0.07570223496259737,0.00042367510023539294,0.1359310552093752,0.10568336568825087
final,6,medium,F0v2+ring_lag,data/u_6/s_3/g_flexext_fist/recording_medium_14_06_2024_14_34_52.csv,0,0.5814330228116512,0.10088205807550295,0.006078022406286894,0.0005452240868781049,0.06422160114614102,0.24684007147353978
final,6,slow,F0v2+ring_lag,data/u_6/s_3/g_flexext_fist/recording_slow_14_06_2024_14_34_30.csv,0,0.8267617158731699,0.039878355377337374,0.0028404387172718177,0.0004473579364378002,0.10388858894365875,0.026183543152124438
final,6,fast,F0v2+ring_lag,data/u_6/s_3/g_flexext_index/recording_fast_14_06_2024_14_38_00.csv,2,0.00013705763409208475,0.12557733486201098,0.00039762458940546423,0.8706043801542387,4.474092619073858e-05,0.0032388618340621856
final,6,medium,F0v2+ring_lag,data/u_6/s_3/g_flexext_index/recording_medium_14_06_2024_14_37_39.csv,2,1.1241925822276856e-05,0.0002508349801959494,0.0022314336574962017,0.9968795049797815,1.652595793363101e-05,0.0006104584987704796
final,6,slow,F0v2+ring_lag,data/u_6/s_3/g_flexext_index/recording_slow_14_06_2024_14_37_19.csv,2,0.000735431501210803,0.0041439040064161995,0.31795371508237585,0.666093322018536,0.00033518505375682565,0.010738442337704287
final,6,fast,F0v2+ring_lag,data/u_6/s_3/g_flexext_middle/recording_fast_14_06_2024_14_39_05.csv,3,4.166952608191178e-06,0.002285452008768849,6.44859743358906e-05,0.9953165724748383,0.0012274136979830345,0.001101908891465787
final,6,medium,F0v2+ring_lag,data/u_6/s_3/g_flexext_middle/recording_medium_14_06_2024_14_38_47.csv,3,5.414779174612628e-07,0.0012700007367882822,8.273272418444973e-06,0.9980923064803109,7.756445909700331e-05,0.0005513135734679215
final,6,slow,F0v2+ring_lag,data/u_6/s_3/g_flexext_middle/recording_slow_14_06_2024_14_38_25.csv,3,5.606730336458477e-07,0.0010284693787666992,1.5992177103555097e-05,0.9982379785440173,2.5784693257654136e-05,0.0006912145338211902
final,6,fast,F0v2+ring_lag,data/u_6/s_3/g_flexext_pinky/recording_fast_14_06_2024_14_41_18.csv,5,0.8134888526423998,0.003505405434869949,0.0006126850625104931,0.004392462677509838,0.0007507416629575679,0.1772498525197523
final,6,medium,F0v2+ring_lag,data/u_6/s_3/g_flexext_pinky/recording_medium_14_06_2024_14_40_53.csv,5,0.0322346483733549,0.1774474941988562,0.00021469349364089797,0.005355792099127463,0.0008541660565469609,0.7838932057784737
final,6,slow,F0v2+ring_lag,data/u_6/s_3/g_flexext_pinky/recording_slow_14_06_2024_14_40_33.csv,5,0.3332969164380492,0.02835951958796198,0.04753889665128994,0.3024534902741014,0.0013983239744374282,0.2869528530741601
final,6,fast,F0v2+ring_lag,data/u_6/s_3/g_flexext_ring/recording_fast_14_06_2024_14_40_10.csv,4,7.816168217212173e-05,0.01743494625009217,0.010460093153896758,0.8811980566028889,0.014416702794354816,0.07641203951659545
final,6,medium,F0v2+ring_lag,data/u_6/s_3/g_flexext_ring/recording_medium_14_06_2024_14_39_49.csv,4,3.7928507313042494e-06,1.4106078470166262e-07,1.1627600333737783e-05,1.8292293642683242e-05,0.9999612884553841,4.857739123401595e-06
final,6,slow,F0v2+ring_lag,data/u_6/s_3/g_flexext_ring/recording_slow_14_06_2024_14_39_27.csv,4,4.933304163915466e-05,0.0003415382619332182,0.015156665960869243,0.0003250678892379964,0.9834720961343287,0.0006552987119915603
final,6,fast,F0v2+ring_lag,data/u_6/s_3/g_flexext_thumb/recording_fast_14_06_2024_14_36_56.csv,1,0.00032677561386144547,0.06673477423115172,0.9101801313177402,0.009093918747853457,0.007450279900888628,0.006214120188504428
final,6,medium,F0v2+ring_lag,data/u_6/s_3/g_flexext_thumb/recording_medium_14_06_2024_14_36_35.csv,1,0.0009685238426931183,0.014519734626881813,0.47832424923584227,0.4888798194741183,0.0025439364661635315,0.014763736354300807
final,6,slow,F0v2+ring_lag,data/u_6/s_3/g_flexext_thumb/recording_slow_14_06_2024_14_36_10.csv,1,5.291911355966428e-05,0.024503123121865582,0.9197742927415787,0.042593877997442055,0.0006861057968949775,0.012389681228658871
final,7,fast,F0v2+ring_lag,data/u_7/s_3/g_flexext_fist/recording_fast_03_05_2024_13_17_55.csv,0,0.9811653080260936,5.513696881277689e-06,1.158630045862086e-05,2.2158892333655324e-07,0.013595273955179012,0.00522209643246408
final,7,medium,F0v2+ring_lag,data/u_7/s_3/g_flexext_fist/recording_medium_03_05_2024_13_17_35.csv,0,0.867755754280922,0.0027190849383135866,0.023266498306705356,0.00010775786591618792,0.09249086414246781,0.01366004046567488
final,7,slow,F0v2+ring_lag,data/u_7/s_3/g_flexext_fist/recording_slow_03_05_2024_13_17_17.csv,0,0.6355913251217965,0.00029008678018953895,0.0005539884073920773,4.50395451507333e-07,0.34621463783161127,0.017349511463559307
final,7,fast,F0v2+ring_lag,data/u_7/s_3/g_flexext_index/recording_fast_03_05_2024_13_20_03.csv,2,0.0018810018582043919,0.3126522432640498,0.25360911050332285,0.0039761798458595385,0.42372737092070967,0.004154093607853713
final,7,medium,F0v2+ring_lag,data/u_7/s_3/g_flexext_index/recording_medium_03_05_2024_13_19_43.csv,2,4.239164187236352e-05,0.04542315503405617,0.9509918874521149,0.0001826793151118467,0.0019830717719562054,0.0013768147848884208
final,7,slow,F0v2+ring_lag,data/u_7/s_3/g_flexext_index/recording_slow_03_05_2024_13_19_23.csv,2,0.0009915837451174728,0.06356989844385771,0.9333132594558374,2.4588936643751795e-05,0.001376185801176357,0.0007244836173671885
final,7,fast,F0v2+ring_lag,data/u_7/s_3/g_flexext_middle/recording_fast_03_05_2024_13_21_09.csv,3,0.000693594491105181,0.6347694495468752,0.3193335659504836,0.008684804309905574,0.014639857254235234,0.021878728447395204
final,7,medium,F0v2+ring_lag,data/u_7/s_3/g_flexext_middle/recording_medium_03_05_2024_13_20_48.csv,3,0.00019196982876962666,0.8195482015359505,0.029384064885361227,0.003560423119545102,0.1094704541479286,0.037844886482445134
final,7,slow,F0v2+ring_lag,data/u_7/s_3/g_flexext_middle/recording_slow_03_05_2024_13_20_24.csv,3,0.00010190797127728261,0.9789309018769564,0.01721089829591543,0.0010220845519361929,0.002598307649682616,0.00013589965423216612
final,7,fast,F0v2+ring_lag,data/u_7/s_3/g_flexext_pinky/recording_fast_03_05_2024_13_23_18.csv,5,0.00018438867023240908,0.019742057411568332,0.00493704537414392,9.256056380423445e-05,0.9544221517819882,0.020621796198262914
final,7,medium,F0v2+ring_lag,data/u_7/s_3/g_flexext_pinky/recording_medium_03_05_2024_13_22_54.csv,5,0.001169902881242556,0.3152627145021784,0.006204532414515593,0.00011452591630527068,0.6429158592792127,0.03433246500654555
final,7,slow,F0v2+ring_lag,data/u_7/s_3/g_flexext_pinky/recording_slow_03_05_2024_13_22_34.csv,5,0.0009637445557415483,0.450933089937522,0.00908481169297851,0.015745460410054455,0.4866870512388124,0.03658584216489115
final,7,fast,F0v2+ring_lag,data/u_7/s_3/g_flexext_ring/recording_fast_03_05_2024_13_22_14.csv,4,2.112812040992999e-05,0.0018853599747638886,1.2779194513941433e-05,0.0004459708637003885,0.9935679676441798,0.00406679420243198
final,7,medium,F0v2+ring_lag,data/u_7/s_3/g_flexext_ring/recording_medium_03_05_2024_13_21_53.csv,4,0.0001368879986502727,0.6313381161389596,0.0020078614369094814,0.00099606467523731,0.3369925980023148,0.02852847174792879
final,7,slow,F0v2+ring_lag,data/u_7/s_3/g_flexext_ring/recording_slow_03_05_2024_13_21_33.csv,4,0.00015669798250142247,0.8258773143183279,0.0012552140883068125,0.002298933621240184,0.16430596064316236,0.006105879346460944
final,7,fast,F0v2+ring_lag,data/u_7/s_3/g_flexext_thumb/recording_fast_03_05_2024_13_18_59.csv,1,0.0005499515985833997,0.03708449151541478,0.2866472898468915,0.0020884739198897264,0.6722207038037006,0.0014090893155200707
final,7,medium,F0v2+ring_lag,data/u_7/s_3/g_flexext_thumb/recording_medium_03_05_2024_13_18_38.csv,1,0.0008363065324439344,0.00118378862081971,0.005479221384656091,3.946048041273787e-06,0.9911629287941658,0.0013338086198732854
final,7,slow,F0v2+ring_lag,data/u_7/s_3/g_flexext_thumb/recording_slow_03_05_2024_13_18_19.csv,1,0.002475804906803087,0.020034740384802838,0.024340372545542544,1.0254358533111349e-05,0.9503107308337211,0.0028280969705974804
final,8,fast,F0v2+ring_lag,data/u_8/s_3/g_flexext_fist/recording_fast_19_07_2024_14_51_29.csv,0,0.4478000696915744,0.0010479831895798069,0.0002907344982260245,0.005608366867483044,0.005987238550774152,0.5392656072023626
final,8,medium,F0v2+ring_lag,data/u_8/s_3/g_flexext_fist/recording_medium_19_07_2024_14_51_08.csv,0,0.9996016891661782,0.00010176171282913215,1.1406112578037956e-07,1.9317144998896193e-09,1.1071314718617983e-06,0.0002953259966804019
final,8,slow,F0v2+ring_lag,data/u_8/s_3/g_flexext_fist/recording_slow_19_07_2024_14_50_48.csv,0,0.9093500223624142,0.021921647099368384,0.002488564008243401,2.4896037104226714e-05,0.00029527729818097556,0.06591959319468868
final,8,fast,F0v2+ring_lag,data/u_8/s_3/g_flexext_index/recording_fast_19_07_2024_14_54_22.csv,2,2.8120223254892734e-05,0.0009062070691659464,0.8970878249810041,0.09640985642748454,0.0019836395425849207,0.0035843517565055114
final,8,medium,F0v2+ring_lag,data/u_8/s_3/g_flexext_index/recording_medium_19_07_2024_14_54_01.csv,2,0.00016502797573475565,0.05466080617724955,0.9393231336280762,0.001898908896323596,0.0003212721316216603,0.0036308511909942903
final,8,slow,F0v2+ring_lag,data/u_8/s_3/g_flexext_index/recording_slow_19_07_2024_14_53_07.csv,2,0.00015877727824249445,0.024362157459647333,0.9682477068744416,0.006382531502259512,0.00016668717470604612,0.0006821397107031009
final,8,fast,F0v2+ring_lag,data/u_8/s_3/g_flexext_middle/recording_fast_19_07_2024_14_55_24.csv,3,8.012406912787455e-05,0.0004630370263608973,0.0013664288846488306,0.9906439298638373,0.005182803817946177,0.002263676338079023
final,8,medium,F0v2+ring_lag,data/u_8/s_3/g_flexext_middle/recording_medium_19_07_2024_14_55_03.csv,3,3.2667184340329714e-05,0.0032138105173807317,0.18310671977182935,0.8071080129885473,0.00016341197091659704,0.00637537756698576
final,8,slow,F0v2+ring_lag,data/u_8/s_3/g_flexext_middle/recording_slow_19_07_2024_14_54_43.csv,3,6.40151402564926e-05,0.0009648623964877623,0.04854416384791833,0.9496529740547079,0.00046255211096807124,0.000311432449661347
final,8,fast,F0v2+ring_lag,data/u_8/s_3/g_flexext_pinky/recording_fast_19_07_2024_14_57_27.csv,5,0.0002524387613173251,0.0005405473222794787,0.00021747145540235632,0.8520866438021185,0.0025445263594346683,0.14435837229944762
final,8,medium,F0v2+ring_lag,data/u_8/s_3/g_flexext_pinky/recording_medium_19_07_2024_14_57_06.csv,5,4.326822158143242e-06,0.00014840462520140512,0.0023696962320120768,0.9859964686477843,3.704400163876939e-05,0.011444059671205077
final,8,slow,F0v2+ring_lag,data/u_8/s_3/g_flexext_pinky/recording_slow_19_07_2024_14_56_46.csv,5,6.307410175008045e-05,0.0026350519345419237,0.006761695432956605,0.9514590358233099,0.0006131055533187619,0.03846803715412258
final,8,fast,F0v2+ring_lag,data/u_8/s_3/g_flexext_ring/recording_fast_19_07_2024_14_56_26.csv,4,5.440326875202738e-05,0.0005043227618106394,0.01689216045131283,0.9603336232664342,0.011881466826175979,0.010334023425514526
final,8,medium,F0v2+ring_lag,data/u_8/s_3/g_flexext_ring/recording_medium_19_07_2024_14_56_05.csv,4,4.149231519701167e-06,0.006516038299445405,0.0027125272494056803,0.9182308697393998,0.0044572653041605285,0.06807915017606893
final,8,slow,F0v2+ring_lag,data/u_8/s_3/g_flexext_ring/recording_slow_19_07_2024_14_55_44.csv,4,9.137869859569513e-05,0.0014784774086043144,0.8583587969854551,0.12668018223315228,0.0008105910436191658,0.01258057363057335
final,8,fast,F0v2+ring_lag,data/u_8/s_3/g_flexext_thumb/recording_fast_19_07_2024_14_52_37.csv,1,0.0047880362056766015,0.19383916283787972,0.7769362145575622,0.001710758553829432,0.020162035850911905,0.002563791994140278
final,8,medium,F0v2+ring_lag,data/u_8/s_3/g_flexext_thumb/recording_medium_19_07_2024_14_52_16.csv,1,0.0024826237230245623,0.014797148172863244,0.9820610746160254,9.52479110626614e-05,0.0005133825812771475,5.0522995747190846e-05
final,8,slow,F0v2+ring_lag,data/u_8/s_3/g_flexext_thumb/recording_slow_19_07_2024_14_51_55.csv,1,0.00023315171719256718,0.005316647791456029,0.9936697173948265,2.1826373105487512e-06,0.0007366272264200405,4.1673232794224245e-05
final,3,fast,F0v2+correlation_spectrum,data/u_3/s_3/g_flexext_fist/recording_fast_16_05_2024_16_10_47.csv,0,0.5304189850190231,0.4667140575235589,0.00010145733667588144,0.00013130430087005877,0.0012342095513760327,0.0013999862684961728
final,3,medium,F0v2+correlation_spectrum,data/u_3/s_3/g_flexext_fist/recording_medium_16_05_2024_16_09_46.csv,0,0.3496158832774969,0.6416341707663918,0.00230046455961522,2.1874285908018947e-05,0.006373160844685795,5.444626590224609e-05
final,3,slow,F0v2+correlation_spectrum,data/u_3/s_3/g_flexext_fist/recording_slow_16_05_2024_16_09_26.csv,0,0.3487230902132467,0.644245273817164,0.0007507870884774527,1.7903154869658104e-05,0.005856674164431375,0.0004062715618107838
final,3,fast,F0v2+correlation_spectrum,data/u_3/s_3/g_flexext_index/recording_fast_16_05_2024_16_13_25.csv,2,0.032134563037896996,0.26043392316637626,0.6823714591393375,0.010758232050964645,0.012576375146015591,0.0017254474594088612
final,3,medium,F0v2+correlation_spectrum,data/u_3/s_3/g_flexext_index/recording_medium_16_05_2024_16_13_00.csv,2,0.04794719178217648,0.08583472765502896,0.8632596637952,0.0024016228522496033,0.0004164506727143337,0.00014034324263056852
final,3,slow,F0v2+correlation_spectrum,data/u_3/s_3/g_flexext_index/recording_slow_16_05_2024_16_12_37.csv,2,0.2024190979865396,0.5339364113412721,0.2390641977862401,0.0050423445710850515,0.018257610356235698,0.0012803379586274854
final,3,fast,F0v2+correlation_spectrum,data/u_3/s_3/g_flexext_middle/recording_fast_16_05_2024_16_14_32.csv,3,0.10261118840121675,0.7770861635048123,0.03192290631717786,0.01372926086581538,0.07307020879912153,0.0015802721118562011
final,3,medium,F0v2+correlation_spectrum,data/u_3/s_3/g_flexext_middle/recording_medium_16_05_2024_16_14_11.csv,3,0.12672616358249109,0.6832756882502206,0.03380876405415595,0.009243768314980423,0.1456123149270072,0.0013333008711446563
final,3,slow,F0v2+correlation_spectrum,data/u_3/s_3/g_flexext_middle/recording_slow_16_05_2024_16_13_49.csv,3,0.2008744675529997,0.32653649201732265,0.41986622264060736,0.02294653399510079,0.02746543768779087,0.0023108461061786185
final,3,fast,F0v2+correlation_spectrum,data/u_3/s_3/g_flexext_pinky/recording_fast_16_05_2024_16_16_54.csv,5,0.02806437573863772,0.7969523789446041,0.020506484586707494,0.004420495188603306,0.14807790001779786,0.0019783655236495033
final,3,medium,F0v2+correlation_spectrum,data/u_3/s_3/g_flexext_pinky/recording_medium_16_05_2024_16_16_32.csv,5,0.027852637014151096,0.795966603111664,0.05283517767214026,0.003183719850260288,0.11910865886543165,0.001053203486352759
final,3,slow,F0v2+correlation_spectrum,data/u_3/s_3/g_flexext_pinky/recording_slow_16_05_2024_16_16_10.csv,5,0.005716086688930131,0.8403950550071041,0.009178321772230673,0.0005604214040370834,0.1440416176812308,0.00010849744646730107
final,3,fast,F0v2+correlation_spectrum,data/u_3/s_3/g_flexext_ring/recording_fast_16_05_2024_16_15_49.csv,4,0.0366895328909162,0.621159268687704,0.0014573955601980863,0.00022293917601567674,0.34020803677763384,0.00026282690753218544
final,3,medium,F0v2+correlation_spectrum,data/u_3/s_3/g_flexext_ring/recording_medium_16_05_2024_16_15_22.csv,4,0.04946570636407655,0.2525260280380486,0.15478589280724747,0.00011938827407870499,0.5430426946897047,6.028982684412349e-05
final,3,slow,F0v2+correlation_spectrum,data/u_3/s_3/g_flexext_ring/recording_slow_16_05_2024_16_15_00.csv,4,0.030719528407389823,0.9086014949697037,0.0032801521937956477,0.0004982617669487176,0.05647562286164121,0.0004249398005209377
final,3,fast,F0v2+correlation_spectrum,data/u_3/s_3/g_flexext_thumb/recording_fast_16_05_2024_16_11_53.csv,1,0.023360709580318197,0.20842790710198963,0.7632946745162206,0.0009791243348172176,0.003563784498415728,0.00037379996823856817
final,3,medium,F0v2+correlation_spectrum,data/u_3/s_3/g_flexext_thumb/recording_medium_16_05_2024_16_11_31.csv,1,0.13774226045539967,0.43567258382405666,0.4258617534514167,0.00039504664097728365,0.00024860176068545694,7.975386746443585e-05
final,3,slow,F0v2+correlation_spectrum,data/u_3/s_3/g_flexext_thumb/recording_slow_16_05_2024_16_11_11.csv,1,0.019457984849693768,0.3093089633421849,0.6683476104675262,0.0006473963015861411,0.0021088422498141035,0.00012920278919483999
final,4,fast,F0v2+correlation_spectrum,data/u_4/s_3/g_flexext_fist/recording_fast_13_06_2024_17_29_40.csv,0,0.9707525665420697,0.019131578623193833,0.009828157678967204,9.166214918306054e-05,0.0001903380052077813,5.697001378377974e-06
final,4,medium,F0v2+correlation_spectrum,data/u_4/s_3/g_flexext_fist/recording_medium_13_06_2024_17_29_20.csv,0,0.33834757857577014,0.2898363093807485,0.3693567366229881,0.0018111648321021963,0.0002449374611575151,0.000403273127233635
final,4,slow,F0v2+correlation_spectrum,data/u_4/s_3/g_flexext_fist/recording_slow_13_06_2024_17_28_59.csv,0,0.2997463618045646,0.3876114001909388,0.21526927260959408,0.09308570653698943,0.002266966289275196,0.002020292568637989
final,4,fast,F0v2+correlation_spectrum,data/u_4/s_3/g_flexext_index/recording_fast_13_06_2024_17_31_49.csv,2,0.0008110629299813947,0.14132237706029757,0.34435894209043577,0.02896879304373653,0.48371515289864997,0.0008236719768989599
final,4,medium,F0v2+correlation_spectrum,data/u_4/s_3/g_flexext_index/recording_medium_13_06_2024_17_31_29.csv,2,0.0011576267676354946,0.2562329439448281,0.6774616975659608,0.03240486280054849,0.030717273098199525,0.0020255958228275733
final,4,slow,F0v2+correlation_spectrum,data/u_4/s_3/g_flexext_index/recording_slow_13_06_2024_17_31_10.csv,2,0.0007370795547077786,0.3051996110890867,0.5332339891928191,0.11297125753149004,0.043654970903644105,0.0042030917282522996
final,4,fast,F0v2+correlation_spectrum,data/u_4/s_3/g_flexext_middle/recording_fast_13_06_2024_17_32_49.csv,3,0.02074919410164084,0.5739165393738058,0.06805757773418232,0.2631766721557939,0.07171643120567082,0.0023835854289063307
final,4,medium,F0v2+correlation_spectrum,data/u_4/s_3/g_flexext_middle/recording_medium_13_06_2024_17_32_28.csv,3,0.039728917914635516,0.11575897608575497,0.006980852532501993,0.439183737767975,0.38457507081954545,0.01377244487958714
final,4,slow,F0v2+correlation_spectrum,data/u_4/s_3/g_flexext_middle/recording_slow_13_06_2024_17_32_08.csv,3,0.01506213594911651,0.3084456211700312,0.07336328755580208,0.48268890002953047,0.10571415174271037,0.014725903552809365
final,4,fast,F0v2+correlation_spectrum,data/u_4/s_3/g_flexext_pinky/recording_fast_13_06_2024_17_34_58.csv,5,0.005921557810529009,0.15086468776284812,0.09457385400179016,0.5106247982492879,0.22047671728663631,0.017538384888908624
final,4,medium,F0v2+correlation_spectrum,data/u_4/s_3/g_flexext_pinky/recording_medium_13_06_2024_17_34_38.csv,5,0.0016737463077023326,0.5684144283674759,0.16977134312355466,0.19340016463662266,0.0499524141531265,0.016787903411517854
final,4,slow,F0v2+correlation_spectrum,data/u_4/s_3/g_flexext_pinky/recording_slow_13_06_2024_17_34_15.csv,5,0.0005593386602701361,0.004405298327623891,0.21931877228824848,0.6826445748057862,0.01032361902377873,0.08274839689429252
final,4,fast,F0v2+correlation_spectrum,data/u_4/s_3/g_flexext_ring/recording_fast_13_06_2024_17_33_52.csv,4,0.016233393885141934,0.21127840481016338,0.022967736716151512,0.005666865854376319,0.733779001457938,0.010074597276228904
final,4,medium,F0v2+correlation_spectrum,data/u_4/s_3/g_flexext_ring/recording_medium_13_06_2024_17_33_30.csv,4,0.0002182593540955013,0.5019369785011436,0.20030773247894404,0.03076983894299387,0.2636957286075092,0.0030714621153137295
final,4,slow,F0v2+correlation_spectrum,data/u_4/s_3/g_flexext_ring/recording_slow_13_06_2024_17_33_10.csv,4,0.0026964327782602023,0.8754632219374368,0.02388921648692674,0.04186331828844402,0.037319242214513486,0.0187685682944187
final,4,fast,F0v2+correlation_spectrum,data/u_4/s_3/g_flexext_thumb/recording_fast_13_06_2024_17_30_42.csv,1,0.0007260438262479643,0.10259703117350909,0.8179313204909453,0.06917574884533981,0.006801462904015297,0.002768392759942432
final,4,medium,F0v2+correlation_spectrum,data/u_4/s_3/g_flexext_thumb/recording_medium_13_06_2024_17_30_24.csv,1,0.021622852119168198,0.8766300531591155,0.06549376227992393,0.01700933818469458,0.009295628720544282,0.009948365536553386
final,4,slow,F0v2+correlation_spectrum,data/u_4/s_3/g_flexext_thumb/recording_slow_13_06_2024_17_30_02.csv,1,0.0011135015244314486,0.05215148702995333,0.08864166470190407,0.8405876759086343,0.011753913148580408,0.005751757686496451
final,5,fast,F0v2+correlation_spectrum,data/u_5/s_3/g_flexext_fist/recording_fast_29_05_2024_14_23_07.csv,0,0.9991736808064288,7.652020457124382e-08,3.040377494047759e-07,2.0937749817210434e-08,3.1333220980186314e-06,0.0008227843757694576
final,5,medium,F0v2+correlation_spectrum,data/u_5/s_3/g_flexext_fist/recording_medium_29_05_2024_14_22_47.csv,0,0.9631221215937514,0.0008491637789440128,1.7841769800782676e-05,9.339015229494569e-06,8.140372382268077e-05,0.03592013011845181
final,5,slow,F0v2+correlation_spectrum,data/u_5/s_3/g_flexext_fist/recording_slow_29_05_2024_14_22_26.csv,0,0.38674415667952333,0.13451022365817497,0.012849059735540843,0.0060131694913408895,0.025277269887925086,0.43460612054749487
final,5,fast,F0v2+correlation_spectrum,data/u_5/s_3/g_flexext_index/recording_fast_29_05_2024_14_25_53.csv,2,4.789963071256843e-05,0.009395590676986408,0.5218456884871113,0.31409695975853436,0.002585298617867444,0.15202856282878793
final,5,medium,F0v2+correlation_spectrum,data/u_5/s_3/g_flexext_index/recording_medium_29_05_2024_14_25_34.csv,2,0.0002468946124557057,0.006331379203034678,0.7177358366860193,0.09144752531397263,0.005285586852184977,0.1789527773323326
final,5,slow,F0v2+correlation_spectrum,data/u_5/s_3/g_flexext_index/recording_slow_29_05_2024_14_25_10.csv,2,0.0014540901721177032,0.048023507176306074,0.9062882517309929,0.03356746563000315,0.0009698552187016783,0.00969683007187848
final,5,fast,F0v2+correlation_spectrum,data/u_5/s_3/g_flexext_middle/recording_fast_29_05_2024_14_27_00.csv,3,3.3648009211630286e-05,0.0007894482551288295,0.001758355674530392,0.9321640753993272,0.0022997193885161875,0.06295475327328579
final,5,medium,F0v2+correlation_spectrum,data/u_5/s_3/g_flexext_middle/recording_medium_29_05_2024_14_26_39.csv,3,0.0001166961921087793,0.0011428045562880019,0.0038265026205580857,0.6770300172761932,0.004037313079194015,0.31384666627565794
final,5,slow,F0v2+correlation_spectrum,data/u_5/s_3/g_flexext_middle/recording_slow_29_05_2024_14_26_17.csv,3,0.0005995164562766098,0.013358203424207345,0.024259265015978134,0.5150899520195514,0.0038498241198084084,0.44284323896417804
final,5,fast,F0v2+correlation_spectrum,data/u_5/s_3/g_flexext_pinky/recording_fast_29_05_2024_14_29_19.csv,5,0.0014332935267613392,4.0976186363853036e-05,7.970119589101023e-05,0.00618292829683565,6.239242773632174e-05,0.9922007083664117
final,5,medium,F0v2+correlation_spectrum,data/u_5/s_3/g_flexext_pinky/recording_medium_29_05_2024_14_28_59.csv,5,0.00026551302158529295,0.0023288623483730475,0.005602551534480299,0.3826955361473779,0.017943233674918704,0.5911643032732649
final,5,slow,F0v2+correlation_spectrum,data/u_5/s_3/g_flexext_pinky/recording_slow_29_05_2024_14_28_37.csv,5,0.00020191449918705948,0.008160963318858598,0.002954721106638578,0.21157090081797209,0.006100940325489934,0.7710105599318537
final,5,fast,F0v2+correlation_spectrum,data/u_5/s_3/g_flexext_ring/recording_fast_29_05_2024_14_28_14.csv,4,5.3262512228817534e-05,0.0027527759257857127,0.0022958380423751083,0.2673927233852348,0.3219677490731654,0.40553765106121026
final,5,medium,F0v2+correlation_spectrum,data/u_5/s_3/g_flexext_ring/recording_medium_29_05_2024_14_27_50.csv,4,0.0009805169186192443,0.044426736298350894,0.07702261101687803,0.15315884598379,0.6786075708544287,0.045803718927933126
final,5,slow,F0v2+correlation_spectrum,data/u_5/s_3/g_flexext_ring/recording_slow_29_05_2024_14_27_26.csv,4,0.00024085911691958535,0.018771266329978078,0.03512546374570335,0.07574286435311085,0.6385324276975145,0.2315871187567735
final,5,fast,F0v2+correlation_spectrum,data/u_5/s_3/g_flexext_thumb/recording_fast_29_05_2024_14_24_44.csv,1,0.0024649924954829854,0.4468157867066794,0.323008164918183,0.18331573731886586,0.005035077199314284,0.03936024136147442
final,5,medium,F0v2+correlation_spectrum,data/u_5/s_3/g_flexext_thumb/recording_medium_29_05_2024_14_24_23.csv,1,0.004355442464236229,0.07171445684943062,0.5550001134787287,0.27752355781729054,0.0010581298379497897,0.09034829955236412
final,5,slow,F0v2+correlation_spectrum,data/u_5/s_3/g_flexext_thumb/recording_slow_29_05_2024_14_24_02.csv,1,0.00018197035427737666,0.09996282358054014,0.8459537733204016,0.007216909530793198,0.0008172708981007529,0.04586725231588701
final,6,fast,F0v2+correlation_spectrum,data/u_6/s_3/g_flexext_fist/recording_fast_14_06_2024_14_35_43.csv,0,0.48830064355986075,0.150879369940933,0.006055125807044995,0.002228833160857741,0.12238360890674216,0.2301524186245613
final,6,medium,F0v2+correlation_spectrum,data/u_6/s_3/g_flexext_fist/recording_medium_14_06_2024_14_34_52.csv,0,0.6050721431763023,0.2001572316262814,0.008102229187712695,0.0013775928384651048,0.01714009657564397,0.16815070659559442
final,6,slow,F0v2+correlation_spectrum,data/u_6/s_3/g_flexext_fist/recording_slow_14_06_2024_14_34_30.csv,0,0.6048712494364116,0.28042168200353296,0.00354570798546175,0.0011003473225926895,0.05884704869579947,0.0512139645562016
final,6,fast,F0v2+correlation_spectrum,data/u_6/s_3/g_flexext_index/recording_fast_14_06_2024_14_38_00.csv,2,0.00015001467206084108,0.008766153647461288,0.0006695458672535348,0.9887385410343729,2.1175622790314335e-05,0.0016545691560612328
final,6,medium,F0v2+correlation_spectrum,data/u_6/s_3/g_flexext_index/recording_medium_14_06_2024_14_37_39.csv,2,0.00011506550393936427,0.005945775549410828,0.0017717027549219188,0.9883207852843432,0.00021105550793570294,0.0036356153994490546
final,6,slow,F0v2+correlation_spectrum,data/u_6/s_3/g_flexext_index/recording_slow_14_06_2024_14_37_19.csv,2,0.00024961426668518674,0.040767783353095735,0.05454631618608065,0.896009967168286,0.0008172996628184884,0.007609019363034089
final,6,fast,F0v2+correlation_spectrum,data/u_6/s_3/g_flexext_middle/recording_fast_14_06_2024_14_39_05.csv,3,5.332154052826018e-05,0.003719645978432839,0.0028721726045144265,0.9139060082505177,0.029147246709158265,0.050301604916848555
final,6,medium,F0v2+correlation_spectrum,data/u_6/s_3/g_flexext_middle/recording_medium_14_06_2024_14_38_47.csv,3,6.721077836089541e-06,0.001756135864870527,0.00010170651430679521,0.9945383285611867,0.00034928010205944113,0.0032478278797405434
final,6,slow,F0v2+correlation_spectrum,data/u_6/s_3/g_flexext_middle/recording_slow_14_06_2024_14_38_25.csv,3,1.5593767303473345e-06,6.760997340408628e-05,0.00023282999363913139,0.9995127675811971,1.0320111313672871e-05,0.00017491296371583806
final,6,fast,F0v2+correlation_spectrum,data/u_6/s_3/g_flexext_pinky/recording_fast_14_06_2024_14_41_18.csv,5,0.5403047188455714,0.013190288958303377,0.0005442330465143661,0.006795840843783135,0.0014732814521601907,0.43769163685366747
final,6,medium,F0v2+correlation_spectrum,data/u_6/s_3/g_flexext_pinky/recording_medium_14_06_2024_14_40_53.csv,5,0.03488458509210746,0.007829774128125518,0.0004970286704505052,0.031870364597218655,0.00022639977014158786,0.9246918477419562
final,6,slow,F0v2+correlation_spectrum,data/u_6/s_3/g_flexext_pinky/recording_slow_14_06_2024_14_40_33.csv,5,0.2876571891345997,0.06467257269202178,0.016041870716074477,0.17364542812956246,0.00596578883867902,0.4520171504890627
final,6,fast,F0v2+correlation_spectrum,data/u_6/s_3/g_flexext_ring/recording_fast_14_06_2024_14_40_10.csv,4,4.576426091680551e-05,0.004838594801593698,0.00343515111921118,0.903737309668089,0.00868573330292848,0.07925744684726085
final,6,medium,F0v2+correlation_spectrum,data/u_6/s_3/g_flexext_ring/recording_medium_14_06_2024_14_39_49.csv,4,6.761095748679334e-07,8.068633066333712e-07,4.953453479650579e-07,8.794365294626932e-07,0.9999961518583805,9.903868606106318e-07
final,6,slow,F0v2+correlation_spectrum,data/u_6/s_3/g_flexext_ring/recording_slow_14_06_2024_14_39_27.csv,4,0.000273415326636831,0.0025272390064460695,0.01017262626909509,0.0009407700521804877,0.9856383277091635,0.0004476216364781085
final,6,fast,F0v2+correlation_spectrum,data/u_6/s_3/g_flexext_thumb/recording_fast_14_06_2024_14_36_56.csv,1,0.0009956087445469673,0.1917759736716784,0.7391546660100942,0.058283550283595095,0.0077741994592617795,0.002016001830823703
final,6,medium,F0v2+correlation_spectrum,data/u_6/s_3/g_flexext_thumb/recording_medium_14_06_2024_14_36_35.csv,1,0.0031393067098253328,0.07897960563539672,0.4164429671993505,0.4869014582756374,0.005260660757544408,0.009276001422245453
final,6,slow,F0v2+correlation_spectrum,data/u_6/s_3/g_flexext_thumb/recording_slow_14_06_2024_14_36_10.csv,1,0.0006776140506893242,0.02734024575521536,0.5003687565634751,0.4612025976559635,0.003867735360728289,0.006543050613928552
final,7,fast,F0v2+correlation_spectrum,data/u_7/s_3/g_flexext_fist/recording_fast_03_05_2024_13_17_55.csv,0,0.9565629496281504,0.00012425312604664914,8.76523686245713e-06,3.867604156989792e-07,0.03588623650443258,0.00741740874409242
final,7,medium,F0v2+correlation_spectrum,data/u_7/s_3/g_flexext_fist/recording_medium_03_05_2024_13_17_35.csv,0,0.921612261700434,0.0052702933486180395,0.0024986375791498433,9.528131434493386e-05,0.06145909691619321,0.009064429141260016
final,7,slow,F0v2+correlation_spectrum,data/u_7/s_3/g_flexext_fist/recording_slow_03_05_2024_13_17_17.csv,0,0.8205582922952998,0.007239488056435856,0.00062156092579708,9.713658294686565e-06,0.14191266792132223,0.0296582771428504
final,7,fast,F0v2+correlation_spectrum,data/u_7/s_3/g_flexext_index/recording_fast_03_05_2024_13_20_03.csv,2,0.0009301736485331168,0.5387551396908333,0.23357955626348684,0.004206394915156831,0.21820089185593622,0.004327843626053513
final,7,medium,F0v2+correlation_spectrum,data/u_7/s_3/g_flexext_index/recording_medium_03_05_2024_13_19_43.csv,2,8.122301473439668e-05,0.3346633188544626,0.6639375973054094,0.00011545598288377706,0.0008497817913603937,0.0003526230511492504
final,7,slow,F0v2+correlation_spectrum,data/u_7/s_3/g_flexext_index/recording_slow_03_05_2024_13_19_23.csv,2,0.0006469221190614473,0.21413150731244457,0.7848968447831608,4.799868997030235e-05,0.00018358912096387057,9.313797439924915e-05
final,7,fast,F0v2+correlation_spectrum,data/u_7/s_3/g_flexext_middle/recording_fast_03_05_2024_13_21_09.csv,3,0.00035691231852760303,0.7249233333799928,0.24180593749273385,0.01692911051073653,0.006926610943839719,0.009058095354169592
final,7,medium,F0v2+correlation_spectrum,data/u_7/s_3/g_flexext_middle/recording_medium_03_05_2024_13_20_48.csv,3,0.00022123269074667186,0.7202751306110873,0.17286158973082894,0.011842433191527028,0.0764213288848777,0.018378284890932333
final,7,slow,F0v2+correlation_spectrum,data/u_7/s_3/g_flexext_middle/recording_slow_03_05_2024_13_20_24.csv,3,0.00028181755966373795,0.7150697169237357,0.28102946840387283,0.0005375544137901771,0.002851002341246432,0.00023044035769118258
final,7,fast,F0v2+correlation_spectrum,data/u_7/s_3/g_flexext_pinky/recording_fast_03_05_2024_13_23_18.csv,5,0.0005431908581688786,0.3444134334382911,0.014596360800614664,0.0010451132048576782,0.6309028203818042,0.008499081316263507
final,7,medium,F0v2+correlation_spectrum,data/u_7/s_3/g_flexext_pinky/recording_medium_03_05_2024_13_22_54.csv,5,0.001196406526925452,0.7944360469523566,0.006511376903236008,0.00016626456765475746,0.1927742591835969,0.004915645866230464
final,7,slow,F0v2+correlation_spectrum,data/u_7/s_3/g_flexext_pinky/recording_slow_03_05_2024_13_22_34.csv,5,8.5759380055011e-05,0.8586599257822441,0.011737797633760275,0.0012048253922651764,0.12428988919865253,0.004021802613023014
final,7,fast,F0v2+correlation_spectrum,data/u_7/s_3/g_flexext_ring/recording_fast_03_05_2024_13_22_14.csv,4,1.4888851336674102e-05,0.001002084224385022,2.7440508943411474e-05,0.0009564801060392997,0.9937167746286253,0.0042823316806701196
final,7,medium,F0v2+correlation_spectrum,data/u_7/s_3/g_flexext_ring/recording_medium_03_05_2024_13_21_53.csv,4,0.000243001163454692,0.6816071473640735,0.02219055888522714,0.0037521326548461084,0.26809628620547626,0.024110873726922225
final,7,slow,F0v2+correlation_spectrum,data/u_7/s_3/g_flexext_ring/recording_slow_03_05_2024_13_21_33.csv,4,9.380255135374743e-05,0.883513722339711,0.008839767314210226,0.0015119435338223045,0.10129809389488026,0.004742670366022453
final,7,fast,F0v2+correlation_spectrum,data/u_7/s_3/g_flexext_thumb/recording_fast_03_05_2024_13_18_59.csv,1,0.00017977376454776187,0.2062084704650434,0.24529991106059548,0.00037827442758108735,0.5438501969255634,0.004083373356668813
final,7,medium,F0v2+correlation_spectrum,data/u_7/s_3/g_flexext_thumb/recording_medium_03_05_2024_13_18_38.csv,1,0.0017833361597802343,0.09739787448094604,0.003849945639400998,4.655603063064409e-05,0.8932995851683894,0.003622702520852712
final,7,slow,F0v2+correlation_spectrum,data/u_7/s_3/g_flexext_thumb/recording_slow_03_05_2024_13_18_19.csv,1,0.011335543688723844,0.15600554384698698,0.04562761929004388,0.000245416180858843,0.7844475701112806,0.0023383068821057887
final,8,fast,F0v2+correlation_spectrum,data/u_8/s_3/g_flexext_fist/recording_fast_19_07_2024_14_51_29.csv,0,0.14494482954979956,0.0019748167001284915,0.0001335974156035241,0.003402056618637236,0.0017748231350580479,0.8477698765807731
final,8,medium,F0v2+correlation_spectrum,data/u_8/s_3/g_flexext_fist/recording_medium_19_07_2024_14_51_08.csv,0,0.9997416811830103,0.00020373797088891256,2.6908451743016785e-08,6.3237528839741415e-09,1.7130192271090683e-07,5.4376311973284916e-05
final,8,slow,F0v2+correlation_spectrum,data/u_8/s_3/g_flexext_fist/recording_slow_19_07_2024_14_50_48.csv,0,0.9732182658359327,0.01930321986713034,0.001056798388737408,3.103764779994202e-05,2.5726399104009092e-05,0.0063649518612954314
final,8,fast,F0v2+correlation_spectrum,data/u_8/s_3/g_flexext_index/recording_fast_19_07_2024_14_54_22.csv,2,0.001000079671967829,0.11872531536825287,0.17611339815306284,0.6634148554116599,0.0274523095339621,0.013294041861094378
final,8,medium,F0v2+correlation_spectrum,data/u_8/s_3/g_flexext_index/recording_medium_19_07_2024_14_54_01.csv,2,0.0005613639862943446,0.15006150660772477,0.836467269006393,0.007591141004493981,0.0011986097955341585,0.004120109599559781
final,8,slow,F0v2+correlation_spectrum,data/u_8/s_3/g_flexext_index/recording_slow_19_07_2024_14_53_07.csv,2,0.00017051373543187874,0.043101491411815344,0.9520782775590126,0.004309638677996302,9.451852109021669e-05,0.0002455600946538468
final,8,fast,F0v2+correlation_spectrum,data/u_8/s_3/g_flexext_middle/recording_fast_19_07_2024_14_55_24.csv,3,0.0013182909241322037,0.007632225167338288,0.004289716422965421,0.9362677787368978,0.04238951400052825,0.008102474748138135
final,8,medium,F0v2+correlation_spectrum,data/u_8/s_3/g_flexext_middle/recording_medium_19_07_2024_14_55_03.csv,3,7.114098745562572e-05,0.007437999532668822,0.14911863873700706,0.8125454551549205,0.0009381985462611126,0.029888567041686916
final,8,slow,F0v2+correlation_spectrum,data/u_8/s_3/g_flexext_middle/recording_slow_19_07_2024_14_54_43.csv,3,0.0001376341016734468,0.00345545255353263,0.05629328980105279,0.9379266001236936,0.0014179569241394643,0.0007690664959081898
final,8,fast,F0v2+correlation_spectrum,data/u_8/s_3/g_flexext_pinky/recording_fast_19_07_2024_14_57_27.csv,5,0.0003807726195266645,0.0010247214128296903,0.0005284090261456938,0.9079399875696617,0.0012966930970558595,0.08882941627478042
final,8,medium,F0v2+correlation_spectrum,data/u_8/s_3/g_flexext_pinky/recording_medium_19_07_2024_14_57_06.csv,5,1.6495002874405656e-05,0.0007679159064675537,0.013381819076274478,0.9563795245843736,8.540134083238928e-05,0.029368844089177778
final,8,slow,F0v2+correlation_spectrum,data/u_8/s_3/g_flexext_pinky/recording_slow_19_07_2024_14_56_46.csv,5,0.0001465667099272593,0.007354728894630649,0.06022576003421214,0.8867938853530145,0.0004677896171857952,0.04501126939102948
final,8,fast,F0v2+correlation_spectrum,data/u_8/s_3/g_flexext_ring/recording_fast_19_07_2024_14_56_26.csv,4,0.00010131625844320818,0.0006494490427313704,0.013352251176415883,0.9435592259255612,0.02267077648336615,0.019666981113482192
final,8,medium,F0v2+correlation_spectrum,data/u_8/s_3/g_flexext_ring/recording_medium_19_07_2024_14_56_05.csv,4,1.4441262735428534e-05,0.0010296109458240584,0.002434462430603825,0.9471869332949582,0.0012017133078773016,0.048132838758001326
final,8,slow,F0v2+correlation_spectrum,data/u_8/s_3/g_flexext_ring/recording_slow_19_07_2024_14_55_44.csv,4,0.00041779622103598434,0.052808138905739134,0.6499161610319147,0.2880141866142637,0.0009746125809006928,0.007869104646145661
final,8,fast,F0v2+correlation_spectrum,data/u_8/s_3/g_flexext_thumb/recording_fast_19_07_2024_14_52_37.csv,1,0.0057019964482482345,0.3100208662413911,0.6566763077085213,0.010376849733513887,0.01464141303065857,0.0025825668376671124
final,8,medium,F0v2+correlation_spectrum,data/u_8/s_3/g_flexext_thumb/recording_medium_19_07_2024_14_52_16.csv,1,0.005272680998233101,0.21170890583152308,0.7806541241954736,0.0005688618272976085,0.001706788398841636,8.863874863084517e-05
final,8,slow,F0v2+correlation_spectrum,data/u_8/s_3/g_flexext_thumb/recording_slow_19_07_2024_14_51_55.csv,1,0.0023900204083275914,0.19524959653410803,0.7998545368172929,0.00011932356401923584,0.0023291184020784584,5.740427417380295e-05
final,3,fast,F0v2+frequency_direction,data/u_3/s_3/g_flexext_fist/recording_fast_16_05_2024_16_10_47.csv,0,0.6664833659536226,0.32991516933926546,0.00223665774333208,2.2324130050658717e-05,0.0001398466722117608,0.0012026361615175148
final,3,medium,F0v2+frequency_direction,data/u_3/s_3/g_flexext_fist/recording_medium_16_05_2024_16_09_46.csv,0,0.1293084236524239,0.8694137031606337,0.0008771637409573428,1.2620548550159945e-06,0.0002837394288139831,0.00011570796231611673
final,3,slow,F0v2+frequency_direction,data/u_3/s_3/g_flexext_fist/recording_slow_16_05_2024_16_09_26.csv,0,0.30126519328231816,0.697636932243454,0.0002638951415110034,2.036695380696167e-06,0.000564093919851649,0.0002678487174843564
final,3,fast,F0v2+frequency_direction,data/u_3/s_3/g_flexext_index/recording_fast_16_05_2024_16_13_25.csv,2,0.0011429571725404505,0.9619109985015504,0.021088466110332414,0.014194723194400603,0.0014412275035111935,0.0002216275176648261
final,3,medium,F0v2+frequency_direction,data/u_3/s_3/g_flexext_index/recording_medium_16_05_2024_16_13_00.csv,2,1.7574995442412308e-05,0.24044686376268018,0.7490811282238975,0.010166266050071239,1.6020703423007957e-06,0.00028656489756641405
final,3,slow,F0v2+frequency_direction,data/u_3/s_3/g_flexext_index/recording_slow_16_05_2024_16_12_37.csv,2,0.0028571772001099423,0.8489286938741972,0.13479281029745524,0.012175894439154025,0.0001252280573932347,0.001120196131690318
final,3,fast,F0v2+frequency_direction,data/u_3/s_3/g_flexext_middle/recording_fast_16_05_2024_16_14_32.csv,3,0.0007799990515730328,0.913976160574949,0.06678036758320974,0.013395019574366184,0.004864986689559896,0.00020346652634193674
final,3,medium,F0v2+frequency_direction,data/u_3/s_3/g_flexext_middle/recording_medium_16_05_2024_16_14_11.csv,3,0.0001759248687858828,0.9786356123773784,0.008528780999699068,0.010363956280575924,0.001316724208872083,0.0009790012646888752
final,3,slow,F0v2+frequency_direction,data/u_3/s_3/g_flexext_middle/recording_slow_16_05_2024_16_13_49.csv,3,0.032716606354573505,0.6491064057158926,0.13691746059573184,0.1738831785133971,0.0020283368682009304,0.005348011952203878
final,3,fast,F0v2+frequency_direction,data/u_3/s_3/g_flexext_pinky/recording_fast_16_05_2024_16_16_54.csv,5,3.151048596675103e-05,0.9750214913696176,0.009155051178602614,0.01482408189610614,0.0006939902415368224,0.00027387482817011984
final,3,medium,F0v2+frequency_direction,data/u_3/s_3/g_flexext_pinky/recording_medium_16_05_2024_16_16_32.csv,5,5.021523312740649e-05,0.9978253674225832,0.0009915537313730418,0.0004926819779418235,0.000578166469353072,6.201516562149839e-05
final,3,slow,F0v2+frequency_direction,data/u_3/s_3/g_flexext_pinky/recording_slow_16_05_2024_16_16_10.csv,5,4.928297014998274e-05,0.992876432089542,0.002897250084438815,6.750076870234513e-05,0.004052734189452827,5.679989771410061e-05
final,3,fast,F0v2+frequency_direction,data/u_3/s_3/g_flexext_ring/recording_fast_16_05_2024_16_15_49.csv,4,0.008106415526097288,0.7728197001928033,0.00841166319770475,2.1490391453034043e-05,0.2106310412390566,9.689452884923041e-06
final,3,medium,F0v2+frequency_direction,data/u_3/s_3/g_flexext_ring/recording_medium_16_05_2024_16_15_22.csv,4,0.0001606262176116603,0.013252280791356376,3.809088477246459e-05,6.559502243884835e-08,0.9865489294840696,7.0271674020389e-09
final,3,slow,F0v2+frequency_direction,data/u_3/s_3/g_flexext_ring/recording_slow_16_05_2024_16_15_00.csv,4,0.003692052250152144,0.9608725515383655,0.00445303629279906,0.0005820768189497797,0.03025553578553136,0.00014474731420225027
final,3,fast,F0v2+frequency_direction,data/u_3/s_3/g_flexext_thumb/recording_fast_16_05_2024_16_11_53.csv,1,0.002976040786960978,0.3421156830007235,0.6138005076283036,0.03024686412945423,0.002854980894282263,0.008005923560275354
final,3,medium,F0v2+frequency_direction,data/u_3/s_3/g_flexext_thumb/recording_medium_16_05_2024_16_11_31.csv,1,0.9486059361712599,0.036427472775496905,0.01378886783815841,0.0005314183129656275,8.223034967958436e-05,0.0005640745524396102
final,3,slow,F0v2+frequency_direction,data/u_3/s_3/g_flexext_thumb/recording_slow_16_05_2024_16_11_11.csv,1,0.11935252975905429,0.6419508134086837,0.2370264119817261,0.00127650059277855,0.000222302479361561,0.00017144177839577979
final,4,fast,F0v2+frequency_direction,data/u_4/s_3/g_flexext_fist/recording_fast_13_06_2024_17_29_40.csv,0,0.9946363420778025,0.004827941417149023,4.0134914431178916e-05,3.0007599096272678e-05,0.00041362902674563906,5.194496477555204e-05
final,4,medium,F0v2+frequency_direction,data/u_4/s_3/g_flexext_fist/recording_medium_13_06_2024_17_29_20.csv,0,0.9593678563275724,0.028928238285485894,0.009381989043433172,0.001081145366026377,0.00013823215032976926,0.0011025388271522323
final,4,slow,F0v2+frequency_direction,data/u_4/s_3/g_flexext_fist/recording_slow_13_06_2024_17_28_59.csv,0,0.2957309443635953,0.29347455085972574,0.28906446943784697,0.10204609029167785,0.005925032027585861,0.013758913019568175
final,4,fast,F0v2+frequency_direction,data/u_4/s_3/g_flexext_index/recording_fast_13_06_2024_17_31_49.csv,2,2.1671729865740124e-06,0.07616333870606634,0.0013667800940832184,0.010946458923199313,0.911089751618767,0.00043150348489743874
final,4,medium,F0v2+frequency_direction,data/u_4/s_3/g_flexext_index/recording_medium_13_06_2024_17_31_29.csv,2,3.903191426764433e-06,0.20167480822567063,0.7833087786844034,0.004360901610371731,0.009726269630751832,0.000925338657375575
final,4,slow,F0v2+frequency_direction,data/u_4/s_3/g_flexext_index/recording_slow_13_06_2024_17_31_10.csv,2,7.402921414321996e-07,0.0630697463252305,0.8693306459198562,0.06117259147454669,0.006027642939965561,0.00039863304825974057
final,4,fast,F0v2+frequency_direction,data/u_4/s_3/g_flexext_middle/recording_fast_13_06_2024_17_32_49.csv,3,8.373899074600958e-05,0.027566311898797283,0.964883671558602,0.003981716144381195,0.00248471598398553,0.0009998454234880943
final,4,medium,F0v2+frequency_direction,data/u_4/s_3/g_flexext_middle/recording_medium_13_06_2024_17_32_28.csv,3,0.0003718885485853408,0.7809593108147852,0.08376227467450084,0.11393052444657509,0.017207753288075167,0.00376824822747842
final,4,slow,F0v2+frequency_direction,data/u_4/s_3/g_flexext_middle/recording_slow_13_06_2024_17_32_08.csv,3,2.296491244045997e-05,0.36177860727838657,0.515667639851241,0.11692256074031916,0.002169567027840044,0.0034386601897728806
final,4,fast,F0v2+frequency_direction,data/u_4/s_3/g_flexext_pinky/recording_fast_13_06_2024_17_34_58.csv,5,7.375352662384251e-05,0.1733453303651142,0.4167102182184947,0.3073898096398754,0.09262698100600497,0.009853907243886895
final,4,medium,F0v2+frequency_direction,data/u_4/s_3/g_flexext_pinky/recording_medium_13_06_2024_17_34_38.csv,5,3.0776503320589035e-05,0.28486828744654646,0.6705279238856162,0.017906311934322964,0.01221136501628811,0.014455335213905789
final,4,slow,F0v2+frequency_direction,data/u_4/s_3/g_flexext_pinky/recording_slow_13_06_2024_17_34_15.csv,5,8.820357861714685e-05,0.003979651364500259,0.0034464217475468732,0.9202406951660154,0.008459828918244896,0.0637851992250754
final,4,fast,F0v2+frequency_direction,data/u_4/s_3/g_flexext_ring/recording_fast_13_06_2024_17_33_52.csv,4,0.00014058982325365266,0.00816751120282429,0.0001227606653299547,0.002130797216449859,0.9878802029353553,0.0015581381567868835
final,4,medium,F0v2+frequency_direction,data/u_4/s_3/g_flexext_ring/recording_medium_13_06_2024_17_33_30.csv,4,3.711466388194715e-05,0.7377958338482105,0.020788970014091013,0.030730848014911022,0.20840769427946212,0.002239539179443324
final,4,slow,F0v2+frequency_direction,data/u_4/s_3/g_flexext_ring/recording_slow_13_06_2024_17_33_10.csv,4,9.177662472593606e-05,0.901663775596105,0.010988949982758308,0.03891594805139099,0.044064961532147985,0.004274588212871683
final,4,fast,F0v2+frequency_direction,data/u_4/s_3/g_flexext_thumb/recording_fast_13_06_2024_17_30_42.csv,1,0.0001706568248952847,0.04295567244794189,0.5967455327597763,0.34169706703867236,0.011826838136497944,0.006604232792216139
final,4,medium,F0v2+frequency_direction,data/u_4/s_3/g_flexext_thumb/recording_medium_13_06_2024_17_30_24.csv,1,0.023265473869531567,0.49714142952001217,0.4425499947281059,0.004425139089989304,0.0090727452511375,0.023545217541223434
final,4,slow,F0v2+frequency_direction,data/u_4/s_3/g_flexext_thumb/recording_slow_13_06_2024_17_30_02.csv,1,9.277530922821379e-06,0.006572413336529815,0.5013032405490233,0.4842976521622882,0.000555707107830253,0.0072617093134054655
final,5,fast,F0v2+frequency_direction,data/u_5/s_3/g_flexext_fist/recording_fast_29_05_2024_14_23_07.csv,0,0.9998443364018144,3.3094829582857046e-09,7.58081177746842e-08,3.1736879857069274e-10,1.61206759128702e-07,0.00015542295645698694
final,5,medium,F0v2+frequency_direction,data/u_5/s_3/g_flexext_fist/recording_medium_29_05_2024_14_22_47.csv,0,0.9993534180471049,2.142879639378827e-06,1.6285832812153873e-06,2.2238616199462926e-08,8.628892343621063e-07,0.0006419253621239377
final,5,slow,F0v2+frequency_direction,data/u_5/s_3/g_flexext_fist/recording_slow_29_05_2024_14_22_26.csv,0,0.46092098483752836,0.2802698162824943,0.021671465920524213,0.00023476776053764,0.010202646436083146,0.22670031876283223
final,5,fast,F0v2+frequency_direction,data/u_5/s_3/g_flexext_index/recording_fast_29_05_2024_14_25_53.csv,2,3.910967046326508e-05,0.07594950532946408,0.7114288895889821,0.10907035530019614,0.00829547739139897,0.09521666271949558
final,5,medium,F0v2+frequency_direction,data/u_5/s_3/g_flexext_index/recording_medium_29_05_2024_14_25_34.csv,2,0.00011302864758178258,0.01666713460307821,0.4521282290264607,0.0470245134674907,0.05342506730993644,0.4306420269454523
final,5,slow,F0v2+frequency_direction,data/u_5/s_3/g_flexext_index/recording_slow_29_05_2024_14_25_10.csv,2,1.0537078895585437e-05,0.025418343079155865,0.8833801330239776,0.06947122704114467,0.004441314103278673,0.017278445673547704
final,5,fast,F0v2+frequency_direction,data/u_5/s_3/g_flexext_middle/recording_fast_29_05_2024_14_27_00.csv,3,7.16576739364353e-05,0.0014033170951753967,0.012700810489409053,0.9490685372877834,0.0018057622948711434,0.03494991515882438
final,5,medium,F0v2+frequency_direction,data/u_5/s_3/g_flexext_middle/recording_medium_29_05_2024_14_26_39.csv,3,0.00017982886918506102,0.003826285765294114,0.1041898188945364,0.5858005830547232,0.05233052986722063,0.2536729535490406
final,5,slow,F0v2+frequency_direction,data/u_5/s_3/g_flexext_middle/recording_slow_29_05_2024_14_26_17.csv,3,0.0001041053014747563,0.05370588300940899,0.2754281022505573,0.2635649150918627,0.015609962461211352,0.3915870318854849
final,5,fast,F0v2+frequency_direction,data/u_5/s_3/g_flexext_pinky/recording_fast_29_05_2024_14_29_19.csv,5,0.0030867805684431557,5.957613635665222e-06,0.0002396360203060267,0.0007938759082731428,2.1948160491131446e-05,0.9958518017288509
final,5,medium,F0v2+frequency_direction,data/u_5/s_3/g_flexext_pinky/recording_medium_29_05_2024_14_28_59.csv,5,0.0003442988708635065,0.003258880501510904,0.01464639310271529,0.05375623135297778,0.03413965820655405,0.8938545379653786
final,5,slow,F0v2+frequency_direction,data/u_5/s_3/g_flexext_pinky/recording_slow_29_05_2024_14_28_37.csv,5,0.0003178089021242514,0.004024383385085945,0.014037861907122263,0.018109861339562126,0.022362798624130244,0.9411472858419752
final,5,fast,F0v2+frequency_direction,data/u_5/s_3/g_flexext_ring/recording_fast_29_05_2024_14_28_14.csv,4,0.00027596795292746703,0.0014446052229195791,0.007069280097093174,0.3353780581630191,0.562594350628106,0.09323773793593461
final,5,medium,F0v2+frequency_direction,data/u_5/s_3/g_flexext_ring/recording_medium_29_05_2024_14_27_50.csv,4,3.4329798523257792e-06,0.001100044152888891,0.0005863112063161297,0.0014450646029453668,0.995884738930513,0.0009804081274841932
final,5,slow,F0v2+frequency_direction,data/u_5/s_3/g_flexext_ring/recording_slow_29_05_2024_14_27_26.csv,4,2.4573336300991273e-05,0.011325157462853853,0.00617424105303105,0.01705897090740122,0.937297162850311,0.028119894390102023
final,5,fast,F0v2+frequency_direction,data/u_5/s_3/g_flexext_thumb/recording_fast_29_05_2024_14_24_44.csv,1,0.00017746694745251936,0.5822041515380345,0.15588912689687928,0.17825636538921844,0.047098548449462624,0.036374340778952435
final,5,medium,F0v2+frequency_direction,data/u_5/s_3/g_flexext_thumb/recording_medium_29_05_2024_14_24_23.csv,1,1.4609078079076342e-05,0.019757408317378423,0.911243173663362,0.05723620721186129,0.002205210110562799,0.009543391618756442
final,5,slow,F0v2+frequency_direction,data/u_5/s_3/g_flexext_thumb/recording_slow_29_05_2024_14_24_02.csv,1,4.82768235851484e-05,0.06669511891009447,0.8922728630890251,0.003134184612105559,0.006857661266071093,0.030991895299118628
final,6,fast,F0v2+frequency_direction,data/u_6/s_3/g_flexext_fist/recording_fast_14_06_2024_14_35_43.csv,0,0.8505738385068696,0.03776557266977837,0.0003625495865234044,0.00030589407460980994,0.04647203782495022,0.06452010733726865
final,6,medium,F0v2+frequency_direction,data/u_6/s_3/g_flexext_fist/recording_medium_14_06_2024_14_34_52.csv,0,0.9755211131977594,0.007104296019882364,8.407236030764668e-05,6.173809372000603e-06,0.00040097680035972814,0.01688336781231882
final,6,slow,F0v2+frequency_direction,data/u_6/s_3/g_flexext_fist/recording_slow_14_06_2024_14_34_30.csv,0,0.7041302180328886,0.18897504710707863,0.00029620171521608775,0.0002279174297907648,0.08102516525502644,0.02534545045999951
final,6,fast,F0v2+frequency_direction,data/u_6/s_3/g_flexext_index/recording_fast_14_06_2024_14_38_00.csv,2,3.880848815985539e-06,0.005055726364620082,0.01477501514038862,0.9796086869435506,1.0949023744878918e-07,0.0005565812123872555
final,6,medium,F0v2+frequency_direction,data/u_6/s_3/g_flexext_index/recording_medium_14_06_2024_14_37_39.csv,2,1.8278588015477892e-06,0.00520923296059195,0.05844287667141229,0.9347353380839502,6.819219825005955e-06,0.0016039052054190837
final,6,slow,F0v2+frequency_direction,data/u_6/s_3/g_flexext_index/recording_slow_14_06_2024_14_37_19.csv,2,2.9149560019122524e-05,0.0253472945578478,0.344469465268661,0.6252942639594139,6.268523689851758e-05,0.0047971414171596085
final,6,fast,F0v2+frequency_direction,data/u_6/s_3/g_flexext_middle/recording_fast_14_06_2024_14_39_05.csv,3,3.575063405469649e-06,0.002025222388034558,0.021991602612657386,0.9713021928229124,0.0006797121161984887,0.003997694996791711
final,6,medium,F0v2+frequency_direction,data/u_6/s_3/g_flexext_middle/recording_medium_14_06_2024_14_38_47.csv,3,2.1512905268249367e-07,0.0002191925308553119,0.005942192723119869,0.9936202301509897,2.198543716931991e-06,0.00021597092226551342
final,6,slow,F0v2+frequency_direction,data/u_6/s_3/g_flexext_middle/recording_slow_14_06_2024_14_38_25.csv,3,3.174496912288871e-08,1.3010242455925961e-05,0.00014949537750063305,0.999729689864915,1.7832261976957996e-07,0.00010759444753964219
final,6,fast,F0v2+frequency_direction,data/u_6/s_3/g_flexext_pinky/recording_fast_14_06_2024_14_41_18.csv,5,0.9962917917954063,1.9106287481895253e-05,2.0817106132707485e-05,3.7275739205000484e-06,3.5544991924887063e-06,0.0036610027378661965
final,6,medium,F0v2+frequency_direction,data/u_6/s_3/g_flexext_pinky/recording_medium_14_06_2024_14_40_53.csv,5,0.25722751321876064,0.006825531901855556,0.011584212669529732,0.007779358827432408,6.42943632495092e-05,0.7165190890191722
final,6,slow,F0v2+frequency_direction,data/u_6/s_3/g_flexext_pinky/recording_slow_14_06_2024_14_40_33.csv,5,0.7589945711918434,0.016622746830657342,0.019065119885334426,0.026354484633185675,0.0001715938145174801,0.17879148364446162
final,6,fast,F0v2+frequency_direction,data/u_6/s_3/g_flexext_ring/recording_fast_14_06_2024_14_40_10.csv,4,1.689738969063601e-05,0.002322487907468953,0.026323854094491193,0.9651728258658878,0.0011691723991497963,0.004994762343311409
final,6,medium,F0v2+frequency_direction,data/u_6/s_3/g_flexext_ring/recording_medium_14_06_2024_14_39_49.csv,4,2.191253733841778e-07,8.949818866323966e-07,2.6948408794246837e-07,5.194288233328607e-06,0.9999930939197292,3.2820068961399745e-07
final,6,slow,F0v2+frequency_direction,data/u_6/s_3/g_flexext_ring/recording_slow_14_06_2024_14_39_27.csv,4,7.047978766889589e-05,0.0016334377431447861,0.0003028508233745441,0.007503996815416292,0.9901386604866774,0.00035057434371796656
final,6,fast,F0v2+frequency_direction,data/u_6/s_3/g_flexext_thumb/recording_fast_14_06_2024_14_36_56.csv,1,1.8897287018917428e-05,0.4292036183270147,0.2919522273349092,0.2742053798129722,0.002415095815811626,0.0022047814222734825
final,6,medium,F0v2+frequency_direction,data/u_6/s_3/g_flexext_thumb/recording_medium_14_06_2024_14_36_35.csv,1,4.913502837826598e-05,0.16384159919361777,0.6557629375233903,0.17716361028001787,0.00044285417287053176,0.002739863801725454
final,6,slow,F0v2+frequency_direction,data/u_6/s_3/g_flexext_thumb/recording_slow_14_06_2024_14_36_10.csv,1,3.896541933055002e-06,0.7805626942257865,0.04794651174279608,0.16988913066085037,0.00023616880893539635,0.0013615980196985552
final,7,fast,F0v2+frequency_direction,data/u_7/s_3/g_flexext_fist/recording_fast_03_05_2024_13_17_55.csv,0,0.9614542116581299,1.739154173082964e-05,1.5131927211786454e-07,1.2744615260136646e-07,0.015440683399930865,0.02308743463478387
final,7,medium,F0v2+frequency_direction,data/u_7/s_3/g_flexext_fist/recording_medium_03_05_2024_13_17_35.csv,0,0.5018516641606328,0.004161271929310586,0.00016783152228158903,0.0001033671124097107,0.47312526259023613,0.020590602685129234
final,7,slow,F0v2+frequency_direction,data/u_7/s_3/g_flexext_fist/recording_slow_03_05_2024_13_17_17.csv,0,0.6654675448766881,0.002117768327614526,1.5003935944841198e-05,5.070720417933547e-06,0.20097493998618698,0.13141967215314757
final,7,fast,F0v2+frequency_direction,data/u_7/s_3/g_flexext_index/recording_fast_03_05_2024_13_20_03.csv,2,0.00013675442186505247,0.28606541282177134,0.005033795113405284,0.0004671805917188016,0.7077504728661391,0.0005463841851003302
final,7,medium,F0v2+frequency_direction,data/u_7/s_3/g_flexext_index/recording_medium_03_05_2024_13_19_43.csv,2,2.8168419168608547e-05,0.2911256472809478,0.6937268740743372,6.631084346437538e-05,0.014794153976807563,0.0002588454052745262
final,7,slow,F0v2+frequency_direction,data/u_7/s_3/g_flexext_index/recording_slow_03_05_2024_13_19_23.csv,2,0.009471843478090568,0.7639171800005948,0.19544911045849087,3.775798070599235e-05,0.028874256710888526,0.002249851371229479
final,7,fast,F0v2+frequency_direction,data/u_7/s_3/g_flexext_middle/recording_fast_03_05_2024_13_21_09.csv,3,0.00011413973679311232,0.8317421679312543,0.09535221899706024,0.03142751157157167,0.004475207372220829,0.03688875439109968
final,7,medium,F0v2+frequency_direction,data/u_7/s_3/g_flexext_middle/recording_medium_03_05_2024_13_20_48.csv,3,3.7924336852512075e-05,0.746762481713034,0.019542538274980703,0.006047064006091725,0.20221797107819248,0.02539202059084884
final,7,slow,F0v2+frequency_direction,data/u_7/s_3/g_flexext_middle/recording_slow_03_05_2024_13_20_24.csv,3,5.8151737307677544e-05,0.938888805254541,0.024701752093666693,0.002248518267382537,0.03314948371548869,0.0009532889316134072
final,7,fast,F0v2+frequency_direction,data/u_7/s_3/g_flexext_pinky/recording_fast_03_05_2024_13_23_18.csv,5,2.0328611939969495e-06,0.011860919581894553,4.1367385184847585e-06,2.041409444880439e-05,0.9879413884888412,0.0001711082351030161
final,7,medium,F0v2+frequency_direction,data/u_7/s_3/g_flexext_pinky/recording_medium_03_05_2024_13_22_54.csv,5,3.646834649764152e-05,0.07558568554892443,0.00013188172056198303,0.00011537736432248225,0.9210443443233003,0.0030862426963931253
final,7,slow,F0v2+frequency_direction,data/u_7/s_3/g_flexext_pinky/recording_slow_03_05_2024_13_22_34.csv,5,3.399010217644822e-06,0.1067748285239819,0.0004712092194383347,0.00018246897988963618,0.8881923134317166,0.0043757808347558436
final,7,fast,F0v2+frequency_direction,data/u_7/s_3/g_flexext_ring/recording_fast_03_05_2024_13_22_14.csv,4,1.9957781152558835e-06,0.0039025366290353957,1.690546858414534e-05,0.00010186536675444475,0.9958812225045572,9.547425295344805e-05
final,7,medium,F0v2+frequency_direction,data/u_7/s_3/g_flexext_ring/recording_medium_03_05_2024_13_21_53.csv,4,2.6895789016898935e-05,0.24439188254096253,0.00021164950132612642,0.0003186004257469529,0.7538508984721923,0.0012000732707550335
final,7,slow,F0v2+frequency_direction,data/u_7/s_3/g_flexext_ring/recording_slow_03_05_2024_13_21_33.csv,4,9.20290467687973e-06,0.7191697809069614,0.0002693401406098814,0.00037685485197612174,0.2764285969722002,0.0037462242235755316
final,7,fast,F0v2+frequency_direction,data/u_7/s_3/g_flexext_thumb/recording_fast_03_05_2024_13_18_59.csv,1,2.8825723880821088e-06,0.009309213863638975,0.00017278439588645303,9.987131654599902e-06,0.9904679644262998,3.7167610132052484e-05
final,7,medium,F0v2+frequency_direction,data/u_7/s_3/g_flexext_thumb/recording_medium_03_05_2024_13_18_38.csv,1,4.231701976236005e-06,0.0009426100248178519,1.4931200785452414e-06,2.202742433146641e-06,0.9989842807271909,6.518168350317866e-05
final,7,slow,F0v2+frequency_direction,data/u_7/s_3/g_flexext_thumb/recording_slow_03_05_2024_13_18_19.csv,1,2.6112933432699106e-05,0.006665909225446424,6.352333550671078e-06,4.937053200126254e-06,0.9927388057872779,0.0005578826670921659
final,8,fast,F0v2+frequency_direction,data/u_8/s_3/g_flexext_fist/recording_fast_19_07_2024_14_51_29.csv,0,0.8225317065488795,5.3205711751052196e-05,0.00014550752918156683,3.2409330475733416e-05,3.766191049104117e-05,0.1771995089692211
final,8,medium,F0v2+frequency_direction,data/u_8/s_3/g_flexext_fist/recording_medium_19_07_2024_14_51_08.csv,0,0.9999999423154733,1.7741274599189167e-09,1.0327920343493666e-10,3.765881567607012e-15,1.4992979663080195e-11,5.579212338717443e-08
final,8,slow,F0v2+frequency_direction,data/u_8/s_3/g_flexext_fist/recording_slow_19_07_2024_14_50_48.csv,0,0.9983779841806785,1.7138644728136568e-05,3.682286235511713e-06,2.7117169114861646e-08,5.608899263632783e-07,0.0016006068812626194
final,8,fast,F0v2+frequency_direction,data/u_8/s_3/g_flexext_index/recording_fast_19_07_2024_14_54_22.csv,2,3.9165357519904966e-05,0.03164961061937345,0.8006044230423052,0.1617215421742952,0.0034083352016814985,0.0025769236048246574
final,8,medium,F0v2+frequency_direction,data/u_8/s_3/g_flexext_index/recording_medium_19_07_2024_14_54_01.csv,2,1.1997095877767286e-05,0.09836538954235277,0.9001579002237194,0.0008705896128356854,0.000163446045087575,0.00043067748012687996
final,8,slow,F0v2+frequency_direction,data/u_8/s_3/g_flexext_index/recording_slow_19_07_2024_14_53_07.csv,2,0.0002719733698361998,0.41638212326996,0.5353035547603562,0.01754521804479169,0.0238213654503151,0.006675765104740919
final,8,fast,F0v2+frequency_direction,data/u_8/s_3/g_flexext_middle/recording_fast_19_07_2024_14_55_24.csv,3,5.869749902705174e-05,0.0016026457024953143,0.01350327797833229,0.9794201950879537,0.002049825260373304,0.0033653584718181216
final,8,medium,F0v2+frequency_direction,data/u_8/s_3/g_flexext_middle/recording_medium_19_07_2024_14_55_03.csv,3,2.7586280323221175e-05,0.016682778918902064,0.8489418484412028,0.13394251251312195,0.00010675469070199625,0.00029851915574790754
final,8,slow,F0v2+frequency_direction,data/u_8/s_3/g_flexext_middle/recording_slow_19_07_2024_14_54_43.csv,3,7.157639757639473e-06,0.0049847283242417375,0.13696823836256725,0.8574140319421822,0.00047004660607957396,0.00015579712517148076
final,8,fast,F0v2+frequency_direction,data/u_8/s_3/g_flexext_pinky/recording_fast_19_07_2024_14_57_27.csv,5,0.0003345319268732576,0.00020314962781966156,0.00755179932295078,0.9193990393290942,0.0005049713051939469,0.07200650848806806
final,8,medium,F0v2+frequency_direction,data/u_8/s_3/g_flexext_pinky/recording_medium_19_07_2024_14_57_06.csv,5,2.9874032412436703e-05,0.0003531692803059783,0.06430919142207592,0.912270371245264,0.00010900546966991212,0.022928388550271715
final,8,slow,F0v2+frequency_direction,data/u_8/s_3/g_flexext_pinky/recording_slow_19_07_2024_14_56_46.csv,5,0.0001780229759664393,0.0022112603014822585,0.039964295945584184,0.7720311937855746,0.0010904718756606915,0.18452475511573185
final,8,fast,F0v2+frequency_direction,data/u_8/s_3/g_flexext_ring/recording_fast_19_07_2024_14_56_26.csv,4,0.0002693699207727321,0.0014411275729531165,0.08999714850502918,0.8121191217659544,0.08931371462192321,0.006859517613367427
final,8,medium,F0v2+frequency_direction,data/u_8/s_3/g_flexext_ring/recording_medium_19_07_2024_14_56_05.csv,4,1.8836812492741222e-05,0.005992987418986948,0.1101796749483969,0.8495878627121212,0.017494793805050944,0.0167258443029513
final,8,slow,F0v2+frequency_direction,data/u_8/s_3/g_flexext_ring/recording_slow_19_07_2024_14_55_44.csv,4,3.9966527192080345e-05,0.01586827540953919,0.6439896516411034,0.3047789682467454,0.0035242652186674777,0.031798872956752586
final,8,fast,F0v2+frequency_direction,data/u_8/s_3/g_flexext_thumb/recording_fast_19_07_2024_14_52_37.csv,1,0.001383035975954533,0.6786767391352821,0.01682553047885386,0.001981867855922729,0.3005951630535862,0.0005376635004006726
final,8,medium,F0v2+frequency_direction,data/u_8/s_3/g_flexext_thumb/recording_medium_19_07_2024_14_52_16.csv,1,0.0005550843402149346,0.6228269163346527,0.0031810141809978892,4.974291875889427e-05,0.37333852034542375,4.8721879951713386e-05
final,8,slow,F0v2+frequency_direction,data/u_8/s_3/g_flexext_thumb/recording_slow_19_07_2024_14_51_55.csv,1,0.0003904063443136659,0.7070378153014261,0.001954277568724262,5.678742694623427e-06,0.290607680665949,4.1413768924075265e-06
