phase,session,arm,trial_id,label,p_backward_fist,p_backward_index_pinch,p_backward_neutral,p_backward_open_hand,p_down_fist,p_down_index_pinch,p_down_neutral,p_down_open_hand,p_forward_fist,p_forward_index_pinch,p_forward_neutral,p_forward_open_hand,p_left_fist,p_left_index_pinch,p_left_neutral,p_left_open_hand,p_right_fist,p_right_index_pinch,p_right_neutral,p_right_open_hand,p_still_fist,p_still_index_pinch,p_still_neutral,p_still_open_hand,p_up_fist,p_up_index_pinch,p_up_neutral,p_up_open_hand
validation,S03,source_factorized_uncalibrated,S03:100,still_neutral,0.00026231342923791666,0.00013172125102119806,0.07787024114438958,8.089241017447798e-05,2.7894189162863564e-06,1.4007126907032295e-06,0.000828065586634262,8.602030775939696e-07,0.00024619724745293306,0.0001236284757768255,0.07308599900486404,7.592249006331618e-05,0.0003936803885784689,0.00019768745136961385,0.11686777486568396,0.00012140345068514768,0.00037672278298016027,0.00018917215335295245,0.11183374804895525,0.00011617405167335997,0.0020450271642732274,0.0010269147760867496,0.6070858014834902,0.0006306469961181365,2.1445788588862703e-05,1.0769048730246261e-05,0.006366386706917958,6.61346821657372e-06
validation,S03,source_factorized_uncalibrated,S03:101,backward_fist,0.21131115975004414,0.0007731338262514146,6.318877355967808e-09,1.4869311338230423e-09,0.000613581153320446,2.2449374909660594e-06,1.834803263751605e-11,4.317580392244428e-12,0.1134108828019961,0.00041494159543194534,3.391346960120512e-09,7.98037229799497e-10,0.2741784634203608,0.0010031493118993816,8.198810162465184e-09,1.929308863600667e-09,0.029931319734786226,0.00010951109150450307,8.950418838744438e-10,2.1061741955659485e-10,0.35014042761240693,0.0012810748322308145,1.0470315065546185e-08,2.463829660690187e-09,0.016768720640210327,6.135248685039776e-05,5.014382073682832e-10,1.1799628956560393e-10
validation,S03,source_factorized_uncalibrated,S03:102,still_fist,0.141775887222173,1.3410627676463733e-05,2.8734985431397624e-11,2.6648161584251866e-10,0.0001676386053835698,1.585699067061868e-08,3.397681353168302e-14,3.150931185512163e-13,0.027564714320664763,2.6073553691343797e-06,5.586786864424317e-12,5.181057058664179e-11,0.2739837834862589,2.591621594979115e-05,5.5530740672279626e-11,5.1497925894585e-10,0.034895432226197724,3.3007703803783615e-06,7.0725689416478905e-12,6.558937028966061e-11,0.4946001859074092,4.6784393819520104e-05,1.0024503753691358e-10,9.296493170948988e-10,0.026917774768502652,2.546161144691767e-06,5.455665846805562e-12,5.05945845639803e-11
validation,S03,source_factorized_uncalibrated,S03:103,still_index_pinch,0.0030377538732723015,0.15682271185613425,8.859495635863256e-05,0.0001210988010002687,1.5223463808227156e-06,7.859046446307971e-05,4.439866322231857e-08,6.068770845682138e-08,0.00033746562016346925,0.017421514684874368,9.84205868486483e-06,1.3452927289525994e-05,0.005032407038282914,0.2597958069780332,0.0001467682704179322,0.00020061482394717581,0.00029899187667882353,0.015435324545638363,8.719986335631462e-06,1.1919187427657711e-05,0.009482763403211622,0.4895435031343791,0.00027656125048794027,0.0003780264386795559,0.0007867359156645127,0.04061489671519162,2.2944858939142372e-05,3.136290169163447e-05
validation,S03,source_factorized_uncalibrated,S03:104,still_neutral,0.003221775436844904,0.0014151924590460937,0.11394636543083865,0.01140520700588397,1.1786899604037006e-06,5.177496620156138e-07,4.168739863798469e-05,4.172607078824326e-06,0.0003354809753611515,0.00014736289222860112,0.011865146582355105,0.001187615352321648,0.0062288792728665285,0.0027360885785080815,0.22030031818285095,0.022050468418517127,0.000429316722080256,0.00018858104779188368,0.015183888839761368,0.001519797447834534,0.013664305429563213,0.006002163211275163,0.4832732666682617,0.048372158479304664,0.0009041362851348821,0.0003971496082687498,0.03197710255254508,0.0032006766752162917
validation,S03,source_factorized_uncalibrated,S03:105,right_open_hand,4.221025043541715e-05,0.00011944717853665929,3.0458566108891443e-06,0.04400009800313781,5.380773194739947e-05,0.00015226589982941455,3.882721243734265e-06,0.05608934925971491,0.0003776840168582062,0.0010687757055867124,2.7253364945911288e-05,0.39369900876105984,1.4934042868246443e-05,4.226057098350706e-05,1.0776281289102183e-06,0.015567293323485132,0.0004031263615492279,0.0011407728213903598,2.9089263405984066e-05,0.42022018900251285,6.317947292913943e-05,0.00017878618830668798,4.55897828865391e-06,0.06585848157717177,8.022726834979431e-07,2.2702828690269175e-06,5.78913304602817e-08,0.0008362915721895549
validation,S03,source_factorized_uncalibrated,S03:106,still_fist,0.08943905723130156,2.400716284640529e-05,1.3319570579845352e-11,2.808246625857717e-11,0.0003423044486193556,9.188109641855461e-08,5.0977150300113955e-14,1.074782474915185e-13,0.019430152285484517,5.215426509268143e-06,2.8936047936457917e-12,6.100764172245452e-12,0.15264484676349158,4.0972812184710857e-05,2.273239312952468e-11,4.792809642095837e-11,0.05716669037924168,1.5344638995637518e-05,8.513459230158244e-12,1.7949447404592462e-11,0.6561488051245559,0.00017612295683486407,9.771592625507968e-11,2.0602047082029509e-10,0.02455979610450272,6.592321551763374e-06,3.657528911497164e-12,7.711392167725736e-12
validation,S03,source_factorized_uncalibrated,S03:107,forward_index_pinch,0.00046747770439398866,0.1375060067237914,0.004690257632935705,0.0013529940219515996,0.0003192798097363967,0.09391440757863949,0.0032033710925308697,0.0009240733190969775,0.0014751180723618833,0.4338979028733068,0.01480002946310715,0.004269349992136352,0.00016012665749932776,0.04710037941018849,0.001606569191457596,0.0004634454398900904,0.0005555938647628114,0.16342489275036065,0.005574337215491669,0.0016080235925509,0.00025310344433544807,0.07444899209411883,0.0025394159990059155,0.0007325428440809812,1.5296135385788335e-05,0.004499274458303516,0.00015346788750196112,4.427073107745856e-05
validation,S03,source_factorized_uncalibrated,S03:108,still_index_pinch,0.0006064548993293165,0.14517113752663444,0.0006820343631036628,0.006537491956600116,7.984140965365007e-07,0.00019112168561864382,8.97916482209108e-07,8.606783026925743e-06,0.00014092975564416994,0.03373529171062924,0.00015849313154106762,0.0015192014195751146,0.0009487152428610688,0.22710026936431874,0.0010669489143332353,0.010227006618575013,0.0001063480899963464,0.025457248701640064,0.00011960172456049748,0.0011464163018878773,0.002062134198596761,0.49362676049601345,0.0023191277477181316,0.022229494314689034,9.845155723981565e-05,0.023567003204325004,0.00011072108612343685,0.001061292874840062
validation,S03,source_factorized_uncalibrated,S03:109,backward_open_hand,0.0024867391435419803,7.94898317217742e-05,0.0073753557667396615,0.21217089798115948,1.1736679141958332e-05,3.7516868320892113e-07,3.480951527095876e-05,0.001001384386992501,0.0020376314096236512,6.513388357706175e-05,0.006043358671731126,0.17385260816648557,0.001992353257261454,6.368654531430475e-05,0.005909069362376307,0.16998943406936987,0.0005050908383462993,1.6145475430595522e-05,0.0014980359467936532,0.04309482038447747,0.004018849892058692,0.00012846450037368902,0.011919403691389135,0.3428920128852203,0.00014345374978652837,4.585569202142629e-06,0.00042546579262089755,0.012239607435309777
validation,S03,source_factorized_uncalibrated,S03:110,down_open_hand,0.00022444377439016742,0.000495331896363312,0.002083960934755209,0.007169737397990337,0.020620375189058415,0.04550774274702605,0.19146022860626,0.6587069548054301,0.0010750457147329423,0.0023725515844793634,0.009981801806116799,0.034341765488540524,2.402969073764054e-05,5.3031866508393745e-05,0.00022311573091102755,0.0007676157327683534,0.0005515901016617724,0.001217321228061326,0.005121515297022852,0.01762025340640927,3.5741154749172265e-08,7.887825807699333e-08,3.318566998024011e-07,1.1417322425126998e-06,8.551520082647074e-06,1.8872613735157752e-05,7.940088261941052e-05,0.0002731737759838089
validation,S03,source_factorized_uncalibrated,S03:111,still_neutral,0.005197916001069851,0.008100285492881339,0.044426742363162554,0.3334873812685568,2.812508711960336e-05,4.3829341438772e-05,0.0002403859545146445,0.0018044465608016854,0.004279921218408887,0.00666970835023439,0.03658061370475179,0.2745907626958842,0.0018438457790044464,0.0028733971868160433,0.01575940460838057,0.1182972753266337,0.00032835311472553233,0.0005116962204095243,0.002806443818840225,0.021066446694916544,0.0012864079236424913,0.0020047017765704844,0.010994966710857366,0.08253323247439123,0.0003221186085798063,0.000501980542111316,0.002753157309739132,0.020666453865557054
validation,S03,source_factorized_uncalibrated,S03:112,backward_neutral,0.00722374160340743,0.017043005309135124,0.16310325828943836,0.26434376240769786,3.528531400885132e-06,8.324879639987242e-06,7.966992731155995e-05,0.00012912218037307784,0.000993445705575755,0.0023438408187910005,0.022430790082057252,0.036353899402463655,0.005107044060513484,0.012049071494509433,0.11531081428834047,0.18688587104240004,9.724494659179397e-05,0.00022943042982998427,0.0021956720647126155,0.0035585568350181467,0.0008386847869748681,0.0019787127034501363,0.018936477651534462,0.030690617720664195,0.00172816653948661,0.004077270910915053,0.039019888713086294,0.06324008667468058
validation,S03,source_factorized_uncalibrated,S03:113,still_neutral,0.0002660951289066277,0.0008962350700902284,0.2674236879452396,0.00045405218610748493,8.813093236919031e-07,2.968338153109692e-06,0.0008857095224952965,1.5038246912052016e-06,0.00020401243706743262,0.0006871343402102191,0.20503102981044477,0.00034811720689591425,0.0001546231442247028,0.0005207862506585944,0.1553951462402316,0.0002638416454540765,3.4001900149349646e-05,0.00011452180838021463,0.034171664744286095,5.801923980366441e-05,0.0003157319553500146,0.001063416877624013,0.3173083410012005,0.0005387501272184856,1.3708017879337748e-05,4.616997844104606e-05,0.013776459233863399,2.3390715609445973e-05
validation,S03,source_factorized_uncalibrated,S03:114,right_neutral,0.008457418185096518,0.0031444434285447798,0.028914389014658197,0.001572896690711657,0.0021759472897177946,0.0008090108596107996,0.007439171746427418,0.00040467908955847134,0.02171902704977543,0.008075070947940039,0.07425344039907186,0.004039268843565984,0.009896311378160183,0.00367941972347127,0.03383370559854208,0.0018404996745212533,0.10933948445902637,0.040652101606317326,0.3738119978365931,0.020334777056759498,0.04872705986825565,0.018116578823670404,0.16658903860921057,0.0090621782602575,0.0006253439134540803,0.00023250104419647043,0.002137938172836569,0.00011630043004872114
validation,S03,source_factorized_uncalibrated,S03:115,forward_open_hand,0.0006388622617637511,0.0022329112084897387,0.0005572254914876062,0.33241781520100944,4.477416363908312e-05,0.00015649184155039892,3.905271422803302e-05,0.023297243467263116,0.000822456777494029,0.002874599216260937,0.0007173594521003316,0.42794715142045736,0.00021341333850996775,0.0007459088822753815,0.00018614239650487226,0.11104489961009963,4.092595062265153e-05,0.00014304180937394243,3.569624364310581e-05,0.021294911133813554,0.0001225147214784618,0.0004282057513289445,0.00010685922455621337,0.06374781933651108,1.929581760849829e-05,6.744152846975093e-05,1.6830108920296122e-05,0.010040150930539928
validation,S03,source_factorized_uncalibrated,S03:116,left_open_hand,6.262297446209302e-05,5.8751463518533045e-05,3.1527613539208775e-05,0.3579895583229759,1.0119571046221398e-07,9.493953525078354e-08,5.094710493525981e-08,0.0005784938834944146,2.8816842794730716e-05,2.703531256246461e-05,1.450787495893145e-05,0.16473393212251275,3.982851300737364e-05,3.736621342326325e-05,2.0051713875359368e-05,0.22768308121169442,3.1118447502799773e-06,2.9194626236107758e-06,1.566662068091802e-06,0.017789125114086243,3.62017706396587e-05,3.396368545747807e-05,1.8225825968281346e-05,0.20695050008597027,4.171787583537632e-06,3.9138771054326655e-06,2.100291591563729e-06,0.02384837844698565
validation,S03,source_factorized_uncalibrated,S03:117,still_index_pinch,0.0014408023744661145,0.2917548639798649,0.0009704239700437356,0.0004458049999456334,2.9387453201290328e-06,0.0005950803915515583,1.979333842758138e-06,9.092901153538218e-07,0.0008337443594076023,0.16882882516284015,0.0005615520390558081,0.0002579725094068546,0.0008129018342559344,0.16460832400432765,0.0005475139680740658,0.00025152353202538054,9.013041139357344e-05,0.018250931829790464,6.070555767832941e-05,2.7887647021195904e-05,0.0016321217059020925,0.3304960171796614,0.0010992833253921823,0.0005050019557890877,7.787041401157838e-05,0.015768347172819108,5.244807869092144e-05,2.4094227306546263e-05
validation,S03,source_factorized_uncalibrated,S03:118,forward_neutral,0.0012643867817725687,0.004151224050423697,0.13683696579865934,0.0038927611306688223,7.529451808637006e-05,0.00024720632867342314,0.008148672182231354,0.00023181480349561575,0.0038323029627228824,0.012582184863608292,0.4147470671158427,0.01179879466417739,0.0006087492522435518,0.0019986404263481355,0.06588126498161526,0.0018742013611809973,0.0009093148664055105,0.0029854549234834943,0.09840967105026631,0.002799574954841149,0.0019217412870557817,0.006309444834858385,0.20797848455997572,0.005916607080441501,3.9781439891668695e-05,0.00013061008895336946,0.0043053056298534235,0.00012247806222335326
validation,S03,source_factorized_uncalibrated,S03:119,still_open_hand,0.08142258338489858,0.0012100538798801132,0.0011559147555458068,0.15932284284486584,0.00023547398708771483,3.499473976886566e-06,3.3429037118020866e-06,0.0004607614187513991,0.03669987147587753,0.0005454116047946913,0.0005210092974459648,0.07181211418873348,0.06648993399033086,0.0009881337493019744,0.0009439235725471308,0.1301035273448685,0.01382336225895061,0.00020543456666512338,0.00019624320111340972,0.02704872875820484,0.1293760552729802,0.0019227097831888413,0.0018366856600141267,0.2531553294582484,0.006871547396252414,0.00010212083972218319,9.755184248101007e-05,0.013445833089560526
validation,S03,source_factorized_uncalibrated,S03:121,up_fist,0.013757105673365407,1.1400503577749758e-06,8.296647909816929e-10,4.98332595921653e-06,2.2010113322972174e-09,1.82397650816211e-13,1.3273879334184022e-16,7.972866654649524e-13,5.921203186340385e-08,4.906896822138251e-12,3.5709646495384185e-15,2.1448759825559505e-11,0.0003953592785254261,3.2763394978146316e-08,2.384336363829267e-11,1.4321356560539542e-07,2.063176141060425e-09,1.7097525843118206e-13,1.2442621598417717e-16,7.473577267119616e-13,1.0484799920372557e-08,8.688746153605473e-13,6.323182754394559e-16,3.7979773406510605e-12,0.9854024924252663,8.166023367958602e-05,5.9427743910819956e-08,0.0003569487606892985
validation,S03,source_factorized_uncalibrated,S03:123,still_open_hand,0.010663048503183623,0.004556123332968163,0.014701291374617688,0.18108580928348125,0.00017363344411073332,7.41903580256942e-05,0.00023939081337650826,0.0029487395406747495,0.012501197139703574,0.0053415302351136175,0.017235572137503447,0.21230226987898182,0.013374151705996219,0.005714527569498764,0.018439126583686405,0.22712726894539484,0.005507739337803262,0.0023533551124127277,0.007593595846095466,0.09353548706177105,0.007747490222931355,0.003310359224765912,0.010681571143121923,0.13157217999303922,0.000567012287261833,0.0002422738592347184,0.0007817476255065184,0.009629317439738801
validation,S03,source_factorized_uncalibrated,S03:124,backward_neutral,0.012404575145967236,0.10190078480064217,0.1782894531690212,0.0006652408392635846,0.00011753908072243189,0.0009655570166186388,0.001689374942825404,6.303464309414999e-06,0.004867284820660252,0.03998364613356204,0.0699568940396571,0.00026102600056267055,0.015003778722636703,0.12325265547759655,0.21564749074034587,0.0008046326643292455,0.0036735614832913294,0.030177478370349207,0.05279965338044796,0.00019700820830011184,0.004080044410756124,0.033516643866089,0.05864198316663189,0.00021880734616908673,0.002152107639706738,0.017679078475563093,0.030931981928371703,0.00011541466560340223
validation,S03,source_factorized_uncalibrated,S03:125,still_index_pinch,0.007794910657154664,0.18362581647640364,0.00010518794794026747,3.410929231515654e-05,1.0563896329511418e-05,0.00024885520488912116,1.4255385674434958e-07,4.622593429721778e-08,0.0025811633048780625,0.0608048302493536,3.4831351285551394e-05,1.1294761101390061e-05,0.009356759666039207,0.2204185152106793,0.00012626422443181545,4.0943695779073405e-05,0.0009817574985960845,0.02312740070934218,1.3248266874939129e-05,4.296015050727256e-06,0.019130865512180118,0.45066851360893595,0.00025816030151678654,8.371363222719628e-05,0.000835719208723896,0.019687155991465328,1.1277562051239613e-05,3.6569746643074423e-06
validation,S03,source_factorized_uncalibrated,S03:126,still_neutral,0.00021390586999949946,0.0010916766234631296,0.20669846529132085,8.855273718861975e-05,6.577084437840827e-07,3.3566396898555296e-06,0.0006355474299963391,2.7227809582450565e-07,0.00010935358951323217,0.0005580901420033856,0.1056689988289478,4.527019138287375e-05,0.00027259514824739937,0.0013911995543266229,0.2634102504467474,0.00011284892051677346,8.018891523587697e-05,0.0004092471339102481,0.07748700731153554,3.3196601553476464e-05,0.0003284663633540635,0.001676340394344562,0.31739892507515177,0.0001359784822616702,2.276837920495831e-05,0.00011619927649603625,0.02200121501502843,9.425652040087661e-06
validation,S03,source_factorized_uncalibrated,S03:127,still_neutral,0.005525780575522237,0.01958387684490404,0.11026274976739524,0.0005206649725355236,1.374434298524784e-05,4.8711221276059374e-05,0.0002742579135358463,1.2950564838989386e-06,0.0024220679770689904,0.008584032667352533,0.048330524823624446,0.00022821860903165028,0.00869765050516123,0.030825276900720375,0.17355500243044208,0.0008195334395747996,0.0024969808778071852,0.008849530908207434,0.04982535479661241,0.00023527725402710823,0.020868246131703006,0.07395899215085874,0.41640998404771395,0.0019663040633857987,0.0006382395254115518,0.0022619798402017696,0.012735584433781835,6.0137922674948954e-05
validation,S03,source_factorized_uncalibrated,S03:128,backward_open_hand,0.05223039989630724,0.04992569397058011,0.020945445691649807,0.18391010150332399,0.0004512778256849727,0.000431364850079382,0.0001809715263236705,0.0015890085255462595,0.02458354937195221,0.023498781649985187,0.009858500017240377,0.08656190780242062,0.06474295363613938,0.06188612180658188,0.02596323256178314,0.227968447465194,0.012057670173687423,0.011525616351489416,0.004835369369030075,0.042456641150343526,0.008970212141411799,0.008574394741614274,0.003597236314933945,0.03158529570343248,0.007089081772316264,0.0067762706737786735,0.002842865028039214,0.024961588479130617
validation,S03,source_factorized_uncalibrated,S03:129,forward_fist,0.11771915905309473,0.06176488659148595,0.005362072094128993,3.7950482457518134e-06,0.019909526691921215,0.010446130163587405,0.0009068729197591099,6.418463651430424e-07,0.365465349886419,0.19175235425077544,0.01664683616294945,1.1781927819786488e-05,0.051784011453565,0.027170034346227927,0.002358746061140142,1.6694208776687426e-06,0.04978673106156278,0.026122101300360887,0.0022677705433038664,1.6050322470591418e-06,0.02955578522293335,0.015507328943740052,0.00134625707861608,9.528239223278911e-07,0.002615869378888746,0.0013724943061505558,0.00011915205911468957,8.433079693501804e-08
validation,S03,source_factorized_uncalibrated,S03:130,up_index_pinch,0.03991934536744718,0.0446644809916278,0.02853607896137774,0.00033465119151650756,0.014452593988249659,0.01617054597278762,0.01033134084362365,0.00012115874531890798,0.02572629315166833,0.028784328021439595,0.018390269830381892,0.00021566823246378644,0.038049078511423085,0.04257189912007539,0.027199131118393505,0.00031897240154484923,0.05103235784954395,0.05709847584293354,0.0364801421409932,0.00042781361274960234,0.005942910808442411,0.0066493331590319615,0.004248250328985365,4.9820510953152605e-05,0.1767305903916815,0.19773821495643445,0.12633468900570902,0.001481564943202229
validation,S03,source_factorized_uncalibrated,S03:131,still_fist,0.12906048972196027,0.04197350574374395,0.0012448580037451441,0.011623596541195848,0.004437269893308554,0.0014431044989413034,4.279986038610714e-05,0.0003996345829411314,0.1879904453150325,0.06113891287099985,0.001813269196345008,0.01693101501977231,0.08164381879936435,0.026552489493097048,0.0007874986489487439,0.007353100951737949,0.0758481813345402,0.024667611921792888,0.0007315966009987126,0.006831127482279679,0.21325237124822097,0.06935468514599301,0.002056934091431763,0.019206184093851778,0.009555190596005153,0.003107572644641432,9.216496478800653e-05,0.0008605707339361987
validation,S03,source_factorized_uncalibrated,S03:132,backward_index_pinch,0.013271880657361759,0.2532248473933004,0.04317303465850491,0.005136012768449202,9.516783646708785e-05,0.001815783421226104,0.0003095781531074476,3.68284824027201e-05,0.006836735993669208,0.13044356511033536,0.022239699679789192,0.002645711204351752,0.009016036453596193,0.17202418511712045,0.02932889952393747,0.003489066812907774,0.0026489137620115725,0.05054074855407361,0.008616838005643244,0.0010250887011002314,0.008828188316248117,0.1684400799596726,0.028717835097302077,0.0034163724859425926,0.0014620260571868687,0.027895166839886857,0.004755927458069326,0.0005657814963361697
validation,S03,source_factorized_uncalibrated,S03:133,still_fist,0.14987475022458296,2.2347536784288126e-06,1.133803147058919e-10,2.0710700603190155e-10,0.0025908530766802413,3.8631713712308124e-08,1.9599814962197143e-12,3.580214966001479e-12,0.14045592794411843,2.0943114244387685e-06,1.0625497149285766e-10,1.940914441715448e-10,0.1925310044415101,2.8707929103636715e-06,1.4564978985125533e-10,2.660522859150397e-10,0.06954040102353092,1.036903592859235e-06,5.260734407234808e-11,9.609560137821639e-11,0.43557804699740776,6.494820784099185e-06,3.295149848359408e-10,6.019110295208304e-10,0.009414103567835749,1.4037189417033636e-07,7.121773504847535e-12,1.3009041226004351e-11
validation,S03,source_factorized_uncalibrated,S03:134,down_fist,0.00852682194516285,0.0006390226224178381,0.00326621439103726,1.6877888559631646e-05,0.6458768750095448,0.04840372381198529,0.2474042917233754,0.0012784408997584672,0.015701115904992687,0.0011766832150384764,0.0060143405191336735,3.107859953105488e-05,0.0004141650902709835,3.103862890546496e-05,0.00015864667830618065,8.19793386544081e-07,0.01143486274061919,0.0008569589024482613,0.004380144616967589,2.263402945107104e-05,2.1239454428630967e-05,1.5917409739518978e-06,8.13581099250333e-06,4.2041120035016975e-08,0.0029687066086302944,0.00022248273676129477,0.0011371683741298645,5.876222070654153e-06
validation,S03,source_factorized_uncalibrated,S03:135,backward_neutral,0.015187485139580811,0.048480724333860206,0.16635992748453013,0.026230906969634916,0.0012062355997018504,0.0038504844648985805,0.013212804164178905,0.002083337268049787,0.015123667583363847,0.048277009148483534,0.16566088587711975,0.026120685141282705,0.005507037641897088,0.017579287904434013,0.06032271797079526,0.009511422775743848,0.0013788486784854406,0.004401491232116205,0.015103564813845761,0.002381464151447652,0.0005950675620024992,0.0018995446690696616,0.0065182217828240316,0.001027764749468314,0.020267800783745547,0.06469785179177362,0.22200843903165626,0.035005321286009625
validation,S03,source_factorized_uncalibrated,S03:136,still_open_hand,0.0010168079650803882,0.00029096363693722344,0.007931204682060607,0.24296757381038464,4.0325092379332044e-06,1.153918531469445e-06,3.145397877151754e-05,0.0009635732798681743,0.00064436133128364,0.00018438655369618044,0.00502608337377803,0.15397097062161394,0.00118133402877384,0.00033804342339368307,0.00921452457283599,0.28228128878606384,0.0001122342136787493,3.2116265924585475e-05,0.0008754381865467705,0.026818510016181976,0.0010112804369164306,0.0002893819128033739,0.007888089404879691,0.24164676383122677,6.159724463614935e-05,1.762629615438638e-05,0.0004804647208105185,0.014718740997929457
validation,S03,source_factorized_uncalibrated,S03:137,still_fist,0.19425136934823115,1.4012359419767204e-05,4.940510717864626e-11,3.0996836184727493e-08,0.001113826356818442,8.0346075784778e-08,2.832860881323682e-13,1.7773410419898006e-10,0.15309198970216253,1.1043319752090773e-05,3.893679712428973e-11,2.4429003213279697e-08,0.19848477945894874,1.431773726210462e-05,5.0481815574334444e-11,3.167236460002243e-08,0.057940782057203835,4.1795693176941394e-06,1.4736424032198496e-11,9.245653896125285e-09,0.3833645749879613,2.7654076424591885e-05,9.750339459292396e-11,6.117377174637518e-08,0.011680388299864028,8.425670283267361e-07,2.9707426916949187e-12,1.8638482905921906e-09
validation,S03,source_factorized_uncalibrated,S03:138,forward_neutral,0.016813832292523017,0.03323298569528465,0.20200667711353482,0.001317224440966053,0.0006457262679703323,0.0012762951035303494,0.00775795877157743,5.058730261765232e-05,0.03041565050287874,0.060117340323683544,0.3654232053370374,0.002382814193293076,0.010983015480151832,0.021708221540028546,0.1319534073632101,0.0008604282577742798,0.0024115795816408193,0.004766551036395748,0.028973476683167857,0.00018892727791061542,0.004512004042696349,0.008918095720193113,0.05420863774127462,0.0003534781303498679,0.0005787891533120072,0.0011439921201758065,0.006953755192497546,4.534333432406455e-05
validation,S03,source_factorized_uncalibrated,S03:139,backward_fist,0.6236394605709281,0.0127880417998662,0.00013604990826896198,2.7947072579504945e-05,0.00024347167717578906,4.992509585517818e-06,5.311450195202828e-08,1.0910664034723477e-08,0.07271598419724351,0.001491077945230505,1.586333708047506e-05,3.2586117725617713e-06,0.11947623630218815,0.0024499205077952333,2.6064308012762173e-05,5.35407275929356e-06,0.0016152313284149347,3.312113336336e-05,3.5237038057666736e-07,7.238314767089434e-08,0.025597973990377956,0.0005248993722769905,5.584319520246442e-06,1.1471186193741659e-06,0.13636572340678896,0.0027962479625624607,2.9748829786267584e-05,6.110939108819895e-06
validation,S03,source_factorized_uncalibrated,S03:140,still_index_pinch,9.467492478640869e-05,0.21166715672395411,0.0003132053079992557,0.00013913970562392342,2.575143548253004e-07,0.0005757314455168149,8.519136719595942e-07,3.784578821178065e-07,5.5435598494765696e-05,0.12393878887308349,0.00018339305512887736,8.147133861525933e-05,8.397301644651992e-05,0.18774062586126658,0.0002778010601972457,0.00012341156663267806,1.5437276483181545e-05,0.034513514831180335,5.1069878814191024e-05,2.2687507915647676e-05,0.000189740775600114,0.42420831679012316,0.0006277038845916536,0.0002788539385842191,6.610018077557526e-06,0.014778186890848142,2.18673820183405e-05,9.714462108684965e-06
validation,S03,source_factorized_uncalibrated,S03:141,down_open_hand,0.0003152252109967685,4.977209627705159e-06,2.493982165967986e-06,0.0012539488490984777,0.13123157293216586,0.002072064750758668,0.0010382710236590308,0.5220321030901277,0.008145277980198429,0.00012860886302585125,6.444337987825115e-05,0.03240147549290307,0.0007238038872146081,1.142841229171831e-05,5.726553344713414e-06,0.002879252736403328,0.05945389777055703,0.0009387399930751361,0.00047038420647951633,0.23650439140977467,1.4260275675019082e-05,2.2516086565221545e-07,1.1282369548687293e-07,5.6726605762191105e-05,5.010097612253573e-05,7.910631891592816e-07,3.9638625524933964e-07,0.00019929897468831586
validation,S03,source_factorized_uncalibrated,S03:142,still_neutral,2.4888131370189344e-05,0.006665468115220492,0.17892767930500605,0.0004227637893836386,1.2998104090564604e-08,3.4811150377384194e-06,9.344697541557284e-05,2.2079310247904158e-07,4.251289873517764e-06,0.0011385682869881459,0.030563702023548876,7.221479949472744e-05,3.70706960591189e-05,0.00992816772443801,0.2665115157670801,0.00062970368116162,2.6039648452234065e-06,0.0006973864124560682,0.018720625498855954,4.423241058213894e-05,6.047739298972794e-05,0.016196882307826878,0.4347887520004897,0.0010273029924217397,4.473340325648172e-06,0.0011980372035825968,0.032160084311047984,7.598667329194805e-05
validation,S03,source_factorized_uncalibrated,S03:143,still_open_hand,0.0016508935651797813,0.0021292398350593995,0.06580588993503295,0.25678101272256026,4.145362933948736e-07,5.346481490938004e-07,1.6523736158756493e-05,6.44772331016992e-05,0.00021540302901137888,0.00027781603831833777,0.008586130758376226,0.03350392120949694,0.001850777874207981,0.002387040605601393,0.07377343255381916,0.28787114256628576,4.521809586273636e-05,5.83200352870647e-05,0.001802428152956641,0.0070332507763786745,0.0010333566422395417,0.001332771641302054,0.04119039221977053,0.1607289353441497,0.000262331814308086,0.0003383424351571413,0.0104567483106856,0.04080325368524971
validation,S03,source_factorized_uncalibrated,S03:144,forward_index_pinch,0.00895502827717528,0.24435114080941056,0.0073253252302440935,0.0022903849169784315,0.00019168635277339428,0.005230444564553464,0.00015680183610847697,4.902670517543868e-05,0.0131648561406026,0.35922249678956036,0.010769017121374135,0.0033671125322385057,0.007901744798755363,0.21561074920131232,0.0064637261598386505,0.0020209916199830013,0.0012553550655284508,0.03425421259300679,0.0010268961582029737,0.000321076184077197,0.002212657256675533,0.06037561335980856,0.0018099813341204384,0.000565920804521578,0.0003783262661102764,0.010323189593698393,0.00030947562158629283,9.676270657953444e-05
validation,S03,source_factorized_uncalibrated,S03:145,right_fist,0.1138805377438173,0.005771161674597159,3.93194865215905e-06,1.8428068112807901e-06,0.0621151040113561,0.0031478276691173828,2.144645646524711e-06,1.0051422220453664e-06,0.15315650232541725,0.0077615627213157064,5.288028269084223e-06,2.47836769362765e-06,0.21444318604563212,0.010867408261358076,7.404071082221359e-06,3.470104477084796e-06,0.27212319615625924,0.013790477210063497,9.395586423685521e-06,4.403478323156043e-06,0.09663050574430772,0.004896976097908933,3.3363575053842402e-06,1.5636680129110601e-06,0.03937202451443428,0.001995269107704394,1.3593962742831154e-06,6.371153173892773e-07
validation,S03,source_factorized_uncalibrated,S03:146,still_neutral,0.0027595628263872535,0.025680384346168088,0.06137721680154359,0.01485549442617929,0.00031492106682856646,0.0029306432009922902,0.007004362578479617,0.001695307716216384,0.009281080176306153,0.08636937119028167,0.20642649070592742,0.04996263665739457,0.0011672738600429858,0.010862605147635986,0.025962090839014323,0.006283759933233697,0.0031066938955399844,0.02891077257617949,0.06909798281788829,0.0167241975459786,0.009652289971787794,0.08982383511111622,0.21468280720587146,0.051960962259910426,8.191892166647325e-05,0.0007623342992965266,0.0018220115763243055,0.00044099234580866737
validation,S03,source_factorized_uncalibrated,S03:147,left_neutral,0.0009861232605280353,0.003721796188328439,0.39054485839898617,0.005428718405861476,2.0252478689507544e-06,7.64362843955745e-06,0.0008020804029900828,1.114921513636897e-05,0.00046777231540968386,0.0017654519370784427,0.18525683349850072,0.0025751387073632425,0.0006329412117378325,0.002388827323696293,0.25067042408133816,0.003484411881887407,5.216924182034314e-05,0.00019689555365621323,0.020661138394198884,0.00028719748800802515,0.0002646250238426262,0.0009987396550675003,0.10480225606899031,0.0014567902361584699,5.5458748397016014e-05,0.000209310708564928,0.021963916587972886,0.0003053065881720596
validation,S03,source_factorized_uncalibrated,S03:148,still_index_pinch,0.0025133333679777732,0.3258818236630037,0.0002347392143919118,3.5891031896276506e-05,1.9664704609428085e-05,0.0025497492221140845,1.8366355096698727e-06,2.8081692200494456e-07,0.002616816477398661,0.33929956794080757,0.00024440428473943856,3.7368796695913626e-05,0.0008542061985117375,0.11075740182418514,7.978077819763381e-05,1.2198279109089916e-05,0.00014075921398470914,0.018251008773903985,1.3146567713688921e-05,2.0100769373403244e-06,0.001401570743223604,0.1817293462195656,0.00013090329335965203,2.0014782316919926e-05,0.00010072868396439005,0.013060602164328599,9.407813719338321e-06,1.4384309121494346e-06
validation,S03,source_factorized_uncalibrated,S03:149,backward_index_pinch,0.0021223047552782017,0.301356875687317,0.02750251207416948,0.006414803437239257,4.790569536875187e-07,6.802373998386014e-05,6.208000816206414e-06,1.4479806377973419e-06,0.00024168835694402362,0.034318562382481474,0.0031319898513669725,0.0007305186962472786,0.001982126960534633,0.2814523157226844,0.0256859767802267,0.005991106983038084,4.537704209279259e-05,0.006443317623921219,0.0005880317824023034,0.00013715504564773952,0.0015303988837338926,0.21730914234178755,0.019832125274896983,0.004625729643826016,0.00036786441265074883,0.052234944014177526,0.0047670794806555835,0.0011118939882885453
validation,S03,source_factorized_uncalibrated,S03:150,still_open_hand,0.0015676681420423598,0.0019117073202443398,7.471299547100824e-05,0.31547526310070617,4.599098659953127e-06,5.608413119439891e-06,2.1918697467701258e-07,0.0009255159436260418,0.0011831619359506055,0.0014428176942120447,5.638793695646738e-05,0.23809779188883487,0.0009463011645984195,0.0011539756502047106,4.5099465077310434e-05,0.19043227381355077,0.00014767768425944354,0.00018008690899829624,7.038123604955325e-06,0.029718442983191085,0.0009908364030000942,0.0012082845558831726,4.7221955785496735e-05,0.1993944805939456,7.36236353029201e-05,8.978101855678896e-05,3.5088053290283675e-06,0.01481591358191392
validation,S03,source_factorized_uncalibrated,S03:151,still_open_hand,0.00011258186504555755,6.374668814304497e-05,1.4760516253800132e-05,0.2718457966509106,4.936851573889653e-07,2.795369729946242e-07,6.472665723694408e-08,0.001192076848707608,9.570502634645127e-05,5.419059691150382e-05,1.2547807734269782e-05,0.23109413865296463,7.50037868544552e-05,4.2469033606998657e-05,9.833685154476237e-06,0.18110789140891947,1.7366463000904885e-05,9.833328845799721e-06,2.276902761311913e-06,0.04193392930183865,0.00010681287291276943,6.048013946542528e-05,1.4004148413299303e-05,0.25791569999123987,5.884094695556799e-06,3.3317226483147996e-06,7.714588433716166e-07,0.01420802905899411
validation,S03,source_factorized_uncalibrated,S03:152,forward_neutral,0.018832316769993265,0.07897621667114373,0.09548965253564731,0.0017337190935727692,0.003011243828043744,0.012628114103951113,0.015268574246699678,0.00027721766704779483,0.05689058492567589,0.23857941731297086,0.28846489008502746,0.005237395618117714,0.006073747085598894,0.02547119250894788,0.030797060493234597,0.0005591543207585144,0.006721172473070482,0.028186270441410546,0.0340798443401442,0.0006187568523871093,0.004495247028791525,0.018851509756984693,0.022793243236283837,0.0004138362634468852,0.0005358725580964528,0.0022472639863289983,0.0027171529133129093,4.933288331119314e-05
validation,S03,source_factorized_uncalibrated,S03:153,forward_fist,0.1841190058086558,0.029618979649750948,0.012759847523516001,0.046347570589235554,0.045294230124163906,0.007286422574391704,0.0031389886532409584,0.011401742686718737,0.27551811673468907,0.04432223309517141,0.019094004684961433,0.06935511794607963,0.08449491292641208,0.0135925842934202,0.005855681224860783,0.021269580096244956,0.023508450726976462,0.0037817732103284816,0.001629186761425618,0.005917692064036144,0.027913279408280808,0.004490372143389086,0.0019344509686366003,0.007026502679993995,0.03396273371247591,0.005463539813620061,0.002353691308236447,0.008549308591087264
validation,S03,source_factorized_uncalibrated,S03:154,still_index_pinch,0.00010198933094131289,0.18577614614964308,5.082714309329574e-05,5.191436066379014e-08,4.4986879191978985e-07,0.0008194473840008348,2.2419546484987362e-07,2.2899111602709068e-10,6.522185165534502e-05,0.11880325258968445,3.2503795801969546e-05,3.3199067968630525e-08,9.720808319621963e-05,0.17706698243936037,4.84443726499423e-05,4.948062158960665e-08,2.6005624853549608e-05,0.047369903488099406,1.2960096938203514e-05,1.3237319781137295e-08,0.0002495494074715558,0.4545605581104305,0.00012436480684143857,1.270250311806458e-07,8.114915033369593e-06,0.014781523001643085,4.044128378764944e-06,4.130634272331649e-09
validation,S03,source_factorized_uncalibrated,S03:155,right_neutral,0.012268435270970924,0.0009966082033127741,0.029249467571279754,0.0005007341706082674,0.015662678050115317,0.0012723344979067173,0.037341762302014185,0.0006392696321662319,0.003152622688546932,0.0002560986437113258,0.007516242540833537,0.00012867377724408224,0.04042259870211913,0.0032836700504973214,0.09637247650334776,0.001649841726991039,0.1509715692541476,0.012263952253283455,0.35993489972865433,0.006161879803431646,3.9927565785283023e-08,3.2434567832849927e-09,9.519225678274701e-08,1.6296370397949266e-09,0.0627333854693288,0.005096053832410821,0.14956415250960603,0.0025604528245554404
validation,S03,source_factorized_uncalibrated,S03:156,still_fist,0.13721992894222965,0.00021048535552498467,3.4749039936471565e-05,1.3540636292845401e-05,0.0022966467724730402,3.522888520244133e-06,5.815938765733736e-07,2.2662931601055675e-07,0.18971252947426126,0.0002910051733866258,4.804206148456432e-05,1.8720519545584194e-05,0.15566536344932488,0.00023877930575486213,3.9420089872683614e-05,1.536080135086134e-05,0.10317006743233369,0.00015825535321603224,2.612638573048641e-05,1.018065211211197e-05,0.40309325949004876,0.0006183156388982545,0.000102077765818107,3.977657808837818e-05,0.00695991267868451,1.0675998055738053e-05,1.7625011577420592e-06,6.867927052469658e-07
validation,S03,source_factorized_uncalibrated,S03:157,still_open_hand,0.0006799205897751753,7.07360285675872e-05,0.016284700290465925,0.21633143096120222,6.1186538263079485e-06,6.365585604577881e-07,0.00014654717806896378,0.0019467819591095462,0.0005873330283786752,6.110361489099642e-05,0.014067146195706594,0.18687269718063515,0.0008269004172895976,8.602718084958686e-05,0.0198049973307544,0.2630962398032753,0.00019831589634048956,2.0631937199586945e-05,0.004749841353984974,0.06309848868068205,0.0005714842055758786,5.9454771188657676e-05,0.013687552853217017,0.18183005166064403,4.345486191720412e-05,4.520857876935759e-06,0.001040782428311583,0.013826103521704892
validation,S03,source_factorized_uncalibrated,S03:158,backward_index_pinch,0.002736048521789579,0.2278378799012795,0.03086290860810323,0.006558428893962088,6.982721380631356e-05,0.005814693791555269,0.0007876581503946295,0.0001673789090233888,0.0017852561825198066,0.14866292774658849,0.02013787327394389,0.004279337751986994,0.003457001871279763,0.2878735413113086,0.03899533650871218,0.008286585847626966,0.0014803135073424801,0.12326955769100804,0.016698088547994448,0.003548376719696177,8.539906566228e-05,0.007111402415231151,0.0009633102402103726,0.0002047053242281414,0.0005954702549832567,0.049586357609959636,0.0067169656941506424,0.0014273684456527014
validation,S03,source_factorized_uncalibrated,S03:159,still_fist,0.20498076042900848,3.411685071191065e-05,1.0550256812251551e-10,2.788720966883417e-09,0.007876331160781739,1.3109309078937947e-06,4.053908099017225e-12,1.071558608925953e-10,0.4177943036640118,6.953738417478612e-05,2.1503663022450888e-10,5.684005328274715e-09,0.11792500282984524,1.9627352871202012e-05,6.069540681947291e-11,1.6043453406217148e-09,0.07341375531458048,1.2218932767281444e-05,3.778569122778075e-11,9.98778998940851e-10,0.17334886774209307,2.8852061185927663e-05,8.922179178984505e-11,2.3583755911828615e-09,0.00449455315971788,7.480702034957464e-07,2.3133239427981794e-12,6.11474687041095e-11
validation,S03,source_factorized_uncalibrated,S03:160,still_open_hand,0.0016875415023262868,8.542136949708325e-05,0.03777269450750838,0.19860357036346993,4.7071353609325134e-05,2.3826966529991645e-06,0.0010536107452699323,0.005539738652807269,0.0033392718118765543,0.00016903001846193974,0.0747438174727386,0.3929925891236236,0.0012018284601737464,6.08351455813633e-05,0.026900849083707296,0.14144092031271835,0.0003564803339593231,1.8044615959729594e-05,0.007979195020696191,0.041953496842055626,0.000391502933192795,1.9817418812724098e-05,0.008763115261994676,0.04607524036160054,6.237110262774627e-05,3.1571519848020173e-06,0.0013960691351333617,0.007340337201959823
validation,S03,source_factorized_uncalibrated,S03:161,up_index_pinch,0.0005958437550906722,0.018109772541807564,0.007227095856602863,0.009113284061227201,6.205841430055499e-10,1.8861719329713967e-08,7.527176462403877e-09,9.491682225052754e-09,4.3578158376465354e-08,1.3244924180980282e-06,5.285673050194338e-07,6.66517241738049e-07,0.00017403606878981943,0.005289563904843458,0.0021109147169948166,0.002661838977467419,1.645937639797302e-08,5.002579286946254e-07,1.9963873071046302e-07,2.517421241791159e-07,1.3239817569740596e-06,4.024042924584193e-05,1.605881237873999e-05,2.0249976172614536e-05,0.016230499487820634,0.49330156010383486,0.1968626415849125,0.2482415079866087
validation,S03,source_factorized_uncalibrated,S03:162,up_neutral,0.009469638164752499,0.06589501681166025,0.1009025196548395,0.0157648433108206,0.00020996696006213693,0.001461067056889953,0.0022372761182570906,0.00034954833207351266,0.0006163699122062029,0.004289045158896083,0.006567650854129924,0.001026118941228733,0.0013071905044659956,0.00909615961763421,0.013928601417998005,0.0021761817211774703,4.475616431697458e-06,3.114383199001089e-05,4.768935909798604e-05,7.450906839045897e-06,9.794093859039676e-08,6.81527602499758e-07,1.0435971585392914e-06,1.630498994501616e-07,0.037705069599581115,0.2623728754914001,0.401761552043236,0.06277056249873274
validation,S03,source_factorized_uncalibrated,S03:163,still_neutral,2.091509193058859e-05,0.00042150149852434926,0.14888384863761892,3.3067713476532975e-05,2.6938064569089895e-07,5.428823655616383e-06,0.0019175831218935103,4.259030769452329e-07,3.0540639960857537e-05,0.0006154850072911827,0.21740320493539264,4.828614356404454e-05,1.6680409858820825e-05,0.0003361600214250383,0.11873931154001084,2.6372488139816665e-05,1.2507712852030027e-05,0.0002520677283054406,0.0890360144361093,1.9775264015587736e-05,5.812568020235837e-05,0.0011714058627784226,0.41376700623294965,9.189934928036821e-05,9.931235168699204e-07,2.0014401656453203e-05,0.007069538678329869,1.5701735384022813e-06
validation,S03,source_factorized_uncalibrated,S03:164,left_index_pinch,0.024099576014817013,0.08754600006519146,0.0023243335479190565,8.802223417455761e-06,2.9500580832292347e-05,0.00010716611154815213,2.84524464950906e-06,1.0774907544883708e-08,0.003945791686689082,0.014333790729253093,0.00038056005569694624,1.4411763909714832e-06,0.12284066481722081,0.4462405829664647,0.011847622468868333,4.486680495147229e-05,0.0042461825229661,0.015425013917417154,0.0004095318723719308,1.5508923150956682e-06,0.051043207768148934,0.1854235388975526,0.004922967944994861,1.86432208783517e-05,0.005234349990907069,0.01901470815766402,0.0005048377314992977,1.9118144666443166e-06
validation,S03,source_factorized_uncalibrated,S03:165,still_neutral,0.0009530368658953464,0.0051073258918882805,0.20961777694078088,0.001300689342608363,7.546169996515995e-07,4.04399355229442e-06,0.0001659758856863154,1.0298891095632766e-06,0.00023931388752831487,0.001282483456622148,0.05263641616593037,0.00032661173369597293,0.0012619646143254243,0.00676287012605324,0.2775655659283527,0.0017223089508293984,0.00010241274489480337,0.000548830042549493,0.02252539506442278,0.0001397712623706283,0.0017083246943911368,0.009154914416893166,0.3757412095437572,0.0023314939885580874,0.00012649605601821953,0.0006778925404072949,0.02782245157893754,0.00017263977694117447
validation,S03,source_factorized_uncalibrated,S03:166,still_neutral,0.0005977768995289827,0.00014096111012257596,0.19438759340838016,0.0014760027841741639,4.4646146712932633e-07,1.0527958521497284e-07,0.0001451822079662625,1.1023817899765088e-06,0.00014545140456402527,3.4298734983550234e-05,0.047298496334247715,0.00035914181071183246,0.0008950113705839946,0.00021105164229206095,0.29104354239524,0.002209920249327837,8.658148513815868e-05,2.041668433616751e-05,0.028154929611685493,0.00021378295685656586,0.0012337887715947807,0.00029093836686865386,0.40120859516914625,0.0030464135756862326,8.148176733707969e-05,1.9214125516784587e-05,0.0264965820388791,0.00020119097198925806
validation,S03,source_factorized_uncalibrated,S03:167,left_neutral,0.001045635835956881,0.03263426977974275,0.22828068307362334,0.00209350762098182,8.786472989668501e-06,0.0002742256147857283,0.0019182415014056377,1.7591734648792637e-05,0.000598157084357454,0.018668468495747364,0.13058820586183253,0.001197593245740895,0.0008476160611352803,0.02645407727769607,0.18504948545787506,0.0016970446331627794,0.0009462848715391479,0.02953352852337706,0.20659062115971757,0.0018945932437119545,0.00041334402275747706,0.012900457201877966,0.09024026588867527,0.0008275719251130801,0.00010010602374388675,0.0031243066401274813,0.02185490463716393,0.00020042611051315963
validation,S03,source_factorized_uncalibrated,S03:168,forward_fist,0.33261550620208513,0.007680376178653938,1.2048026047746775e-06,1.2791145123462198e-05,0.009526998731575715,0.00021998653925534185,3.450877266231166e-08,3.663726467778889e-07,0.43038480096076137,0.009937952715125181,1.558943343242444e-06,1.6550985583566822e-05,0.08276686111531792,0.0019111575276524544,2.9979880072149765e-07,3.182903118462115e-06,0.028980978360836514,0.0006691955476706475,1.0497513665776148e-07,1.114499754584964e-06,0.06919673850312481,0.0015978118041106945,2.5064499169748676e-07,2.6610470881834827e-06,0.023918216689422463,0.0005522920557579577,8.66367599575269e-08,9.198049250985291e-07
validation,S03,source_factorized_uncalibrated,S03:169,still_open_hand,0.017112845769083937,0.03225842774231122,0.024657369056352768,0.3636103445110567,9.718256662659736e-06,1.8319318982001513e-05,1.4002734808051021e-05,0.00020649158537620237,0.003790253969569749,0.007144786755646609,0.005461259465905316,0.0805345627639249,0.010853021498813765,0.02045839800868931,0.015637782288451436,0.23060284299990075,0.0003248839998919296,0.0006124198848376504,0.00046811528567105204,0.0069030706359926655,0.005402813543928214,0.010184528784035104,0.007784746575345926,0.11479790798943802,0.0016091166888358972,0.0030332520456379086,0.002318526362403312,0.034190191478447006
validation,S03,source_factorized_uncalibrated,S03:170,down_neutral,8.935929652220754e-06,7.880239059225185e-06,0.0042081727454552674,9.414652945888442e-06,0.0019657110160557273,0.00173348194656187,0.9257068760776475,0.0020710197739163255,0.00012693930855188173,0.00011194270057318308,0.05977917904067324,0.00013373981015058818,2.062581964141418e-08,1.8189085623163174e-08,9.713260449191688e-06,2.1730803755840326e-08,8.535339595492135e-06,7.526974705696442e-06,0.004019523973090904,8.992602134786047e-06,1.4369249577044783e-08,1.2671666650894303e-08,6.766871136651901e-06,1.5139051349526995e-08,1.5942384844067137e-07,1.4058951741433637e-07,7.507703396220188e-05,1.6796463969407266e-07
validation,S03,source_factorized_uncalibrated,S03:27,up_fist,0.03395786647628092,0.012249947268578129,0.008745773488772908,0.0020620248139058754,0.00020426453602502578,7.368630761578956e-05,5.2607879977146956e-05,1.240356316786789e-05,0.0029977908788781423,0.0010814218912761219,0.0007720744179169968,0.0001820349692306239,0.1190695827545879,0.04295311400243917,0.03066610798124489,0.0072302667893719,0.01737728545387589,0.0062686750544147605,0.00447548147748037,0.0010552015636567194,1.1358868368714153e-06,4.097593664921782e-07,2.925451453522571e-07,6.897449947433904e-08,0.4219809882913786,0.15222525415495453,0.10868027126329403,0.02562396755582758
validation,S03,source_factorized_uncalibrated,S03:28,down_fist,0.08102625468246584,0.0031753556217110892,0.000303126318160688,0.0011381285475247423,0.6729020944898585,0.026370507398781735,0.002517385694114607,0.009451863305658012,0.04562119059648057,0.001787858819309789,0.00017067287127873085,0.0006408142594446982,0.023645893413741178,0.0009266640902501512,8.846135907696744e-05,0.0003321400752308241,0.08101751067529422,0.003175012950901023,0.00030309360606372275,0.0011380057255552366,1.1339795341325135e-05,4.443977205566448e-07,4.242316794701194e-08,1.5928349214249338e-07,0.04187034456552628,0.0016408660935909633,0.00015664062763367384,0.0005881283126250095
validation,S03,source_factorized_uncalibrated,S03:29,right_neutral,0.004906915129054613,0.013300831779977738,0.029368361217762935,0.0011897571282798469,0.0005194197426128174,0.0014079547817700854,0.0031087773526724256,0.0001259413144693917,0.007944708679507162,0.021535166373952117,0.047549849168598876,0.001926316949641542,0.005861044699286226,0.015887124099323024,0.035078918896087725,0.0014211005339898935,0.06933641901240006,0.18794538345472964,0.41498516798163015,0.016811682411408412,0.010560368344030756,0.028625252156259953,0.06320482502004825,0.002560523910465947,0.0014930471948153103,0.004047098646605726,0.008936031738733518,0.0003620122818859486
validation,S03,source_factorized_uncalibrated,S03:30,still_open_hand,7.188380920541989e-05,0.0011529993489278962,0.0002452666396783709,0.30177291190170025,8.074855530858771e-08,1.2951877860508546e-06,2.755130402567361e-07,0.0003389876932883898,2.7460169727801578e-05,0.00044045464712542704,9.369374868392211e-05,0.11527958064093241,6.458057789229754e-05,0.0010358572408206786,0.00022034810763668934,0.2711134712847659,5.125704401857614e-06,8.221508992727507e-05,1.7488838008510314e-05,0.02151804084944499,6.276145448595892e-05,0.001006678930345588,0.0002141412817886331,0.26347667276911413,5.1576723529503145e-06,8.272784832452571e-05,1.759791224968614e-05,0.02165224438978892
validation,S03,source_factorized_uncalibrated,S03:31,down_index_pinch,0.0007254351708997239,0.004729712441146211,0.002582628855756838,0.002635803684582153,0.04745148141696898,0.3093754907558506,0.16893248366202157,0.1724107054288619,0.0029439318120969148,0.019193928659802434,0.01048072047275052,0.01069651242282581,2.657457006681803e-05,0.00017326162240969555,9.460838712682585e-05,9.655631889398404e-05,0.016680096587792355,0.10875135851623485,0.05938297520234016,0.06060563618767057,3.947149744914298e-08,2.5734736892387074e-07,1.405228645940302e-07,1.4341614879712982e-07,0.00013793713436480932,0.0008993263721858836,0.0004910713428039835,0.000501182216666642
validation,S03,source_factorized_uncalibrated,S03:32,still_fist,0.15214845083509684,3.3422121694409716e-06,2.7696084321809825e-12,2.961912776506424e-11,0.00012627998359750057,2.7739651348393177e-09,2.2987161911124504e-15,2.4583247136695733e-14,0.019506594695985317,4.2849715405867244e-07,3.550849769196296e-13,3.797398641856147e-12,0.32042775742711666,7.038767364514963e-06,5.832852151987012e-12,6.237849044544784e-11,0.03253235818581134,7.146312882743461e-07,5.92197245884615e-13,6.333157309953403e-12,0.43218982015682283,9.49382046618535e-06,7.8672938412397e-12,8.413549682381766e-11,0.04304677220113989,9.455991508039432e-07,7.835945920715827e-13,8.38002515767361e-12
validation,S03,source_factorized_uncalibrated,S03:33,forward_index_pinch,0.010354964870297939,0.16319371433875826,0.002767420925144696,0.005988640904912615,0.0026063691590367615,0.04107624403644709,0.0006965663949338519,0.0015073550856634767,0.026188066247739006,0.41272257857452593,0.006998903755912329,0.015145481101690962,0.004500402795880529,0.07092611684149001,0.0012027572304589692,0.0026027414491091145,0.006636379038796476,0.10458899268770905,0.0017736085490581278,0.003838051743298452,0.005941682304440214,0.09364060784636655,0.001587947052049892,0.0034362841533563124,0.0005724404539730366,0.009021632143783114,0.0001529878382560587,0.0003310624769112363
validation,S03,source_factorized_uncalibrated,S03:34,still_index_pinch,3.2821340822037025e-05,0.11443774809206539,0.0003963691722293511,0.000687906624582232,5.0867242487978744e-08,0.00017735816198187953,6.143017406836845e-07,1.066132955123423e-06,5.339464087927253e-06,0.018617040953749962,6.448240406007644e-05,0.00011191050169827032,6.954056023438166e-05,0.24246617947247404,0.0008398113424409597,0.0014575093784794956,1.5058961245703829e-05,0.052505887035759265,0.0001818605777246565,0.00031562266929970707,0.00015173588217073843,0.529055554266798,0.0018324487820169804,0.0031802515045941293,9.485504196247207e-06,0.03307298582413601,0.00011455234162524368,0.00019880787958912024
validation,S03,source_factorized_uncalibrated,S03:35,still_fist,0.10910030161194169,0.0004508056391131745,4.062744347824092e-08,1.8851219673773053e-07,0.0001007453893548211,4.1628289715777116e-07,3.7516189700967444e-11,1.7407591342897384e-10,0.008729979117434726,3.607252919866412e-05,3.2509234889317788e-09,1.5084353723931424e-08,0.20741719545959825,0.0008570539217647017,7.723929503809648e-08,3.583919620712422e-07,0.02868061332888515,0.0001185091336215949,1.068026375477063e-08,4.9556649638279125e-08,0.5861622443304462,0.0024220395477850478,2.182787132460817e-07,1.0128178445966458e-06,0.05569181189253177,0.00023012019657730676,2.0738860538741197e-08,9.622875138794755e-08
validation,S03,source_factorized_uncalibrated,S03:36,up_open_hand,0.0004069149705941932,0.008184514679017612,0.0003441939748217529,0.028543006569163355,1.8770527811555194e-09,3.7754241428436176e-08,1.5877279146371218e-09,1.3166566416800415e-07,2.266209750046947e-07,4.558157921274757e-06,1.9169010678311005e-07,1.5896303762979595e-05,0.00012998092416626868,0.002614381034636434,0.0001099459449094825,0.009117497856926168,6.840857924676235e-08,1.375941072402156e-06,5.786422841231297e-08,4.7985123869397734e-06,2.0890206960531827e-09,4.201767392989313e-08,1.7670235523885902e-09,1.465341306157761e-07,0.010320058122655844,0.20757326050170402,0.008729346626007673,0.723899360003829
validation,S03,source_factorized_uncalibrated,S03:37,still_neutral,0.0014011431145597446,0.0014004454070372866,0.09118986761687337,0.007604638050355718,1.9662024435700146e-06,1.965223361403961e-06,0.00012796532964690047,1.0671470859543923e-05,0.00035580505552771437,0.0003556278802904451,0.023156675127495023,0.0019311151271118865,0.002512086242618846,0.0025108353343780494,0.16349280064696317,0.01363422938590891,0.0005133894262456141,0.0005131337809364949,0.03341265665781059,0.002786396853332441,0.00876556163175077,0.008761196768357809,0.5704844826205038,0.04757467158413369,0.00024135719307437676,0.00024123700782887437,0.01570812449929367,0.001309954761300149
validation,S03,source_factorized_uncalibrated,S03:38,still_index_pinch,0.0007960457853688905,0.11843508141553698,0.00013237661260291238,5.351056771152355e-06,1.1689469134485217e-06,0.0001739150252526753,1.943873525355548e-07,7.857715487341877e-09,0.00016140847845516162,0.024014229631448135,2.6841053637867134e-05,1.0849952947852708e-06,0.0010301390513391513,0.15326329798748828,0.0001713046166849082,6.9246425861577724e-06,0.0001339511828003288,0.01992915424244441,2.2275105476557416e-05,9.004260771199331e-07,0.004386705880981858,0.6526507365645363,0.0007294772181232711,2.9487640835387526e-05,0.00015937033651973115,0.023710996437458838,2.6502125487784407e-05,1.0712948099581312e-06
validation,S03,source_factorized_uncalibrated,S03:39,up_index_pinch,0.0458191562769408,0.1378912928138753,0.031440346462440115,0.00014831793725961445,0.0012731783185480781,0.0038315896361353083,0.0008736338836462561,4.121315129186468e-06,0.002946997654080311,0.008868895664172267,0.0020221810001969224,9.539516845754057e-06,0.0005138116600638476,0.0015462998410711419,0.0003525690545502,1.6632232400787504e-06,5.461317837451451e-05,0.00016435662248382596,3.747465883333854e-05,1.7678444174616727e-07,1.9442991065676274e-07,5.851306292088999e-07,1.3341458574143e-07,6.293752577171541e-10,0.16220832781599173,0.48816080096569975,0.11130466905158704,0.0005250730598919168
validation,S03,source_factorized_uncalibrated,S03:40,right_open_hand,0.0004728831704051635,7.791597751244692e-05,0.00020741338635436112,0.03277569503092122,0.00012324004851039185,2.0306006746108783e-05,5.40548647018143e-05,0.00854181010948584,0.0013199921736453766,0.00021749236799913842,0.0005789676263218775,0.09148911112555691,0.0007932348597780523,0.00013069965979884836,0.0003479242627728248,0.05497938069926523,0.009169145945631178,0.0015107811273893069,0.0040217198022320585,0.6355166561553186,0.00219702899398202,0.0003619999027299445,0.0009636486389864346,0.15227683450681767,2.611713785481793e-05,4.30326654264719e-06,1.145535376044398e-05,0.0018101877989792246
validation,S03,source_factorized_uncalibrated,S03:41,up_open_hand,4.039774559505901e-06,5.771350201667917e-07,6.930185312879179e-06,0.016165206484044913,1.1257498154673672e-13,1.608281929801514e-14,1.931210448060895e-13,4.5047014253763745e-10,4.3768417999674426e-11,6.2528951635361105e-12,7.508420163584561e-11,1.751398510047703e-07,3.3620251701795464e-07,4.8030959050104876e-08,5.767514279004257e-07,0.0013453184151730438,5.469713887269341e-12,7.814206926987211e-13,9.383229259169729e-12,2.188712590119664e-08,4.1690518854411155e-10,5.956039894153764e-11,7.151959031260657e-10,1.6682511258523098e-06,0.0002453507061721506,3.5051580891167274e-05,0.00042089622462168717,0.9817738014480045
validation,S03,source_factorized_uncalibrated,S03:42,backward_fist,0.39491373854012396,4.739012543706393e-06,2.352661452412808e-12,1.63320733666824e-06,9.692097987263591e-05,1.1630634605487895e-09,5.773976213624704e-16,4.008269147338895e-10,0.03010955947187861,3.61318349040442e-07,1.7937486849782644e-13,1.245212527047209e-07,0.2733252266523955,3.279935720659896e-06,1.6283093292581172e-12,1.130365246636886e-06,0.0027735687773261996,3.328316020397404e-08,1.6523275113580517e-14,1.1470385640743851e-08,0.08241576976362258,9.889991879057987e-07,4.909841964743489e-13,3.408390914246026e-07,0.2163490803431767,2.59621508574457e-06,1.2888792967040282e-12,8.947343959318915e-07
validation,S03,source_factorized_uncalibrated,S03:43,down_open_hand,3.2927521970226846e-05,5.886367660449936e-07,0.001071299304755243,0.0031598764276482704,0.0066004290448681635,0.0001179941573190263,0.21474543554316736,0.6334075236546023,0.0008390149425485069,1.4998852415670462e-05,0.027297411734906914,0.08051573215260177,1.0253558004106057e-06,1.83300195789078e-08,3.3360024999751597e-05,9.83978577737952e-05,0.0002464326812253453,4.405413096541157e-06,0.008017705076756008,0.023648813327350558,5.430137212454262e-07,9.707315390480422e-09,1.7666990627742485e-05,5.2110093775185175e-05,5.889561332496872e-07,1.0528615968487707e-08,1.9161730319464404e-05,5.6518938900331075e-05
validation,S03,source_factorized_uncalibrated,S03:44,still_neutral,0.00013247893514170282,0.0006901767562030257,0.11691673061470965,0.00010474714619506707,1.2042495235650566e-07,6.273790085526852e-07,0.00010627872045389573,9.521642121087742e-08,2.858059818117613e-05,0.00014889661153999438,0.02522325602014859,2.259782729098741e-05,0.00022776426707131928,0.0011865856474321764,0.2010089636390169,0.0001800864186854538,3.11512728197773e-05,0.00016228907941743766,0.027491955371467487,2.4630383122610683e-05,0.0006809111093833508,0.0035473490199338883,0.6009249747001933,0.0005383761232994039,2.3181175590013497e-05,0.0001207671888106228,0.02045809968876124,1.8328664748878303e-05
validation,S03,source_factorized_uncalibrated,S03:45,still_neutral,6.860057424580461e-05,0.00013988473152117887,0.10892108855287223,2.3992711838890608e-05,7.622551369556398e-08,1.5543289011199513e-07,0.00012102764471728105,2.6659496731267135e-08,1.5956061417868917e-05,3.2536307343091035e-05,0.025334359045209535,5.580553630802614e-06,0.00011692959227038233,0.00023843334842964042,0.18565585804717163,4.089554706539249e-05,1.8445684284079538e-05,3.761294452955248e-05,0.029287276869222747,6.451286925286041e-06,0.00039673147682676795,0.0008089826759038717,0.6299134488921995,0.00013875487349151867,1.1738010141925121e-05,2.3935199017615922e-05,0.018637115740781553,4.105311041392752e-06
validation,S03,source_factorized_uncalibrated,S03:46,still_fist,0.13409272813533907,2.8481133692991882e-05,9.017044782738731e-10,1.0964871942297059e-09,0.00016939818950828292,3.5979971097811403e-08,1.1391155077174515e-12,1.3851828365670937e-12,0.03301573318701498,7.012501900345089e-06,2.220137876393983e-10,2.6997234787503786e-10,0.20671113785669576,4.390519631448575e-05,1.3900258523068137e-09,1.690293863927919e-09,0.028858827599682817,6.129580168284732e-06,1.9406074025210112e-10,2.359809912406105e-10,0.5758085859011017,0.0001223010490178839,3.872015938191179e-09,4.708433854301469e-09,0.02113122054543843,4.488245752173032e-06,1.4209656602693243e-10,1.7279171696120188e-10
validation,S03,source_factorized_uncalibrated,S03:47,still_index_pinch,0.0006457736136833289,0.17306917211726644,0.00013474049887193243,1.4240123770825162e-05,8.506312571724905e-07,0.0002279716054302964,1.7748399364561908e-07,1.8757493537679338e-08,0.00013914957769558894,0.03729248408723661,2.9033523698161583e-05,3.0684239291556436e-06,0.0008574444600079185,0.22979756324153142,0.0001789055666698328,1.8907733265033403e-05,8.672964068943583e-05,0.023243791313389408,1.8096117286093622e-05,1.9124981136537944e-06,0.0018763692117687574,0.5028723056906934,0.0003915039547986781,4.1376310907084296e-05,0.00010793013416743808,0.02892558409180202,2.2519594812937822e-05,2.3799957703130314e-06
validation,S03,source_factorized_uncalibrated,S03:48,still_index_pinch,2.6711764990582954e-05,0.1776806206116134,7.327145892961211e-05,5.509301120844209e-07,2.428971731730648e-08,0.00016156970716615612,6.662768354896602e-08,5.009753825267731e-10,5.3392532011474555e-06,0.035515504973814886,1.4645788916628903e-05,1.101220891091358e-07,3.4070208814325095e-05,0.22662732502441166,9.345596993467893e-05,7.026980046969224e-07,2.3847371813995047e-06,0.015862732490197998,6.541431182343575e-06,4.918520071973882e-08,7.720821421902949e-05,0.5135715825437922,0.00021178527510902799,1.592419300204377e-06,4.512355850172712e-06,0.03001517077444287,1.2377575816060264e-05,9.306733250973357e-08
validation,S03,source_factorized_uncalibrated,S03:49,up_neutral,0.0001521895869442629,0.0003593641149831233,0.015443595342195096,0.0002589815816719552,4.517350445473633e-12,1.0666785274217124e-11,4.584027967979806e-10,7.68719192176883e-12,1.3415705218311601e-09,3.1678402770215022e-09,1.3613725273967558e-07,2.2829555073012287e-09,1.095206949341118e-05,2.58610384570844e-05,0.0011113725505923517,1.8637177069306186e-05,1.6914371085294779e-10,3.993977589142953e-10,1.7164032556621975e-08,2.8783247688689254e-10,6.741419061193465e-09,1.5918461593192948e-08,6.840924540478711e-07,1.1471897691796493e-08,0.00922308179162919,0.021778392937485586,0.9359217398366062,0.015694952317340406
validation,S03,source_factorized_uncalibrated,S03:50,still_fist,0.1710879790329153,0.00011342894523988365,9.477996508505658e-09,1.7168203259883172e-08,0.0004947545197065319,3.2801534999826264e-07,2.740859782699134e-11,4.964724118012674e-11,0.09084261270385542,6.022738593370825e-05,5.032533383686916e-09,9.115803742462733e-09,0.17560689798733006,0.00011642492551576947,9.728337288227668e-09,1.762166421934313e-08,0.03594846569531532,2.383333165696741e-05,1.991486685810834e-09,3.6073286353997698e-09,0.5118281837473209,0.0003393349512611558,2.835445111885157e-08,5.136053592064636e-08,0.013528403972956526,8.96914325661821e-06,7.49451635036659e-10,1.3575377446292992e-09
validation,S03,source_factorized_uncalibrated,S03:51,still_index_pinch,0.08154460576975503,0.05568713112929604,3.8399559401468245e-05,0.00045641863213909004,0.0030263063119959728,0.0020666764507928075,1.4250952334314874e-06,1.6938736465967535e-05,0.14456544004405364,0.09872430604702871,6.807622834115163e-05,0.0008091566545284041,0.08281415971237953,0.056554114496390404,3.899739553756812e-05,0.000463524535324833,0.0800836659494519,0.054689449595646325,3.771159917550186e-05,0.0004482415105732194,0.19650986821357333,0.134197359789907,9.2536989862309e-05,0.0010998982017905391,0.0035320842419225736,0.0024120741829941577,1.6632673293148872e-06,1.9769659109643623e-05
validation,S03,source_factorized_uncalibrated,S03:52,down_neutral,5.7579140359167674e-05,0.00018648404729306513,0.0027588183429352897,1.2895391986498244e-05,0.018286193890249835,0.05922428547852677,0.8761556149016065,0.004095365729410997,0.000483708369231114,0.0015666071747697486,0.023176162640532405,0.00010833105512649249,6.419192110558621e-06,2.0790114573811754e-05,0.00030756598363516473,1.4376386654253094e-06,0.0002514298476384065,0.000814316700551841,0.012046884883994611,5.631008768415122e-05,1.96877186867341e-08,6.376346433391865e-08,9.433075781386508e-07,4.4092504369061854e-09,7.288962861683511e-06,2.360707864925881e-05,0.0003492397475605045,1.632432035110633e-06
validation,S03,source_factorized_uncalibrated,S03:53,up_neutral,0.013050289186781002,0.015334796682054867,0.03652360162447784,0.0008115454459808189,0.019876835758772127,0.02335635867380748,0.05562893054844546,0.0012360611561680723,0.01010866711161179,0.011878231406562238,0.0282909386339843,0.0006286176989605965,0.005849356362057632,0.0068733105641747925,0.01637048485820524,0.00036374814761616067,0.0004935212940274866,0.0005799142527693572,0.0013812088665831955,3.069012133985967e-05,1.61050943723731e-08,1.8924358243019516e-08,4.50730280810172e-08,1.0015115993161043e-09,0.1491947002321203,0.17531185411715905,0.41754843266468966,0.009277823487658357
validation,S03,source_factorized_uncalibrated,S03:54,right_fist,0.09552265492675908,0.0019358643747554548,0.0004968016119007753,0.001013358946677746,0.0026440370135714145,5.3584116396599906e-05,1.3751312202060858e-05,2.8049456593350235e-05,0.10405901661698012,0.0021088624818411165,0.0005411981820204133,0.0011039175528795445,0.22671971765956156,0.004594707138409008,0.0011791414431405853,0.002405172411243451,0.09205053918916946,0.0018654983954327362,0.00047874356382345625,0.0009765247574554635,0.12062226036615652,0.0024445335698045573,0.0006273415811879248,0.0012796299140162978,0.3235624259430167,0.006557323745584758,0.0016828084906378115,0.00343253523878198
validation,S03,source_factorized_uncalibrated,S03:55,still_open_hand,0.0023998374888775124,0.0012848068064702676,0.09980374707800996,0.21540594818915132,1.698212440736337e-05,9.091761058000102e-06,0.0007062476759593201,0.0015242909685293873,0.002692343478341462,0.0014414064462118673,0.11196840152922356,0.24166086349216995,0.0009506639469976016,0.0005089592588786955,0.039535937146606505,0.08533022334276542,0.00028811717989849585,0.0001542499921391551,0.01198213390893763,0.02586098209285347,0.0010824669912319052,0.0005795229737679657,0.045017324012108374,0.09716067430000351,9.508294661684978e-05,5.090478732779431e-05,0.003954282070999163,0.008534508010457352
validation,S03,source_factorized_uncalibrated,S03:56,down_index_pinch,0.0013974463309582197,0.0005368352260058646,7.230948314416111e-08,2.7949100942977236e-08,0.6864253758910416,0.26369336241338986,3.551840456991524e-05,1.372859314564503e-05,0.02500848320187337,0.00960712009779712,1.294039316205385e-06,5.001727837094351e-07,1.0804280014768195e-05,4.150512241555371e-06,5.590568212211615e-10,2.160869480704057e-10,0.009519599079984621,0.003656996344242113,4.925822723662793e-07,1.9039316911778992e-07,1.6754377569251664e-05,6.436268692200468e-06,8.66938755067607e-10,3.350896414023133e-10,4.682006125385847e-05,1.79861348575647e-05,2.422657926135189e-09,9.364070656246125e-10
validation,S03,source_factorized_uncalibrated,S03:57,left_index_pinch,0.00041141824620324934,0.3889828516764883,0.0001670331655580314,3.0023107548116443e-05,8.10961879656459e-08,7.667386351014081e-05,3.2924531460617514e-08,5.9179669241797076e-09,5.195899437367442e-05,0.04912557473624965,2.1095018000633916e-05,3.791690063746336e-06,0.00033050301496604615,0.31248007699118513,0.00013418210136693765,2.4118345880071405e-05,5.021151324699406e-06,0.004747338697311587,2.038555188668296e-06,3.664168218789782e-07,0.00020130295350772565,0.1903255327855613,8.172770622323234e-05,1.4690015036256306e-05,5.573971273540906e-05,0.05270012356412705,2.2629965373220632e-05,4.0675867091455344e-06
validation,S03,source_factorized_uncalibrated,S03:58,still_fist,0.16194554990553095,5.903772951728614e-07,2.1775397839734077e-14,2.3710238917494846e-09,0.0037739558623252566,1.3758067791310478e-08,5.074507473633424e-16,5.5254000626760087e-11,0.24359692229190305,8.880397897874916e-07,3.2754341805225566e-14,3.5664710950542697e-09,0.12170818451375619,4.4369078875922165e-07,1.6365032195603967e-14,1.7819138190083413e-09,0.05727703860458186,2.0880513942254188e-07,7.701541063796655e-15,8.385857287177175e-10,0.40406526344227545,1.4730318767234802e-06,5.4331112338715784e-14,5.9158673641020155e-09,0.007629425222422441,2.7813295451248048e-08,1.025861899901927e-15,1.1170142985239214e-10
validation,S03,source_factorized_uncalibrated,S03:59,still_fist,0.13683523330334915,7.150609209558497e-06,5.583017950682784e-11,3.2931098151414225e-11,0.0016131059367883258,8.429619981003656e-08,6.581637772690348e-13,3.8821397567424e-13,0.12773200849617514,6.674901297411672e-06,5.211597036049758e-11,3.074029405525824e-11,0.3325841660007463,1.7379876095845122e-05,1.3569775298870937e-10,8.004050966827086e-11,0.05108177690918968,2.66938430687445e-06,2.084188922340947e-11,1.2293463960528046e-11,0.3455567743370078,1.8057786677804838e-05,1.409907103257984e-10,8.316252896175371e-11,0.00454468002262742,2.3749169011356338e-07,1.8542760905876498e-12,1.0937336845118815e-12
validation,S03,source_factorized_uncalibrated,S03:60,still_open_hand,0.0002635753712516981,3.150042533601661e-05,0.0001261860076627727,0.19533038401959102,2.8753349354727155e-06,3.436370895382544e-07,1.3765589496376764e-06,0.0021308526455398598,0.00034537392896139837,4.127633629268821e-05,0.00016534684951587317,0.25594964299590367,0.00020156400228744383,2.4089321298616587e-05,9.649822977160525e-05,0.1493750109669189,9.038483580092187e-05,1.080207440526072e-05,4.327149964281839e-05,0.06698237624668814,0.00043165181165078875,5.1587580430940486e-05,0.00020665215628436768,0.31988843924262345,1.1053157949440024e-05,1.3209852463075712e-06,5.2916699579414516e-06,0.008191272108013414
validation,S03,source_factorized_uncalibrated,S03:61,right_index_pinch,0.015309011545782403,0.07028344401038121,0.027365636299995513,0.00033840363714538054,0.003918873021756464,0.01799148767931361,0.007005184723947566,8.662616003047236e-05,0.009531285793434699,0.04375799112871942,0.0170376578340426,0.00021068778800803714,0.030534889690759088,0.14018522381576476,0.0545826674203537,0.0006749696216691802,0.06535578212921604,0.3000474224149964,0.11682678261109557,0.0014446807564856045,0.010213420144612653,0.046889659775986296,0.01825700765987848,0.00022576627591498622,0.00026017180296487993,0.0011944448726867517,0.000465070322414936,5.751062643247031e-06
validation,S03,source_factorized_uncalibrated,S03:62,still_index_pinch,0.0018173549426416865,0.1361946424880934,0.0005869541156494389,0.022649775520118123,1.7889229998577395e-05,0.0013406392041952879,5.7777140431365036e-06,0.0002229542695201663,0.0020014632515555006,0.14999192816039927,0.0006464158790654188,0.024944325566695687,0.0014702192382117724,0.11017989872485152,0.0004748391260988382,0.018323407788712432,0.0007264693012318845,0.05444243413233943,0.00023462898537101966,0.009054019228209417,0.005144535214364884,0.3855373091121999,0.0016615390017239405,0.0641165713018787,9.257604213745599e-05,0.006937753691387396,2.9899436630761155e-05,0.0011537793326748
validation,S03,source_factorized_uncalibrated,S03:63,still_open_hand,0.0054222847538215055,0.005597496768546375,0.016721922665221867,0.1512391619596741,0.00020788837116661604,0.00021460593433485488,0.0006411122660419261,0.005798452951819224,0.009576373124665857,0.009885817520360359,0.029532822061975206,0.2671056043242407,0.006794395624478501,0.007013945094904913,0.020953410480587128,0.1895102796924102,0.003303084818669664,0.0034098184507383895,0.010186467771825313,0.09213012642046257,0.00471237479729193,0.004864647265422696,0.01453261318936077,0.13143824928781703,0.00027893046656378916,0.0002879436355937531,0.0008602008014364561,0.007779969500568405
validation,S03,source_factorized_uncalibrated,S03:64,still_open_hand,1.1294454318922115e-05,2.304017185485859e-06,1.017389299610963e-06,0.19574863746930427,1.7114488166149928e-07,3.491277554643914e-08,1.5416501441232186e-08,0.002966179369901688,1.8907315664613013e-05,3.857006190169954e-06,1.7031456410706715e-06,0.3276901366849959,7.904575275288715e-06,1.6124973162908769e-06,7.120335410604954e-07,0.136997308255879,4.237673193525845e-06,8.644660103674742e-07,3.817239187127782e-07,0.07344478363006426,1.4772868723043954e-05,3.013597864555188e-06,1.3307202047116475e-06,0.25603440789556714,4.0642349981435404e-07,8.290854092780522e-08,3.661008386468231e-08,0.007043885793657213
validation,S03,source_factorized_uncalibrated,S03:65,still_open_hand,0.00023190815126841884,0.0005885128146795992,0.0004970404455151698,0.13796856395145382,1.2194780291315463e-05,3.09466676112419e-05,2.6136636404554335e-05,0.007255011586672968,0.0005742149536584629,0.0014571840479100796,0.001230694371141502,0.34161633440823935,0.0002972875170551975,0.0007544258900531766,0.0006371657016582687,0.176864554283498,0.0001829548267715875,0.0004642840688162912,0.00039212053612746033,0.10884487923172183,0.0003595394197962265,0.0009124024092091582,0.0007705879781213113,0.21389993047639583,6.878231489356209e-06,1.7454873197336035e-05,1.4741867524393678e-05,0.004092049873718162
validation,S03,source_factorized_uncalibrated,S03:66,down_fist,0.04908510407711667,0.005739732146636949,0.016108552005495717,9.225548246221153e-05,0.5737910268608337,0.06709585044682281,0.18830443105413644,0.0010784405780696368,0.062331790256745415,0.007288724084846419,0.020455796189592503,0.00011715263705736474,7.260841174852996e-05,8.49041359624168e-06,2.382833649186276e-05,1.3646755329583525e-07,0.002463530275947115,0.0002880711813680166,0.0008084714561236476,4.630206626651949e-06,8.196841174657171e-07,9.584918617497772e-08,2.690006363953294e-07,1.5405967888874415e-09,0.003345007296747343,0.00039114607726433673,0.001097751038966166,6.2869432143042e-06
validation,S03,source_factorized_uncalibrated,S03:67,still_neutral,9.731722479891412e-05,0.009755120144088856,0.08661324340133535,0.004802986928646038,1.3879040590134425e-06,0.00013912409516527637,0.001235247638117748,6.849851161940168e-05,0.00012869760052880986,0.012900702398867647,0.11454207230839582,0.006351731611389726,9.719233172600158e-05,0.00974260080916183,0.08650208739431124,0.004796822965401948,9.331130152796061e-05,0.009353564685875781,0.08304793409426148,0.00460527889548639,0.0005374656145564098,0.053875782567248384,0.47834944111499195,0.026526037159867198,5.608620358444652e-06,0.000562210498216147,0.004991724756387337,0.0002768074236088193
validation,S03,source_factorized_uncalibrated,S03:68,still_open_hand,0.0052094741752427695,0.003720197231602755,0.03151133425335947,0.1291328430087483,3.995793531425462e-05,2.8534818550996002e-05,0.00024169960602653644,0.0009904803468286513,0.005007251080957353,0.0035757853830707116,0.030288116841502455,0.12412012153079124,0.004940727380000249,0.003528279381541286,0.029885724871389244,0.12247112695992282,0.0019205231544355656,0.0013714867723722281,0.011616958837868731,0.0476060743663897,0.013281337333563185,0.009484487823188323,0.08033683361719095,0.32921880234895645,0.00032170517670360936,0.00022973656601518128,0.0019459467526146414,0.007974452445852246
validation,S03,source_factorized_uncalibrated,S03:69,left_fist,0.06993424479549915,8.183937119748195e-05,0.0002337560092283359,0.009006073968370143,0.002673053743913718,3.128096088242204e-06,8.93471256402767e-06,0.00034423364132281337,0.12387818611136463,0.00014496635927197708,0.0004140642470725773,0.01595292993366641,0.14934099573619825,0.00017476378304785644,0.0004991739780641248,0.019232009411744043,0.2435388748577859,0.0002849972633405226,0.0008140314611988057,0.031362734059065984,0.28920331897359713,0.00033843530937145743,0.0009666653854137045,0.0372433632505886,0.0038165149572437617,4.466212299567378e-06,1.2756744684586498e-05,0.0004914876267962565
validation,S03,source_factorized_uncalibrated,S03:70,forward_open_hand,0.002599984958502543,0.02564866454331128,0.047711627982199224,0.1296069314282755,5.9828579601970054e-05,0.0005902046330289281,0.0010978982487331943,0.00298240133604068,0.004446949421718724,0.04386883608143154,0.08160477843183346,0.22167646273525332,0.0036034395156785397,0.03554767154998545,0.06612575394568096,0.1796282461893443,0.0015536495411470645,0.015326640936300474,0.028510606832362863,0.07744804402983718,0.0002745831627459238,0.002708743143871061,0.0050388021162455394,0.013687725780485572,0.00010942326193818253,0.001079452605873443,0.0020079969882595763,0.005454652020313365
validation,S03,source_factorized_uncalibrated,S03:71,left_open_hand,0.0007603801310478906,0.0036084122711239836,0.00026800439996425574,0.09804535659333274,4.668245246363855e-05,0.00022153331924101266,1.6453747475141956e-05,0.006019354677431038,0.0019531171599518086,0.009268590326262816,0.0006883977778212197,0.2518399161116055,0.0007610044440811433,0.0036113749719077445,0.0002682244460083786,0.09812585711073418,0.002494467143185563,0.011837586861957948,0.0008792025759782674,0.3216429659030331,0.0013509572408200925,0.00641101797178863,0.00047615984416161955,0.17419587783811846,3.857437313715779e-05,0.00018305612639721758,1.3595965102841647e-05,0.004973878215866623
validation,S03,source_factorized_uncalibrated,S03:72,still_open_hand,0.0006394614439546036,5.062790732895641e-05,6.97744782248321e-05,0.1679679568645927,1.9179655930924766e-05,1.5185056929578745e-06,2.0927774422738875e-06,0.005037938800751223,0.0015482688093238493,0.00012258066618372421,0.00016893848619592904,0.40668526779507397,0.0002943695056314519,2.3306036966691413e-05,3.211996415876868e-05,0.07732232316991008,0.0002883450437056717,2.282906387790128e-05,3.146260836127587e-05,0.07573987192058398,0.0009814068118018538,7.770065512102736e-05,0.00010708565601123508,0.25778707784460864,1.8867996553986367e-05,1.4938307697033024e-06,2.05877090346637e-06,0.004956074930338183
validation,S03,source_factorized_uncalibrated,S03:73,left_fist,0.10208429681651512,4.945138230982832e-05,4.0340602898371065e-10,5.0920606809902656e-11,0.001648251615976433,7.984413210088994e-07,6.513388051858212e-12,8.221633990561464e-13,0.11658122925154994,5.64739447461763e-05,4.6069348776470164e-10,5.815181297475434e-11,0.11148608330668282,5.4005768759257684e-05,4.4055902382843455e-10,5.561030628480792e-11,0.090986307118677,4.407532596685567e-05,3.595501560108685e-10,4.538482523127556e-11,0.5695448720793402,0.00027589729361040416,2.2506677553603137e-09,2.840943357221278e-10,0.007184772779169823,3.480427025427626e-06,2.8392032333872718e-11,3.5838321966813087e-12
validation,S03,source_factorized_uncalibrated,S03:74,right_fist,0.02979809749830085,0.0009692296855191203,0.011639256553853184,4.504098396947348e-05,0.022493567137252955,0.0007316384210061084,0.008786077659378656,3.399990207103178e-05,0.17022153686176228,0.005536721485340295,0.06648921591850632,0.0002572964771823758,0.018959566408449487,0.0006166895248493036,0.007405682781940819,2.8658122442878633e-05,0.42398448636887714,0.013790757964052072,0.1656100431238077,0.0006408690506142205,0.03496719530075703,0.0011373626691023127,0.013658326914911536,5.285427645468485e-05,0.0015062231300250256,4.8992261023343044e-05,0.0005883368036737483,2.276714876101598e-06
validation,S03,source_factorized_uncalibrated,S03:75,right_open_hand,5.4503100113759896e-05,0.0007433807579364622,8.558744266823095e-06,0.06231631411384222,2.147864558648151e-05,0.0002929523605483182,3.3728399740332173e-06,0.02455768611901695,0.00024668230720352875,0.0033645587152973415,3.873707693870934e-05,0.28204509669976574,4.3010760966571084e-05,0.0005866340083411437,6.754076429891066e-06,0.04917650711746512,0.000386918595510767,0.005277274837397563,6.07586963703554e-05,0.4423847576378219,0.00010924748237134163,0.0014900524204742487,1.7155377610796145e-05,0.12490849902830092,1.605240026000222e-06,2.189425087210275e-05,2.5207444788880617e-07,0.001835356915103032
validation,S03,source_factorized_uncalibrated,S03:76,still_index_pinch,0.0009761535669330133,0.14490792420690105,0.000306483153249154,0.0003787884157176509,2.0262468603714595e-05,0.003007920438069021,6.3618117892966615e-06,7.862685381609008e-06,0.0016690928819452745,0.2477732941048623,0.0005240454646204348,0.000647677855057251,0.0006232954839607167,0.09252689106291134,0.00019569622219425543,0.00024186471974408933,0.0005374968296800678,0.07979026302331152,0.00016875799956286505,0.0002085712529919428,0.0027970828535622766,0.4152210101714858,0.000878200727732152,0.0010853851469914953,3.662751603478153e-05,0.005437276979001605,1.1499949383265572e-05,1.4213008322121754e-05
validation,S03,source_factorized_uncalibrated,S03:77,still_index_pinch,8.728868218492688e-05,0.12553533961113877,0.00013704961001437073,6.142963762159916e-06,1.292200522949347e-06,0.0018583947819314107,2.0288492539661116e-06,9.093894863832261e-08,0.00012668872459980888,0.1821990167504825,0.00019891055592794854,8.915752017450799e-06,6.488601702855328e-05,0.09331665892763519,0.00010187578855079371,4.5663703621146365e-06,4.8712649053452156e-05,0.07005672200810595,7.648241889365299e-05,3.4281653749819497e-06,0.00036113065045688256,0.519364684107061,0.0005670015123438107,2.5414663661229465e-05,4.058345315347686e-06,0.005836561449537165,6.371898725584073e-06,2.856071094497206e-07
validation,S03,source_factorized_uncalibrated,S03:78,still_neutral,0.0002000718987382526,0.015529208288206926,0.07665625757234018,0.0010334737691952939,3.479046899718347e-06,0.00027003714310148215,0.0013329743803749457,1.7971058081290064e-05,0.0003120877323362654,0.02422366874212815,0.11957440173262218,0.0016120928880628727,0.00018863618235067295,0.014641589273105174,0.07227473659683632,0.0009744024403727385,0.00022597785433198724,0.017539980329944076,0.0865819573691365,0.0011672912905009182,0.00120124248817315,0.09323820547077254,0.460248311536787,0.006205032339868927,1.0166279824976974e-05,0.0007890877125368063,0.003895144544189408,5.251403918127672e-05
validation,S03,source_factorized_uncalibrated,S03:81,still_neutral,0.0011021009099654569,0.000539387388337102,0.10671953766252133,0.00014164043151896792,1.1209707421676675e-05,5.486226130047132e-06,0.00108546756704063,1.4406555534532916e-06,0.001152076137416557,0.0005638461354197503,0.11155877980444819,0.00014806317622176858,0.0011612465388511246,0.0005683342896668502,0.11244677562445657,0.00014924174308860385,0.0009031295746091685,0.0004420073499383152,0.08745258240886573,0.00011606892028534298,0.005751749587225852,0.002815006466440533,0.5569581252941529,0.0007392066245088662,7.585000028879377e-05,3.712231175131071e-05,0.00734476933040178,9.74813347350863e-06
validation,S03,source_factorized_uncalibrated,S03:82,left_fist,0.2930756415456919,0.0008279225391867753,2.145443183296102e-08,1.0229742581576215e-08,3.459264876755391e-05,9.772232674739158e-08,2.5323347276178916e-12,1.2074490061357953e-12,0.024186763094127456,6.832627307403517e-05,1.7705779208608636e-09,8.442337924420002e-10,0.349271638001211,0.0009866731328294436,2.5568227059618527e-08,1.2191251817974167e-08,0.005211246728970999,1.4721484874770102e-05,3.814862849801817e-10,1.8189745243001766e-10,0.26665760785810255,0.0007532930496270271,1.9520515046420818e-08,9.30762676632067e-09,0.05874541555443268,0.00016595256212661232,4.300423968585085e-09,2.050496164744823e-09
validation,S03,source_factorized_uncalibrated,S03:83,still_index_pinch,0.0003764587561887453,0.1168817787662713,7.663880006344177e-05,0.0001140090779087173,7.1392276287143275e-06,0.002216565853612589,1.4533911878785365e-06,2.1620874678820726e-06,0.0005196146958588986,0.16132840298349482,0.00010578223014154128,0.00015736330041155963,0.00029652000643003157,0.0920626369331994,6.0365012405789404e-05,8.97999368027065e-05,0.00025906996934397814,0.08043526241335654,5.27410008575827e-05,7.845833795386064e-05,0.001726623632657046,0.5360768958808718,0.00035150295003809757,0.0005229012873748498,1.9872382077837514e-05,0.0061699172283724915,4.0455839897747735e-06,6.018274032144052e-06
validation,S03,source_factorized_uncalibrated,S03:84,left_open_hand,0.0004795638222621684,0.00043240743744594215,0.0005117819320985319,0.20364613553222527,7.999651014784712e-07,7.213030748332512e-07,8.537084455512466e-07,0.00033970411009793687,9.085964257629043e-05,8.192524829821245e-05,9.696378514986292e-05,0.0385834256621331,0.0014878011322130306,0.00134150293484338,0.0015877547527054885,0.6317927603179727,4.988463551517488e-05,4.4979388372731406e-05,5.3235990624894236e-05,0.02118344373263697,0.00014468947728253469,0.00013046189723404678,0.00015441002177495533,0.06144219295311581,8.493978745386589e-05,7.65875033209872e-05,9.064622166476425e-05,0.03606956710435943
validation,S03,source_factorized_uncalibrated,S03:85,down_neutral,0.0026187366808843983,0.009224855676019088,0.02752679999788042,0.002147559205301362,0.04802781968066952,0.16918451871167858,0.504843498139558,0.03938639078097096,0.002530855817031416,0.008915283395749252,0.026603041996329447,0.002075490348774111,0.002622202851973235,0.009237065734508861,0.027563234588275597,0.00215040172386511,0.00025320794299637947,0.0008919593738513724,0.002661590398001428,0.00020764938025523536,9.713048973765395e-08,3.4215534387684574e-07,1.0209852652316382e-06,7.965423895963536e-08,0.007021884468009684,0.02473554186028102,0.07381040284426295,0.005758468477534777
validation,S03,source_factorized_uncalibrated,S03:86,forward_open_hand,0.0009216632657769476,0.00031196676985417797,0.011114704514257856,0.10271609643466635,0.0004921552085115714,0.0001665858631534326,0.005935095734935058,0.05484894943239723,0.005032184579781012,0.0017033057809252134,0.06068511867869837,0.5608190927931801,0.0005625448661448103,0.00019041152154556967,0.006783952659696737,0.06269362669135689,0.0006964603910648791,0.00023573956628154282,0.008398893326886696,0.07761803616122252,0.0002867741854609588,9.706800698018656e-05,0.0034583241538096907,0.03195996410245289,1.8192939549589305e-05,6.157989361389231e-06,0.00021939590612736574,0.0020275384759208983
validation,S03,source_factorized_uncalibrated,S03:87,down_index_pinch,3.968610656330981e-05,0.003798655086339393,0.00014081697580840388,0.001678728227725416,0.006646669819491904,0.6362026488225442,0.023584171495501332,0.28115512486849215,0.0002209522936237613,0.021149002174685908,0.0007839981414249788,0.009346314980411826,5.170213421176486e-07,4.94879926769372e-05,1.834530724480761e-06,2.1870079897225137e-05,9.574083969085594e-05,0.009164074260645815,0.0003397142394181775,0.004049851800875917,6.186561581191014e-08,5.921622364202809e-06,2.1951583764611057e-07,2.6169247775261704e-06,1.067099546525666e-05,0.0010214010572122286,3.786356083798494e-05,0.0004513847000052571
validation,S03,source_factorized_uncalibrated,S03:88,still_open_hand,0.0008261234073744943,0.001976037574746413,0.002228687774148872,0.1348932492166813,4.686162696778331e-06,1.1209019727014287e-05,1.2642171153550132e-05,0.0007651783097823301,0.00045739813219096746,0.0010940688615768226,0.0012339532036409549,0.07468608162667785,0.0012453261537226454,0.0029787453673429834,0.0033595987583140206,0.20334261166141893,0.0005260647681466105,0.0012583153307708305,0.001419199730588592,0.08589828739902534,0.0027679429544080186,0.006620753308573677,0.00746726284107601,0.4519625221044737,7.654084430514339e-05,0.000183081102653245,0.00020648929978638934,0.012497942914996597
validation,S03,source_factorized_uncalibrated,S03:89,still_index_pinch,5.470451274200461e-05,0.10718391491439351,7.942125151032721e-05,8.464878606522027e-05,1.8620366783320506e-07,0.00036483348611306707,2.703347053810992e-07,2.8812823024871943e-07,2.2124377533016832e-05,0.043348844184328945,3.2120672765081516e-05,3.4234866681857586e-05,6.66397756773247e-05,0.1305689729803249,9.674913675991268e-05,0.00010311719878299416,1.8550368066152857e-05,0.03634619838056801,2.693184481396187e-05,2.8704508260013163e-05,0.0003404694704322038,0.6670903170614128,0.0004943012941237852,0.0005268363782029431,6.665542248087248e-06,0.01305996301523951,9.677185314394781e-06,1.0314141036737236e-05
validation,S03,source_factorized_uncalibrated,S03:90,left_index_pinch,0.0055706561142117835,0.4051530511705645,0.0005414388209145666,0.000489418463564071,1.8045231750058942e-07,1.3124272173190507e-05,1.7539027363322482e-08,1.5853912746902833e-08,0.0002287669406586578,0.016638188054429057,2.2234957619885727e-05,2.0098667430892997e-05,0.004814413853279126,0.3501516557946546,0.00046793600370771405,0.00042297764980002656,2.212071641305471e-05,0.0016088366549791976,2.1500186633158423e-06,1.943449176874136e-06,0.0014817792826239122,0.10776960293506722,0.00014402124474937965,0.00013018397204464302,0.0014111521240106467,0.10263289942636017,0.00013715665201558037,0.00012397891563015434
validation,S03,source_factorized_uncalibrated,S03:91,up_open_hand,2.50534124014985e-05,5.062084077799846e-07,2.9833443828383874e-06,0.013512400287171543,3.396831558593153e-11,6.863355247644413e-13,4.044925372789103e-12,1.832059720737369e-08,3.4006194924290274e-10,6.871008831615749e-12,4.049436020261279e-11,1.834102719009676e-07,1.5203390186107154e-06,3.0718705362894306e-08,1.8104100146098317e-07,0.0008199852803462726,2.2763629087906747e-11,4.599429511324451e-13,2.7106784450792486e-12,1.2277420069375456e-08,2.159596500453593e-09,4.363501021028389e-11,2.5716337501554506e-10,1.164764779553878e-06,0.0018236206788082288,3.684656227344718e-05,0.00021715558828325714,0.9835583348536749
validation,S03,source_factorized_uncalibrated,S03:92,still_fist,0.15123839430995326,1.8065826773352845e-05,1.1335324704090422e-11,3.438867748241663e-10,0.0023282354434972894,2.781138903366037e-07,1.7450135502977161e-13,5.293955819543525e-12,0.2065716381681329,2.4675529308946188e-05,1.5482553910832963e-11,4.697038390542394e-10,0.0999695358068499,1.1941625833435518e-05,7.492721369187802e-12,2.2731133457308954e-10,0.06459744254349012,7.716335605895171e-06,4.841581330092815e-12,1.4688205517868457e-10,0.4680108523925665,5.5905135901174247e-05,3.5077435204948746e-11,1.0641659040768905e-09,0.007164460605926034,8.55813795311183e-07,5.369766564130425e-13,1.629059381625921e-11
validation,S03,source_factorized_uncalibrated,S03:93,still_fist,0.14452279951220137,3.416380783449885e-05,2.1548384466080307e-10,3.5561092034523705e-10,0.0014707137108456072,3.4766265784001833e-07,2.1928377105759877e-12,3.618819024011576e-12,0.15662518598849998,3.7024696270860734e-05,2.335285322553273e-10,3.85389895065741e-10,0.13107192065574624,3.098414869415498e-05,1.9542855165624877e-10,3.2251386281700626e-10,0.059424122699036235,1.4047294374837784e-05,8.860151109723395e-11,1.462182232494639e-10,0.49835229509699686,0.0001178057171674001,7.430444809088397e-10,1.2262391741217443e-09,0.008296623816483224,1.96124253542106e-06,1.2370286236596571e-11,2.041456462991313e-11
validation,S03,source_factorized_uncalibrated,S03:94,right_index_pinch,0.010611043881520772,0.023474197694168246,0.013173845555843096,0.0019436598879602582,0.00046685559217849847,0.0010327975821974842,0.0005796115384040569,8.551547784733418e-05,0.012517579511288606,0.02769191602460376,0.015540851687729325,0.0022928863043169207,0.050993255806948384,0.11280942584416512,0.06330925438544678,0.009340602769636004,0.11088450884612132,0.24530337551497802,0.13766556904154106,0.020311081025280984,0.02804990657778828,0.062053183424926495,0.03482457911187621,0.005137993856686036,0.0021364323135005963,0.004726305446221056,0.002652427947035846,0.0003913373497893884
validation,S03,source_factorized_uncalibrated,S03:95,left_neutral,0.010858153172727383,0.0019184842294124901,0.21957639847210106,0.12024580966953156,5.501409662025861e-06,9.72022360362691e-07,0.00011125093751130362,6.092393877769554e-05,0.0020131210219441146,0.0003556904080335824,0.040709857068256194,0.022293788215700883,0.011763003509505243,0.0020783586641779806,0.23787451740129317,0.1302663407529287,0.0002589074426945372,4.5745334200532614e-05,0.005235693667250839,0.0028672035272507127,0.004858790071270195,0.0008584804411463697,0.09825571695389258,0.05380741428492964,0.001037159571251855,0.00018325163121005287,0.020973710692197528,0.011485755488781476
validation,S03,source_factorized_uncalibrated,S03:96,still_index_pinch,0.0033021581589505852,0.16534117388155736,0.0004301148097487473,5.8340702478974974e-05,4.262727219366414e-06,0.00021343748193178435,5.552314633988519e-07,7.531150492595342e-08,0.0011419350546934108,0.057177419539320845,0.0001487400527632425,2.017507644072152e-05,0.003908048901385563,0.19567851139721532,0.0005090336770066883,6.904524473215338e-05,0.00047313512991677137,0.023690178973711833,6.162709858036399e-05,8.359089576617277e-06,0.0103485007222987,0.5181560588493351,0.0013479195135737553,0.0001828315824627105,0.00034613158994999723,0.01733103038832333,4.5084552523882404e-05,6.115261333898313e-06
validation,S03,source_factorized_uncalibrated,S03:97,still_neutral,0.0005244107160906879,0.0002723322155818465,0.1501109293016222,0.0042053031146768345,8.829622980815571e-07,4.5853197033106766e-07,0.00025274519958588636,7.080564886134909e-06,0.00021416296413700838,0.00011121716763110725,0.06130347947168348,0.0017173946917935171,0.000605671039629676,0.00031453158960158587,0.17337144306976293,0.004856937952015014,9.932424672930451e-05,5.1580166733495524e-05,0.028431255352419492,0.0007964912831061264,0.0018844464260425685,0.0009786136221150686,0.539416902730592,0.015111568436194973,5.1932390626067026e-05,2.6969057964889076e-05,0.014865484587820008,0.00041645114668985257
validation,S03,source_factorized_uncalibrated,S03:98,backward_open_hand,0.01422073649348004,0.0011509808373179413,0.036260011335030526,0.27972601871867886,6.984437814378194e-05,5.6529801304410836e-06,0.00017808908450999184,0.00137385921165191,0.0005805159581526347,4.698510122153571e-05,0.0014801986685029625,0.01141891756809829,0.008707264596535714,0.000704738091495079,0.02220176944508111,0.171274424544449,4.8801875731083294e-05,3.949867421944099e-06,0.00012443494526399125,0.0009599470752107996,0.001137115185531785,9.203445890234879e-05,0.002899414494848557,0.02236738609278026,0.018152287084613927,0.0014691879423730015,0.046284672790794165,0.3570607611740482
validation,S03,source_factorized_uncalibrated,S03:99,right_index_pinch,0.005396014135295583,0.04229628834756779,0.006498593414506752,0.0006518601506959449,0.0018907123960340236,0.014820220014230048,0.002277045763320621,0.00022840564099706843,0.009187244263066566,0.07201358683040503,0.01106449382237559,0.0011098559565717245,0.003926785093633951,0.030779836826757043,0.004729153614100942,0.0004743713894564512,0.06685436662910976,0.5240333878561911,0.08051486445617954,0.008076275638434039,0.00819121920239761,0.06420631240317633,0.00986494879939125,0.0009895321342344731,0.0029443031737704057,0.023078719383975523,0.003545919031275402,0.00035568363284937753
validation,S03,source_factorized_source_oof_temperature,S03:100,still_neutral,5.46750504008657e-07,1.3786684448702887e-07,0.048182705370076434,5.19952526290628e-08,1.2785375305984877e-09,3.2239190199093196e-10,0.00011267186164392931,1.2158723478406505e-10,5.024267449118099e-07,1.266903082832528e-07,0.04427664838466977,4.778012153213052e-08,9.394785444750166e-07,2.3689588110189748e-07,0.08279209178238131,8.934317188812185e-08,8.859128606526357e-07,2.2338893095327063e-07,0.07807158481871589,8.424914592532347e-08,8.452021637883603e-06,2.1312345287433908e-06,0.7448393103871896,8.037761228677436e-07,1.940072021450452e-08,4.8920230656195266e-09,0.0017096997244797352,1.8449829334276311e-09
validation,S03,source_factorized_source_oof_temperature,S03:101,backward_fist,0.20322999942875244,2.7205223538960314e-06,1.8172839922920291e-16,1.0062934796280003e-17,8.41887225435897e-05,1.1269856924153635e-09,7.528161110073562e-20,4.1686051661642325e-21,0.0886402310090092,1.1865754592941299e-06,7.926215289992769e-17,4.389021637937678e-18,0.2876089227294604,3.85005415374102e-06,2.5718008797211955e-16,1.424095775421939e-17,0.015005796739965294,2.0087391420481477e-07,1.3418193319774614e-17,7.430121270725072e-19,0.3984870829594336,5.3343158981310646e-06,3.5632741181559615e-16,1.9731090607941434e-17,0.006930392168921557,9.277314800872672e-08,6.197161238148066e-18,3.431584151185139e-19
validation,S03,source_factorized_source_oof_temperature,S03:102,still_fist,0.11020229452029319,9.860163127263726e-10,4.5269724564988525e-21,3.8933226444459054e-19,1.3779057876577635e-05,1.2328578002343227e-13,5.660264675549387e-25,4.86798557902365e-23,0.012412486804970776,1.110586174677906e-10,5.098894367613269e-22,4.3851914483304863e-20,0.2652694784682071,2.373453603453824e-09,1.0896938469409594e-20,9.37167117886502e-19,0.016998564522357908,1.520917689140334e-10,6.982797747333882e-22,6.00540092799828e-20,0.5830777989996968,5.216989572720927e-09,2.395210687361448e-20,2.059948033025001e-18,0.012025588679267608,1.0759691220142401e-10,4.939961455539759e-22,4.248504708689467e-20
validation,S03,source_factorized_source_oof_temperature,S03:103,still_index_pinch,4.8171298508870187e-05,0.12838110399591987,4.097332267313876e-08,7.655311606887312e-08,1.917503716706195e-09,5.1103302523948224e-06,1.6309815376282349e-12,3.047268583811896e-12,2.5725132616794264e-06,0.006855993149483723,2.188116559330673e-09,4.08820007776617e-09,9.442476741170358e-05,0.251651009213303,8.031538661519361e-08,1.5005844565542375e-07,2.18909240632322e-06,0.005834140008102747,1.8619882025617992e-09,3.478873317809607e-09,0.0002197681718930731,0.5857031345252717,1.8692940607782476e-07,3.4925233265357276e-07,7.952253416471025e-06,0.02119351365780362,6.76399132466067e-09,1.2637603669498367e-08
validation,S03,source_factorized_source_oof_temperature,S03:104,still_neutral,7.478019643386737e-05,1.4428695921489257e-05,0.09353992629928581,0.0009371355516918142,1.9567065226632368e-09,3.77542782306949e-10,2.447575596850907e-06,2.4521187882097026e-08,3.6633924231354724e-06,7.068445636038804e-07,0.004582409161876178,4.590915032638041e-05,0.00018011067958769795,3.4752011253165373e-05,0.22529413531625103,0.0022571232643160332,5.0897523694352905e-06,9.820579880290542e-07,0.006366592817653694,6.378410491237035e-05,0.000513384786544693,9.90566129673505e-05,0.642175032784701,0.006433670384835384,1.3739516353467052e-05,2.6510134103194486e-06,0.01718627936779645,0.00017218180550343813
validation,S03,source_factorized_source_oof_temperature,S03:105,right_open_hand,2.1308853253835457e-08,1.706381021989758e-07,1.1095404237849944e-10,0.023154292138080602,2.945296957209207e-08,2.358549646964864e-07,1.5336001403484033e-10,0.032003724164906426,3.9582903595945647e-07,3.1697395766341582e-06,2.061060307061855e-09,0.43010954302247123,5.332195102053159e-09,4.2699418965929266e-08,2.776445049745434e-11,0.0057939862675603524,4.317752773768577e-07,3.457591688786065e-06,2.24823043518014e-09,0.4691688844675427,3.6484144862755113e-08,2.921595622989463e-07,1.8997096216413325e-10,0.03964382965602489,1.0808502160779867e-10,8.65528648754027e-10,5.627928413179228e-13,0.00011744565210740597
validation,S03,source_factorized_source_oof_temperature,S03:106,still_fist,0.05508177891853612,3.968580637487491e-09,1.2216139385164485e-21,5.430302510038341e-21,3.2975272911337547e-05,2.375831575544145e-12,7.313317362979676e-25,3.2509063936454744e-24,0.00719349501087236,5.182832794531252e-10,1.595386704000037e-22,7.091792382243309e-22,0.11234347944356263,8.094222191463411e-09,2.4915745839048794e-21,1.1075515177370602e-20,0.0303269736478638,2.1850245721095218e-09,6.725972626273349e-22,2.9898206694708208e-21,0.78519006748558,5.657206720173924e-08,1.7414091368466415e-20,7.740889415772406e-20,0.009831158171796162,7.08323963580951e-10,2.1803725460988173e-22,9.692163896130655e-22
validation,S03,source_factorized_source_oof_temperature,S03:107,forward_index_pinch,1.4111343048800309e-06,0.1220927523968879,0.00014204957611852959,1.1820566749779623e-05,8.487551466588706e-07,0.07343514476846037,8.543857830850692e-05,7.109717927347192e-06,6.531147988692852e-06,0.5650814607038422,0.0006574475584307194,5.470908792029983e-05,3.381987492357188e-07,0.029261294271266582,3.404423576594646e-05,2.8329698145724437e-06,1.7764939571925817e-06,0.15370403518644615,0.00017882792071856644,1.4881053723203426e-05,6.227081547812093e-07,0.053877332791288604,6.268391968526528e-05,5.216203223015807e-06,1.4768263683627808e-08,0.001277764954775452,1.4866236254134246e-06,1.237084564147918e-07
validation,S03,source_factorized_source_oof_temperature,S03:108,still_index_pinch,2.108709251640836e-06,0.12083152184557294,2.6670563913467987e-06,0.00024504284196576805,3.042680045906251e-10,1.7434914754128937e-05,3.8483253473389794e-10,3.5357504362502446e-08,3.0126981685582824e-07,0.017263115068376935,3.8104048243729736e-07,3.500909955386899e-05,3.829421718628101e-06,0.21943037129953957,4.843381638261475e-06,0.0004449984654299288,2.0697836443217523e-07,0.011860103873488891,2.6178240044226007e-07,2.4051948653623708e-05,1.0782213434600568e-05,0.617833519321265,1.3637143779418833e-05,0.0012529485611352655,1.8674492638299557e-07,0.010700704060665896,2.3619152288244775e-07,2.170071926604867e-05
validation,S03,source_factorized_source_oof_temperature,S03:109,backward_open_hand,3.015102986726369e-05,3.080809500564517e-08,0.00026522083519515255,0.21948928241398238,2.3870168574816005e-08,2.4390358289291723e-11,2.099718010805159e-07,0.00017376674012968421,2.3118661111248514e-05,2.3622473628735686e-08,0.00020336123295000018,0.1682960204019222,2.243625164058565e-05,2.2925192776390413e-08,0.0001973584791286193,0.1633283106524479,3.599878404353117e-06,3.678328613593928e-09,3.166600813327956e-05,0.026205895162703604,5.718264286240978e-05,5.842879336906967e-08,0.0005030019991158206,0.4162702668419464,6.720646460902324e-07,6.867105885880054e-10,5.911756498066262e-06,0.0048924029313609394
validation,S03,source_factorized_source_oof_temperature,S03:110,down_open_hand,2.104977949222482e-06,1.0252387522659886e-05,0.00018147281285987266,0.0021480229758343667,0.0008726355136319598,0.0042502095830005355,0.07523101195369054,0.8904801751024699,1.69957385893658e-05,8.277849101287016e-05,0.0014652241319594512,0.01734328713263587,1.0701263092347949e-07,5.212097173997184e-07,9.22569433679453e-06,0.00010920094911826648,6.981135780049766e-06,3.400192832984965e-05,0.0006018525502513145,0.007123894128442167,1.816891135118991e-11,8.849248045855183e-11,1.566364840410789e-09,1.8540450289595334e-08,2.6987452610717694e-08,1.314435728491583e-07,2.3266224422913533e-06,2.7539323292424558e-05
validation,S03,source_factorized_source_oof_temperature,S03:111,still_neutral,0.00010700891776525082,0.00025987356812630954,0.00781718511740169,0.4404739903412685,1.0164970697918824e-07,2.468586039681789e-07,7.4256855707028695e-06,0.00041841421243382843,8.258388871506903e-05,0.0002005568346856064,0.0060328948211289465,0.3399347994531178,2.6870789109323883e-05,6.525631685695993e-05,0.0019629572665994873,0.11060651719296312,2.692170015844322e-06,6.537995548697318e-06,0.0001966676406123541,0.011081607910075895,1.6627204483140752e-05,4.037954076386999e-05,0.0012146458271332082,0.06844150244539265,2.6242309213300693e-06,6.373003926733426e-06,0.00019170457314454138,0.010801954543928283
validation,S03,source_factorized_source_oof_temperature,S03:112,backward_neutral,0.00028229098487506495,0.0015713211717330916,0.14391228787125088,0.37801648338836574,1.0859405595854315e-08,6.044689642765118e-08,5.536138197657699e-06,1.4541854097287507e-05,2.0038855843859788e-05,0.0001115426284643835,0.010215833113084938,0.0268340762655768,0.00017778981511330533,0.0009896345103960324,0.09063746426222666,0.23807873539122684,9.040035339215136e-07,5.031970442843146e-06,0.00046086210251425065,0.0012105531354991953,1.5988673199497426e-05,8.89980270443661e-05,0.008151045068562067,0.0214104677115167,4.1923885694675484e-05,0.0002333616471050846,0.0213728479832389,0.056140368234894
validation,S03,source_factorized_source_oof_temperature,S03:113,still_neutral,2.807297822232063e-07,3.1846265235982443e-06,0.28354003405425066,8.173840930821463e-07,1.3859378080195858e-10,1.5722216105904598e-09,0.00013998117697768884,4.0353521073002184e-10,1.969917845652975e-07,2.2346943637023868e-06,0.19896377527782963,5.73569180641885e-07,1.3612521848684654e-07,1.5442179945807758e-06,0.13748790306371775,3.9634764568731356e-07,1.8068003789915402e-08,2.0496522899051963e-07,0.018248873950294592,5.260752448374876e-08,3.526392439556714e-07,4.000374597483762e-06,0.3561693470789538,1.0267585659176738e-06,5.381113334334e-09,6.104388396305904e-08,0.005434981091011294,1.5667865403249855e-08
validation,S03,source_factorized_source_oof_temperature,S03:114,right_neutral,0.00166797122005162,0.00023056878654933492,0.01949579644986116,5.769170043945887e-05,0.00027294133216725135,3.7729518951181e-05,0.003190228099092738,9.4404803773848e-06,0.005865773656994219,0.0008108439150552945,0.06856109257938989,0.00020288506935659637,0.0020566921062891157,0.0002843028689895509,0.024039294073076332,7.113675791633819e-05,0.05061052491287676,0.006996048358331832,0.5915524680884702,0.001750514161909277,0.017227876733761634,0.0023814623331462567,0.20136509193145508,0.0005958768903106974,5.176426463212089e-05,7.155533344560585e-06,0.0006050377575539608,1.7904196503658934e-06
validation,S03,source_factorized_source_oof_temperature,S03:115,forward_open_hand,1.315876822847556e-06,1.60747295804003e-05,1.001066020202054e-06,0.3562618754351254,3.802263707344143e-08,4.644839078224892e-07,2.892608891030426e-08,0.01029428876439955,1.8428487951381484e-06,2.2512210508661037e-05,1.4019650450191248e-06,0.4989348216336337,3.050008181036795e-07,3.7258849671110117e-06,2.3203232235422767e-07,0.08257624238089696,3.3729038354666727e-08,4.120333766384983e-07,2.5659692157113343e-08,0.009131835330037526,1.4552020372376693e-07,1.777672410311394e-06,1.1070590246091745e-07,0.03939829305614022,1.2377221749505774e-08,1.5119993689789607e-07,9.41609115899101e-09,0.003351022038379799
validation,S03,source_factorized_source_oof_temperature,S03:116,left_open_hand,1.2596636847576653e-08,1.1087269507053015e-08,3.192783145331115e-09,0.411649833840925,2.3886865180040986e-12,2.102466834079645e-12,6.054439884587414e-13,7.806070938876142e-05,4.4751220367469085e-09,3.938899302944525e-09,1.134278489180557e-09,0.14624405427700546,6.889723765994591e-09,6.064176108833836e-09,1.7462910284888159e-09,0.2251516557792302,2.3012665025999773e-10,2.0255217508146083e-10,5.832862367410232e-11,0.007520388059779721,6.066191320795564e-09,5.3393218260432215e-09,1.5375559079577661e-09,0.1982391553768701,3.401777749912626e-10,2.9941663932014983e-10,8.62225274532139e-11,0.011116786666630678
validation,S03,source_factorized_source_oof_temperature,S03:117,still_index_pinch,7.681387036513007e-06,0.3149684311782503,3.484607345012846e-06,7.353950243287837e-07,1.98693210935622e-09,8.147238075191612e-05,9.013578132950818e-10,1.9022345573189173e-10,3.7040568115735666e-06,0.1518815491773538,1.680319389011464e-06,3.5461628689118693e-07,3.5811119579767124e-06,0.14684030500168996,1.6245463186221338e-06,3.428458822530422e-07,1.9074898334642777e-07,0.007821492101346326,8.653193821156962e-08,1.8261786911913732e-08,9.070623655139765e-06,0.37193284089023393,4.114824791707886e-06,8.683967455149665e-07,1.569629210935619e-07,0.006436124722656521,7.120512807613837e-08,1.502720154935933e-08
validation,S03,source_factorized_source_oof_temperature,S03:118,forward_neutral,1.0407512454935464e-05,0.00011218618843996685,0.12189725241228444,9.865124163370656e-05,2.420238437470823e-07,2.6088590005673575e-06,0.0028346871261286724,2.29410752992079e-06,4.565133229408304e-05,0.000492091553044536,0.5346879957823139,0.0004327220969030436,3.927277574489281e-06,4.233348784692302e-05,0.045997960402497796,3.7226072093706804e-05,6.705935911727119e-06,7.228561033358134e-05,0.07854279935113201,6.356455559120872e-05,1.8187244458545777e-05,0.00019604661948423402,0.21301681242725193,0.00017239414850572145,1.0337471879894193e-07,1.1143119677562371e-06,0.0012107690713843771,9.79873375814675e-07
validation,S03,source_factorized_source_oof_temperature,S03:119,still_open_hand,0.05057361450906997,1.1169755215560174e-05,1.0192620487241633e-05,0.19363788604110338,2.0837937941064352e-05,4.6022944624015384e-09,4.1996838713568965e-09,7.978496873383959e-05,0.017477670528002566,3.86014136879593e-06,3.5224546321685137e-06,0.06691906850672812,0.03860160473926712,8.525601344710972e-06,7.779778272231174e-06,0.14779906898221384,0.004754254318163939,1.0500308803691972e-06,9.581737519706874e-07,0.018203242240199178,0.09377117630154005,2.07104256978804e-05,1.889866923615701e-05,0.3590341035909427,0.0018721338058404124,4.134819420166656e-07,3.773103735910441e-07,0.007168086285072795
validation,S03,source_factorized_source_oof_temperature,S03:121,up_fist,0.0033502781174271946,2.300778363489593e-11,1.2185182393334455e-17,4.3960771418846406e-10,2.909875901262654e-12,1.99833544541855e-20,1.0583410497897104e-26,3.8182020975277156e-19,2.3456221203990063e-10,1.6108383944199201e-18,8.531182296247952e-25,3.0778148635921825e-17,2.949175905359375e-05,2.0253244284049012e-13,1.07263472038041e-19,3.86976971180633e-12,2.669478980488027e-12,1.8332446635247377e-20,9.709071047928003e-27,3.502764581191504e-19,2.3323387409359265e-11,1.601716133225036e-19,8.482869769381736e-26,3.0603850387305173e-18,0.9966200917773548,6.844213714237054e-09,3.624772979890585e-15,1.3077179419271336e-07
validation,S03,source_factorized_source_oof_temperature,S03:123,still_open_hand,0.0007329501227520479,0.00013381432142444671,0.0013932293763143468,0.21138807758628264,3.0251279536781436e-06,5.522960318549655e-07,5.750319157255807e-06,0.0008724686206197395,0.000906083136276199,0.0001654231253549446,0.0017223295332881622,0.2613208816878397,0.0009914121475358235,0.00018100159841209193,0.0018845273165321165,0.2859303811511643,0.000303759880686873,5.545728290141177e-05,0.000577402439786289,0.08760653042138707,0.0004787557005039663,8.740617840471587e-05,0.00091004351498789,0.1380765812317681,1.4656238916526628e-05,2.6757818907045125e-06,2.785933444982072e-05,0.004226964527377412
validation,S03,source_factorized_source_oof_temperature,S03:124,backward_neutral,0.001173050662643093,0.07916041056600528,0.24232838410150917,3.3737335967586936e-06,2.3520720962013663e-06,0.00015872374377814445,0.00048589020791179943,6.764639333712684e-09,0.0003369689808020678,0.022739514769291713,0.06961093089202934,9.691342478217945e-07,0.0015117330598157545,0.1020155509836054,0.3122932719312922,4.347795688329098e-06,0.00023155668697080387,0.01562602792330534,0.0478348971348789,6.659649060913788e-07,0.0002663345021351688,0.017972922405080503,0.05501928568666788,7.659870851654812e-07,0.00011350793659825797,0.007659801191683087,0.023448428729050827,3.264526856303494e-07
validation,S03,source_factorized_source_oof_temperature,S03:125,still_index_pinch,0.00030335486611511337,0.16834342622764012,5.5240887553260426e-08,5.80863517086945e-09,4.549548343073311e-08,2.5247215107161495e-05,8.284722498648393e-12,8.71146946003444e-13,6.949551109347444e-05,0.03856576489027549,1.265512488042374e-08,1.3306991746159178e-09,0.00038699326729316934,0.21475763147455035,7.047143115317168e-08,7.410142227406298e-09,1.9151747746213845e-05,0.010628050491274113,3.4875311454392373e-09,3.667174255911339e-10,0.0010042664055092364,0.5573065291940563,1.8287680132087019e-07,1.9229680534447066e-08,1.5450763891501882e-05,0.008574230453724532,2.813582395011099e-09,2.958510331689262e-10
validation,S03,source_factorized_source_oof_temperature,S03:126,still_neutral,2.1930885563957449e-07,5.712139233305109e-06,0.20477892914096524,3.758501632832841e-08,9.80551605610694e-11,2.5539540026118537e-09,9.155868657415863e-05,1.680463290010266e-11,8.9647177984001e-08,2.3349588917607454e-06,0.0837077602476922,1.536367803521214e-08,3.030051855736282e-07,7.892101772919427e-06,0.28293010441813743,5.192884169743457e-08,5.928047614870456e-08,1.5440248985409371e-06,0.055352951385824876,1.0159451416142855e-08,3.8852034717267934e-07,1.0119437774412936e-05,0.36277960783422425,6.658437731475689e-08,1.1062893200571155e-08,2.881451645012534e-07,0.010329940467780293,1.895951809011167e-09
validation,S03,source_factorized_source_oof_temperature,S03:127,still_neutral,0.0002570517755608122,0.0032287221712107936,0.102350737157627,2.282180870063929e-06,8.662855559142339e-08,1.088105839719537e-06,3.4493037460404777e-05,7.691136617931846e-10,8.558760319462522e-05,0.0010750308626049669,0.034078559696437395,7.598717818589301e-07,0.00047065032644393355,0.005911646167632193,0.18739963087171213,4.178571298160828e-06,8.913522863567191e-05,0.0011195911341365247,0.03549112367604071,7.913686384670784e-07,0.0015117397338552186,0.018988344216451156,0.6019319485850106,1.3421667652724362e-05,1.4459080940489388e-05,0.0001816145992613271,0.0057571965400829385,1.2837195093906004e-07
validation,S03,source_factorized_source_oof_temperature,S03:128,backward_open_hand,0.022983429519745836,0.020999857706356553,0.0036961308988555704,0.2849569800655447,4.0748255850144805e-05,3.723150080365877e-05,6.553020618302313e-06,0.0005052118057498598,0.008414787388006491,0.007688553948207038,0.0013532425892049769,0.10432961712349703,0.030603684069222686,0.02796245052079044,0.0049215989376122865,0.37943568794872157,0.0032548793772372063,0.0029739688637247224,0.0005234406043675267,0.04035518707155032,0.00219408770645031,0.002004728214783511,0.0003528470526838861,0.02720310327455133,0.0016031359257933653,0.001464778191465533,0.0002578118389729252,0.019876266579632297
validation,S03,source_factorized_source_oof_temperature,S03:129,forward_fist,0.12157865678913932,0.03346927736884706,0.0002522483515052234,1.2635651572136454e-10,0.011371272155819054,0.0031303871244426637,2.359283061333211e-05,1.1818146102902315e-11,0.5506251991287513,0.1515811080877404,0.0011424233697396003,5.722639439170603e-10,0.040674484710629503,0.011197241741007597,8.439040196319427e-05,4.2272930977603715e-11,0.03859632507580271,0.010625147073475682,8.007868841170369e-05,4.01131027848567e-11,0.019256815772320347,0.005301191223410135,3.9953558972379724e-05,2.0013579760950092e-11,0.000759537484220491,0.00020909238021523196,1.5758693454997809e-06,7.893861685963734e-13
validation,S03,source_factorized_source_oof_temperature,S03:130,up_index_pinch,0.031503802840514857,0.039438532174447496,0.01609847566812142,2.2140167933164275e-06,0.00812916932519955,0.010176628758325946,0.004154013889887119,5.712998361759184e-07,0.01753697644806941,0.02195394039859381,0.008961413010069802,1.2324594766091995e-06,0.029551347641703696,0.036994320357629805,0.015100769052501775,2.0768026093574464e-06,0.04370984628963897,0.05471886006781233,0.022335776430334613,3.0718302234321266e-06,0.0024857114705506595,0.003111777086213611,0.0012702011191857794,1.7469024190504654e-07,0.22901683279196133,0.286698332080097,0.11702783720923543,1.6094790724803057e-05
validation,S03,source_factorized_source_oof_temperature,S03:131,still_fist,0.15798238506785262,0.016709849451150432,1.4698116336687795e-05,0.0012814542411561636,0.0017661952590152636,0.00018681106040274728,1.6432049294079972e-07,1.4326270643419791e-05,0.2608546743137247,0.027590685724481985,2.4268986370760367e-05,0.002115889873299252,0.08579237054041221,0.009074287587010964,7.981815456587887e-06,0.0006958940203405214,0.07776983012351936,0.008225740816910786,7.235426975918814e-06,0.0006308201930422525,0.30860958683982126,0.03264173871701153,2.8711932713515296e-05,0.00250324783834279,0.004911378373393463,0.0005194781252466401,4.5693708621138494e-07,3.98380277890133e-05
validation,S03,source_factorized_source_oof_temperature,S03:132,backward_index_pinch,0.0009636387197395471,0.3508019045330435,0.010197047902050792,0.00014431168442465193,1.3324713500437099e-06,0.00048507130084746625,1.40999670376242e-05,1.9954696820855266e-07,0.0003979263493890696,0.144860639542687,0.004210783526117811,5.959227310086728e-05,0.0005754732799763582,0.20949461503388667,0.006089552528415684,8.618117627860958e-05,0.00011239872317181471,0.04091749879707201,0.0011893826398155932,1.6832500330091357e-05,0.0005595424881784342,0.20369518835150763,0.005920975816258523,8.379542801893172e-05,5.0887498454204604e-05,0.01852502500053358,0.0005384821600913973,7.620761253831713e-06
validation,S03,source_factorized_source_oof_temperature,S03:133,still_fist,0.12739376453482928,2.832373668875047e-11,7.290654922813115e-20,2.432656603076908e-19,0.0005694215802809375,1.2660075603904498e-13,3.2587593769522666e-22,1.087342989088133e-21,0.11683249178861342,2.597562562182214e-11,6.686240763144261e-20,2.230983075516193e-19,0.17790074918791035,3.955306600074768e-11,1.0181133884966388e-19,3.397116285750233e-19,0.04576074953863806,1.0174088389215374e-11,2.618855287884021e-20,8.738276157659323e-20,0.5283619317810062,1.1747187381399109e-10,3.02377791647179e-19,1.0089372481100753e-18,0.00318089136638971,7.072145942630502e-13,1.8204016015997823e-21,6.074093511855279e-21
validation,S03,source_factorized_source_oof_temperature,S03:134,down_fist,0.0026661078572943336,1.4973929793858552e-05,0.00039119446583959133,1.0445748286461812e-08,0.8544653110235196,0.004799019493359222,0.12537456052641763,3.3477751224674577e-06,0.006017306708838554,3.379560506516874e-05,0.0008829114236008259,2.3575667080008302e-08,4.724901675781279e-05,2.6536940650193205e-07,6.932785491572828e-06,1.8512054359863853e-10,0.00394278168317322,2.2144241447254192e-05,0.0005785191211417652,1.5447726504469357e-08,9.002281692193609e-07,5.056042038008353e-09,1.320892839455155e-07,3.527072931547066e-12,0.0006530069870010346,3.6675488395941194e-06,9.581484813920234e-05,2.5584661163843553e-09
validation,S03,source_factorized_source_oof_temperature,S03:135,backward_neutral,0.0019561709193148973,0.019933027505627282,0.23471049594532856,0.00583527973979356,6.678339595046588e-05,0.0006805107136885839,0.008012982827664574,0.00019921561735558772,0.0019452188723463255,0.01982142812987134,0.23339641835107097,0.005802609661144525,0.0005058049055119056,0.00515406041184841,0.06068882787903702,0.0015088216925622819,7.982050172670825e-05,0.0008133564611975103,0.009577235486887844,0.00023810544975750087,2.603238825584996e-05,0.00026526532319719783,0.0031234871645632076,7.765490544200642e-05,0.0028740951787875214,0.02928650952066432,0.3448473229750051,0.008573458076399006
validation,S03,source_factorized_source_oof_temperature,S03:136,still_open_hand,4.560930828224306e-06,3.7346769373141096e-07,0.0002774942078198798,0.26041874435721635,2.8630925984765387e-09,2.344417466442486e-10,1.7419505852021998e-07,0.0001634760551200869,2.482604432453e-06,2.032858174691007e-07,0.0001510455598340829,0.14175104893813456,5.570555666700112e-06,4.561399100312377e-07,0.000338921371550226,0.3180660191373276,2.4149154159993523e-07,1.9774316360786392e-08,1.4692725357022213e-05,0.01378861605336558,4.52790223248273e-06,3.707631770563366e-07,0.0002754846960873197,0.2585328868963498,1.0851337736336424e-07,8.885519712799483e-09,6.602124615213643e-06,0.006195866270116196
validation,S03,source_factorized_source_oof_temperature,S03:137,still_fist,0.1832668946959445,9.536266519983219e-10,1.18549447628296e-20,4.666492577737396e-15,0.0001880854598346704,9.78699986428431e-13,1.216664221179039e-23,4.7891868509857875e-18,0.13341413943124533,6.942185566364113e-10,8.630130696337156e-21,3.3971006736052105e-15,0.1886115053526634,9.814372567191439e-10,1.2200670400945272e-20,4.802581455119498e-15,0.03652394719807104,1.900518341954027e-10,2.362616430381513e-21,9.300028179789017e-16,0.45367816193791827,2.3607077937965593e-09,2.9346978126077776e-20,1.1551926925358051e-14,0.004317260720811726,2.246480409799105e-11,2.7926968183135527e-22,1.0992964737712085e-16
validation,S03,source_factorized_source_oof_temperature,S03:138,forward_neutral,0.001657055930763487,0.00647354939467681,0.23918569076666427,1.0170055095475392e-05,2.1470697706744948e-05,8.38786546442927e-05,0.0030991613299762646,1.3177477872776747e-07,0.003652394650382672,0.014268653664099094,0.5272003926878546,2.241629515045808e-05,0.0009391688508771744,0.003669010703394909,0.1355631672855427,5.7640775908960285e-06,0.0001244085848202699,0.0004860216870198133,0.01795760344904532,7.635482535518939e-07,0.00028681874148900777,0.001120502486293653,0.04140049682949741,1.7603282720904508e-06,1.8555616894397877e-05,7.24904333550399e-05,0.0026783875921697026,1.1388369133660545e-07
validation,S03,source_factorized_source_oof_temperature,S03:139,backward_fist,0.7608999738825072,0.00031993996214805506,3.621236601587821e-08,1.5280340795766946e-09,2.1711044432395347e-05,9.128966976371453e-09,1.033261025836618e-12,4.3599969686720783e-14,0.0433433659877551,1.8224832894570387e-05,2.0627755123975282e-09,8.704184863473522e-11,0.08403460514380341,3.5334510857779016e-05,3.999332348429157e-09,1.6875771445791957e-10,0.00027064235187623,1.1379853697867539e-07,1.2880273678460507e-11,5.435021044008139e-13,0.010773502352723506,4.529996127276228e-06,5.127270651345697e-10,2.163527311922763e-11,0.10023585068733794,4.2146741195363656e-05,4.770373817312397e-09,2.0129294401745357e-10
validation,S03,source_factorized_source_oof_temperature,S03:140,still_index_pinch,4.011607037780718e-08,0.20051893953225264,4.3904261273700526e-07,8.664641677999293e-08,1.5231418483821607e-11,7.613377514756488e-05,1.6669732862287622e-10,3.2898233093882484e-11,1.965124545914524e-08,0.0982261438581909,2.1506927444948173e-07,4.2444586128780124e-08,3.4186772208730366e-08,0.17088152565206494,3.7415054989706266e-07,7.383976758598578e-08,3.5735456650547014e-09,0.01786225770316878,3.910998287580471e-08,7.718476016234169e-09,1.0136452467421795e-07,0.5066674477944235,1.109364534778392e-06,2.1893652017539046e-07,1.153299107179169e-09,0.0057647299886829486,1.2622060149822575e-08,2.4910025875296697e-09
validation,S03,source_factorized_source_oof_temperature,S03:141,down_open_hand,1.391754905051308e-05,3.46970648235199e-09,8.711793239536964e-10,0.0002202320466438873,0.043263263913177835,1.0785722881409506e-05,2.7080961504872982e-06,0.6846002210240124,0.0010631863259393966,2.650570494611567e-07,6.65509380500119e-08,0.016823917751293743,4.215955809117303e-05,1.0510564142516573e-08,2.6390088644739278e-09,0.0006671351205820684,0.015053654510468372,3.7529425941655884e-06,9.422946893784346e-07,0.2382098407038281,2.2433931878355195e-07,5.592878356703358e-11,1.4042686349783877e-11,3.549957477360262e-06,1.198201203882571e-06,2.9871685518651354e-10,7.500229465477912e-11,1.8960400460201724e-05
validation,S03,source_factorized_source_oof_temperature,S03:142,still_neutral,3.1094867071381927e-09,0.00022303110400008534,0.1607160248000385,8.972215321567444e-07,1.3077929683590703e-13,9.380278387011264e-09,6.759420667520844e-06,3.773548888700215e-11,2.9470891595261416e-10,2.1138297434329167e-05,0.01523223924267055,8.503628090908134e-08,5.289402767373185e-09,0.0003793878057108927,0.2733865317343391,1.5262216893361303e-06,1.533012888953526e-10,1.0995691227261771e-05,0.007923485793145214,4.4234058627277855e-08,1.015834752152446e-08,0.0007286178317923395,0.5250413929890384,2.9311230392205644e-06,3.154095972479122e-10,2.2623074903306797e-05,0.016302168630307243,9.100932364498339e-08
validation,S03,source_factorized_source_oof_temperature,S03:143,still_open_hand,1.3557848699309404e-05,2.2552869076348505e-05,0.02154180880687486,0.32800347756628523,2.1477419328091285e-10,3.572671719141934e-10,3.4125064462062323e-07,5.196007408699084e-06,8.972244325855575e-07,1.4924923274319962e-06,0.0014255828938848807,0.021706447724297907,1.5789598321318208e-05,2.626528379291918e-05,0.025087793478069616,0.381995940036634,1.1193907409838336e-07,1.8620559490364477e-07,0.0001778578730096612,0.002708129172564822,7.25937108417228e-06,1.20756359853984e-05,0.011534277112958242,0.17562513149109918,1.166899088315267e-06,1.9410839394767074e-06,0.001854063842642268,0.0282306557201683
validation,S03,source_factorized_source_oof_temperature,S03:144,forward_index_pinch,0.0003557634228224644,0.2648842364174139,0.00023805713045752118,2.3272568742661223e-05,2.114431425978497e-06,0.0015743033650954968,1.4148601163780509e-06,1.3831734112048956e-07,0.0005946939263364053,0.4427803323061173,0.0003979361579135947,3.890241209089577e-05,0.0003010944001351116,0.22418032645573094,0.00020147565571619332,1.9696347841446116e-05,2.5907616032402523e-05,0.019289557750750207,1.7335938250028478e-05,1.6947688727782494e-06,5.515999370612814e-05,0.041069463234078445,3.6910005288229514e-05,3.608338190548712e-06,5.234726609220505e-06,0.0038975242303907133,3.502788413249928e-06,3.424341206738286e-07
validation,S03,source_factorized_source_oof_temperature,S03:145,right_fist,0.10503679066187936,0.0002697546296860324,1.2521550247148293e-10,2.7504391604900345e-11,0.04680997261854613,0.00012021699015897269,5.580267832987822e-11,1.2257417708616411e-11,0.1559274886689248,0.0004004517055282068,1.8588285799445938e-10,4.0830366991355996e-11,0.24424467240667738,0.0006272671769831727,2.9116673489991076e-10,6.395664866521784e-11,0.3355543312889217,0.0008617678987143544,4.000179740266352e-10,8.786652442762128e-11,0.08437771652917837,0.0002166981638781372,1.0058759512757926e-10,2.209471313357691e-11,0.025487413243722164,6.545656695992709e-05,3.038382300049891e-11,6.674002417951589e-12
validation,S03,source_factorized_source_oof_temperature,S03:146,still_neutral,0.0001267998055145997,0.010980978824658798,0.06272669384467379,0.003674618328286722,7.018869343395767e-06,0.000607840487767952,0.003472169903196423,0.00020340461744732118,0.0006389441604493831,0.05533314714135128,0.31607978083007326,0.01851640003082451,4.0261988407488614e-05,0.003486724923173367,0.019917234180012667,0.0011667797118063447,0.00014850103874632713,0.012860325418444724,0.07346209369370349,0.004303513215436599,0.0006732432688026946,0.05830348121247905,0.33304723326497265,0.019510377361369066,1.165495251853774e-06,0.0001009329519781722,0.0005765597474203938,3.3775684407496294e-05
validation,S03,source_factorized_source_oof_temperature,S03:147,left_neutral,2.9806670365630596e-06,4.245767733813065e-05,0.46751215630267307,9.033284501053762e-05,7.781131816013822e-10,1.1083719849189134e-08,0.00012204562499455126,2.3581693819549478e-08,1.1026843581326359e-06,1.5707026685336602e-05,0.17295401856969914,3.341822954287306e-05,1.6502751481397212e-06,2.3507103913104142e-05,0.25884262936297,5.001365377380137e-05,5.9195845438148805e-08,8.43206595886277e-07,0.009284759755272721,1.7940041828348332e-06,5.159168840104122e-07,7.348902888484181e-06,0.08092061674717724,1.563550686807688e-05,6.422418663553374e-08,9.148320694751592e-07,0.010073445847002599,1.946394356065061e-06
validation,S03,source_factorized_source_oof_temperature,S03:148,still_index_pinch,2.1332240334283943e-05,0.35863820287281956,1.8608337197228501e-07,4.3501893746800065e-09,3.3134944019045556e-08,0.0005570655772232031,2.8903959530530313e-10,6.757062509304757e-12,2.2511306066823275e-05,0.3784606879358271,1.963684861398428e-07,4.590631032066485e-09,5.059644028607781e-06,0.085062872589139,4.4135806041413416e-08,1.0317908174669705e-09,4.5709392472919136e-07,0.0076846754555591635,3.987278292798631e-09,9.321314139668663e-11,9.791661006351197e-06,0.1646176703163199,8.541368692265529e-08,1.996770100224324e-09,2.9257724864131264e-07,0.004918816636692303,2.5521820557239004e-09,5.966398364015392e-11
validation,S03,source_factorized_source_oof_temperature,S03:149,backward_index_pinch,1.8092114967417882e-05,0.3647842289992572,0.003038215482591763,0.00016528770553716704,2.4865386105794187e-10,5.013510424682827e-06,4.175653381779723e-08,2.2716761551228683e-09,9.986653498563626e-07,0.020135698359848502,0.0001677062374037389,9.123704142633409e-06,1.651661203663009e-05,0.3330179803915899,0.002773640699278227,0.00015089407245634862,1.0736447048812107e-07,0.002164747773240156,1.8029754791229413e-05,9.808707834961953e-07,1.1699084099952677e-05,0.23588405120597059,0.0019646314711481328,0.00010688163165279244,1.7484882198924572e-06,0.035254083248774756,0.0002936242661719471,1.5974008928489397e-05
validation,S03,source_factorized_source_oof_temperature,S03:150,still_open_hand,8.818633150980009e-06,1.3114019267497727e-05,2.0030201074562132e-08,0.3571277795608367,3.703616991137905e-09,5.507577393194656e-09,8.41220989302781e-12,0.00014998520629490978,6.0597496935161585e-06,9.01133689047414e-06,1.3763811550450566e-08,0.2454014035609805,4.498850889110817e-06,6.690154384621626e-06,1.021846428699079e-08,0.1821897567453403,3.7799170062097567e-07,5.6210416739547e-07,8.585513920728686e-10,0.015307512448251922,4.783344993510252e-06,7.113220080031476e-06,1.0864649928017814e-08,0.1937109013561725,1.4942345588269881e-07,2.2220473920542283e-07,3.3939294393415306e-10,0.006051194794032751
validation,S03,source_factorized_source_oof_temperature,S03:151,still_open_hand,5.011403185765419e-08,1.606710826296348e-08,8.614410465560276e-10,0.2921915896904154,3.5969537470200535e-11,1.1532228225898844e-11,6.183025961766274e-13,0.00020972162774090606,4.035658625223716e-08,1.293876418245686e-08,6.937142873537516e-10,0.23530046684356942,2.9159428913017308e-08,9.348832729372159e-09,5.012394339205245e-10,0.17001505511989376,4.145878718686952e-09,1.3292141891011209e-09,7.126606999940609e-11,0.024172688737511366,4.671964719491682e-08,1.4978831310567076e-08,8.03092872044988e-10,0.2724005129428256,9.79281681575576e-10,3.1396844784917327e-10,1.683347767838329e-11,0.005709735590762837
validation,S03,source_factorized_source_oof_temperature,S03:152,forward_neutral,0.003709304122695808,0.06523453804433156,0.09536687834413039,3.143709483611664e-05,0.00032192052837724447,0.005661530104038564,0.008276634875632315,2.728340908572665e-06,0.01619849402682112,0.2848785755764781,0.41646620447267596,0.00013728547891439784,0.0008204076719157847,0.014428289974389006,0.0210928292887782,6.95311921944807e-06,0.0009390329423975285,0.01651452083179208,0.024142706398975936,7.95849212895873e-06,0.0005492358263128558,0.009659263360933682,0.014120952204951227,4.654883554449955e-06,3.222325919847865e-05,0.0005667018283116115,0.0008284658087294578,2.730985710104352e-07
validation,S03,source_factorized_source_oof_temperature,S03:153,forward_fist,0.26342217618494496,0.006817031136077348,0.0012651617705766417,0.016692025520928917,0.04060485974324931,0.0010508021653858164,0.00019501667244111655,0.002572969994113931,0.4508731638014854,0.011668024463887528,0.002165449767676699,0.028570056120075748,0.09324558014426962,0.0024130771082036587,0.00044783907331683693,0.005908605061364327,0.01693633817358281,0.0004382909075179368,8.13416998564732e-05,0.0010731890272823728,0.0212945592443886,0.0005510761299615187,0.00010227332667073915,0.001349352326793897,0.02766035130834621,0.0007158147382832627,0.0001328468982484977,0.0017527274910697586
validation,S03,source_factorized_source_oof_temperature,S03:154,still_index_pinch,5.037692750654828e-08,0.1671483483310343,1.2511621267392188e-08,1.3052605454653588e-14,3.644236117072024e-11,0.00012091409263054255,9.05083028333364e-12,9.442174934856221e-18,2.7755529592092705e-08,0.09209158156317494,6.893367490246812e-09,7.191426609005817e-15,4.7252906331612614e-08,0.15678298852472616,1.173573890007179e-08,1.2243175069620315e-14,8.145449903390778e-09,0.027026231355375456,2.0230051590679978e-09,2.110476940575346e-15,1.6609914998673178e-07,0.5511094057068514,4.125240979016883e-08,4.3036103598186434e-14,1.7240002395965876e-09,0.00572015418235699,4.2817295794631566e-10,4.466865298257319e-16
validation,S03,source_factorized_source_oof_temperature,S03:155,right_neutral,0.0033450331151217336,2.2073489030015725e-05,0.01901332184922233,5.572326151258447e-06,0.004632721734976937,3.0570798218363024e-05,0.02633260310243554,7.71742329204891e-06,0.0005464840815850411,3.606185638466131e-06,0.0031062406173742547,9.103609543644106e-07,0.016400125089161038,0.00010822254034196832,0.09321906419344282,2.7320161796041303e-05,0.09503314007569652,0.000627112767722927,0.540172732650418,0.00015831103413777088,1.6132882308114815e-10,1.0645903594821287e-12,9.170004395267365e-10,2.6874975190615214e-13,0.02946771680176485,0.0001944540759919188,0.16749585562572278,4.908882014053737e-05
validation,S03,source_factorized_source_oof_temperature,S03:156,still_fist,0.11577854134845408,2.724190437331746e-07,7.424706899169833e-09,1.127383928427611e-09,0.000495675470218737,1.1662907135147026e-09,3.178693599538467e-11,4.826598714510964e-12,0.17831991143158307,4.1957463952299894e-07,1.1435392614601345e-08,1.7363753241764783e-09,0.13698125482288784,3.223075883804066e-07,8.784405606557734e-09,1.333843589533467e-09,0.07915471195222754,1.862456607749328e-07,5.076074798392265e-09,7.707624320959695e-10,0.4870937251139343,1.1460984501834854e-06,3.123660135353788e-08,4.743034684455527e-09,0.002173753068566722,5.1146933218718354e-09,1.3939957454382315e-10,2.1166739927191583e-11
validation,S03,source_factorized_source_oof_temperature,S03:157,still_open_hand,2.375479726615685e-06,2.5710841338098733e-08,0.00136268188480106,0.24047735607707743,4.446465376571388e-09,4.81260119930596e-11,2.5506922884504263e-06,0.0004501298098508864,1.9542778191919595e-06,2.1151991480640872e-08,0.0011210615490604206,0.19783774945909743,3.0837418817275242e-06,3.337666803063126e-08,0.0017689728742156818,0.31217698313026315,4.5949815717304305e-07,4.9733466810328195e-09,0.00026358878497828456,0.04651645759010081,1.8842826407265887e-06,2.0394403483660167e-08,0.0010809091703010928,0.19075191527289026,6.07004023849982e-08,6.569866277507191e-10,3.4820477650640945e-05,0.0061448944879674275
validation,S03,source_factorized_source_oof_temperature,S03:158,backward_index_pinch,4.018068668996115e-05,0.2786259909282415,0.0051126194769955296,0.00023087100486128033,3.0191538607257774e-07,0.0020935797904611643,3.841593089609734e-05,1.734751551248932e-06,2.2739785072327833e-05,0.15768508881296828,0.0028934266096682254,0.00013065871846559387,5.488476142630427e-05,0.38058884252679603,0.006983576523307234,0.0003153579758314169,1.7714295993976108e-05,0.12283670791895428,0.0022539797644297974,0.0001017831613505302,3.948721037009003e-07,0.0027381719987147647,5.024381051227309e-05,2.268864145517237e-06,5.26016125208738e-06,0.03647567431124465,0.0006693067014277333,3.0223941252482313e-05
validation,S03,source_factorized_source_oof_temperature,S03:159,still_fist,0.19470830046218657,5.393816113553009e-09,5.1580355220663525e-20,3.603863970515791e-17,0.0025246370797227186,6.993758421781505e-11,6.68803934224911e-22,4.672861192174947e-19,0.5031726403156361,1.3938905988040138e-08,1.332959276168098e-19,9.313243169799987e-17,0.09316258415567116,2.580793147525244e-09,2.4679785980452875e-20,1.7243501157464636e-17,0.04952261692818036,1.371877257099307e-09,1.3119082065576681e-20,9.166161609416595e-18,0.15571424529789984,4.313601440739143e-09,4.125040414978625e-20,2.882121393864984e-17,0.0011949480586688997,3.310249269500925e-11,3.1655479088501494e-22,2.211734294353296e-19
validation,S03,source_factorized_source_oof_temperature,S03:160,still_open_hand,1.5801378969512767e-05,4.0487328739101444e-08,0.007916660058209313,0.21885686182352762,1.336691815470688e-07,3.4249593697009363e-10,6.69696912281472e-05,0.0018513838350661949,3.925467635608252e-05,1.0058090431488159e-07,0.019667013176870498,0.543696553051873,1.0049528467698436e-05,2.5749560435813725e-08,0.005034921368417685,0.1391909065335519,1.9879393963835063e-06,5.093628601027831e-09,0.0009959789236024701,0.027533937299224674,2.2525221283238193e-06,5.771559816235393e-09,0.0011285377053445653,0.031198538124056232,1.9453612830860145e-07,4.984532168780223e-10,9.746468329319964e-05,0.002694420951175532
validation,S03,source_factorized_source_oof_temperature,S03:161,up_index_pinch,9.209556014352896e-06,0.008507459710075197,0.0013548822082096105,0.0021543870242604303,9.722913087582021e-14,8.981680683439436e-11,1.4304057583017885e-11,2.2744763983468153e-11,2.8167869605226466e-11,2.602047432163361e-08,4.143972338276851e-09,6.589296235777728e-09,1.7847656164292581e-06,0.0016487028853547096,0.0002625693546741699,0.0004175093652059767,7.690360057457221e-12,7.104080613964969e-09,1.1313826638695732e-09,1.7990022422205419e-09,2.6703704026235934e-09,2.4667930327902758e-06,3.9285686977804445e-07,6.246784683664909e-07,0.0007548106481308379,0.6972671828805912,0.11104547451862097,0.17657249313347526
validation,S03,source_factorized_source_oof_temperature,S03:162,up_neutral,0.000813782577724955,0.03940458556698127,0.09239439805807977,0.0022553862849652977,5.069111241490508e-06,0.00024545404771662523,0.0005755314683146952,1.404896625211999e-05,2.1306843477523635e-05,0.001031709648195643,0.0024191141854217535,5.905159912547422e-05,5.805625984340083e-05,0.0028111720763225596,0.006591531114773332,0.0001609020588438342,2.995948572356962e-08,1.4506836974041929e-06,3.4015088616144066e-06,8.30322681452025e-08,1.8337898170510764e-10,8.879488174821881e-09,2.0820291678539175e-08,5.082321145837908e-10,0.005135667168736666,0.2486767865684361,0.5830880258073582,0.014233425012485423
validation,S03,source_factorized_source_oof_temperature,S03:163,still_neutral,2.5211176758356432e-09,1.0239336309926018e-06,0.12775230218152325,6.302050710691647e-09,7.6114710451857e-12,3.091343676335452e-09,0.00038569518524682696,1.902643298624374e-11,4.17654909752114e-09,1.6962750780866324e-06,0.21163778569186992,1.0440141077328898e-08,1.8646144134947085e-09,7.572995997411922e-07,0.0944853888765203,4.660986157988558e-09,1.270234633896859e-09,5.15896569749551e-07,0.06436645157280915,3.1752119918962133e-09,9.850784334844795e-09,4.0008245028703035e-06,0.49916764660855506,2.462405583575224e-08,4.334953415876086e-11,1.7606098413595634e-08,0.002196645892557423,1.0836105159701423e-10
validation,S03,source_factorized_source_oof_temperature,S03:164,left_index_pinch,0.005494725745058535,0.07251032184627805,5.1112146230499926e-05,7.330135312295516e-10,7.195167473334701e-07,9.49499453541539e-06,6.6929719355101714e-09,9.598577548952618e-14,0.0004921668471157265,0.0064948057723396135,4.578154584367728e-06,6.565659057376126e-11,0.04820103481722695,0.6360777061646682,0.00044836784479282085,6.430168197579023e-09,0.0005427481633333927,0.007162294503992819,5.048663896570165e-06,7.240429572506816e-11,0.014945740260384303,0.19722921339357888,0.0001390258398972549,1.9938083088052777e-09,0.0007173820326470583,0.00946682409413342,6.673114738941189e-06,9.57009979004242e-11
validation,S03,source_factorized_source_oof_temperature,S03:165,still_neutral,4.20827950898844e-06,0.00012085714126253681,0.20358294755874978,7.838488759189539e-06,3.082670379267804e-10,8.853088980835335e-09,1.4912961955662547e-05,5.741889782883149e-10,6.666770611283681e-07,1.9146229137391975e-05,0.03225167931085036,1.2417760366208093e-06,6.119104638940799e-06,0.00017573392930986132,0.2960224852354048,1.1397658550529938e-05,2.1499596958026786e-07,6.174446875721979e-06,0.010400809429819285,4.0045902065831985e-07,9.163306254523723e-06,0.000263160038697397,0.4432911104633072,1.7067895067255313e-05,2.8492307535327057e-07,8.182676149095408e-06,0.013783656571296899,5.307076962497599e-07
validation,S03,source_factorized_source_oof_temperature,S03:166,still_neutral,1.6769404670245753e-06,9.324767483327692e-08,0.17732765658026683,1.0223832885396768e-05,1.1363465128585204e-10,6.318749664200607e-12,1.2016268206938465e-05,6.927984073270399e-10,2.5473543788627464e-07,1.416477671546562e-08,0.026936936126581778,1.5530500922066864e-06,2.8723468231017656e-06,1.5971924336957653e-07,0.30373560722173565,1.7511888159272624e-05,1.2755539995019476e-07,7.092824516834824e-09,0.013488314345147972,7.776692842499262e-07,4.40676500701028e-06,2.4504184765095536e-07,0.465992280083491,2.6866802896603464e-05,1.1763757441364086e-07,6.54133554696897e-09,0.012439556326987955,7.172031002284028e-07
validation,S03,source_factorized_source_oof_temperature,S03:167,left_neutral,5.973372543176643e-06,0.005818438956686466,0.28470625603907357,2.3944610443797815e-05,1.0204657363273776e-08,9.939975367840322e-06,0.00048638014305302056,4.090596116512765e-08,2.8366080024246e-06,0.0027630338450946,0.13520001278729904,1.137070777167631e-05,4.514862821013692e-06,0.004397759143934342,0.21518994186443902,1.8098089592595165e-05,5.228874104269629e-06,0.005093250850835434,0.24922155093554277,2.096024525197541e-05,1.732983942059837e-06,0.0016880348926689832,0.08259845947216028,6.946766688004442e-06,2.616129700132364e-07,0.0002548274170574279,0.012469145141267372,1.048690770370165e-06
validation,S03,source_factorized_source_oof_temperature,S03:168,forward_fist,0.3611994691339991,0.00019258706019008903,4.739078640743294e-12,5.341718190390147e-10,0.0031654242435190613,1.6877647987007797e-06,4.153160705722684e-14,4.681292667026277e-12,0.5092914072091344,0.0002715478379014271,6.682102926689264e-12,7.531824951517773e-10,0.05653261756558572,3.014248788324679e-05,7.417301056746163e-13,8.360513716270957e-11,0.013952151107039403,7.439113272992603e-06,1.8305769236682842e-13,2.0633601578161668e-11,0.044525070360730966,2.3740213201556164e-05,5.841863788726999e-13,6.584737758462289e-11,0.010800955476541313,5.758934993615512e-06,1.4171277029066412e-13,1.5973351367587603e-11
validation,S03,source_factorized_source_oof_temperature,S03:169,still_open_hand,0.0011242159657961028,0.003994768979689696,0.0023339886896825424,0.5075487196364807,5.2869424953476664e-08,1.8786527251338302e-07,1.0976239764043233e-07,2.386890931944022e-05,0.00015065302233884903,0.0005353277649900275,0.00031277126540038677,0.0680151776205223,0.0006125680172396356,0.0021766882766925053,0.0012717545982244814,0.2765555038351266,5.693655658688304e-06,2.023173455845399e-05,1.1820618381731553e-05,0.002570509339432715,0.00024168335452937357,0.000858793325264333,0.0005017596557229479,0.10911255566626683,4.806956062736357e-05,0.00017080952014902513,9.979738256325762e-05,0.021701919108246794
validation,S03,source_factorized_source_oof_temperature,S03:170,down_neutral,3.3051041535579637e-09,2.570303768605997e-09,0.000732981116483473,3.668717724984945e-09,4.388927333645822e-06,3.4131682215411567e-06,0.973343261729718,4.871778544492685e-06,1.1370869261723398e-07,8.842864478044103e-08,0.025217457785326795,1.2621844175186748e-07,1.0082009821194248e-12,7.840548023469051e-13,2.235912235074651e-07,1.1191189873598927e-12,3.1090418534144382e-09,2.417830610264536e-09,0.0006894998956254814,3.451085480335849e-09,6.226504110037289e-13,4.84220957516306e-13,1.380867204880969e-07,6.911517741005071e-13,1.5407655042499068e-11,1.1982180282725548e-11,3.416993737787549e-06,1.7102740043462495e-11
validation,S03,source_factorized_source_oof_temperature,S03:27,up_fist,0.023431796401981623,0.0030492513931677538,0.0015542513123288154,8.639976610682155e-05,2.5633565537458576e-05,3.3357743506316158e-06,1.7002965625329665e-06,9.451832155442434e-08,0.0009210576948912217,0.00011986005729792959,6.109455316427077e-05,3.396204373078274e-06,0.12482057121326008,0.0162432830218617,0.00827945639701082,0.0004602493113687815,0.009590935500668358,0.0012480977956398512,0.0006361750432038646,3.536453500139146e-05,2.5254095147987336e-08,3.28639270724796e-09,1.6751259635439908e-09,9.311910519336006e-11,0.6744383179360186,0.08776672284495442,0.044736076686303305,0.002486847867892116
validation,S03,source_factorized_source_oof_temperature,S03:28,down_fist,0.05018681914668346,7.707665931791005e-05,7.024015000031616e-07,9.901951048244295e-06,0.8440298858997533,0.0012962567677280033,1.181281993925016e-05,0.00016652863750953368,0.02333337018871081,3.5835270203467163e-05,3.2656770242356753e-07,4.603716540071768e-06,0.009714705092812083,1.4919794231711627e-05,1.3596445332261094e-07,1.9167290518253873e-06,0.05017959801380957,7.706556913909669e-05,7.023004349297304e-07,9.900526305544002e-06,3.646662798388324e-07,5.600526013357586e-10,5.10377318814985e-12,7.194932281632948e-11,0.020811211569527213,3.196175193827559e-05,2.912682348047369e-07,4.1060900395743005e-06
validation,S03,source_factorized_source_oof_temperature,S03:29,right_neutral,0.0005466254386022339,0.0040163388637042,0.01958087848715908,3.2135819323850135e-05,2.7371780409869695e-05,0.00020111457986669642,0.000980494994073753,1.6091724382109256e-06,0.001039239741391364,0.007635830071738231,0.03722700346190542,6.109635264856321e-05,0.0006927531166816655,0.00509001423826054,0.024815373821662077,4.0726587936782304e-05,0.018673554251146852,0.13720422864722376,0.6689125146646352,0.001097808340357244,0.0015188580911321573,0.011159833313766911,0.05440759544185551,8.929286079330932e-05,0.00011186901773515434,0.0008219593378658367,0.0040073027855256306,6.5767201597244055e-06
validation,S03,source_factorized_source_oof_temperature,S03:30,still_open_hand,1.8676729663320195e-08,4.805037607761406e-06,2.1742807907348532e-07,0.32915402797250054,2.180916660754409e-12,5.610932300904452e-10,2.5389483529253657e-11,3.84359315843968e-05,5.176827317238441e-09,1.3318632542542918e-06,6.02668475462744e-08,0.09123511419312308,1.6190563269981394e-08,4.165411547177212e-06,1.884849828834528e-07,0.28533845119170703,5.522437355536011e-10,1.420779743467129e-07,6.42903210392347e-09,0.009732605935665403,1.558535582042107e-08,4.009707384400474e-06,1.814393653920085e-07,0.2746724259628377,5.568408080861909e-10,1.4326068174800287e-07,6.482549645170827e-09,0.009813623596051386
validation,S03,source_factorized_source_oof_temperature,S03:31,down_index_pinch,4.282667708769097e-05,0.001820483044188657,0.000542801653841561,0.0005653837024660457,0.011287105982566046,0.4797940549332892,0.14305708990396362,0.14900866012749792,0.00027721702451249627,0.01178398435283881,0.0035135543920513023,0.0036597279631237923,5.210401998605528e-07,2.2148457776553283e-05,6.6038623921988236e-06,6.878601314961151e-06,0.002800147984078255,0.11902912560308458,0.035490144464083086,0.03696663253722342,8.830006826115315e-11,3.753473021990117e-09,1.1191487723490061e-09,1.1657084536181323e-09,4.682644285137426e-06,0.00019905057087676127,5.934962119801876e-05,6.181872942982532e-05
validation,S03,source_factorized_source_oof_temperature,S03:32,still_fist,0.12344530726910226,5.956724960488155e-11,4.090498719313019e-23,4.678256672900226e-21,9.628616610244707e-06,4.646188839903449e-15,3.1905501135902738e-27,3.6489957297023826e-25,0.007980433552053013,3.850875240757707e-12,2.6444061703434322e-24,3.0243771386256254e-22,0.33324070589546995,1.6080183804241536e-10,1.1042304570694431e-22,1.2628957637401176e-20,0.01578357091028588,7.61619804647422e-12,5.230063258214299e-24,5.981563622525852e-22,0.4966120459214016,2.396349796570615e-10,1.6455797168608603e-22,1.8820307301028816e-20,0.02292830735253747,1.1063816335348758e-11,7.597551817593032e-24,8.689233251814628e-22
validation,S03,source_factorized_source_oof_temperature,S03:33,forward_index_pinch,0.0006690079756822306,0.16616551196844467,4.77842172677662e-05,0.00022376418728338264,0.00010631985105200514,0.026407297258974154,7.593946630254641e-06,3.5560973751443605e-05,0.0023051774542895667,0.5725507105943396,0.00016464841126027035,0.0007710164577291785,0.0002202427578403652,0.05470301094178496,1.5730945182774384e-05,7.366495393861886e-05,0.0003696647440768591,0.09181584329181695,2.6403482603011662e-05,0.00012364236904847869,0.0003189914366694967,0.07922981087584735,2.2784117186088985e-05,0.00010669358538501565,1.4088785121659585e-05,0.003499315819615798,1.0062982711166125e-06,4.7122989069651905e-06
validation,S03,source_factorized_source_oof_temperature,S03:34,still_index_pinch,6.822175967497068e-09,0.08293710763487669,9.949700743464454e-07,2.9968793745901876e-06,1.223579199486992e-12,1.487503697517203e-05,1.784510825992352e-10,5.374999536204376e-10,6.058680512061915e-10,0.00736553029631927,8.83619218889665e-08,2.661487295305194e-07,1.8565161808712316e-08,0.22569643916015525,2.7076083221941934e-06,8.15539657369345e-06,2.414207044137736e-09,0.029349484743060452,3.5209642402037144e-07,1.0605248722749004e-06,5.254106647819519e-08,0.6387410859107481,7.66277344195078e-06,2.3080500883832226e-05,1.3035520769150207e-09,0.01584726624259631,1.9011460757709618e-07,5.726308367921039e-07
validation,S03,source_factorized_source_oof_temperature,S03:35,still_fist,0.0747588586649698,1.2764077721180074e-06,1.0366920057363884e-14,2.231976761643212e-13,6.722461138843295e-06,1.147770551692694e-10,9.322134989706502e-19,2.0070366657401212e-17,0.002577778916406821,4.401213585200646e-08,3.5746436514913864e-16,7.696134934132986e-15,0.17607096229631272,3.006176776005506e-06,2.4416017354265776e-14,5.256718779063866e-13,0.012589620529513242,2.149509740899362e-07,1.745821056029142e-15,3.758717155609376e-14,0.7034801529320274,1.2010985062750179e-05,9.755261968446471e-14,2.100288021595002e-12,0.03049883082216306,5.207268462508288e-07,4.229317389573578e-15,9.105634150652558e-14
validation,S03,source_factorized_source_oof_temperature,S03:36,up_open_hand,2.4789621305951605e-06,0.0010028787293591436,1.7736547389606798e-06,0.012197251849480705,1.9035618019491702e-13,7.70097137682799e-11,1.3619657070441368e-13,9.366106251833307e-10,1.1358783099891266e-10,4.595262598686875e-08,8.12701381166793e-11,5.588868682706993e-07,5.412997530768114e-07,0.00021898600300027945,3.872906570026677e-07,0.0026633603365108535,2.300094940978503e-11,9.305169543917597e-09,1.6456783432777027e-11,1.1317170571740737e-07,2.195442119009309e-13,8.881790389290831e-11,1.5708010503411198e-13,1.0802246680583647e-09,0.00018471742225272808,0.07472852103425917,0.00013216213644558358,0.9088662115473605
validation,S03,source_factorized_source_oof_temperature,S03:37,still_neutral,1.5392809562867943e-05,1.537748349807304e-05,0.06519977138847152,0.0004534297371985276,2.418311321905407e-09,2.4159034966242327e-09,1.0243311637840315e-05,7.123678511562703e-08,2.4752784064253834e-06,2.472813861074688e-06,0.010484608775455142,7.291487838751225e-05,3.35264286959058e-05,3.349304764117134e-05,0.14200886962949444,0.0009875961688931185,4.035869610401727e-06,4.031851240727226e-06,0.017094850350558428,0.00011888559325949471,0.0001774383801130379,0.00017726171112355884,0.7515809100125896,0.005226845543367908,1.4753267912492636e-06,1.4738578616231288e-06,0.006249084620963581,4.345906031682642e-05
validation,S03,source_factorized_source_oof_temperature,S03:38,still_index_pinch,3.6218119402604274e-06,0.08016974963998907,1.001549293365837e-07,1.6365486441414957e-10,6.045073019242081e-10,1.3380926412022459e-05,1.6716601277567845e-11,2.7315211878907233e-14,4.314299504818374e-07,0.009549814205658275,1.1930447222802853e-08,1.94945544426118e-11,5.107436405742332e-06,0.11305443372111862,1.4123729800046886e-07,2.3078415618276152e-10,3.364629410461542e-07,0.007447694742777011,9.30429924046073e-09,1.520338380499541e-11,3.525276524109701e-05,0.7803291308639393,9.748540978600247e-07,1.5929282389357674e-09,4.241815935236216e-07,0.009389369938472043,1.1730006479072731e-08,1.916703084536592e-11
validation,S03,source_factorized_source_oof_temperature,S03:39,up_index_pinch,0.014767051178025403,0.13374368693753866,0.006953032364031549,1.54734429581932e-07,0.00012428440628753213,0.0011256312804328091,5.851902921197897e-05,1.302296340751348e-09,0.0003805432736175963,0.00344654188837879,0.00017917793237657515,3.987468158983754e-09,3.70654778828968e-05,0.0003356982792568124,1.7452195716066995e-05,3.8838529834083347e-10,1.866211807072697e-06,1.6902091329898395e-05,8.787015725944917e-07,1.955483298359322e-11,1.0144915449015476e-09,9.188147176194414e-09,4.776710298961687e-10,1.0630204271901512e-14,0.07967618402349273,0.7216191292323155,0.03751534950879449,8.348754763230078e-07
validation,S03,source_factorized_source_oof_temperature,S03:40,right_open_hand,3.108217606350553e-06,8.43833469778992e-08,5.979670647591466e-07,0.014931640323813137,5.174186591935496e-07,1.4047124037378096e-08,9.954236030882492e-08,0.0024856397763536714,1.22161609809189e-05,3.316500584401143e-07,2.3501771270648388e-06,0.05868550565191957,6.195009750310134e-06,1.6818502547048856e-07,1.1918122428039074e-06,0.029760354360374143,0.00016191165775339804,4.395653498666573e-06,3.1148989871003125e-05,0.7778112551922164,2.4096501312378068e-05,6.541831006430752e-07,4.635748195778852e-06,0.11575775451615575,6.537429934552856e-08,1.7748120896811554e-09,1.257687936985537e-08,0.0003140531480982264
validation,S03,source_factorized_source_oof_temperature,S03:41,up_open_hand,2.6047348051539734e-10,5.31623424992821e-12,7.665472836754494e-10,0.0041707270261017925,2.2006105261030316e-20,4.491421171350269e-22,6.476175685425161e-20,3.523639249946388e-13,6.24455946956483e-17,1.2745075184669971e-18,1.8377111134973171e-16,9.99885013026282e-10,9.464302671604708e-12,1.9316534610323896e-13,2.7852491894552134e-11,0.00015154334659161505,3.9015767347007456e-18,7.963073946989805e-20,1.148194834314196e-17,6.247243097311963e-11,1.2608702764938561e-15,2.5734219604044685e-17,3.7106145454847745e-15,2.0189179060286353e-08,6.21828213826418e-08,1.2691443448962823e-09,1.8299779589009656e-07,0.9956774608558039
validation,S03,source_factorized_source_oof_temperature,S03:42,backward_fist,0.4508649210560169,6.49258551188917e-11,1.600150514027813e-23,7.711246856310111e-12,6.927882583455104e-06,9.976351671817351e-16,2.4587530232059682e-28,1.184891755770823e-16,0.014576368045815484,2.0990392370416348e-12,5.173252948253284e-25,2.4930298859012056e-13,0.27602584373561945,3.974852134753256e-11,9.796346424645358e-24,4.7209337439276836e-12,0.0006064039801829858,8.732393034406904e-14,2.152169297903215e-26,1.037146730086595e-14,0.05581152412581156,8.03702120109442e-12,1.980789253007716e-24,9.545573848438053e-13,0.20210801101286407,2.910413924120359e-11,7.172951866689862e-24,3.4566999821314633e-12
validation,S03,source_factorized_source_oof_temperature,S03:43,down_open_hand,7.705684690864764e-08,2.4625661572290406e-11,8.156705529946476e-05,0.000709632236490537,9.039867372699756e-05,2.8889413920920717e-08,0.09568979155907804,0.8324998437675296,5.777750234961894e-06,1.846441006132391e-09,0.006115927290411151,0.053208481602945085,7.549159939539371e-10,2.4125443135063713e-13,7.991019240417536e-07,6.952175525519578e-06,1.1280549083113807e-06,3.6050136388230097e-10,0.0011940810035498746,0.010388487974574739,3.23454781041945e-10,1.0336898395701594e-13,3.4238688799974443e-07,2.9787611209483976e-06,3.604483995921778e-10,1.1519132508956236e-13,3.8154577719737017e-07,3.3194429074585784e-06
validation,S03,source_factorized_source_oof_temperature,S03:44,still_neutral,1.0436249176018822e-07,2.832509926814302e-06,0.0812838203979482,6.524318915942441e-08,9.189755972798701e-12,2.494198306204413e-10,7.157537745557122e-06,5.74506201557538e-12,1.3503419316257608e-08,3.664972789948906e-07,0.010517279646628554,8.441789055535976e-09,2.1494604359031192e-07,5.833866094324847e-06,0.16741297862638294,1.3437553228661346e-07,1.514664325555044e-08,4.110961386189132e-07,0.011797121832286681,9.469065891249423e-09,9.256977928065399e-07,2.5124430656367882e-05,0.7209894269884395,5.787086450496016e-07,1.0214002122606595e-08,2.7721896935218747e-07,0.007955282593156041,6.385379088986048e-09
validation,S03,source_factorized_source_oof_temperature,S03:45,still_neutral,2.8685154984317795e-08,1.192730501977137e-07,0.07231454274376857,3.5088142204191793e-09,3.3013178918639318e-12,1.3726900023728829e-11,8.322538049122552e-06,4.038225058023656e-13,4.103185313587107e-09,1.7061069676825933e-08,0.010344025329729454,5.019082164694805e-10,5.840537000610755e-08,2.428498863737333e-07,0.14723844539383896,7.144238646725506e-09,4.9782865827918874e-09,2.0699746116503782e-08,0.012550133268544211,6.089520089597525e-10,2.97771007998547e-07,1.238133675897905e-06,0.7506731024300964,3.642382786026643e-08,2.7248724192409145e-09,1.1330036216299584e-08,0.006869333742147794,3.333107699326561e-10
validation,S03,source_factorized_source_oof_temperature,S03:46,still_fist,0.09872707657712058,4.453899044856727e-09,4.464309310168154e-18,6.6013529251727175e-18,1.348262103045613e-05,6.082448200803918e-13,6.096664935147391e-22,9.015109417209545e-22,0.015235518421464197,6.873237139990633e-10,6.889302214985604e-19,1.0187178389658018e-18,0.17581171558569697,7.931437446241824e-09,7.94997589250762e-18,1.1755591507408571e-17,0.012733102058053874,5.744315851399577e-10,5.757742256318826e-19,8.513946065423768e-19,0.6890755232268944,3.108643465541097e-08,3.115909414523997e-17,4.607480418368778e-17,0.008403536396493976,3.791108176947386e-10,3.7999692763007526e-19,5.618996479598672e-19
validation,S03,source_factorized_source_oof_temperature,S03:47,still_index_pinch,2.018986599592901e-06,0.14501478310423677,8.789600715938366e-08,9.817487863638022e-10,2.915288179357987e-10,2.0939211934402496e-05,1.2691624141348123e-11,1.4175827776977516e-13,2.608168020591005e-07,0.018733305108695333,1.1354585268518713e-08,1.2682430826259075e-10,2.9464633291526255e-06,0.2116312910089697,1.2827344268965458e-07,1.4327419498694576e-09,1.3886190055040214e-07,0.009973829639988201,6.0453133306604465e-09,6.752273757786048e-11,8.371130386515353e-06,0.6012608788897275,3.644347795738955e-07,4.07053077970488e-09,1.858731524252697e-07,0.01335043773410194,8.091934805116059e-09,9.038234421561645e-11
validation,S03,source_factorized_source_oof_temperature,S03:48,still_index_pinch,3.3478798621584385e-09,0.1481306128736321,2.5190359919090028e-08,1.4241564958125214e-12,2.949372991213979e-13,1.3049823971275709e-05,2.219188568386186e-12,1.2546354340514899e-16,3.9126749852500655e-10,0.01731205919577865,2.9440032254121836e-09,1.664415010595543e-13,4.63090791621059e-09,0.2048995949775109,3.484421244623123e-08,1.9699445206880676e-12,1.335837965286751e-10,0.00591056144918582,1.0051208682698437e-09,5.682528626907087e-14,1.3784290853460309e-08,0.6099010526724943,1.037167587023925e-07,5.863707231856334e-12,3.126349593947633e-10,0.013832876341928218,2.352350584458183e-09,1.32991961053549e-13
validation,S03,source_factorized_source_oof_temperature,S03:49,up_neutral,4.0582980698540606e-07,2.2627859842649953e-06,0.004178985767119454,1.1752001078613045e-06,3.729715753792426e-17,2.0795782832376687e-16,3.8406319058423056e-13,1.0800493903363008e-16,7.390072511753988e-14,4.1204840587030303e-13,7.609842183354267e-10,2.1400138342298894e-13,1.2147650215676467e-08,6.773167514227172e-08,0.00012508903111959705,3.517711020235079e-08,4.672025052406501e-15,2.6049818482407652e-14,4.8109640695599275e-11,1.3529228881200145e-14,6.360615208067727e-13,3.546489364847467e-12,6.54977036361315e-09,1.841904056804347e-12,9.660481439729924e-05,0.0005386396372767928,0.9947769667299173,0.0002797477818175883
validation,S03,source_factorized_source_oof_temperature,S03:50,still_fist,0.14419157502054752,6.337948128783029e-08,4.425210986509905e-16,1.4519464058122937e-15,5.9406447776953266e-05,2.6112134808981297e-11,1.8231721606109016e-19,5.981970744097328e-19,0.061996434382925895,2.725056475959097e-08,1.9026583385102022e-16,6.242771123253187e-16,0.14929181083344423,6.562129257410651e-08,4.58173621726493e-16,1.5033035607381294e-15,0.018011686095121864,7.917045927720628e-09,5.527750923196643e-17,1.8136983998340232e-16,0.6215548879526553,2.732047720870036e-07,1.907539687041404e-15,6.258787210343727e-15,0.004893759717191908,2.1510546117462366e-09,1.50188520118261e-17,4.9278030504023817e-17
validation,S03,source_factorized_source_oof_temperature,S03:51,still_index_pinch,0.08117352793421577,0.037855905243580464,1.8000162639740362e-08,2.5430252759056395e-06,0.0010048578196284624,0.00046862324912074735,2.2282638987658232e-10,3.1480445645747056e-08,0.17417002529755443,0.08122554411186357,3.862205896563219e-08,5.456443595697276e-06,0.08286292083677872,0.038643766745552255,1.8374784117732552e-08,2.5959510136613623e-06,0.07924028559251482,0.036954322661638006,1.7571467750430503e-08,2.482460159857206e-06,0.26226072499807923,0.12230732613575566,5.8156098719861e-08,8.216171817589941e-06,0.0012347968392541783,0.0005758570969067792,2.738151771797484e-10,3.868403471851769e-08
validation,S03,source_factorized_source_oof_temperature,S03:52,down_neutral,1.9771869743322724e-07,2.073961832112946e-06,0.00045390356845441464,9.917140897244144e-09,0.0004284090127743138,0.00449377804204469,0.9835002060033547,2.148806661427129e-05,3.3765431755114167e-06,3.541810542655981e-05,0.0077515430573915495,1.6936008001207636e-07,1.0608842521038922e-08,1.1128100051823449e-07,2.4354760272971807e-05,5.321165241509274e-10,1.4111828223214618e-06,1.4802541942784868e-05,0.0032396577921499034,7.078186869736428e-08,4.727389272563794e-12,4.958774786663059e-11,1.0852685599016195e-08,2.3711558947513553e-13,1.2567488264009477e-08,1.3182613138489564e-07,2.8851230781900912e-05,6.303579451849005e-10
validation,S03,source_factorized_source_oof_temperature,S03:53,up_neutral,0.003309513331367035,0.004569618124462737,0.025922152314414512,1.2798219486003088e-05,0.005799629983307388,0.008007852404072943,0.045426283789115326,2.2427749953589963e-05,0.002354303676967173,0.003250710202854697,0.018440360378763176,9.104328092276955e-06,0.0011352235588513381,0.0015674625331396955,0.008891772009058725,4.390023189862678e-06,4.200927135455675e-05,5.8004397794029056e-05,0.00032904255751119084,1.6245405937694142e-07,4.38081573385199e-11,6.04882137431144e-11,3.4313254350115416e-10,1.6941053162766516e-13,0.08523313886975084,0.11768585202319827,0.6675985822678933,0.00032960508374367856
validation,S03,source_factorized_source_oof_temperature,S03:54,right_fist,0.07870267268817459,3.2324109338045254e-05,2.1288384434301768e-06,8.8573401644074e-06,0.000658978140976697,2.7065003960803354e-07,1.7824782208471662e-08,7.416258376211945e-08,0.08821733314010352,3.623189180918282e-05,2.3862016847841707e-06,9.928137143634147e-06,0.2491724510316139,0.00010233804362764423,6.739896812672346e-06,2.8042315248053343e-05,0.07491165935206925,3.0767095765408745e-05,2.026294849244586e-06,8.430692713453231e-06,0.10741977825888088,4.4118560893934705e-05,2.9056110260485567e-06,1.2089214812231939e-05,0.400367127422354,0.00016443546781993575,1.0829580536856147e-05,4.5058035732492494e-05
validation,S03,source_factorized_source_oof_temperature,S03:55,still_open_hand,3.5517346551109036e-05,1.0180110767562155e-05,0.06142858903079885,0.28614899798406657,4.825260441195716e-08,1.3830336594267452e-08,8.345469732156196e-05,0.00038875185630025483,4.1403655641364e-05,1.1867266041525952e-05,0.07160918237814272,0.3335726264799955,1.0333182514707543e-05,2.9617342734144813e-06,0.017871628477730016,0.083250301886015,2.1035698715937304e-06,6.029328308440879e-07,0.0036382033481514872,0.016947617696604706,1.228620104117842e-05,3.5215155313405104e-06,0.021249447602238056,0.098984987853892,4.797351914425007e-07,1.375034416198469e-07,0.0008297200883609588,0.0038650337837436077
validation,S03,source_factorized_source_oof_temperature,S03:56,down_index_pinch,0.00022137134729573201,3.266879712424386e-05,5.927091712011119e-13,8.854964351649616e-14,0.857957282264382,0.12661273799865022,2.2971317467637076e-09,3.4318719393888614e-10,0.010362336564188944,0.0015292180992889923,2.7744565824331587e-11,4.144986331637036e-12,3.3843011350757124e-07,4.994370253411213e-08,9.061273490764814e-16,1.353737341007751e-16,0.0028586836803731054,0.0004218692181140115,7.653962699411886e-12,1.1434877364020277e-12,6.074524512998308e-07,8.96445774783492e-08,1.6264193327288296e-15,2.4298401158467727e-16,2.3910235920274533e-06,3.5285444842541137e-07,6.401829454738202e-15,9.564213675346101e-16
validation,S03,source_factorized_source_oof_temperature,S03:57,left_index_pinch,4.932232360695792e-07,0.4408972022093963,8.129837310238088e-08,2.626562353166711e-09,5.658040481654916e-12,5.057779187834616e-06,9.326192532443166e-13,3.013077048079619e-14,3.1252141331191374e-08,0.027936602877385745,5.151314983532345e-09,1.6642706967838953e-10,3.6832627234846517e-07,0.3292505524937301,6.071150854817071e-08,1.961448386621087e-09,1.385914835589577e-09,0.0012388831847851944,2.284414300708078e-10,7.380414112001187e-12,1.9016576117049176e-07,0.16999108299160146,3.13451716633154e-08,1.0126899801639584e-09,3.4320354504010345e-08,0.0306793094344772,5.657050968862704e-09,1.827662293567459e-10
validation,S03,source_factorized_source_oof_temperature,S03:58,still_fist,0.14154990658316946,1.881182127129187e-12,1.415509427786791e-25,3.034194455165501e-17,0.000942207704562711,1.2521833017426652e-14,9.422146018572145e-28,2.0196702787074206e-19,0.2439570042143372,3.2421607840930798e-12,2.43958790066115e-25,5.2293428328828106e-17,0.0967187350672693,1.2853809667488939e-12,9.671944308270637e-26,2.0732154244079378e-17,0.03540448676387531,4.705215943131059e-13,3.5404745937272816e-26,7.589132343496986e-18,0.4790191965914608,6.366110532543323e-12,4.790227031818397e-25,1.0268020836606188e-16,0.0024084630620352177,3.200819962031823e-14,2.4084806928388706e-27,5.162663434189145e-19
validation,S03,source_factorized_source_oof_temperature,S03:59,still_fist,0.11234258113208134,3.0678534635313516e-10,1.8701936248454886e-20,6.5067025024952314e-21,0.00030141463441748665,8.231036894813341e-13,5.017720992719313e-23,1.7457453231799452e-23,0.10248967990574531,2.7987902388088483e-10,1.7061700384721127e-20,5.936038232365414e-21,0.36712664644912085,1.0025501840120654e-09,6.111644460908508e-20,2.1263387801057197e-20,0.030197325237363164,8.246291645187425e-11,5.0270204384840344e-21,1.7489807489789254e-21,0.38634298437905834,1.0550261982541067e-09,6.431543401517616e-20,2.2376367339514788e-20,0.0011993655314115315,3.275229803786527e-12,1.9966122801363409e-22,6.946533207623974e-23
validation,S03,source_factorized_source_oof_temperature,S03:60,still_open_hand,3.4222397450681387e-07,4.8880271872851645e-09,7.843739779157984e-08,0.18794915813370727,8.279839462492782e-10,1.1826196705635967e-11,1.897731047352546e-10,0.00045472818165367344,4.907082916175315e-07,7.008846980721958e-09,1.1246985698386403e-07,0.2694966371998244,2.3932494025136346e-07,3.4183076046320944e-09,5.4853040518260094e-08,0.1314370832887044,8.214190288579976e-08,1.1732429181788156e-09,1.8826843213705102e-08,0.045112273379255656,6.606154892288411e-07,9.435652415485495e-09,1.5141241928066626e-07,0.3628095466706577,4.986002551501828e-09,7.121568868089012e-11,1.1427868725023945e-09,0.002738308978375291
validation,S03,source_factorized_source_oof_temperature,S03:61,right_index_pinch,0.0033767760154131844,0.07117279518753367,0.010789940621500103,1.649977407406348e-06,0.0005488508099209348,0.011568207694176857,0.0017537638333363066,2.681822638731961e-07,0.0017951801727574075,0.037837271461652014,0.005736207370738686,8.77170032526162e-07,0.008478151915999717,0.17869523093387937,0.02709056074081978,4.142637549576027e-06,0.023385755714873377,0.49290494667195667,0.07472539321549139,1.1426866457396214e-05,0.001968495005297423,0.041490253188313224,0.0062900068360855705,9.618560042205118e-07,1.4754336669159807e-05,0.0003109792823358279,4.714509219539582e-05,7.209338746266214e-09
validation,S03,source_factorized_source_oof_temperature,S03:62,still_index_pinch,2.402327563288351e-05,0.13491888992976944,2.505884302903518e-06,0.003731474821610559,5.0679782915855385e-08,0.00028462646632291,5.286442799231054e-09,7.87196287488562e-06,2.7321804303353375e-05,0.15344400005305928,2.849956083301914e-06,0.004243826961689696,1.8108758793677712e-05,0.10170193573038937,1.8889370084081348e-06,0.002812787836340388,7.074062698482462e-06,0.03972916521285751,7.379003157095592e-07,0.0010987963194223802,9.619977908077737e-05,0.5402746737543739,1.003466471538674e-05,0.014942469085816843,4.536393245614404e-07,0.0025477172652734353,4.731942804012284e-08,7.046265228611772e-05
validation,S03,source_factorized_source_oof_temperature,S03:63,still_open_hand,0.00021600435086207242,0.00023018952673717474,0.0020543303302892747,0.16804530426431366,2.7924988288238166e-06,2.9758844266591913e-06,2.6558330970903318e-05,0.002172485477605419,0.00046112728101918967,0.0004914098728093974,0.004385595733330583,0.35874404350737404,0.0002918012711905765,0.0003109640905314695,0.0027752042930215995,0.22701317453205058,0.00011154386931352858,0.00011886904307825601,0.0010608487883418847,0.08677799027103777,0.00017914547263610204,0.00019091009694311014,0.0017037803937817442,0.13937013461331174,4.132510908738957e-06,4.40389615543555e-06,3.930264583186405e-05,0.003214977153298488
validation,S03,source_factorized_source_oof_temperature,S03:64,still_open_hand,6.251037091088058e-10,2.6013153139489916e-11,5.072194521569454e-12,0.18776691242752527,2.34396051825638e-12,9.754190068916748e-14,1.901928196270821e-14,0.0007040723370406613,1.2425243396365371e-09,5.170658157282321e-11,1.0082047277252937e-11,0.37322600309350146,3.8842137770088063e-10,1.6163821512417142e-11,3.1517150759570066e-12,0.11667293242543421,1.6916156190437513e-10,7.0395128856416275e-12,1.3726047934906047e-12,0.05081227917442021,8.941660771605053e-10,3.7209952138141177e-11,7.2554109211937735e-12,0.2685871177203919,7.426260053509012e-12,3.0903742404763344e-13,6.025789802600912e-14,0.0022306793269859563
validation,S03,source_factorized_source_oof_temperature,S03:65,still_open_hand,3.4061756066388084e-07,2.193546547474043e-06,1.5646545471533015e-06,0.12055779461269668,6.710336869225883e-09,4.3213967721421315e-08,3.0824479732932576e-08,0.0023750490505697664,1.1409808278154873e-06,7.347814219298219e-06,5.241188495909359e-06,0.403837465187362,4.743307146874373e-07,3.0546472693175346e-06,2.1788768263845805e-06,0.1678840772869334,2.482966413061895e-07,1.59900810523404e-06,1.1405708739896397e-06,0.08788183271370667,6.111873642722569e-07,3.935991820698087e-06,2.8075390088736377e-06,0.21632296522879652,3.127145343010287e-09,2.0138535597636712e-08,1.4364797196638373e-08,0.0011068182898494418
validation,S03,source_factorized_source_oof_temperature,S03:66,down_fist,0.030801633148246743,0.00042117013056748934,0.0033173196308648994,1.0880746205915798e-07,0.8171700837117073,0.011173681252427235,0.08800878665768609,2.886671705081379e-06,0.042356518560808576,0.0005791673567041188,0.00456177469034176,1.4962535473628067e-07,5.191466291845411e-06,7.09861884741559e-08,5.591181792220152e-07,1.8338971471501992e-11,0.000570231662015485,7.797136677424802e-06,6.141364899193212e-05,2.0143561749163994e-09,1.3147287174373232e-08,1.7977113840647884e-10,1.4159558886457672e-09,4.64430877259473e-14,0.000857373813968721,1.1723412178711266e-05,9.233870718409755e-05,3.0286922867019232e-09
validation,S03,source_factorized_source_oof_temperature,S03:67,still_neutral,8.762783492085615e-08,0.0008804970296710744,0.06941147191085692,0.00021344474136630702,3.0306449135090653e-10,3.0452353943728024e-06,0.0002400624464541553,7.382074660652088e-07,1.2719881354463163e-07,0.0012781118876768742,0.10075630513320073,0.00030983211993833147,8.747792287725808e-08,0.000878990691996302,0.0692927240767617,0.00021307958413741527,8.285170625175454e-08,0.0008325058050759551,0.06562822060426689,0.00020181100022196243,8.554409577737126e-07,0.008595593204590999,0.67760907325321,0.0020836914908495393,1.950730103457858e-09,1.960121533683798e-05,0.0015452059029430738,4.75160755465535e-06
validation,S03,source_factorized_source_oof_temperature,S03:68,still_open_hand,0.00023032414705999554,0.00011745827625394532,0.00842723835384848,0.14152237815539545,3.484055021520603e-07,1.7767615876381154e-07,1.2747669959515269e-05,0.00021407731606248236,0.00021848088395097704,0.00011141857400056024,0.007993909923542639,0.13424530025582218,0.00021461931625788106,0.00010944929248727266,0.007852620563375101,0.1318725649160376,6.0884538103691687e-05,3.1049253790634735e-05,0.002227680081368667,0.03741042671953445,0.0008021766734642324,0.0004090855888058033,0.029350522363681943,0.4928964330425619,5.622010919481956e-06,2.867053759288202e-06,0.00020570151523918213,0.0034544374330557582
validation,S03,source_factorized_source_oof_temperature,S03:69,left_fist,0.055129825213265704,7.549729725952806e-08,6.159314855949306e-07,0.0009142771291607804,0.0007098125667414305,9.720497052642832e-10,7.930297385049555e-09,1.1771584496270841e-05,0.11815711537602447,1.6180974324448887e-07,1.3200964691187585e-06,0.0019595264054984934,0.15160219404388128,2.0761095948792258e-07,1.6937576753722385e-06,0.002514182082180136,0.2909987723099216,3.9850699200028294e-07,3.251149544584846e-06,0.00482594532283783,0.36593542995727646,5.011286690353934e-07,4.088370535068735e-06,0.0060687004369288115,0.0011411850004439672,1.5627907919777212e-09,1.2749755145114624e-08,1.8925497079141733e-05
validation,S03,source_factorized_source_oof_temperature,S03:70,forward_open_hand,6.630370181973874e-05,0.006452464447681478,0.022327730233834907,0.16476029546293938,4.3396521422728e-07,4.2232108305880315e-05,0.00014613751522468555,0.0010783747355632364,0.00013562078345965528,0.013198181392937226,0.0456702142426541,0.33700863964545646,0.00010245495761266801,0.009970589172860426,0.03450164307437843,0.254593765123394,3.3371885419837834e-05,0.0032476452794299197,0.011237961600912671,0.0829269188751535,3.3098516824868696e-06,0.00032210419210692274,0.0011145904897058223,0.008224761607242528,9.70635575835696e-07,9.445915345363361e-05,0.00032686092477223654,0.0024119649412081617
validation,S03,source_factorized_source_oof_temperature,S03:71,left_open_hand,4.771194777178534e-06,0.00010744789910262983,5.92719853466268e-07,0.07932675461501526,1.155556055508532e-07,2.6023265923580133e-06,1.4355335463753724e-08,0.001921248574836587,1.678380894553161e-05,0.0003779734624885164,2.085032626709107e-06,0.27905066883788293,4.776418702252119e-06,0.00010756554254424975,5.933688154660892e-07,0.07941360854611479,2.325715121909996e-05,0.0005237539346658597,2.8892082395302178e-06,0.38667763819376977,1.0266953712789338e-05,0.00023121307306500687,1.2754514507135873e-06,0.17070024508615525,8.960205477912875e-08,2.0178494047961356e-06,1.1131156714245037e-08,0.0014897401058668058
validation,S03,source_factorized_source_oof_temperature,S03:72,still_open_hand,2.1499854976744648e-06,1.3476799133331442e-08,2.559764415688616e-08,0.14834048054698643,2.003568189275541e-08,1.2559008451920015e-10,2.3854405347666905e-10,0.001382382664102931,6.9900164561832e-06,4.381566658033609e-08,8.322286549825277e-08,0.48228343924325356,7.641995948830469e-07,4.790248329187327e-09,9.098530811399312e-09,0.05272674409263757,7.434179326549391e-07,4.6599822005051155e-09,8.85110514491035e-09,0.05129289174116025,3.806114091571894e-06,2.385794469131963e-08,4.531544712368992e-08,0.26260679152074873,1.960276932810263e-08,1.2287644962146173e-10,2.3338981323039143e-10,0.0013525134124522178
validation,S03,source_factorized_source_oof_temperature,S03:73,left_fist,0.07089965956019811,1.6637311134636365e-08,1.1071616538315592e-18,1.7640602233706252e-20,0.0002893322923915848,6.789470358075902e-11,4.51818275769233e-21,7.198900410957177e-23,0.08463248015841161,1.9859854239439714e-08,1.3216119411757554e-18,2.1057476549079278e-20,0.07973697799432092,1.8711075907223488e-08,1.2451642924006772e-18,1.9839422655073654e-20,0.06081353921671753,1.4270502558448572e-08,9.496578555128852e-19,1.51310663887624e-20,0.7015675434069684,1.6462981027029945e-07,1.0955605237758533e-17,1.7455759378947e-19,0.0020602327110890517,4.83454121455138e-10,3.217237811629427e-20,5.126081844488149e-22
validation,S03,source_factorized_source_oof_temperature,S03:74,right_fist,0.01799095943644215,1.903402630532698e-05,0.002744907620233343,4.110484263574749e-08,0.012365567518736647,1.3082489472750195e-05,0.001886633152089552,2.825222905732356e-08,0.18371965377502816,0.00019437121934009512,0.028030382671655564,4.1975345918571895e-07,0.009845568771991891,1.0416388056403703e-05,0.0015021531699432485,2.249466219196751e-08,0.6203015932106578,0.0006562649915430408,0.09464034289343792,1.4172339983147588e-06,0.022268143306001322,2.3559189656037605e-05,0.003397483967713223,5.087713802129896e-08,0.00033624463110347257,3.557391797840733e-07,5.130134684806969e-05,7.682348847181032e-10
validation,S03,source_factorized_source_oof_temperature,S03:75,right_open_hand,2.9778238878007033e-08,5.539610494122091e-06,7.343053602083332e-10,0.03892782274466217,8.603594329996547e-09,1.6005164587761536e-06,2.12157121160058e-10,0.011247112242505498,2.2294003814680194e-07,4.147327113391261e-05,5.497506608329125e-09,0.29144001172200146,2.171568686736393e-08,4.039743496932066e-06,5.354898700570252e-10,0.028387992070802663,4.062844547670766e-07,7.558061571225462e-05,1.0018619775567842e-08,0.5311183547112096,7.525799641787507e-08,1.400015590011834e-05,1.8557964557467391e-09,0.09838157174691631,2.708470079977389e-10,5.03853479701235e-08,6.678850639351164e-12,0.00035406675194768
validation,S03,source_factorized_source_oof_temperature,S03:76,still_index_pinch,5.578610976200059e-06,0.1229345784656926,5.499244135392452e-07,8.400074993674911e-07,3.182426309381747e-08,0.000701304031614813,3.137149963109132e-09,4.7919849178764584e-09,1.1406241337082741e-05,0.25135674034889693,1.124396485925061e-06,1.7175114564578265e-06,3.0673301483020748e-06,0.0675940552953702,3.0236912739257704e-07,4.6186771915126646e-07,2.517694854012832e-06,0.05548186760176971,2.4818756352981615e-07,3.791055815708265e-07,2.2704345704261643e-05,0.5003304909413113,2.238133121215263e-06,3.4187400306595445e-06,7.007748478425368e-08,0.0015442815583739432,6.9080493131170535e-09,1.0552019670617251e-08
validation,S03,source_factorized_source_oof_temperature,S03:77,still_index_pinch,4.631933003572855e-08,0.09580284338295292,1.1418314568328621e-07,2.2940469507395344e-10,1.6836748960388277e-10,0.0003482365618168429,4.1504766107239184e-10,8.338698461992605e-13,7.611477570785697e-08,0.15742913230056862,1.876327769982217e-07,3.7697192291889e-10,3.1190320791728955e-08,0.06451132638510042,7.688817908469995e-08,1.5447559420583552e-10,2.1281750636069927e-08,0.04401730814175834,5.246227074958425e-08,1.0540164358037321e-10,3.0763623438054953e-07,0.6362878296932952,7.583631486171465e-07,1.5236229990229217e-09,7.743732633766512e-10,0.0016016458013100577,1.9089303553651274e-09,3.835220894199377e-12
validation,S03,source_factorized_source_oof_temperature,S03:78,still_neutral,4.12875180198511e-07,0.0024873976453025234,0.06060965533649262,1.1016547343159895e-05,1.8600203499292815e-09,1.1205832804976043e-05,0.0002730490902211,4.963001707776345e-08,7.46917981214043e-07,0.004499863679896313,0.10964679781488905,1.9929648707741802e-05,3.81713320800203e-07,0.002299660674401701,0.05603512616070735,1.0185070626159628e-05,4.856519745828061e-07,0.0029258469289265097,0.07129321452260333,1.2958415101915745e-05,4.505519750047419e-06,0.027143843356589297,0.6614057038517988,0.00012021858908562779,7.7705793053115e-09,4.681444076482185e-05,0.001140713116330626,2.0733858295764758e-07
validation,S03,source_factorized_source_oof_temperature,S03:81,still_neutral,8.213431315997684e-06,1.967358397518212e-06,0.07701401726677798,1.3566142986812855e-07,1.810041441939915e-08,4.335581675493576e-09,0.00016972025150028492,2.9896495226771223e-10,8.713735843983488e-06,2.0871960483830988e-06,0.08170517009615616,1.4392497101491523e-07,8.80633884318991e-06,2.1093771906018543e-06,0.08257347089584119,1.4545449683659607e-07,6.2983902693660596e-06,1.5086497360913468e-06,0.059057453370685846,1.040306538079228e-07,7.435259121516365e-05,1.780963267075457e-05,0.6971741192406549,1.2280834222115017e-06,2.316524676430069e-07,5.548758003681272e-08,0.0021721113206610142,3.82620902079259e-09
validation,S03,source_factorized_source_oof_temperature,S03:82,left_fist,0.30274817020478145,2.416025368394206e-06,1.6223931871143901e-15,3.688514449068389e-16,1.752885913398123e-06,1.3988579457990161e-11,9.393517264736173e-21,2.135618198704246e-21,0.010877912527986833,8.680915430475578e-08,5.829350236367964e-17,1.325304047520476e-17,0.38252485198264663,3.0526683144151893e-06,2.0499073977517467e-15,4.660468939288259e-16,0.001405068212235509,1.1212885094529534e-08,7.529601560993624e-18,1.7118565569700389e-18,0.2669196415331932,2.130102470415187e-06,1.4303921560865259e-15,3.2519996863049205e-16,0.035514622403227745,2.8341782748711815e-07,1.903188428553111e-16,4.326903042846023e-17
validation,S03,source_factorized_source_oof_temperature,S03:83,still_index_pinch,9.00735722631878e-07,0.08682728184508569,3.733017051225965e-08,8.261167869779805e-08,4.555217889195639e-09,0.00043910458705389893,1.8878685085044114e-10,4.1778535835253857e-10,1.3842549444487077e-06,0.13343657988373392,5.73691836687903e-08,1.2695802090817148e-07,6.552084917720995e-07,0.06315944949553198,2.715451836135195e-08,6.009295739286126e-08,5.472640850265627e-07,0.052754045121528086,2.268086087402428e-08,5.0192752012718695e-08,6.863902262187653e-06,0.6616524262351893,2.8446816906324565e-07,6.295281446594504e-07,1.7836408942298044e-08,0.001719357706622292,7.392137009919607e-10,1.6358801451309388e-09
validation,S03,source_factorized_source_oof_temperature,S03:84,left_open_hand,9.266206864719234e-07,7.533477160758541e-07,1.055307596876635e-06,0.16709425248127452,1.8331647426013966e-10,1.4903730212280206e-10,2.0877503680167107e-10,3.3056815675708485e-05,1.0083271773817939e-07,8.197755427088703e-08,1.1483612938533545e-07,0.01818280968911538,4.1927595222435984e-06,3.4087365588219145e-06,4.775040143499524e-06,0.7560655923520305,4.533105694869086e-08,3.685439869643518e-08,5.1626527953464094e-08,0.008174390217714067,1.8750925329223352e-07,1.5244605454323958e-07,2.1355009916450316e-07,0.033812884786203264,9.216973397459073e-08,7.493450081009052e-08,1.0497005072898435e-07,0.016620644266556444
validation,S03,source_factorized_source_oof_temperature,S03:85,down_neutral,0.00014570908650491738,0.001808098696728037,0.01609957558559434,9.799259614838855e-05,0.007047277214606768,0.08744940382823461,0.7786622983554936,0.004739450411786064,0.00013922612386973248,0.0017276518517660461,0.0153832650968849,9.363265982188275e-05,0.00014596629144342986,0.0018112903433526336,0.01612799447454558,9.816557218078017e-05,6.466470396614058e-06,8.024219337998342e-05,0.0007144882410527146,4.348844929856358e-06,1.8023465442240758e-10,2.236525199513796e-09,1.9914347908008467e-08,1.2121180721398126e-10,0.0005427949099825476,0.00673552207944791,0.059974074989791286,0.00036504162973752274
validation,S03,source_factorized_source_oof_temperature,S03:86,forward_open_hand,6.381472589103126e-06,7.311273389506445e-07,0.0009280517502936005,0.07925987152199296,2.764568261144322e-06,3.167374626930635e-07,0.0004020486459414081,0.03433679642630483,6.135264450672412e-05,7.029191944251598e-06,0.008922459248173108,0.7620188997506757,3.30395475264144e-06,3.78535144135371e-07,0.000480491132456731,0.04103614417399586,4.392243748776907e-06,5.032207596643754e-07,0.0006387600106171452,0.054553031508086686,1.3454821590263803e-06,1.541523177917122e-07,0.00019567224574551346,0.01671130629655381,3.404304290976652e-08,3.90032222576675e-09,4.95084874479877e-06,0.00042282516606797945
validation,S03,source_factorized_source_oof_temperature,S03:87,down_index_pinch,9.728549934590573e-08,0.0008913142455893529,1.2248450468841313e-06,0.00017407319887366597,8.981225356101054e-05,0.8228455583373715,0.0011307552992308825,0.16070130061038598,9.599784244168516e-07,0.008795169381809537,1.2086331736674154e-05,0.0017176919100120324,2.9822319204615545e-10,2.7322733729387434e-06,3.754693167014939e-09,5.336115388914293e-07,3.147698276666221e-07,0.002883871012301827,3.963018814913029e-06,0.000563218477360341,1.7584468273372316e-11,1.611060967826586e-07,2.213921808650065e-10,3.146393515394163e-08,1.688379358215459e-08,0.00015468662689243633,2.1257053806330136e-07,3.021021609313465e-05
validation,S03,source_factorized_source_oof_temperature,S03:88,still_open_hand,4.2659794662053286e-06,2.4407275452244115e-05,3.104755226072756e-05,0.1137389820357268,4.315674424603056e-09,2.4691599028531757e-08,3.1409229298831216e-08,0.0001150639424639806,1.9394773239310076e-06,1.1096480340228381e-05,1.4115403988760247e-05,0.05171008868017623,7.373431827056923e-06,4.2186180936169536e-05,5.366341113570731e-05,0.19658946714651584,2.3371027863060836e-06,1.3371445389614133e-05,1.70092991472073e-05,0.06231152632897375,2.138791113444922e-05,0.00012236829608347095,0.00015565998241554772,0.5702416665560561,1.7884762961909293e-07,1.0232546580860713e-06,1.3016427226841158e-06,0.004768411918886447
validation,S03,source_factorized_source_oof_temperature,S03:89,still_index_pinch,1.8157789528199176e-08,0.06970692114244786,3.827278998326069e-08,4.347685674529443e-08,9.297148066234186e-12,3.5691324987338474e-05,1.9596426912519073e-11,2.2261012222204283e-11,5.430754698426159e-09,0.020848418190951176,1.1446885299594307e-08,1.3003352840698197e-08,2.3623458237586405e-08,0.09068937262005271,4.9793266652934004e-08,5.656380739676143e-08,4.293737404384181e-09,0.016483460951508818,9.050292694826969e-09,1.0280888306498475e-08,2.0787535598645803e-07,0.7980239568645009,4.381573996113119e-07,4.977349836038468e-07,1.0968470871571017e-09,0.0042107456577269034,2.311922282462889e-09,2.6262813326348896e-09
validation,S03,source_factorized_source_oof_temperature,S03:90,left_index_pinch,8.71278913391137e-05,0.4608745558055039,8.230823460633369e-07,6.725199977950614e-07,8.997020069551203e-11,4.7590932873479947e-07,8.499331583273069e-13,6.944591248956821e-13,1.234448822447207e-06,0.006529781037574359,1.1661627720569443e-08,9.528424326477643e-09,7.172545259911066e-05,0.37940130994222815,6.77578131300741e-07,5.536321433059757e-07,5.4787437492948224e-08,0.0002898054288954077,5.175675882132851e-10,4.228915307791197e-10,1.490482090281746e-05,0.0788410302070839,1.408033038306474e-07,1.1504685774713192e-07,1.3965200726839597e-05,0.0738707844617323,1.3192687210521766e-07,1.0779414740415653e-07
validation,S03,source_factorized_source_oof_temperature,S03:91,up_open_hand,1.1273267686214685e-08,4.602298184213088e-12,1.5985374789039905e-10,0.003279299246143672,1.6917102681720014e-16,6.90638713825922e-20,2.3988273341779367e-18,4.92104362419582e-11,3.650099384957871e-15,1.4901487518238468e-18,5.1758024656103644e-17,1.06178337059084e-09,2.68832162268851e-10,1.0975041192190931e-13,3.81201173327105e-12,7.820102667706917e-05,9.920859607107324e-17,4.0501791873048485e-20,1.4067674383620383e-18,2.8858950515711807e-11,4.292636590155218e-14,1.752463805016915e-17,6.086913451961002e-16,1.2486920674542627e-08,3.4261521656124916e-06,1.3987225647021528e-09,4.8582476683818014e-08,0.9966389982565158
validation,S03,source_factorized_source_oof_temperature,S03:92,still_fist,0.12589120255718833,1.7963334193844005e-09,7.071950248417851e-22,6.508819298455601e-19,0.0004821126202297759,6.8792337672071574e-12,2.7082722185059185e-24,2.4926157371124292e-21,0.1907832443103845,2.7222737622006596e-09,1.0717266850969067e-21,9.863863694727218e-19,0.07248857110664961,1.0343347283790164e-09,4.0720523597528726e-22,3.747799694915946e-19,0.04049484466794117,5.778183170246423e-10,2.274801741440167e-22,2.0936619963013249e-19,0.5677021469621041,8.100505183283537e-09,3.189072197012513e-21,2.9351301877055858e-18,0.0021578635065674506,3.079041468013834e-11,1.212181872231241e-23,1.1156572778466422e-20
validation,S03,source_factorized_source_oof_temperature,S03:93,still_fist,0.11722357057393852,6.550504589108049e-09,2.6059834047146565e-19,7.097287410964865e-19,0.0002585060111946174,1.4445429399152149e-11,5.7468167186329055e-22,1.5651216303406089e-21,0.13049141019817737,7.291917292377544e-09,2.900939186285679e-19,7.900587213852344e-19,0.10290725870350538,5.7505027964035395e-09,2.2877191600034253e-19,6.230507978193846e-19,0.035841278792691916,2.002826394568346e-09,7.967832516976055e-20,2.1700060450539447e-19,0.6106819379604264,3.4125174804942535e-08,1.357599830897547e-18,3.697366672222616e-18,0.0025959818796299212,1.4506460716474488e-10,5.771096771863361e-21,1.571734201848866e-20
validation,S03,source_factorized_source_oof_temperature,S03:94,right_index_pinch,0.003619449377234119,0.017713639477459544,0.0055789365361131465,0.00012144141807648162,5.621796401676172e-05,0.000275131558135147,8.665308469618058e-05,1.886250796740057e-06,0.0045115471900210756,0.022079579538324276,0.006953995713027794,0.00015137349120594864,0.02935274228829036,0.1436527605110153,0.04524364601347044,0.0009848566111587635,0.08269124466502539,0.4046921902408235,0.1274583943569108,0.0027744943962454034,0.013229403161406151,0.06474489727003414,0.02039149963316796,0.00044387897516455065,0.0004271206251413633,0.002090334738407882,0.000658353968401008,1.4330946229870515e-05
validation,S03,source_factorized_source_oof_temperature,S03:95,left_neutral,0.0007190420304818423,2.2447026355851763e-05,0.2940449088538157,0.08818246841341158,2.9043233948291222e-08,9.066705564618934e-10,1.1876934472693519e-05,3.561828031877739e-06,7.601620261608808e-05,2.373070879391641e-06,0.031086051193255318,0.009322537629140662,0.0008000257411586172,2.4975172710158855e-05,0.3271623718324939,0.09811421538510116,4.934831998609851e-06,1.5405539487068027e-07,0.002018049242918032,0.0006052019887506353,0.0002461031500051655,7.682838638406397e-06,0.10064137455694004,0.030181800690049686,3.139595982799176e-05,9.801178621699372e-07,0.012839057738827162,0.003850363564957884
validation,S03,source_factorized_source_oof_temperature,S03:96,still_index_pinch,5.533672466496127e-05,0.13873298890269292,9.388290134564564e-07,1.7272731332062735e-08,7.77797147205921e-09,1.9499911432269942e-05,1.3195911626532333e-10,2.4278056274334295e-12,1.343192205728854e-05,0.033674755869596444,2.2788262605381367e-07,4.19262221198387e-09,6.927283192176817e-05,0.1736717718738784,1.1752655193491844e-06,2.162272923886067e-08,4.1488705396619945e-06,0.010401504859973987,7.038869863173808e-08,1.2950229092338693e-09,0.0002537773562753553,0.6362373516876499,4.305523076620391e-06,7.92137250559198e-08,2.734877885223374e-06,0.006856527660394014,4.639925334312226e-08,8.536611305326217e-10
validation,S03,source_factorized_source_oof_temperature,S03:97,still_neutral,1.4919604015345152e-06,4.0235760999352324e-07,0.12224716837704082,9.594200515423993e-05,2.988487425383782e-10,8.059467642280443e-11,2.4486851333842773e-05,1.9217767152174583e-08,4.5205128880575697e-07,1.2191092737535268e-07,0.03703985036121432,2.906961004861455e-05,1.8079134286381583e-06,4.87565035555816e-07,0.14813549816370858,0.00011625968042477505,1.6228146751493787e-07,4.376468929630733e-08,0.013296901086226947,1.0435672003588093e-05,8.21183623506119e-06,2.214599528110194e-06,0.6728554765124485,0.0005280703385825006,6.835647198019111e-08,1.84346358423794e-08,0.005600942981615439,4.3957312676019e-06
validation,S03,source_factorized_source_oof_temperature,S03:98,backward_open_hand,0.0008581322119027863,5.621422303763461e-06,0.005579122500068626,0.3320287990240455,7.164183354065131e-07,4.693088027250861e-09,4.657773707929506e-06,0.0002771968190966565,1.2061749444263935e-05,7.901368391479637e-08,7.841912560940737e-05,0.004666936081128711,0.0004461700440676848,2.9227550279598893e-06,0.0029007620238320863,0.17263226090046957,4.4419476772521017e-07,2.909815457187849e-09,2.887919820109518e-06,0.00017186798632525205,2.9561787994493526e-05,1.93652320780377e-07,0.0001921951352654985,0.011438056780377646,0.0011882282885840422,7.78380406976928e-06,0.007725232881490138,0.45974968210335687
validation,S03,source_factorized_source_oof_temperature,S03:99,right_index_pinch,0.0004497333815940825,0.027632074002652413,0.0006523004817885604,6.563233153127018e-06,0.00011109426711060033,0.006825744175781977,0.0001611328999046779,1.6212663032443985e-06,0.0009143336510080316,0.05617758463518449,0.0013261641351905375,1.3343427855066164e-05,0.00029437925223189113,0.018086959108272085,0.0004269723705605076,4.296055723043776e-06,0.012893299105696183,0.7921773424159289,0.018700647011523276,0.00018815976666830008,0.0007846134530319187,0.048207444421421365,0.0011380158875830284,1.1450341998354152e-05,0.00020052462937337567,0.012320436118305855,0.0002908441261066633,2.9263780483827086e-06
final,S04,source_factorized_uncalibrated,S04:100,left_index_pinch,0.0009676259352823689,0.1634722885139649,7.997021432986406e-05,0.0019568494068465136,3.6544112676787525e-05,0.006173821425366566,3.02021723136698e-06,7.390389468471168e-05,0.0018916729526756537,0.3195822842466683,0.0001563388143614956,0.003825568290819659,0.0013897783420973083,0.23479139802458188,0.00011485933544773393,0.0028105767169083057,0.00064116949962128,0.10832021094789912,5.298996279127506e-05,0.0012966499855709677,0.0008426952977658109,0.14236630481130538,6.964522251817782e-05,0.0017041996637927653,4.2893233403580484e-05,0.0072464521366934756,3.5449453590598865e-06,8.674384933577847e-05
final,S04,source_factorized_uncalibrated,S04:101,down_open_hand,0.00030460189997495724,0.00010314342814128714,0.00964270477124913,0.01986734808638007,0.007308554213895295,0.0024748018198165753,0.23136503940078876,0.47669299038376123,0.0022301368065613726,0.000755162576043399,0.07059887291226888,0.14545839740279204,4.5150805796679864e-06,1.5288837310581239e-06,0.00014293275600617795,0.0002944915232692031,0.0003193665336923133,0.00010814298637445554,0.010110105020570621,0.02083035625361321,2.4255488022853257e-06,8.213324296804125e-07,7.678498069321705e-05,0.00015820394541027715,1.1693943675794843e-05,3.959769913817899e-06,0.0003701921967216099,0.0007627255428434285
final,S04,source_factorized_uncalibrated,S04:102,forward_index_pinch,0.0025765191772593237,0.08097441003576154,0.000474108616885143,0.08188120772313257,0.00039625593296482967,0.012453464611557158,7.291556529780046e-05,0.012592925620344126,0.007374788785893767,0.23177361781227432,0.0013570443961606281,0.23436915114845996,0.0013637123497463155,0.04285852166512936,0.00025093846833119834,0.04333847586686934,0.0012932111881692712,0.04064282305286071,0.00023796545866020368,0.04109796459617405,0.002431074793773044,0.07640340848849411,0.000447345208292259,0.07725901749007909,9.440874266927793e-05,0.002967062037548878,1.7372274502691078e-05,0.0030002888927090133
final,S04,source_factorized_uncalibrated,S04:103,still_neutral,0.0010164605745381352,0.0017825156561047705,0.08795945808916539,0.01079280423626092,2.028268701657153e-05,3.5568725497631476e-05,0.001755163164474363,0.00021536208667480853,0.0011545625656998587,0.0020246981544243636,0.09991011963758747,0.012259174691331037,0.001192710992174134,0.002091597126356507,0.10321129530901604,0.012664235654020443,0.0014429258341934292,0.0025303862781067723,0.12486364706883103,0.015321023211322686,0.005097005591140129,0.008938361696506669,0.4410695907982918,0.05412013501979549,8.538880509479177e-05,0.00014974204189543275,0.007389123799938845,0.0009066605045405534
final,S04,source_factorized_uncalibrated,S04:104,right_fist,0.07343077684959091,1.3258524454458046e-05,3.8595227478106076e-11,4.44961560224308e-09,0.018630703773174596,3.363925211990663e-06,9.792300736184962e-12,1.1289472037003042e-09,0.2401873064643558,4.336777320129648e-05,1.2624248480079963e-10,1.4554403918314145e-08,0.3176677345241622,5.735749514414071e-05,1.6696620957078918e-10,1.9249412419580022e-08,0.16736725069050193,3.021951940806401e-05,8.796825241296782e-11,1.0141795605709093e-08,0.180202412327796,3.253701231425452e-05,9.471441532125775e-11,1.09195558028482e-08,0.002333228726625957,4.2128343804913183e-07,1.226345373507815e-12,1.4138446290527632e-10
final,S04,source_factorized_uncalibrated,S04:105,still_fist,0.09357827547591326,0.0015731520688616039,3.0916567998033935e-05,0.0001309216415510789,0.03484875781465484,0.0005858453276101712,1.151339865096267e-05,4.875551035651392e-05,0.2125900679198555,0.003573869078765321,7.023590953268442e-05,0.00029742630464147496,0.058368130860271684,0.0009812314380815439,1.9283773690873536e-05,8.166052930161011e-05,0.32490536214307053,0.005462010707508306,0.00010734284929419993,0.000454562163538347,0.25150209310329874,0.00422802232757877,8.309173815751078e-05,0.00035186657068810246,0.0060042822371760346,0.0001009384814520731,1.9837061446256423e-06,8.400352355599971e-06
final,S04,source_factorized_uncalibrated,S04:106,forward_fist,0.07192140011047289,0.017800065831556296,0.00017937664998871823,0.01804061649693477,0.219477390028937,0.0543191871272311,0.0005473908865954526,0.05505325837898505,0.2826889093368175,0.06996361567373714,0.0007050445273300369,0.07090910623887679,0.04003862035863977,0.009909290935573696,9.985892347856397e-05,0.010043205413786203,0.04059551955374291,0.010047119764255428,0.00010124786629454885,0.010182896865716719,0.009677756383666103,0.0023951800224469824,2.4136953908606887e-05,0.0024275485627407727,0.001900459067669257,0.00047035091728928876,4.739868529750076e-06,0.00047670725479871147
final,S04,source_factorized_uncalibrated,S04:107,still_open_hand,0.0014842796301306976,0.008204556497748348,0.04294635057111433,0.32440899921282784,2.5575230879835366e-06,1.4137054934728885e-05,7.39997241089863e-05,0.0005589805913885531,0.0006641272043602633,0.0036710529870881844,0.01921594769831779,0.1451538088530899,0.000861960659567632,0.004764604180168088,0.024940088048665633,0.18839293436004506,7.428989090240909e-05,0.00041064742434463353,0.0021495139014363228,0.016237040965898425,0.0007394851107154715,0.004087604011364447,0.02139636370547609,0.16162427876132032,0.00010991984063266892,0.0006075967926709437,0.003180435757995238,0.024024439040598915
final,S04,source_factorized_uncalibrated,S04:108,still_fist,0.19355551686340447,2.283877721555426e-05,8.45708524698058e-11,4.749227051479001e-09,0.0014374833652275284,1.696172904886286e-07,6.280843634865276e-13,3.5271197612039825e-11,0.15378757373944588,1.814631890670692e-05,6.719491348617348e-11,3.773450208087504e-09,0.15767216347017993,1.8604684965560596e-05,6.88922201315608e-11,3.868765489883989e-09,0.036663640844715045,4.326163049924725e-06,1.6019565916442168e-11,8.99607294729364e-10,0.44222879536554416,5.218122996093321e-05,1.9322449092036458e-10,1.0850865901048914e-08,0.014536819302774303,1.71528656407728e-06,6.3516205611579324e-12,3.56686580646108e-10
final,S04,source_factorized_uncalibrated,S04:109,up_fist,0.05564932178268419,0.011640641759461806,0.0009679121719398621,0.02995639405619965,0.01202703782092299,0.002515797753072092,0.00020918702917372626,0.006474233157761367,0.0178103920036675,0.0037255511166856205,0.0003097772741002965,0.00958745055763223,0.0014458559391358353,0.0003024419792391342,2.5147863757012954e-05,0.0007783137129755071,4.951649263625334e-07,1.0357785746510338e-07,8.612434868759404e-09,2.6655051996591756e-07,8.793524618923901e-08,1.839416305766228e-08,1.5294632962728524e-09,4.733611842675566e-08,0.479678177669274,0.10033836257492233,0.008343072869658748,0.25821390180700643
final,S04,source_factorized_uncalibrated,S04:110,still_index_pinch,0.017522062660104618,0.06624428791963817,0.010269134571770299,0.018486957527060675,0.0005253121136890519,0.0019860063042762503,0.0003078690501396577,0.0005542396989785669,0.019991672805439287,0.075580949287098,0.011716496073335634,0.02109256274322919,0.01838921676691475,0.06952266943421975,0.01077734655514437,0.019401863577392046,0.01337388676353243,0.05056160467826968,0.007838018022560369,0.01411035226646466,0.08480261706478474,0.32060660266722735,0.04970016964152207,0.08947247879838971,0.001115835138043248,0.004218550383550837,0.0006539561816866364,0.001177281305538046
final,S04,source_factorized_uncalibrated,S04:111,still_neutral,1.1155407024938179e-05,0.0005053023652171569,0.1164665228229554,0.00016988443247303845,3.225805416371467e-07,1.4611812038582704e-05,0.0033678586474555163,4.912542601122679e-06,2.5399384610061744e-05,0.0011505065740616109,0.26517885010952097,0.0003868043568467354,8.705851189282384e-06,0.0003943457363177087,0.09089226542457146,0.00013258042357214308,1.3237427854272411e-05,0.0005996108962409098,0.13820358054711027,0.000201591292312198,3.597884061633647e-05,0.0016297202980190386,0.37563223398468937,0.0005479176963673451,4.214574958107888e-07,1.9090605030870377e-05,0.004400170154707994,6.418328558273347e-06
final,S04,source_factorized_uncalibrated,S04:112,still_open_hand,0.002812030284718563,0.0011037914863842122,0.05411397226094904,0.12673374966748602,0.00010076731350235548,3.9553664608146544e-05,0.0019391397159944056,0.00454142316797656,0.006203750797338989,0.002435125734941144,0.11938335102057464,0.27959321946922566,0.0015022277495319177,0.000589661572833807,0.028908476274086086,0.06770302460372794,0.0018086963053439446,0.0007099580662919617,0.034806076672698055,0.08151507685803878,0.0026919321275578724,0.0010566499871888467,0.05180283486655389,0.12132111600281953,0.00010021195681087187,3.93356733612893e-05,0.001928452577679718,0.004516394121775626
final,S04,source_factorized_uncalibrated,S04:113,backward_neutral,0.002760114163733841,0.0022188685205634766,0.18441420140417988,0.08508962041272898,2.8746558820509088e-05,2.3109491367946455e-05,0.0019206718901913038,0.0008862074657449482,0.0013657673761960664,0.001097946699912756,0.09125234865081014,0.04210428290958858,0.0043031103502832995,0.003459290279441937,0.2875079115307486,0.13265756580313653,0.00048574145739155436,0.00039048980042213845,0.03245431806073801,0.014974582128248065,0.0006854611367391548,0.0005510453728198877,0.045798383916971275,0.021131599808143574,0.00042674958106086097,0.0003430659586553631,0.028512836253281857,0.013155963018079479
final,S04,source_factorized_uncalibrated,S04:114,still_neutral,2.9457226879989913e-06,8.22590143170979e-06,0.10582166780166381,0.0018187461950864305,2.1986274136349003e-07,6.139645277302462e-07,0.007898313739211809,0.00013574751144268486,1.1614069591921858e-05,3.243217430934214e-05,0.41722196701978925,0.0071707513289805385,1.6443608337989621e-06,4.591861342583726e-06,0.05907175397374007,0.0010152602015135912,4.568789582371123e-06,1.2758299659339918e-05,0.16412846172217313,0.0028208591063039155,6.293420591538474e-06,1.7574314671641603e-05,0.22608382855832593,0.0038856796675298963,7.726026811851997e-08,2.157485335329139e-07,0.0027754854387394045,4.770198472666405e-05
final,S04,source_factorized_uncalibrated,S04:115,backward_index_pinch,0.003549704918787533,0.25670289490170495,0.10755904459420843,0.01673769844326991,0.00018505344914968822,0.013382452117878066,0.005607275152381407,0.0008725707907046049,0.0019793603948923526,0.14314078354327045,0.05997628474846742,0.009333152517808712,0.002379160017253552,0.1720529671722644,0.07209054956600162,0.011218302317556186,0.00028697876138328944,0.020753352886458732,0.008695697839514833,0.0013531727502851946,0.0002934847632948322,0.021223845381789726,0.008892835169446093,0.0013838500884183979,0.0005570754946039152,0.04028585344848027,0.01687985602671151,0.0026267427440139456
final,S04,source_factorized_uncalibrated,S04:116,right_neutral,0.003984561285993488,0.004076724969558966,0.022696264093425435,0.00037775547062330857,0.005607274888272536,0.005736972255529507,0.03193932344723235,0.0005315964825988408,0.0066113004124270435,0.006764221086858413,0.03765830398665925,0.0006267829051864491,0.02854490926598063,0.029205158612437655,0.16259325750639794,0.0027061939470160727,0.08205191999347078,0.08394979698605234,0.46737191672535644,0.0077789145223176965,0.0004930878489196041,0.0005044930675160796,0.0028086535096543343,4.674708683287758e-05,0.0006826054836233864,0.0006983942822582255,0.0038881556126131806,6.471426518714235e-05
final,S04,source_factorized_uncalibrated,S04:117,right_open_hand,0.0010191974391062534,0.001796818432866283,0.014267166668414651,0.03453268232452549,0.00031148763389224766,0.0005491445530694142,0.004360338652133839,0.010553895738446515,0.004010039586284692,0.00706959492704205,0.056134268915190806,0.1358690846627062,0.0008426113985014695,0.0014855018610509263,0.011795238879003049,0.028549553433917053,0.009004329125873645,0.01587439678336731,0.12604649447388067,0.3050867528885641,0.004386849765602356,0.007733901419494925,0.06140902081742735,0.14863625392721594,0.0001713023837175408,0.0003020016228921486,0.002397964874537016,0.00580410681127614
final,S04,source_factorized_uncalibrated,S04:118,forward_index_pinch,0.003176703452696319,0.053533980674350376,0.0020180379393545333,0.0017084857445675789,0.01544169446945122,0.2602242814340057,0.009809516610945868,0.008304808826468526,0.01637115496977013,0.2758876007216186,0.010399967240255622,0.008804688666869013,0.0022492304653079238,0.03790415506356214,0.0014288499008274775,0.001209674822799094,0.007327379932854966,0.12348140818310731,0.004654803610332453,0.003940790932086413,0.007919233244660148,0.1334553526283579,0.005030785333379883,0.004259099820892511,7.665204023955668e-05,0.0012917443827975192,4.869410306494328e-05,4.122478537622007e-05
final,S04,source_factorized_uncalibrated,S04:119,still_index_pinch,0.0004719637843597445,0.13684329046036914,9.126604236255252e-05,2.3453004137362393e-06,3.939456194173837e-06,0.0011422235478651093,7.617927218518075e-07,1.9576095768927258e-08,0.00035396560243187666,0.10263036985406519,6.844813254105581e-05,1.7589393537007255e-06,0.0005078475035514093,0.14724757649007947,9.820506002534874e-05,2.5236151579083447e-06,0.0001780762729314163,0.05163223100668962,3.443551646906898e-05,8.849033981478524e-07,0.0018816586625545373,0.5455765282002063,0.00036386592552124195,9.350409895933405e-06,3.728913550242736e-05,0.01081177872047329,7.210790177564671e-06,1.85298592434053e-07
final,S04,source_factorized_uncalibrated,S04:120,still_fist,0.16006996147408178,0.00020645730705051412,3.099650604392138e-10,4.410036014133593e-09,0.0016522804601300598,2.1311017454444184e-06,3.199533553768439e-12,4.552144741911881e-11,0.13791850178552276,0.00017788648294071746,2.6707020072943144e-10,3.799748274369306e-09,0.1448853377996243,0.00018687226758693187,2.805610251557916e-10,3.991689332165621e-09,0.054806467670322274,7.068906383161674e-05,1.0612915694767591e-10,1.5099553595676038e-09,0.4886458380722198,0.0006302525651957947,9.462308564118103e-10,1.3462524287568506e-08,0.010733450558399901,1.3843942219014593e-05,2.0784628298885666e-11,2.9571384338797545e-10
final,S04,source_factorized_uncalibrated,S04:121,still_fist,0.12054990979134117,8.225200914950965e-05,4.0088397050402567e-10,3.823203223564345e-10,0.0016434115856303287,1.1213107086653762e-06,5.4651004116066474e-12,5.212029177541671e-12,0.11332799363726709,7.732444748969529e-05,3.7686777316714196e-10,3.594162379250493e-10,0.11738824393883236,8.009478340725592e-05,3.9036997540809763e-10,3.722931965791797e-10,0.06698218299892805,4.570239113756424e-05,2.2274660777528223e-10,2.1243192832424065e-10,0.5710646581150823,0.0003896412329594061,1.899052997683303e-09,1.811113957321331e-09,0.008361751986300757,5.705279266269027e-06,2.780667644165209e-11,2.6519038632218756e-11
final,S04,source_factorized_uncalibrated,S04:122,backward_index_pinch,0.0018195495342727584,0.3181345774847912,0.00024506686275598205,2.0874995283668555e-05,2.0316483114158264e-06,0.00035521845653314026,2.7363348374088794e-07,2.330832336247957e-08,0.00045412162271997567,0.07939975683512789,6.116357883827595e-05,5.209963539838614e-06,0.0016679828475361668,0.2916342800554127,0.00022465303410377062,1.9136128706424097e-05,6.752070829144227e-05,0.011805488995581133,9.094057534772836e-06,7.746392393198394e-07,0.0013491959057108653,0.23589677627495326,0.00018171706877324984,1.547880815441283e-05,0.000321782302829299,0.05626122016711002,4.333939689984306e-05,3.691685182186793e-06
final,S04,source_factorized_uncalibrated,S04:123,still_index_pinch,0.007727274122216175,0.14695329118973502,0.00018181641534938757,0.006870021327243352,0.00023524814886288428,0.004473827274006268,5.5351957840938825e-06,0.00020915005399329886,0.015408563154757722,0.2930320617960844,0.00036255083929638354,0.013699159085222401,0.005103849468432064,0.09706236187049673,0.00012008938729962589,0.004537635671337065,0.004640705121034423,0.08825452290043499,0.00010919198108608525,0.004125871898771242,0.01440051556750619,0.27386153564681937,0.0003388323072607803,0.012802942862818212,0.0002619889094242157,0.004982369188173186,6.164383923673322e-06,0.00023292423263087078
final,S04,source_factorized_uncalibrated,S04:124,up_fist,0.06519410443187702,0.0024006253708203805,0.0019813083229610197,0.00027770793643731943,5.87325008646276e-06,2.162691441136122e-07,1.7849342943731512e-07,2.5018338328371468e-08,0.00020088354930681074,7.397082132638052e-06,6.105034368612696e-06,8.557055339335497e-07,0.01201090519108578,0.000442274404710441,0.0003650223686447044,5.116296518569549e-05,1.8194676046399033e-05,6.699777734731253e-07,5.529528075959491e-07,7.75040317375754e-08,1.0530852968622306e-06,3.8777483076357316e-08,3.200422310641964e-08,4.485837289009478e-09,0.8558633058363526,0.031515229541834756,0.0260104668351171,0.003645728929133367
final,S04,source_factorized_uncalibrated,S04:125,right_open_hand,0.001634547708869082,0.0005489897921825351,0.048679468221729943,0.1015843290435961,0.0004798219255907997,0.00016115610317484784,0.014289871168732832,0.029820107487270455,0.001612326602727796,0.0005415264673885399,0.048017687825607495,0.10020332551233124,0.0016744435164251067,0.0005623894567994157,0.04986762974529138,0.10406378487118724,0.003810470049068619,0.0012798091784077166,0.1134819465085105,0.23681416037906397,0.0006986769697963616,0.0002346621774145776,0.02080772752236665,0.04342157210209697,0.0008117616737872481,0.00027264353935716303,0.024175572476917935,0.050449591974307366
final,S04,source_factorized_uncalibrated,S04:126,up_neutral,0.00040250002415676716,0.0006978784544731659,0.0061401380509224415,0.00020316898063022878,5.093448547692683e-10,8.831323694574238e-10,7.77005599033768e-09,2.571007918559011e-10,3.932104440854754e-09,6.8177162865013736e-09,5.998425502724895e-08,1.9847990137483937e-09,2.81963107175551e-05,4.888843866938108e-05,0.0004301347327747272,1.4232584750821437e-05,1.0930247810557358e-09,1.8951513021697357e-09,1.6674093530358504e-08,5.517235211001645e-10,4.1598242475228865e-08,7.212550416172352e-08,6.345812078117277e-07,2.0997445993716573e-08,0.05364193647115271,0.09300757632962345,0.8183077651776867,0.02707671278953973
final,S04,source_factorized_uncalibrated,S04:127,up_open_hand,0.0034321057280008774,0.014358209530439614,0.022763532010666655,0.08452178396568896,9.498893988844721e-05,0.00039738609765587905,0.0006300166560047786,0.0023392736974503538,8.096468571100174e-05,0.0003387156498473861,0.0005370004192701496,0.001993901183953691,3.5672025900762194e-05,0.0001492338706467383,0.00023659565521319588,0.0008784878747190835,3.471927219811742e-06,1.4524802685938972e-05,2.30276491082705e-05,8.550245991065464e-05,1.2358494192626796e-08,5.1701743233246724e-08,8.196803958057613e-08,3.0435017422929366e-07,0.023793027443036865,0.09953809715227278,0.15780788377568927,0.5859461464205676
final,S04,source_factorized_uncalibrated,S04:128,still_fist,0.1421437952889858,0.0007106145112816041,1.8381921815777925e-08,1.9725188816148082e-10,0.002650332556939092,1.3249714986531899e-05,3.4273888458105767e-10,3.677846789226613e-12,0.2195911334748549,0.0010977942841526116,2.839734959071838e-08,3.0472498369256074e-10,0.09414057834957572,0.00047063370539420917,1.2174184229398483e-08,1.3063818082467163e-10,0.07199001448767689,0.00035989716510883185,9.309691043065428e-09,9.99000079996242e-11,0.45746830628596274,0.0022870053261017168,5.9159435149798e-08,6.348253682511099e-10,0.007041313400135356,3.520139215675995e-05,9.105770120921123e-10,9.771178266977492e-12
final,S04,source_factorized_uncalibrated,S04:129,right_open_hand,0.0021043745556012633,0.006281480224493073,1.3342507964104157e-06,0.06589265908314342,0.0006956536709264063,0.002076500481052295,4.410699901254924e-07,0.021782467411175253,0.0013651298711774944,0.004074862180233947,8.655425019153973e-07,0.04274525985228564,0.0017617771912402374,0.005258839761810633,1.1170314781906124e-06,0.055165171776980604,0.02110406056380378,0.06299484031261778,1.3380749895402285e-05,0.6608151881989515,0.000823542881499971,0.0024582450450157905,5.221564490953996e-07,0.025786963725914474,0.0004758174664075199,0.0014202975405456092,3.016857582745421e-07,0.014898905718253938
final,S04,source_factorized_uncalibrated,S04:130,up_open_hand,2.8129402282140736e-05,1.8783353246594013e-06,0.00044708608735933116,0.010900111870712834,6.091935647360526e-12,4.067878089700485e-13,9.682465506039098e-11,2.3606182385031353e-09,2.59999947841136e-10,1.7361445562946434e-11,4.132414838680222e-09,1.0074968850821261e-07,2.3195046007249485e-06,1.5488446514264518e-07,3.6865989051195876e-05,0.0008988054342195192,1.8016544305990385e-11,1.203051215194805e-12,2.863532691064444e-10,6.9813907344782795e-09,2.8521868796759255e-10,1.904542199258438e-11,4.533239134133796e-09,1.1052192205443822e-07,0.0024419855868938016,0.00016306310899055022,0.03881269038288083,0.9462666791434241
final,S04,source_factorized_uncalibrated,S04:131,still_open_hand,0.00329093643882907,0.018545582411207556,0.05755878803247927,0.15450906466855577,2.630616388264323e-05,0.00014824447061696387,0.00046009728203911024,0.001235071187813986,0.002809669361519605,0.015833473438595688,0.04914138155722007,0.13191363405084605,0.0038819571840819807,0.021876191841549847,0.06789579648923152,0.18225741661826142,0.000820676959875777,0.004624802841154483,0.014353717263964096,0.03853068323329785,0.003031197554725039,0.017081862594649718,0.05301593050489482,0.14231435571961984,0.00020883706790396012,0.0011768702086224047,0.003652579971761909,0.009804874882799429
final,S04,source_factorized_uncalibrated,S04:132,still_open_hand,0.01359438961287179,0.005180605497777107,0.07720966143540961,0.21098302195854982,5.179375666205753e-05,1.9737776255869877e-05,0.0002941638815882573,0.0008038318461021534,0.007956972043712568,0.0030322753936877947,0.04519181331719132,0.12349109119490179,0.006801747118106539,0.002592037562406492,0.03863068568088065,0.10556216221853762,0.0007992492826277297,0.00030458117985342426,0.0045393554452604025,0.012404236876316739,0.014095035918105115,0.005371393835848408,0.08005309411806229,0.21875298246567668,0.0009868741722058802,0.0003760820388216008,0.005604975499835614,0.015316148872744729
final,S04,source_factorized_uncalibrated,S04:133,still_open_hand,0.0011998221896538153,0.05894519513697786,0.0050323962388324865,0.1279792484979546,7.410585565270431e-06,0.00036406928959212883,3.1082108038836475e-05,0.0007904514350136682,0.0009197495252622285,0.045185708108438485,0.003857691657572259,0.0981052476478811,0.0019191279351953694,0.09428344600424164,0.008049369553418664,0.2047041245241515,0.0005058499009672205,0.02485153331856361,0.002121678662882305,0.05395657017914344,0.001580103916546422,0.07762778060006156,0.006627406189984702,0.16854206692629392,7.958910356116138e-05,0.003910075410043388,0.0003338193849613674,0.008489385969201162
final,S04,source_factorized_uncalibrated,S04:134,still_open_hand,0.0020382837297122495,0.00713518440279418,0.0004800961497976619,0.18784742392480674,1.1988147775370582e-05,4.196552412126231e-05,2.823681269816807e-06,0.0011048229666981543,0.0013078193519682345,0.004578132134309632,0.0003080430002742857,0.12052811522021274,0.003726776984621536,0.013045897696057199,0.0008778028570752158,0.34345829577035625,0.00048127013208954856,0.0016847267580852557,0.00011335808359782339,0.0443536653936476,0.0026245506558810728,0.009187461309338696,0.0006181851164633073,0.24187755241367787,0.00012968330705045517,0.0004539673727856355,3.0545529800574424e-05,0.011951562385731647
final,S04,source_factorized_uncalibrated,S04:135,still_neutral,6.287472859222683e-05,0.0007661310985671107,0.12162447548411663,1.536767060807406e-05,3.7635222568331076e-06,4.5858670179067596e-05,0.007280133540277666,9.198699010577838e-07,0.00021203258246998624,0.002583625551583455,0.41015448027942636,5.182442864621584e-05,2.90845723390508e-05,0.0003543966845882557,0.056261011929906415,7.108772276092059e-06,6.118848921254199e-05,0.0007455842038555082,0.1183626247423834,1.4955524552996478e-05,0.0001427384606722226,0.0017392738884300792,0.27611237136720707,3.488774736413635e-05,1.7112879421640986e-06,2.08521124536022e-05,0.00331030452183508,4.1826835677184984e-07
final,S04,source_factorized_uncalibrated,S04:136,backward_fist,0.15247400551692186,0.0008161215962780539,0.06868359028259821,0.0065075106886982245,0.01698414196458662,9.09081190892777e-05,0.007650693270910931,0.0007248742826569824,0.1556598170018111,0.0008331737458931581,0.07011867405313275,0.0066434794541268575,0.16701404955425603,0.0008939476093710555,0.07523331280064646,0.007128072152052672,0.057457262362319836,0.00030754168566588376,0.025882254837303074,0.0024522458611782056,0.07960479846922758,0.0004260870236722981,0.035858855704964276,0.003397491101213804,0.03814304860140693,0.00020416178879774244,0.01718195513646104,0.001627925334759071
final,S04,source_factorized_uncalibrated,S04:137,down_fist,0.027191818030341843,4.791543052512171e-06,3.309793394623333e-07,5.302530551123045e-06,0.7715236081548739,0.0001359522405003802,9.391000407613642e-06,0.00015045067963418085,0.011554900865309827,2.036120016023296e-06,1.4064647871964712e-07,2.2532592261810315e-06,0.008585104323046535,1.5128042166318033e-06,1.0449805727908671e-07,1.6741351353093215e-06,0.07831670860074025,1.3800396890445785e-05,9.532725047149479e-07,1.527212117834276e-05,1.0422787536806315e-06,1.8366272955367712e-10,1.2686637320237416e-11,2.0324918797305298e-10,0.10244357534625494,1.805185667163293e-05,1.246945197354168e-06,1.9976972022747956e-05
final,S04,source_factorized_uncalibrated,S04:138,still_index_pinch,0.0003919173170680035,0.19471861411020144,0.0004106312254131804,0.00019254408889417577,5.277947104705979e-07,0.000262227388486887,5.529967145838841e-07,2.5929895726728837e-07,0.00011928491420352634,0.05926503414477779,0.00012498072516709175,5.860319032586325e-05,0.0004076246911844281,0.20252260231399377,0.000427088620890634,0.00020026092585558554,4.47843254304117e-05,0.022250463048962204,4.692276056687156e-05,2.2001980420892388e-05,0.0010007607788667665,0.4972139362828161,0.0010485467395159893,0.0004916612866445311,3.7603342944274553e-05,0.018682692764885593,3.939888879714971e-05,1.8474053304779786e-05
final,S04,source_factorized_uncalibrated,S04:139,still_open_hand,0.006221904629864233,0.025233134740126194,0.052561648096106986,0.1926534663741947,3.3644860599362264e-06,1.3644781643575208e-05,2.8422636286934586e-05,0.00010417708733483342,0.0010481686695802484,0.0042508818188803305,0.008854760082853253,0.03245522706507141,0.007114302223831336,0.02885228194181316,0.060100479223599686,0.22028543762565775,0.0003233582267580254,0.0013113897095030813,0.0027316782134938263,0.010012381573085252,0.006976389555320778,0.02829297267014835,0.058935415214830845,0.2160151449699418,0.0008010406729019416,0.003248646264141966,0.006767062573998236,0.024803218872971367
final,S04,source_factorized_uncalibrated,S04:140,still_open_hand,0.002205583607908555,0.0071457916483644015,0.07943634192481079,0.17748750901839094,2.1649841226275343e-06,7.014254824365191e-06,7.797411007688159e-05,0.00017422039119791068,0.0006017970997722327,0.0019497409547943254,0.021674335996810037,0.04842775752869766,0.0028295449189884056,0.009167341640679071,0.101908944585198,0.22769886279809473,0.00016887139184722835,0.0005471203980582123,0.0060820753182943095,0.013589402177256231,0.0021868382990860684,0.0070850593910382976,0.07876121051933156,0.17597903835477435,0.0002882970009743341,0.000934043168630728,0.010383310368819268,0.023199808149158445
final,S04,source_factorized_uncalibrated,S04:141,still_index_pinch,0.007869864589895852,0.2193467685452065,0.007396014890517781,0.0007649681109124216,1.453293872671972e-05,0.00040505819518981643,1.3657900971231835e-05,1.4126335411232129e-06,0.0026491453444148316,0.07383627304719119,0.0024896385688253937,0.0002575027418198905,0.007655966507212514,0.2133850581881003,0.007194995751432429,0.000744176747812205,0.0007373661347603262,0.02055167240132746,0.0006929688370309159,7.167360666949742e-05,0.013529689776116923,0.37709590780260677,0.012715058296774483,0.0013151155411943668,0.000978494163850395,0.02727232856795168,0.0009195783896223354,9.511178032471991e-05
final,S04,source_factorized_uncalibrated,S04:142,forward_fist,0.12178214027889814,0.005248193482304606,1.2498567524082789e-08,2.2992910191142358e-09,0.010393881694577965,0.0004479236613874921,1.0667297511728877e-09,1.962402596911824e-10,0.4919761455373669,0.02120168026728256,5.04917803312924e-08,9.288688230161731e-09,0.07593369569435424,0.0032723577194304254,7.793116632829372e-09,1.4336557409677488e-09,0.11680019756899841,0.0050334969824776836,1.1987268024680058e-08,2.2052301321534657e-09,0.1392527407810546,0.006001087884368688,1.4291584788867328e-08,2.6291422989582762e-09,0.002546596542960489,0.00010974541380383767,2.61358593106469e-10,4.8080667223673406e-11
final,S04,source_factorized_uncalibrated,S04:143,forward_open_hand,0.000365058032043032,0.0006156410932773838,7.714067128057252e-06,0.1843920906288522,0.0005819415018786935,0.0009813976710361767,1.2297047088572292e-05,0.29394069089392766,0.0007964626467359,0.0013431703771779738,1.683010859267068e-05,0.4022960725381601,8.663778071725308e-05,0.00014610766880376056,1.8307490799161861e-06,0.04376104649579448,3.263351902582724e-05,5.5033812619086184e-05,6.895812015999986e-07,0.01648330476136298,9.417056595840041e-05,0.0001588111069813296,1.989924898309355e-06,0.047565882705259355,1.2332332429319364e-05,2.0797489585303384e-05,2.60595389924397e-07,0.006229104304994825
final,S04,source_factorized_uncalibrated,S04:144,still_index_pinch,0.00019698711649401447,0.17347729018791397,0.00026798992735679975,8.188636519122318e-07,6.831769301300592e-07,0.0006016417960078199,9.294239092177336e-07,2.8399256046041286e-09,0.00011604131391534898,0.1021921283288163,0.00015786770140120758,4.823767958870734e-07,0.00018953194047585558,0.16691186724796536,0.00025784757837937685,7.878729314604018e-07,3.995974331807966e-05,0.035190666835491734,5.436299032954231e-05,1.661102610429468e-07,0.0005745523623874463,0.5059812472612496,0.0007816462751439279,2.3883797786018156e-06,1.4724635957011809e-05,0.012967294462140858,2.0032041641641162e-05,6.120943027867115e-08
final,S04,source_factorized_uncalibrated,S04:145,up_open_hand,2.858413349411892e-05,0.0009373684621865154,0.02730782307462684,0.056258770947843546,4.366490206760787e-08,1.4319168398461196e-06,4.171522010553421e-05,8.594046499212558e-05,8.307246262039085e-06,0.0002724221343023881,0.007936319329315777,0.016350170795261052,2.6414393365506518e-05,0.0008662154930709662,0.025234964033359904,0.05198832794361309,3.16636362846066e-06,0.00010383555638459879,0.003024982295640599,0.006231979225390962,5.3429863913499725e-05,0.0017521422988643863,0.051044166546151716,0.10515968505053636,0.00021819786184084215,0.007155430975307249,0.20845510701373998,0.42945305769506004
final,S04,source_factorized_uncalibrated,S04:146,backward_fist,0.2326750969325177,0.0022697824864561754,0.00022436885563930872,0.0027196758117645904,0.000962019205253063,9.384649979757778e-06,9.276761932467088e-07,1.1244780371741175e-05,0.060709520807166135,0.0005922310075547861,5.8542258666664425e-05,0.0007096170473755318,0.39047496854961206,0.0038091452703702335,0.0003765354479456003,0.004564155515843274,0.029277019225140016,0.00028560196758889347,2.8231862312191742e-05,0.00034221110070182284,0.19528185800270892,0.001905005507941078,0.00018831051360813835,0.0022825964303367185,0.06870245168119414,0.0006702033163772698,6.624985082866484e-05,0.0008030442385523558
final,S04,source_factorized_uncalibrated,S04:147,still_open_hand,0.00019524317016854776,0.0001783650401399365,0.00023408770684702667,0.13023922871176802,8.904981500393284e-06,8.13517513258914e-06,1.0676668982288752e-05,0.005940171537383772,0.00045707641205696955,0.0004175636592725886,0.0005480138898580479,0.30489813967501184,0.00024141389176063308,0.00022054445467696167,0.00028944430821563544,0.16103794583989042,0.00025504032043685386,0.0002329929234029096,0.00030578177824635373,0.17012761365953738,0.0003277752808024739,0.00029944018562463534,0.00039298769722881545,0.21864631539041815,6.6954203997798e-06,6.116623323261604e-06,8.027505425199958e-06,0.0044662580924883614
final,S04,source_factorized_uncalibrated,S04:148,backward_open_hand,0.000274127041641623,0.0005734329153835031,7.298413882708528e-06,0.3823928948919956,2.400317193324453e-07,5.021105826592026e-07,6.390653115341238e-09,0.0003348317023806528,5.365343179264016e-05,0.00011223498283473254,1.4284798358649136e-06,0.07484373296852695,0.00013706635658031926,0.0002867223896780018,3.6492824411897977e-06,0.1912004031822903,8.077901912967026e-06,1.6897766876244294e-05,2.1506769675729993e-07,0.011268250949103123,0.00010914907255754387,0.00022832359227771407,2.906007016557617e-06,0.1522572511639372,0.0001329598720110928,0.0002781322359871907,3.5399505642261496e-06,0.1854720718478402
final,S04,source_factorized_uncalibrated,S04:149,left_open_hand,0.005272698162485173,0.001056031726862173,0.023083489716576137,0.24033344226878436,2.337311572306095e-05,4.681237385213755e-06,0.00010232580356606724,0.0010653637255849048,0.0029459435291159363,0.0005900223635832852,0.012897126872119328,0.13427826271553142,0.009182536405778942,0.0018391058010039797,0.040200477661133376,0.418546731701995,0.0001423180282762366,2.850387951912207e-05,0.0006230579944006301,0.006486959916630789,0.0015418616312124582,0.00030880864991983083,0.0067501582703343626,0.07027918191258593,0.0004381939077379318,8.776278384023146e-05,0.00191838111180014,0.019973199106514072
final,S04,source_factorized_uncalibrated,S04:150,still_open_hand,0.003955608550211542,0.008327263216772159,0.05188467428204353,0.1785948589795391,2.4010917040387992e-05,5.0547273253491654e-05,0.00031494486727891107,0.0010840876412222783,0.0038955471233370824,0.008200823174889908,0.0510968643835819,0.17588309872151753,0.0028468027988886964,0.005993028868167982,0.037340761627601075,0.1285325223556041,0.0006616016741623494,0.0013927898110930057,0.008678054699455137,0.029871170566494187,0.0047203355546325265,0.009937150285715488,0.06191539674494845,0.21312211560231767,0.000190249594861313,0.00040050941168323965,0.0024954537680787637,0.008589727505608094
final,S04,source_factorized_uncalibrated,S04:151,down_open_hand,1.7933330077604473e-05,9.590471722962473e-06,8.245984307146453e-07,0.0026796474734066696,0.005804846447437312,0.0031043434470550517,0.00026691458030285095,0.8673761119143409,0.0004950716506146222,0.000264756776656292,2.2764054663664485e-05,0.0739749668346009,1.6028837731208115e-06,8.571978229803474e-07,7.370273330238885e-08,0.00023950729921441775,0.000302537443350461,0.00016179241574398856,1.3911075073042732e-05,0.04520597636784637,2.3773187113695837e-08,1.271353829946632e-08,1.0931228445697478e-09,3.5522549637110436e-06,3.46880669585356e-07,1.8550649759439613e-07,1.595003574615177e-08,5.1831863117760544e-05
final,S04,source_factorized_uncalibrated,S04:152,still_fist,0.15638815437040743,0.003588260867593873,6.202268853637162e-06,5.504782800497802e-10,0.001237589273341558,2.8395968847917805e-05,4.90821151675044e-08,4.356250748912418e-12,0.11734786233863911,0.0026924976768266627,4.653952177861146e-06,4.1305845502014496e-10,0.11705627354401238,0.002685807293751294,4.6423879254005694e-06,4.120320774227233e-10,0.04280691380605188,0.0009821867537928135,1.6976988397136903e-06,1.5067814043244173e-10,0.5304916858001798,0.012171910106644798,2.103901074347946e-05,1.867303517684135e-09,0.012203681982285502,0.0002800083847391555,4.83991367269086e-07,4.295633448024247e-11
final,S04,source_factorized_uncalibrated,S04:153,still_neutral,0.00029969957877995826,0.00045145946788493655,0.1375807986218369,0.0008308888738375909,1.3416080907807508e-06,2.0209627161962068e-06,0.0006158817884180386,3.7194821568256515e-06,0.00021166773541973137,0.0003188506423332744,0.0971686920618046,0.0005868288738563113,0.0004313047778339721,0.0006497060365911235,0.19799579307176524,0.001195751901267625,0.000162602651630421,0.0002449403061578764,0.07464475846249558,0.0004508005471552616,0.0010226014981383233,0.001540419676554911,0.4694378662742575,0.0028350664042695152,2.4371173515993553e-05,3.671208705748666e-05,0.011187888649465056,6.756678470900327e-05
final,S04,source_factorized_uncalibrated,S04:154,backward_fist,0.31455634416369077,0.0061555281008746805,3.492498126120046e-09,3.2849000510842243e-10,0.00013246148167595558,2.5921282080883222e-06,1.470711003354038e-12,1.3832902626106526e-13,0.04151136966588402,0.0008123326940472532,4.6089797093817867e-10,4.335016694658631e-11,0.36027288817156927,0.007050151517431584,4.000085867529938e-09,3.762316197772163e-10,0.013512411909313399,0.0002644233148102989,1.5002740891495464e-10,1.4110960848424766e-11,0.1477597362175525,0.0028914985354473195,1.6405665040004688e-09,1.5430493584216086e-10,0.10306144888260975,0.0020168013028013577,1.1442843985700147e-09,1.0762668278059718e-10
final,S04,source_factorized_uncalibrated,S04:155,right_neutral,0.002737746246086802,0.005150395777759868,0.03061617668913174,0.006432741386046017,0.0007421637180752836,0.0013961983823172462,0.008299606129433597,0.0017438238738555823,0.011122353903408986,0.020923971556804533,0.12438112290083551,0.02613362226940334,0.005494118755996217,0.01033583228680904,0.0614406506173033,0.012909247945117254,0.03523229771971841,0.0662808971707245,0.39400227603007437,0.08278351581746322,0.005486845434885631,0.010322149323169952,0.06135931317247736,0.012892158197011875,0.00010849194915298592,0.0002041009014758633,0.0012132638988598214,0.0002549179466017923
final,S04,source_factorized_uncalibrated,S04:156,still_fist,0.10154178762302907,0.00044957269806711466,1.1939344974325596e-07,7.623279253510879e-10,0.007763586584413534,3.437300690815167e-05,9.128472192500315e-09,5.828535219560435e-11,0.34628175411405954,0.0015331503032665137,4.0716018670373465e-07,2.5997203454869786e-09,0.057850066373885636,0.0002561291368990141,6.802045890600501e-08,4.343110566848559e-10,0.15034076880129246,0.0006656284731799674,1.76771587780957e-07,1.1286876965516828e-09,0.3285399300245692,0.0014545990002881196,3.8629924233424795e-07,2.4665230848646173e-09,0.003272984738952434,1.4491024968814138e-05,3.848395306878921e-09,2.4572028168484894e-11
final,S04,source_factorized_uncalibrated,S04:157,still_index_pinch,0.0002538662825045839,0.09326317862543533,0.0009284629256849455,0.005459304118478143,2.2349677887563153e-05,0.008210629550661609,8.173928067516543e-05,0.00048062187437605185,0.000762806748700959,0.2802332840695398,0.0027898064234596624,0.016403887840878883,0.00011523860107416085,0.04233535123487967,0.0004214611237442442,0.0024781651318365465,0.0002812301892333138,0.10331589179377508,0.0010285407014686116,0.006047755200788018,0.001097108660917427,0.4030462021391385,0.004012445871346837,0.023592931569620328,8.481470727893218e-06,0.0031158486731597507,3.101920841334561e-05,0.00018239101159368492
final,S04,source_factorized_uncalibrated,S04:158,down_index_pinch,0.020400049033275934,0.008448225338822151,0.05200756645469143,0.0005390605203249443,0.10041378176338604,0.04158412825756668,0.25599332724680046,0.0026533811441762983,0.0708755282212349,0.02935151932450466,0.1806889649120273,0.0018728483965368603,0.005673937123319995,0.0023497345176928764,0.014465046702557795,0.00014993079148970708,0.018341583508224988,0.007595757750167803,0.04675974658846698,0.0004846666561143772,0.033281440067625824,0.013782766150864292,0.08484718361223108,0.0008794444744105023,0.0016442320207917514,0.0006809220212312877,0.004191779438802976,4.344796266014678e-05
final,S04,source_factorized_uncalibrated,S04:159,up_index_pinch,0.0029242887737548884,0.04021349526291759,0.04439109444921181,0.001021713826124163,0.004293542938244748,0.0590428586115793,0.06517655568216621,0.00150011593329398,0.00045345672497967425,0.006235731582176743,0.0068835336947096655,0.000158432713492183,2.328313023821609e-05,0.00032017906574191015,0.000353441029064588,8.13486557597711e-06,1.8569141778589169e-06,2.553544306744075e-05,2.8188205417063552e-05,6.487850674912393e-07,1.8777280000191907e-09,2.5821665326458843e-08,2.8504162019454574e-08,6.560571844129669e-10,0.025327502032555512,0.3482923410809077,0.38447486615561416,0.008849146240308631
final,S04,source_factorized_uncalibrated,S04:160,left_neutral,0.04834275186731062,0.03370009320225659,0.24604936956836826,0.05671578367978497,0.0014537361927942447,0.0010134103520446764,0.007399059009663337,0.001705525321857921,0.04579682812694025,0.03192531075768632,0.23309142019455822,0.053728902409136525,0.018105818075884256,0.012621700939474175,0.09215290712697945,0.02124177093095464,0.0019127938300256314,0.0013334228577946115,0.009735517690094907,0.002244092379877925,0.0077844027124305245,0.0054265652409042665,0.039620156194603906,0.009132672081356676,0.0022319099761274257,0.0015558811054238164,0.011359718289658373,0.00261847988600735
final,S04,source_factorized_uncalibrated,S04:161,still_fist,0.1666530217644202,1.6807435643243536e-05,7.913761603505306e-09,7.515713554333096e-09,0.005079842046535426,5.123166527137933e-07,2.4122370248150256e-10,2.290905818496744e-10,0.26361046559363355,2.6585872181865108e-05,1.2517927120733666e-08,1.188829778392361e-08,0.10868620967343093,1.0961316242897338e-05,5.161123055782216e-09,4.901527800476336e-09,0.06499423310066792,6.5548549822615046e-06,3.0863458754946558e-09,2.9311082001182344e-09,0.3833685966352922,3.866382347808057e-05,1.8204816497901703e-08,1.7289146800533244e-08,0.0075066959199206,7.570718324316682e-07,3.5646639533625655e-10,3.385367734487084e-10
final,S04,source_factorized_uncalibrated,S04:162,up_neutral,0.0003378082468572986,2.2631178848418874e-05,0.005067536788303349,0.00017553930342228076,4.887386318114429e-09,3.2742632808869007e-10,7.331677126330704e-08,2.5396904836364452e-09,6.4680145902060725e-09,4.333191872813324e-10,9.702812820019202e-08,3.3610510881623014e-09,8.042784327687425e-06,5.388195588843772e-07,0.00012065159995387202,4.179367352906244e-06,1.3466690409849216e-09,9.021895764739238e-11,2.0201682375572935e-08,6.997855961009276e-10,1.306079544922525e-09,8.749969856091028e-11,1.9592790300176745e-08,6.786935951467166e-10,0.05993919097709822,0.004015575592520312,0.8991611606980598,0.031146912278490303
final,S04,source_factorized_uncalibrated,S04:163,still_fist,0.24343802071742218,0.0012126935178996157,3.954578788594889e-08,1.2440191292351714e-06,0.002938413437126257,1.4637791243991655e-05,4.773365892614684e-10,1.501590636751806e-08,0.2890645903468089,0.0014399835898057617,4.69576894418757e-08,1.4771804294012773e-06,0.13273925601210942,0.0006612444303577201,2.156310031984198e-08,6.783253215453495e-07,0.04052961661359713,0.00020189945352586529,6.5839165836819346e-09,2.0711480572875874e-07,0.27689714206773874,0.0013793710954471464,4.498112338477694e-08,1.4150022274567546e-06,0.00943090411352083,4.698032071035908e-05,1.5320225351278762e-09,4.8193889716270346e-08
final,S04,source_factorized_uncalibrated,S04:164,still_fist,0.3035994648443601,0.0006764789418139466,7.62853418147414e-09,2.175021634007422e-08,0.0024531481556613116,5.466093523271989e-06,6.164017636617452e-11,1.7574636742933896e-10,0.2596238505409168,0.0005784926787457223,6.523560307303714e-09,1.859975253646412e-08,0.15402073079795942,0.0003431882893503389,3.870074046903205e-09,1.1034223059086467e-08,0.033128629469968765,7.381706097235603e-05,8.324220282358083e-10,2.373373281113557e-09,0.2342138203701868,0.0005218741655010826,5.885083280313316e-09,1.6779348624670274e-08,0.010737017863868457,2.392417419612623e-05,2.6978870935628577e-10,7.692123617744207e-10
final,S04,source_factorized_uncalibrated,S04:165,still_neutral,0.0006051801864124127,0.02857394483104711,0.14454717626459762,0.0009763761970077581,5.569836646838444e-06,0.0002629831720172156,0.0013303544591047084,8.986176423642116e-06,0.0007993206162106694,0.03774040145848005,0.19091758222995353,0.0012895954642405058,0.0004069297261259721,0.019213430653383577,0.09719509027275199,0.0006565259527077867,0.00022482208160500878,0.010615109187009778,0.05369871285869713,0.00036271995344420614,0.0013954906295430352,0.06588892557303992,0.33331268031086697,0.0022514349683363075,2.674480250564501e-05,0.0012627718627800017,0.006387991161546112,4.3149113514417e-05
final,S04,source_factorized_uncalibrated,S04:166,still_index_pinch,0.014361083756300907,0.20131156086706087,9.234277734762003e-05,2.2277828615315482e-05,0.0001375464056456557,0.0019281052935877527,8.844330502514814e-07,2.133707527666323e-07,0.017357181023138983,0.24331041189611902,0.00011160789323429911,2.6925565691296873e-05,0.006723280229971903,0.09424595387158445,4.323116415566866e-05,1.04295808894184e-05,0.0022319145907768404,0.0312866506188378,1.4351367599578524e-05,3.462288193642272e-06,0.025188146850344453,0.35308373962841333,0.00016196155358957573,3.9073459092053134e-05,0.0005528920063337784,0.007750358863908132,3.555134438635834e-06,8.576813260682828e-07
final,S04,source_factorized_uncalibrated,S04:167,left_neutral,0.01358293505663805,0.0104287079632797,0.1186346652768859,0.018322229565404594,0.00034160058672563353,0.0002622741509248138,0.00298357248235375,0.00046079027423496437,0.008277294214672095,0.006355142223018589,0.07229468627077272,0.011165369204022012,0.013991467900707474,0.010742371373024563,0.12220283055255693,0.01887330578883022,0.0296186333707744,0.02274059887699335,0.25869200148928145,0.03995302913324846,0.017473429433114505,0.013415752332988787,0.15261461851897482,0.02357017714017276,0.001097185474191917,0.0008423972318345276,0.009582923788905807,0.0014800103254669701
final,S04,source_factorized_uncalibrated,S04:168,still_fist,0.19769000265276074,0.000352916310691699,5.961664148164836e-09,4.49123498283064e-10,0.002789307284319769,4.979473028267814e-06,8.411610608530671e-11,6.336908434973068e-12,0.2576067514006581,0.0004598797263070617,7.76855133563866e-09,5.852458081738178e-10,0.17006681979764732,0.0003036033881767845,5.128642059664036e-09,3.863675655038398e-10,0.049577646659463646,8.850604439804332e-05,1.4950947173553543e-09,1.1263334415271718e-10,0.31137774397857004,0.000555871734340769,9.390103231846794e-09,7.074058363425829e-10,0.009109676578876142,1.626260006409408e-05,2.74717140638899e-10,2.069588627867324e-11
final,S04,source_factorized_uncalibrated,S04:169,backward_neutral,0.005516266760220836,0.01611495673499149,0.17813450706645456,0.10412495510122835,0.0003184824236788693,0.0009303992539756623,0.01028462038139249,0.006011668671506571,0.00453421988121206,0.013246052156068212,0.14642167585062427,0.08558785535081734,0.003874717039163356,0.011319412233057434,0.1251246250037634,0.07313909121332943,6.112101730288642e-05,0.00017855600395134797,0.0019737555781682388,0.0011537192559827668,0.0005890430357236769,0.0017208020294064035,0.01902172164084474,0.011118766062894987,0.003258291453053588,0.00951861613629597,0.1052186500576899,0.0615034526072011
final,S04,source_factorized_uncalibrated,S04:170,down_fist,0.05229650382792983,0.00014826572610951558,0.0025314198848651057,0.00205831862592705,0.7326835899022202,0.00207722995829336,0.035465655885820055,0.02883742066140589,0.08988289737771081,0.00025482684441739103,0.0043507947391639955,0.003537667497497707,0.0017681403795621812,5.012851683200536e-06,8.558709260534178e-05,6.959157897975736e-05,0.0167112547250226,4.737804890665154e-05,0.0008089107189872112,0.0006577320536818581,3.8687890187136785e-06,1.0968396948894284e-08,1.8726929594649433e-07,1.5227022676700459e-07,0.023581156180623182,6.685489445194503e-05,0.0011414492995583145,0.0009281219476386715
final,S04,source_factorized_uncalibrated,S04:27,still_index_pinch,0.0006830804962525964,0.14045721115275325,0.00023198311756372287,0.031109400077527005,5.707514063594845e-06,0.0011735974199023295,1.9383468175058316e-06,0.0002599361853054943,0.0007129059079627458,0.14659000834616212,0.00024211221952037345,0.03246773291012611,0.0005591659086624913,0.11497749464857475,0.0001899000944083588,0.025465982498002325,0.0002237448685283716,0.04600714032334671,7.598669911503809e-05,0.010189968339791161,0.0017400089406209665,0.35778624118423386,0.0005909299136023578,0.07924488339107051,3.5694013229208847e-05,0.007339517934604035,1.2122156191985054e-05,0.0016256053920611102
final,S04,source_factorized_uncalibrated,S04:28,still_fist,0.19284847124654625,6.853943311571323e-05,2.55830641832194e-09,2.2933470024080933e-07,0.0024217425066415652,8.607009300334911e-07,3.212656734179394e-11,2.8799273763027888e-09,0.21503234263710624,7.642370598338369e-05,2.8525951943482864e-09,2.55715679372506e-07,0.12091398049972635,4.2973509852824764e-05,1.6040314469583526e-09,1.4379046561057156e-07,0.05000973014645922,1.777373982978616e-05,6.634235303253726e-10,5.9471389107355396e-08,0.4096677747838453,0.00014559823507008122,5.434607237665351e-09,4.871754270131667e-07,0.008749477207807428,3.109613490870307e-06,1.1606959367118211e-10,1.0404846456630886e-08
final,S04,source_factorized_uncalibrated,S04:29,backward_neutral,0.008923700091677483,0.0005444636695568526,0.3925041179033038,0.0008951591147840603,0.00013914521364321913,8.489697417343167e-06,0.00612022689920229,1.3958011250004777e-05,0.004676765673307513,0.00028534452906158484,0.20570500648649093,0.0004691382920942003,0.0034115848064128107,0.00020815177153211031,0.15005671093117792,0.0003422247726778058,0.0032676122824214626,0.00019936754437046487,0.14372415739946084,0.0003277825216154334,0.0002529952005579386,1.5436051622186844e-05,0.01112785694371048,2.537859379510903e-05,0.0014786591133900304,9.021775257226057e-05,0.06503802066612652,0.00014832806676728927
final,S04,source_factorized_uncalibrated,S04:30,left_fist,0.06580965084077448,0.00595536877440423,0.011877794062866215,0.024762153549946896,0.0009553535801290458,8.645362506756695e-05,0.00017242901211328202,0.0003594702561617257,0.02417218761214992,0.002187434357655745,0.004362768421317819,0.009095252955199183,0.1259299056691441,0.011395882190595516,0.022728725449603974,0.047383561846488856,0.38750660271682263,0.03506696498479815,0.06993994902370106,0.14580685166235577,1.3822982047750875e-05,1.2508948855465014e-06,2.494870159623375e-06,5.201164261040142e-06,0.002684758650057652,0.00024295415075289636,0.0004845643449930847,0.0010101923515461908
final,S04,source_factorized_uncalibrated,S04:31,up_neutral,0.0014946723860986008,0.0032066843176665354,0.06456416407522103,0.0006352330734193768,4.071760355056817e-06,8.735593296092168e-06,0.0001758845657977696,1.7304908210161367e-06,0.0001282393366064699,0.00027512588941132647,0.00553945175314922,5.4501487204444816e-05,0.003195706347205571,0.006856098716187493,0.13804236356822255,0.0013581694447302706,0.0002937063476532965,0.0006301203847602299,0.012686997496032151,0.00012482466902969582,6.523430593222422e-08,1.3995429884989182e-07,2.817873984100918e-06,2.7724462587999557e-08,0.016266317795773033,0.03489791252385157,0.7026430814094781,0.0069131557809776565
final,S04,source_factorized_uncalibrated,S04:32,backward_index_pinch,0.0019152244040009415,0.2602748214044298,0.0007031626712297596,0.00033323660641986023,5.846099958695117e-06,0.0007944722401631783,2.1463590661463947e-06,1.0171834208864272e-06,0.0008888439923797264,0.12079196092622467,0.00032633351720174995,0.00015465308140317252,0.0023755945676532334,0.3228381230594297,0.0008721846998505207,0.0004133380246724495,0.00015306688625707236,0.02080145616370921,5.619755073739749e-05,2.663264399983933e-05,0.0010628294161835106,0.14443620074110208,0.00039021117827443667,0.0001849254150648449,0.0008745520449683398,0.1188497164287917,0.00032108631802348547,0.00015216637538347457
final,S04,source_factorized_uncalibrated,S04:33,forward_neutral,0.06905384766576057,0.00013838171421065899,0.03535794538322453,0.0011785584941015048,0.008794428707915327,1.762375539152152e-05,0.004503050017375264,0.00015009661307581205,0.28030566423757636,0.0005617236349798119,0.143526142304087,0.00478404365142658,0.044962999773071326,9.010442133170525e-05,0.02302260256281814,0.0007673942451307083,0.12605030188123983,0.00025260079547668606,0.06454209055849217,0.002151330577338045,0.12200515942428865,0.0002444944586635851,0.0624708384719678,0.0020822911658693872,0.0019504111761061743,3.908561956917961e-06,0.0009986776142205756,3.3288132903421176e-05
final,S04,source_factorized_uncalibrated,S04:34,still_open_hand,9.639465700192818e-05,0.002740847878662281,0.02904601337488997,0.23776034359986506,2.5810000342097016e-07,7.33871429040868e-06,7.777169798191915e-05,0.0006366114824732321,5.613953894097393e-05,0.0015962496366615949,0.01691618446141748,0.13846987461013502,7.207281761285541e-05,0.002049290234618054,0.021717262029441416,0.17776978945524063,1.1059760377061595e-05,0.0003144688897785701,0.003332570059653653,0.027279234235251634,0.00011474523634252495,0.003262621055954592,0.03457548139253427,0.2830226038223337,6.819024182234521e-06,0.0001938894597036683,0.002054734917485314,0.016819329857166648
final,S04,source_factorized_uncalibrated,S04:35,still_neutral,0.0011644436360562676,0.0012546703070713742,0.16923668219667656,0.004881073060509119,3.4306398434838926e-06,3.6964622525252354e-06,0.0004985987186887635,1.4380433025552896e-05,0.0007472117375365502,0.0008051092823672033,0.10859747216909443,0.0031321353560213264,0.0011398389009671008,0.001228159079242187,0.16566070513442782,0.004777935814629669,0.0002938147808007028,0.00031658095749300226,0.04270214301781111,0.0012316022578841275,0.0031640364254090798,0.0034092011244940975,0.4598513920340497,0.013262894381765986,8.326039759986694e-05,8.971181205241425e-05,0.012100811934444485,0.00034900794778559016
final,S04,source_factorized_uncalibrated,S04:36,still_index_pinch,2.881103169455438e-05,0.15248778808562802,0.0684957450973575,0.0016797648554472834,1.049498018497571e-07,0.0005554665071962443,0.00024950910997324234,6.118871083908436e-06,1.3939855932811442e-05,0.0737793016217642,0.03314080622972663,0.0008127331341057392,1.8695904843481934e-05,0.09895158236838816,0.04444790266797826,0.001090024273681371,3.7392927570502983e-06,0.01979090813450403,0.008889846300773848,0.00021801137231433734,6.243675613933086e-05,0.3304582404360018,0.14843800730793735,0.003640239952629109,1.6482869275258925e-06,0.008723867661996502,0.003918660131024035,9.609980239182135e-05
final,S04,source_factorized_uncalibrated,S04:37,still_fist,0.20405442618915307,5.201871055312513e-05,5.196989961673495e-10,2.484937862166905e-10,0.0010930488723382824,2.786462120546121e-07,2.783847487775078e-12,1.331095129274202e-12,0.1545861933122011,3.9407988327401904e-05,3.9371010463263015e-10,1.882522677423601e-10,0.16417544883925833,4.1852535681741334e-05,4.181326401515816e-10,1.9992988952895598e-10,0.032726984645900375,8.342948366106834e-06,8.335119892127481e-11,3.9854329445305504e-11,0.43145497165564484,0.0001099889461180178,1.0988573972563505e-09,5.254180538546203e-10,0.011654062027031521,2.970919527079315e-06,2.968131811610887e-11,1.4192105763080788e-11
final,S04,source_factorized_uncalibrated,S04:38,down_neutral,0.006014907070029099,0.005428340048219881,0.08932013565077658,0.00381091237911475,0.0449586285474146,0.040574313287901155,0.6676264078188862,0.028484794874567402,0.004150008378748583,0.003745304195148606,0.06162677278734576,0.0026293537239847,5.6922967731379604e-05,5.137190347286297e-05,0.0008452943894587897,3.606513614555554e-05,0.0009234033030201317,0.0008333540438918949,0.01371234955517514,0.0005850479545942253,2.3142496614584868e-08,2.0885666183390645e-08,3.4366132557761335e-07,1.4662575132971425e-08,0.0014141329995194624,0.001276228328289645,0.020999584843911297,0.0008959634605888136
final,S04,source_factorized_uncalibrated,S04:39,still_index_pinch,0.0015605142815815283,0.20664743791482693,3.6488142010034225e-05,2.2630218676440737e-06,9.121851985726565e-06,0.0012079398209533076,2.1328829513330822e-07,1.3228299645031635e-08,0.00133758490119145,0.17712653840286513,3.127557908389534e-05,1.939734814960516e-06,0.00106638089140496,0.14121298449561892,2.4934252676583536e-05,1.54644100664139e-06,0.00027699810132810414,0.03668082286867159,6.47680458747642e-06,4.016962664167959e-07,0.00315414670289415,0.4176804676853078,7.375065654576658e-05,4.574070898712246e-06,8.883783254324172e-05,0.011764141284475785,2.0772174198984355e-06,1.2883057854216438e-07
final,S04,source_factorized_uncalibrated,S04:40,right_index_pinch,0.005426919261444327,0.07521927483499255,0.010686706782126338,0.0013275247929001777,0.0008091680411319808,0.011215393180071068,0.0015934162968814112,0.00019793746405198754,0.009241493167658587,0.12809079718624966,0.01819837792934233,0.002260640100295,0.006025960502766385,0.08352222639880609,0.01186634071217048,0.00147406135655878,0.027635885992365446,0.383044450013619,0.054420675163330295,0.006760248690131397,0.00793356540759039,0.10996239451259306,0.015622802397317163,0.001940696787124938,0.0014948290256408259,0.02071892908188881,0.002943622102493481,0.0003656628184582343
final,S04,source_factorized_uncalibrated,S04:41,still_index_pinch,0.00023894010275865042,0.14009824388504682,0.00010402475565634423,0.002246693319636624,3.861325676829798e-06,0.002264019058108946,1.6810633937305686e-06,3.630706818535844e-05,0.0003343599922324131,0.1960459847315567,0.00014556667588096913,0.0031439023932332347,0.000153788408677017,0.09017107524762692,6.695318806137715e-05,0.001446033488824606,9.217543164261398e-05,0.05404541118625127,4.012941588054056e-05,0.0008667022576585286,0.0008398659362704511,0.4924403288183529,0.0003656433047275798,0.007897046860798961,1.1573354493496937e-05,0.006785828840275478,5.038565562710618e-06,0.00010882132352889318
final,S04,source_factorized_uncalibrated,S04:42,still_open_hand,0.007828694153943919,0.017729006965949323,0.02124476880275505,0.30040565596508223,8.352569264097784e-05,0.00018915384322705097,0.00022666411464721843,0.0032050799270412446,0.005411032659964259,0.012253925601775767,0.014683947997532268,0.20763422145520333,0.00545264301745036,0.012348157194327518,0.014796866245098097,0.20923091005866046,0.0003543657299005762,0.0008025032489915352,0.0009616441586959477,0.013597857758780743,0.0029264681547400855,0.0066273344290603275,0.007941572136236462,0.11229555892699354,0.00049082512778597,0.0011115317495442889,0.0013319547497129538,0.018834130134258647
final,S04,source_factorized_uncalibrated,S04:43,right_fist,0.13190071401960352,7.747219998965861e-07,2.1541459898205416e-13,9.573630545270005e-10,0.05551185155823678,3.2605018840737963e-07,9.065957929834746e-14,4.0291666474485053e-10,0.3692272512195554,2.1686650948577863e-06,6.030061387149554e-13,2.6799288515574354e-09,0.04004848446233512,2.352257317642448e-07,6.540547020094803e-14,2.9068030221837853e-10,0.1979391140939495,1.1626001228911624e-06,3.2326568663664743e-13,1.4366836168239991e-09,0.19858102666967964,1.1663704117643107e-06,3.243140307726913e-13,1.4413427529690012e-09,0.006785677227452565,3.985583756220955e-08,1.1082077528072393e-14,4.925186892121589e-11
final,S04,source_factorized_uncalibrated,S04:44,still_index_pinch,0.00010623641493186498,0.13970196406806967,0.00011027785585607091,0.0029836636614288077,3.9800084821165704e-06,0.00523375155605414,4.131415785992824e-06,0.0001117790607663644,0.0001571801020459377,0.20669342976530383,0.0001631595404267107,0.004414423802562548,6.311399427309953e-05,0.08299554315521478,6.551497400786367e-05,0.0017725648155676812,4.515674317348897e-05,0.05938157567063771,4.6874593968644674e-05,0.001268233060778863,0.0003615114588932994,0.475391238238771,0.0003752640615717483,0.010153096786839361,6.242009651874523e-06,0.008208306056430761,6.479467902631133e-06,0.00017530766060329205
final,S04,source_factorized_uncalibrated,S04:45,down_neutral,2.60367567252418e-05,1.230451682326054e-05,0.0014865941006209347,3.171261026921206e-05,0.015863702265633297,0.007496908830332378,0.905753602530478,0.019321892226658387,0.0005733138823422972,0.00027093813506544166,0.03273391706532637,0.0006982927983124718,1.7395760998613795e-07,8.220933049366777e-08,9.932279949168994e-06,2.1187930382687674e-07,0.00026217777973868133,0.0001239006430609779,0.014969296859296091,0.0003193309304165228,1.890194818236365e-07,8.932730825756584e-08,1.0792252258862493e-05,2.302245715016461e-07,5.749941465020812e-07,2.7173219858263616e-07,3.282985339156619e-05,7.003393497708911e-07
final,S04,source_factorized_uncalibrated,S04:46,still_neutral,0.0002236047323663201,0.0019284511120829949,0.08232348344621829,9.420280665429118e-05,8.638640942294255e-07,7.4502880845836235e-06,0.00031804470642675083,3.639387296640971e-07,0.00010292361695886432,0.0008876518912791226,0.03789289514256366,4.336086041619309e-05,0.0003623595152048958,0.00312512442234872,0.13340816733109132,0.00015265903806663364,0.0001634666077952059,0.0014097973609729444,0.060182718131349525,6.886711692370277e-05,0.0017626302391646565,0.015201584550274861,0.6489391337118747,0.0007425814018596559,2.817902602537687e-05,0.00024302649367468747,0.010374537059127468,1.1871588370616482e-05
final,S04,source_factorized_uncalibrated,S04:47,still_open_hand,0.017862479716823337,0.029992695592845536,0.000533279317678318,0.22815043358746806,2.7725190469041207e-05,4.655306604538435e-05,8.277277785741335e-07,0.0003541229620459335,0.004147471991108578,0.00696397515245407,0.00012382161203661015,0.052974029813570696,0.013027209410147886,0.02187384576256942,0.00038892368000581875,0.16639142618931707,0.000587484146684033,0.000986438246898141,1.7539174283591908e-05,0.007503704128239734,0.026039595822237093,0.043722802390170165,0.0007774048235656348,0.33259352404977016,0.0029010456932289743,0.004871114299769017,8.660990480407392e-05,0.03705391654798503
final,S04,source_factorized_uncalibrated,S04:48,left_fist,0.10384768870108009,0.0012474050360709056,0.048221497177675834,0.0023154551988325725,0.001958424871132453,2.352434683499824e-05,0.000909391249600546,4.3666306935721765e-05,0.1635935911074855,0.001965065106107455,0.07596440508736539,0.0036475884611727296,0.09104706321737763,0.001093645574565799,0.04227754856066224,0.002030044178180369,0.20046870334913422,0.002408004195953892,0.09308730058102936,0.004469779801350068,0.10243485768374419,0.0012304342922037515,0.04756545150379376,0.0022839538051561206,0.003913845090088293,4.701260217577424e-05,0.0018173872940861137,8.72656202041791e-05
final,S04,source_factorized_uncalibrated,S04:49,left_index_pinch,0.0031005183494017233,0.04733912169035791,0.09450039861327596,0.004900847055306621,4.5620714968021026e-05,0.0006965430725120545,0.00139046935501366,7.211057036806464e-05,0.001430055650614941,0.021834277639900947,0.043586527732808425,0.002260423333921951,0.00790864774527487,0.12075027328639541,0.2410469089998045,0.012500836520243995,0.006187729141064244,0.09447506184001017,0.18859519746251036,0.009780659464850839,0.0016107053738686453,0.024592461359112527,0.04909253315933562,0.002545968060474112,0.0004087947163532665,0.006241531461201251,0.01245961458471583,0.0006461630463342995
final,S04,source_factorized_uncalibrated,S04:50,right_index_pinch,0.004465484444725089,0.0425370855897258,0.0038231051119210634,0.0002523562438743587,0.0015963353210286734,0.015206290162025068,0.0013666955515597129,9.02130979438593e-05,0.02155701125659212,0.20534668617276833,0.018455941556390524,0.001218243273984972,0.009160802682513285,0.08726351028654114,0.007842981427510684,0.0005177009985028677,0.04046673512534714,0.3854759762061216,0.034645419513939145,0.0022868813909214885,0.010037694840147686,0.0956165651955814,0.008593728839567105,0.0005672564753884496,0.00014069259340841687,0.0013402023815632744,0.0001204533527609823,7.950907645738365e-06
final,S04,source_factorized_uncalibrated,S04:51,still_neutral,0.0009022186055124485,0.011283674269607531,0.20958546306726014,0.005529036490570388,7.378633003262429e-06,9.228150567400422e-05,0.0017140571091567751,4.521823300506303e-05,0.000755711523287892,0.009451370896664405,0.17555185471219154,0.004631201975966829,0.0008016415055425939,0.010025798153877245,0.18622139371383417,0.0049126731696951574,0.0004061160892002607,0.0050791256555608585,0.09434080398481313,0.0024887878202429713,0.001028517718917378,0.012863244949589235,0.23892475845113403,0.0063030311770864225,6.769462157399134e-05,0.0008466285831152985,0.01572546666967638,0.0004148507142405491
final,S04,source_factorized_uncalibrated,S04:52,up_index_pinch,0.000214947860489058,0.007936688029504492,6.021312218771751e-05,6.563761112798617e-05,5.039760096104312e-10,1.860870051710129e-08,1.4117827912921217e-10,1.5389676948344242e-10,1.287976848345068e-09,4.75569768932852e-08,3.6079962446660754e-10,3.9330339609417187e-10,1.7161872872267654e-05,0.0006336812596287195,4.807537725087199e-06,5.240639917303025e-06,2.598171141025408e-10,9.593430586684111e-09,7.278229986714762e-11,7.933912280427798e-11,1.1507549419857067e-09,4.24902250814263e-08,3.223597935436645e-10,3.5140059181706123e-10,0.02573565605860162,0.9502577644039677,0.00720930275515134,0.00785877552190888
final,S04,source_factorized_uncalibrated,S04:53,still_index_pinch,0.043067555265586595,0.16337336719779483,0.00020938312748031021,0.0003879162749486684,0.0003882874588423718,0.0014729377880996711,1.8877515102131186e-06,3.4973664911918875e-06,0.04306567623420196,0.16336623924074029,0.00020937399212387958,0.0003878993502161002,0.034818818004401446,0.13208243430923683,0.00016927993622974018,0.0003136185951371083,0.01078056475758877,0.04089522040152811,5.241227069955452e-05,9.710225010028257e-05,0.0733177498571432,0.2781250896564904,0.00035645161816682977,0.0006603845571640177,0.002578761233578103,0.009782326935688337,1.253725893614899e-05,2.322730987498103e-05
final,S04,source_factorized_uncalibrated,S04:54,still_fist,0.1908700656285234,2.015600522046916e-05,7.371265394099501e-13,1.2984311931384834e-10,0.0036296391601444602,3.832922968794654e-07,1.4017406787250035e-14,2.4691334860966554e-12,0.267039622339126,2.8199560807062395e-05,1.0312879185743e-12,1.8165895962118115e-10,0.18142131368586395,1.9158210763512147e-05,7.006361353316546e-13,1.2341541981147886e-10,0.041665139190813785,4.399866266489709e-06,1.609077870048619e-13,2.8343531089416035e-11,0.3079602035367581,3.252080125683175e-05,1.1893202758720638e-12,2.0949599047952945e-10,0.007308426263450658,7.717746490757833e-07,2.8224619415152093e-14,4.971700827978741e-12
final,S04,source_factorized_uncalibrated,S04:55,left_open_hand,0.00030475050021022123,0.0016244981004474993,0.0007006352636935504,0.26504983862004816,7.382595638716269e-07,3.935354522205419e-06,1.6972923222461521e-06,0.0006420845187420596,0.00011572038454059058,0.0006168572151303021,0.00026604642841073975,0.10064518098042727,0.00019351580354787394,0.0010315522207617004,0.00044490163577781233,0.16830598297758806,0.00036924138460458036,0.0019682721684885596,0.0008489027407355999,0.321139323262068,0.0001275270261962511,0.0006797935086853716,0.00029319043468486463,0.11091373989442045,2.6995942587221595e-05,0.00014390413608010333,6.206490010748659e-05,0.02347910904560735
final,S04,source_factorized_uncalibrated,S04:56,still_fist,0.12613267295976416,3.826392348370523e-05,5.1569299401983865e-09,1.3022273086052842e-08,0.009635596394960293,2.9230786482598304e-06,3.939510229573057e-10,9.948046343407472e-10,0.3453654373285218,0.00010477092380394175,1.4120253874563524e-08,3.5656447563041394e-08,0.05669555363023961,1.7199305105234896e-05,2.3179957352142412e-09,5.853399954296151e-09,0.09550243541006122,2.897185792775351e-05,3.904613744966086e-09,9.859925783778978e-09,0.36266015046072547,0.00011001749128272953,1.482734761852195e-08,3.7441999807893476e-08,0.0037047392725959526,1.1238789817679478e-06,1.5146813610755168e-10,3.8248714935073923e-10
final,S04,source_factorized_uncalibrated,S04:57,left_open_hand,0.000515946729451618,0.00013123973371451182,6.052186393751785e-07,0.23009665384804423,3.3295550008819507e-06,8.469283489169677e-07,3.90565272019533e-09,0.0014848809397827577,0.0003518047540749196,8.94874598650234e-05,4.126759264725762e-07,0.15689429179347855,0.0009105927355114049,0.00023162458701483465,1.0681484443110777e-06,0.40609684973138144,0.00014357135108775915,3.6519789370148714e-05,1.684128472932549e-07,0.06402848508962973,0.0002855429731082238,7.263266072953642e-05,3.3494917169333054e-07,0.12734353934534534,2.5221216168705726e-05,6.415440790670756e-06,2.9585128195764092e-08,0.011247900442290862
final,S04,source_factorized_uncalibrated,S04:58,still_fist,0.12454238771122911,2.3202282306548742e-05,1.708174916790885e-09,9.643044695160049e-07,0.017266207156614033,3.216699311562905e-06,2.368165771916072e-10,1.3368846574001358e-07,0.43892607858622645,8.17720534688753e-05,6.0201392597740935e-09,3.398508629441261e-06,0.06618934651612475,1.2331094110014704e-05,9.078273153055212e-10,5.124896338733667e-07,0.14257092964247242,2.6561004803776434e-05,1.9554473810435188e-09,1.103895526686552e-06,0.20752248931312053,3.8661498871894784e-05,2.846297693734642e-09,1.6068012477304266e-06,0.0027885419431885276,5.195061583332614e-07,3.824655596629838e-11,2.159107038709114e-08
final,S04,source_factorized_uncalibrated,S04:59,still_index_pinch,0.0008753034942894687,0.12031867926616491,0.0009108706170012634,0.00017263292834879807,6.0194290837632406e-05,0.008274270147666293,6.264022843840647e-05,1.1871901306203588e-05,0.0030430341310069154,0.4182935975844865,0.003166684920772767,0.0006001665668289157,0.00039911153834359443,0.05486162626640662,0.0004153290550707301,7.871531880262629e-05,0.000746655182721062,0.10263476158650597,0.0007769948039844213,0.00014726008921577165,0.0020106817282710596,0.2763870720824272,0.0020923838627082496,0.0003965594527994238,2.3356960016476628e-05,0.003210633339395434,2.4306047811167613e-05,4.606608372154724e-06
final,S04,source_factorized_uncalibrated,S04:60,forward_neutral,0.0008471222078875018,0.006995404048361642,0.0969201468993885,0.0017778422991827816,0.00011779395348410865,0.0009727242319973345,0.013476930682775438,0.0002472123515853197,0.0037196439160028087,0.030716243614198016,0.4255683907182901,0.007806359259850594,0.0004400691315355108,0.0036340227603988457,0.050348774329349394,0.0009235662922348532,0.0010756485058092816,0.008882538838070067,0.12306608211242648,0.0022574469124701023,0.0017292474137993092,0.014279857435536676,0.1978450237879656,0.003629144849916525,2.1649166735686587e-05,0.000178775467360419,0.002476904041395107,4.54347719920427e-05
final,S04,source_factorized_uncalibrated,S04:61,backward_open_hand,8.079376931624297e-06,4.572284991314762e-06,5.249980139900837e-07,0.37233889772265694,1.4929835834066337e-09,8.449100083410886e-10,9.701409190853305e-11,6.880429845867951e-05,7.464577417663898e-07,4.224357346133885e-07,4.850483338893946e-08,0.03440058003457508,1.057688962765298e-05,5.985678612173375e-06,6.872864201910398e-07,0.48743702127321975,4.1704835866715934e-08,2.3601621351795855e-08,2.7099807558311882e-09,0.001921971551486395,8.655967834674551e-07,4.898589600501412e-07,5.624648980763142e-08,0.039891114742650655,1.3867003016680302e-06,7.847621209441088e-07,9.01078029328685e-08,0.06390622274024138
final,S04,source_factorized_uncalibrated,S04:62,forward_open_hand,0.03061623042846427,0.007172187501868855,0.0032420910470893514,0.08989079539432193,0.0010890623161309925,0.0002551247826136399,0.0001153257319871757,0.0031975418417278995,0.07776497005671155,0.018217296463950386,0.008234884231980306,0.2283218709287743,0.08612571918767618,0.020175893573528426,0.009120241753958563,0.2528694517039721,0.017683184516297072,0.004142479763384393,0.0018725523489336868,0.05191872085587237,0.01956237570583427,0.004582700893634647,0.0020715483992672858,0.057436120887211686,0.001010622456685153,0.0002367493859141573,0.0001070193806668032,0.002967238461542666
final,S04,source_factorized_uncalibrated,S04:63,left_neutral,0.005636004609875724,0.007859415157156324,0.02457257033660613,0.1011724445039966,0.0004684818988409886,0.0006532985672425543,0.002042547018241497,0.00840976226821468,0.012433512503153991,0.01733854802970715,0.054209210542423614,0.22319514279865585,0.004195923579426921,0.005851220440918824,0.01829392174410689,0.07532141558910853,0.013326507772849197,0.018583830999421784,0.05810260499359066,0.23922538418761063,0.0033697356753035596,0.004699100422253768,0.014691802549642256,0.06049043945162855,0.0010466151897766418,0.0014595061316711668,0.004563166133874755,0.018787886904700745
final,S04,source_factorized_uncalibrated,S04:64,still_neutral,0.0010108482202787685,0.008508479733745952,0.10514472405822971,0.00549195504157151,2.3657005555092753e-05,0.00019912500045863693,0.0024607149433851353,0.00012852890109550476,0.002083282827272751,0.017535342457864613,0.21669543816225362,0.011318509937233394,0.0007135363435989298,0.006005955589582392,0.0742194331929848,0.0038766547152765964,0.0008883081224013677,0.0074770390896959716,0.09239855255699825,0.004826192670098111,0.0036551959811514574,0.03076640024149236,0.3802000786141092,0.01985874001052371,3.796953676313463e-05,0.0003195959863883023,0.003949451940942841,0.00020628911904788742
final,S04,source_factorized_uncalibrated,S04:65,right_index_pinch,0.0008656201855319219,0.03614198468203616,0.044074575495099653,0.0006854527091773597,6.908765318431113e-05,0.0028845964371438733,0.0035177194766779054,5.470796526861437e-05,0.000956303133238112,0.03992824309155444,0.048691857406494336,0.00075726119195113,0.0012428470385160448,0.051892226381664484,0.06328174474613887,0.0009841647455579867,0.005837036905933216,0.24371208293055488,0.2972030089849946,0.004622134312038416,0.0015217792523844525,0.06353840096198989,0.07748406941882877,0.001205040881383597,9.366853201318627e-05,0.003910914631836007,0.004769298191900924,7.417265690685196e-05
final,S04,source_factorized_uncalibrated,S04:66,still_neutral,0.0003928524398025673,0.004797730680555542,0.13389531797657653,0.0010896528404584513,7.2891979844357975e-06,8.901970629009365e-05,0.0024843666044450353,2.021801186317229e-05,0.0007411750362188559,0.009051638352344606,0.2526135950707052,0.002055793477822494,0.0002634218874644621,0.0032170533853709818,0.0897816936093612,0.0007306519670816662,0.00027312947681209094,0.0033356078209009214,0.0930903169773108,0.0007575778589304326,0.0011097145915516607,0.013552446677493614,0.3782223884716862,0.003078009792659444,1.4991918778218575e-05,0.00018308958121477842,0.005109673578449459,4.158300986705876e-05
final,S04,source_factorized_uncalibrated,S04:67,still_neutral,0.00011820897602492403,0.00028734403331883443,0.14800875946614406,4.2529441125598146e-05,1.9282955695305647e-06,4.687327857936307e-06,0.002414407473338605,6.937656991446273e-07,0.00021593207575947186,0.0005248907118402952,0.270367274439212,7.768843629272576e-05,7.645577173523061e-05,0.00018584975997316128,0.09572981941889244,2.7507397086665113e-05,6.674244850281666e-05,0.00016223847791668804,0.08356782487103222,2.4012719927294815e-05,0.00031246192247611583,0.0007595368142256252,0.3912317243687596,0.0001124181207113855,4.521962534685956e-06,1.0992049816583778e-05,0.005661922534293258,1.6269199333097816e-06
final,S04,source_factorized_uncalibrated,S04:68,still_open_hand,0.01008237825577574,0.0007507364120926994,0.002643991033082282,0.2533077617930368,8.818963312194954e-05,6.566622187162713e-06,2.312674582028072e-05,0.0022156596402910225,0.01228688609028208,0.0009148846180142001,0.003222098578636369,0.30869339911467997,0.0067609760091807206,0.0005034239682953281,0.0017729904085792387,0.16986148079109323,0.0020302886991257238,0.00015117580543269618,0.0005324205240942615,0.051008588759762226,0.006147793581433603,0.00045776625102991454,0.0016121901688462904,0.15445600160720474,0.00039565469498402384,2.9460547760126034e-05,0.0001037560225570189,0.009940353623600351
final,S04,source_factorized_uncalibrated,S04:69,down_neutral,0.00026888153090815615,0.0001938072930323552,0.0011354085929361495,0.0005679916520003469,0.10343488177883677,0.07455489551465488,0.4367754571478587,0.21849827013998144,0.005615919989183094,0.0040479026109147085,0.023714398647701824,0.011863201095977986,7.583783373479749e-06,5.466320135836852e-06,3.202411404060484e-05,1.6020161861496095e-05,0.014746041283912,0.010628808659805386,0.06226824850704918,0.03114988344876472,4.811091799007581e-05,3.467789977788836e-05,0.00020315843009179128,0.00010163063151321657,1.0840451337118215e-05,7.813695949289639e-06,4.5776076764731165e-05,2.289962364690022e-05
final,S04,source_factorized_uncalibrated,S04:70,down_index_pinch,0.0008766010005211832,0.0009347857976041106,0.0002291380291055981,0.0005490487081371265,0.21667866648603332,0.23106081324857797,0.05663845074135196,0.13571412974009836,0.005055896859131891,0.005391484352924273,0.0013215798761054118,0.003166701426681568,0.00021938551678854398,0.0002339473319925937,5.734600451214668e-05,0.00013740953353364918,0.11429136887261387,0.12187751137328323,0.02987505032698031,0.07158505225686887,1.904931203098619e-05,2.0313718932681843e-05,4.979371244160763e-06,1.1931312142349362e-05,0.0013707554273035074,0.0014617399531488538,0.00035830691136718313,0.0008585565109844507
final,S04,source_factorized_uncalibrated,S04:71,up_index_pinch,0.0017411624643089846,0.03443510811613047,0.041043763202513635,0.029782050374220694,3.1921316306651215e-07,6.313104036876756e-06,7.524690972032281e-06,5.460043331645197e-06,1.1950142167759931e-05,0.00023633890919722808,0.00028169617449487575,0.00020440351966843665,0.0024590331326037503,0.04863249324408273,0.057965856530096366,0.0420610081645353,1.1685454746640532e-05,0.00023110416508227062,0.0002754567981829012,0.00019987612244342867,3.26014741485745e-07,6.447619392581702e-06,7.685022003607276e-06,5.576382246168143e-06,0.012047753021495014,0.23826936679126387,0.28399711817406764,0.20607312340881054
final,S04,source_factorized_uncalibrated,S04:72,still_neutral,8.289650237791585e-05,0.0012496251396351323,0.06712838245547617,0.0006042252675434522,1.1789872443217686e-05,0.00017772669021632017,0.00954726730039263,8.59353365577483e-05,0.0003784103256076775,0.005704354736477347,0.30643118025279575,0.002758199365144944,4.63412264818979e-05,0.0006985718329743706,0.03752645148465784,0.00033777709753862896,0.0002544636028786055,0.003835917151601673,0.20606092615536112,0.0018547626753714166,0.0004239210148929455,0.0063904066183013124,0.3432850747901809,0.003089922750579403,2.44310514776762e-06,3.682864202767319e-05,0.0019783910301863165,1.780757714984053e-05
final,S04,source_factorized_uncalibrated,S04:73,still_neutral,2.376404736167004e-05,0.0008438375217875766,0.06325720250048346,4.381195413887579e-05,2.7410990323561094e-06,9.733368139000177e-05,0.007296495160302701,5.053554357470487e-06,9.858846781303383e-05,0.003500777754313409,0.2624313349383598,0.0001817600076581872,1.5225908841803193e-05,0.0005406567740120781,0.040529644811823834,2.8070842047543597e-05,8.134413303402684e-05,0.00288844869675299,0.21652886889374087,0.00014996794829241335,0.00014794370541707156,0.0052533328116730225,0.3938093873409066,0.0002727524793324003,7.301778489709173e-07,2.592788413364371e-05,0.0019436507321652955,1.3461729791001661e-06
final,S04,source_factorized_uncalibrated,S04:74,down_index_pinch,0.00017650145346806805,0.0006329678552675262,8.368799914081696e-05,4.727581751013864e-05,0.16056328701481504,0.5758105523751875,0.0761309324184891,0.04300678836683744,0.004074554157359408,0.014612127863421592,0.001931946044183693,0.0010913670963811615,1.7400483394515567e-05,6.24014501775042e-05,8.25042293282571e-06,4.660709934018426e-06,0.022826306715799133,0.08185948682962002,0.010823071987707026,0.006114013734860288,1.526097466625189e-05,5.472876406390107e-05,7.235976869665701e-06,4.087643694555183e-06,7.714787000617903e-06,2.7666696708026583e-05,3.6579590433576945e-06,2.066401466981608e-06
final,S04,source_factorized_uncalibrated,S04:75,still_neutral,0.00228582506113132,0.013119501361820227,0.09742783034429214,0.003047972803237679,3.515702412952704e-05,0.00020178386954800226,0.0014984841318549898,4.687920139283707e-05,0.0016643160761713794,0.009552348252329925,0.07093749520282629,0.0022192381308703234,0.002769734237120588,0.01589689986065652,0.11805330247775217,0.0036932286597477367,0.002840569306870686,0.016303458004520377,0.12107247803733019,0.0037876818048221393,0.009894570857000615,0.05678992589607829,0.4217324357745552,0.01319365308599765,0.00023542960942072246,0.001351249110848088,0.01003462444904368,0.0003139273686307731
final,S04,source_factorized_uncalibrated,S04:76,still_neutral,0.0013385417056402838,0.0026126822221986387,0.08106572335299772,0.001075457482537245,4.962708493684273e-05,9.686646445730938e-05,0.0030055511317679915,3.9873109374884064e-05,0.0014698198564696186,0.0028689223448557415,0.08901628493249915,0.0011809335159011262,0.001269975103116551,0.0024788479586150282,0.07691314356559015,0.0010203673307507286,0.0020762271180323703,0.004052560826212807,0.12574195668254753,0.0016681542159842978,0.009219488118307643,0.0179953994731541,0.5583572555906801,0.007407440082155912,0.00012405381663168908,0.0002421390382860474,0.007513036267433699,9.96716088648394e-05
final,S04,source_factorized_uncalibrated,S04:77,still_open_hand,0.00805363635737571,0.00814137221568667,0.004002087588066167,0.07528015834163661,0.00046110131570431604,0.00046612452732034364,0.00022913473746939057,0.004310075414066593,0.013394479922311877,0.01354039862790835,0.0066561090502419195,0.1252028927941414,0.014113619015403023,0.01426737198154685,0.0070134703105274605,0.13192493764385485,0.01698486473494452,0.017169896889326706,0.008440276332870577,0.158763476511689,0.03092275503385484,0.03125962577569684,0.015366421901637357,0.289045816325729,0.00042090457352638805,0.00042548988410991427,0.00020915979996136014,0.003934342393391893
final,S04,source_factorized_uncalibrated,S04:78,still_open_hand,0.000448928874661971,0.00028232443828880925,2.3482728467435076e-05,0.07359671988300029,4.4201537052113887e-05,2.779766422718177e-05,2.3121094476705713e-06,0.0072463330483519325,0.0009832340312385954,0.0006183407021544227,5.143134932655602e-05,0.1611898981347255,0.0007855723407725067,0.0004940343167073424,4.1091992542868705e-05,0.12878553992589642,0.0013687066088764672,0.0008607584549427585,7.159478363255439e-05,0.2243836887777396,0.0023852582120061465,0.0015000520636714795,0.00012476892015341078,0.3910356191942962,2.2028239272147583e-05,1.385321958558211e-05,1.1522608382742788e-06,0.003611276188123714
final,S04,source_factorized_uncalibrated,S04:79,right_neutral,0.01684002821433054,0.015062120102500302,0.05857124183963535,0.004003797865195643,0.00605325690012182,0.005414176347004898,0.021053811151739286,0.0014391910004975025,0.008954464099964008,0.008009084783623503,0.03114448952627094,0.002128966994063447,0.018303911213230807,0.01637145172978824,0.06366276805694619,0.004351843103083393,0.09372620330448402,0.08383093620485484,0.32598877214387134,0.022283856530836824,0.02936506358808838,0.026264808404831343,0.10213452252951405,0.00698168538727692,0.005001457032852414,0.00447342163311884,0.017395549799165785,0.0011891205131094433
final,S04,source_factorized_uncalibrated,S04:80,left_index_pinch,0.006628265957993121,0.0667524654126314,0.06516298763608885,0.03544271417910914,0.0003514176581464088,0.0035390847650761123,0.0034548137715088197,0.0018791031763224816,0.004539184043004123,0.045713573920009486,0.04462506416410704,0.024271959463026592,0.012187534668309087,0.1227391887361549,0.11981658188409303,0.06516927813917253,0.001363690620324854,0.01373356343026499,0.013406546387071063,0.007291936864214162,0.0025213703606371107,0.025392416185095593,0.024787784116909968,0.013482290782851411,0.010504989596703157,0.10579448066177126,0.10327535309317473,0.056172360326228674
final,S04,source_factorized_uncalibrated,S04:81,forward_neutral,0.017291336658349362,0.05422245181134088,0.08445613505575444,0.010277738848336658,0.0009149092439859947,0.002868987133497669,0.004468694364153081,0.0005438097970914651,0.02326448938589489,0.07295316027711625,0.11363082544746822,0.013828100804033095,0.00675915546919864,0.021195468514402887,0.033013766283582116,0.004017551454831345,0.00872491692973842,0.027359734942888715,0.042615141739919635,0.005185973730607065,0.04579702430330346,0.14361104595055224,0.22368656316941388,0.02722113767838769,0.0012576705279619626,0.0039438234848103975,0.006142844481251176,0.0007475425121285366
final,S04,source_factorized_uncalibrated,S04:82,down_open_hand,0.010871381190112356,0.0018156132797580685,2.161788806130386e-05,0.2871587112388955,0.015113193406198403,0.002524032058852157,3.0052788839856334e-05,0.3992027383949412,0.001115046743031635,0.000186222305960582,2.2172854812508154e-06,0.02945305477755794,9.276994626340213e-05,1.5493371398978106e-05,1.8447428884191989e-07,0.002450442841147844,0.007340956673309766,0.001226002307260838,1.459759131349638e-05,0.1939054128177816,5.908489227647875e-07,9.867680396288365e-08,1.17491104856927e-09,1.5606794778968888e-05,0.0017200319806860323,0.00028725999494732635,3.420306782559716e-06,0.045433248841712376
final,S04,source_factorized_uncalibrated,S04:83,forward_open_hand,0.01308617133193015,0.0017112737239567337,0.003571938389946533,0.0816314852643194,0.004105507142893821,0.0005368756314544316,0.0011206194846402934,0.025610137399008328,0.04734580612634143,0.006191393334876008,0.012923283534657864,0.2953429522735514,0.00791094261099254,0.0010345110023807435,0.002159332848097464,0.0493484288716602,0.017063353617799988,0.002231368361919216,0.004657530938780938,0.1064411327102702,0.04071149858280725,0.005323827422132953,0.011112414854707122,0.2539581679281447,0.000637297107422059,8.333910405283869e-05,0.00017395355341622105,0.003975456847839081
final,S04,source_factorized_uncalibrated,S04:84,still_fist,0.03981625491650377,0.0011167527401976303,0.017631222491346774,0.0006052924798834017,0.02219531635888835,0.0006225266644319133,0.009828412084713257,0.0003374164172105378,0.16546487727659345,0.004640902452844906,0.07327027797779577,0.0025154210537977556,0.023835194634095502,0.0006685214110817059,0.010554574271225652,0.0003623460845031696,0.1783161643194595,0.00500135096941893,0.07896101663787539,0.0027107881826294914,0.2418380143593852,0.00678299015781749,0.10708942483358617,0.0036764565564651984,0.001452483845860879,4.0738771598671535e-05,0.0006431811807806484,2.2080870008879076e-05
final,S04,source_factorized_uncalibrated,S04:85,right_fist,0.06624819224149255,0.0014894930312865612,0.03373434007420987,6.603155160832232e-05,0.1511344214450265,0.0033980348733033063,0.07695938254979644,0.00015064019125326047,0.16543064989299586,0.0037194645142708386,0.08423918620820228,0.00016488966908241104,0.11149821307713823,0.0025068731049129665,0.05677617019193328,0.00011113359869807218,0.14275839509024602,0.003209712257044743,0.07269421376613056,0.00014229155564819787,0.007746232707163744,0.00017416263366078658,0.003944470627739831,7.720901468656184e-06,0.007630813135195633,0.00017156759457664225,0.0038856976565801228,7.605859334446077e-06
final,S04,source_factorized_uncalibrated,S04:86,still_open_hand,0.00021783569308648533,0.0002136158813273018,0.00010144328461805165,0.07316099478927937,7.74558107260588e-05,7.595537277538214e-05,3.607017629423099e-05,0.02601384596177625,0.0010176593152021124,0.000997945692130123,0.00047391087334467763,0.3417849793201887,0.0003346876678592624,0.0003282042539775643,0.00015585974854598095,0.11240620110206673,0.0008395194786243477,0.0008232566976366783,0.0003909534392909443,0.281955997802203,0.00046070053795642586,0.0004517760613475403,0.00021454232377358126,0.1547281310022346,8.094752996567793e-06,7.937945205343967e-06,3.769622510015546e-06,0.0027186553930226487
final,S04,source_factorized_uncalibrated,S04:87,still_index_pinch,0.0025967097490899402,0.0694139306067092,0.000639591978581264,0.0018641872781624555,0.0002291463791700754,0.0061254250183582475,5.6440726996725564e-05,0.00016450501063338104,0.007562925810954897,0.2021683045666919,0.0018628137723082931,0.005429451669525143,0.0018587130191326667,0.04968617558164876,0.0004578170270814664,0.0013343767686151324,0.007026666206547504,0.18783328426626678,0.0017307284125424064,0.005044468968751962,0.015475509145204893,0.4136834770560024,0.0038117512044628645,0.011109923733943846,9.874913129417192e-05,0.0026397117927903805,2.432276163701222e-05,7.089235689614736e-05
final,S04,source_factorized_uncalibrated,S04:88,forward_index_pinch,0.0004913686252009765,0.027630196032348946,0.05656817413223471,0.0017429983841369574,0.00017710694056804772,0.009958917268238736,0.02038920627051211,0.0006282393612398145,0.0021638744773091567,0.12167703213243292,0.24911323587796597,0.00767576423073902,0.00021533777956363033,0.01210867922240719,0.02479048190474495,0.0007638530068327652,0.0013462758910502597,0.07570256804273877,0.15498826162091958,0.004775552573678002,0.0012720220292011587,0.07152719205447645,0.14643988231535682,0.004512156917990837,1.8997068795764395e-05,0.0010682259874697962,0.002187012846417095,6.738700542960541e-05
final,S04,source_factorized_uncalibrated,S04:89,down_fist,0.06676563300704548,0.0008734872728282573,0.02835613936820458,0.0007519334142033088,0.4053046126158532,0.005302554694586298,0.1721375738427959,0.004564655009328344,0.00787982572620212,0.00010309087436070452,0.0033466534566634364,8.874482266954582e-05,0.0006647844354031561,8.697300053123124e-06,0.0002823416666792608,7.486990053238388e-06,0.20710882062829533,0.002709581423277993,0.08796152028545427,0.0023325180275040763,7.50286527621085e-08,9.81591431601295e-10,3.1865539777125575e-08,8.449938762436861e-10,0.0023803321371243546,3.114161782399041e-05,0.0010109546900542647,2.6807972757734497e-05
final,S04,source_factorized_uncalibrated,S04:90,left_fist,0.03824925656577586,0.0034719787511489483,0.01046356995935818,0.003214596130450941,0.007380916078269099,0.0006699838399132067,0.0020191433424675705,0.0006203170046870088,0.13572810943674848,0.012320373105490995,0.03713014829714595,0.011407046686998617,0.17614978909289136,0.015989548024238364,0.048188012186068226,0.014804220558483214,0.27130243725220493,0.02462678707636391,0.07421822767851871,0.022801169049471087,0.05944786191319352,0.005396228107307216,0.01626271770781403,0.004996198201685426,0.0021688832869200896,0.0001968748509649861,0.0005933255713701149,0.0001822802440498
final,S04,source_factorized_uncalibrated,S04:91,backward_open_hand,0.026269987127808196,0.0019769235542155504,0.05520378525297012,0.3233818561453518,0.0004742236503787801,3.5687261658666446e-05,0.0009965341981335782,0.005837662711497084,0.01365942555048002,0.001027927420611975,0.028703934687863916,0.16814665218155428,0.004517489844660032,0.00033995951487864664,0.009493059058376963,0.05561001016013154,0.0003186745023577453,2.398155456924689e-05,0.00066966301537057,0.003922862678891694,0.0017206314520730823,0.0001294845265503252,0.003615737180137461,0.02118086278483417,0.01761155699522686,0.0013253414126502662,0.037008948866434556,0.21679713671033285
final,S04,source_factorized_uncalibrated,S04:92,still_neutral,0.0007708992500611861,0.0009724445864338217,0.1333297557881377,0.004594571485482717,8.258876337843885e-05,0.00010418092356589045,0.01428401915194178,0.0004922303105233747,0.002426125989831752,0.0030604168892770737,0.4196070831692302,0.01445974852379836,0.0003022177696704466,0.000381230146503325,0.0522696337060882,0.0018012225940339252,0.0007919200045506836,0.0009989610461455724,0.1369653697316519,0.004719855508230323,0.0011223535983062572,0.0014157838143581195,0.19411503015242743,0.006689244851383061,2.3419965562453313e-05,2.9542924998132556e-05,0.0040505659964783424,0.00013958335794942675
final,S04,source_factorized_uncalibrated,S04:93,up_fist,0.04257842845604381,0.00023984041419698575,0.01590874991185943,0.00032387479831164854,7.414159737325954e-06,4.1763287345342655e-08,2.7701823985697996e-06,5.639615121200983e-08,0.00011125973292403848,6.267159544297284e-07,4.157042264197418e-05,8.463023382410902e-07,0.018238369947660142,0.00010273507879795302,0.006814475705622542,0.00013873101010361967,0.00011499157121669916,6.47737060052542e-07,4.296476443105005e-05,8.746887399518749e-07,9.982350302943593e-06,5.62296711770149e-08,3.7297457952458084e-06,7.593121231282002e-08,0.6599858559530233,0.003717640288657873,0.2465931766025707,0.0050202131392894315
final,S04,source_factorized_uncalibrated,S04:94,still_index_pinch,0.0011219163712908446,0.06295793079884217,0.0004292419440525558,0.00033194625017411104,0.00027703324719836073,0.015546114177855619,0.00010599211548878395,8.196702529195353e-05,0.004854714804618524,0.27242921713106283,0.00185739977941276,0.0014363854706957442,0.000779807961881657,0.043760031457642526,0.00029835226057056056,0.00023072515512426463,0.005304925840303045,0.2976934488998612,0.0020296492136275325,0.0015695913574326776,0.004929534407039336,0.27662782539826064,0.0018860255419189235,0.0014585226701329273,3.463456121298335e-05,0.0019435675990594776,1.3251082493219284e-05,1.0247477454890537e-05
final,S04,source_factorized_uncalibrated,S04:95,still_neutral,0.001064537931841887,0.00042646120027293826,0.04057018588535386,0.0027943364916274056,0.0005680949673967885,0.00022758274216294809,0.02165044357596923,0.0014912089561337557,0.006942153159983695,0.0027810741924083377,0.26456966512957203,0.01822265916992255,0.0006053985695946283,0.00024252682117784015,0.023072106468470497,0.0015891282634431904,0.008818458746766893,0.0035327350855377236,0.3360768084230141,0.023147828122353446,0.00569912116283632,0.002283107044761529,0.21719696221568285,0.014959788429488183,3.4830603206071406e-05,1.3953378649261578e-05,0.0013274154018395284,9.142786053261629e-05
final,S04,source_factorized_uncalibrated,S04:96,forward_fist,0.11730715043837152,0.01805089867702546,0.03928657335427693,0.005124538315445134,0.12605992647362999,0.01939775155653643,0.04221790854124316,0.005506901504658876,0.2638779239740461,0.04060480244349422,0.08837363603190587,0.011527451881252,0.03353024863337953,0.005159541583226675,0.011229397079374624,0.001464761893934388,0.03518412439848466,0.005414035394974193,0.011783285834849926,0.0015370111105899404,0.07355984434981512,0.011319184654083474,0.024635448139169066,0.0032134464049303427,0.0030240206618392792,0.0004653279050774466,0.001012755054676846,0.0001321037097089362
final,S04,source_factorized_uncalibrated,S04:97,still_index_pinch,0.0005537511252130154,0.07709309466665494,8.673973933951533e-06,0.002073418089961597,9.877202472262619e-05,0.013751016847919588,1.5471679042062542e-06,0.00036983347485433464,0.0017773640107137452,0.24744417789192005,2.784068220925797e-05,0.006655008946199355,0.0003630807566089565,0.050548013117133576,5.687307664673377e-06,0.0013594883596495847,0.0014894861920121325,0.2073658991867413,2.3331355578779234e-05,0.005577103999703765,0.0026391788640053662,0.3674258285736814,4.134017545266797e-05,0.009881914365714424,2.3789104399375845e-05,0.0033119132295948497,3.726332319286236e-07,8.907387662043448e-05
final,S04,source_factorized_uncalibrated,S04:98,still_open_hand,0.002015206894989043,0.004797996341258639,0.013297180490432508,0.04685759708227541,0.0006003695051016246,0.001429416848485186,0.003961489855031163,0.013959793627388308,0.0064041789176714345,0.015247678584347205,0.04225745910906225,0.14890998840527606,0.0031663509754655734,0.007538749710117058,0.020892912048641882,0.07362400287452485,0.011742384918118692,0.027957387410135096,0.07748118172511799,0.2730339711750465,0.006066173386857463,0.014442922852217061,0.040027156820411997,0.1410506827360446,9.74312160326656e-05,0.00023197351061646272,0.0006428920366490312,0.0022654709426843246
final,S04,source_factorized_uncalibrated,S04:99,still_fist,0.12519384770809538,0.0034116459544645513,2.8546439040555975e-07,1.0706597751853198e-08,0.004042869439044257,0.0001101718608274057,9.218466250809296e-09,3.4574683692151025e-10,0.25053740809980035,0.0068273717154109645,5.712701525378057e-07,2.142599895620109e-08,0.12377913308273321,0.003373093697171587,2.822385877361788e-07,1.0585611132265207e-08,0.17249336415541935,0.0047006006985658285,3.933157575158302e-07,1.475165991528662e-08,0.2916347795653178,0.007947312380757198,6.649795185126335e-07,2.4940652695143032e-08,0.005788360626147999,0.0001577380795837843,1.3198498710923764e-08,4.950215206367874e-10
final,S04,source_factorized_source_oof_temperature,S04:100,left_index_pinch,5.387117579735161e-06,0.15375517402812314,3.6795776653951445e-08,2.2032118767516514e-05,6.826053419558754e-08,0.001948242294539111,4.662417950535495e-10,2.791704792538132e-07,1.3168648129962336e-05,0.37584993365543307,8.994617775697235e-08,5.385685671654262e-05,8.72985788055545e-06,0.24916122542318317,5.962778722372866e-08,3.570318687148337e-05,3.112028703717762e-06,0.0888212495529311,2.125617483335388e-08,1.2727508726772754e-05,4.480301235791723e-06,0.1278734844769134,3.0601924159732084e-08,1.8323440593265648e-05,8.45145536021268e-08,0.002412152640938455,5.772620686896436e-10,3.456458217192354e-07
final,S04,source_factorized_source_oof_temperature,S04:101,down_open_hand,2.2245354298564237e-06,2.5506873880381637e-07,0.002229317122605923,0.009463546338767245,0.0001539469705165017,1.7651802297815854e-05,0.15427788325578484,0.6549161994195702,3.1625533250813335e-05,3.6262334921785254e-06,0.03169351310000559,0.1345403158746782,8.099965898286622e-09,9.287548574415097e-10,8.1173769710379e-06,3.445861171373537e-05,2.3694545864018165e-06,2.7168539772164353e-07,0.0023745477863859575,0.010080056705352374,3.5373324050156264e-09,4.0559610926738104e-10,3.544935986638385e-06,1.504840457076872e-05,2.881003903906606e-08,3.3034044879463144e-09,2.8871966915303472e-05,0.00012256273188936898
final,S04,source_factorized_source_oof_temperature,S04:102,forward_index_pinch,7.239500478568038e-05,0.07150516737721217,2.4513060656898546e-06,0.07311564609740333,5.965293263061473e-06,0.005891971338245392,2.0198575305921898e-07,0.006024673558354374,0.00029421414207938206,0.29059783249424337,9.962136382558537e-06,0.2971428367580164,3.0995201215446707e-05,0.030614226179860284,1.0495023098849293e-06,0.031303736625136115,2.8877307650937798e-05,0.028522364534631348,9.77790106031424e-07,0.02916476092103849,6.699800270069176e-05,0.06617450211149749,2.2685627398673217e-06,0.06766492065576307,8.810766944343342e-07,0.0008702470107460991,2.98333932264903e-08,0.0008898471927122937
final,S04,source_factorized_source_oof_temperature,S04:103,still_neutral,9.637738899125838e-06,2.9638811577684576e-05,0.07217040956046322,0.0010865824326400134,5.216210281007898e-08,1.6041342817701455e-07,0.0003906061746163141,5.880884007776444e-06,1.1422059067648949e-05,3.5126107905448305e-05,0.08553195822837618,0.001287751085330774,1.1928012009894373e-05,3.668205832902197e-05,0.08932069243692438,0.0013447934668001735,1.5376109063787745e-05,4.728594581254619e-05,0.11514112388752971,0.001733540425398331,8.271950342889629e-05,0.00025438620008174994,0.6194295678256099,0.009326000652569711,3.545866279639123e-07,1.0904555896551808e-06,0.0026552558056060515,3.997697020299996e-05
final,S04,source_factorized_source_oof_temperature,S04:104,right_fist,0.05158684273546506,1.6817951317373737e-09,1.425115005713065e-20,1.8942081101046414e-16,0.00828591484577656,2.701311131033269e-10,2.289029713124656e-21,3.042490346034726e-17,0.25047719283508435,8.16586751938756e-09,6.919570711637305e-20,9.197227527519933e-16,0.3636349289110071,1.1854950230395885e-08,1.0045615632069136e-19,1.335224632747327e-15,0.15473744718593457,5.04463292528398e-09,4.274707391208602e-20,5.681776822425718e-16,0.17075846895411098,5.566938129216416e-09,4.717296960912727e-20,6.270049873386823e-16,0.0005191719313770302,1.6925649650667807e-11,1.4342411179232432e-22,1.9063381878127172e-18
final,S04,source_factorized_source_oof_temperature,S04:105,still_fist,0.07240554207482108,2.0462709834424016e-05,7.903223967319649e-09,1.4172439719696755e-07,0.019399393944803674,5.482510839377357e-06,2.117486462812687e-09,3.797178135856939e-08,0.21623652506235222,6.111114068288679e-05,2.3602691707172346e-08,4.2325477150299424e-07,0.03858686307891904,1.090512908236549e-05,4.211840867013469e-09,7.55287475636959e-08,0.380669075925057,0.00010758183172696058,4.155086583509662e-08,7.451100257112285e-07,0.27055811493764,7.646309993227613e-05,2.953201256774465e-08,5.29582192847351e-07,0.0018598869934978053,5.256272763407649e-07,2.0301075086667338e-10,3.6404860105262617e-09
final,S04,source_factorized_source_oof_temperature,S04:106,forward_fist,0.07042746541359768,0.004313889429500168,4.3808422029057717e-07,0.004431273353675705,0.311734065868151,0.019094628546778326,1.9390982535272824e-06,0.019614206636603123,0.4368606305399199,0.026758998711418607,2.717430587368263e-06,0.02748712963064766,0.03225299284681586,0.0019755906888672442,2.006252410243185e-07,0.002029347882094786,0.032852519867530836,0.002012313482484388,2.0435451519130196e-07,0.0020670699284030137,0.004856210033493851,0.0002974571498192387,3.0207376818074176e-08,0.0003055511652293413,0.0005542970596186001,3.39523254492988e-05,3.447927505928535e-09,3.4876191779499436e-05
final,S04,source_factorized_source_oof_temperature,S04:107,still_open_hand,9.051438763190375e-06,0.0002765644680334127,0.007577722423028243,0.43238632409452293,1.8697752140566196e-09,5.713051824651149e-08,1.5653464533394505e-06,8.93189748989729e-05,3.0976452159022523e-06,9.464778182847588e-05,0.0025932999410642936,0.14797420203513223,4.38544067981437e-06,0.0001339960530515097,0.00367142208478869,0.20949206249848865,1.669563501000686e-07,5.101309897604674e-06,0.00013977323505355235,0.007975488139806195,3.574943863032561e-06,0.00010923152369429763,0.0029928868747514585,0.17077471065341301,2.8149116461112194e-07,8.600892767830057e-06,0.00023565998354124523,0.013446804769454014
final,S04,source_factorized_source_oof_temperature,S04:108,still_fist,0.17705860820813404,2.465197016854142e-09,3.380238576710307e-20,1.0659867412697806e-16,0.0002565547601814782,3.5720264372328595e-12,4.8979053104533216e-23,1.5445957444871647e-19,0.1302980652838975,1.81414733285458e-09,2.4875297010445758e-20,7.84463468968792e-17,0.1347047806985095,1.875502280824444e-09,2.5716586207949518e-20,8.109942332849984e-17,0.019261514268909978,2.6817915263398635e-10,3.677229491213998e-21,1.1596453307314242e-17,0.5328099551549812,7.418343142369216e-09,1.017191303318636e-19,3.207798556419829e-16,0.005610507702329172,7.811541608053636e-11,1.0711060457478582e-21,3.3778232433886966e-18
final,S04,source_factorized_source_oof_temperature,S04:109,up_fist,0.03939731264824373,0.0017238548512529847,1.1918421764650298e-05,0.011416314305062729,0.005109734482347866,0.00022357973130440642,1.5457899682077362e-06,0.0014806678665302488,0.008624847051819524,0.00037738575126536913,2.6091770709586253e-06,0.002499255866911387,0.0003031703991746795,1.3265416553656046e-05,9.171469932942988e-08,8.785087947169312e-05,7.264180014193308e-09,3.1784888653821255e-10,2.197549918099775e-12,2.1049700255198173e-09,7.251103034310779e-10,3.172766948404816e-11,2.1935938878233092e-13,2.101180657604476e-10,0.6962844766259584,0.03046637682119445,0.00021063903862429822,0.2017650925044096
final,S04,source_factorized_source_oof_temperature,S04:110,still_index_pinch,0.0049026760588122545,0.0700744362445098,0.0016839548013991676,0.0054574985278245764,4.5660722662697126e-05,0.0006526332477860216,1.5683392547422867e-05,5.0828022027514214e-05,0.005845007508724078,0.08354327332774962,0.0020076236611306203,0.006506471056077338,0.005228822138179126,0.07473607457647978,0.0017959783676554325,0.005820553668863546,0.0034197661982224574,0.04887905820286343,0.0011746098742967778,0.0038067718055238564,0.040135797773767565,0.5736649471598542,0.013785709795702029,0.0446778564677323,0.0001246769791049968,0.001782020455491356,4.282363245485705e-05,0.00013878633255732145
final,S04,source_factorized_source_oof_temperature,S04:111,still_neutral,8.528462406611325e-10,1.7498570023951278e-06,0.09296128464957003,1.9779124537794493e-07,7.56962561967416e-12,1.5531243223665005e-08,0.0008250984625032856,1.7555399871370783e-09,2.554589390147912e-09,5.241467827927949e-06,0.27845337194218855,5.924578110527254e-07,6.127808208987872e-10,1.2572944093086924e-06,0.06679385990516856,1.421155138297067e-07,1.0714246974390071e-09,2.1983329701955873e-06,0.11678660411517505,2.4848374200590766e-07,4.063994057351351e-09,8.338441467990332e-06,0.4429803291232559,9.425174286855766e-07,1.0811730741327459e-11,2.2183345418813586e-08,0.0011784918911290616,2.5074457575851142e-09
final,S04,source_factorized_source_oof_temperature,S04:112,still_open_hand,7.141973351825518e-05,1.1004043999255384e-05,0.026448257687066736,0.1450650550868176,8.437578135829998e-07,1.3000255878873634e-07,0.00031246159821382075,0.0017138088827517782,0.00020511497070140072,3.160322856605549e-05,0.07595846880609201,0.4166217522545666,3.0957979437727443e-05,4.769871729831103e-06,0.011464403146094686,0.06288067416777186,3.965327871080958e-05,6.109605877162136e-06,0.01468445878774529,0.08054223639865879,6.738197065624028e-05,1.0381922941063332e-05,0.024952987579029414,0.1368637042394922,8.375632704695277e-07,1.290481303469317e-07,0.0003101676261636888,0.001701226761624656
final,S04,source_factorized_source_oof_temperature,S04:113,backward_neutral,5.216927727889146e-05,3.3715054535236e-05,0.23288925595149673,0.04958084240852634,1.1865696736994425e-07,7.668356424561907e-08,0.0005296974442739402,0.00011276967415884179,2.0418056700574466e-05,1.3195427099427061e-05,0.09114839769682355,0.019404992830313734,9.430949165020355e-05,6.094870046174733e-05,0.421007698116352,0.08963022466536903,5.145003265288341e-06,3.3250233608919494e-06,0.022967847070517893,0.004889728387915194,8.143714536247451e-06,5.262978404726161e-06,0.03635441619957894,0.007739655370021445,4.329219081303994e-06,2.7978125255763544e-06,0.01932609887052921,0.00411442021469153
final,S04,source_factorized_source_oof_temperature,S04:114,still_neutral,6.311099143283819e-11,4.921395702706914e-10,0.08144613638203302,2.4058330065112238e-05,1.983283085559951e-12,1.5465643357723288e-11,0.002559470878263634,7.56040714963773e-07,3.9309279930301053e-10,3.065338016934188e-09,0.5072949896041323,0.0001498495919195774,2.9007614939508946e-11,2.2620140845196067e-10,0.037434971450178295,1.1057895919113475e-05,1.1330543234736489e-10,8.835558675085665e-10,0.14622317739389834,4.3192785086953593e-05,1.73659361061713e-10,1.35419586011962e-09,0.22411126309274848,6.620010448996527e-05,4.918025818843891e-13,3.835076993904787e-12,0.0006346821567494836,1.8747841815225503e-07
final,S04,source_factorized_source_oof_temperature,S04:115,backward_index_pinch,7.297348880320773e-05,0.3816296754369906,0.0669999497669476,0.0016224528454969159,1.4211448724071448e-06,0.007432165643995381,0.0013048113311343885,3.159696185443951e-05,3.349206626499159e-05,0.17515356039632135,0.03075043819539951,0.0007446443784501949,4.280294428680738e-05,0.22384668739044655,0.03929913677044163,0.000951657374379556,2.550988197527529e-06,0.013340910703768223,0.0023421667771886443,5.671728360239307e-05,2.6283882619680847e-06,0.013745690055224326,0.0024132309474034007,5.843815452213049e-05,6.177235798138321e-06,0.03230510876489245,0.0056715732653262576,0.0001373412997290377
final,S04,source_factorized_source_oof_temperature,S04:116,right_neutral,0.0003867155806760424,0.00040481209018303893,0.012546985627006155,3.4757791436682583e-06,0.000609845913961367,0.0006383838962182804,0.01978644848957269,5.481262753604756e-06,0.0007596266233950845,0.0007951736535612998,0.024646083069545698,6.827483831802453e-06,0.005340589667252473,0.005590504686237352,0.17327541258516874,4.8000936884610854e-05,0.02182743243183121,0.02284885581959705,0.7081909669061357,0.00019618380587034658,2.3847895275283786e-05,2.4963867025934705e-05,0.0007737448766099604,2.1434361882526377e-07,3.6794029515617334e-05,3.851582077048758e-05,0.001193782155570364,3.3070278724826114e-07
final,S04,source_factorized_source_oof_temperature,S04:117,right_open_hand,2.2109517592150697e-05,6.87180785738676e-05,0.004332495184235027,0.025381848421870256,4.551514334479109e-06,1.4146456084499098e-05,0.000891897068894357,0.005225163617714224,0.00013733030407526368,0.0004268331313283579,0.02691071293508647,0.15765594826931834,1.7155548509026567e-05,5.332076222412086e-05,0.00336173464610803,0.019694664527856728,0.00040380341086029744,0.0012550520109830413,0.0791277478415456,0.4635685479781322,0.0001548003187354542,0.0004811312784996826,0.030334069146651294,0.17771162167714655,2.0507814332353157e-06,6.3739861839828e-06,0.00040186316351673615,0.002354308422506889
final,S04,source_factorized_source_oof_temperature,S04:118,forward_index_pinch,0.00013889358506767997,0.03944463243264771,5.605153252920717e-05,4.0174599564265896e-05,0.00114368535893283,0.3247972077308248,0.00046154267720978115,0.0003308079440836024,0.0012363811654895888,0.3511220521496473,0.0004989507548686988,0.00035761995925255206,8.765134087121257e-05,0.02489225777568477,3.537234625830557e-05,2.535291690437721e-05,0.00042329671895821125,0.12021277642964162,0.00017082451864592192,0.00012243744858862396,0.00046948760803289615,0.13333060790040632,0.0001894651932333127,0.00013579804023285754,9.684523255898135e-07,0.000275032471750361,3.908260918193785e-07,2.801222558888817e-07
final,S04,source_factorized_source_oof_temperature,S04:119,still_index_pinch,1.263530348332899e-06,0.10622221294120887,4.724836282173079e-08,3.120076829624103e-11,2.1393859793922562e-09,0.00017985346641358858,8.000004519354629e-11,5.282855795851285e-14,8.609716638983745e-07,0.07237999114119009,3.219511237602814e-08,2.1260254991393985e-11,1.3932162792513654e-06,0.11712462346714175,5.20978291800135e-08,3.4403145419361247e-11,3.4449441686921183e-07,0.02896088673613556,1.2881999407273987e-08,8.506713348251981e-12,7.98782552297802e-06,0.6715188952592109,2.9869617216895796e-07,1.9724598911459982e-10,4.283681747187694e-08,0.0036011968792241263,1.6018368666094349e-09,1.0577835492846168e-12
final,S04,source_factorized_source_oof_temperature,S04:120,still_fist,0.1352655889574346,2.250236492955079e-07,5.072162186156732e-19,1.0267197570881449e-16,0.0003040086189671677,5.057393338878421e-10,1.139965480707905e-21,2.3075466408303923e-19,0.11090154120088012,1.8449237315908307e-07,4.158563962950089e-19,8.417869194973123e-17,0.11843319827221058,1.9702180486818106e-07,4.440984543755187e-19,8.98955199902915e-17,0.03240036904864395,5.390025163119181e-08,1.2149426027174533e-19,2.4593172066591266e-17,0.5990087220130312,9.964923793709783e-07,2.246151007355352e-18,4.546715053689171e-16,0.003684908322534388,6.130099491283083e-09,1.3817596032420835e-20,2.796992351835426e-18
final,S04,source_factorized_source_oof_temperature,S04:121,still_fist,0.08825651451894795,4.1087150501684245e-08,9.760012523035405e-19,8.877031479203449e-19,0.0002874215837721071,1.3380693690709532e-10,3.178505600744264e-21,2.8909485728668005e-21,0.08127815796429962,3.783842957067927e-08,8.98829784865914e-19,8.175133255073836e-19,0.08518380988949435,3.9656676182074925e-08,9.420211706897152e-19,8.5679721891258e-19,0.040315308019453426,1.8768485670951992e-08,4.45834410394055e-19,4.0550010425081696e-19,0.702163036936344,3.268866727014175e-07,7.765001905032155e-18,7.062507981865542e-18,0.002515285545494956,1.1709720956663737e-09,2.7815757915264367e-20,2.5299287070475063e-20
final,S04,source_factorized_source_oof_temperature,S04:122,backward_index_pinch,1.1556374639060255e-05,0.3532771882743738,2.0963463119234164e-07,1.5210609556702832e-09,1.3386523678864674e-09,4.092246568446491e-05,2.428338507546469e-11,1.761946902556679e-13,1.8159310025836303e-06,0.05551282462967794,3.2941301912337014e-08,2.3901455538531806e-10,1.02910228435631e-05,0.31459551357509147,1.8668093115556402e-07,1.3545141560526375e-09,1.4303832669815233e-07,0.004372666986807184,2.5947399422640415e-09,1.882683979191784e-11,7.755975965620101e-06,0.23709939033965965,1.4069474310687914e-07,1.0208488892829106e-09,1.1471476214642427e-06,0.03506818521413724,2.0809455911545634e-08,1.5098865447833769e-10
final,S04,source_factorized_source_oof_temperature,S04:123,still_index_pinch,0.0003984269542739918,0.14409692319122203,2.2057803104116388e-07,0.00031492870269860684,3.787464514334719e-06,0.0013697918209525986,2.0968246657220826e-09,2.993726386283056e-06,0.0009999918870199668,0.361661661165296,5.536177689030435e-07,0.0007904238011762634,0.00022918037664444453,0.08288642817965486,1.2687935816395597e-07,0.00018115109413751931,0.0002018795141194905,0.07301267278205421,1.1176499294121893e-07,0.00015957166753169738,0.0009137295584558584,0.3304636310118183,5.058610235734793e-07,0.0007222394503560285,4.372107472603059e-06,0.001581236479874815,2.420496021822725e-09,3.4558458448543935e-06
final,S04,source_factorized_source_oof_temperature,S04:124,up_fist,0.031106071684837772,4.217715717297417e-05,2.8729803040377612e-05,5.644235208986145e-07,1.2562383919094188e-07,1.7033511861966963e-10,1.1602712787712954e-10,2.2794601113040727e-12,1.3947399290692362e-05,1.8911473554036086e-08,1.2881923458770032e-08,2.530772864793672e-10,0.0032608817877351126,4.421475172991139e-06,3.0117750787943256e-06,5.916910365653006e-08,5.673179261710056e-07,7.692343019585969e-10,5.239791268182915e-10,1.0294053990572522e-11,1.2701415862672334e-08,1.722202721664667e-11,1.1731123742197702e-11,2.304687629554153e-13,0.9633259939980212,0.0013061871736594378,0.0008897351729800553,1.7479669397487805e-05
final,S04,source_factorized_source_oof_temperature,S04:125,right_open_hand,3.0003570697836364e-05,3.3845916528130944e-06,0.026611502209760964,0.11588605352325822,5.8535085928866535e-06,6.603126182105574e-07,0.005191737290978203,0.022608642715416252,2.9460955909999196e-05,3.323381288883342e-06,0.026130233004472037,0.11379025342736016,3.09839519698461e-05,3.495184831979523e-06,0.02748104599337391,0.1196726867112045,9.274294395153228e-05,1.0461987911935588e-05,0.08225784466659879,0.3582111567623132,9.660761899062579e-06,1.0897947585198552e-06,0.008568559696243674,0.037313811138850655,1.1799968962396054e-05,1.3311107819730042e-06,0.010465917649613545,0.04557630318472813
final,S04,source_factorized_source_oof_temperature,S04:126,up_neutral,6.189489646342514e-06,1.8607267471363552e-05,0.001440387323367768,1.5770222560808363e-06,8.471939733016072e-14,2.5468925165203985e-13,1.971547783908641e-11,2.1585685209178463e-14,1.2926085352115455e-12,3.885928263029151e-12,3.008094454598362e-10,3.2934418585435854e-13,1.7874065432574006e-07,5.373423905815728e-07,4.15956383113738e-05,4.554139453237643e-08,2.3449862702057997e-13,7.049658249639135e-13,5.4571357091966975e-11,5.974798811568915e-14,3.001927983095023e-11,9.02460139734257e-11,6.9859378714174586e-09,7.648622925300766e-12,0.004213466607409665,0.012666811744657992,0.9805370451395096,0.001073550647114331
final,S04,source_factorized_source_oof_temperature,S04:127,up_open_hand,0.00010500289334818144,0.001837725000406267,0.004619120022255444,0.06368208292400024,8.790584976554478e-07,1.5384983465210094e-05,3.86701411530618e-05,0.000533130796283061,7.104189998105273e-07,1.243351221176642e-05,3.125162099423545e-05,0.0004308544289984828,2.3817202819589404e-07,4.168405999648974e-06,1.0477284473798702e-05,0.00014444640872375477,1.0663044108627247e-08,1.866209788513264e-07,4.690716509785214e-07,6.466915696277173e-06,5.7952805610943885e-12,1.0142703340732342e-10,2.549367509862287e-10,3.5147177900679367e-09,0.001387991040589667,0.02429214809513358,0.06105829088956183,0.841787856754629
final,S04,source_factorized_source_oof_temperature,S04:128,still_fist,0.11707050755917642,2.925902370675059e-06,1.9578234060182077e-15,2.254415830133205e-19,0.0005788207884567614,1.4466266119890043e-08,9.679883611658044e-18,1.114629786368277e-21,0.2090723940965629,5.22527343806578e-06,3.4964128476816295e-15,4.0260875665623117e-19,0.06758434480297086,1.689111961691782e-06,1.1302437727006315e-15,1.3014654157536834e-19,0.047261406245621966,1.1811878453299086e-06,7.903740171472501e-16,9.101084860388899e-20,0.5562776869010188,1.3902854243923116e-05,9.302885059330346e-15,1.071218746246257e-18,0.002129847579511937,5.323053783567582e-08,3.561841089919188e-17,4.1014275919112435e-21
final,S04,source_factorized_source_oof_temperature,S04:129,right_open_hand,4.099600570858696e-05,0.00036527458381895576,1.6480500710949063e-11,0.0401947681947588,9.370618646376106e-06,8.349225167231924e-05,3.767013019790041e-12,0.009187476629062902,2.3021985814431845e-05,0.00020512599073258217,9.254898057122958e-12,0.02257203762171123,3.2347853412581645e-05,0.0002882195103764077,1.3003921039362708e-11,0.03171563782967314,0.0008866091077030831,0.00789969089009335,3.5641916272769996e-10,0.8692809689023651,1.1735252695808443e-05,0.00010456115102876583,4.717602045701931e-12,0.011505895602803518,5.647176077412734e-06,5.031636267426011e-05,2.270179441875752e-12,0.005536806073257223
final,S04,source_factorized_source_oof_temperature,S04:130,up_open_hand,1.7249661924743247e-08,7.691407686602126e-11,4.3575451007176714e-06,0.0025901295715742407,2.2434014268490555e-17,1.0003045308296866e-19,5.667196806035166e-15,3.368587976938031e-12,3.3460384732731942e-15,1.4919565464691245e-17,8.452637286247258e-13,5.024256843444788e-10,6.190991866895276e-10,2.760485546932731e-12,1.5639452179335396e-07,9.296107472587321e-05,9.523470506675475e-17,4.2463959338880013e-19,2.4057835121200872e-14,1.430000349628442e-11,3.7856217612600695e-15,1.687961215712775e-17,9.563096152792893e-13,5.684314807683174e-10,6.63066944078145e-06,2.9565322570751404e-08,0.0016750149227394583,0.9956307012177746
final,S04,source_factorized_source_oof_temperature,S04:131,still_open_hand,9.507058252266602e-05,0.003019173836475405,0.02908241367828795,0.2095632345989464,1.5194865407710398e-07,4.825461133236144e-06,4.648160870031337e-05,0.000334939058922486,7.700054220444869e-05,0.002445320268892494,0.023554727050382335,0.16973160637140114,0.00011849166911248349,0.00376296155689821,0.036247003511717044,0.26119012625509025,1.4922782770479827e-05,0.0004739055353668113,0.004564929868383351,0.032894156568921834,8.519991306700867e-05,0.002705709185494513,0.02606294240995288,0.18780540621610872,2.406376688727609e-06,7.641974358975435e-05,0.0007361187916428324,0.005304354608672259
final,S04,source_factorized_source_oof_temperature,S04:132,still_open_hand,0.0012194373960492959,0.00017709289122035804,0.039335382737311506,0.2937210696912134,7.256320254702349e-07,1.0537996765470163e-07,2.340670668358641e-05,0.0001747801202536709,0.0005970494951026372,8.670655962489996e-05,0.019259020987110548,0.14380895397196455,0.0004843662422624534,7.034212541758943e-05,0.015624198163967692,0.11666738387764682,2.7877654582398055e-05,4.048534567197871e-06,0.0008992492901807517,0.006714780562702297,0.0012796802727963145,0.00018584166770788007,0.041278636750775324,0.30823153349750376,3.6928551232572225e-05,5.3629517411412575e-06,0.0011912039940498297,0.008894834294338317
final,S04,source_factorized_source_oof_temperature,S04:133,still_open_hand,1.3510364337518903e-05,0.03260844591690729,0.0002376746920938778,0.1537136350782658,1.5310213361897435e-08,3.695253894828914e-05,2.693376844453626e-07,0.0001741913460576058,9.478449588282081e-06,0.022877067046763937,0.00016674513959377037,0.10784068473082302,2.5272591506051602e-05,0.06099760988803321,0.0004445961081844705,0.2875379087635105,4.271103548354401e-06,0.010308681955767462,7.513736827489763e-05,0.04859431143466868,1.950258027643264e-05,0.04707118315219208,0.0003430899157445299,0.22188983455990804,3.627850308371869e-07,0.0008756134003481976,6.382124000982421e-06,0.004127572317728158
final,S04,source_factorized_source_oof_temperature,S04:134,still_open_hand,2.1921971921400263e-05,0.00026863385516342873,1.2162050089781366e-06,0.1861919193662356,2.3273563445321974e-08,2.851963816997784e-07,1.2911897041223397e-09,0.00019767151713875406,1.2131759136611599e-05,0.0001486636894923071,6.730556120847749e-07,0.10303979619322019,4.901224996444539e-05,0.0006006006077094541,2.7191415134446293e-06,0.41628029294341407,3.1992288928159456e-06,3.9203644366883206e-05,1.7748942559825152e-07,0.027172307773272127,3.070907341181353e-05,0.0003763118030024956,1.703702980664127e-06,0.260824224253407,5.568080891642149e-07,6.823177409161238e-06,3.089105257086779e-08,0.004729189838023892
final,S04,source_factorized_source_oof_temperature,S04:135,still_neutral,2.5709127822001783e-08,3.817168046361274e-06,0.09620043979206126,1.5358584210311078e-09,6.01975058108314e-10,8.937837068712397e-08,0.0022525176946808765,3.596187582276203e-11,1.3001375938950023e-07,1.930381969256012e-05,0.48649572707734495,7.766997332262216e-09,9.197492070539371e-09,1.36559952875097e-06,0.03441590038743642,5.49456432233213e-10,2.4793936584605517e-08,3.6812848389694937e-06,0.09277590512324939,1.4811850700508376e-09,7.67079760941392e-08,1.1389232543198499e-05,0.2870319478321586,4.5825199462275415e-09,2.1048280985098844e-10,3.125147852677993e-08,0.0007876011592662923,1.2574203148007032e-11
final,S04,source_factorized_source_oof_temperature,S04:136,backward_fist,0.2043981012355595,5.855917894924357e-06,0.04147546043043365,0.000372318844799905,0.010954870790745922,3.1385234751365074e-07,0.0022229086633171248,1.9954710014855875e-05,0.21011213313436156,6.019622456982893e-06,0.04263492376440992,0.00038272716925522867,0.23079148754602102,6.612077087543092e-06,0.04683107695978257,0.00042039539268399605,0.05563426445138211,1.5938978043457692e-06,0.011289032138172075,0.00010133990945424405,0.08592801395711246,2.4618007288965187e-06,0.01743609124155577,0.00015652111589623915,0.03221832659104001,9.230412322253291e-07,0.006537584848312646,5.868689613675922e-05
final,S04,source_factorized_source_oof_temperature,S04:137,down_fist,0.010200534705592488,3.1673586060240007e-10,1.5112914211977928e-12,3.8789377156115274e-10,0.8827496833772475,2.7410178851477024e-08,1.307864795383403e-10,3.356815244615407e-08,0.0032588190212599726,1.0118928831057735e-10,4.828203003285914e-13,1.2392248421043264e-10,0.0021929701152078513,6.809371241439823e-11,3.2490619538206436e-13,8.339165283585597e-11,0.04180015065347414,1.2979326155597935e-09,6.19302918039545e-12,1.5895262902160474e-09,1.318308718077043e-08,4.0934682191792583e-16,1.953180606334079e-18,5.013107209531823e-16,0.05979775971826245,1.8567747116310871e-09,8.859520003349456e-12,2.2739179089609432e-09
final,S04,source_factorized_source_oof_temperature,S04:138,still_index_pinch,6.927005224935654e-07,0.17099032905279726,7.604322912263299e-07,1.6719257593516516e-07,1.0301638091821175e-10,2.542917797668755e-05,1.1308925001743135e-10,2.4864387321714504e-11,1.4181873504311882e-07,0.03500738253174858,1.5568567097285601e-07,3.4229856709752905e-08,7.299619472548775e-07,0.18018816141183377,8.013371118313489e-07,1.761861213224736e-07,3.841088320636763e-08,0.009481571538335854,4.216667228645901e-08,9.27098262334144e-09,2.4176491672449514e-06,0.5967869421453708,2.6540451983657698e-06,5.835321020462277e-07,3.042669991944793e-08,0.007510708108734609,3.3401801186625654e-08,7.343892737984816e-09
final,S04,source_factorized_source_oof_temperature,S04:139,still_open_hand,0.00026980931239632645,0.004437645939916298,0.019255206650191238,0.2586806184176232,1.1886412003849689e-08,1.9549987915752198e-07,8.482854703222457e-07,1.1396138927206135e-05,2.5103486011604754e-05,0.0004128856109069576,0.0017915349418466398,0.0240680546873833,0.0003226033572865993,0.005305967633034656,0.023022905530682206,0.30929709291841023,5.23284279727529e-06,8.606635326003338e-05,0.0003734469671732219,0.005017006265866039,0.0003142920769209521,0.005169269165355589,0.022429762842066863,0.30132862390697096,1.75400930348318e-05,0.0002884879026245028,0.001251765971491593,0.016816625316060485
final,S04,source_factorized_source_oof_temperature,S04:140,still_open_hand,3.511260425757222e-05,0.000368567205145659,0.04554644279528433,0.22737964257626117,3.42534743510925e-09,3.595491583449865e-08,4.443201930074226e-06,2.2181615176740708e-05,6.213912427163293e-06,6.5225704123201e-05,0.00806039918949231,0.04023960103682352,4.894636729855286e-05,0.0005137763540672174,0.06349095902562528,0.3169633166514908,1.1415802633531076e-06,1.1982849350251868e-05,0.001480805006077695,0.007392562236319043,3.471527177668352e-05,0.0003643965170098407,0.045031041517191915,0.22480662586620245,2.3292628892801712e-06,2.444962233088585e-05,0.0030214118600701404,0.015083670790851631
final,S04,source_factorized_source_oof_temperature,S04:141,still_index_pinch,0.00029436589744547415,0.2286732987526202,0.0002599851420715583,2.781247498746722e-06,6.669128293525087e-08,5.180802463598223e-05,5.89020087561854e-08,6.301170259922317e-10,6.892956384358894e-05,0.053546796291552436,6.087886743784745e-05,6.512649009051566e-07,0.00028374693680590117,0.2204241340910609,0.00025060643341512145,2.680916726825111e-06,1.252685543917444e-05,0.009731281310545929,1.1063769000846648e-05,1.18357070773863e-07,0.0006062451356402778,0.47095154779357906,0.0005354381369833236,5.727965711242798e-06,1.8267346566177692e-05,0.014190687287473445,1.61337938038757e-05,1.7259476178055613e-07
final,S04,source_factorized_source_oof_temperature,S04:142,forward_fist,0.09832445531635159,0.00018260556958231826,1.0356543322547565e-15,3.5049532573352855e-17,0.003694767417678381,6.861824015282902e-06,3.891709209556108e-17,1.3170667515037339e-18,0.6326188673679082,0.0011748829752736675,6.663392830885219e-15,2.255084508425613e-16,0.052375654465738726,9.727067579668944e-05,5.516742836519914e-16,1.867025046150747e-17,0.09299826563597717,0.00017271391142709134,9.795534222711444e-16,3.315091581424132e-17,0.11756780638732997,0.00021834381060976838,1.2383451057722546e-15,4.190917352445361e-17,0.0005664526414843049,1.0520008161433297e-06,5.966462059544302e-18,2.019223014771602e-19
final,S04,source_factorized_source_oof_temperature,S04:143,forward_open_hand,6.474359067667588e-07,1.8413153202762034e-06,2.890944756323221e-10,0.16518003045676338,1.205646560135334e-06,3.4288729723099058e-06,5.383478989307928e-10,0.30759606231569503,1.832039307734338e-06,5.2103413008489695e-06,8.18046137805673e-10,0.46740736107885394,9.513142364465067e-08,2.705548857667631e-07,4.2478288193883354e-11,0.024270837145088427,2.5878123536636676e-08,7.359768716870894e-08,1.1555155461693555e-11,0.0066022739691597825,1.0631661596781253e-07,3.023657040572187e-07,4.747272436233649e-11,0.027124510210320855,7.070354694471203e-09,2.0108171762871742e-08,3.1570700073467476e-12,0.0018038563996321676
final,S04,source_factorized_source_oof_temperature,S04:144,still_index_pinch,1.9067834127314062e-07,0.14788052321525996,3.529089408544227e-07,3.2949505944621108e-12,1.0009872011889751e-10,7.763152860217148e-05,1.8526348122275943e-10,1.7297210325959395e-15,9.4160289423582e-08,0.07302598068080135,1.742725880094651e-07,1.6271040514587218e-12,1.8111766616505308e-07,0.14046574486217045,3.3521396981722866e-07,3.1297406816816834e-12,2.2727300511123025e-08,0.01762615024031964,4.2063862619673496e-08,3.9273119238211223e-13,7.946156010686617e-07,0.6162638612044316,1.4706806671757187e-06,1.3731077843600177e-11,6.004041559801511e-09,0.0046564324051767995,1.1112326306007975e-08,1.0375074680508501e-13
final,S04,source_factorized_source_oof_temperature,S04:145,up_open_hand,1.0723281385347572e-08,1.1531832205144881e-05,0.009787049846708418,0.04153919918371985,1.886561559201743e-12,2.028811010696596e-09,1.72184906422587e-06,7.308048121082688e-06,2.0642887242956484e-09,2.2199390593328548e-06,0.00188405917150376,0.007996516869210601,9.651952630516383e-09,1.0379723723300764e-05,0.008809256991242369,0.037389150617523716,5.704821295815944e-10,6.1349730161496e-07,0.0005206743009188006,0.002209899186626112,2.4691060923490772e-08,2.6552802384330625e-05,0.022535326206819098,0.0956467391744193,1.6117399879730412e-07,0.00017332674982327626,0.14710216989903313,0.6243460932048305
final,S04,source_factorized_source_oof_temperature,S04:146,backward_fist,0.2373026587931045,2.2582461502380705e-05,2.206621995755521e-07,3.242179643449551e-05,0.00015747600513414456,1.4985908044928576e-08,1.464332589023693e-10,2.1515372005284768e-08,0.03956505793889837,3.765134374341856e-06,3.6790623229987865e-08,5.405629506799516e-06,0.4732533145031745,4.503626217251871e-05,4.400672030638264e-07,6.46588736207538e-05,0.014962536058770057,1.4238816212327087e-06,1.391331279113613e-08,2.0442767085226514e-06,0.187867618829059,1.7878068839717673e-05,1.746937106001198e-07,2.5667667295795748e-05,0.04665867266911787,4.440184887355988e-06,4.3386809877338044e-08,6.374804205210431e-06
final,S04,source_factorized_source_oof_temperature,S04:147,still_open_hand,2.5289777796157883e-07,2.1106332907755547e-07,3.6353859684707617e-07,0.11253223471651576,4.121176752970241e-09,3.439450090111418e-09,5.9241596593276685e-09,0.0018338050789198808,7.861322724978436e-07,6.560899659383587e-07,1.1300590522526757e-06,0.34980624234822355,3.3562957441337033e-07,2.801095995526351e-07,4.824649133973603e-07,0.14934550374510494,3.611234352751876e-07,3.0138625602587876e-07,5.191121409081046e-07,0.16068953830901506,5.045979441280443e-07,4.2112715576937804e-07,7.253556360155035e-07,0.22453156664237345,2.81761087059893e-09,2.3515205834828165e-09,4.050293800976855e-09,0.0012537557679854977
final,S04,source_factorized_source_oof_temperature,S04:148,backward_open_hand,2.3426414941428386e-07,1.0251025389651206e-06,1.6605771167298693e-10,0.4558497294970764,1.9624330097555288e-11,8.587293727525414e-11,1.3910670314954551e-14,3.818657523525647e-05,2.6621549713005396e-08,1.1649165384553741e-07,1.887063657663016e-11,0.0518023191589833,9.297035390828988e-08,4.068234344783734e-07,6.590186446384621e-11,0.18090907544454737,2.1322334868201335e-09,9.330313522024971e-09,1.5114297875246133e-12,0.004149068735535259,6.862200328786125e-08,3.0027893715337003e-07,4.864258088524928e-11,0.13353012705755357,8.927518873736752e-08,3.906539812859891e-07,6.328255342512664e-11,0.1737187304949532
final,S04,source_factorized_source_oof_temperature,S04:149,left_open_hand,0.0001256216527411503,5.039095785665498e-06,0.002407695782232836,0.26099193977294355,9.147647783409505e-08,3.6694210264144526e-09,1.753260883364568e-06,0.0001900518172827418,5.780780937055729e-05,2.318860500728852e-06,0.0011079588252863178,0.12010168607425167,0.00026321107996740207,1.0558258189272531e-05,0.005044768901268165,0.546848165355499,1.0171082561982737e-06,4.0799542240820964e-08,1.9494149337207283e-05,0.0021131473034449806,2.43826641687576e-05,9.78068490384029e-07,0.00046732419449761666,0.0506574995582089,4.555916287926888e-06,1.8275271870242518e-07,8.731982258862776e-05,0.00946538597035735
final,S04,source_factorized_source_oof_temperature,S04:150,still_open_hand,0.0001127814490114969,0.0004998223144120975,0.01940390972961723,0.22990528904674298,1.2488154328711114e-07,5.534472427886213e-07,2.148571608253918e-05,0.0002545713639758242,0.00011050396904277665,0.0004897290293996227,0.0190120720993031,0.22526263996663212,7.273829322945379e-05,0.00032235994826263723,0.012514533977718902,0.14827720761044302,1.0393186522807848e-05,4.606029260554091e-05,0.0017881349713025935,0.021186538855333135,0.0001427525113962059,0.0006326474013196752,0.024560394187928606,0.2910013808330089,1.9726570167376824e-06,8.74237744140512e-06,0.0003393932159567488,0.004021266667507796
final,S04,source_factorized_source_oof_temperature,S04:151,down_open_hand,1.905592576146006e-08,5.449894639873337e-09,4.028962043261547e-11,0.00042546466201267874,4.235159564192923e-05,1.2112333820372122e-05,8.954325990185857e-08,0.9455907601158936,1.5899112169700802e-06,4.547062539865728e-07,3.3615223030956148e-09,0.03549819867195539,7.61526181608619e-10,2.1779248655899636e-10,1.6100818816455886e-12,1.7002715246047008e-05,8.244942654858615e-07,2.3580102768690767e-07,1.743214232733674e-09,0.018408613592827944,2.775015037705307e-12,7.936397196794756e-13,5.867167198461028e-15,6.195819871870277e-08,9.894387795228447e-11,2.829742920131532e-11,2.0919536194305234e-13,2.2091355790403215e-06
final,S04,source_factorized_source_oof_temperature,S04:152,still_fist,0.1302936413427569,6.859358959274347e-05,2.049352608299136e-10,1.6143432745804105e-18,0.00020547238618996645,1.0817172953114147e-07,3.231818270119008e-13,2.545810841874984e-21,0.08884199986146012,4.6771213194237265e-05,1.397371216785907e-10,1.1007558273648233e-18,0.08854777950567036,4.661631975410549e-05,1.3927435062749522e-10,1.097110425734176e-18,0.023156342976447017,1.219074599670411e-05,3.64219707027853e-11,2.869079884686381e-19,0.6640837574810915,0.0003496094532812536,1.0445189546455341e-09,8.228023536678023e-18,0.004344828029331279,2.287351459546615e-06,6.833859705476897e-12,5.3832587961126343e-20
final,S04,source_factorized_source_oof_temperature,S04:153,still_neutral,5.350042824922273e-07,1.2140107264730498e-06,0.11274587085106177,4.112168294695987e-06,3.947086462515103e-10,8.956573733369166e-10,8.318021277655239e-05,3.0338231559509354e-09,3.364975962400056e-07,7.635671426119831e-07,0.07091291746420664,2.586399383671599e-06,8.692701644808593e-07,1.9725137506690653e-06,0.18318848074017813,6.681414199624259e-06,2.367441445863252e-07,5.372105240328819e-07,0.04989104877055392,1.8196709768149434e-06,2.7482167431577388e-06,6.236145604899521e-06,0.5791544107860288,2.112343793870492e-05,1.8848538050023784e-08,4.277036300433116e-08,0.003972108086350093,1.4487428064990264e-07
final,S04,source_factorized_source_oof_temperature,S04:154,backward_fist,0.348101650468905,0.0001333029687351219,4.291227590820472e-17,3.7962386354626306e-19,1.0987383813328833e-05,4.2075378814665836e-09,1.3544711582717035e-21,1.198234219189419e-23,0.023388241431889695,8.95635516856928e-06,2.8831884823901702e-18,2.550615477394832e-20,0.41714168616315334,0.000159741343006617,5.142319522281605e-17,4.549157935164821e-19,0.005237033094951931,2.005483335056857e-06,6.455959309823823e-19,5.711270642777051e-21,0.12711094875271545,4.8676203645258195e-05,1.5669618619971017e-17,1.3862143256010596e-19,0.07862665664283404,3.010950030856899e-05,9.69271124986627e-18,8.574666374684254e-20
final,S04,source_factorized_source_oof_temperature,S04:155,right_neutral,0.0001725665153329011,0.0006107329503447995,0.021581024425738622,0.0009527135213026454,3.0276004814824523e-05,0.00010715029917328217,0.0037862919011955906,0.00016714922418444361,0.0011186508397308904,0.0039590353113207796,0.13989754066444074,0.006175901382560884,0.0004368137794528859,0.0015459347241374155,0.05462756680046738,0.0024115825319486663,0.005204195020085148,0.01841825091417567,0.6508322870639306,0.02873157027924126,0.00043604292226855676,0.001543206570986895,0.05453116404416399,0.0024073267465137753,2.331465297111711e-06,8.251326607509426e-06,0.0002915711047862643,1.2871665796352352e-05
final,S04,source_factorized_source_oof_temperature,S04:156,still_fist,0.07621182240959305,1.4939380739940617e-06,1.0536436129545696e-13,4.295526426198574e-18,0.0024731235229863194,4.847926838467159e-08,3.4191424921420572e-15,1.3939264424286815e-19,0.3912029179068058,7.668533768653009e-06,5.408458199653458e-13,2.2049367391366235e-17,0.03599435722428631,7.055774157624118e-07,4.9762915244237293e-14,2.0287497105106818e-18,0.12860710516645216,2.5210137340861836e-06,1.7780188250970402e-13,7.248681390537873e-18,0.36470928566217903,7.1491937938663325e-06,5.042178460947137e-13,2.0556106978025746e-17,0.0007817860453418829,1.5324918128535318e-08,1.0808347672680786e-15,4.4063801536605535e-20
final,S04,source_factorized_source_oof_temperature,S04:157,still_index_pinch,5.304118030522341e-07,0.07158525214848922,7.094671086925311e-06,0.0002452887944466774,2.0773109296504305e-08,0.0028035731074256363,2.77856520279838e-07,9.606518759437976e-06,2.2998129616805265e-06,0.31038655212589894,3.0761790048182785e-05,0.0010635478803021766,1.850420588162693e-07,0.024973581587387376,2.475081695004504e-06,8.557264990670666e-05,6.079796838342035e-07,0.08205394133008048,8.13220192219542e-06,0.00028116003987391984,3.7336993122395917e-06,0.5039062199884549,4.994113706630794e-05,0.0017266482341748495,5.707352613952362e-09,0.0007702737262237817,7.634028756541048e-08,2.63936366819613e-06
final,S04,source_factorized_source_oof_temperature,S04:158,down_index_pinch,0.007389641308037612,0.0012673364161290912,0.04802794461113713,5.159837067186166e-06,0.061873712478713615,0.010611449968496311,0.40213957781426285,4.3203487398614727e-05,0.03888452708639642,0.0066687644428623715,0.25272456879664873,2.7151226404204722e-05,0.0013416145768763862,0.00023008924774680178,0.00871963711115832,9.36786013701983e-07,0.006412551212961796,0.0010997637549253962,0.041677483606304674,4.47758126066022e-06,0.01419224902245469,0.002433995543649164,0.0922405461299624,9.909776336930915e-06,0.0002572759628202598,4.4123277854115e-05,0.0016721292924825033,1.7964363818472222e-07
final,S04,source_factorized_source_oof_temperature,S04:159,up_index_pinch,0.0001157324777135628,0.021885596208949525,0.02666898223622358,1.412775899952935e-05,0.000193129814035121,0.0365218235139092,0.044504150274354705,2.357584942633917e-05,9.641457793686736e-06,0.0018232483768342315,0.002221743383629277,1.1769573658525185e-06,1.8399953760326708e-07,3.4795242115054156e-05,4.240020171312566e-05,2.2461293274283346e-08,6.316609335904747e-09,1.1945027365390216e-06,1.4555770817362017e-06,7.710846268469835e-10,6.411187595686134e-13,1.2123879632671968e-10,1.4773713609210423e-10,7.82630036460466e-14,0.0020585024434163885,0.3892732114769838,0.4743540117802294,0.00025128664826918235
final,S04,source_factorized_source_oof_temperature,S04:160,left_neutral,0.014936025668510496,0.0072582933745530195,0.386916122969306,0.0205579681512074,0.00013967136058250134,6.78745292509848e-05,0.00361817142831803,0.00019224387037205834,0.013896553160043141,0.006753152543338111,0.3599887005186805,0.019127236630158893,0.004032280754253034,0.00195952238784892,0.10445579505454347,0.0055500372831728826,0.00020138051298748284,9.786263599310632e-05,0.005216740320081224,0.0002771804403763683,0.0013084595066390218,0.0006358574348149228,0.03389550142769598,0.0018009656291192026,0.00024737859828969684,0.0001202158111416383,0.006408315724686092,0.00034049227403591377
final,S04,source_factorized_source_oof_temperature,S04:161,still_fist,0.14802099665742288,1.5055661872970963e-09,3.3378196361337887e-16,3.010491308246167e-16,0.0014094164792511832,1.4335599968232546e-11,3.1781828971351125e-18,2.866509587355777e-18,0.2728072648283992,2.7748049455796257e-09,6.151704595879833e-16,5.548428386096269e-16,0.08371532964075065,8.514938590587043e-10,1.8877502342928457e-16,1.702625154144334e-16,0.04217665812161541,4.289915065769778e-10,9.510683000645092e-17,8.578003496345595e-17,0.44949801741826034,4.571979864777359e-09,1.0136016800469497e-15,9.142012991868995e-16,0.002372306682994584,2.4129446554678818e-11,5.349465284142615e-18,4.824861885086724e-18
final,S04,source_factorized_source_oof_temperature,S04:162,up_neutral,4.427257382148906e-06,1.9870492380551237e-08,0.0009962953324291282,1.1954819316146497e-06,1.560785896650694e-12,7.005145983181136e-15,3.512340868240935e-10,4.214553565573832e-13,2.267787871720821e-12,1.0178324352098727e-14,5.103354687813919e-10,6.123654423861768e-13,3.032375676880566e-08,1.3609960429537452e-10,6.823957751426959e-06,8.188252949095272e-09,2.7984804369036736e-13,1.2560187809009981e-15,6.297607653043339e-11,7.556671116038783e-14,2.686585156449114e-13,1.2057977495542106e-15,6.045802221339218e-11,7.254522913506563e-14,0.004414236622502437,1.9812052384180712e-05,0.9933651838200218,0.0011919659664132553
final,S04,source_factorized_source_oof_temperature,S04:163,still_fist,0.25013927305138606,6.2073635130993105e-06,6.6009361500818035e-15,6.532195645833486e-12,0.0006925979589971006,1.718725431428942e-08,1.827699764713737e-17,1.808666554789506e-14,0.31452646866876544,7.80517230142182e-06,8.300052654133677e-15,8.213617973997336e-12,0.11142855820727503,2.7651698115833678e-06,2.9404930663198807e-15,2.909871504238114e-12,0.02291011837025297,5.685290083300117e-07,6.045761095731227e-16,5.982802046160619e-13,0.2969992163095191,7.370222501446511e-06,7.837525229717646e-15,7.755907194926776e-12,0.0032789523940062975,8.136926762221413e-08,8.652841726115949e-17,8.562733188491824e-14
final,S04,source_factorized_source_oof_temperature,S04:164,still_fist,0.33453452059700145,1.6609153535330975e-06,2.1121323525916452e-16,1.7169834062835936e-15,0.0005424228472844938,2.69305073077122e-09,3.424665539717475e-19,2.7839609087712293e-18,0.2715391073515071,1.3481522674549141e-06,1.7144016486175292e-16,1.3936622763103152e-15,0.1353563110996395,6.720244442988847e-07,8.54591757199872e-17,6.947101891879434e-16,0.017443925759135993,8.660656026629545e-08,1.1013476243446355e-17,8.953016572229916e-17,0.2366952964424955,1.175157802156973e-06,1.4944101805407106e-16,1.214827981315312e-15,0.003883451072680802,1.9280771083951138e-08,2.4518733180893057e-18,1.9931638262646086e-17
final,S04,source_factorized_source_oof_temperature,S04:165,still_neutral,2.6484157559424754e-06,0.005904147043486938,0.15109009198239023,6.893680126165275e-06,5.108144485512107e-09,1.1387651691079686e-05,0.00029141573351677613,1.3296218330654128e-08,3.8379671030254645e-06,0.008556029042450732,0.21895308594218332,9.99001666699699e-06,1.5601479449327882e-06,0.0034780577240597034,0.08900524624093502,4.060979042934815e-06,7.072807661080692e-07,0.0015767500381170649,0.04034982640805763,1.8410128205882982e-06,8.068184012844582e-06,0.017986505585031565,0.4602837231640514,2.1001037944587418e-05,4.138018445034568e-08,9.224937328410881e-05,0.0023607078536753735,1.077103375942147e-07
final,S04,source_factorized_source_oof_temperature,S04:166,still_index_pinch,0.0010408202070462881,0.20452138138599726,4.303354760936445e-08,2.504649746979422e-09,2.1170206277382843e-06,0.00041599498191567034,8.752991857481344e-11,5.094439119953691e-12,0.0013399801110759667,0.2633063630891159,5.540255417334014e-08,3.2245538887914955e-09,0.00037835636653495337,0.07434710261776649,1.5643447929200275e-08,9.104840310500233e-10,8.696867568698511e-05,0.01708936237824402,3.5957897630755814e-09,2.0928309239182109e-10,0.0022015119675694848,0.4325975472967462,9.102328089674929e-08,5.297760703736852e-09,1.3530479152543256e-05,0.0026587418925558153,5.594285303519172e-10,3.2560005038815184e-11
final,S04,source_factorized_source_oof_temperature,S04:167,left_neutral,0.0018382779310253808,0.0010836397738877537,0.14023200498788024,0.003344880182784799,1.3544962854993767e-05,7.984570906161205e-06,0.0010332699243049955,2.4646043487533623e-05,0.0009497388369008238,0.0005598580938724316,0.07245029658772587,0.0017281187794049566,0.001912364684644234,0.0011273129049114343,0.1458836715980646,0.0034796864108334246,0.005198040939785067,0.0030641742543827586,0.3965296491312123,0.00945821294775207,0.002571918535327589,0.0015161109063228104,0.1961973686282047,0.0046797925359173456,6.418887145594223e-05,3.783846445451722e-05,0.004896612198980816,0.00011679631271455309
final,S04,source_factorized_source_oof_temperature,S04:168,still_fist,0.19039696279814075,6.067839194521884e-07,1.7315124332656889e-16,9.827027196000184e-19,0.0006491457547679065,2.068789331431845e-09,5.90347623650878e-19,3.3504594256766046e-21,0.2709921607549326,8.636360739537032e-07,2.4644631341213927e-16,1.3986816252236889e-18,0.1557781447991477,4.964557831021264e-07,1.4166811832852462e-16,8.040233641261783e-19,0.030111215278868193,9.596267166168621e-08,2.738381057652522e-17,1.5541410277839976e-19,0.34892372234683616,1.111999376061097e-06,3.1731901319530484e-16,1.8009126082894955e-18,0.003145461336292053,1.0024400232393034e-08,2.8605526748451803e-18,1.6234783182166883e-20
final,S04,source_factorized_source_oof_temperature,S04:169,backward_neutral,0.0002393937882410208,0.0020430577603115186,0.24964246942183388,0.08529665722818094,5.3419500565893765e-06,4.558978993775474e-05,0.005570644140158039,0.0019033513202448616,0.00018432714637612728,0.001573102667395336,0.1922183709983637,0.0656762631053063,0.00014947636245530636,0.001275675716322207,0.1558755910824491,0.05325883409818935,5.913436840723686e-07,5.046702805583641e-06,0.0006166596829998073,0.00021069736142688924,1.2127796418346688e-05,0.00010350222021231082,0.012646999192281252,0.004321166817358631,0.00011864217583410035,0.0010125276007331577,0.1237213629076491,0.0422725296227748
final,S04,source_factorized_source_oof_temperature,S04:170,down_fist,0.026627929255360505,2.140294917064571e-07,6.239078600864445e-05,4.124936720343392e-05,0.8993508290005865,7.228785946921743e-06,0.0021072312676201346,0.0013931857875388383,0.054820535192405796,4.4063551355366953e-07,0.00012844770043018676,8.492257752206137e-05,0.00029111383329901504,2.3399095428031973e-09,6.820966325745611e-07,4.5096489826871987e-07,0.005817270587232724,4.675795308618288e-08,1.3630203118004512e-05,9.011543040891618e-06,8.269398387964682e-08,6.646762189883679e-13,1.9375681086424336e-10,1.2810138084168553e-10,0.009207194395359252,7.400542181043143e-08,2.1572991641669152e-05,1.426287935818803e-05
final,S04,source_factorized_source_oof_temperature,S04:27,still_index_pinch,3.4417938147399693e-06,0.14552216969973822,3.969664836227601e-07,0.00713878580687591,5.835592934823464e-09,0.00024673417150182546,6.730603086302861e-10,1.2103876716673822e-05,3.6436105801626705e-06,0.15405516591244522,4.202434420979795e-07,0.0075573834156051345,2.6355823062614416e-06,0.11143481459780046,3.0398039415792633e-07,0.005466584744331622,7.77128997705664e-07,0.032857720122102994,8.963179729690009e-08,0.0016118796643697362,1.197358796625526e-05,0.5062541784106794,1.3809987951504434e-06,0.024834979790136297,6.723821514389747e-08,0.002842892828900326,7.755060084202096e-09,0.00013946193229044099
final,S04,source_factorized_source_oof_temperature,S04:28,still_fist,0.17831235965577158,2.252319840112024e-08,3.1380088714874317e-17,2.5216719662697877e-13,0.0005204717149193765,6.574242929615661e-11,9.159459624269607e-20,7.360448458436802e-16,0.2061728914215813,2.604235033054026e-08,3.6283091289358975e-17,2.915672259097707e-13,0.09568896807804232,1.208677635684268e-08,1.6839709334341437e-17,1.3532218896631806e-13,0.029487131598969554,3.7246129015714373e-09,5.1892578131382945e-18,4.1700347223475695e-14,0.48693267364148274,6.150600686114616e-08,8.569226791983676e-17,6.886143366354014e-13,0.0028853775746704737,3.644611719675748e-10,5.077797436131774e-19,4.080466298688531e-15
final,S04,source_factorized_source_oof_temperature,S04:29,backward_neutral,0.0002501167444580825,9.310878229903302e-07,0.48388400885054855,2.516826693285008e-06,9.743324683260848e-07,3.6270626293657303e-09,0.0018849753611993357,9.804325455020995e-09,0.00010568425565857057,3.934215749477069e-07,0.20446020681764415,1.0634592109286993e-06,6.939971835359128e-05,2.5834828778853184e-07,0.1342629578950989,6.983421443343341e-07,6.552245666385215e-05,2.439147433503743e-07,0.12676188101254715,6.5932678077389e-07,2.1622165595904085e-06,8.049095288140826e-09,0.004183094654956189,2.1757537127835258e-08,2.2763562572336543e-05,8.473993200616396e-08,0.044039130355259054,2.2906080134879497e-07
final,S04,source_factorized_source_oof_temperature,S04:30,left_fist,0.05918986370999664,0.00048471391300504543,0.0019281452603103922,0.008380018770088524,0.00020961067912593032,1.7165306036954962e-06,6.828193412427912e-06,2.967638908737062e-05,0.015569780845082605,0.00012750307104992354,0.0005071949360722605,0.0022043479668617805,0.14061545674669473,0.0011515192635453018,0.004580632720847598,0.019908141243157793,0.6293612990833936,0.005153926007792588,0.02050182125432884,0.0891040993999686,7.390325208888521e-07,6.052038686778027e-09,2.4074426988863255e-08,1.046311987994738e-07,0.0008312561885465283,6.807270951563244e-06,2.7078668197355124e-05,0.00011768809769358644
final,S04,source_factorized_source_oof_temperature,S04:31,up_neutral,1.9064961855401854e-05,8.775186075276418e-05,0.03557353169959305,3.4435795629589672e-06,7.253554391138278e-09,3.338652863411936e-08,1.3534490602443485e-05,1.3101621629029247e-09,7.214445266048846e-07,3.320651786226261e-06,0.00134615164359246,1.303098137026313e-07,5.251262716952262e-05,0.00024170416820614406,0.09798391527935994,9.48501293051448e-06,2.1780058214497635e-06,1.002488570457939e-05,0.004063966123765855,3.9339896883271124e-07,2.929606703060369e-11,1.3484340614847735e-10,5.4663868571617256e-08,5.2915572801462825e-12,0.00045979078511470075,0.0021163166890552838,0.8579289165912585,8.304900701436352e-05
final,S04,source_factorized_source_oof_temperature,S04:32,backward_index_pinch,1.531837481823641e-05,0.2829030777903081,2.064833190991752e-06,4.6374449175888533e-07,6.7827860512980365e-09,0.00012526596800732306,9.142824831158223e-10,2.0534029930667285e-10,5.504111095708531e-06,0.10165112082399089,7.419240886960752e-07,1.6663002654988314e-07,2.04150086037659e-05,0.37702881902624175,2.7518315656602475e-06,6.180386562898227e-07,5.273449598837527e-07,0.009739121413239843,7.10832179777899e-08,1.5964704043653626e-08,6.985613563491928e-06,0.12901183061618754,9.416225230478422e-07,2.114806466133008e-07,5.3864258060965165e-06,0.0994776832996494,7.260607549569716e-07,1.6306725272653674e-07
final,S04,source_factorized_source_oof_temperature,S04:33,forward_neutral,0.06347363242671404,2.549030312668787e-07,0.01664146780110553,1.848927458754033e-05,0.004067114067093742,1.6333076658364298e-08,0.001066312816886754,1.1847122323142117e-06,0.4110096396435674,1.650568890098047e-06,0.10775818907117968,0.00011972325822490075,0.03582200417731047,1.4385717504656663e-07,0.009391785317723323,1.043461428294687e-05,0.1416015572573711,5.686560670478232e-07,0.037124986637651194,4.1247207290014316e-05,0.13557525762487863,5.444551195848211e-07,0.03554501606625326,3.949180265359945e-05,0.0005459812709476608,2.1925999136757854e-09,0.00014314494685604585,1.5903923018524106e-07
final,S04,source_factorized_source_oof_temperature,S04:34,still_open_hand,4.6109704979796665e-08,3.727831580965458e-05,0.00418658087178259,0.2805209223886859,1.7143746678181098e-11,1.3860205852758634e-08,1.5565851472050735e-06,0.0001042986424109309,2.2425743430927237e-08,1.8130542068111034e-05,0.0020361697938549262,0.1364331052487134,3.129082842983093e-08,2.529769784178956e-05,0.002841084839383822,0.19036625927856884,2.570687882894397e-09,2.0783241790113115e-06,0.00023340840550952548,0.015639478422143978,5.817029686199768e-08,4.702894321516588e-05,0.005281635444318305,0.35389481104902165,1.3490189007691061e-09,1.0906413874931192e-06,0.00012248564002107005,0.008207123132306574
final,S04,source_factorized_source_oof_temperature,S04:35,still_neutral,7.269207595372364e-06,8.439357191135814e-06,0.15354622142991953,0.00012772642152344315,3.0701713337727764e-09,3.5643874774176214e-09,6.48507008856607e-05,5.3945632007578656e-08,4.023345758284872e-06,4.67099769983497e-06,0.08498444026884215,7.069375162492202e-05,7.065134093731123e-06,8.202433269098883e-06,0.1492356119639121,0.00012414066919068712,1.1590280926017952e-06,1.3456008704792441e-06,0.024481950998816712,2.0365151052696815e-05,2.7562445127913676e-05,3.199926765657725e-05,0.5821967865458726,0.00048429659470253987,2.1573159283107145e-07,2.504586566592372e-07,0.004556861320531887,3.790595329731226e-06
final,S04,source_factorized_source_oof_temperature,S04:36,still_index_pinch,6.14387299046993e-09,0.17210549562293637,0.03472576303169844,2.0884380148447825e-05,3.443546718764228e-12,9.646249452958227e-05,1.9463258359975137e-05,1.1705375232392555e-08,2.333681209687964e-09,0.06537234116692903,0.01319019139960332,7.9326974375955e-06,3.451642444328773e-09,0.09668927637596393,0.01950901618211113,1.1732894390182718e-05,4.0372264194801877e-10,0.011309297163929569,0.002281879331907513,1.3723423550676637e-06,1.72299595355204e-08,0.4826549523441667,0.09738539400217484,5.8568434835867026e-05,1.354381151561982e-10,0.0037939657885751516,0.0007655092967692173,4.603840424271121e-07
final,S04,source_factorized_source_oof_temperature,S04:37,still_fist,0.19001133032373224,1.2348284436955269e-08,1.2325121673478159e-18,2.817854250353639e-19,0.0001780891987037728,1.1573499732868124e-11,1.1551790301223308e-21,2.6410499029426663e-22,0.1312237394382295,8.527849664035415e-09,8.511853226170309e-19,1.9460385404034484e-19,0.14218782865544313,9.240373975168027e-09,9.223040992767142e-19,2.1086351884525106e-19,0.016557424984479454,1.0760189558357386e-09,1.0740005724159073e-19,2.455454118864175e-20,0.5156623729244101,3.3511399785776967e-08,3.344853950498348e-18,7.647235598092153e-19,0.004179149487910872,2.715907861565766e-10,2.710813394253789e-20,6.197648386182603e-21
final,S04,source_factorized_source_oof_temperature,S04:38,down_neutral,0.0002728749468350056,0.0002222490488986902,0.06017340234682944,0.00010953773271899039,0.00398788391576939,0.0032480204492134506,0.879393825484229,0.0016008203301420508,0.000166363123712268,0.00013549813365322662,0.036685797999867736,6.678165068231545e-05,5.462294951608415e-07,4.44888719862263e-07,0.0001204525646903482,2.1926798754572105e-07,2.2430915525452772e-05,1.826935634539247e-05,0.004946384857151941,9.00424043309094e-06,1.6451495388294243e-11,1.3399285076985798e-11,3.6278246232894705e-09,6.603975651016055e-12,3.959546467884158e-05,3.2249403866655426e-05,0.008731449533438658,1.5894450836110174e-05
final,S04,source_factorized_source_oof_temperature,S04:39,still_index_pinch,1.1193324702745414e-05,0.19628343844205196,6.119657350394869e-09,2.3539709996690968e-11,1.1786353614542536e-08,0.00020668265020391005,6.443880388272595e-12,2.478685764710564e-14,9.113752892495182e-06,0.15981656946049175,4.982705885817914e-09,1.916634295601382e-11,6.737290045656685e-06,0.11814349096998412,3.683437016665169e-09,1.4168610135954735e-11,1.1166176672631448e-06,0.019580737714308943,6.1048148753977e-10,2.348261733004944e-12,2.860517598950617e-05,0.5016134570886842,1.563913137091291e-08,6.015706370352383e-11,2.4513164383565116e-07,0.004298569299183528,1.3401931113865402e-10,5.155150913729917e-13
final,S04,source_factorized_source_oof_temperature,S04:40,right_index_pinch,0.000341469794534796,0.06560000262745891,0.0013241383364379572,2.0432939721295005e-05,2.6998073461833975e-05,0.005186618899763809,0.00010469208302738982,1.6155162666387306e-06,0.0006943908801182471,0.13339992084013957,0.002692682045538204,4.1551104149059124e-05,0.0003926294337222839,0.07542831692884897,0.0015225232027151513,2.34942407218865e-05,0.0029916606964387983,0.5747300425626736,0.011600945914311682,0.00017901560739854073,0.0005665510143383596,0.1088405142241613,0.0021969495681316777,3.3901395995465165e-05,6.119789847351624e-05,0.011756771359900005,0.0002373108391288862,3.6619724221372295e-06
final,S04,source_factorized_source_oof_temperature,S04:41,still_index_pinch,3.3167172226830155e-07,0.11402385941097318,6.286425344455948e-08,2.9323644218967753e-05,1.3551008834251177e-09,0.0004658637509481716,2.5684253332176385e-10,1.1980670499917602e-07,5.191292023220003e-07,0.17846898365912217,9.839448935246527e-08,4.5897069332466666e-05,1.843123862636833e-07,0.063363887265706,3.4934122462447524e-08,1.6295362182167398e-05,9.314151358694467e-08,0.03202068231180658,1.7653816479425474e-08,8.234794898282913e-06,1.772568419143378e-06,0.6093829490149816,3.359683170659651e-07,0.00015671569864702384,5.856013360124236e-09,0.002013211254541136,1.109934562789707e-09,5.177398035003255e-07
final,S04,source_factorized_source_oof_temperature,S04:42,still_open_hand,0.00026483030080334,0.00135818159754843,0.0019502623596859949,0.3899466833628076,6.220262116752063e-07,3.190060017027231e-06,4.580723216672526e-06,0.0009158961700066133,0.00016184108397959294,0.0008300016324476454,0.001191829535286317,0.23830125834637106,0.00016350259841131488,0.0008385227054456389,0.0012040652539576052,0.24074773837544647,4.27219294740374e-06,2.1909931849712146e-05,3.1461268115330416e-05,0.006290547061543251,7.131381033736558e-05,0.0003657327147137666,0.0005251689085609197,0.10500529484226337,6.596055320035408e-06,3.382785476174079e-05,4.857464713837374e-05,0.009712294580805653
final,S04,source_factorized_source_oof_temperature,S04:43,right_fist,0.11201532658347599,3.864336473913612e-12,2.987675473663225e-25,5.9011476858162695e-18,0.03532879881404253,1.2187829112377885e-12,9.422905681754065e-26,1.8611779809327432e-18,0.4419158551329197,1.5245338378924833e-11,1.1786790273022334e-24,2.328083848329234e-17,0.022859288140173534,7.88606199009238e-13,6.097034808080616e-26,1.20426408976512e-18,0.1924524379217409,6.639278731204325e-12,5.133096033934154e-25,1.0138704169426694e-17,0.193285046570612,6.668002300277086e-12,5.155303391759766e-25,1.0182567333078809e-17,0.0021432468025371484,7.39383354426142e-14,5.716473005303863e-27,1.1290969097429686e-19
final,S04,source_factorized_source_oof_temperature,S04:44,still_index_pinch,6.675629318415875e-08,0.11543843333401561,7.193198205980614e-08,5.265566843573032e-05,8.368346767390386e-10,0.0014470977856100595,9.017153901604066e-10,6.600739371842292e-07,1.125445389888373e-07,0.19461783513548062,1.2127024095153428e-07,8.877227369261128e-05,3.333971575107483e-08,0.0576527600699491,3.592458060350243e-08,2.6297520946634554e-05,2.1334926638812626e-08,0.036893458114674406,2.2989046980135873e-08,1.6828448219778203e-05,3.416833069210137e-07,0.5908564386362205,3.681743897279475e-07,0.0002695111136507228,1.5248492804716316e-09,0.002636848207292569,1.6430725232781803e-09,1.2027623808511502e-06
final,S04,source_factorized_source_oof_temperature,S04:45,down_neutral,5.8383943454752223e-08,1.3039135055638461e-08,0.00019032878048521994,8.661311050384933e-08,0.00030156688183183625,6.735021767689476e-05,0.9830931838008956,0.0004473772087807829,3.6033036010178005e-06,8.047411586124233e-07,0.011746592290930582,5.345533626308515e-06,7.346866607359401e-11,1.6408070483173588e-11,2.395042333599825e-07,1.0899143354600952e-10,1.2695176799295053e-06,2.835267970028537e-07,0.004138565117867884,1.8833410111042202e-06,8.20703595474775e-11,1.8329123366490627e-11,2.6754533048561117e-07,1.2175212395656912e-10,3.617391189162036e-10,8.078873997457111e-11,1.1792517134523039e-06,5.366432691299132e-10
final,S04,source_factorized_source_oof_temperature,S04:46,still_neutral,3.748700053542196e-07,2.7882773970294838e-05,0.050811988234178866,6.653442308125683e-08,2.2724792996614675e-10,1.690266646027389e-08,3.080246213022703e-05,4.0333474806608023e-11,1.3322715625290714e-07,9.909415614607132e-06,0.018058357828867114,2.3646042237142298e-08,7.135519512144688e-07,5.3073885580618994e-05,0.09671884341700066,1.266459485540843e-07,2.468755640921397e-07,1.836256690066677e-05,0.03346290201613453,4.381711792120972e-08,5.88104262015201e-06,0.0004374310554199245,0.79714958292676,1.0438065789722503e-06,2.3685033809529876e-08,1.7616892116132044e-06,0.0032104026517639716,4.203777409953279e-09
final,S04,source_factorized_source_oof_temperature,S04:47,still_open_hand,0.0016864886494565062,0.004754785446602666,1.5031745237420664e-06,0.2751328977358496,3.030822311022378e-07,8.544919540568491e-07,2.7013848479715994e-10,4.944468053329502e-05,0.00024067946650637248,0.0006785573238274598,2.1451863465360446e-07,0.0392643253583453,0.0011071240464249196,0.0031213594619931193,9.86784382891921e-07,0.1806156520200067,1.7771440284252622e-05,5.0103738116449104e-05,1.583976049533498e-08,0.002899223700036015,0.002787661751863603,0.007859367172191448,2.484654804858568e-06,0.45477771578527776,0.00014944011167223475,0.000421322532082742,1.3319660868352965e-07,0.02437958356589062
final,S04,source_factorized_source_oof_temperature,S04:48,left_fist,0.11620614713723602,1.676680904537487e-05,0.025056292630765285,5.77707754182268e-05,0.0005833231467560953,8.416480585881731e-08,0.0001257757513133845,2.8999352734500504e-07,0.21300429960239062,3.0733334726771215e-05,0.04592784627947217,0.00010589305177560068,0.09751121728818897,1.406941027071736e-05,0.02102530421449713,4.847676971908483e-05,0.2793157533963603,4.030108575092012e-05,0.060225878113114924,0.00013885915726280358,0.11410298693816573,1.6463354483646743e-05,0.024602810618879548,5.672520942604608e-05,0.0014683790013038144,2.1186512871839544e-07,0.0003166109096284625,7.299905865821522e-07
final,S04,source_factorized_source_oof_temperature,S04:49,left_index_pinch,0.00010939679962624415,0.025502126582718915,0.1016256382154046,0.0002733243373472379,3.9443458879711225e-07,9.194894957140518e-05,0.00036641535179902056,9.854819608812197e-07,3.898487328464446e-05,0.009087991392005525,0.03621552588224185,9.74024349295063e-05,0.0003812663869376221,0.08887923316439111,0.3541825723878126,0.0009525816378407239,0.00027487417289119077,0.06407752306594582,0.25534808462803826,0.0006867641596101251,4.568570726375115e-05,0.010650061918097658,0.04244035633458372,0.00011414425016789117,7.341180590555111e-06,0.0017113454628157408,0.0068196891071640375,1.8341700370716493e-05
final,S04,source_factorized_source_oof_temperature,S04:50,right_index_pinch,0.00031929694896197644,0.02897297349443493,0.00023403999715928045,1.0197312209506277e-06,8.100941418968184e-05,0.0073507862124822755,5.937871667256647e-05,2.5871787722586965e-07,0.002605081964440091,0.23638487919138068,0.0019094870074372594,8.319789527933453e-06,0.0008323028197102293,0.07552307534789375,0.0006100658029896806,2.658106108758443e-06,0.006032549346607619,0.5473929296579253,0.004421770507150691,1.9266012189153934e-05,0.0009401893167211833,0.08531268539104526,0.0006891450285696759,3.0026606987058952e-06,3.177349395062142e-06,0.00028831236911273136,2.328950670565099e-06,1.0147426677726562e-08
final,S04,source_factorized_source_oof_temperature,S04:51,still_neutral,4.38280848570248e-06,0.0006855356076207192,0.23651094815572277,0.00016459924868299838,7.221676035669487e-09,1.1295761805022526e-06,0.00038970569944853323,2.712147823891714e-07,3.460547764694126e-06,0.0005412804876847979,0.1867426869405615,0.0001299631421173052,3.7437805357509064e-06,0.0005855822522811557,0.2020268709175566,0.000140600134691914,1.5119486765825885e-06,0.0002364909756092746,0.08158978796994434,5.678222469099272e-05,5.21938291113508e-06,0.0008163881326465691,0.2816552913793305,0.00019601735019092825,1.3869974897837073e-07,2.1694677511670585e-05,0.007484700562857779,5.20896008776918e-06
final,S04,source_factorized_source_oof_temperature,S04:52,up_index_pinch,1.2397034386611803e-06,0.0016901691553989156,9.728230370345211e-08,1.1559980078624152e-07,3.861477023148409e-14,5.264605352595796e-11,3.0301874528597996e-15,3.60074805550818e-15,1.3492249979102287e-13,1.8394870934808217e-10,1.0587670560367423e-14,1.2581246135985536e-14,4.262128550658351e-08,5.8108399057499556e-05,3.344587674420585e-09,3.97434738031824e-09,1.596236766195583e-14,2.176254467641952e-11,1.2526027195613484e-15,1.4884580168557204e-15,1.161049587526578e-13,1.5829351920208596e-10,9.111015995124483e-15,1.0826549062892677e-14,0.0007315667562138796,0.9973930279674521,5.740768085164504e-05,6.821709825334661e-05
final,S04,source_factorized_source_oof_temperature,S04:53,still_index_pinch,0.013076713679059796,0.18817446746831584,3.0908757000689336e-07,1.0608993341001733e-06,2.4537829250061423e-05,0.00035310040926817617,5.799880766901414e-10,1.990726978548146e-09,0.013075952971017683,0.18816352084715116,3.0906958954131217e-07,1.0608376186971193e-06,0.009848808365724602,0.1417247723627586,2.3279122873968522e-07,7.990229421027356e-07,0.002062941940765822,0.029685822497076592,4.876069991175776e-08,1.673642005904297e-07,0.02658135765719656,0.38250687018846136,6.282899088708757e-07,2.1565161806024906e-06,0.0003063231591585461,0.004408003322744311,7.240403301998221e-09,2.4851659487747426e-08
final,S04,source_factorized_source_oof_temperature,S04:54,still_fist,0.18046905706256156,2.012500643260181e-09,2.691604210789374e-24,8.351509589815419e-20,0.0009160171144755542,1.0214964615681035e-11,1.366192943327023e-26,4.239023487181873e-22,0.282392565490514,3.1491006211914743e-09,4.2117415070572934e-24,1.306819161785192e-19,0.16865662106482093,1.8807742662797677e-09,2.5154277349507665e-24,7.804869217665566e-20,0.023720077378237878,2.645144367620681e-10,3.5377289154551447e-25,1.0976865337465827e-20,0.34151657213860476,3.8084219660697475e-09,5.093545999433917e-24,1.5804254611402488e-19,0.0023290785992857313,2.597271939887823e-11,3.4737022884336836e-26,1.0778203518083233e-21
final,S04,source_factorized_source_oof_temperature,S04:55,left_open_hand,3.8148564949034965e-07,1.0839962180577286e-05,2.016384430292967e-06,0.28856552166694244,1.2411694530526485e-10,3.526798438880426e-09,6.560337889076762e-10,9.388523819328394e-05,1.048975778645328e-07,2.980677722490479e-06,5.544477048194673e-07,0.079347216123377,2.0821286156192588e-07,5.916394359411274e-06,1.1005320194903765e-06,0.15749754438902927,4.927569939657456e-07,1.400175127410331e-05,2.6045213807593814e-06,0.3727340181962907,1.1940484413182325e-07,3.392903497932057e-06,6.311274590030354e-07,0.09032088410793852,1.5064346524415382e-08,4.2805528023906575e-07,7.962426325852541e-08,0.011395057767433743
final,S04,source_factorized_source_oof_temperature,S04:56,still_fist,0.10004995216505878,9.207477911177463e-09,1.672415367177501e-16,1.0664371951173337e-15,0.003243034386673358,2.9845259127382366e-10,5.420992641365546e-18,3.4567657656520447e-17,0.38325272413371314,3.527029164429866e-08,6.406377329360762e-16,4.085109001071297e-15,0.03444916928536324,3.1703160110472285e-09,5.758455536719526e-17,3.671953326493967e-16,0.06904507121746449,6.354135652775459e-09,1.154143861472827e-16,7.35954695554013e-16,0.40905327069525627,3.764468520892325e-08,6.837654202736146e-16,4.360118253071673e-15,0.0009066860876582309,8.344124053864978e-11,1.5155986718554781e-18,9.66441009965659e-18
final,S04,source_factorized_source_oof_temperature,S04:57,left_open_hand,1.1457970218535996e-06,7.413591336321628e-08,1.576603735183731e-12,0.22788648382652346,1.3766265097008474e-09,8.907115458511717e-11,1.8942224981839883e-15,0.00027379594191176865,6.876542676136301e-07,4.44929391814773e-08,9.462044901118681e-13,0.13676690560886803,2.4438062942484576e-06,1.5812033741700122e-07,3.3626498045392234e-12,0.48604631791455716,2.0815727176506579e-07,1.346829252578573e-08,2.864220502507032e-13,0.04140020251468582,5.206307798583696e-07,3.3686104653478045e-08,7.163820611511444e-13,0.10354776241419146,2.0479651872201615e-08,1.3250843456114008e-09,2.8179769209682138e-14,0.0040731785526875106
final,S04,source_factorized_source_oof_temperature,S04:58,still_fist,0.09955378795448525,3.4552925768245036e-09,1.872785742781004e-17,5.9683155045631184e-12,0.007143276624962616,2.479273888374963e-10,1.3437787647102861e-18,4.2824416338270433e-13,0.5339370434622293,1.8531778053589805e-08,1.0044315772252368e-16,3.20098792866941e-11,0.042856726627617685,1.4874625308190774e-09,8.06212081524813e-18,2.5692891376807702e-12,0.11921827884441204,4.1378037177372064e-09,2.2427101719201425e-17,7.147214753694126e-12,0.196662594075583,6.825725222621199e-09,3.699576981354693e-17,1.1790052729339904e-11,0.0006282576429644106,2.1805438192473962e-11,1.1818655831306686e-19,3.7664461678535627e-14
final,S04,source_factorized_source_oof_temperature,S04:59,still_index_pinch,5.042841715653242e-06,0.09528490919215567,5.4609902087996245e-06,1.9615766686634184e-07,1.4208149676326767e-07,0.002684641573212615,1.538627834118507e-07,5.52672014738222e-09,2.6558663623805646e-05,0.5018281346813033,2.8760887250972856e-05,1.0330852692367018e-06,1.7697944618722969e-06,0.0334404119932678,1.916544435228312e-06,6.884188956322861e-08,4.079659330830015e-06,0.07708549877074877,4.417941493532433e-06,1.5869156738770518e-07,1.5284628787809043e-05,0.28880431871606627,1.6552018259123485e-05,5.945451574710715e-07,4.021167929447839e-08,0.0007598029892838159,4.35460003086952e-08,1.5641635482426978e-09
final,S04,source_factorized_source_oof_temperature,S04:60,forward_neutral,6.004477408972343e-06,0.00040945736643477766,0.0785979480659412,2.6446581970028494e-05,4.3255810742764763e-07,2.9497005556666593e-05,0.005662137992608219,1.905192186715806e-06,4.3173336643985964e-05,0.0029440764813326316,0.5651342223899163,0.00019015596340968245,2.507504188910915e-06,0.00017099174359144726,0.03282295370462237,1.1044244245657346e-05,8.256087681315401e-06,0.0005629991902367044,0.10807127858191826,3.636374737448129e-05,1.554855277298789e-05,0.0010602870219457437,0.20352884358024523,6.848324132449611e-05,4.519968129374299e-08,3.0822569901873927e-06,0.0005916588507126597,1.9908095158588074e-07
final,S04,source_factorized_source_oof_temperature,S04:61,backward_open_hand,1.7964105360171188e-10,5.7532922841175915e-11,7.585167483560933e-13,0.3815282240945672,1.890783527192778e-15,6.055536894174165e-16,7.983648192530216e-18,4.015715042935196e-06,7.503123053282577e-12,2.4029952565822686e-12,3.168120196795209e-14,0.01593540650250689,2.5726402700642505e-10,8.239292254646296e-11,1.0862721483840603e-12,0.5463867271943164,1.6025699267865515e-13,5.132486705951995e-14,6.766694502774914e-16,0.0003403596482515882,9.14090675571558e-12,2.9275217024776824e-12,3.8596583188296085e-14,0.019413791286564595,1.7134781876176298e-11,5.4876881637986346e-12,7.234993767807822e-14,0.036391474935120405
final,S04,source_factorized_source_oof_temperature,S04:62,forward_open_hand,0.010878142992998868,0.0005969728733241581,0.00012198368290677425,0.09377385588162662,0.00012725927572435305,6.983759593453823e-06,1.427040915613643e-06,0.0010970248312654179,0.037699114696676875,0.00206885944013942,0.00042274465926631376,0.32498114344574486,0.043197931830614066,0.002370624609658086,0.00048440646735802885,0.37238310219634346,0.005232386032067894,0.00028714391104392483,5.867414309523143e-05,0.045105218234762906,0.005986614135740281,0.00032853458944196736,6.713179270481676e-05,0.05160696007996264,0.0001151872469693501,6.321268422179079e-06,1.291669416209793e-06,0.0009929592122163691
final,S04,source_factorized_source_oof_temperature,S04:63,left_neutral,0.0003482502110521135,0.0006772190545560341,0.006619876429299794,0.11222075748574381,1.2633393468558688e-05,2.4567321164757034e-05,0.00024014774719566986,0.004071006821141452,0.0010001259961161578,0.001944878595997008,0.019011361078625683,0.3222823513193623,0.00023498115190472122,0.0004569522385948813,0.004466748732539894,0.07572073763273147,0.0010970289234163342,0.0021333192823979625,0.02085338553117826,0.35350852020339046,0.00017541122566885005,0.0003411105596952455,0.0033343860287454096,0.05652482034853784,3.689597403936663e-05,7.174915007337858e-05,0.0007013543168900198,0.011889423246472816
final,S04,source_factorized_source_oof_temperature,S04:64,still_neutral,8.588086209145892e-06,0.0006084549537035379,0.09291791689640967,0.00025350027828119603,5.749033289394398e-08,4.073116755876692e-06,0.0006220107535131134,1.6969805649567182e-06,2.2524030470312278e-05,0.0015957988291309803,0.24369643485691303,0.0006648568555538708,5.397631840317903e-06,0.00038241533113766865,0.058399123455696283,0.0001593255051542052,7.228807144983287e-06,0.0005121517657855514,0.0782113366354447,0.00021337753001860106,4.766460712001839e-05,0.0033769766176336992,0.5157023224291027,0.001406948052782789,1.0803443189386347e-07,7.654101700372446e-06,0.0011688674426642925,3.1889245033287798e-06
final,S04,source_factorized_source_oof_temperature,S04:65,right_index_pinch,1.2322962974679606e-05,0.02148247861236891,0.03194748458389836,7.727079626775206e-06,4.2346016652676124e-07,0.0007382132032120175,0.0010978274599871929,2.65529518529195e-07,1.4073628458348923e-05,0.024534393471450627,0.03648611369980241,8.824829544547028e-06,1.9960383707494423e-05,0.034796705708845514,0.051747623691976045,1.2516103035098665e-05,0.00015698876112724613,0.27367668881485385,0.4069959502648263,9.843936561617092e-05,2.6146537705294695e-05,0.045580956316724985,0.06778532987387617,1.63951136774835e-05,6.354337265079059e-07,0.0011077442549598242,0.0016473724073838836,3.9844694919183975e-07
final,S04,source_factorized_source_oof_temperature,S04:66,still_neutral,1.006076427511121e-06,0.00015005269323851642,0.11686994674258593,7.740132135532685e-06,4.94194638229513e-09,7.370735902621374e-07,0.0005740766752008637,3.8020290466709296e-08,2.3454134519090555e-06,0.00034981001004807764,0.27245280549118717,1.8044165963754528e-05,5.904650233705811e-07,8.806574192289167e-05,0.0685908286365419,4.54267407258995e-06,6.196547708075202e-07,9.24192881327957e-05,0.07198162891284289,4.767242003998162e-06,4.017353941227499e-06,0.0005991739415511664,0.46667224111280114,3.09070459162111e-05,1.2926114389492541e-08,1.927883632112091e-06,0.0015015502391063308,9.9445559639232e-08
final,S04,source_factorized_source_oof_temperature,S04:67,still_neutral,8.042774504673634e-08,4.752360186468688e-07,0.12608976030747945,1.0410805513671071e-08,3.327387826353804e-10,1.9661057787602463e-09,0.0005216477637551285,4.3070693463551064e-11,1.7959524403773963e-07,1.0612025575852144e-06,0.28155857484159036,2.3247340277546084e-08,4.4986857173745306e-08,2.6582089156251425e-07,0.07052767716822288,5.823232025652392e-09,3.753255522029901e-08,2.2177448966365684e-07,0.058841272855588746,4.8583251041365456e-09,2.939463596987962e-07,1.7368869113242024e-06,0.46083134639843226,3.804928735099414e-08,1.0366716736396304e-09,6.12554434465617e-09,0.0016252312279900077,1.3418985164289436e-10
final,S04,source_factorized_source_oof_temperature,S04:68,still_open_hand,0.00044691801986037987,2.477860505576168e-06,3.073419543048067e-05,0.28209727287432373,8.054413681613857e-07,4.465631876619842e-09,5.538955986737626e-08,0.0005083993111073791,0.0005817454471203718,3.2253881107068527e-06,4.000616996418165e-05,0.36720113498887264,0.00026231497056071403,1.454360479304071e-06,1.8039191107291675e-05,0.16557474646559006,5.2749815718621155e-05,2.924623291905436e-07,3.627562714352902e-06,0.03329599277177268,0.0002310838457894835,1.2812048508075302e-06,1.5891451590024968e-05,0.1458614775096544,5.9598086361437284e-06,3.3043139421645604e-08,4.0985128191682965e-07,0.003761866132930198
final,S04,source_factorized_source_oof_temperature,S04:69,down_neutral,1.3702134297630962e-05,7.118795328972734e-06,0.00024432653102956044,6.11434839267293e-05,0.038335072311021165,0.01991657122720747,0.683563234096935,0.17106385229957824,0.0007881365573724642,0.00040946780416433327,0.014053480053372964,0.0035169276465275025,1.1763994580421985e-07,6.111855850343533e-08,2.097670278550692e-06,5.249485940788981e-07,0.0028550092358795103,0.0014832890972369928,0.05090845612135043,0.012740001486837278,1.381545253425262e-06,7.177668590322182e-07,2.4634713972122555e-05,6.16491476159751e-06,1.8942475864019553e-07,9.84135797904679e-08,3.3776850499613474e-06,8.452763221890086e-07
final,S04,source_factorized_source_oof_temperature,S04:70,down_index_pinch,0.0001729533249126378,0.00019667501969316078,1.1817329307375816e-05,6.784951373388412e-05,0.2682961897087504,0.3050947902922493,0.018331792275771416,0.10525247790169817,0.001788918575798135,0.0020342806147397204,0.00012223089625462054,0.000701791975024048,2.7277437571509367e-05,3.1018718918907356e-05,1.8637771931053394e-06,1.0700926831375735e-05,0.11434334121150336,0.13002628828277,0.007812702750204464,0.044856842757009074,1.0488145260343662e-06,1.1926663894231349e-06,7.166203160747526e-08,4.1144947993576305e-07,0.00031391080518297095,0.0003569657525950547,2.144848825464587e-05,0.00012314707160579312
final,S04,source_factorized_source_oof_temperature,S04:71,up_index_pinch,5.111526212698637e-05,0.019992858936530775,0.028403139489391452,0.014954819917768774,5.323606167826242e-10,2.082237334175837e-07,2.958160093079586e-07,1.55753033908306e-07,6.666977049209139e-08,2.6076738361780763e-05,3.704628935107898e-05,1.950561085241536e-05,8.099360031782446e-05,0.03167925896365716,0.0450055899519813,0.023696341500424906,6.470815561893208e-08,2.5309486315817573e-05,3.595628181617887e-05,1.8931700126823547e-05,5.475383147007202e-10,2.1416022989301825e-07,3.042497774851529e-07,1.6019358120644035e-07,0.000673968509934692,0.2636112344159187,0.3745030506069906,0.19718333188394255
final,S04,source_factorized_source_oof_temperature,S04:72,still_neutral,6.808622951911697e-08,1.547199719308776e-05,0.04464771481830336,3.6173008965940817e-06,5.054635196712169e-09,1.14862141916164e-06,0.003314589636807524,2.6854382388569756e-07,5.155787150362291e-07,0.00011716073115220124,0.3380920282692635,2.7391784819597452e-05,3.135458379820419e-08,7.125053567256809e-06,0.020560846525886044,1.6658135556431861e-06,3.0374693513812175e-07,6.902382113179733e-05,0.19918281027990803,1.613753718737401e-05,5.998706361044579e-07,0.0001363153293048487,0.3933666657388641,3.1870065432421374e-05,6.198223329191424e-10,1.408491770343292e-07,0.00040645004068582264,3.2930063779900254e-08
final,S04,source_factorized_source_oof_temperature,S04:73,still_neutral,5.667902830447573e-09,7.146596181673944e-06,0.04016072469691496,1.926490299065747e-08,3.1824492414566155e-10,4.012715157216096e-07,0.002254969283549844,1.0816977238918501e-09,3.778302045701687e-08,4.7640193879065286e-05,0.2677169189705988,1.284224951578745e-07,3.130685806210863e-09,3.9474472124852205e-06,0.022182915716260652,1.0641036050739405e-08,2.923906608823723e-08,3.686721602554494e-05,0.20717752556669544,9.938204457235412e-08,6.49118280156268e-08,8.18466081934086e-05,0.4599419101726593,2.2063188221039825e-07,5.454647904644396e-11,6.877705397188177e-08,0.00038649676850534335,1.8540060737574307e-10
final,S04,source_factorized_source_oof_temperature,S04:74,down_index_pinch,7.407694414642169e-06,9.52686029759946e-05,1.6653781233295724e-06,5.314526552876053e-07,0.06529506281391217,0.839744334379608,0.014679462068086995,0.004684485153846733,0.0004869213338949342,0.006262179923038711,0.00010946835707048382,3.493335730792907e-05,3.373653133843858e-07,4.338775373233535e-06,7.584557097415327e-08,2.4203710569603415e-08,0.0048446924035909925,0.062306441289779156,0.0010891708393442336,0.0003475743595538824,2.8322290440092385e-07,3.6424626776917437e-06,6.367341882824492e-08,2.03193539253751e-08,1.1405577072463561e-07,1.4668442473556412e-06,2.564171451630771e-08,8.182740649056586e-09
final,S04,source_factorized_source_oof_temperature,S04:75,still_neutral,4.7397693143645955e-05,0.0015613701886845034,0.08610676784478313,8.427395971207032e-05,1.8129369249062743e-07,5.972159151153724e-06,0.0003293538747487901,3.223434796859051e-07,3.1046617853450606e-05,0.001022734659869335,0.056401983695089405,5.520145071719575e-05,6.12280861182487e-05,0.0020169696462971616,0.11123226147286036,0.00010886464974441889,6.332478712909628e-05,0.0020860389666752773,0.11504131071569632,0.0001125926222425934,0.00033437143499546936,0.011014831227489242,0.6074482030132646,0.0005945184875617289,2.2883089610240667e-06,7.53812508008433e-05,0.0041571408943232675,4.068654915454763e-06
final,S04,source_factorized_source_oof_temperature,S04:76,still_neutral,1.5107493180753766e-05,5.755748018482737e-05,0.05541190958417971,9.75248033812382e-06,1.8677047281404357e-07,7.11569924903239e-07,0.0006850447277216585,1.2056767738154752e-07,1.7114675824325612e-05,6.520457119142094e-05,0.062773939924609,1.1048195585667035e-05,1.4084566129655322e-05,5.3660268200702225e-05,0.05165997399906959,9.092140741486992e-06,2.712582835929757e-05,0.00010334569141333875,0.09949327333513183,1.751078782986894e-05,0.00019798195531474258,0.0007542841379203005,0.7261666827144821,0.00012780512977295948,6.336216930153924e-07,2.4140118816582262e-06,0.0023240247434744843,4.0902769433737577e-07
final,S04,source_factorized_source_oof_temperature,S04:77,still_open_hand,0.000805924639740853,0.00082357968002065,0.0001990139775791776,0.07041601588553631,1.778416834594562e-05,1.817375838080461e-05,4.3915992959371624e-06,0.0015538553097989851,0.0015880818647275223,0.0016228712828775802,0.0003921588608116119,0.13875540255245625,0.0017027710794572872,0.0017400729443124905,0.0004204800656529756,0.1487761379513735,0.002179655556378257,0.0022274043218910165,0.0005382412953236867,0.19044294306758197,0.0048455452349698,0.00495169448526258,0.0011965526095110502,0.4233695973725697,1.5747680873814473e-05,1.609265846406408e-05,3.888711740285178e-06,0.0013759213850657824
final,S04,source_factorized_source_oof_temperature,S04:78,still_open_hand,1.8878108659472453e-06,7.4662125194903e-07,5.165359045309526e-09,0.05073647839645244,8.582983100793856e-08,3.3945336917830587e-08,2.348444444045447e-10,0.0023067476966345257,5.369464361723181e-06,2.12360055573358e-06,1.46917320000578e-08,0.144308795707876,3.980796778275909e-06,1.5743883711887058e-06,1.0892110548314374e-08,0.10698720586096425,8.345818088300449e-06,3.3007359275364344e-06,2.283552220750659e-08,0.22430076379781289,1.7502589006534396e-05,6.922200286124011e-06,4.788994388792966e-08,0.4703965556244626,3.3912630302474217e-08,1.3412302551089074e-08,9.27904986897232e-11,0.0009114299879003047
final,S04,source_factorized_source_oof_temperature,S04:79,right_neutral,0.004789116399238444,0.0038312630893047378,0.057934681980003344,0.0002707160785399172,0.0012240066592843772,0.0009791976523112174,0.014806997916843923,6.918985785371663e-05,0.0020630880925178543,0.0016504575374498495,0.02495749582444063,0.00011662091115130231,0.005352091220959791,0.0042816394165562325,0.06474507549317038,0.00030253955563839564,0.047236713370616946,0.03778907449935666,0.5714298293819795,0.002670166423359636,0.010051701129748875,0.008041297874750651,0.12159698361114052,0.000568196069098171,0.0009489872171066916,0.0007591838230745551,0.011480045178043127,5.364373646054735e-05
final,S04,source_factorized_source_oof_temperature,S04:80,left_index_pinch,0.0007175888526547964,0.07277973203239739,0.06935500497564845,0.020517752008147216,1.4292467801088305e-05,0.0014495793417031732,0.0013813678568048045,0.0004086592327100009,0.00043315783174672573,0.043931996442852304,0.04186473001202976,0.012385121283986087,0.0016164549329271754,0.16394507303959077,0.1562304647031732,0.04621869657457024,8.715592569250856e-05,0.008839581180043452,0.008423625363880955,0.002492017069082942,0.00019778406860487208,0.020059775817427034,0.019115841907864414,0.005655166542489931,0.0013259789133050202,0.13448423792248249,0.12815594025694052,0.03791322344344265
final,S04,source_factorized_source_oof_temperature,S04:81,forward_neutral,0.00414317985598484,0.0407413069224127,0.09884143901295411,0.001463766521975823,8.229997790988635e-05,0.0008092838776697156,0.0019633828436380744,2.907620634663614e-05,0.006153946709779532,0.06051386625785359,0.1468111377122579,0.002174161268617518,0.0011841833369496874,0.011644480437744869,0.028250375109879686,0.00041836656499589587,0.0016643478479442754,0.01636610257235304,0.03970538138026887,0.0005880064939068994,0.015182573010156636,0.14929544175718595,0.3622018392649308,0.005363933708457936,0.0001257915715644029,0.0012369516177182177,0.003000936570775815,4.444158776663365e-05
final,S04,source_factorized_source_oof_temperature,S04:82,down_open_hand,0.0004364231417308415,1.2172646909666555e-05,1.7256982190318294e-09,0.3044965066998183,0.0006771264723818354,1.8886307056960728e-05,2.6774839272141666e-09,0.47243747115821,2.0953290658149632e-05,5.844259490129728e-07,8.285320578606194e-11,0.01461930681303653,7.610348523244024e-07,2.1226666639525997e-08,3.009273257299779e-12,0.0005309811324178375,0.00025854234718708925,7.211223243165737e-06,1.022324495249237e-09,0.1803874130968817,8.984558418590164e-10,2.5059591669458306e-11,3.5526613919366277e-15,6.268610417520889e-07,3.7345949182504204e-05,1.0416474504583953e-06,1.4767282444441981e-10,0.02605661794276442
final,S04,source_factorized_source_oof_temperature,S04:83,forward_open_hand,0.001884822443929953,3.223177364185525e-05,0.0001404278217551339,0.07334333221389717,0.0004017994993684533,6.871050668333429e-06,2.9935885292711484e-05,0.015635061148843804,0.010468770096277792,0.000179023243880891,0.0007799708592233891,0.4073670098289371,0.0009634398828122745,1.6475491535209478e-05,7.17806414981215e-05,0.037489945867731224,0.0026849703655470298,4.591485916145924e-05,0.0002000424714408098,0.10447916414566165,0.008560052478244883,0.00014638284615600897,0.0006377627386074557,0.33309385438517225,3.3520429265314786e-05,5.732226353399678e-07,2.4974240312049973e-06,0.001304366884783228
final,S04,source_factorized_source_oof_temperature,S04:84,still_fist,0.030801204324791272,2.423041959379647e-05,0.006039649460744922,7.1183188570491264e-06,0.014130871252054396,1.111634908988301e-05,0.00277084973812642,3.265717997236585e-06,0.20579188668810725,0.00016189054528099683,0.0403526707707696,4.755957761237954e-05,0.015539799947949554,1.2224712682400149e-05,0.0030471193069608487,3.5913287622726724e-06,0.22737433310194693,0.00017886883375808243,0.04458466149004114,5.2547393467528846e-05,0.34133952348621155,0.0002685219639727025,0.0669315084960853,7.888534295824254e-05,0.00037265095170722397,2.931537619983893e-07,7.307120513184248e-05,8.612157721702368e-08
final,S04,source_factorized_source_oof_temperature,S04:85,right_fist,0.064589118789408,3.265038050938744e-05,0.01674772160331478,6.416737901911395e-08,0.19397473503239834,9.805597330821644e-05,0.050296937336945104,1.9270816162609222e-07,0.218817449336752,0.00011061418884244301,0.05673856203841464,2.1738866345842936e-07,0.12930575660855562,6.536522303530681e-05,0.03352850842332909,1.28461444422356e-07,0.17977509464262992,9.087792736933244e-05,0.04661502266505729,1.786012389136738e-07,0.0036930175344459543,1.8668535813384398e-06,0.0009575859015002313,3.668903683756223e-09,0.0036198319445417816,1.8298576073576477e-06,0.0009386091464668362,3.596195964961821e-09
final,S04,source_factorized_source_oof_temperature,S04:86,still_open_hand,4.5222005684951433e-07,4.348693619620862e-07,9.807048929106962e-08,0.05100948522325719,1.1391557410202254e-07,1.095448825786518e-07,2.4704247237260606e-08,0.012849440677925603,3.531677031384437e-06,3.396174305036144e-06,7.658954733207693e-07,0.39836585002612923,8.017347569250655e-07,7.709739471437288e-07,1.7386782983723904e-07,0.09043401905092822,2.7324494356697906e-06,2.627611324808626e-06,5.92571357816659e-07,0.30821463356384815,1.2276353635683968e-06,1.180533678661528e-06,2.6623056397570773e-07,0.13847472483585258,5.607671520647502e-09,5.392517424516704e-09,1.2161050388716023e-09,0.0006325337260849005
final,S04,source_factorized_source_oof_temperature,S04:87,still_index_pinch,6.835642564132315e-05,0.04884563985580902,4.147043064742034e-06,3.522991604313208e-05,2.6855431388880797e-06,0.0019190159776298521,1.6292635176141704e-07,1.3840902069642664e-06,0.0002843159697868934,0.20316444774827838,1.724886226332122e-05,0.00014653235085567074,4.376879484301892e-05,0.031275988610681114,2.655362321872643e-06,2.2557805695101606e-05,0.00025775903585527327,0.18418758612439837,1.5637707969505133e-05,0.00013284529007102387,0.0007385978896227059,0.5277819338312749,4.480920743084154e-05,0.00038066270137612757,8.741631851140788e-07,0.0006246532014318281,5.303367372223495e-08,4.505310997558737e-07
final,S04,source_factorized_source_oof_temperature,S04:88,forward_index_pinch,3.755173010914587e-06,0.011873617060184187,0.04976905884312298,4.7250790093233585e-05,9.632392305278196e-07,0.003045700884457584,0.01276625865301149,1.212029766909535e-05,2.71058360310107e-05,0.08570692114395483,0.35924628359289706,0.00034106875099503274,1.2500105975436547e-06,0.0039524536188521725,0.01656697329333583,1.5728699633060967e-05,1.4396783673467891e-05,0.04552170984937815,0.19080728683177925,0.00018115261304752612,1.3347898566137207e-05,0.04220520217626258,0.17690592343928352,0.00016795464589811635,4.9091034206107386e-08,0.0001552227126573211,0.0006506263660747997,6.177052684365094e-07
final,S04,source_factorized_source_oof_temperature,S04:89,down_fist,0.05080863114907856,8.6965042933916e-06,0.009164858354178526,6.444516224481325e-06,0.5626551026596351,9.63051435418753e-05,0.10149169937290964,7.136661342514803e-05,0.0029414108050850878,5.03457603886162e-07,0.000530571534410329,3.730856200517676e-07,0.00010883652253331161,1.862867123327177e-08,1.963192650973928e-05,1.3804716234611138e-08,0.22986084250857863,3.934342962110517e-05,0.041462287314573056,2.9155320570889788e-05,5.936125366057474e-10,1.0160387824769378e-13,1.0707579976507503e-10,7.529322354673654e-14,0.0005961885260015085,1.0204478961124218e-07,0.00010754045660388548,7.561995947879434e-08
final,S04,source_factorized_source_oof_temperature,S04:90,left_fist,0.030952238257575402,0.0002550352318278632,0.002316358778372713,0.0002186245346986969,0.0034515042971277835,2.843914521617552e-05,0.00025829867975012653,2.4378964606394312e-05,0.16752815091403853,0.0013803712820541565,0.012537229125887438,0.0011832993703953147,0.23715788318530528,0.001954095054924391,0.017748078184365988,0.0016751141364978871,0.42182565441074704,0.0034756906000894855,0.031567977391683724,0.0029794755601221237,0.055724098075799366,0.0004591463839511464,0.004170199346187475,0.0003935952841906206,0.0006742841816188093,5.555857419614112e-06,5.0461103013392796e-05,4.762662532976101e-06
final,S04,source_factorized_source_oof_temperature,S04:91,backward_open_hand,0.002984991102869802,1.690452892151462e-05,0.013181384743247353,0.45232919536274674,1.4135380604541316e-05,8.005114320654242e-08,6.242024978284247e-05,0.002141998121485602,0.00124807248321782,7.068053693164544e-06,0.005511347612707366,0.18912606524875314,0.0002854474324380565,1.6165389479995669e-06,0.001260503733937676,0.043255139792187126,8.32005727694252e-06,4.711794575585631e-08,3.674043649503561e-05,0.0012607758896946793,7.88098263745766e-05,4.4631388950129305e-07,0.00034801532305844455,0.011942409247524275,0.0017514331458876188,9.918673539861462e-06,0.00773413164475611,0.2654025818868733
final,S04,source_factorized_source_oof_temperature,S04:92,still_neutral,3.861701463323756e-06,6.1448767467381345e-06,0.11551479657330618,0.0001371745285574891,1.9649122051431344e-07,3.126638201694083e-07,0.0058776276679388265,6.979718861161704e-06,1.781009896807845e-05,2.834006306428842e-05,0.532752202309625,0.0006326465038044711,1.1080053586116996e-06,1.7630975434165682e-06,0.03314368415522263,3.9358327967671025e-05,4.002736033094666e-06,6.3692959713991635e-06,0.11973355345848193,0.0001421843282021207,6.372181491757576e-06,1.0139641877182954e-05,0.19061060409237848,0.0002263512600122814,3.660694909559995e-08,5.8250279676712504e-08,0.001095021020684499,1.3003441700008828e-06
final,S04,source_factorized_source_oof_temperature,S04:93,up_fist,0.02195132383550955,6.965081331048411e-07,0.00306445727268678,1.2700937300299164e-06,2.1344720112855864e-07,6.772608007085826e-12,2.9797739431776096e-08,1.2349959113047904e-11,7.900572516997464e-06,2.5068251261328014e-10,1.1029388063118689e-06,4.571235745359878e-10,0.0070879814753394554,2.248992717643894e-07,0.0009894991547451228,4.101074221243144e-07,8.25586451126277e-06,2.619558082690307e-10,1.1525384178848368e-06,4.776806096208703e-10,3.173352288243119e-07,1.0068940235817372e-11,4.430075639799391e-08,1.83608736979854e-11,0.848374065919082,2.6918624191220533e-05,0.1184350472776047,4.908654211099434e-05
final,S04,source_factorized_source_oof_temperature,S04:94,still_index_pinch,1.3245816836879687e-05,0.0417117745307352,1.9389297790016944e-06,1.1595602214816654e-06,2.051983927971848e-06,0.006461805413611393,3.003705088915252e-07,1.79633990662698e-07,9.340061316296319e-05,0.29412344782231614,1.3672031892700395e-05,8.17644068459594e-06,8.155457299636473e-06,0.02568196437159936,1.1938002174101426e-06,7.139419175962616e-07,0.00010512447847340089,0.331042516874828,1.538817759027049e-05,9.202766808790995e-06,9.532481427070842e-05,0.3001828584080485,1.3953697483772707e-05,8.344888360579199e-06,1.282756876117711e-07,0.0004039468932213967,1.8777064011627387e-08,1.1229461087192388e-08
final,S04,source_factorized_source_oof_temperature,S04:95,still_neutral,1.7022066342979173e-05,2.731800918915369e-06,0.02472316071988295,0.00011728633123481285,7.368153760658355e-06,1.1824844768260608e-06,0.010701641384960343,5.0768438164268126e-05,0.00020739089170449427,3.328330515917014e-05,0.30121832709016866,0.0014289755620397466,8.020213785567638e-06,1.2871308892735049e-06,0.011648705300117286,5.526129623011828e-05,0.0002853126369851551,4.5788643293338347e-05,0.4143932961762303,0.0019658760442277847,0.00015941943946851507,2.5584565496226453e-05,0.23154371181730107,0.0010984401544460209,1.781334251538474e-07,2.858789554216096e-08,0.00025872424715805834,1.2273842367676557e-06
final,S04,source_factorized_source_oof_temperature,S04:96,forward_fist,0.14694155345713164,0.0034793115054691072,0.016481015102667425,0.00028041752096245225,0.16173898467579917,0.0038296880428011276,0.018140700070314715,0.00030865636070060505,0.43309455604364716,0.010254899559356486,0.04857603415170622,0.0008265007337323687,0.027666932568237556,0.000655103165448636,0.0031031326590312018,5.279849342060953e-05,0.0295012879484207,0.0006985373991914576,0.003308874588479889,5.629910557675608e-05,0.0788677979802329,0.0018674475018646917,0.008845839308521727,0.00015050822502592125,0.0011189868566018994,2.6495594697653182e-05,0.00012550595015127893,2.1354308086133995e-06
final,S04,source_factorized_source_oof_temperature,S04:97,still_index_pinch,2.835591102262267e-06,0.054959822366580556,6.957457897900767e-10,3.975466774292687e-05,2.847099977394279e-07,0.005518288899011096,6.985696283230475e-11,3.99160208754723e-06,1.3425360368116147e-05,0.2602122077651903,3.294070835911178e-09,0.00018822203960849903,1.6152078563663681e-06,0.03130618402638448,3.9631033713083524e-10,2.2645032146694565e-05,1.0607330109133408e-05,0.20559275211314776,2.60263380656514e-09,0.00014871357290961772,2.274307631320612e-05,0.44080947822348765,5.580282565833801e-09,0.0003188553672503075,4.266399950356087e-08,0.0008269195908722077,1.0468116508944723e-11,5.981444657148546e-07
final,S04,source_factorized_source_oof_temperature,S04:98,still_open_hand,7.506211758883154e-05,0.0004255017555672161,0.003268140047587905,0.040582758032906494,1.4935489401433303e-05,8.466423763018096e-05,0.000650278364254561,0.008074956741849127,0.00035070818389531123,0.0019880460708112026,0.015269532723329772,0.18961236139308132,0.00013711133580258166,0.0007772377860659388,0.005969709647271701,0.07413001848581845,0.0007870513020056467,0.0044615276184893325,0.03426753683769737,0.4255237338725389,0.0003262478944648621,0.0018493889634891075,0.014204552756988715,0.17638776769312317,1.3220832071780037e-06,7.4944425194830565e-06,5.756236586995481e-05,0.0007147917567443772
final,S04,source_factorized_source_oof_temperature,S04:99,still_fist,0.1091509065117368,8.105676814635421e-05,5.674992007826974e-13,7.982967210030263e-16,0.001122456844358953,8.335498723293593e-07,5.8358962141856304e-15,8.209309908230632e-18,0.2752623442387774,0.00020441310777373492,1.4311485387826881e-12,2.0131855414118243e-15,0.10750944325560956,7.983779790758338e-05,5.589648778371872e-13,7.862915551561222e-16,0.16734518478336044,0.00012427253494165977,8.700638561272792e-13,1.2239120732711216e-15,0.3370563017263868,0.0002503020393913595,1.7524287059212681e-12,2.465127858857027e-15,0.0018113017422054043,1.3450943290630738e-06,9.41735001502113e-15,1.3247313171825667e-17
