study,phase,scope,subject,condition,arm,method,temperature,evaluation_unit,evaluation_trials,macro_f1,accuracy,log_loss,brier,ece,per_class_f1_json
roam_posture,validation,pooled,ALL,ALL,F0v2,uncalibrated,1.5811388300841898,native_label_bout,180,0.9630324989020641,0.9611111111111111,0.1917971539301428,0.07663633301121987,0.041102049425466615,"{""0"": 0.9575757575757575, ""1"": 0.9565217391304348, ""2"": 0.975}"
roam_posture,validation,pooled,ALL,ALL,F0v2,source_oof_temperature,1.5811388300841898,native_label_bout,180,0.9630324989020641,0.9611111111111111,0.1953449011475625,0.08963116449953329,0.05226661654534313,"{""0"": 0.9575757575757575, ""1"": 0.9565217391304348, ""2"": 0.975}"
roam_posture,validation,subject,19,ALL,F0v2,uncalibrated,1.5811388300841898,native_label_bout,36,0.9189033189033188,0.9166666666666666,0.24842813701754826,0.11562019275887368,0.051677180232941655,"{""0"": 0.9142857142857143, ""1"": 0.9090909090909091, ""2"": 0.9333333333333333}"
roam_posture,validation,subject,19,ALL,F0v2,source_oof_temperature,1.5811388300841898,native_label_bout,36,0.9189033189033188,0.9166666666666666,0.2697290313390278,0.129718778925803,0.06534532336193603,"{""0"": 0.9142857142857143, ""1"": 0.9090909090909091, ""2"": 0.9333333333333333}"
roam_posture,validation,subject,20,ALL,F0v2,uncalibrated,1.5811388300841898,native_label_bout,36,1.0,1.0,0.07514754161853211,0.02818222038303142,0.06542381452989046,"{""0"": 1.0, ""1"": 1.0, ""2"": 1.0}"
roam_posture,validation,subject,20,ALL,F0v2,source_oof_temperature,1.5811388300841898,native_label_bout,36,1.0,1.0,0.14582830076518963,0.05793382183763935,0.12358551068432382,"{""0"": 1.0, ""1"": 1.0, ""2"": 1.0}"
roam_posture,validation,subject,21,ALL,F0v2,uncalibrated,1.5811388300841898,native_label_bout,36,0.8935574229691877,0.8888888888888888,0.5896996935220528,0.22872774137379817,0.1289259057460068,"{""0"": 0.8823529411764706, ""1"": 0.8571428571428571, ""2"": 0.9411764705882353}"
roam_posture,validation,subject,21,ALL,F0v2,source_oof_temperature,1.5811388300841898,native_label_bout,36,0.8935574229691877,0.8888888888888888,0.44155946502506516,0.225738920496352,0.11091391968539732,"{""0"": 0.8823529411764706, ""1"": 0.8571428571428571, ""2"": 0.9411764705882353}"
roam_posture,validation,subject,22,ALL,F0v2,uncalibrated,1.5811388300841898,native_label_bout,36,1.0,1.0,0.015304722151290941,0.002886200342338048,0.014473255577180644,"{""0"": 1.0, ""1"": 1.0, ""2"": 1.0}"
roam_posture,validation,subject,22,ALL,F0v2,source_oof_temperature,1.5811388300841898,native_label_bout,36,1.0,1.0,0.04937398943771149,0.0111158479025211,0.04582905765462605,"{""0"": 1.0, ""1"": 1.0, ""2"": 1.0}"
roam_posture,validation,subject,23,ALL,F0v2,uncalibrated,1.5811388300841898,native_label_bout,36,1.0,1.0,0.03040567534128961,0.007765310198057967,0.027654652146162126,"{""0"": 1.0, ""1"": 1.0, ""2"": 1.0}"
roam_posture,validation,subject,23,ALL,F0v2,source_oof_temperature,1.5811388300841898,native_label_bout,36,1.0,1.0,0.07023371917081841,0.023648453335351028,0.061063712367525856,"{""0"": 1.0, ""1"": 1.0, ""2"": 1.0}"
roam_posture,validation,posture,ALL,resting,F0v2,uncalibrated,1.5811388300841898,native_label_bout,45,1.0,1.0,0.04428572498485731,0.013169164192279263,0.03985017931353786,"{""0"": 1.0, ""1"": 1.0, ""2"": 1.0}"
roam_posture,validation,posture,ALL,resting,F0v2,source_oof_temperature,1.5811388300841898,native_label_bout,45,1.0,1.0,0.1037379109351782,0.03405590372016097,0.0910070488223559,"{""0"": 1.0, ""1"": 1.0, ""2"": 1.0}"
roam_posture,validation,posture,ALL,hanging,F0v2,uncalibrated,1.5811388300841898,native_label_bout,45,0.8723112128146453,0.8666666666666667,0.5710506630475757,0.23263117759089239,0.11016528076413551,"{""0"": 0.8695652173913043, ""1"": 0.8, ""2"": 0.9473684210526315}"
roam_posture,validation,posture,ALL,hanging,F0v2,source_oof_temperature,1.5811388300841898,native_label_bout,45,0.8723112128146453,0.8666666666666667,0.4499175974269349,0.2332504842687078,0.09657521675113014,"{""0"": 0.8695652173913043, ""1"": 0.8, ""2"": 0.9473684210526315}"
roam_posture,validation,posture,ALL,unsupported,F0v2,uncalibrated,1.5811388300841898,native_label_bout,45,1.0,1.0,0.025858952888949568,0.005575288593438938,0.023895642550822292,"{""0"": 1.0, ""1"": 1.0, ""2"": 1.0}"
roam_posture,validation,posture,ALL,unsupported,F0v2,source_oof_temperature,1.5811388300841898,native_label_bout,45,1.0,1.0,0.07229912406895264,0.019764438686424163,0.06484342387711958,"{""0"": 1.0, ""1"": 1.0, ""2"": 1.0}"
roam_posture,validation,posture,ALL,reaching,F0v2,uncalibrated,1.5811388300841898,native_label_bout,45,0.9755799755799757,0.9777777777777777,0.12599327479918845,0.0551697016682689,0.04175574129009214,"{""0"": 0.9743589743589743, ""1"": 1.0, ""2"": 0.9523809523809523}"
roam_posture,validation,posture,ALL,reaching,F0v2,source_oof_temperature,1.5811388300841898,native_label_bout,45,0.9755799755799757,0.9777777777777777,0.1554249721591843,0.07145383132284021,0.07731203189889427,"{""0"": 0.9743589743589743, ""1"": 1.0, ""2"": 0.9523809523809523}"
roam_posture,final,pooled,ALL,ALL,F0v2,uncalibrated,1.5811388300841898,native_label_bout,180,0.9161920857507796,0.9222222222222223,0.2058905481033883,0.11467334520664853,0.035299941806279676,"{""0"": 0.9506172839506173, ""1"": 0.8990825688073395, ""2"": 0.898876404494382}"
roam_posture,final,pooled,ALL,ALL,F0v2,source_oof_temperature,1.5811388300841898,native_label_bout,180,0.9161920857507796,0.9222222222222223,0.19786219605003347,0.11274306741856126,0.022118265219356,"{""0"": 0.9506172839506173, ""1"": 0.8990825688073395, ""2"": 0.898876404494382}"
roam_posture,final,subject,24,ALL,F0v2,uncalibrated,1.5811388300841898,native_label_bout,36,0.8962962962962964,0.8888888888888888,0.28009418360493643,0.1586634700448578,0.06843570104918141,"{""0"": 0.8888888888888888, ""1"": 0.8, ""2"": 1.0}"
roam_posture,final,subject,24,ALL,F0v2,source_oof_temperature,1.5811388300841898,native_label_bout,36,0.8962962962962964,0.8888888888888888,0.27805045473518236,0.16049777554879277,0.08939106936566801,"{""0"": 0.8888888888888888, ""1"": 0.8, ""2"": 1.0}"
roam_posture,final,subject,25,ALL,F0v2,uncalibrated,1.5811388300841898,native_label_bout,36,0.9399881164587048,0.9444444444444444,0.0983659265247415,0.05984978084422596,0.04601358362651252,"{""0"": 0.9696969696969697, ""1"": 0.9090909090909091, ""2"": 0.9411764705882353}"
roam_posture,final,subject,25,ALL,F0v2,source_oof_temperature,1.5811388300841898,native_label_bout,36,0.9399881164587048,0.9444444444444444,0.12571077130091948,0.06412506271106132,0.042721760640524985,"{""0"": 0.9696969696969697, ""1"": 0.9090909090909091, ""2"": 0.9411764705882353}"
roam_posture,final,subject,26,ALL,F0v2,uncalibrated,1.5811388300841898,native_label_bout,36,1.0,1.0,0.03528111868816592,0.010165084241651128,0.031032526843189294,"{""0"": 1.0, ""1"": 1.0, ""2"": 1.0}"
roam_posture,final,subject,26,ALL,F0v2,source_oof_temperature,1.5811388300841898,native_label_bout,36,1.0,1.0,0.08989276682046438,0.025943606774494105,0.07918285343493058,"{""0"": 1.0, ""1"": 1.0, ""2"": 1.0}"
roam_posture,final,subject,27,ALL,F0v2,uncalibrated,1.5811388300841898,native_label_bout,36,0.7886092041698448,0.8055555555555556,0.49753229584252373,0.2822099695771796,0.1495513100715175,"{""0"": 0.9333333333333333, ""1"": 0.7368421052631579, ""2"": 0.6956521739130435}"
roam_posture,final,subject,27,ALL,F0v2,source_oof_temperature,1.5811388300841898,native_label_bout,36,0.7886092041698448,0.8055555555555556,0.369995108083369,0.24658843720299084,0.13711784819679373,"{""0"": 0.9333333333333333, ""1"": 0.7368421052631579, ""2"": 0.6956521739130435}"
roam_posture,final,subject,28,ALL,F0v2,uncalibrated,1.5811388300841898,native_label_bout,36,0.9696394686907022,0.9722222222222222,0.11817921585657401,0.06247842132532812,0.0437212260044029,"{""0"": 0.967741935483871, ""1"": 1.0, ""2"": 0.9411764705882353}"
roam_posture,final,subject,28,ALL,F0v2,source_oof_temperature,1.5811388300841898,native_label_bout,36,0.9696394686907022,0.9722222222222222,0.125661879310232,0.06656045485546729,0.06802538487495988,"{""0"": 0.967741935483871, ""1"": 1.0, ""2"": 0.9411764705882353}"
roam_posture,final,posture,ALL,resting,F0v2,uncalibrated,1.5811388300841898,native_label_bout,45,1.0,1.0,0.030062099200661017,0.009000389305582826,0.027109634096260975,"{""0"": 1.0, ""1"": 1.0, ""2"": 1.0}"
roam_posture,final,posture,ALL,resting,F0v2,source_oof_temperature,1.5811388300841898,native_label_bout,45,1.0,1.0,0.07004056035880797,0.023197724820351713,0.06141651543024367,"{""0"": 1.0, ""1"": 1.0, ""2"": 1.0}"
roam_posture,final,posture,ALL,hanging,F0v2,uncalibrated,1.5811388300841898,native_label_bout,45,0.8452380952380952,0.8666666666666667,0.4034301010988495,0.22711786609877282,0.10335261537632622,"{""0"": 0.9523809523809523, ""1"": 0.75, ""2"": 0.8333333333333334}"
roam_posture,final,posture,ALL,hanging,F0v2,source_oof_temperature,1.5811388300841898,native_label_bout,45,0.8452380952380952,0.8666666666666667,0.32092150007512704,0.20311034703772646,0.0704344877891501,"{""0"": 0.9523809523809523, ""1"": 0.75, ""2"": 0.8333333333333334}"
roam_posture,final,posture,ALL,unsupported,F0v2,uncalibrated,1.5811388300841898,native_label_bout,45,0.9070711896798853,0.9111111111111111,0.14793127947681783,0.09074399780438,0.059331584080811406,"{""0"": 0.9230769230769231, ""1"": 0.9285714285714286, ""2"": 0.8695652173913043}"
roam_posture,final,posture,ALL,unsupported,F0v2,source_oof_temperature,1.5811388300841898,native_label_bout,45,0.9070711896798853,0.9111111111111111,0.16123748127239043,0.0905824402163051,0.09408704080990245,"{""0"": 0.9230769230769231, ""1"": 0.9285714285714286, ""2"": 0.8695652173913043}"
roam_posture,final,posture,ALL,reaching,F0v2,uncalibrated,1.5811388300841898,native_label_bout,45,0.9082696887574936,0.9111111111111111,0.2421387126372249,0.1318311276178585,0.03988350893353889,"{""0"": 0.926829268292683, ""1"": 0.8888888888888888, ""2"": 0.9090909090909091}"
roam_posture,final,posture,ALL,reaching,F0v2,source_oof_temperature,1.5811388300841898,native_label_bout,45,0.9082696887574936,0.9111111111111111,0.23924924249380822,0.13408175759986177,0.025728627421032553,"{""0"": 0.926829268292683, ""1"": 0.8888888888888888, ""2"": 0.9090909090909091}"
roam_posture,validation,pooled,ALL,ALL,F0v2+scale_pattern,uncalibrated,1.163152533576813,native_label_bout,180,0.9509410964079194,0.95,0.1982944837752552,0.08585791346443876,0.036020051160670696,"{""0"": 0.9518072289156626, ""1"": 0.9380530973451328, ""2"": 0.9629629629629629}"
roam_posture,validation,pooled,ALL,ALL,F0v2+scale_pattern,source_oof_temperature,1.163152533576813,native_label_bout,180,0.9509410964079194,0.95,0.18963308087635358,0.08745890478668612,0.03797316099550116,"{""0"": 0.9518072289156626, ""1"": 0.9380530973451328, ""2"": 0.9629629629629629}"
roam_posture,validation,subject,19,ALL,F0v2+scale_pattern,uncalibrated,1.163152533576813,native_label_bout,36,0.8931216931216932,0.8888888888888888,0.29836787370613443,0.14868819836265285,0.09376285471266832,"{""0"": 0.8888888888888888, ""1"": 0.8571428571428571, ""2"": 0.9333333333333333}"
roam_posture,validation,subject,19,ALL,F0v2+scale_pattern,source_oof_temperature,1.163152533576813,native_label_bout,36,0.8931216931216932,0.8888888888888888,0.29192252619077946,0.1499755043800533,0.09594619585951217,"{""0"": 0.8888888888888888, ""1"": 0.8571428571428571, ""2"": 0.9333333333333333}"
roam_posture,validation,subject,20,ALL,F0v2+scale_pattern,uncalibrated,1.163152533576813,native_label_bout,36,0.9658994032395567,0.9722222222222222,0.10489677734258429,0.05498802193813708,0.06542892182915908,"{""0"": 1.0, ""1"": 0.9565217391304348, ""2"": 0.9411764705882353}"
roam_posture,validation,subject,20,ALL,F0v2+scale_pattern,source_oof_temperature,1.163152533576813,native_label_bout,36,0.9658994032395567,0.9722222222222222,0.12034382551199123,0.06044498918407601,0.061556659957394726,"{""0"": 1.0, ""1"": 0.9565217391304348, ""2"": 0.9411764705882353}"
roam_posture,validation,subject,21,ALL,F0v2+scale_pattern,uncalibrated,1.163152533576813,native_label_bout,36,0.8935574229691877,0.8888888888888888,0.5589329410304283,0.21851606909494287,0.11238138952858917,"{""0"": 0.8823529411764706, ""1"": 0.8571428571428571, ""2"": 0.9411764705882353}"
roam_posture,validation,subject,21,ALL,F0v2+scale_pattern,source_oof_temperature,1.163152533576813,native_label_bout,36,0.8935574229691877,0.8888888888888888,0.4949520067492985,0.2161896024823448,0.10678002777702013,"{""0"": 0.8823529411764706, ""1"": 0.8571428571428571, ""2"": 0.9411764705882353}"
roam_posture,validation,subject,22,ALL,F0v2+scale_pattern,uncalibrated,1.163152533576813,native_label_bout,36,1.0,1.0,0.005657871805963507,0.0006705611826882088,0.005478506896920754,"{""0"": 1.0, ""1"": 1.0, ""2"": 1.0}"
roam_posture,validation,subject,22,ALL,F0v2+scale_pattern,source_oof_temperature,1.163152533576813,native_label_bout,36,1.0,1.0,0.009057246076880042,0.0012855610145358516,0.00870369430769536,"{""0"": 1.0, ""1"": 1.0, ""2"": 1.0}"
roam_posture,validation,subject,23,ALL,F0v2+scale_pattern,uncalibrated,1.163152533576813,native_label_bout,36,1.0,1.0,0.023616954991165402,0.00642671674377284,0.021273265997114606,"{""0"": 1.0, ""1"": 1.0, ""2"": 1.0}"
roam_posture,validation,subject,23,ALL,F0v2+scale_pattern,source_oof_temperature,1.163152533576813,native_label_bout,36,1.0,1.0,0.03188979985281864,0.009398866872420558,0.028318078126967863,"{""0"": 1.0, ""1"": 1.0, ""2"": 1.0}"
roam_posture,validation,posture,ALL,resting,F0v2+scale_pattern,uncalibrated,1.163152533576813,native_label_bout,45,0.9803756658256239,0.9777777777777777,0.07335650453014173,0.03557310240143439,0.04935412409779442,"{""0"": 0.975609756097561, ""1"": 0.9655172413793104, ""2"": 1.0}"
roam_posture,validation,posture,ALL,resting,F0v2+scale_pattern,source_oof_temperature,1.163152533576813,native_label_bout,45,0.9803756658256239,0.9777777777777777,0.08386602244392546,0.03928258748891828,0.05836893307898542,"{""0"": 0.975609756097561, ""1"": 0.9655172413793104, ""2"": 1.0}"
roam_posture,validation,posture,ALL,hanging,F0v2+scale_pattern,uncalibrated,1.163152533576813,native_label_bout,45,0.8723112128146453,0.8666666666666667,0.5732418678677189,0.223970437700528,0.13721358395066194,"{""0"": 0.8695652173913043, ""1"": 0.8, ""2"": 0.9473684210526315}"
roam_posture,validation,posture,ALL,hanging,F0v2+scale_pattern,source_oof_temperature,1.163152533576813,native_label_bout,45,0.8723112128146453,0.8666666666666667,0.5156478856304347,0.22376253178016436,0.14630159300824053,"{""0"": 0.8695652173913043, ""1"": 0.8, ""2"": 0.9473684210526315}"
roam_posture,validation,posture,ALL,unsupported,F0v2+scale_pattern,uncalibrated,1.163152533576813,native_label_bout,45,0.972632731253421,0.9777777777777777,0.04877857935373326,0.024763386047656346,0.03764957288935743,"{""0"": 1.0, ""1"": 0.9655172413793104, ""2"": 0.9523809523809523}"
roam_posture,validation,posture,ALL,unsupported,F0v2+scale_pattern,source_oof_temperature,1.163152533576813,native_label_bout,45,0.972632731253421,0.9777777777777777,0.05789528607435984,0.026666733391936263,0.0326798349697073,"{""0"": 1.0, ""1"": 0.9655172413793104, ""2"": 0.9523809523809523}"
roam_posture,validation,posture,ALL,reaching,F0v2+scale_pattern,uncalibrated,1.163152533576813,native_label_bout,45,0.9755799755799757,0.9777777777777777,0.09780098334942681,0.05912472770813633,0.052617860217819216,"{""0"": 0.9743589743589743, ""1"": 1.0, ""2"": 0.9523809523809523}"
roam_posture,validation,posture,ALL,reaching,F0v2+scale_pattern,source_oof_temperature,1.163152533576813,native_label_bout,45,0.9755799755799757,0.9777777777777777,0.10112312935669429,0.06012376648572551,0.06207624626394442,"{""0"": 0.9743589743589743, ""1"": 1.0, ""2"": 0.9523809523809523}"
roam_posture,final,pooled,ALL,ALL,F0v2+scale_pattern,uncalibrated,1.163152533576813,native_label_bout,180,0.9451540366857287,0.95,0.14330819874856243,0.08065129599878666,0.025877049734713803,"{""0"": 0.9685534591194969, ""1"": 0.9473684210526315, ""2"": 0.9195402298850575}"
roam_posture,final,pooled,ALL,ALL,F0v2+scale_pattern,source_oof_temperature,1.163152533576813,native_label_bout,180,0.9451540366857287,0.95,0.13820417524653553,0.07958360250240143,0.02276776854313941,"{""0"": 0.9685534591194969, ""1"": 0.9473684210526315, ""2"": 0.9195402298850575}"
roam_posture,final,subject,24,ALL,F0v2+scale_pattern,uncalibrated,1.163152533576813,native_label_bout,36,0.9754062362758015,0.9722222222222222,0.16893832014570487,0.08995880680482665,0.06505840163489239,"{""0"": 0.9696969696969697, ""1"": 0.9565217391304348, ""2"": 1.0}"
roam_posture,final,subject,24,ALL,F0v2+scale_pattern,source_oof_temperature,1.163152533576813,native_label_bout,36,0.9754062362758015,0.9722222222222222,0.16723370468414692,0.09153413172478855,0.06795181013135289,"{""0"": 0.9696969696969697, ""1"": 0.9565217391304348, ""2"": 1.0}"
roam_posture,final,subject,25,ALL,F0v2+scale_pattern,uncalibrated,1.163152533576813,native_label_bout,36,0.9399881164587048,0.9444444444444444,0.09304517776049144,0.06492407282278428,0.036477124472178,"{""0"": 0.9696969696969697, ""1"": 0.9090909090909091, ""2"": 0.9411764705882353}"
roam_posture,final,subject,25,ALL,F0v2+scale_pattern,source_oof_temperature,1.163152533576813,native_label_bout,36,0.9399881164587048,0.9444444444444444,0.0931906763803044,0.06161712837592584,0.036783622754575605,"{""0"": 0.9696969696969697, ""1"": 0.9090909090909091, ""2"": 0.9411764705882353}"
roam_posture,final,subject,26,ALL,F0v2+scale_pattern,uncalibrated,1.163152533576813,native_label_bout,36,1.0,1.0,0.020542828502526263,0.0051241851175453275,0.01870862002251724,"{""0"": 1.0, ""1"": 1.0, ""2"": 1.0}"
roam_posture,final,subject,26,ALL,F0v2+scale_pattern,source_oof_temperature,1.163152533576813,native_label_bout,36,1.0,1.0,0.029541932961139963,0.00739327845890056,0.026800933022693506,"{""0"": 1.0, ""1"": 1.0, ""2"": 1.0}"
roam_posture,final,subject,27,ALL,F0v2+scale_pattern,uncalibrated,1.163152533576813,native_label_bout,36,0.8507936507936508,0.8611111111111112,0.33073553727682053,0.18777867177309815,0.0753318906871375,"{""0"": 0.9333333333333333, ""1"": 0.8571428571428571, ""2"": 0.7619047619047619}"
roam_posture,final,subject,27,ALL,F0v2+scale_pattern,source_oof_temperature,1.163152533576813,native_label_bout,36,0.8507936507936508,0.8611111111111112,0.302287647802887,0.18228744954660206,0.0703973477437032,"{""0"": 0.9333333333333333, ""1"": 0.8571428571428571, ""2"": 0.7619047619047619}"
roam_posture,final,subject,28,ALL,F0v2+scale_pattern,uncalibrated,1.163152533576813,native_label_bout,36,0.9696394686907022,0.9722222222222222,0.10327913005726892,0.0554707434756789,0.03145903910275022,"{""0"": 0.967741935483871, ""1"": 1.0, ""2"": 0.9411764705882353}"
roam_posture,final,subject,28,ALL,F0v2+scale_pattern,source_oof_temperature,1.163152533576813,native_label_bout,36,0.9696394686907022,0.9722222222222222,0.09876691440419934,0.055086024405790156,0.035286051108218364,"{""0"": 0.967741935483871, ""1"": 1.0, ""2"": 0.9411764705882353}"
roam_posture,final,posture,ALL,resting,F0v2+scale_pattern,uncalibrated,1.163152533576813,native_label_bout,45,1.0,1.0,0.0150123479112161,0.0039759859058357576,0.013768819912346552,"{""0"": 1.0, ""1"": 1.0, ""2"": 1.0}"
roam_posture,final,posture,ALL,resting,F0v2+scale_pattern,source_oof_temperature,1.163152533576813,native_label_bout,45,1.0,1.0,0.021175024180757725,0.005595245724135747,0.01935652304442554,"{""0"": 1.0, ""1"": 1.0, ""2"": 1.0}"
roam_posture,final,posture,ALL,hanging,F0v2+scale_pattern,uncalibrated,1.163152533576813,native_label_bout,45,0.8971096065475704,0.9111111111111111,0.2172158317994208,0.13372367811251124,0.054487456910200634,"{""0"": 0.975609756097561, ""1"": 0.8461538461538461, ""2"": 0.8695652173913043}"
roam_posture,final,posture,ALL,hanging,F0v2+scale_pattern,source_oof_temperature,1.163152533576813,native_label_bout,45,0.8971096065475704,0.9111111111111111,0.2069189563001736,0.1300450165917328,0.055760751738790505,"{""0"": 0.975609756097561, ""1"": 0.8461538461538461, ""2"": 0.8695652173913043}"
roam_posture,final,posture,ALL,unsupported,F0v2+scale_pattern,uncalibrated,1.163152533576813,native_label_bout,45,0.9325616911823809,0.9333333333333333,0.13402038959547463,0.08558480031194543,0.035324942176096566,"{""0"": 0.9230769230769231, ""1"": 0.9655172413793104, ""2"": 0.9090909090909091}"
roam_posture,final,posture,ALL,unsupported,F0v2+scale_pattern,source_oof_temperature,1.163152533576813,native_label_bout,45,0.9325616911823809,0.9333333333333333,0.12855787886480163,0.08256811566716699,0.030552854893438453,"{""0"": 0.9230769230769231, ""1"": 0.9655172413793104, ""2"": 0.9090909090909091}"
roam_posture,final,posture,ALL,reaching,F0v2+scale_pattern,uncalibrated,1.163152533576813,native_label_bout,45,0.9496557082763979,0.9555555555555556,0.20698422568813812,0.09932071966485426,0.05922347602156168,"{""0"": 0.9743589743589743, ""1"": 0.9655172413793104, ""2"": 0.9090909090909091}"
roam_posture,final,posture,ALL,reaching,F0v2+scale_pattern,source_oof_temperature,1.163152533576813,native_label_bout,45,0.9496557082763979,0.9555555555555556,0.1961648416404092,0.10012603202657021,0.06354667720348754,"{""0"": 0.9743589743589743, ""1"": 0.9655172413793104, ""2"": 0.9090909090909091}"
roam_posture,validation,pooled,ALL,ALL,F0v2+ring_lag,uncalibrated,1.4091914656322269,native_label_bout,180,0.9500008692779778,0.95,0.1920324693706218,0.0935462768518419,0.03734434814374574,"{""0"": 0.9575757575757575, ""1"": 0.9285714285714286, ""2"": 0.963855421686747}"
roam_posture,validation,pooled,ALL,ALL,F0v2+ring_lag,source_oof_temperature,1.4091914656322269,native_label_bout,180,0.9500008692779778,0.95,0.19756740737169917,0.1009940573785758,0.05808855522054123,"{""0"": 0.9575757575757575, ""1"": 0.9285714285714286, ""2"": 0.963855421686747}"
roam_posture,validation,subject,19,ALL,F0v2+ring_lag,uncalibrated,1.4091914656322269,native_label_bout,36,0.8766884531590414,0.8888888888888888,0.3353516223658701,0.17240221145347442,0.06980545132126051,"{""0"": 0.9411764705882353, ""1"": 0.8, ""2"": 0.8888888888888888}"
roam_posture,validation,subject,19,ALL,F0v2+ring_lag,source_oof_temperature,1.4091914656322269,native_label_bout,36,0.8766884531590414,0.8888888888888888,0.3453377471716256,0.18366112305570392,0.09434565234354353,"{""0"": 0.9411764705882353, ""1"": 0.8, ""2"": 0.8888888888888888}"
roam_posture,validation,subject,20,ALL,F0v2+ring_lag,uncalibrated,1.4091914656322269,native_label_bout,36,1.0,1.0,0.08128201122310263,0.03298868701048657,0.07022421360820501,"{""0"": 1.0, ""1"": 1.0, ""2"": 1.0}"
roam_posture,validation,subject,20,ALL,F0v2+ring_lag,source_oof_temperature,1.4091914656322269,native_label_bout,36,1.0,1.0,0.12928604246564435,0.05317578555232771,0.11027520101471634,"{""0"": 1.0, ""1"": 1.0, ""2"": 1.0}"
roam_posture,validation,subject,21,ALL,F0v2+ring_lag,uncalibrated,1.4091914656322269,native_label_bout,36,0.8935574229691877,0.8888888888888888,0.44170050871590644,0.20944572383581075,0.1207861963430898,"{""0"": 0.8823529411764706, ""1"": 0.8571428571428571, ""2"": 0.9411764705882353}"
roam_posture,validation,subject,21,ALL,F0v2+ring_lag,source_oof_temperature,1.4091914656322269,native_label_bout,36,0.8935574229691877,0.8888888888888888,0.36774809799295854,0.20217419416596888,0.12475319223961066,"{""0"": 0.8823529411764706, ""1"": 0.8571428571428571, ""2"": 0.9411764705882353}"
roam_posture,validation,subject,22,ALL,F0v2+ring_lag,uncalibrated,1.4091914656322269,native_label_bout,36,1.0,1.0,0.030675901500407197,0.010142228137281753,0.027616992092443317,"{""0"": 1.0, ""1"": 1.0, ""2"": 1.0}"
roam_posture,validation,subject,22,ALL,F0v2+ring_lag,source_oof_temperature,1.4091914656322269,native_label_bout,36,1.0,1.0,0.054660445882076726,0.01922539299829543,0.048389180762357036,"{""0"": 1.0, ""1"": 1.0, ""2"": 1.0}"
roam_posture,validation,subject,23,ALL,F0v2+ring_lag,uncalibrated,1.4091914656322269,native_label_bout,36,0.9754062362758015,0.9722222222222222,0.07115230304782263,0.04275253382215592,0.05009633363593087,"{""0"": 0.9696969696969697, ""1"": 0.9565217391304348, ""2"": 1.0}"
roam_posture,validation,subject,23,ALL,F0v2+ring_lag,source_oof_temperature,1.4091914656322269,native_label_bout,36,0.9754062362758015,0.9722222222222222,0.09080470334619037,0.046733791120583054,0.046041396892476674,"{""0"": 0.9696969696969697, ""1"": 0.9565217391304348, ""2"": 1.0}"
roam_posture,validation,posture,ALL,resting,F0v2+ring_lag,uncalibrated,1.4091914656322269,native_label_bout,45,0.9458874458874459,0.9555555555555556,0.08635204153730025,0.045435056155164105,0.03588702975389945,"{""0"": 1.0, ""1"": 0.9285714285714286, ""2"": 0.9090909090909091}"
roam_posture,validation,posture,ALL,resting,F0v2+ring_lag,source_oof_temperature,1.4091914656322269,native_label_bout,45,0.9458874458874459,0.9555555555555556,0.11699622448230554,0.05342004624231867,0.08000359478184718,"{""0"": 1.0, ""1"": 0.9285714285714286, ""2"": 0.9090909090909091}"
roam_posture,validation,posture,ALL,hanging,F0v2+ring_lag,uncalibrated,1.4091914656322269,native_label_bout,45,0.8962962962962964,0.8888888888888888,0.41840275921720577,0.20439221808092758,0.08554666852826014,"{""0"": 0.8888888888888888, ""1"": 0.8, ""2"": 1.0}"
roam_posture,validation,posture,ALL,hanging,F0v2+ring_lag,source_oof_temperature,1.4091914656322269,native_label_bout,45,0.8962962962962964,0.8888888888888888,0.36310167570567,0.2015436165976505,0.0815683342602551,"{""0"": 0.8888888888888888, ""1"": 0.8, ""2"": 1.0}"
roam_posture,validation,posture,ALL,unsupported,F0v2+ring_lag,uncalibrated,1.4091914656322269,native_label_bout,45,0.9803756658256239,0.9777777777777777,0.09738213925322327,0.05274856017272876,0.04337844637519442,"{""0"": 0.975609756097561, ""1"": 0.9655172413793104, ""2"": 1.0}"
roam_posture,validation,posture,ALL,unsupported,F0v2+ring_lag,source_oof_temperature,1.4091914656322269,native_label_bout,45,0.9803756658256239,0.9777777777777777,0.13031170001677955,0.06473881861380966,0.10234451186073677,"{""0"": 0.975609756097561, ""1"": 0.9655172413793104, ""2"": 1.0}"
roam_posture,validation,posture,ALL,reaching,F0v2+ring_lag,uncalibrated,1.4091914656322269,native_label_bout,45,0.9755799755799757,0.9777777777777777,0.1659929374747579,0.07160927299854711,0.05322810963139034,"{""0"": 0.9743589743589743, ""1"": 1.0, ""2"": 0.9523809523809523}"
roam_posture,validation,posture,ALL,reaching,F0v2+ring_lag,source_oof_temperature,1.4091914656322269,native_label_bout,45,0.9755799755799757,0.9777777777777777,0.17986002928204145,0.08427374806052439,0.08054946642672468,"{""0"": 0.9743589743589743, ""1"": 1.0, ""2"": 0.9523809523809523}"
roam_posture,final,pooled,ALL,ALL,F0v2+ring_lag,uncalibrated,1.4091914656322269,native_label_bout,180,0.9358743981385492,0.9388888888888889,0.17377183987478678,0.09768701094380873,0.038685684291127634,"{""0"": 0.9559748427672956, ""1"": 0.9230769230769231, ""2"": 0.9285714285714286}"
roam_posture,final,pooled,ALL,ALL,F0v2+ring_lag,source_oof_temperature,1.4091914656322269,native_label_bout,180,0.9358743981385492,0.9388888888888889,0.1756811683080417,0.10019661424388511,0.03193617807170237,"{""0"": 0.9559748427672956, ""1"": 0.9230769230769231, ""2"": 0.9285714285714286}"
roam_posture,final,subject,24,ALL,F0v2+ring_lag,uncalibrated,1.4091914656322269,native_label_bout,36,0.9146916737709576,0.9166666666666666,0.17491246365762114,0.11693158879763366,0.08899802611021666,"{""0"": 0.9411764705882353, ""1"": 0.8695652173913043, ""2"": 0.9333333333333333}"
roam_posture,final,subject,24,ALL,F0v2+ring_lag,source_oof_temperature,1.4091914656322269,native_label_bout,36,0.9146916737709576,0.9166666666666666,0.19351983196517816,0.11783376870203005,0.08840403042065108,"{""0"": 0.9411764705882353, ""1"": 0.8695652173913043, ""2"": 0.9333333333333333}"
roam_posture,final,subject,25,ALL,F0v2+ring_lag,uncalibrated,1.4091914656322269,native_label_bout,36,0.9754062362758015,0.9722222222222222,0.09681764421702727,0.04573204964861386,0.05539878366181066,"{""0"": 0.9696969696969697, ""1"": 0.9565217391304348, ""2"": 1.0}"
roam_posture,final,subject,25,ALL,F0v2+ring_lag,source_oof_temperature,1.4091914656322269,native_label_bout,36,0.9754062362758015,0.9722222222222222,0.1366507635295319,0.06557172412024943,0.080035015339174,"{""0"": 0.9696969696969697, ""1"": 0.9565217391304348, ""2"": 1.0}"
roam_posture,final,subject,26,ALL,F0v2+ring_lag,uncalibrated,1.4091914656322269,native_label_bout,36,0.9759139784946237,0.9722222222222222,0.039795100540222984,0.019877117328405705,0.030866458883168756,"{""0"": 0.967741935483871, ""1"": 0.96, ""2"": 1.0}"
roam_posture,final,subject,26,ALL,F0v2+ring_lag,source_oof_temperature,1.4091914656322269,native_label_bout,36,0.9759139784946237,0.9722222222222222,0.06698911559993265,0.02487645796554665,0.05514684504535101,"{""0"": 0.967741935483871, ""1"": 0.96, ""2"": 1.0}"
roam_posture,final,subject,27,ALL,F0v2+ring_lag,uncalibrated,1.4091914656322269,native_label_bout,36,0.8505050505050505,0.8611111111111112,0.3891537903997883,0.23278561750487178,0.12955647898271788,"{""0"": 0.9333333333333333, ""1"": 0.8181818181818182, ""2"": 0.8}"
roam_posture,final,subject,27,ALL,F0v2+ring_lag,source_oof_temperature,1.4091914656322269,native_label_bout,36,0.8505050505050505,0.8611111111111112,0.32399774608283394,0.2135395310879959,0.11277179114714463,"{""0"": 0.9333333333333333, ""1"": 0.8181818181818182, ""2"": 0.8}"
roam_posture,final,subject,28,ALL,F0v2+ring_lag,uncalibrated,1.4091914656322269,native_label_bout,36,0.9696394686907022,0.9722222222222222,0.16818020055927405,0.0731086814395187,0.044927233340699514,"{""0"": 0.967741935483871, ""1"": 1.0, ""2"": 0.9411764705882353}"
roam_posture,final,subject,28,ALL,F0v2+ring_lag,source_oof_temperature,1.4091914656322269,native_label_bout,36,0.9696394686907022,0.9722222222222222,0.15724838436273175,0.07916158934360357,0.05971347710252771,"{""0"": 0.967741935483871, ""1"": 1.0, ""2"": 0.9411764705882353}"
roam_posture,final,posture,ALL,resting,F0v2+ring_lag,uncalibrated,1.4091914656322269,native_label_bout,45,0.9717034521788341,0.9777777777777777,0.06265576112425533,0.03693794601211131,0.03253756191692857,"{""0"": 1.0, ""1"": 0.967741935483871, ""2"": 0.9473684210526315}"
roam_posture,final,posture,ALL,resting,F0v2+ring_lag,source_oof_temperature,1.4091914656322269,native_label_bout,45,0.9717034521788341,0.9777777777777777,0.08482538634505503,0.04080820368873974,0.04938659495632526,"{""0"": 1.0, ""1"": 0.967741935483871, ""2"": 0.9473684210526315}"
roam_posture,final,posture,ALL,hanging,F0v2+ring_lag,uncalibrated,1.4091914656322269,native_label_bout,45,0.9521873790166473,0.9555555555555556,0.11684221607351593,0.07373016494517545,0.0525011030605624,"{""0"": 0.975609756097561, ""1"": 0.9285714285714286, ""2"": 0.9523809523809523}"
roam_posture,final,posture,ALL,hanging,F0v2+ring_lag,source_oof_temperature,1.4091914656322269,native_label_bout,45,0.9521873790166473,0.9555555555555556,0.12966331849613955,0.0746346797682013,0.08078778644811396,"{""0"": 0.975609756097561, ""1"": 0.9285714285714286, ""2"": 0.9523809523809523}"
roam_posture,final,posture,ALL,unsupported,F0v2+ring_lag,uncalibrated,1.4091914656322269,native_label_bout,45,0.9070711896798853,0.9111111111111111,0.2160921779886247,0.11982267046147521,0.04921920895869836,"{""0"": 0.9230769230769231, ""1"": 0.9285714285714286, ""2"": 0.8695652173913043}"
roam_posture,final,posture,ALL,unsupported,F0v2+ring_lag,source_oof_temperature,1.4091914656322269,native_label_bout,45,0.9070711896798853,0.9111111111111111,0.19801352155198002,0.11491941550074371,0.0472689062469547,"{""0"": 0.9230769230769231, ""1"": 0.9285714285714286, ""2"": 0.8695652173913043}"
roam_posture,final,posture,ALL,reaching,F0v2+ring_lag,uncalibrated,1.4091914656322269,native_label_bout,45,0.914041514041514,0.9111111111111111,0.299497204312751,0.16025726235647297,0.10029519410838697,"{""0"": 0.9230769230769231, ""1"": 0.8666666666666667, ""2"": 0.9523809523809523}"
roam_posture,final,posture,ALL,reaching,F0v2+ring_lag,source_oof_temperature,1.4091914656322269,native_label_bout,45,0.914041514041514,0.9111111111111111,0.2902224468389922,0.17042415801785568,0.09425781577816957,"{""0"": 0.9230769230769231, ""1"": 0.8666666666666667, ""2"": 0.9523809523809523}"
roam_posture,validation,pooled,ALL,ALL,F0v2+correlation_spectrum,uncalibrated,1.7072744369168007,native_label_bout,180,0.9387487385150596,0.9388888888888889,0.2198706145761771,0.1054617045688713,0.03492531824245061,"{""0"": 0.9461077844311377, ""1"": 0.918918918918919, ""2"": 0.9512195121951219}"
roam_posture,validation,pooled,ALL,ALL,F0v2+correlation_spectrum,source_oof_temperature,1.7072744369168007,native_label_bout,180,0.9387487385150596,0.9388888888888889,0.22803608678531365,0.1151395322067525,0.06055529212026386,"{""0"": 0.9461077844311377, ""1"": 0.918918918918919, ""2"": 0.9512195121951219}"
roam_posture,validation,subject,19,ALL,F0v2+correlation_spectrum,uncalibrated,1.7072744369168007,native_label_bout,36,0.8546296296296297,0.8611111111111112,0.36878325891009195,0.1797199039456788,0.083468455843009,"{""0"": 0.8888888888888888, ""1"": 0.8, ""2"": 0.875}"
roam_posture,validation,subject,19,ALL,F0v2+correlation_spectrum,source_oof_temperature,1.7072744369168007,native_label_bout,36,0.8546296296296297,0.8611111111111112,0.37398373268281393,0.19543494242779488,0.14160742506478075,"{""0"": 0.8888888888888888, ""1"": 0.8, ""2"": 0.875}"
roam_posture,validation,subject,20,ALL,F0v2+correlation_spectrum,uncalibrated,1.7072744369168007,native_label_bout,36,0.9658994032395567,0.9722222222222222,0.12064397331114314,0.06658680786977783,0.0628630824254075,"{""0"": 1.0, ""1"": 0.9565217391304348, ""2"": 0.9411764705882353}"
roam_posture,validation,subject,20,ALL,F0v2+correlation_spectrum,source_oof_temperature,1.7072744369168007,native_label_bout,36,0.9658994032395567,0.9722222222222222,0.1908346629919068,0.09155698495292554,0.11533962056685677,"{""0"": 1.0, ""1"": 0.9565217391304348, ""2"": 0.9411764705882353}"
roam_posture,validation,subject,21,ALL,F0v2+correlation_spectrum,uncalibrated,1.7072744369168007,native_label_bout,36,0.8935574229691877,0.8888888888888888,0.5055957350076042,0.22555124913202462,0.10522097077889486,"{""0"": 0.8823529411764706, ""1"": 0.8571428571428571, ""2"": 0.9411764705882353}"
roam_posture,validation,subject,21,ALL,F0v2+correlation_spectrum,source_oof_temperature,1.7072744369168007,native_label_bout,36,0.8935574229691877,0.8888888888888888,0.39772128404132334,0.21677445889137215,0.07802167211215325,"{""0"": 0.8823529411764706, ""1"": 0.8571428571428571, ""2"": 0.9411764705882353}"
roam_posture,validation,subject,22,ALL,F0v2+correlation_spectrum,uncalibrated,1.7072744369168007,native_label_bout,36,1.0,1.0,0.020762023422205934,0.005477496577753476,0.019197775272577638,"{""0"": 1.0, ""1"": 1.0, ""2"": 1.0}"
roam_posture,validation,subject,22,ALL,F0v2+correlation_spectrum,source_oof_temperature,1.7072744369168007,native_label_bout,36,1.0,1.0,0.062011613906778534,0.018020345541103346,0.05630553805234323,"{""0"": 1.0, ""1"": 1.0, ""2"": 1.0}"
roam_posture,validation,subject,23,ALL,F0v2+correlation_spectrum,uncalibrated,1.7072744369168007,native_label_bout,36,0.9754062362758015,0.9722222222222222,0.08356808222984019,0.04997306531912177,0.049097259542659324,"{""0"": 0.9696969696969697, ""1"": 0.9565217391304348, ""2"": 1.0}"
roam_posture,validation,subject,23,ALL,F0v2+correlation_spectrum,source_oof_temperature,1.7072744369168007,native_label_bout,36,0.9754062362758015,0.9722222222222222,0.11562914030374556,0.05391092922056663,0.06497379540054189,"{""0"": 0.9696969696969697, ""1"": 0.9565217391304348, ""2"": 1.0}"
roam_posture,validation,posture,ALL,resting,F0v2+correlation_spectrum,uncalibrated,1.7072744369168007,native_label_bout,45,1.0,1.0,0.060521460068878506,0.02655256238081162,0.04795533844048454,"{""0"": 1.0, ""1"": 1.0, ""2"": 1.0}"
roam_posture,validation,posture,ALL,resting,F0v2+correlation_spectrum,source_oof_temperature,1.7072744369168007,native_label_bout,45,1.0,1.0,0.1270980072871237,0.047208399567918835,0.10482320390368181,"{""0"": 1.0, ""1"": 1.0, ""2"": 1.0}"
roam_posture,validation,posture,ALL,hanging,F0v2+correlation_spectrum,uncalibrated,1.7072744369168007,native_label_bout,45,0.8494774169466218,0.8444444444444444,0.5033703412808467,0.22817798234350242,0.09709467426920643,"{""0"": 0.851063829787234, ""1"": 0.75, ""2"": 0.9473684210526315}"
roam_posture,validation,posture,ALL,hanging,F0v2+correlation_spectrum,source_oof_temperature,1.7072744369168007,native_label_bout,45,0.8494774169466218,0.8444444444444444,0.3964976721254235,0.21403554465392824,0.06510630784957579,"{""0"": 0.851063829787234, ""1"": 0.75, ""2"": 0.9473684210526315}"
roam_posture,validation,posture,ALL,unsupported,F0v2+correlation_spectrum,uncalibrated,1.7072744369168007,native_label_bout,45,0.9803756658256239,0.9777777777777777,0.12506259190083902,0.06792721244556772,0.06697834091397234,"{""0"": 0.975609756097561, ""1"": 0.9655172413793104, ""2"": 1.0}"
roam_posture,validation,posture,ALL,unsupported,F0v2+correlation_spectrum,source_oof_temperature,1.7072744369168007,native_label_bout,45,0.9803756658256239,0.9777777777777777,0.1811432836245849,0.09044870797068467,0.10729872620299397,"{""0"": 0.975609756097561, ""1"": 0.9655172413793104, ""2"": 1.0}"
roam_posture,validation,posture,ALL,reaching,F0v2+correlation_spectrum,uncalibrated,1.7072744369168007,native_label_bout,45,0.9241652067739023,0.9333333333333333,0.19052806505414419,0.09918906110560344,0.034647080945050104,"{""0"": 0.9743589743589743, ""1"": 0.9285714285714286, ""2"": 0.8695652173913043}"
roam_posture,validation,posture,ALL,reaching,F0v2+correlation_spectrum,source_oof_temperature,1.7072744369168007,native_label_bout,45,0.9241652067739023,0.9333333333333333,0.2074053841041226,0.1088654766344782,0.05397224341234369,"{""0"": 0.9743589743589743, ""1"": 0.9285714285714286, ""2"": 0.8695652173913043}"
roam_posture,final,pooled,ALL,ALL,F0v2+correlation_spectrum,uncalibrated,1.7072744369168007,native_label_bout,180,0.8748014037560754,0.8888888888888888,0.26018882544315086,0.15220729541384934,0.05025308988018244,"{""0"": 0.9565217391304348, ""1"": 0.8380952380952381, ""2"": 0.8297872340425532}"
roam_posture,final,pooled,ALL,ALL,F0v2+correlation_spectrum,source_oof_temperature,1.7072744369168007,native_label_bout,180,0.8748014037560754,0.8888888888888888,0.24281314599144949,0.14430923660150816,0.03199095977566316,"{""0"": 0.9565217391304348, ""1"": 0.8380952380952381, ""2"": 0.8297872340425532}"
roam_posture,final,subject,24,ALL,F0v2+correlation_spectrum,uncalibrated,1.7072744369168007,native_label_bout,36,0.8886002886002885,0.8888888888888888,0.22073927445680663,0.13814316266057802,0.0676473139938681,"{""0"": 0.9142857142857143, ""1"": 0.8181818181818182, ""2"": 0.9333333333333333}"
roam_posture,final,subject,24,ALL,F0v2+correlation_spectrum,source_oof_temperature,1.7072744369168007,native_label_bout,36,0.8886002886002885,0.8888888888888888,0.2604962988203801,0.15000149335282043,0.07350259482028426,"{""0"": 0.9142857142857143, ""1"": 0.8181818181818182, ""2"": 0.9333333333333333}"
roam_posture,final,subject,25,ALL,F0v2+correlation_spectrum,uncalibrated,1.7072744369168007,native_label_bout,36,0.8355130249867093,0.8611111111111112,0.18397686945868266,0.1266862575177124,0.09512109752733294,"{""0"": 0.9696969696969697, ""1"": 0.7368421052631579, ""2"": 0.8}"
roam_posture,final,subject,25,ALL,F0v2+correlation_spectrum,source_oof_temperature,1.7072744369168007,native_label_bout,36,0.8355130249867093,0.8611111111111112,0.20582727993300085,0.1231324416830185,0.07393118895227635,"{""0"": 0.9696969696969697, ""1"": 0.7368421052631579, ""2"": 0.8}"
roam_posture,final,subject,26,ALL,F0v2+correlation_spectrum,uncalibrated,1.7072744369168007,native_label_bout,36,1.0,1.0,0.03068332721091909,0.011316783941192192,0.02645045789247293,"{""0"": 1.0, ""1"": 1.0, ""2"": 1.0}"
roam_posture,final,subject,26,ALL,F0v2+correlation_spectrum,source_oof_temperature,1.7072744369168007,native_label_bout,36,1.0,1.0,0.09188750815620354,0.026513106321970355,0.08123043532811378,"{""0"": 1.0, ""1"": 1.0, ""2"": 1.0}"
roam_posture,final,subject,27,ALL,F0v2+correlation_spectrum,uncalibrated,1.7072744369168007,native_label_bout,36,0.7555555555555555,0.7777777777777778,0.5949933203581996,0.3657297451998046,0.1812425545135901,"{""0"": 0.9333333333333333, ""1"": 0.6666666666666666, ""2"": 0.6666666666666666}"
roam_posture,final,subject,27,ALL,F0v2+correlation_spectrum,source_oof_temperature,1.7072744369168007,native_label_bout,36,0.7555555555555555,0.7777777777777778,0.4324760340632245,0.30524701774944735,0.15424096370382887,"{""0"": 0.9333333333333333, ""1"": 0.6666666666666666, ""2"": 0.6666666666666666}"
roam_posture,final,subject,28,ALL,F0v2+correlation_spectrum,uncalibrated,1.7072744369168007,native_label_bout,36,0.9063127025775582,0.9166666666666666,0.27055133573114615,0.11916052774995954,0.05311294869646088,"{""0"": 0.967741935483871, ""1"": 0.9090909090909091, ""2"": 0.8421052631578947}"
roam_posture,final,subject,28,ALL,F0v2+correlation_spectrum,source_oof_temperature,1.7072744369168007,native_label_bout,36,0.9063127025775582,0.9166666666666666,0.2233786089844381,0.1166521239002842,0.07179101985953676,"{""0"": 0.967741935483871, ""1"": 0.9090909090909091, ""2"": 0.8421052631578947}"
roam_posture,final,posture,ALL,resting,F0v2+correlation_spectrum,uncalibrated,1.7072744369168007,native_label_bout,45,0.9521038368278419,0.9555555555555556,0.06819186446638903,0.0376926293549139,0.032636434193668094,"{""0"": 0.975609756097561, ""1"": 0.9333333333333333, ""2"": 0.9473684210526315}"
roam_posture,final,posture,ALL,resting,F0v2+correlation_spectrum,source_oof_temperature,1.7072744369168007,native_label_bout,45,0.9521038368278419,0.9555555555555556,0.11827120659764447,0.051204090623234735,0.07013612932869076,"{""0"": 0.975609756097561, ""1"": 0.9333333333333333, ""2"": 0.9473684210526315}"
roam_posture,final,posture,ALL,hanging,F0v2+correlation_spectrum,uncalibrated,1.7072744369168007,native_label_bout,45,0.8696476964769647,0.8888888888888888,0.2225655566755385,0.15047893062051168,0.08417438261257063,"{""0"": 0.975609756097561, ""1"": 0.8, ""2"": 0.8333333333333334}"
roam_posture,final,posture,ALL,hanging,F0v2+correlation_spectrum,source_oof_temperature,1.7072744369168007,native_label_bout,45,0.8696476964769647,0.8888888888888888,0.2184539653008934,0.1381101925164856,0.10220799118586131,"{""0"": 0.975609756097561, ""1"": 0.8, ""2"": 0.8333333333333334}"
roam_posture,final,posture,ALL,unsupported,F0v2+correlation_spectrum,uncalibrated,1.7072744369168007,native_label_bout,45,0.8307692307692308,0.8444444444444444,0.38727267027611606,0.21015548841537324,0.1057868056050847,"{""0"": 0.9230769230769231, ""1"": 0.8, ""2"": 0.7692307692307693}"
roam_posture,final,posture,ALL,unsupported,F0v2+correlation_spectrum,source_oof_temperature,1.7072744369168007,native_label_bout,45,0.8307692307692308,0.8444444444444444,0.3084332946781102,0.18719473787634228,0.07553374452282247,"{""0"": 0.9230769230769231, ""1"": 0.8, ""2"": 0.7692307692307693}"
roam_posture,final,posture,ALL,reaching,F0v2+correlation_spectrum,uncalibrated,1.7072744369168007,native_label_bout,45,0.85,0.8666666666666667,0.3627252103545598,0.21050213326459855,0.07186403850932238,"{""0"": 0.95, ""1"": 0.8, ""2"": 0.8}"
roam_posture,final,posture,ALL,reaching,F0v2+correlation_spectrum,source_oof_temperature,1.7072744369168007,native_label_bout,45,0.85,0.8666666666666667,0.3260941173891497,0.20072792538997,0.06099387580099255,"{""0"": 0.95, ""1"": 0.8, ""2"": 0.8}"
roam_posture,validation,pooled,ALL,ALL,F0v2+frequency_direction,uncalibrated,1.5811388300841898,native_label_bout,180,0.9447542780876114,0.9444444444444444,0.21245103591715436,0.0963019040537648,0.02934103056827974,"{""0"": 0.9523809523809523, ""1"": 0.918918918918919, ""2"": 0.9629629629629629}"
roam_posture,validation,pooled,ALL,ALL,F0v2+frequency_direction,source_oof_temperature,1.5811388300841898,native_label_bout,180,0.9447542780876114,0.9444444444444444,0.20043973056977585,0.1007816682536521,0.03847082169517475,"{""0"": 0.9523809523809523, ""1"": 0.918918918918919, ""2"": 0.9629629629629629}"
roam_posture,validation,subject,19,ALL,F0v2+frequency_direction,uncalibrated,1.5811388300841898,native_label_bout,36,0.7850203144320792,0.8055555555555556,0.4348215636750128,0.2701036273813702,0.1048895321842673,"{""0"": 0.8648648648648649, ""1"": 0.6666666666666666, ""2"": 0.8235294117647058}"
roam_posture,validation,subject,19,ALL,F0v2+frequency_direction,source_oof_temperature,1.5811388300841898,native_label_bout,36,0.7850203144320792,0.8055555555555556,0.397390796588305,0.24383192173912174,0.11059944130187946,"{""0"": 0.8648648648648649, ""1"": 0.6666666666666666, ""2"": 0.8235294117647058}"
roam_posture,validation,subject,20,ALL,F0v2+frequency_direction,uncalibrated,1.5811388300841898,native_label_bout,36,1.0,1.0,0.06587922338748381,0.024485953973272585,0.05619144265135541,"{""0"": 1.0, ""1"": 1.0, ""2"": 1.0}"
roam_posture,validation,subject,20,ALL,F0v2+frequency_direction,source_oof_temperature,1.5811388300841898,native_label_bout,36,1.0,1.0,0.13034493075248998,0.04948982811022393,0.10989978427442836,"{""0"": 1.0, ""1"": 1.0, ""2"": 1.0}"
roam_posture,validation,subject,21,ALL,F0v2+frequency_direction,uncalibrated,1.5811388300841898,native_label_bout,36,0.9238095238095237,0.9166666666666666,0.5292493072645155,0.17721435962140492,0.10227728725377602,"{""0"": 0.9142857142857143, ""1"": 0.8571428571428571, ""2"": 1.0}"
roam_posture,validation,subject,21,ALL,F0v2+frequency_direction,source_oof_temperature,1.5811388300841898,native_label_bout,36,0.9238095238095237,0.9166666666666666,0.3958155653753057,0.18661299458317301,0.13400289515960426,"{""0"": 0.9142857142857143, ""1"": 0.8571428571428571, ""2"": 1.0}"
roam_posture,validation,subject,22,ALL,F0v2+frequency_direction,uncalibrated,1.5811388300841898,native_label_bout,36,1.0,1.0,0.004465410354247065,0.00021733661991378897,0.004409296825544251,"{""0"": 1.0, ""1"": 1.0, ""2"": 1.0}"
roam_posture,validation,subject,22,ALL,F0v2+frequency_direction,source_oof_temperature,1.5811388300841898,native_label_bout,36,1.0,1.0,0.02187426916446121,0.0027163283074225796,0.021124953074744306,"{""0"": 1.0, ""1"": 1.0, ""2"": 1.0}"
roam_posture,validation,subject,23,ALL,F0v2+frequency_direction,uncalibrated,1.5811388300841898,native_label_bout,36,1.0,1.0,0.02783967490451265,0.009488242672862577,0.024095682679371414,"{""0"": 1.0, ""1"": 1.0, ""2"": 1.0}"
roam_posture,validation,subject,23,ALL,F0v2+frequency_direction,source_oof_temperature,1.5811388300841898,native_label_bout,36,1.0,1.0,0.05677309096831705,0.021257268528319193,0.04752520989440597,"{""0"": 1.0, ""1"": 1.0, ""2"": 1.0}"
roam_posture,validation,posture,ALL,resting,F0v2+frequency_direction,uncalibrated,1.5811388300841898,native_label_bout,45,0.9803756658256239,0.9777777777777777,0.10126532525588695,0.052645601185322584,0.054291040187734646,"{""0"": 0.975609756097561, ""1"": 0.9655172413793104, ""2"": 1.0}"
roam_posture,validation,posture,ALL,resting,F0v2+frequency_direction,source_oof_temperature,1.5811388300841898,native_label_bout,45,0.9803756658256239,0.9777777777777777,0.14076611674944559,0.06648567581007417,0.08047356456864027,"{""0"": 0.975609756097561, ""1"": 0.9655172413793104, ""2"": 1.0}"
roam_posture,validation,posture,ALL,hanging,F0v2+frequency_direction,uncalibrated,1.5811388300841898,native_label_bout,45,0.8494774169466218,0.8444444444444444,0.6079958949164981,0.2532755872918718,0.13711096957654928,"{""0"": 0.851063829787234, ""1"": 0.75, ""2"": 0.9473684210526315}"
roam_posture,validation,posture,ALL,hanging,F0v2+frequency_direction,source_oof_temperature,1.5811388300841898,native_label_bout,45,0.8494774169466218,0.8444444444444444,0.44891321091435493,0.23952088949966835,0.13188052121654503,"{""0"": 0.851063829787234, ""1"": 0.75, ""2"": 0.9473684210526315}"
roam_posture,validation,posture,ALL,unsupported,F0v2+frequency_direction,uncalibrated,1.5811388300841898,native_label_bout,45,1.0,1.0,0.04851471777527626,0.016817479730494474,0.041607017194371765,"{""0"": 1.0, ""1"": 1.0, ""2"": 1.0}"
roam_posture,validation,posture,ALL,unsupported,F0v2+frequency_direction,source_oof_temperature,1.5811388300841898,native_label_bout,45,1.0,1.0,0.10082769912569081,0.036570286204527985,0.08535597149393627,"{""0"": 1.0, ""1"": 1.0, ""2"": 1.0}"
roam_posture,validation,posture,ALL,reaching,F0v2+frequency_direction,uncalibrated,1.5811388300841898,native_label_bout,45,0.9458874458874459,0.9555555555555556,0.0920282057209561,0.06246894800737041,0.05732084837747573,"{""0"": 1.0, ""1"": 0.9285714285714286, ""2"": 0.9090909090909091}"
roam_posture,validation,posture,ALL,reaching,F0v2+frequency_direction,source_oof_temperature,1.5811388300841898,native_label_bout,45,0.9458874458874459,0.9555555555555556,0.11125189548961202,0.06054982150033787,0.06669311873856473,"{""0"": 1.0, ""1"": 0.9285714285714286, ""2"": 0.9090909090909091}"
roam_posture,final,pooled,ALL,ALL,F0v2+frequency_direction,uncalibrated,1.5811388300841898,native_label_bout,180,0.9460290951570629,0.95,0.11936516003162612,0.06646089513224343,0.023707006166397617,"{""0"": 0.9620253164556962, ""1"": 0.9565217391304348, ""2"": 0.9195402298850575}"
roam_posture,final,pooled,ALL,ALL,F0v2+frequency_direction,source_oof_temperature,1.5811388300841898,native_label_bout,180,0.9460290951570629,0.95,0.12337191787905487,0.06656793963593789,0.025504023171366828,"{""0"": 0.9620253164556962, ""1"": 0.9565217391304348, ""2"": 0.9195402298850575}"
roam_posture,final,subject,24,ALL,F0v2+frequency_direction,uncalibrated,1.5811388300841898,native_label_bout,36,0.9754062362758015,0.9722222222222222,0.08285780285496647,0.05174442427344574,0.035183471377785935,"{""0"": 0.9696969696969697, ""1"": 0.9565217391304348, ""2"": 1.0}"
roam_posture,final,subject,24,ALL,F0v2+frequency_direction,source_oof_temperature,1.5811388300841898,native_label_bout,36,0.9754062362758015,0.9722222222222222,0.10590242808356495,0.05296314783973629,0.05117031321545231,"{""0"": 0.9696969696969697, ""1"": 0.9565217391304348, ""2"": 1.0}"
roam_posture,final,subject,25,ALL,F0v2+frequency_direction,uncalibrated,1.5811388300841898,native_label_bout,36,0.9399881164587048,0.9444444444444444,0.08483436233732207,0.0546087880111208,0.0369554640623961,"{""0"": 0.9696969696969697, ""1"": 0.9090909090909091, ""2"": 0.9411764705882353}"
roam_posture,final,subject,25,ALL,F0v2+frequency_direction,source_oof_temperature,1.5811388300841898,native_label_bout,36,0.9399881164587048,0.9444444444444444,0.10499543650506672,0.053988312978278115,0.05664379076140101,"{""0"": 0.9696969696969697, ""1"": 0.9090909090909091, ""2"": 0.9411764705882353}"
roam_posture,final,subject,26,ALL,F0v2+frequency_direction,uncalibrated,1.5811388300841898,native_label_bout,36,1.0,1.0,0.02486287788073174,0.005097671247069221,0.02305598274501757,"{""0"": 1.0, ""1"": 1.0, ""2"": 1.0}"
roam_posture,final,subject,26,ALL,F0v2+frequency_direction,source_oof_temperature,1.5811388300841898,native_label_bout,36,1.0,1.0,0.0706406662943524,0.01907340315997268,0.06332507832634764,"{""0"": 1.0, ""1"": 1.0, ""2"": 1.0}"
roam_posture,final,subject,27,ALL,F0v2+frequency_direction,uncalibrated,1.5811388300841898,native_label_bout,36,0.8558491317112007,0.8611111111111112,0.2945819082387311,0.16391151192395315,0.08930007505004703,"{""0"": 0.896551724137931, ""1"": 0.9090909090909091, ""2"": 0.7619047619047619}"
roam_posture,final,subject,27,ALL,F0v2+frequency_direction,source_oof_temperature,1.5811388300841898,native_label_bout,36,0.8558491317112007,0.8611111111111112,0.23374776121448904,0.14856961998852153,0.0703436678799087,"{""0"": 0.896551724137931, ""1"": 0.9090909090909091, ""2"": 0.7619047619047619}"
roam_posture,final,subject,28,ALL,F0v2+frequency_direction,uncalibrated,1.5811388300841898,native_label_bout,36,0.9696394686907022,0.9722222222222222,0.10968884884637918,0.0569420802056282,0.035964611576141864,"{""0"": 0.967741935483871, ""1"": 1.0, ""2"": 0.9411764705882353}"
roam_posture,final,subject,28,ALL,F0v2+frequency_direction,source_oof_temperature,1.5811388300841898,native_label_bout,36,0.9696394686907022,0.9722222222222222,0.10157329729780117,0.058245214213180824,0.04393971032769215,"{""0"": 0.967741935483871, ""1"": 1.0, ""2"": 0.9411764705882353}"
roam_posture,final,posture,ALL,resting,F0v2+frequency_direction,uncalibrated,1.5811388300841898,native_label_bout,45,1.0,1.0,0.010141516070812448,0.0012421330823194346,0.009792553691505466,"{""0"": 1.0, ""1"": 1.0, ""2"": 1.0}"
roam_posture,final,posture,ALL,resting,F0v2+frequency_direction,source_oof_temperature,1.5811388300841898,native_label_bout,45,1.0,1.0,0.036425117263383676,0.007464339249608191,0.03401964582984679,"{""0"": 1.0, ""1"": 1.0, ""2"": 1.0}"
roam_posture,final,posture,ALL,hanging,F0v2+frequency_direction,uncalibrated,1.5811388300841898,native_label_bout,45,0.9028180354267311,0.9111111111111111,0.12656367844055277,0.08376498074041312,0.06163797852224711,"{""0"": 0.95, ""1"": 0.8888888888888888, ""2"": 0.8695652173913043}"
roam_posture,final,posture,ALL,hanging,F0v2+frequency_direction,source_oof_temperature,1.5811388300841898,native_label_bout,45,0.9028180354267311,0.9111111111111111,0.1381828048487874,0.08350808845132147,0.05548860995066343,"{""0"": 0.95, ""1"": 0.8888888888888888, ""2"": 0.8695652173913043}"
roam_posture,final,posture,ALL,unsupported,F0v2+frequency_direction,uncalibrated,1.5811388300841898,native_label_bout,45,0.9325616911823809,0.9333333333333333,0.1694474621761168,0.10611105850959955,0.04812439811482318,"{""0"": 0.9230769230769231, ""1"": 0.9655172413793104, ""2"": 0.9090909090909091}"
roam_posture,final,posture,ALL,unsupported,F0v2+frequency_direction,source_oof_temperature,1.5811388300841898,native_label_bout,45,0.9325616911823809,0.9333333333333333,0.1582244822066103,0.09698005699741663,0.05657088152685023,"{""0"": 0.9230769230769231, ""1"": 0.9655172413793104, ""2"": 0.9090909090909091}"
roam_posture,final,posture,ALL,reaching,F0v2+frequency_direction,uncalibrated,1.5811388300841898,native_label_bout,45,0.9496557082763979,0.9555555555555556,0.17130798343902243,0.07472540819664157,0.03165671915363351,"{""0"": 0.9743589743589743, ""1"": 0.9655172413793104, ""2"": 0.9090909090909091}"
roam_posture,final,posture,ALL,reaching,F0v2+frequency_direction,source_oof_temperature,1.5811388300841898,native_label_bout,45,0.9496557082763979,0.9555555555555556,0.16065526719743803,0.07831927384540524,0.03415437813622721,"{""0"": 0.9743589743589743, ""1"": 0.9655172413793104, ""2"": 0.9090909090909091}"
grab_user,validation,pooled,ALL,ALL,F0v2,uncalibrated,1.8434725322597876,native_recording,56,0.8053814002089864,0.8035714285714286,0.46503153809726666,0.2854191405619953,0.10398676589970349,"{""15"": 0.7272727272727273, ""16"": 0.8275862068965517, ""17"": 1.0, ""4"": 0.6666666666666666}"
grab_user,validation,pooled,ALL,ALL,F0v2,source_oof_temperature,1.8434725322597876,native_recording,56,0.8053814002089864,0.8035714285714286,0.5090296541970388,0.289585600477349,0.1047507992951483,"{""15"": 0.7272727272727273, ""16"": 0.8275862068965517, ""17"": 1.0, ""4"": 0.6666666666666666}"
grab_user,validation,subject,5,ALL,F0v2,uncalibrated,1.8434725322597876,native_recording,28,0.7099358974358975,0.75,0.6354175890884474,0.40256394423159275,0.23688969615827346,"{""15"": 0.25, ""16"": 0.9230769230769231, ""17"": 1.0, ""4"": 0.6666666666666666}"
grab_user,validation,subject,5,ALL,F0v2,source_oof_temperature,1.8434725322597876,native_recording,28,0.7099358974358975,0.75,0.6035899302738139,0.35805059325967603,0.21959412764218067,"{""15"": 0.25, ""16"": 0.9230769230769231, ""17"": 1.0, ""4"": 0.6666666666666666}"
grab_user,validation,subject,6,ALL,F0v2,uncalibrated,1.8434725322597876,native_recording,28,0.8541666666666666,0.8571428571428571,0.29464548710608607,0.1682743368923978,0.09130391868196827,"{""15"": 1.0, ""16"": 0.75, ""17"": 1.0, ""4"": 0.6666666666666666}"
grab_user,validation,subject,6,ALL,F0v2,source_oof_temperature,1.8434725322597876,native_recording,28,0.8541666666666666,0.8571428571428571,0.4144693781202637,0.22112060769502193,0.19483416993763644,"{""15"": 1.0, ""16"": 0.75, ""17"": 1.0, ""4"": 0.6666666666666666}"
grab_user,final,pooled,ALL,ALL,F0v2,uncalibrated,1.8434725322597876,native_recording,56,0.9458064516129032,0.9464285714285714,0.1993845815246529,0.10737778306003766,0.10538136638937791,"{""15"": 0.9032258064516129, ""16"": 1.0, ""17"": 1.0, ""4"": 0.88}"
grab_user,final,pooled,ALL,ALL,F0v2,source_oof_temperature,1.8434725322597876,native_recording,56,0.9458064516129032,0.9464285714285714,0.2982078842584905,0.14126482207691887,0.16678568120315074,"{""15"": 0.9032258064516129, ""16"": 1.0, ""17"": 1.0, ""4"": 0.88}"
grab_user,final,subject,7,ALL,F0v2,uncalibrated,1.8434725322597876,native_recording,28,1.0,1.0,0.08015938644792907,0.0304370344292629,0.0665231029123116,"{""15"": 1.0, ""16"": 1.0, ""17"": 1.0, ""4"": 1.0}"
grab_user,final,subject,7,ALL,F0v2,source_oof_temperature,1.8434725322597876,native_recording,28,1.0,1.0,0.19942202560899958,0.07603364845819789,0.1649619317223683,"{""15"": 1.0, ""16"": 1.0, ""17"": 1.0, ""4"": 1.0}"
grab_user,final,subject,8,ALL,F0v2,uncalibrated,1.8434725322597876,native_recording,28,0.8877005347593583,0.8928571428571429,0.3186097766013768,0.18431853169081244,0.14423962986644429,"{""15"": 0.8235294117647058, ""16"": 1.0, ""17"": 1.0, ""4"": 0.7272727272727273}"
grab_user,final,subject,8,ALL,F0v2,source_oof_temperature,1.8434725322597876,native_recording,28,0.8877005347593583,0.8928571428571429,0.3969937429079814,0.20649599569563984,0.19797046198639048,"{""15"": 0.8235294117647058, ""16"": 1.0, ""17"": 1.0, ""4"": 0.7272727272727273}"
grab_user,validation,pooled,ALL,ALL,F0v2+scale_pattern,uncalibrated,2.320794416806389,native_recording,56,0.7480790854572714,0.75,0.5477741681000242,0.3325495250153053,0.13204461150544605,"{""15"": 0.6086956521739131, ""16"": 0.7586206896551724, ""17"": 1.0, ""4"": 0.625}"
grab_user,validation,pooled,ALL,ALL,F0v2+scale_pattern,source_oof_temperature,2.320794416806389,native_recording,56,0.7480790854572714,0.75,0.5229698567934719,0.29704298203601526,0.10824454611208785,"{""15"": 0.6086956521739131, ""16"": 0.7586206896551724, ""17"": 1.0, ""4"": 0.625}"
grab_user,validation,subject,5,ALL,F0v2+scale_pattern,uncalibrated,2.320794416806389,native_recording,28,0.5909090909090909,0.6428571428571429,0.8482533914423394,0.5105050921998416,0.27322103050786195,"{""15"": 0.0, ""16"": 0.7272727272727273, ""17"": 1.0, ""4"": 0.6363636363636364}"
grab_user,validation,subject,5,ALL,F0v2+scale_pattern,source_oof_temperature,2.320794416806389,native_recording,28,0.5909090909090909,0.6428571428571429,0.6788998150539916,0.4040146539185915,0.2325832776689088,"{""15"": 0.0, ""16"": 0.7272727272727273, ""17"": 1.0, ""4"": 0.6363636363636364}"
grab_user,validation,subject,6,ALL,F0v2+scale_pattern,uncalibrated,2.320794416806389,native_recording,28,0.8444444444444444,0.8571428571428571,0.24729494475770925,0.15459395783076907,0.10591343662177775,"{""15"": 1.0, ""16"": 0.7777777777777778, ""17"": 1.0, ""4"": 0.6}"
grab_user,validation,subject,6,ALL,F0v2+scale_pattern,source_oof_temperature,2.320794416806389,native_recording,28,0.8444444444444444,0.8571428571428571,0.3670398985329521,0.190071310153439,0.14968750696308117,"{""15"": 1.0, ""16"": 0.7777777777777778, ""17"": 1.0, ""4"": 0.6}"
grab_user,final,pooled,ALL,ALL,F0v2+scale_pattern,uncalibrated,2.320794416806389,native_recording,56,0.8884762479871176,0.8928571428571429,0.4035950450358551,0.16200698531105304,0.07929705173732149,"{""15"": 0.875, ""16"": 0.9333333333333333, ""17"": 0.9629629629629629, ""4"": 0.782608695652174}"
grab_user,final,pooled,ALL,ALL,F0v2+scale_pattern,source_oof_temperature,2.320794416806389,native_recording,56,0.8884762479871176,0.8928571428571429,0.408196132874055,0.18886038376450434,0.12457717178215097,"{""15"": 0.875, ""16"": 0.9333333333333333, ""17"": 0.9629629629629629, ""4"": 0.782608695652174}"
grab_user,final,subject,7,ALL,F0v2+scale_pattern,uncalibrated,2.320794416806389,native_recording,28,1.0,1.0,0.04214649203230198,0.0076626389284490835,0.039592089114176464,"{""15"": 1.0, ""16"": 1.0, ""17"": 1.0, ""4"": 1.0}"
grab_user,final,subject,7,ALL,F0v2+scale_pattern,source_oof_temperature,2.320794416806389,native_recording,28,1.0,1.0,0.2193365565455126,0.08032665950473619,0.18584252172900909,"{""15"": 1.0, ""16"": 1.0, ""17"": 1.0, ""4"": 1.0}"
grab_user,final,subject,8,ALL,F0v2+scale_pattern,uncalibrated,2.320794416806389,native_recording,28,0.7550747863247864,0.7857142857142857,0.7650435980394082,0.31635133169365703,0.14499060151035273,"{""15"": 0.7777777777777778, ""16"": 0.875, ""17"": 0.9230769230769231, ""4"": 0.4444444444444444}"
grab_user,final,subject,8,ALL,F0v2+scale_pattern,source_oof_temperature,2.320794416806389,native_recording,28,0.7550747863247864,0.7857142857142857,0.5970557092025973,0.2973941080242724,0.09180648138634734,"{""15"": 0.7777777777777778, ""16"": 0.875, ""17"": 0.9230769230769231, ""4"": 0.4444444444444444}"
grab_user,validation,pooled,ALL,ALL,F0v2+ring_lag,uncalibrated,2.233417960754816,native_recording,56,0.8359848484848484,0.8392857142857143,0.4274099735510623,0.24187512377188042,0.06539002225182952,"{""15"": 0.7272727272727273, ""16"": 0.8666666666666667, ""17"": 1.0, ""4"": 0.75}"
grab_user,validation,pooled,ALL,ALL,F0v2+ring_lag,source_oof_temperature,2.233417960754816,native_recording,56,0.8359848484848484,0.8392857142857143,0.49253754964743013,0.25892937482615397,0.125113984735576,"{""15"": 0.7272727272727273, ""16"": 0.8666666666666667, ""17"": 1.0, ""4"": 0.75}"
grab_user,validation,subject,5,ALL,F0v2+ring_lag,uncalibrated,2.233417960754816,native_recording,28,0.7017857142857142,0.75,0.6125923016956254,0.3504350943978718,0.19134148685830088,"{""15"": 0.25, ""16"": 0.8571428571428571, ""17"": 1.0, ""4"": 0.7}"
grab_user,validation,subject,5,ALL,F0v2+ring_lag,source_oof_temperature,2.233417960754816,native_recording,28,0.7017857142857142,0.75,0.5743557242379568,0.3115508758680815,0.15590293308183983,"{""15"": 0.25, ""16"": 0.8571428571428571, ""17"": 1.0, ""4"": 0.7}"
grab_user,validation,subject,6,ALL,F0v2+ring_lag,uncalibrated,2.233417960754816,native_recording,28,0.9270833333333334,0.9285714285714286,0.24222764540649896,0.13331515314588913,0.07276574496392187,"{""15"": 1.0, ""16"": 0.875, ""17"": 1.0, ""4"": 0.8333333333333334}"
grab_user,validation,subject,6,ALL,F0v2+ring_lag,source_oof_temperature,2.233417960754816,native_recording,28,0.9270833333333334,0.9285714285714286,0.41071937505690354,0.2063078737842265,0.21519626443844328,"{""15"": 1.0, ""16"": 0.875, ""17"": 1.0, ""4"": 0.8333333333333334}"
grab_user,final,pooled,ALL,ALL,F0v2+ring_lag,uncalibrated,2.233417960754816,native_recording,56,0.8898934371198239,0.8928571428571429,0.29889940284773936,0.1619298690387946,0.04945445182247645,"{""15"": 0.8484848484848485, ""16"": 0.9655172413793104, ""17"": 0.9629629629629629, ""4"": 0.782608695652174}"
grab_user,final,pooled,ALL,ALL,F0v2+ring_lag,source_oof_temperature,2.233417960754816,native_recording,56,0.8898934371198239,0.8928571428571429,0.3759290238580006,0.1850124440812431,0.13686604152984105,"{""15"": 0.8484848484848485, ""16"": 0.9655172413793104, ""17"": 0.9629629629629629, ""4"": 0.782608695652174}"
grab_user,final,subject,7,ALL,F0v2+ring_lag,uncalibrated,2.233417960754816,native_recording,28,1.0,1.0,0.07899976348513972,0.0360321132158939,0.06406589228542287,"{""15"": 1.0, ""16"": 1.0, ""17"": 1.0, ""4"": 1.0}"
grab_user,final,subject,7,ALL,F0v2+ring_lag,source_oof_temperature,2.233417960754816,native_recording,28,1.0,1.0,0.22606385225803588,0.0918652823038826,0.1837490224845128,"{""15"": 1.0, ""16"": 1.0, ""17"": 1.0, ""4"": 1.0}"
grab_user,final,subject,8,ALL,F0v2+ring_lag,uncalibrated,2.233417960754816,native_recording,28,0.7594242015294648,0.7857142857142857,0.518799042210339,0.2878276248616953,0.1527102037365805,"{""15"": 0.7368421052631579, ""16"": 0.9333333333333333, ""17"": 0.9230769230769231, ""4"": 0.4444444444444444}"
grab_user,final,subject,8,ALL,F0v2+ring_lag,source_oof_temperature,2.233417960754816,native_recording,28,0.7594242015294648,0.7857142857142857,0.5257941954579651,0.27815960585860355,0.18892318459219498,"{""15"": 0.7368421052631579, ""16"": 0.9333333333333333, ""17"": 0.9230769230769231, ""4"": 0.4444444444444444}"
grab_user,validation,pooled,ALL,ALL,F0v2+correlation_spectrum,uncalibrated,2.320794416806389,native_recording,56,0.7784313725490196,0.7857142857142857,0.5753909825223776,0.3139967315491569,0.11053042836769883,"{""15"": 0.6, ""16"": 0.8666666666666667, ""17"": 1.0, ""4"": 0.6470588235294118}"
grab_user,validation,pooled,ALL,ALL,F0v2+correlation_spectrum,source_oof_temperature,2.320794416806389,native_recording,56,0.7784313725490196,0.7857142857142857,0.5511668690868049,0.3026308783657112,0.07862880226655862,"{""15"": 0.6, ""16"": 0.8666666666666667, ""17"": 1.0, ""4"": 0.6470588235294118}"
grab_user,validation,subject,5,ALL,F0v2+correlation_spectrum,uncalibrated,2.320794416806389,native_recording,28,0.6398601398601399,0.7142857142857143,0.8313448814243015,0.4368092755103926,0.18884695426323234,"{""15"": 0.0, ""16"": 0.9230769230769231, ""17"": 1.0, ""4"": 0.6363636363636364}"
grab_user,validation,subject,5,ALL,F0v2+correlation_spectrum,source_oof_temperature,2.320794416806389,native_recording,28,0.6398601398601399,0.7142857142857143,0.6398137612549324,0.35793979501460166,0.09672089439545822,"{""15"": 0.0, ""16"": 0.9230769230769231, ""17"": 1.0, ""4"": 0.6363636363636364}"
grab_user,validation,subject,6,ALL,F0v2+correlation_spectrum,uncalibrated,2.320794416806389,native_recording,28,0.853318250377074,0.8571428571428571,0.31943708362045387,0.1911841875879213,0.05318945475989659,"{""15"": 0.9230769230769231, ""16"": 0.8235294117647058, ""17"": 1.0, ""4"": 0.6666666666666666}"
grab_user,validation,subject,6,ALL,F0v2+correlation_spectrum,source_oof_temperature,2.320794416806389,native_recording,28,0.853318250377074,0.8571428571428571,0.46251997691867736,0.24732196171682058,0.1723145973526182,"{""15"": 0.9230769230769231, ""16"": 0.8235294117647058, ""17"": 1.0, ""4"": 0.6666666666666666}"
grab_user,final,pooled,ALL,ALL,F0v2+correlation_spectrum,uncalibrated,2.320794416806389,native_recording,56,0.927014652014652,0.9285714285714286,0.2149958744785861,0.11553418003931457,0.06559394944830221,"{""15"": 0.9285714285714286, ""16"": 0.9333333333333333, ""17"": 1.0, ""4"": 0.8461538461538461}"
grab_user,final,pooled,ALL,ALL,F0v2+correlation_spectrum,source_oof_temperature,2.320794416806389,native_recording,56,0.927014652014652,0.9285714285714286,0.34647625884251604,0.1687514584154687,0.1881265801629644,"{""15"": 0.9285714285714286, ""16"": 0.9333333333333333, ""17"": 1.0, ""4"": 0.8461538461538461}"
grab_user,final,subject,7,ALL,F0v2+correlation_spectrum,uncalibrated,2.320794416806389,native_recording,28,1.0,1.0,0.041484592248166245,0.011306172628892367,0.037739455836561846,"{""15"": 1.0, ""16"": 1.0, ""17"": 1.0, ""4"": 1.0}"
grab_user,final,subject,7,ALL,F0v2+correlation_spectrum,source_oof_temperature,2.320794416806389,native_recording,28,1.0,1.0,0.19075450464388904,0.06997621290683094,0.16069862723409536,"{""15"": 1.0, ""16"": 1.0, ""17"": 1.0, ""4"": 1.0}"
grab_user,final,subject,8,ALL,F0v2+correlation_spectrum,uncalibrated,2.320794416806389,native_recording,28,0.8497023809523809,0.8571428571428571,0.388507156709006,0.21976218744973677,0.11636526086109533,"{""15"": 0.8571428571428571, ""16"": 0.875, ""17"": 1.0, ""4"": 0.6666666666666666}"
grab_user,final,subject,8,ALL,F0v2+correlation_spectrum,source_oof_temperature,2.320794416806389,native_recording,28,0.8497023809523809,0.8571428571428571,0.5021980130411429,0.26752670392410643,0.2155545330918334,"{""15"": 0.8571428571428571, ""16"": 0.875, ""17"": 1.0, ""4"": 0.6666666666666666}"
grab_user,validation,pooled,ALL,ALL,F0v2+frequency_direction,uncalibrated,2.705847632732318,native_recording,56,0.8002298850574713,0.8035714285714286,0.47186930280726946,0.29139284085198636,0.12117267022739622,"{""15"": 0.8275862068965517, ""16"": 0.7333333333333333, ""17"": 1.0, ""4"": 0.64}"
grab_user,validation,pooled,ALL,ALL,F0v2+frequency_direction,source_oof_temperature,2.705847632732318,native_recording,56,0.8002298850574713,0.8035714285714286,0.568206344399611,0.3137514118911779,0.15559456204576225,"{""15"": 0.8275862068965517, ""16"": 0.7333333333333333, ""17"": 1.0, ""4"": 0.64}"
grab_user,validation,subject,5,ALL,F0v2+frequency_direction,uncalibrated,2.705847632732318,native_recording,28,0.7859848484848484,0.7857142857142857,0.44264770522777225,0.2534640526980524,0.12296296024389006,"{""15"": 0.6666666666666666, ""16"": 0.7272727272727273, ""17"": 1.0, ""4"": 0.75}"
grab_user,validation,subject,5,ALL,F0v2+frequency_direction,source_oof_temperature,2.705847632732318,native_recording,28,0.7859848484848484,0.7857142857142857,0.621968759294699,0.33508323631612236,0.25014758213567756,"{""15"": 0.6666666666666666, ""16"": 0.7272727272727273, ""17"": 1.0, ""4"": 0.75}"
grab_user,validation,subject,6,ALL,F0v2+frequency_direction,uncalibrated,2.705847632732318,native_recording,28,0.7953216374269005,0.8214285714285714,0.501090900386767,0.3293216290059204,0.19675090031861778,"{""15"": 1.0, ""16"": 0.7368421052631579, ""17"": 1.0, ""4"": 0.4444444444444444}"
grab_user,validation,subject,6,ALL,F0v2+frequency_direction,source_oof_temperature,2.705847632732318,native_recording,28,0.7953216374269005,0.8214285714285714,0.5144439295045232,0.29241958746623353,0.14970359843454858,"{""15"": 1.0, ""16"": 0.7368421052631579, ""17"": 1.0, ""4"": 0.4444444444444444}"
grab_user,final,pooled,ALL,ALL,F0v2+frequency_direction,uncalibrated,2.705847632732318,native_recording,56,0.8400577683186379,0.8392857142857143,0.40480785245178313,0.2357055000591987,0.08979746516207163,"{""15"": 0.7878787878787878, ""16"": 0.8666666666666667, ""17"": 0.9230769230769231, ""4"": 0.782608695652174}"
grab_user,final,pooled,ALL,ALL,F0v2+frequency_direction,source_oof_temperature,2.705847632732318,native_recording,56,0.8400577683186379,0.8392857142857143,0.4537215512261246,0.2414433270266252,0.10929330645808188,"{""15"": 0.7878787878787878, ""16"": 0.8666666666666667, ""17"": 0.9230769230769231, ""4"": 0.782608695652174}"
grab_user,final,subject,7,ALL,F0v2+frequency_direction,uncalibrated,2.705847632732318,native_recording,28,0.9302884615384617,0.9285714285714286,0.1920554825578912,0.11445082392198483,0.054265626049051816,"{""15"": 0.9230769230769231, ""16"": 0.875, ""17"": 0.9230769230769231, ""4"": 1.0}"
grab_user,final,subject,7,ALL,F0v2+frequency_direction,source_oof_temperature,2.705847632732318,native_recording,28,0.9302884615384617,0.9285714285714286,0.35940461900256043,0.17754973450322573,0.1855137792258937,"{""15"": 0.9230769230769231, ""16"": 0.875, ""17"": 0.9230769230769231, ""4"": 1.0}"
grab_user,final,subject,8,ALL,F0v2+frequency_direction,uncalibrated,2.705847632732318,native_recording,28,0.7311660561660562,0.75,0.617560222345675,0.3569601761964126,0.17384755462370682,"{""15"": 0.7, ""16"": 0.8571428571428571, ""17"": 0.9230769230769231, ""4"": 0.4444444444444444}"
grab_user,final,subject,8,ALL,F0v2+frequency_direction,source_oof_temperature,2.705847632732318,native_recording,28,0.7311660561660562,0.75,0.5480384834496889,0.3053369195500246,0.12671295037008337,"{""15"": 0.7, ""16"": 0.8571428571428571, ""17"": 0.9230769230769231, ""4"": 0.4444444444444444}"
grab_day,validation,pooled,ALL,ALL,F0v2,uncalibrated,1.3050786078412684,native_recording,224,0.9551079403053087,0.9553571428571429,0.150671479305565,0.07947227249183722,0.05202232665588236,"{""15"": 0.9464285714285714, ""16"": 0.9649122807017544, ""17"": 1.0, ""4"": 0.9090909090909091}"
grab_day,validation,pooled,ALL,ALL,F0v2,source_oof_temperature,1.3050786078412684,native_recording,224,0.9551079403053087,0.9553571428571429,0.18565816550587938,0.09180120321886863,0.08566693233567857,"{""15"": 0.9464285714285714, ""16"": 0.9649122807017544, ""17"": 1.0, ""4"": 0.9090909090909091}"
grab_day,validation,subject,1,ALL,F0v2,uncalibrated,1.3050786078412684,native_recording,28,1.0,1.0,0.11314961891956586,0.04392761908042158,0.09835906292659563,"{""15"": 1.0, ""16"": 1.0, ""17"": 1.0, ""4"": 1.0}"
grab_day,validation,subject,1,ALL,F0v2,source_oof_temperature,1.3050786078412684,native_recording,28,1.0,1.0,0.16559451459245414,0.06631143617286309,0.14148861829863377,"{""15"": 1.0, ""16"": 1.0, ""17"": 1.0, ""4"": 1.0}"
grab_day,validation,subject,2,ALL,F0v2,uncalibrated,1.3050786078412684,native_recording,28,1.0,1.0,0.054208167315384456,0.024632253504312213,0.04571984958051868,"{""15"": 1.0, ""16"": 1.0, ""17"": 1.0, ""4"": 1.0}"
grab_day,validation,subject,2,ALL,F0v2,source_oof_temperature,1.3050786078412684,native_recording,28,1.0,1.0,0.07525293933208832,0.032110670957725025,0.0640000696180477,"{""15"": 1.0, ""16"": 1.0, ""17"": 1.0, ""4"": 1.0}"
grab_day,validation,subject,3,ALL,F0v2,uncalibrated,1.3050786078412684,native_recording,28,1.0,1.0,0.03927945606643729,0.008798408557549995,0.036189893152655486,"{""15"": 1.0, ""16"": 1.0, ""17"": 1.0, ""4"": 1.0}"
grab_day,validation,subject,3,ALL,F0v2,source_oof_temperature,1.3050786078412684,native_recording,28,1.0,1.0,0.07236966377862168,0.01866434328055639,0.0653331630501827,"{""15"": 1.0, ""16"": 1.0, ""17"": 1.0, ""4"": 1.0}"
grab_day,validation,subject,4,ALL,F0v2,uncalibrated,1.3050786078412684,native_recording,28,0.9641025641025641,0.9642857142857143,0.119479991119101,0.059153607799909656,0.06962047899959328,"{""15"": 0.9230769230769231, ""16"": 1.0, ""17"": 1.0, ""4"": 0.9333333333333333}"
grab_day,validation,subject,4,ALL,F0v2,source_oof_temperature,1.3050786078412684,native_recording,28,0.9641025641025641,0.9642857142857143,0.14968352013944805,0.06321613858214488,0.1013098246930131,"{""15"": 0.9230769230769231, ""16"": 1.0, ""17"": 1.0, ""4"": 0.9333333333333333}"
grab_day,validation,subject,5,ALL,F0v2,uncalibrated,1.3050786078412684,native_recording,28,0.8601190476190477,0.8571428571428571,0.2891396863514645,0.1644021798594902,0.10181862109047485,"{""15"": 0.8333333333333334, ""16"": 0.8571428571428571, ""17"": 1.0, ""4"": 0.75}"
grab_day,validation,subject,5,ALL,F0v2,source_oof_temperature,1.3050786078412684,native_recording,28,0.8601190476190477,0.8571428571428571,0.3318825634608412,0.18135101407940454,0.1247817712639111,"{""15"": 0.8333333333333334, ""16"": 0.8571428571428571, ""17"": 1.0, ""4"": 0.75}"
grab_day,validation,subject,6,ALL,F0v2,uncalibrated,1.3050786078412684,native_recording,28,0.9270833333333334,0.9285714285714286,0.21045872594197548,0.13082702824394923,0.10092130403343424,"{""15"": 1.0, ""16"": 0.875, ""17"": 1.0, ""4"": 0.8333333333333334}"
grab_day,validation,subject,6,ALL,F0v2,source_oof_temperature,1.3050786078412684,native_recording,28,0.9270833333333334,0.9285714285714286,0.22642804823412313,0.13234631452621215,0.07658534983917076,"{""15"": 1.0, ""16"": 0.875, ""17"": 1.0, ""4"": 0.8333333333333334}"
grab_day,validation,subject,7,ALL,F0v2,uncalibrated,1.3050786078412684,native_recording,28,0.9641025641025641,0.9642857142857143,0.10470358197760556,0.05014252109098156,0.05225987381148313,"{""15"": 0.9333333333333333, ""16"": 1.0, ""17"": 1.0, ""4"": 0.9230769230769231}"
grab_day,validation,subject,7,ALL,F0v2,source_oof_temperature,1.3050786078412684,native_recording,28,0.9641025641025641,0.9642857142857143,0.14089925171866705,0.06381251082002388,0.0745435465134828,"{""15"": 0.9333333333333333, ""16"": 1.0, ""17"": 1.0, ""4"": 0.9230769230769231}"
grab_day,validation,subject,8,ALL,F0v2,uncalibrated,1.3050786078412684,native_recording,28,0.9270833333333334,0.9285714285714286,0.2749526067529858,0.15389456179808333,0.11135878581570104,"{""15"": 0.875, ""16"": 1.0, ""17"": 1.0, ""4"": 0.8333333333333334}"
grab_day,validation,subject,8,ALL,F0v2,source_oof_temperature,1.3050786078412684,native_recording,28,0.9270833333333334,0.9285714285714286,0.3231548227907915,0.1765971973320192,0.15535175373694854,"{""15"": 0.875, ""16"": 1.0, ""17"": 1.0, ""4"": 0.8333333333333334}"
grab_day,final,pooled,ALL,ALL,F0v2,uncalibrated,1.3050786078412684,native_recording,224,0.9008139284917354,0.9017857142857143,0.3007410074072626,0.1552428951056694,0.054581568528085225,"{""15"": 0.8672566371681416, ""16"": 0.9724770642201835, ""17"": 0.9333333333333333, ""4"": 0.8301886792452831}"
grab_day,final,pooled,ALL,ALL,F0v2,source_oof_temperature,1.3050786078412684,native_recording,224,0.9008139284917354,0.9017857142857143,0.3176553273471752,0.1644538400600179,0.07119452319801176,"{""15"": 0.8672566371681416, ""16"": 0.9724770642201835, ""17"": 0.9333333333333333, ""4"": 0.8301886792452831}"
grab_day,final,subject,1,ALL,F0v2,uncalibrated,1.3050786078412684,native_recording,28,0.9641025641025642,0.9642857142857143,0.19843307692444942,0.08744388289416609,0.1138402193255081,"{""15"": 0.9230769230769231, ""16"": 1.0, ""17"": 0.9333333333333333, ""4"": 1.0}"
grab_day,final,subject,1,ALL,F0v2,source_oof_temperature,1.3050786078412684,native_recording,28,0.9641025641025642,0.9642857142857143,0.2606264177444277,0.11557502915743241,0.16039551871010813,"{""15"": 0.9230769230769231, ""16"": 1.0, ""17"": 0.9333333333333333, ""4"": 1.0}"
grab_day,final,subject,2,ALL,F0v2,uncalibrated,1.3050786078412684,native_recording,28,0.6666666666666666,0.75,0.7519114534659724,0.37643616603245184,0.17938793914373719,"{""15"": 0.6666666666666666, ""16"": 1.0, ""17"": 1.0, ""4"": 0.0}"
grab_day,final,subject,2,ALL,F0v2,source_oof_temperature,1.3050786078412684,native_recording,28,0.6666666666666666,0.75,0.637007185624007,0.33985579649349434,0.17460212187354454,"{""15"": 0.6666666666666666, ""16"": 1.0, ""17"": 1.0, ""4"": 0.0}"
grab_day,final,subject,3,ALL,F0v2,uncalibrated,1.3050786078412684,native_recording,28,1.0,1.0,0.11280671733743074,0.04479895254832763,0.09603469116040966,"{""15"": 1.0, ""16"": 1.0, ""17"": 1.0, ""4"": 1.0}"
grab_day,final,subject,3,ALL,F0v2,source_oof_temperature,1.3050786078412684,native_recording,28,1.0,1.0,0.1592716198916099,0.06621529990512305,0.1330327742131003,"{""15"": 1.0, ""16"": 1.0, ""17"": 1.0, ""4"": 1.0}"
grab_day,final,subject,4,ALL,F0v2,uncalibrated,1.3050786078412684,native_recording,28,0.9641025641025642,0.9642857142857143,0.1679685150612411,0.07655359764523673,0.05881012992050111,"{""15"": 1.0, ""16"": 1.0, ""17"": 0.9333333333333333, ""4"": 0.9230769230769231}"
grab_day,final,subject,4,ALL,F0v2,source_oof_temperature,1.3050786078412684,native_recording,28,0.9641025641025642,0.9642857142857143,0.20560975501956974,0.09081551201505156,0.08383729977025975,"{""15"": 1.0, ""16"": 1.0, ""17"": 0.9333333333333333, ""4"": 0.9230769230769231}"
grab_day,final,subject,5,ALL,F0v2,uncalibrated,1.3050786078412684,native_recording,28,0.7,0.7142857142857143,0.5822603806647964,0.34737832055717577,0.15562939282594407,"{""15"": 0.6, ""16"": 1.0, ""17"": 0.7, ""4"": 0.5}"
grab_day,final,subject,5,ALL,F0v2,source_oof_temperature,1.3050786078412684,native_recording,28,0.7,0.7142857142857143,0.5464794231618151,0.329070012039514,0.10044223387641867,"{""15"": 0.6, ""16"": 1.0, ""17"": 0.7, ""4"": 0.5}"
grab_day,final,subject,6,ALL,F0v2,uncalibrated,1.3050786078412684,native_recording,28,0.9270833333333334,0.9285714285714286,0.16183541788235178,0.08314050028223818,0.06361657153709847,"{""15"": 1.0, ""16"": 0.8333333333333334, ""17"": 1.0, ""4"": 0.875}"
grab_day,final,subject,6,ALL,F0v2,source_oof_temperature,1.3050786078412684,native_recording,28,0.9270833333333334,0.9285714285714286,0.2061840671133939,0.09789262463066857,0.10514914573125102,"{""15"": 1.0, ""16"": 0.8333333333333334, ""17"": 1.0, ""4"": 0.875}"
grab_day,final,subject,7,ALL,F0v2,uncalibrated,1.3050786078412684,native_recording,28,1.0,1.0,0.13098457384341183,0.05559772250516232,0.10839076118022557,"{""15"": 1.0, ""16"": 1.0, ""17"": 1.0, ""4"": 1.0}"
grab_day,final,subject,7,ALL,F0v2,source_oof_temperature,1.3050786078412684,native_recording,28,1.0,1.0,0.1770757191257169,0.07994776963894136,0.1420678603816663,"{""15"": 1.0, ""16"": 1.0, ""17"": 1.0, ""4"": 1.0}"
grab_day,final,subject,8,ALL,F0v2,uncalibrated,1.3050786078412684,native_recording,28,0.8918269230769231,0.8928571428571429,0.2997279240784466,0.17059401838059654,0.1458039433487416,"{""15"": 0.7692307692307693, ""16"": 0.9230769230769231, ""17"": 1.0, ""4"": 0.875}"
grab_day,final,subject,8,ALL,F0v2,source_oof_temperature,1.3050786078412684,native_recording,28,0.8918269230769231,0.8928571428571429,0.3489884310968616,0.19625867659991775,0.1433291009431233,"{""15"": 0.7692307692307693, ""16"": 0.9230769230769231, ""17"": 1.0, ""4"": 0.875}"
grab_day,validation,pooled,ALL,ALL,F0v2+scale_pattern,uncalibrated,1.7740669461678775,native_recording,224,0.9266264564009652,0.9285714285714286,0.15151182624675638,0.08763302750572952,0.02114601082591276,"{""15"": 0.8983050847457628, ""16"": 0.9739130434782609, ""17"": 0.9911504424778761, ""4"": 0.8431372549019608}"
grab_day,validation,pooled,ALL,ALL,F0v2+scale_pattern,source_oof_temperature,1.7740669461678775,native_recording,224,0.9266264564009652,0.9285714285714286,0.21152004362558424,0.10518806061150496,0.07409527152750017,"{""15"": 0.8983050847457628, ""16"": 0.9739130434782609, ""17"": 0.9911504424778761, ""4"": 0.8431372549019608}"
grab_day,validation,subject,1,ALL,F0v2+scale_pattern,uncalibrated,1.7740669461678775,native_recording,28,0.9270833333333334,0.9285714285714286,0.14782754897291378,0.09216273948688603,0.05243848434912285,"{""15"": 0.875, ""16"": 1.0, ""17"": 1.0, ""4"": 0.8333333333333334}"
grab_day,validation,subject,1,ALL,F0v2+scale_pattern,source_oof_temperature,1.7740669461678775,native_recording,28,0.9270833333333334,0.9285714285714286,0.21621241641415348,0.11004938084925284,0.08473887840288509,"{""15"": 0.875, ""16"": 1.0, ""17"": 1.0, ""4"": 0.8333333333333334}"
grab_day,validation,subject,2,ALL,F0v2+scale_pattern,uncalibrated,1.7740669461678775,native_recording,28,0.9641025641025641,0.9642857142857143,0.050728740967104925,0.026946920255243013,0.0405735914254897,"{""15"": 0.9333333333333333, ""16"": 1.0, ""17"": 1.0, ""4"": 0.9230769230769231}"
grab_day,validation,subject,2,ALL,F0v2+scale_pattern,source_oof_temperature,1.7740669461678775,native_recording,28,0.9641025641025641,0.9642857142857143,0.09530803793314659,0.04099861450408658,0.07952076307710274,"{""15"": 0.9333333333333333, ""16"": 1.0, ""17"": 1.0, ""4"": 0.9230769230769231}"
grab_day,validation,subject,3,ALL,F0v2+scale_pattern,uncalibrated,1.7740669461678775,native_recording,28,1.0,1.0,0.017116291084525136,0.004219430639254342,0.01568667258271493,"{""15"": 1.0, ""16"": 1.0, ""17"": 1.0, ""4"": 1.0}"
grab_day,validation,subject,3,ALL,F0v2+scale_pattern,source_oof_temperature,1.7740669461678775,native_recording,28,1.0,1.0,0.07683477848354522,0.017367933341428877,0.07003321373404066,"{""15"": 1.0, ""16"": 1.0, ""17"": 1.0, ""4"": 1.0}"
grab_day,validation,subject,4,ALL,F0v2+scale_pattern,uncalibrated,1.7740669461678775,native_recording,28,0.9641025641025641,0.9642857142857143,0.14245212120918566,0.06897659772498281,0.04231334288526627,"{""15"": 0.9230769230769231, ""16"": 1.0, ""17"": 1.0, ""4"": 0.9333333333333333}"
grab_day,validation,subject,4,ALL,F0v2+scale_pattern,source_oof_temperature,1.7740669461678775,native_recording,28,0.9641025641025641,0.9642857142857143,0.1781362779757639,0.07510100229915126,0.09712844463593305,"{""15"": 0.9230769230769231, ""16"": 1.0, ""17"": 1.0, ""4"": 0.9333333333333333}"
grab_day,validation,subject,5,ALL,F0v2+scale_pattern,uncalibrated,1.7740669461678775,native_recording,28,0.9270833333333334,0.9285714285714286,0.20579769296522302,0.11260474464918037,0.07567109255447574,"{""15"": 0.8333333333333334, ""16"": 1.0, ""17"": 1.0, ""4"": 0.875}"
grab_day,validation,subject,5,ALL,F0v2+scale_pattern,source_oof_temperature,1.7740669461678775,native_recording,28,0.9270833333333334,0.9285714285714286,0.3039471348029691,0.15615498075656756,0.14968592466478806,"{""15"": 0.8333333333333334, ""16"": 1.0, ""17"": 1.0, ""4"": 0.875}"
grab_day,validation,subject,6,ALL,F0v2+scale_pattern,uncalibrated,1.7740669461678775,native_recording,28,0.8392156862745099,0.8571428571428571,0.23464771181178956,0.1357204554589342,0.055875687460739606,"{""15"": 1.0, ""16"": 0.8235294117647058, ""17"": 0.9333333333333333, ""4"": 0.6}"
grab_day,validation,subject,6,ALL,F0v2+scale_pattern,source_oof_temperature,1.7740669461678775,native_recording,28,0.8392156862745099,0.8571428571428571,0.2737757947524177,0.14394338171896814,0.08209470411335358,"{""15"": 1.0, ""16"": 0.8235294117647058, ""17"": 0.9333333333333333, ""4"": 0.6}"
grab_day,validation,subject,7,ALL,F0v2+scale_pattern,uncalibrated,1.7740669461678775,native_recording,28,0.9641025641025641,0.9642857142857143,0.11892625125213656,0.06609068947067055,0.0545329473200549,"{""15"": 0.9333333333333333, ""16"": 1.0, ""17"": 1.0, ""4"": 0.9230769230769231}"
grab_day,validation,subject,7,ALL,F0v2+scale_pattern,source_oof_temperature,1.7740669461678775,native_recording,28,0.9641025641025641,0.9642857142857143,0.1873652980029328,0.08947436135098895,0.10201265317811642,"{""15"": 0.9333333333333333, ""16"": 1.0, ""17"": 1.0, ""4"": 0.9230769230769231}"
grab_day,validation,subject,8,ALL,F0v2+scale_pattern,uncalibrated,1.7740669461678775,native_recording,28,0.7953216374269005,0.8214285714285714,0.2945982517111724,0.1943426423606848,0.10708448684975136,"{""15"": 0.7368421052631579, ""16"": 1.0, ""17"": 1.0, ""4"": 0.4444444444444444}"
grab_day,validation,subject,8,ALL,F0v2+scale_pattern,source_oof_temperature,1.7740669461678775,native_recording,28,0.7953216374269005,0.8214285714285714,0.36058061063974545,0.20841483007159542,0.124580477106026,"{""15"": 0.7368421052631579, ""16"": 1.0, ""17"": 1.0, ""4"": 0.4444444444444444}"
grab_day,final,pooled,ALL,ALL,F0v2+scale_pattern,uncalibrated,1.7740669461678775,native_recording,224,0.89990798724853,0.9017857142857143,0.4437344553467137,0.15370634113411782,0.03133995743403012,"{""15"": 0.8869565217391304, ""16"": 0.9285714285714286, ""17"": 0.9491525423728814, ""4"": 0.8349514563106796}"
grab_day,final,pooled,ALL,ALL,F0v2+scale_pattern,source_oof_temperature,1.7740669461678775,native_recording,224,0.89990798724853,0.9017857142857143,0.4129501845139704,0.18027350370573827,0.08719027092880209,"{""15"": 0.8869565217391304, ""16"": 0.9285714285714286, ""17"": 0.9491525423728814, ""4"": 0.8349514563106796}"
grab_day,final,subject,1,ALL,F0v2+scale_pattern,uncalibrated,1.7740669461678775,native_recording,28,1.0,1.0,0.1481722086331703,0.07146481219112526,0.11540342989658726,"{""15"": 1.0, ""16"": 1.0, ""17"": 1.0, ""4"": 1.0}"
grab_day,final,subject,1,ALL,F0v2+scale_pattern,source_oof_temperature,1.7740669461678775,native_recording,28,1.0,1.0,0.26870490773005995,0.12339533038804716,0.20428156460254615,"{""15"": 1.0, ""16"": 1.0, ""17"": 1.0, ""4"": 1.0}"
grab_day,final,subject,2,ALL,F0v2+scale_pattern,uncalibrated,1.7740669461678775,native_recording,28,0.6529605263157895,0.75,1.823885001259514,0.43454449901268805,0.19811447332126514,"{""15"": 0.7368421052631579, ""16"": 1.0, ""17"": 0.875, ""4"": 0.0}"
grab_day,final,subject,2,ALL,F0v2+scale_pattern,source_oof_temperature,1.7740669461678775,native_recording,28,0.6529605263157895,0.75,1.1319304867979143,0.39696154067683276,0.1340337004643173,"{""15"": 0.7368421052631579, ""16"": 1.0, ""17"": 0.875, ""4"": 0.0}"
grab_day,final,subject,3,ALL,F0v2+scale_pattern,uncalibrated,1.7740669461678775,native_recording,28,0.9641025641025641,0.9642857142857143,0.14972258116476628,0.08236580036036771,0.08466535131742342,"{""15"": 0.9333333333333333, ""16"": 1.0, ""17"": 1.0, ""4"": 0.9230769230769231}"
grab_day,final,subject,3,ALL,F0v2+scale_pattern,source_oof_temperature,1.7740669461678775,native_recording,28,0.9641025641025641,0.9642857142857143,0.23797786026113116,0.11347598848295999,0.1396132482494494,"{""15"": 0.9333333333333333, ""16"": 1.0, ""17"": 1.0, ""4"": 0.9230769230769231}"
grab_day,final,subject,4,ALL,F0v2+scale_pattern,uncalibrated,1.7740669461678775,native_recording,28,0.9641025641025642,0.9642857142857143,0.3584435305179957,0.11626996849506957,0.09295070208866539,"{""15"": 1.0, ""16"": 1.0, ""17"": 0.9333333333333333, ""4"": 0.9230769230769231}"
grab_day,final,subject,4,ALL,F0v2+scale_pattern,source_oof_temperature,1.7740669461678775,native_recording,28,0.9641025641025642,0.9642857142857143,0.35971738968718603,0.15713151852612794,0.1755840849401471,"{""15"": 1.0, ""16"": 1.0, ""17"": 0.9333333333333333, ""4"": 0.9230769230769231}"
grab_day,final,subject,5,ALL,F0v2+scale_pattern,uncalibrated,1.7740669461678775,native_recording,28,0.7754010695187166,0.7857142857142857,0.5083303289472703,0.20710446005738642,0.11250705591316641,"{""15"": 0.7272727272727273, ""16"": 0.8235294117647058, ""17"": 0.8235294117647058, ""4"": 0.7272727272727273}"
grab_day,final,subject,5,ALL,F0v2+scale_pattern,source_oof_temperature,1.7740669461678775,native_recording,28,0.7754010695187166,0.7857142857142857,0.4808324542459655,0.2272450614743074,0.11015769024783964,"{""15"": 0.7272727272727273, ""16"": 0.8235294117647058, ""17"": 0.8235294117647058, ""4"": 0.7272727272727273}"
grab_day,final,subject,6,ALL,F0v2+scale_pattern,uncalibrated,1.7740669461678775,native_recording,28,0.8923076923076924,0.8928571428571429,0.1822512401273546,0.11271584076706073,0.09104559532431719,"{""15"": 1.0, ""16"": 0.7692307692307693, ""17"": 1.0, ""4"": 0.8}"
grab_day,final,subject,6,ALL,F0v2+scale_pattern,source_oof_temperature,1.7740669461678775,native_recording,28,0.8923076923076924,0.8928571428571429,0.25851888542845075,0.13249132888698184,0.11332163840164039,"{""15"": 1.0, ""16"": 0.7692307692307693, ""17"": 1.0, ""4"": 0.8}"
grab_day,final,subject,7,ALL,F0v2+scale_pattern,uncalibrated,1.7740669461678775,native_recording,28,1.0,1.0,0.06517906026558153,0.019142274082688367,0.057733443813451024,"{""15"": 1.0, ""16"": 1.0, ""17"": 1.0, ""4"": 1.0}"
grab_day,final,subject,7,ALL,F0v2+scale_pattern,source_oof_temperature,1.7740669461678775,native_recording,28,1.0,1.0,0.1670999978923298,0.06302562580514105,0.1400818204078474,"{""15"": 1.0, ""16"": 1.0, ""17"": 1.0, ""4"": 1.0}"
grab_day,final,subject,8,ALL,F0v2+scale_pattern,uncalibrated,1.7740669461678775,native_recording,28,0.855654761904762,0.8571428571428571,0.3138916918580568,0.18604307410655643,0.10201226951099708,"{""15"": 0.7142857142857143, ""16"": 0.8333333333333334, ""17"": 1.0, ""4"": 0.875}"
grab_day,final,subject,8,ALL,F0v2+scale_pattern,source_oof_temperature,1.7740669461678775,native_recording,28,0.855654761904762,0.8571428571428571,0.398819494068726,0.22846163540550796,0.18700280147341514,"{""15"": 0.7142857142857143, ""16"": 0.8333333333333334, ""17"": 1.0, ""4"": 0.875}"
grab_day,validation,pooled,ALL,ALL,F0v2+ring_lag,uncalibrated,1.4091914656322269,native_recording,224,0.9685870080606922,0.96875,0.1421740120688713,0.07326184504297029,0.06093169356500186,"{""15"": 0.954954954954955, ""16"": 0.9824561403508771, ""17"": 1.0, ""4"": 0.9369369369369369}"
grab_day,validation,pooled,ALL,ALL,F0v2+ring_lag,source_oof_temperature,1.4091914656322269,native_recording,224,0.9685870080606922,0.96875,0.186113736490638,0.09061593847587554,0.10229775342320464,"{""15"": 0.954954954954955, ""16"": 0.9824561403508771, ""17"": 1.0, ""4"": 0.9369369369369369}"
grab_day,validation,subject,1,ALL,F0v2+ring_lag,uncalibrated,1.4091914656322269,native_recording,28,1.0,1.0,0.11223748680469563,0.0422645913322466,0.09312593228396326,"{""15"": 1.0, ""16"": 1.0, ""17"": 1.0, ""4"": 1.0}"
grab_day,validation,subject,1,ALL,F0v2+ring_lag,source_oof_temperature,1.4091914656322269,native_recording,28,1.0,1.0,0.17898022325033944,0.0694552853756352,0.14890125725312633,"{""15"": 1.0, ""16"": 1.0, ""17"": 1.0, ""4"": 1.0}"
grab_day,validation,subject,2,ALL,F0v2+ring_lag,uncalibrated,1.4091914656322269,native_recording,28,0.9270833333333334,0.9285714285714286,0.1400405353385797,0.09504815762811837,0.09744491277659421,"{""15"": 0.875, ""16"": 1.0, ""17"": 1.0, ""4"": 0.8333333333333334}"
grab_day,validation,subject,2,ALL,F0v2+ring_lag,source_oof_temperature,1.4091914656322269,native_recording,28,0.9270833333333334,0.9285714285714286,0.15268317731474695,0.09641635350778634,0.04357259202681331,"{""15"": 0.875, ""16"": 1.0, ""17"": 1.0, ""4"": 0.8333333333333334}"
grab_day,validation,subject,3,ALL,F0v2+ring_lag,uncalibrated,1.4091914656322269,native_recording,28,1.0,1.0,0.04394242227397545,0.014497666546814012,0.03790789496304041,"{""15"": 1.0, ""16"": 1.0, ""17"": 1.0, ""4"": 1.0}"
grab_day,validation,subject,3,ALL,F0v2+ring_lag,source_oof_temperature,1.4091914656322269,native_recording,28,1.0,1.0,0.08541179349007073,0.026097919301758876,0.07405953043886616,"{""15"": 1.0, ""16"": 1.0, ""17"": 1.0, ""4"": 1.0}"
grab_day,validation,subject,4,ALL,F0v2+ring_lag,uncalibrated,1.4091914656322269,native_recording,28,0.9641025641025641,0.9642857142857143,0.13342659528724193,0.07537140155980672,0.07572717045204923,"{""15"": 0.9230769230769231, ""16"": 1.0, ""17"": 1.0, ""4"": 0.9333333333333333}"
grab_day,validation,subject,4,ALL,F0v2+ring_lag,source_oof_temperature,1.4091914656322269,native_recording,28,0.9641025641025641,0.9642857142857143,0.1583790828622637,0.07737150909279092,0.10608307679398207,"{""15"": 0.9230769230769231, ""16"": 1.0, ""17"": 1.0, ""4"": 0.9333333333333333}"
grab_day,validation,subject,5,ALL,F0v2+ring_lag,uncalibrated,1.4091914656322269,native_recording,28,0.9641025641025641,0.9642857142857143,0.2007174357167907,0.09166784175391489,0.09796893035069809,"{""15"": 0.9230769230769231, ""16"": 1.0, ""17"": 1.0, ""4"": 0.9333333333333333}"
grab_day,validation,subject,5,ALL,F0v2+ring_lag,source_oof_temperature,1.4091914656322269,native_recording,28,0.9641025641025641,0.9642857142857143,0.2667685963494026,0.12325734646283283,0.15356902484696477,"{""15"": 0.9230769230769231, ""16"": 1.0, ""17"": 1.0, ""4"": 0.9333333333333333}"
grab_day,validation,subject,6,ALL,F0v2+ring_lag,uncalibrated,1.4091914656322269,native_recording,28,0.9270833333333334,0.9285714285714286,0.1837548178140757,0.10261833524284399,0.04454848186731385,"{""15"": 1.0, ""16"": 0.875, ""17"": 1.0, ""4"": 0.8333333333333334}"
grab_day,validation,subject,6,ALL,F0v2+ring_lag,source_oof_temperature,1.4091914656322269,native_recording,28,0.9270833333333334,0.9285714285714286,0.2121529876120069,0.11152551502671627,0.0671052806189286,"{""15"": 1.0, ""16"": 0.875, ""17"": 1.0, ""4"": 0.8333333333333334}"
grab_day,validation,subject,7,ALL,F0v2+ring_lag,uncalibrated,1.4091914656322269,native_recording,28,1.0,1.0,0.07426782658162426,0.02912466448249006,0.06251603926338814,"{""15"": 1.0, ""16"": 1.0, ""17"": 1.0, ""4"": 1.0}"
grab_day,validation,subject,7,ALL,F0v2+ring_lag,source_oof_temperature,1.4091914656322269,native_recording,28,1.0,1.0,0.11969511700731575,0.048157704979317664,0.09882667681585014,"{""15"": 1.0, ""16"": 1.0, ""17"": 1.0, ""4"": 1.0}"
grab_day,validation,subject,8,ALL,F0v2+ring_lag,uncalibrated,1.4091914656322269,native_recording,28,0.9641025641025641,0.9642857142857143,0.2490049767339871,0.13550210179752767,0.1596577795278264,"{""15"": 0.9230769230769231, ""16"": 1.0, ""17"": 1.0, ""4"": 0.9333333333333333}"
grab_day,validation,subject,8,ALL,F0v2+ring_lag,source_oof_temperature,1.4091914656322269,native_recording,28,0.9641025641025641,0.9642857142857143,0.31483891403895786,0.17264587406016632,0.21148589089709613,"{""15"": 0.9230769230769231, ""16"": 1.0, ""17"": 1.0, ""4"": 0.9333333333333333}"
grab_day,final,pooled,ALL,ALL,F0v2+ring_lag,uncalibrated,1.4091914656322269,native_recording,224,0.8861578911698856,0.8883928571428571,0.3397294525729806,0.17739190183044892,0.04236361587376306,"{""15"": 0.8793103448275862, ""16"": 0.9357798165137615, ""17"": 0.9256198347107438, ""4"": 0.803921568627451}"
grab_day,final,pooled,ALL,ALL,F0v2+ring_lag,source_oof_temperature,1.4091914656322269,native_recording,224,0.8861578911698856,0.8883928571428571,0.33996102042445747,0.1788164450546723,0.03591786640109581,"{""15"": 0.8793103448275862, ""16"": 0.9357798165137615, ""17"": 0.9256198347107438, ""4"": 0.803921568627451}"
grab_day,final,subject,1,ALL,F0v2+ring_lag,uncalibrated,1.4091914656322269,native_recording,28,0.9641025641025641,0.9642857142857143,0.16068946267823186,0.07142574014129506,0.12948765686612437,"{""15"": 0.9230769230769231, ""16"": 1.0, ""17"": 1.0, ""4"": 0.9333333333333333}"
grab_day,final,subject,1,ALL,F0v2+ring_lag,source_oof_temperature,1.4091914656322269,native_recording,28,0.9641025641025641,0.9642857142857143,0.23708483145113488,0.10667170434065934,0.1533380090338754,"{""15"": 0.9230769230769231, ""16"": 1.0, ""17"": 1.0, ""4"": 0.9333333333333333}"
grab_day,final,subject,2,ALL,F0v2+ring_lag,uncalibrated,1.4091914656322269,native_recording,28,0.6666666666666666,0.75,0.6753998961977465,0.3599766221369233,0.1615155115034759,"{""15"": 0.6666666666666666, ""16"": 1.0, ""17"": 1.0, ""4"": 0.0}"
grab_day,final,subject,2,ALL,F0v2+ring_lag,source_oof_temperature,1.4091914656322269,native_recording,28,0.6666666666666666,0.75,0.5708844793225422,0.31424764094978996,0.15153094636059602,"{""15"": 0.6666666666666666, ""16"": 1.0, ""17"": 1.0, ""4"": 0.0}"
grab_day,final,subject,3,ALL,F0v2+ring_lag,uncalibrated,1.4091914656322269,native_recording,28,1.0,1.0,0.1016598688821442,0.031050389827830406,0.08965257047212599,"{""15"": 1.0, ""16"": 1.0, ""17"": 1.0, ""4"": 1.0}"
grab_day,final,subject,3,ALL,F0v2+ring_lag,source_oof_temperature,1.4091914656322269,native_recording,28,1.0,1.0,0.17715654516744847,0.06405800145364253,0.1509061832938704,"{""15"": 1.0, ""16"": 1.0, ""17"": 1.0, ""4"": 1.0}"
grab_day,final,subject,4,ALL,F0v2+ring_lag,uncalibrated,1.4091914656322269,native_recording,28,0.8375,0.8571428571428571,0.46446804523739293,0.20520020644704082,0.12180144157282859,"{""15"": 1.0, ""16"": 0.875, ""17"": 0.875, ""4"": 0.6}"
grab_day,final,subject,4,ALL,F0v2+ring_lag,source_oof_temperature,1.4091914656322269,native_recording,28,0.8375,0.8571428571428571,0.42705489974484534,0.20749251866189714,0.07507977026388096,"{""15"": 1.0, ""16"": 0.875, ""17"": 0.875, ""4"": 0.6}"
grab_day,final,subject,5,ALL,F0v2+ring_lag,uncalibrated,1.4091914656322269,native_recording,28,0.7833333333333334,0.7857142857142857,0.7391202907671568,0.4091529681668921,0.24556304761308773,"{""15"": 0.8333333333333334, ""16"": 1.0, ""17"": 0.7, ""4"": 0.6}"
grab_day,final,subject,5,ALL,F0v2+ring_lag,source_oof_temperature,1.4091914656322269,native_recording,28,0.7833333333333334,0.7857142857142857,0.6365409392841992,0.3780755377389884,0.22180826567200873,"{""15"": 0.8333333333333334, ""16"": 1.0, ""17"": 0.7, ""4"": 0.6}"
grab_day,final,subject,6,ALL,F0v2+ring_lag,uncalibrated,1.4091914656322269,native_recording,28,0.8839015151515153,0.8928571428571429,0.20600114121373753,0.1246067281559573,0.09291133887566563,"{""15"": 1.0, ""16"": 0.7272727272727273, ""17"": 0.9333333333333333, ""4"": 0.875}"
grab_day,final,subject,6,ALL,F0v2+ring_lag,source_oof_temperature,1.4091914656322269,native_recording,28,0.8839015151515153,0.8928571428571429,0.22896631244328744,0.1194968968002609,0.1188161562232296,"{""15"": 1.0, ""16"": 0.7272727272727273, ""17"": 0.9333333333333333, ""4"": 0.875}"
grab_day,final,subject,7,ALL,F0v2+ring_lag,uncalibrated,1.4091914656322269,native_recording,28,1.0,1.0,0.04042784664918041,0.00914227528821668,0.03727773695822536,"{""15"": 1.0, ""16"": 1.0, ""17"": 1.0, ""4"": 1.0}"
grab_day,final,subject,7,ALL,F0v2+ring_lag,source_oof_temperature,1.4091914656322269,native_recording,28,1.0,1.0,0.08425589398332703,0.024286881822563725,0.07499790209232247,"{""15"": 1.0, ""16"": 1.0, ""17"": 1.0, ""4"": 1.0}"
grab_day,final,subject,8,ALL,F0v2+ring_lag,uncalibrated,1.4091914656322269,native_recording,28,0.855654761904762,0.8571428571428571,0.3300690689582545,0.20858028447943575,0.035418534950665395,"{""15"": 0.7142857142857143, ""16"": 0.8333333333333334, ""17"": 1.0, ""4"": 0.875}"
grab_day,final,subject,8,ALL,F0v2+ring_lag,source_oof_temperature,1.4091914656322269,native_recording,28,0.855654761904762,0.8571428571428571,0.3577442619988754,0.21620237866957645,0.08668846079043917,"{""15"": 0.7142857142857143, ""16"": 0.8333333333333334, ""17"": 1.0, ""4"": 0.875}"
grab_day,validation,pooled,ALL,ALL,F0v2+correlation_spectrum,uncalibrated,1.4091914656322269,native_recording,224,0.9551379565256407,0.9553571428571429,0.13673179581739833,0.06790606992105705,0.04781295235391075,"{""15"": 0.9473684210526315, ""16"": 0.9557522123893806, ""17"": 1.0, ""4"": 0.9174311926605505}"
grab_day,validation,pooled,ALL,ALL,F0v2+correlation_spectrum,source_oof_temperature,1.4091914656322269,native_recording,224,0.9551379565256407,0.9553571428571429,0.18034124986901717,0.08533471869093587,0.08412026540000707,"{""15"": 0.9473684210526315, ""16"": 0.9557522123893806, ""17"": 1.0, ""4"": 0.9174311926605505}"
grab_day,validation,subject,1,ALL,F0v2+correlation_spectrum,uncalibrated,1.4091914656322269,native_recording,28,1.0,1.0,0.08913563314874702,0.02927214039812975,0.08007382571959755,"{""15"": 1.0, ""16"": 1.0, ""17"": 1.0, ""4"": 1.0}"
grab_day,validation,subject,1,ALL,F0v2+correlation_spectrum,source_oof_temperature,1.4091914656322269,native_recording,28,1.0,1.0,0.153380172518695,0.05697154465148022,0.1341738699752954,"{""15"": 1.0, ""16"": 1.0, ""17"": 1.0, ""4"": 1.0}"
grab_day,validation,subject,2,ALL,F0v2+correlation_spectrum,uncalibrated,1.4091914656322269,native_recording,28,0.9641025641025641,0.9642857142857143,0.08977314517968384,0.053610903657772026,0.04628597992757121,"{""15"": 0.9333333333333333, ""16"": 1.0, ""17"": 1.0, ""4"": 0.9230769230769231}"
grab_day,validation,subject,2,ALL,F0v2+correlation_spectrum,source_oof_temperature,1.4091914656322269,native_recording,28,0.9641025641025641,0.9642857142857143,0.11215542996650162,0.05905013099068117,0.036212715781416646,"{""15"": 0.9333333333333333, ""16"": 1.0, ""17"": 1.0, ""4"": 0.9230769230769231}"
grab_day,validation,subject,3,ALL,F0v2+correlation_spectrum,uncalibrated,1.4091914656322269,native_recording,28,1.0,1.0,0.052421255332627516,0.022228946231079464,0.042189361813867274,"{""15"": 1.0, ""16"": 1.0, ""17"": 1.0, ""4"": 1.0}"
grab_day,validation,subject,3,ALL,F0v2+correlation_spectrum,source_oof_temperature,1.4091914656322269,native_recording,28,1.0,1.0,0.08867491998435244,0.03218595711015665,0.07345166186855626,"{""15"": 1.0, ""16"": 1.0, ""17"": 1.0, ""4"": 1.0}"
grab_day,validation,subject,4,ALL,F0v2+correlation_spectrum,uncalibrated,1.4091914656322269,native_recording,28,0.9283882783882784,0.9285714285714286,0.21755153925326276,0.11356627351257345,0.06582611918813633,"{""15"": 0.9230769230769231, ""16"": 0.9333333333333333, ""17"": 1.0, ""4"": 0.8571428571428571}"
grab_day,validation,subject,4,ALL,F0v2+correlation_spectrum,source_oof_temperature,1.4091914656322269,native_recording,28,0.9283882783882784,0.9285714285714286,0.23796719284354234,0.11797992421101111,0.08152510916031522,"{""15"": 0.9230769230769231, ""16"": 0.9333333333333333, ""17"": 1.0, ""4"": 0.8571428571428571}"
grab_day,validation,subject,5,ALL,F0v2+correlation_spectrum,uncalibrated,1.4091914656322269,native_recording,28,0.9641025641025641,0.9642857142857143,0.12738417496474205,0.050240341508109736,0.10160302214147092,"{""15"": 1.0, ""16"": 0.9230769230769231, ""17"": 1.0, ""4"": 0.9333333333333333}"
grab_day,validation,subject,5,ALL,F0v2+correlation_spectrum,source_oof_temperature,1.4091914656322269,native_recording,28,0.9641025641025641,0.9642857142857143,0.20005852797301912,0.08325592469850908,0.1562123730041413,"{""15"": 1.0, ""16"": 0.9230769230769231, ""17"": 1.0, ""4"": 0.9333333333333333}"
grab_day,validation,subject,6,ALL,F0v2+correlation_spectrum,uncalibrated,1.4091914656322269,native_recording,28,0.9270833333333334,0.9285714285714286,0.17671350276098624,0.09136036774732136,0.06090867630681476,"{""15"": 1.0, ""16"": 0.875, ""17"": 1.0, ""4"": 0.8333333333333334}"
grab_day,validation,subject,6,ALL,F0v2+correlation_spectrum,source_oof_temperature,1.4091914656322269,native_recording,28,0.9270833333333334,0.9285714285714286,0.2067712088210995,0.10502564202689582,0.1170811428102261,"{""15"": 1.0, ""16"": 0.875, ""17"": 1.0, ""4"": 0.8333333333333334}"
grab_day,validation,subject,7,ALL,F0v2+correlation_spectrum,uncalibrated,1.4091914656322269,native_recording,28,0.9641025641025641,0.9642857142857143,0.10182190110567811,0.046500097647069014,0.07625801765528312,"{""15"": 0.9333333333333333, ""16"": 1.0, ""17"": 1.0, ""4"": 0.9230769230769231}"
grab_day,validation,subject,7,ALL,F0v2+correlation_spectrum,source_oof_temperature,1.4091914656322269,native_recording,28,0.9641025641025641,0.9642857142857143,0.1472004560162263,0.06581436643516611,0.07825283546902816,"{""15"": 0.9333333333333333, ""16"": 1.0, ""17"": 1.0, ""4"": 0.9230769230769231}"
grab_day,validation,subject,8,ALL,F0v2+correlation_spectrum,uncalibrated,1.4091914656322269,native_recording,28,0.895054945054945,0.8928571428571429,0.23905321479345934,0.13646948866640157,0.10031705179550818,"{""15"": 0.8, ""16"": 0.9230769230769231, ""17"": 1.0, ""4"": 0.8571428571428571}"
grab_day,validation,subject,8,ALL,F0v2+correlation_spectrum,source_oof_temperature,1.4091914656322269,native_recording,28,0.895054945054945,0.8928571428571429,0.29652209082870107,0.16239425940358676,0.12069984671166659,"{""15"": 0.8, ""16"": 0.9230769230769231, ""17"": 1.0, ""4"": 0.8571428571428571}"
grab_day,final,pooled,ALL,ALL,F0v2+correlation_spectrum,uncalibrated,1.4091914656322269,native_recording,224,0.8363218297797737,0.8392857142857143,0.47417920404688946,0.24053952327115274,0.06226612608586793,"{""15"": 0.780952380952381, ""16"": 0.9090909090909091, ""17"": 0.8888888888888888, ""4"": 0.7663551401869159}"
grab_day,final,pooled,ALL,ALL,F0v2+correlation_spectrum,source_oof_temperature,1.4091914656322269,native_recording,224,0.8363218297797737,0.8392857142857143,0.44757305347650966,0.23689311541840288,0.02879645321080376,"{""15"": 0.780952380952381, ""16"": 0.9090909090909091, ""17"": 0.8888888888888888, ""4"": 0.7663551401869159}"
grab_day,final,subject,1,ALL,F0v2+correlation_spectrum,uncalibrated,1.4091914656322269,native_recording,28,0.7953216374269005,0.8214285714285714,0.2713651065572925,0.16321318210116045,0.14045634090571327,"{""15"": 0.4444444444444444, ""16"": 1.0, ""17"": 1.0, ""4"": 0.7368421052631579}"
grab_day,final,subject,1,ALL,F0v2+correlation_spectrum,source_oof_temperature,1.4091914656322269,native_recording,28,0.7953216374269005,0.8214285714285714,0.31793906737334166,0.17272452347472292,0.16842987714915444,"{""15"": 0.4444444444444444, ""16"": 1.0, ""17"": 1.0, ""4"": 0.7368421052631579}"
grab_day,final,subject,2,ALL,F0v2+correlation_spectrum,uncalibrated,1.4091914656322269,native_recording,28,0.6209150326797386,0.7142857142857143,0.9125746297481322,0.4519403474800744,0.17082088894523856,"{""15"": 0.7058823529411765, ""16"": 1.0, ""17"": 0.7777777777777778, ""4"": 0.0}"
grab_day,final,subject,2,ALL,F0v2+correlation_spectrum,source_oof_temperature,1.4091914656322269,native_recording,28,0.6209150326797386,0.7142857142857143,0.7590970870669024,0.40148000054310545,0.13830329155192342,"{""15"": 0.7058823529411765, ""16"": 1.0, ""17"": 0.7777777777777778, ""4"": 0.0}"
grab_day,final,subject,3,ALL,F0v2+correlation_spectrum,uncalibrated,1.4091914656322269,native_recording,28,1.0,1.0,0.12062427779289156,0.04742869297655738,0.10322346929061348,"{""15"": 1.0, ""16"": 1.0, ""17"": 1.0, ""4"": 1.0}"
grab_day,final,subject,3,ALL,F0v2+correlation_spectrum,source_oof_temperature,1.4091914656322269,native_recording,28,1.0,1.0,0.18755097955590336,0.07942336035344291,0.1558689601997938,"{""15"": 1.0, ""16"": 1.0, ""17"": 1.0, ""4"": 1.0}"
grab_day,final,subject,4,ALL,F0v2+correlation_spectrum,uncalibrated,1.4091914656322269,native_recording,28,0.8035014005602241,0.8214285714285714,0.635513041239421,0.283421558968053,0.14666761905777576,"{""15"": 0.8571428571428571, ""16"": 0.8235294117647058, ""17"": 0.9333333333333333, ""4"": 0.6}"
grab_day,final,subject,4,ALL,F0v2+correlation_spectrum,source_oof_temperature,1.4091914656322269,native_recording,28,0.8035014005602241,0.8214285714285714,0.5889530117797314,0.29375876521685695,0.15646832051075632,"{""15"": 0.8571428571428571, ""16"": 0.8235294117647058, ""17"": 0.9333333333333333, ""4"": 0.6}"
grab_day,final,subject,5,ALL,F0v2+correlation_spectrum,uncalibrated,1.4091914656322269,native_recording,28,0.6535353535353535,0.6785714285714286,1.1015169581930986,0.5162880789787634,0.2863189657878747,"{""15"": 0.4444444444444444, ""16"": 0.9333333333333333, ""17"": 0.6363636363636364, ""4"": 0.6}"
grab_day,final,subject,5,ALL,F0v2+correlation_spectrum,source_oof_temperature,1.4091914656322269,native_recording,28,0.6535353535353535,0.6785714285714286,0.9119606170549045,0.4778644451631558,0.20092456377323675,"{""15"": 0.4444444444444444, ""16"": 0.9333333333333333, ""17"": 0.6363636363636364, ""4"": 0.6}"
grab_day,final,subject,6,ALL,F0v2+correlation_spectrum,uncalibrated,1.4091914656322269,native_recording,28,0.8839015151515153,0.8928571428571429,0.24440679121574188,0.14627853229925264,0.08015957090424528,"{""15"": 1.0, ""16"": 0.7272727272727273, ""17"": 0.9333333333333333, ""4"": 0.875}"
grab_day,final,subject,6,ALL,F0v2+correlation_spectrum,source_oof_temperature,1.4091914656322269,native_recording,28,0.8839015151515153,0.8928571428571429,0.25107849895549367,0.13544535423492152,0.08528482741296999,"{""15"": 1.0, ""16"": 0.7272727272727273, ""17"": 0.9333333333333333, ""4"": 0.875}"
grab_day,final,subject,7,ALL,F0v2+correlation_spectrum,uncalibrated,1.4091914656322269,native_recording,28,0.9641025641025641,0.9642857142857143,0.07846630022712729,0.03548587250183104,0.06131487483897735,"{""15"": 0.9230769230769231, ""16"": 1.0, ""17"": 1.0, ""4"": 0.9333333333333333}"
grab_day,final,subject,7,ALL,F0v2+correlation_spectrum,source_oof_temperature,1.4091914656322269,native_recording,28,0.9641025641025641,0.9642857142857143,0.12072457398684026,0.051013985099446046,0.09425155025550919,"{""15"": 0.9230769230769231, ""16"": 1.0, ""17"": 1.0, ""4"": 0.9333333333333333}"
grab_day,final,subject,8,ALL,F0v2+correlation_spectrum,uncalibrated,1.4091914656322269,native_recording,28,0.8172348484848484,0.8214285714285714,0.42896652740141045,0.28025992086352985,0.14732130827846776,"{""15"": 0.6666666666666666, ""16"": 0.7272727272727273, ""17"": 1.0, ""4"": 0.875}"
grab_day,final,subject,8,ALL,F0v2+correlation_spectrum,source_oof_temperature,1.4091914656322269,native_recording,28,0.8172348484848484,0.8214285714285714,0.44328059203895986,0.2834344892615714,0.10319059289839735,"{""15"": 0.6666666666666666, ""16"": 0.7272727272727273, ""17"": 1.0, ""4"": 0.875}"
grab_day,validation,pooled,ALL,ALL,F0v2+frequency_direction,uncalibrated,1.642996623800327,native_recording,224,0.9464055748538508,0.9464285714285714,0.16497735339127678,0.08150335766519796,0.03136897163075332,"{""15"": 0.9454545454545454, ""16"": 0.9482758620689655, ""17"": 0.990990990990991, ""4"": 0.9009009009009009}"
grab_day,validation,pooled,ALL,ALL,F0v2+frequency_direction,source_oof_temperature,1.642996623800327,native_recording,224,0.9464055748538508,0.9464285714285714,0.1930045567561711,0.09285014299474163,0.061260233068847536,"{""15"": 0.9454545454545454, ""16"": 0.9482758620689655, ""17"": 0.990990990990991, ""4"": 0.9009009009009009}"
grab_day,validation,subject,1,ALL,F0v2+frequency_direction,uncalibrated,1.642996623800327,native_recording,28,1.0,1.0,0.07223026767173493,0.03196085987983082,0.06096463839395598,"{""15"": 1.0, ""16"": 1.0, ""17"": 1.0, ""4"": 1.0}"
grab_day,validation,subject,1,ALL,F0v2+frequency_direction,source_oof_temperature,1.642996623800327,native_recording,28,1.0,1.0,0.13693515411542664,0.05691509578724137,0.11613448841562028,"{""15"": 1.0, ""16"": 1.0, ""17"": 1.0, ""4"": 1.0}"
grab_day,validation,subject,2,ALL,F0v2+frequency_direction,uncalibrated,1.642996623800327,native_recording,28,0.9641025641025642,0.9642857142857143,0.09435993260782882,0.06211961994796578,0.03704378144416149,"{""15"": 1.0, ""16"": 1.0, ""17"": 0.9230769230769231, ""4"": 0.9333333333333333}"
grab_day,validation,subject,2,ALL,F0v2+frequency_direction,source_oof_temperature,1.642996623800327,native_recording,28,0.9641025641025642,0.9642857142857143,0.11204314606769884,0.06895154103485722,0.04648249416749555,"{""15"": 1.0, ""16"": 1.0, ""17"": 0.9230769230769231, ""4"": 0.9333333333333333}"
grab_day,validation,subject,3,ALL,F0v2+frequency_direction,uncalibrated,1.642996623800327,native_recording,28,1.0,1.0,0.011056718321551584,0.0014988637153874663,0.01061009203864264,"{""15"": 1.0, ""16"": 1.0, ""17"": 1.0, ""4"": 1.0}"
grab_day,validation,subject,3,ALL,F0v2+frequency_direction,source_oof_temperature,1.642996623800327,native_recording,28,1.0,1.0,0.04917532837107672,0.009196460940666494,0.0459989951507581,"{""15"": 1.0, ""16"": 1.0, ""17"": 1.0, ""4"": 1.0}"
grab_day,validation,subject,4,ALL,F0v2+frequency_direction,uncalibrated,1.642996623800327,native_recording,28,1.0,1.0,0.08303193796801775,0.039755353255545196,0.06512675126200959,"{""15"": 1.0, ""16"": 1.0, ""17"": 1.0, ""4"": 1.0}"
grab_day,validation,subject,4,ALL,F0v2+frequency_direction,source_oof_temperature,1.642996623800327,native_recording,28,1.0,1.0,0.14894574627804666,0.06287292277527927,0.11733532091519616,"{""15"": 1.0, ""16"": 1.0, ""17"": 1.0, ""4"": 1.0}"
grab_day,validation,subject,5,ALL,F0v2+frequency_direction,uncalibrated,1.642996623800327,native_recording,28,0.9270833333333334,0.9285714285714286,0.1806089228213071,0.11378036599860816,0.0850510896268644,"{""15"": 0.8333333333333334, ""16"": 1.0, ""17"": 1.0, ""4"": 0.875}"
grab_day,validation,subject,5,ALL,F0v2+frequency_direction,source_oof_temperature,1.642996623800327,native_recording,28,0.9270833333333334,0.9285714285714286,0.23384769578136003,0.12738829234821542,0.08540017111594475,"{""15"": 0.8333333333333334, ""16"": 1.0, ""17"": 1.0, ""4"": 0.875}"
grab_day,validation,subject,6,ALL,F0v2+frequency_direction,uncalibrated,1.642996623800327,native_recording,28,0.7953216374269005,0.8214285714285714,0.6323703898368153,0.2675808833589555,0.14751601873120113,"{""15"": 1.0, ""16"": 0.7368421052631579, ""17"": 1.0, ""4"": 0.4444444444444444}"
grab_day,validation,subject,6,ALL,F0v2+frequency_direction,source_oof_temperature,1.642996623800327,native_recording,28,0.7953216374269005,0.8214285714285714,0.487999393021368,0.23836035951242773,0.0897177680243638,"{""15"": 1.0, ""16"": 0.7368421052631579, ""17"": 1.0, ""4"": 0.4444444444444444}"
grab_day,validation,subject,7,ALL,F0v2+frequency_direction,uncalibrated,1.642996623800327,native_recording,28,1.0,1.0,0.02630177159493154,0.004743658994438652,0.02480134738958148,"{""15"": 1.0, ""16"": 1.0, ""17"": 1.0, ""4"": 1.0}"
grab_day,validation,subject,7,ALL,F0v2+frequency_direction,source_oof_temperature,1.642996623800327,native_recording,28,1.0,1.0,0.08224437934848071,0.022304794480670413,0.07431949885424467,"{""15"": 1.0, ""16"": 1.0, ""17"": 1.0, ""4"": 1.0}"
grab_day,validation,subject,8,ALL,F0v2+frequency_direction,uncalibrated,1.642996623800327,native_recording,28,0.8593406593406594,0.8571428571428571,0.2198588863080273,0.13058725617085207,0.12619872810463909,"{""15"": 0.7142857142857143, ""16"": 0.9230769230769231, ""17"": 1.0, ""4"": 0.8}"
grab_day,validation,subject,8,ALL,F0v2+frequency_direction,source_oof_temperature,1.642996623800327,native_recording,28,0.8593406593406594,0.8571428571428571,0.29284561106591117,0.15681167707857527,0.14582809003557778,"{""15"": 0.7142857142857143, ""16"": 0.9230769230769231, ""17"": 1.0, ""4"": 0.8}"
grab_day,final,pooled,ALL,ALL,F0v2+frequency_direction,uncalibrated,1.642996623800327,native_recording,224,0.9089014797499961,0.9107142857142857,0.47326017864970066,0.14429570487700522,0.039699890525329226,"{""15"": 0.8828828828828829, ""16"": 0.9734513274336283, ""17"": 0.9411764705882353, ""4"": 0.8380952380952381}"
grab_day,final,pooled,ALL,ALL,F0v2+frequency_direction,source_oof_temperature,1.642996623800327,native_recording,224,0.9089014797499961,0.9107142857142857,0.39898106580281384,0.15543084482262143,0.055867067028033235,"{""15"": 0.8828828828828829, ""16"": 0.9734513274336283, ""17"": 0.9411764705882353, ""4"": 0.8380952380952381}"
grab_day,final,subject,1,ALL,F0v2+frequency_direction,uncalibrated,1.642996623800327,native_recording,28,0.9641025641025642,0.9642857142857143,0.13869510012723946,0.06942970726630567,0.09000143856372096,"{""15"": 0.9230769230769231, ""16"": 1.0, ""17"": 0.9333333333333333, ""4"": 1.0}"
grab_day,final,subject,1,ALL,F0v2+frequency_direction,source_oof_temperature,1.642996623800327,native_recording,28,0.9641025641025642,0.9642857142857143,0.21434812073365186,0.09779769608916003,0.14724343687394886,"{""15"": 0.9230769230769231, ""16"": 1.0, ""17"": 0.9333333333333333, ""4"": 1.0}"
grab_day,final,subject,2,ALL,F0v2+frequency_direction,uncalibrated,1.642996623800327,native_recording,28,0.6529605263157895,0.75,2.1744506847346625,0.43761458288514504,0.20435132095957675,"{""15"": 0.7368421052631579, ""16"": 1.0, ""17"": 0.875, ""4"": 0.0}"
grab_day,final,subject,2,ALL,F0v2+frequency_direction,source_oof_temperature,1.642996623800327,native_recording,28,0.6529605263157895,0.75,1.3860038883583723,0.40600933052992516,0.17131383332287056,"{""15"": 0.7368421052631579, ""16"": 1.0, ""17"": 0.875, ""4"": 0.0}"
grab_day,final,subject,3,ALL,F0v2+frequency_direction,uncalibrated,1.642996623800327,native_recording,28,1.0,1.0,0.08102210295142846,0.031029117136806287,0.0684534566693086,"{""15"": 1.0, ""16"": 1.0, ""17"": 1.0, ""4"": 1.0}"
grab_day,final,subject,3,ALL,F0v2+frequency_direction,source_oof_temperature,1.642996623800327,native_recording,28,1.0,1.0,0.16253544299649456,0.06494849243558966,0.13352324384573222,"{""15"": 1.0, ""16"": 1.0, ""17"": 1.0, ""4"": 1.0}"
grab_day,final,subject,4,ALL,F0v2+frequency_direction,uncalibrated,1.642996623800327,native_recording,28,0.925,0.9285714285714286,0.3032354066077981,0.12009244319448743,0.054539697752861854,"{""15"": 0.9333333333333333, ""16"": 1.0, ""17"": 0.9333333333333333, ""4"": 0.8333333333333334}"
grab_day,final,subject,4,ALL,F0v2+frequency_direction,source_oof_temperature,1.642996623800327,native_recording,28,0.925,0.9285714285714286,0.2849878227971897,0.13524423479276135,0.11170789948851187,"{""15"": 0.9333333333333333, ""16"": 1.0, ""17"": 0.9333333333333333, ""4"": 0.8333333333333334}"
grab_day,final,subject,5,ALL,F0v2+frequency_direction,uncalibrated,1.642996623800327,native_recording,28,0.76875,0.7857142857142857,0.6594627970308569,0.2583829321907681,0.1418978044893286,"{""15"": 0.6, ""16"": 0.875, ""17"": 0.9333333333333333, ""4"": 0.6666666666666666}"
grab_day,final,subject,5,ALL,F0v2+frequency_direction,source_oof_temperature,1.642996623800327,native_recording,28,0.76875,0.7857142857142857,0.5444311161913925,0.24294234095010772,0.13530769268562876,"{""15"": 0.6, ""16"": 0.875, ""17"": 0.9333333333333333, ""4"": 0.6666666666666666}"
grab_day,final,subject,6,ALL,F0v2+frequency_direction,uncalibrated,1.642996623800327,native_recording,28,0.9302884615384616,0.9285714285714286,0.1737702500248592,0.09182577029400872,0.06276558670319365,"{""15"": 1.0, ""16"": 0.9230769230769231, ""17"": 0.875, ""4"": 0.9230769230769231}"
grab_day,final,subject,6,ALL,F0v2+frequency_direction,source_oof_temperature,1.642996623800327,native_recording,28,0.9302884615384616,0.9285714285714286,0.22552353973881828,0.10665641883733004,0.11035203138482894,"{""15"": 1.0, ""16"": 0.9230769230769231, ""17"": 0.875, ""4"": 0.9230769230769231}"
grab_day,final,subject,7,ALL,F0v2+frequency_direction,uncalibrated,1.642996623800327,native_recording,28,1.0,1.0,0.052490998309377826,0.021420401307991277,0.04485224859829472,"{""15"": 1.0, ""16"": 1.0, ""17"": 1.0, ""4"": 1.0}"
grab_day,final,subject,7,ALL,F0v2+frequency_direction,source_oof_temperature,1.642996623800327,native_recording,28,1.0,1.0,0.11055126621761362,0.04232111050109625,0.09352350509623972,"{""15"": 1.0, ""16"": 1.0, ""17"": 1.0, ""4"": 1.0}"
grab_day,final,subject,8,ALL,F0v2+frequency_direction,uncalibrated,1.642996623800327,native_recording,28,0.9270833333333334,0.9285714285714286,0.202954089411383,0.12457068474052908,0.050203555741090575,"{""15"": 0.8333333333333334, ""16"": 1.0, ""17"": 1.0, ""4"": 0.875}"
grab_day,final,subject,8,ALL,F0v2+frequency_direction,source_oof_temperature,1.642996623800327,native_recording,28,0.9270833333333334,0.9285714285714286,0.26346732938897804,0.14752713444500135,0.1199089801378474,"{""15"": 0.8333333333333334, ""16"": 1.0, ""17"": 1.0, ""4"": 0.875}"
