document,source_sha256,line,text,verification_status,evidence,evidence_boundary
docx_pre.txt,9b70fb41ebbb4f8183e19533facf80df81b1d7ce73bd3a976a2714347d3f11d8,1,你现在负责本项目的 Phase -1：,unverified,,Requires contextual requirement-by-requirement review; inclusion is not completion.
docx_pre.txt,9b70fb41ebbb4f8183e19533facf80df81b1d7ce73bd3a976a2714347d3f11d8,3,DATASET DISCOVERY + BENCHMARK SELECTION + DOWNLOAD,unverified,,Requires contextual requirement-by-requirement review; inclusion is not completion.
docx_pre.txt,9b70fb41ebbb4f8183e19533facf80df81b1d7ce73bd3a976a2714347d3f11d8,5,本阶段不要训练新模型，不要实现 Feature Bank。,unverified,,Requires contextual requirement-by-requirement review; inclusion is not completion.
docx_pre.txt,9b70fb41ebbb4f8183e19533facf80df81b1d7ce73bd3a976a2714347d3f11d8,6,任务是为后续：,unverified,,Requires contextual requirement-by-requirement review; inclusion is not completion.
docx_pre.txt,9b70fb41ebbb4f8183e19533facf80df81b1d7ce73bd3a976a2714347d3f11d8,8,Feature Bank,unverified,,Requires contextual requirement-by-requirement review; inclusion is not completion.
docx_pre.txt,9b70fb41ebbb4f8183e19533facf80df81b1d7ce73bd3a976a2714347d3f11d8,9,+ Personal Calibration,unverified,,Requires contextual requirement-by-requirement review; inclusion is not completion.
docx_pre.txt,9b70fb41ebbb4f8183e19533facf80df81b1d7ce73bd3a976a2714347d3f11d8,10,+ Session Calibration,unverified,,Requires contextual requirement-by-requirement review; inclusion is not completion.
docx_pre.txt,9b70fb41ebbb4f8183e19533facf80df81b1d7ce73bd3a976a2714347d3f11d8,11,+ Robustness Audit,unverified,,Requires contextual requirement-by-requirement review; inclusion is not completion.
docx_pre.txt,9b70fb41ebbb4f8183e19533facf80df81b1d7ce73bd3a976a2714347d3f11d8,13,建立一套针对真实 failure 的公开 sEMG benchmark suite。,unverified,,Requires contextual requirement-by-requirement review; inclusion is not completion.
docx_pre.txt,9b70fb41ebbb4f8183e19533facf80df81b1d7ce73bd3a976a2714347d3f11d8,15,==================================================,unverified,,Requires contextual requirement-by-requirement review; inclusion is not completion.
docx_pre.txt,9b70fb41ebbb4f8183e19533facf80df81b1d7ce73bd3a976a2714347d3f11d8,16,0. 核心原则,unverified,,Requires contextual requirement-by-requirement review; inclusion is not completion.
docx_pre.txt,9b70fb41ebbb4f8183e19533facf80df81b1d7ce73bd3a976a2714347d3f11d8,17,==================================================,unverified,,Requires contextual requirement-by-requirement review; inclusion is not completion.
docx_pre.txt,9b70fb41ebbb4f8183e19533facf80df81b1d7ce73bd3a976a2714347d3f11d8,19,不要“搜到 EMG dataset 就下载”。,unverified,,Requires contextual requirement-by-requirement review; inclusion is not completion.
docx_pre.txt,9b70fb41ebbb4f8183e19533facf80df81b1d7ce73bd3a976a2714347d3f11d8,21,我们的目标不是数据越多越好，而是：,unverified,,Requires contextual requirement-by-requirement review; inclusion is not completion.
docx_pre.txt,9b70fb41ebbb4f8183e19533facf80df81b1d7ce73bd3a976a2714347d3f11d8,23,每个真实 failure 至少找到一个,unverified,,Requires contextual requirement-by-requirement review; inclusion is not completion.
docx_pre.txt,9b70fb41ebbb4f8183e19533facf80df81b1d7ce73bd3a976a2714347d3f11d8,24,能够真正操纵/标注该 failure 的高质量 benchmark。,unverified,,Requires contextual requirement-by-requirement review; inclusion is not completion.
docx_pre.txt,9b70fb41ebbb4f8183e19533facf80df81b1d7ce73bd3a976a2714347d3f11d8,26,重点 failure：,unverified,,Requires contextual requirement-by-requirement review; inclusion is not completion.
docx_pre.txt,9b70fb41ebbb4f8183e19533facf80df81b1d7ce73bd3a976a2714347d3f11d8,28,F_force,unverified,,Requires contextual requirement-by-requirement review; inclusion is not completion.
docx_pre.txt,9b70fb41ebbb4f8183e19533facf80df81b1d7ce73bd3a976a2714347d3f11d8,29,F_user,unverified,,Requires contextual requirement-by-requirement review; inclusion is not completion.
docx_pre.txt,9b70fb41ebbb4f8183e19533facf80df81b1d7ce73bd3a976a2714347d3f11d8,30,F_day,unverified,,Requires contextual requirement-by-requirement review; inclusion is not completion.
docx_pre.txt,9b70fb41ebbb4f8183e19533facf80df81b1d7ce73bd3a976a2714347d3f11d8,31,F_wearing,unverified,,Requires contextual requirement-by-requirement review; inclusion is not completion.
docx_pre.txt,9b70fb41ebbb4f8183e19533facf80df81b1d7ce73bd3a976a2714347d3f11d8,32,F_posture,unverified,,Requires contextual requirement-by-requirement review; inclusion is not completion.
docx_pre.txt,9b70fb41ebbb4f8183e19533facf80df81b1d7ce73bd3a976a2714347d3f11d8,33,F_speed,unverified,,Requires contextual requirement-by-requirement review; inclusion is not completion.
docx_pre.txt,9b70fb41ebbb4f8183e19533facf80df81b1d7ce73bd3a976a2714347d3f11d8,34,F_quality,unverified,,Requires contextual requirement-by-requirement review; inclusion is not completion.
docx_pre.txt,9b70fb41ebbb4f8183e19533facf80df81b1d7ce73bd3a976a2714347d3f11d8,35,F_interaction,unverified,,Requires contextual requirement-by-requirement review; inclusion is not completion.
docx_pre.txt,9b70fb41ebbb4f8183e19533facf80df81b1d7ce73bd3a976a2714347d3f11d8,37,其中：,unverified,,Requires contextual requirement-by-requirement review; inclusion is not completion.
docx_pre.txt,9b70fb41ebbb4f8183e19533facf80df81b1d7ce73bd3a976a2714347d3f11d8,39,quality 暂时主要使用真实 clean data + synthetic corruption，,unverified,,Requires contextual requirement-by-requirement review; inclusion is not completion.
docx_pre.txt,9b70fb41ebbb4f8183e19533facf80df81b1d7ce73bd3a976a2714347d3f11d8,40,不要求专门下载一个 quality dataset。,unverified,,Requires contextual requirement-by-requirement review; inclusion is not completion.
docx_pre.txt,9b70fb41ebbb4f8183e19533facf80df81b1d7ce73bd3a976a2714347d3f11d8,42,特别注意：,unverified,,Requires contextual requirement-by-requirement review; inclusion is not completion.
docx_pre.txt,9b70fb41ebbb4f8183e19533facf80df81b1d7ce73bd3a976a2714347d3f11d8,44,不同 failure 不是独立的。,unverified,,Requires contextual requirement-by-requirement review; inclusion is not completion.
docx_pre.txt,9b70fb41ebbb4f8183e19533facf80df81b1d7ce73bd3a976a2714347d3f11d8,46,因此优先级最高的数据集有两类：,unverified,,Requires contextual requirement-by-requirement review; inclusion is not completion.
docx_pre.txt,9b70fb41ebbb4f8183e19533facf80df81b1d7ce73bd3a976a2714347d3f11d8,48,A. 单独清晰操纵某一 failure，,unverified,,Requires contextual requirement-by-requirement review; inclusion is not completion.
docx_pre.txt,9b70fb41ebbb4f8183e19533facf80df81b1d7ce73bd3a976a2714347d3f11d8,49,   可以解释机制；,unverified,,Requires contextual requirement-by-requirement review; inclusion is not completion.
docx_pre.txt,9b70fb41ebbb4f8183e19533facf80df81b1d7ce73bd3a976a2714347d3f11d8,51,B. 同时包含多个 nuisance，,unverified,,Requires contextual requirement-by-requirement review; inclusion is not completion.
docx_pre.txt,9b70fb41ebbb4f8183e19533facf80df81b1d7ce73bd3a976a2714347d3f11d8,52,   可以测试 interaction。,unverified,,Requires contextual requirement-by-requirement review; inclusion is not completion.
docx_pre.txt,9b70fb41ebbb4f8183e19533facf80df81b1d7ce73bd3a976a2714347d3f11d8,54,==================================================,unverified,,Requires contextual requirement-by-requirement review; inclusion is not completion.
docx_pre.txt,9b70fb41ebbb4f8183e19533facf80df81b1d7ce73bd3a976a2714347d3f11d8,55,1. 先检查现有 repo,unverified,,Requires contextual requirement-by-requirement review; inclusion is not completion.
docx_pre.txt,9b70fb41ebbb4f8183e19533facf80df81b1d7ce73bd3a976a2714347d3f11d8,56,==================================================,unverified,,Requires contextual requirement-by-requirement review; inclusion is not completion.
docx_pre.txt,9b70fb41ebbb4f8183e19533facf80df81b1d7ce73bd3a976a2714347d3f11d8,58,首先搜索整个 repo：,unverified,,Requires contextual requirement-by-requirement review; inclusion is not completion.
docx_pre.txt,9b70fb41ebbb4f8183e19533facf80df81b1d7ce73bd3a976a2714347d3f11d8,60,README,unverified,,Requires contextual requirement-by-requirement review; inclusion is not completion.
docx_pre.txt,9b70fb41ebbb4f8183e19533facf80df81b1d7ce73bd3a976a2714347d3f11d8,61,configs,unverified,,Requires contextual requirement-by-requirement review; inclusion is not completion.
docx_pre.txt,9b70fb41ebbb4f8183e19533facf80df81b1d7ce73bd3a976a2714347d3f11d8,62,scripts,unverified,,Requires contextual requirement-by-requirement review; inclusion is not completion.
docx_pre.txt,9b70fb41ebbb4f8183e19533facf80df81b1d7ce73bd3a976a2714347d3f11d8,63,reports,unverified,,Requires contextual requirement-by-requirement review; inclusion is not completion.
docx_pre.txt,9b70fb41ebbb4f8183e19533facf80df81b1d7ce73bd3a976a2714347d3f11d8,64,csv,unverified,,Requires contextual requirement-by-requirement review; inclusion is not completion.
docx_pre.txt,9b70fb41ebbb4f8183e19533facf80df81b1d7ce73bd3a976a2714347d3f11d8,65,old experiment paths,unverified,,Requires contextual requirement-by-requirement review; inclusion is not completion.
docx_pre.txt,9b70fb41ebbb4f8183e19533facf80df81b1d7ce73bd3a976a2714347d3f11d8,66,dataset adapters,unverified,,Requires contextual requirement-by-requirement review; inclusion is not completion.
docx_pre.txt,9b70fb41ebbb4f8183e19533facf80df81b1d7ce73bd3a976a2714347d3f11d8,68,确认以前实验实际使用过哪些 dataset。,unverified,,Requires contextual requirement-by-requirement review; inclusion is not completion.
docx_pre.txt,9b70fb41ebbb4f8183e19533facf80df81b1d7ce73bd3a976a2714347d3f11d8,70,尤其必须定位：,unverified,,Requires contextual requirement-by-requirement review; inclusion is not completion.
docx_pre.txt,9b70fb41ebbb4f8183e19533facf80df81b1d7ce73bd3a976a2714347d3f11d8,72,- 当前 DS2 force dataset 的准确来源,unverified,,Requires contextual requirement-by-requirement review; inclusion is not completion.
docx_pre.txt,9b70fb41ebbb4f8183e19533facf80df81b1d7ce73bd3a976a2714347d3f11d8,73,- UniBo-INAIL adapter,unverified,,Requires contextual requirement-by-requirement review; inclusion is not completion.
docx_pre.txt,9b70fb41ebbb4f8183e19533facf80df81b1d7ce73bd3a976a2714347d3f11d8,74,- GrabMyo adapter（如已有）,unverified,,Requires contextual requirement-by-requirement review; inclusion is not completion.
docx_pre.txt,9b70fb41ebbb4f8183e19533facf80df81b1d7ce73bd3a976a2714347d3f11d8,75,- NinaPro adapter（如已有）,unverified,,Requires contextual requirement-by-requirement review; inclusion is not completion.
docx_pre.txt,9b70fb41ebbb4f8183e19533facf80df81b1d7ce73bd3a976a2714347d3f11d8,76,- 旧数据路径配置,unverified,,Requires contextual requirement-by-requirement review; inclusion is not completion.
docx_pre.txt,9b70fb41ebbb4f8183e19533facf80df81b1d7ce73bd3a976a2714347d3f11d8,78,如果历史 DS2 已被用于：,unverified,,Requires contextual requirement-by-requirement review; inclusion is not completion.
docx_pre.txt,9b70fb41ebbb4f8183e19533facf80df81b1d7ce73bd3a976a2714347d3f11d8,79,B0 / X1-H / X2 force experiments，,unverified,,Requires contextual requirement-by-requirement review; inclusion is not completion.
docx_pre.txt,9b70fb41ebbb4f8183e19533facf80df81b1d7ce73bd3a976a2714347d3f11d8,81,则必须下载与旧实验完全相同的 dataset。,unverified,,Requires contextual requirement-by-requirement review; inclusion is not completion.
docx_pre.txt,9b70fb41ebbb4f8183e19533facf80df81b1d7ce73bd3a976a2714347d3f11d8,83,禁止用另一个“类似 force dataset”替换以后，,unverified,,Requires contextual requirement-by-requirement review; inclusion is not completion.
docx_pre.txt,9b70fb41ebbb4f8183e19533facf80df81b1d7ce73bd3a976a2714347d3f11d8,84,声称复现了旧结果。,unverified,,Requires contextual requirement-by-requirement review; inclusion is not completion.
docx_pre.txt,9b70fb41ebbb4f8183e19533facf80df81b1d7ce73bd3a976a2714347d3f11d8,86,建立：,unverified,,Requires contextual requirement-by-requirement review; inclusion is not completion.
docx_pre.txt,9b70fb41ebbb4f8183e19533facf80df81b1d7ce73bd3a976a2714347d3f11d8,88,DATASET_INVENTORY.md,unverified,,Requires contextual requirement-by-requirement review; inclusion is not completion.
docx_pre.txt,9b70fb41ebbb4f8183e19533facf80df81b1d7ce73bd3a976a2714347d3f11d8,90,记录：,unverified,,Requires contextual requirement-by-requirement review; inclusion is not completion.
docx_pre.txt,9b70fb41ebbb4f8183e19533facf80df81b1d7ce73bd3a976a2714347d3f11d8,92,dataset_name,unverified,,Requires contextual requirement-by-requirement review; inclusion is not completion.
docx_pre.txt,9b70fb41ebbb4f8183e19533facf80df81b1d7ce73bd3a976a2714347d3f11d8,93,historical_or_new,unverified,,Requires contextual requirement-by-requirement review; inclusion is not completion.
docx_pre.txt,9b70fb41ebbb4f8183e19533facf80df81b1d7ce73bd3a976a2714347d3f11d8,94,existing_adapter,unverified,,Requires contextual requirement-by-requirement review; inclusion is not completion.
docx_pre.txt,9b70fb41ebbb4f8183e19533facf80df81b1d7ce73bd3a976a2714347d3f11d8,95,existing_results,unverified,,Requires contextual requirement-by-requirement review; inclusion is not completion.
docx_pre.txt,9b70fb41ebbb4f8183e19533facf80df81b1d7ce73bd3a976a2714347d3f11d8,96,local_path_expected,unverified,,Requires contextual requirement-by-requirement review; inclusion is not completion.
docx_pre.txt,9b70fb41ebbb4f8183e19533facf80df81b1d7ce73bd3a976a2714347d3f11d8,97,download_status,unverified,,Requires contextual requirement-by-requirement review; inclusion is not completion.
docx_pre.txt,9b70fb41ebbb4f8183e19533facf80df81b1d7ce73bd3a976a2714347d3f11d8,99,==================================================,unverified,,Requires contextual requirement-by-requirement review; inclusion is not completion.
docx_pre.txt,9b70fb41ebbb4f8183e19533facf80df81b1d7ce73bd3a976a2714347d3f11d8,100,2. Dataset 选择评分体系,unverified,,Requires contextual requirement-by-requirement review; inclusion is not completion.
docx_pre.txt,9b70fb41ebbb4f8183e19533facf80df81b1d7ce73bd3a976a2714347d3f11d8,101,==================================================,unverified,,Requires contextual requirement-by-requirement review; inclusion is not completion.
docx_pre.txt,9b70fb41ebbb4f8183e19533facf80df81b1d7ce73bd3a976a2714347d3f11d8,103,对每个候选 dataset 打分：,unverified,,Requires contextual requirement-by-requirement review; inclusion is not completion.
docx_pre.txt,9b70fb41ebbb4f8183e19533facf80df81b1d7ce73bd3a976a2714347d3f11d8,105,A. Failure relevance 0-5,unverified,,Requires contextual requirement-by-requirement review; inclusion is not completion.
docx_pre.txt,9b70fb41ebbb4f8183e19533facf80df81b1d7ce73bd3a976a2714347d3f11d8,106,   是否真正操纵/标注我们需要的 nuisance？,unverified,,Requires contextual requirement-by-requirement review; inclusion is not completion.
docx_pre.txt,9b70fb41ebbb4f8183e19533facf80df81b1d7ce73bd3a976a2714347d3f11d8,108,B. Product similarity 0-5,unverified,,Requires contextual requirement-by-requirement review; inclusion is not completion.
docx_pre.txt,9b70fb41ebbb4f8183e19533facf80df81b1d7ce73bd3a976a2714347d3f11d8,109,   是否接近：,unverified,,Requires contextual requirement-by-requirement review; inclusion is not completion.
docx_pre.txt,9b70fb41ebbb4f8183e19533facf80df81b1d7ce73bd3a976a2714347d3f11d8,110,   wrist/forearm wearable,unverified,,Requires contextual requirement-by-requirement review; inclusion is not completion.
docx_pre.txt,9b70fb41ebbb4f8183e19533facf80df81b1d7ce73bd3a976a2714347d3f11d8,111,   sparse multichannel,unverified,,Requires contextual requirement-by-requirement review; inclusion is not completion.
docx_pre.txt,9b70fb41ebbb4f8183e19533facf80df81b1d7ce73bd3a976a2714347d3f11d8,112,   8ch ring,unverified,,Requires contextual requirement-by-requirement review; inclusion is not completion.
docx_pre.txt,9b70fb41ebbb4f8183e19533facf80df81b1d7ce73bd3a976a2714347d3f11d8,113,   ~200-2000 Hz,unverified,,Requires contextual requirement-by-requirement review; inclusion is not completion.
docx_pre.txt,9b70fb41ebbb4f8183e19533facf80df81b1d7ce73bd3a976a2714347d3f11d8,114,   discrete hand gestures,unverified,,Requires contextual requirement-by-requirement review; inclusion is not completion.
docx_pre.txt,9b70fb41ebbb4f8183e19533facf80df81b1d7ce73bd3a976a2714347d3f11d8,116,C. Factor isolation 0-5,unverified,,Requires contextual requirement-by-requirement review; inclusion is not completion.
docx_pre.txt,9b70fb41ebbb4f8183e19533facf80df81b1d7ce73bd3a976a2714347d3f11d8,117,   是否可以分离：,unverified,,Requires contextual requirement-by-requirement review; inclusion is not completion.
docx_pre.txt,9b70fb41ebbb4f8183e19533facf80df81b1d7ce73bd3a976a2714347d3f11d8,118,   subject,unverified,,Requires contextual requirement-by-requirement review; inclusion is not completion.
docx_pre.txt,9b70fb41ebbb4f8183e19533facf80df81b1d7ce73bd3a976a2714347d3f11d8,119,   day,unverified,,Requires contextual requirement-by-requirement review; inclusion is not completion.
docx_pre.txt,9b70fb41ebbb4f8183e19533facf80df81b1d7ce73bd3a976a2714347d3f11d8,120,   force,unverified,,Requires contextual requirement-by-requirement review; inclusion is not completion.
docx_pre.txt,9b70fb41ebbb4f8183e19533facf80df81b1d7ce73bd3a976a2714347d3f11d8,121,   posture,unverified,,Requires contextual requirement-by-requirement review; inclusion is not completion.
docx_pre.txt,9b70fb41ebbb4f8183e19533facf80df81b1d7ce73bd3a976a2714347d3f11d8,122,   wearing,unverified,,Requires contextual requirement-by-requirement review; inclusion is not completion.
docx_pre.txt,9b70fb41ebbb4f8183e19533facf80df81b1d7ce73bd3a976a2714347d3f11d8,123,   speed,unverified,,Requires contextual requirement-by-requirement review; inclusion is not completion.
docx_pre.txt,9b70fb41ebbb4f8183e19533facf80df81b1d7ce73bd3a976a2714347d3f11d8,125,D. Interaction value 0-5,unverified,,Requires contextual requirement-by-requirement review; inclusion is not completion.
docx_pre.txt,9b70fb41ebbb4f8183e19533facf80df81b1d7ce73bd3a976a2714347d3f11d8,126,   是否同时包含两个以上因素？,unverified,,Requires contextual requirement-by-requirement review; inclusion is not completion.
docx_pre.txt,9b70fb41ebbb4f8183e19533facf80df81b1d7ce73bd3a976a2714347d3f11d8,128,E. Personal-calibration value 0-5,unverified,,Requires contextual requirement-by-requirement review; inclusion is not completion.
docx_pre.txt,9b70fb41ebbb4f8183e19533facf80df81b1d7ce73bd3a976a2714347d3f11d8,129,   每个 user 是否有足够 repetitions，,unverified,,Requires contextual requirement-by-requirement review; inclusion is not completion.
docx_pre.txt,9b70fb41ebbb4f8183e19533facf80df81b1d7ce73bd3a976a2714347d3f11d8,130,   可以模拟 0/1/2/5-shot？,unverified,,Requires contextual requirement-by-requirement review; inclusion is not completion.
docx_pre.txt,9b70fb41ebbb4f8183e19533facf80df81b1d7ce73bd3a976a2714347d3f11d8,132,F. Raw-data quality 0-5,unverified,,Requires contextual requirement-by-requirement review; inclusion is not completion.
docx_pre.txt,9b70fb41ebbb4f8183e19533facf80df81b1d7ce73bd3a976a2714347d3f11d8,134,G. Accessibility 0-5,unverified,,Requires contextual requirement-by-requirement review; inclusion is not completion.
docx_pre.txt,9b70fb41ebbb4f8183e19533facf80df81b1d7ce73bd3a976a2714347d3f11d8,135,   官方来源 / stable repository / license / size,unverified,,Requires contextual requirement-by-requirement review; inclusion is not completion.
docx_pre.txt,9b70fb41ebbb4f8183e19533facf80df81b1d7ce73bd3a976a2714347d3f11d8,137,H. Compute/storage cost 0-5,unverified,,Requires contextual requirement-by-requirement review; inclusion is not completion.
docx_pre.txt,9b70fb41ebbb4f8183e19533facf80df81b1d7ce73bd3a976a2714347d3f11d8,138,   越容易处理得分越高。,unverified,,Requires contextual requirement-by-requirement review; inclusion is not completion.
docx_pre.txt,9b70fb41ebbb4f8183e19533facf80df81b1d7ce73bd3a976a2714347d3f11d8,140,生成：,unverified,,Requires contextual requirement-by-requirement review; inclusion is not completion.
docx_pre.txt,9b70fb41ebbb4f8183e19533facf80df81b1d7ce73bd3a976a2714347d3f11d8,142,DATASET_CANDIDATES.csv,unverified,,Requires contextual requirement-by-requirement review; inclusion is not completion.
docx_pre.txt,9b70fb41ebbb4f8183e19533facf80df81b1d7ce73bd3a976a2714347d3f11d8,144,至少包含：,unverified,,Requires contextual requirement-by-requirement review; inclusion is not completion.
docx_pre.txt,9b70fb41ebbb4f8183e19533facf80df81b1d7ce73bd3a976a2714347d3f11d8,146,dataset,unverified,,Requires contextual requirement-by-requirement review; inclusion is not completion.
docx_pre.txt,9b70fb41ebbb4f8183e19533facf80df81b1d7ce73bd3a976a2714347d3f11d8,147,failure_targets,unverified,,Requires contextual requirement-by-requirement review; inclusion is not completion.
docx_pre.txt,9b70fb41ebbb4f8183e19533facf80df81b1d7ce73bd3a976a2714347d3f11d8,148,subjects,unverified,,Requires contextual requirement-by-requirement review; inclusion is not completion.
docx_pre.txt,9b70fb41ebbb4f8183e19533facf80df81b1d7ce73bd3a976a2714347d3f11d8,149,sessions,unverified,,Requires contextual requirement-by-requirement review; inclusion is not completion.
docx_pre.txt,9b70fb41ebbb4f8183e19533facf80df81b1d7ce73bd3a976a2714347d3f11d8,150,gestures,unverified,,Requires contextual requirement-by-requirement review; inclusion is not completion.
docx_pre.txt,9b70fb41ebbb4f8183e19533facf80df81b1d7ce73bd3a976a2714347d3f11d8,151,channels,unverified,,Requires contextual requirement-by-requirement review; inclusion is not completion.
docx_pre.txt,9b70fb41ebbb4f8183e19533facf80df81b1d7ce73bd3a976a2714347d3f11d8,152,sampling_rate,unverified,,Requires contextual requirement-by-requirement review; inclusion is not completion.
docx_pre.txt,9b70fb41ebbb4f8183e19533facf80df81b1d7ce73bd3a976a2714347d3f11d8,153,force_conditions,unverified,,Requires contextual requirement-by-requirement review; inclusion is not completion.
docx_pre.txt,9b70fb41ebbb4f8183e19533facf80df81b1d7ce73bd3a976a2714347d3f11d8,154,postures,unverified,,Requires contextual requirement-by-requirement review; inclusion is not completion.
docx_pre.txt,9b70fb41ebbb4f8183e19533facf80df81b1d7ce73bd3a976a2714347d3f11d8,155,wearing_conditions,unverified,,Requires contextual requirement-by-requirement review; inclusion is not completion.
docx_pre.txt,9b70fb41ebbb4f8183e19533facf80df81b1d7ce73bd3a976a2714347d3f11d8,156,speed_conditions,unverified,,Requires contextual requirement-by-requirement review; inclusion is not completion.
docx_pre.txt,9b70fb41ebbb4f8183e19533facf80df81b1d7ce73bd3a976a2714347d3f11d8,157,IMU,unverified,,Requires contextual requirement-by-requirement review; inclusion is not completion.
docx_pre.txt,9b70fb41ebbb4f8183e19533facf80df81b1d7ce73bd3a976a2714347d3f11d8,158,raw_data,unverified,,Requires contextual requirement-by-requirement review; inclusion is not completion.
docx_pre.txt,9b70fb41ebbb4f8183e19533facf80df81b1d7ce73bd3a976a2714347d3f11d8,159,size,unverified,,Requires contextual requirement-by-requirement review; inclusion is not completion.
docx_pre.txt,9b70fb41ebbb4f8183e19533facf80df81b1d7ce73bd3a976a2714347d3f11d8,160,license,unverified,,Requires contextual requirement-by-requirement review; inclusion is not completion.
docx_pre.txt,9b70fb41ebbb4f8183e19533facf80df81b1d7ce73bd3a976a2714347d3f11d8,161,official_source,unverified,,Requires contextual requirement-by-requirement review; inclusion is not completion.
docx_pre.txt,9b70fb41ebbb4f8183e19533facf80df81b1d7ce73bd3a976a2714347d3f11d8,162,download_method,unverified,,Requires contextual requirement-by-requirement review; inclusion is not completion.
docx_pre.txt,9b70fb41ebbb4f8183e19533facf80df81b1d7ce73bd3a976a2714347d3f11d8,163,score,unverified,,Requires contextual requirement-by-requirement review; inclusion is not completion.
docx_pre.txt,9b70fb41ebbb4f8183e19533facf80df81b1d7ce73bd3a976a2714347d3f11d8,164,decision,unverified,,Requires contextual requirement-by-requirement review; inclusion is not completion.
docx_pre.txt,9b70fb41ebbb4f8183e19533facf80df81b1d7ce73bd3a976a2714347d3f11d8,165,reason,unverified,,Requires contextual requirement-by-requirement review; inclusion is not completion.
docx_pre.txt,9b70fb41ebbb4f8183e19533facf80df81b1d7ce73bd3a976a2714347d3f11d8,167,==================================================,unverified,,Requires contextual requirement-by-requirement review; inclusion is not completion.
docx_pre.txt,9b70fb41ebbb4f8183e19533facf80df81b1d7ce73bd3a976a2714347d3f11d8,168,3. 强制研究以下候选,unverified,,Requires contextual requirement-by-requirement review; inclusion is not completion.
docx_pre.txt,9b70fb41ebbb4f8183e19533facf80df81b1d7ce73bd3a976a2714347d3f11d8,169,==================================================,unverified,,Requires contextual requirement-by-requirement review; inclusion is not completion.
docx_pre.txt,9b70fb41ebbb4f8183e19533facf80df81b1d7ce73bd3a976a2714347d3f11d8,171,不要假设下面一定都要下载。,unverified,,Requires contextual requirement-by-requirement review; inclusion is not completion.
docx_pre.txt,9b70fb41ebbb4f8183e19533facf80df81b1d7ce73bd3a976a2714347d3f11d8,173,逐个核实官方 paper / repository / dataset page，,unverified,,Requires contextual requirement-by-requirement review; inclusion is not completion.
docx_pre.txt,9b70fb41ebbb4f8183e19533facf80df81b1d7ce73bd3a976a2714347d3f11d8,174,然后决定：,unverified,,Requires contextual requirement-by-requirement review; inclusion is not completion.
docx_pre.txt,9b70fb41ebbb4f8183e19533facf80df81b1d7ce73bd3a976a2714347d3f11d8,176,MANDATORY,unverified,,Requires contextual requirement-by-requirement review; inclusion is not completion.
docx_pre.txt,9b70fb41ebbb4f8183e19533facf80df81b1d7ce73bd3a976a2714347d3f11d8,177,SECONDARY,unverified,,Requires contextual requirement-by-requirement review; inclusion is not completion.
docx_pre.txt,9b70fb41ebbb4f8183e19533facf80df81b1d7ce73bd3a976a2714347d3f11d8,178,DEFER,unverified,,Requires contextual requirement-by-requirement review; inclusion is not completion.
docx_pre.txt,9b70fb41ebbb4f8183e19533facf80df81b1d7ce73bd3a976a2714347d3f11d8,179,REJECT,unverified,,Requires contextual requirement-by-requirement review; inclusion is not completion.
docx_pre.txt,9b70fb41ebbb4f8183e19533facf80df81b1d7ce73bd3a976a2714347d3f11d8,181,--------------------------------------------------,unverified,,Requires contextual requirement-by-requirement review; inclusion is not completion.
docx_pre.txt,9b70fb41ebbb4f8183e19533facf80df81b1d7ce73bd3a976a2714347d3f11d8,182,A. 历史 DS2 force dataset,unverified,,Requires contextual requirement-by-requirement review; inclusion is not completion.
docx_pre.txt,9b70fb41ebbb4f8183e19533facf80df81b1d7ce73bd3a976a2714347d3f11d8,183,--------------------------------------------------,unverified,,Requires contextual requirement-by-requirement review; inclusion is not completion.
docx_pre.txt,9b70fb41ebbb4f8183e19533facf80df81b1d7ce73bd3a976a2714347d3f11d8,185,目的：,unverified,,Requires contextual requirement-by-requirement review; inclusion is not completion.
docx_pre.txt,9b70fb41ebbb4f8183e19533facf80df81b1d7ce73bd3a976a2714347d3f11d8,187,复现已有：,unverified,,Requires contextual requirement-by-requirement review; inclusion is not completion.
docx_pre.txt,9b70fb41ebbb4f8183e19533facf80df81b1d7ce73bd3a976a2714347d3f11d8,189,B0,unverified,,Requires contextual requirement-by-requirement review; inclusion is not completion.
docx_pre.txt,9b70fb41ebbb4f8183e19533facf80df81b1d7ce73bd3a976a2714347d3f11d8,190,X1-H,unverified,,Requires contextual requirement-by-requirement review; inclusion is not completion.
docx_pre.txt,9b70fb41ebbb4f8183e19533facf80df81b1d7ce73bd3a976a2714347d3f11d8,191,Frequency coordination,unverified,,Requires contextual requirement-by-requirement review; inclusion is not completion.
docx_pre.txt,9b70fb41ebbb4f8183e19533facf80df81b1d7ce73bd3a976a2714347d3f11d8,192,Robust nuisance distance,unverified,,Requires contextual requirement-by-requirement review; inclusion is not completion.
docx_pre.txt,9b70fb41ebbb4f8183e19533facf80df81b1d7ce73bd3a976a2714347d3f11d8,193,X2a/X2b,unverified,,Requires contextual requirement-by-requirement review; inclusion is not completion.
docx_pre.txt,9b70fb41ebbb4f8183e19533facf80df81b1d7ce73bd3a976a2714347d3f11d8,195,必须从 repo/旧报告中找到准确来源。,unverified,,Requires contextual requirement-by-requirement review; inclusion is not completion.
docx_pre.txt,9b70fb41ebbb4f8183e19533facf80df81b1d7ce73bd3a976a2714347d3f11d8,197,确认：,unverified,,Requires contextual requirement-by-requirement review; inclusion is not completion.
docx_pre.txt,9b70fb41ebbb4f8183e19533facf80df81b1d7ce73bd3a976a2714347d3f11d8,199,subjects,unverified,,Requires contextual requirement-by-requirement review; inclusion is not completion.
docx_pre.txt,9b70fb41ebbb4f8183e19533facf80df81b1d7ce73bd3a976a2714347d3f11d8,200,3 force levels,unverified,,Requires contextual requirement-by-requirement review; inclusion is not completion.
docx_pre.txt,9b70fb41ebbb4f8183e19533facf80df81b1d7ce73bd3a976a2714347d3f11d8,201,channels,unverified,,Requires contextual requirement-by-requirement review; inclusion is not completion.
docx_pre.txt,9b70fb41ebbb4f8183e19533facf80df81b1d7ce73bd3a976a2714347d3f11d8,202,gestures,unverified,,Requires contextual requirement-by-requirement review; inclusion is not completion.
docx_pre.txt,9b70fb41ebbb4f8183e19533facf80df81b1d7ce73bd3a976a2714347d3f11d8,203,sampling rate,unverified,,Requires contextual requirement-by-requirement review; inclusion is not completion.
docx_pre.txt,9b70fb41ebbb4f8183e19533facf80df81b1d7ce73bd3a976a2714347d3f11d8,204,file layout,unverified,,Requires contextual requirement-by-requirement review; inclusion is not completion.
docx_pre.txt,9b70fb41ebbb4f8183e19533facf80df81b1d7ce73bd3a976a2714347d3f11d8,206,历史 benchmark 必须下载。,unverified,,Requires contextual requirement-by-requirement review; inclusion is not completion.
docx_pre.txt,9b70fb41ebbb4f8183e19533facf80df81b1d7ce73bd3a976a2714347d3f11d8,208,角色：,unverified,,Requires contextual requirement-by-requirement review; inclusion is not completion.
docx_pre.txt,9b70fb41ebbb4f8183e19533facf80df81b1d7ce73bd3a976a2714347d3f11d8,210,HISTORICAL FORCE BENCHMARK,unverified,,Requires contextual requirement-by-requirement review; inclusion is not completion.
docx_pre.txt,9b70fb41ebbb4f8183e19533facf80df81b1d7ce73bd3a976a2714347d3f11d8,212,--------------------------------------------------,unverified,,Requires contextual requirement-by-requirement review; inclusion is not completion.
docx_pre.txt,9b70fb41ebbb4f8183e19533facf80df81b1d7ce73bd3a976a2714347d3f11d8,213,B. LibEMG Contraction Intensity dataset,unverified,,Requires contextual requirement-by-requirement review; inclusion is not completion.
docx_pre.txt,9b70fb41ebbb4f8183e19533facf80df81b1d7ce73bd3a976a2714347d3f11d8,214,--------------------------------------------------,unverified,,Requires contextual requirement-by-requirement review; inclusion is not completion.
docx_pre.txt,9b70fb41ebbb4f8183e19533facf80df81b1d7ce73bd3a976a2714347d3f11d8,216,寻找 LibEMG 官方 dataset registry 中：,unverified,,Requires contextual requirement-by-requirement review; inclusion is not completion.
docx_pre.txt,9b70fb41ebbb4f8183e19533facf80df81b1d7ce73bd3a976a2714347d3f11d8,218,Contraction Intensity dataset,unverified,,Requires contextual requirement-by-requirement review; inclusion is not completion.
docx_pre.txt,9b70fb41ebbb4f8183e19533facf80df81b1d7ce73bd3a976a2714347d3f11d8,220,核实：,unverified,,Requires contextual requirement-by-requirement review; inclusion is not completion.
docx_pre.txt,9b70fb41ebbb4f8183e19533facf80df81b1d7ce73bd3a976a2714347d3f11d8,222,约 10 participants,unverified,,Requires contextual requirement-by-requirement review; inclusion is not completion.
docx_pre.txt,9b70fb41ebbb4f8183e19533facf80df81b1d7ce73bd3a976a2714347d3f11d8,223,8 EMG channels,unverified,,Requires contextual requirement-by-requirement review; inclusion is not completion.
docx_pre.txt,9b70fb41ebbb4f8183e19533facf80df81b1d7ce73bd3a976a2714347d3f11d8,224,~1000 Hz,unverified,,Requires contextual requirement-by-requirement review; inclusion is not completion.
docx_pre.txt,9b70fb41ebbb4f8183e19533facf80df81b1d7ce73bd3a976a2714347d3f11d8,225,7 gestures,unverified,,Requires contextual requirement-by-requirement review; inclusion is not completion.
docx_pre.txt,9b70fb41ebbb4f8183e19533facf80df81b1d7ce73bd3a976a2714347d3f11d8,226,multiple force/intensity levels,unverified,,Requires contextual requirement-by-requirement review; inclusion is not completion.
docx_pre.txt,9b70fb41ebbb4f8183e19533facf80df81b1d7ce73bd3a976a2714347d3f11d8,228,目的：,unverified,,Requires contextual requirement-by-requirement review; inclusion is not completion.
docx_pre.txt,9b70fb41ebbb4f8183e19533facf80df81b1d7ce73bd3a976a2714347d3f11d8,230,作为比旧 DS2 更接近,unverified,,Requires contextual requirement-by-requirement review; inclusion is not completion.
docx_pre.txt,9b70fb41ebbb4f8183e19533facf80df81b1d7ce73bd3a976a2714347d3f11d8,231,“多通道 wearable force robustness”,unverified,,Requires contextual requirement-by-requirement review; inclusion is not completion.
docx_pre.txt,9b70fb41ebbb4f8183e19533facf80df81b1d7ce73bd3a976a2714347d3f11d8,232,的新 benchmark。,unverified,,Requires contextual requirement-by-requirement review; inclusion is not completion.
docx_pre.txt,9b70fb41ebbb4f8183e19533facf80df81b1d7ce73bd3a976a2714347d3f11d8,234,重点判断：,unverified,,Requires contextual requirement-by-requirement review; inclusion is not completion.
docx_pre.txt,9b70fb41ebbb4f8183e19533facf80df81b1d7ce73bd3a976a2714347d3f11d8,236,它是否有明确 force protocol？,unverified,,Requires contextual requirement-by-requirement review; inclusion is not completion.
docx_pre.txt,9b70fb41ebbb4f8183e19533facf80df81b1d7ce73bd3a976a2714347d3f11d8,237,force 是否为主观/目标 contraction？,unverified,,Requires contextual requirement-by-requirement review; inclusion is not completion.
docx_pre.txt,9b70fb41ebbb4f8183e19533facf80df81b1d7ce73bd3a976a2714347d3f11d8,238,有多少 repetitions？,unverified,,Requires contextual requirement-by-requirement review; inclusion is not completion.
docx_pre.txt,9b70fb41ebbb4f8183e19533facf80df81b1d7ce73bd3a976a2714347d3f11d8,240,如果条件符合：,unverified,,Requires contextual requirement-by-requirement review; inclusion is not completion.
docx_pre.txt,9b70fb41ebbb4f8183e19533facf80df81b1d7ce73bd3a976a2714347d3f11d8,242,优先下载。,unverified,,Requires contextual requirement-by-requirement review; inclusion is not completion.
docx_pre.txt,9b70fb41ebbb4f8183e19533facf80df81b1d7ce73bd3a976a2714347d3f11d8,244,角色：,unverified,,Requires contextual requirement-by-requirement review; inclusion is not completion.
docx_pre.txt,9b70fb41ebbb4f8183e19533facf80df81b1d7ce73bd3a976a2714347d3f11d8,246,PRIMARY FORCE GENERALIZATION,unverified,,Requires contextual requirement-by-requirement review; inclusion is not completion.
docx_pre.txt,9b70fb41ebbb4f8183e19533facf80df81b1d7ce73bd3a976a2714347d3f11d8,248,--------------------------------------------------,unverified,,Requires contextual requirement-by-requirement review; inclusion is not completion.
docx_pre.txt,9b70fb41ebbb4f8183e19533facf80df81b1d7ce73bd3a976a2714347d3f11d8,249,C. LibEMG Electrode Shift dataset,unverified,,Requires contextual requirement-by-requirement review; inclusion is not completion.
docx_pre.txt,9b70fb41ebbb4f8183e19533facf80df81b1d7ce73bd3a976a2714347d3f11d8,250,--------------------------------------------------,unverified,,Requires contextual requirement-by-requirement review; inclusion is not completion.
docx_pre.txt,9b70fb41ebbb4f8183e19533facf80df81b1d7ce73bd3a976a2714347d3f11d8,252,寻找 LibEMG 官方：,unverified,,Requires contextual requirement-by-requirement review; inclusion is not completion.
docx_pre.txt,9b70fb41ebbb4f8183e19533facf80df81b1d7ce73bd3a976a2714347d3f11d8,254,Electrode Shift dataset,unverified,,Requires contextual requirement-by-requirement review; inclusion is not completion.
docx_pre.txt,9b70fb41ebbb4f8183e19533facf80df81b1d7ce73bd3a976a2714347d3f11d8,256,已知候选特征大致为：,unverified,,Requires contextual requirement-by-requirement review; inclusion is not completion.
docx_pre.txt,9b70fb41ebbb4f8183e19533facf80df81b1d7ce73bd3a976a2714347d3f11d8,258,21 participants,unverified,,Requires contextual requirement-by-requirement review; inclusion is not completion.
docx_pre.txt,9b70fb41ebbb4f8183e19533facf80df81b1d7ce73bd3a976a2714347d3f11d8,259,8-channel Myo armband,unverified,,Requires contextual requirement-by-requirement review; inclusion is not completion.
docx_pre.txt,9b70fb41ebbb4f8183e19533facf80df81b1d7ce73bd3a976a2714347d3f11d8,260,200 Hz,unverified,,Requires contextual requirement-by-requirement review; inclusion is not completion.
docx_pre.txt,9b70fb41ebbb4f8183e19533facf80df81b1d7ce73bd3a976a2714347d3f11d8,262,但必须自行验证官方 metadata。,unverified,,Requires contextual requirement-by-requirement review; inclusion is not completion.
docx_pre.txt,9b70fb41ebbb4f8183e19533facf80df81b1d7ce73bd3a976a2714347d3f11d8,264,这是当前非常重要的数据集。,unverified,,Requires contextual requirement-by-requirement review; inclusion is not completion.
docx_pre.txt,9b70fb41ebbb4f8183e19533facf80df81b1d7ce73bd3a976a2714347d3f11d8,266,目的：,unverified,,Requires contextual requirement-by-requirement review; inclusion is not completion.
docx_pre.txt,9b70fb41ebbb4f8183e19533facf80df81b1d7ce73bd3a976a2714347d3f11d8,268,直接测试：,unverified,,Requires contextual requirement-by-requirement review; inclusion is not completion.
docx_pre.txt,9b70fb41ebbb4f8183e19533facf80df81b1d7ce73bd3a976a2714347d3f11d8,270,electrode shift,unverified,,Requires contextual requirement-by-requirement review; inclusion is not completion.
docx_pre.txt,9b70fb41ebbb4f8183e19533facf80df81b1d7ce73bd3a976a2714347d3f11d8,271,channel topology drift,unverified,,Requires contextual requirement-by-requirement review; inclusion is not completion.
docx_pre.txt,9b70fb41ebbb4f8183e19533facf80df81b1d7ce73bd3a976a2714347d3f11d8,272,wearing robustness,unverified,,Requires contextual requirement-by-requirement review; inclusion is not completion.
docx_pre.txt,9b70fb41ebbb4f8183e19533facf80df81b1d7ce73bd3a976a2714347d3f11d8,273,RLCS,unverified,,Requires contextual requirement-by-requirement review; inclusion is not completion.
docx_pre.txt,9b70fb41ebbb4f8183e19533facf80df81b1d7ce73bd3a976a2714347d3f11d8,274,ring covariance,unverified,,Requires contextual requirement-by-requirement review; inclusion is not completion.
docx_pre.txt,9b70fb41ebbb4f8183e19533facf80df81b1d7ce73bd3a976a2714347d3f11d8,275,personal/session calibration,unverified,,Requires contextual requirement-by-requirement review; inclusion is not completion.
docx_pre.txt,9b70fb41ebbb4f8183e19533facf80df81b1d7ce73bd3a976a2714347d3f11d8,277,优先级：,unverified,,Requires contextual requirement-by-requirement review; inclusion is not completion.
docx_pre.txt,9b70fb41ebbb4f8183e19533facf80df81b1d7ce73bd3a976a2714347d3f11d8,279,VERY HIGH,unverified,,Requires contextual requirement-by-requirement review; inclusion is not completion.
docx_pre.txt,9b70fb41ebbb4f8183e19533facf80df81b1d7ce73bd3a976a2714347d3f11d8,281,如果可以正常获取：,unverified,,Requires contextual requirement-by-requirement review; inclusion is not completion.
docx_pre.txt,9b70fb41ebbb4f8183e19533facf80df81b1d7ce73bd3a976a2714347d3f11d8,282,必须下载。,unverified,,Requires contextual requirement-by-requirement review; inclusion is not completion.
docx_pre.txt,9b70fb41ebbb4f8183e19533facf80df81b1d7ce73bd3a976a2714347d3f11d8,284,角色：,unverified,,Requires contextual requirement-by-requirement review; inclusion is not completion.
docx_pre.txt,9b70fb41ebbb4f8183e19533facf80df81b1d7ce73bd3a976a2714347d3f11d8,286,PRIMARY WEARING BENCHMARK,unverified,,Requires contextual requirement-by-requirement review; inclusion is not completion.
docx_pre.txt,9b70fb41ebbb4f8183e19533facf80df81b1d7ce73bd3a976a2714347d3f11d8,288,--------------------------------------------------,unverified,,Requires contextual requirement-by-requirement review; inclusion is not completion.
docx_pre.txt,9b70fb41ebbb4f8183e19533facf80df81b1d7ce73bd3a976a2714347d3f11d8,289,D. UniBo-INAIL,unverified,,Requires contextual requirement-by-requirement review; inclusion is not completion.
docx_pre.txt,9b70fb41ebbb4f8183e19533facf80df81b1d7ce73bd3a976a2714347d3f11d8,290,--------------------------------------------------,unverified,,Requires contextual requirement-by-requirement review; inclusion is not completion.
docx_pre.txt,9b70fb41ebbb4f8183e19533facf80df81b1d7ce73bd3a976a2714347d3f11d8,292,寻找官方 GitHub / publication。,unverified,,Requires contextual requirement-by-requirement review; inclusion is not completion.
docx_pre.txt,9b70fb41ebbb4f8183e19533facf80df81b1d7ce73bd3a976a2714347d3f11d8,294,核实：,unverified,,Requires contextual requirement-by-requirement review; inclusion is not completion.
docx_pre.txt,9b70fb41ebbb4f8183e19533facf80df81b1d7ce73bd3a976a2714347d3f11d8,296,7 subjects,unverified,,Requires contextual requirement-by-requirement review; inclusion is not completion.
docx_pre.txt,9b70fb41ebbb4f8183e19533facf80df81b1d7ce73bd3a976a2714347d3f11d8,297,8 acquisition days/sessions,unverified,,Requires contextual requirement-by-requirement review; inclusion is not completion.
docx_pre.txt,9b70fb41ebbb4f8183e19533facf80df81b1d7ce73bd3a976a2714347d3f11d8,298,4 arm postures,unverified,,Requires contextual requirement-by-requirement review; inclusion is not completion.
docx_pre.txt,9b70fb41ebbb4f8183e19533facf80df81b1d7ce73bd3a976a2714347d3f11d8,299,4-channel sEMG,unverified,,Requires contextual requirement-by-requirement review; inclusion is not completion.
docx_pre.txt,9b70fb41ebbb4f8183e19533facf80df81b1d7ce73bd3a976a2714347d3f11d8,300,6 gesture classes,unverified,,Requires contextual requirement-by-requirement review; inclusion is not completion.
docx_pre.txt,9b70fb41ebbb4f8183e19533facf80df81b1d7ce73bd3a976a2714347d3f11d8,302,这是很重要的 factorial benchmark。,unverified,,Requires contextual requirement-by-requirement review; inclusion is not completion.
docx_pre.txt,9b70fb41ebbb4f8183e19533facf80df81b1d7ce73bd3a976a2714347d3f11d8,304,它可以同时验证：,unverified,,Requires contextual requirement-by-requirement review; inclusion is not completion.
docx_pre.txt,9b70fb41ebbb4f8183e19533facf80df81b1d7ce73bd3a976a2714347d3f11d8,306,cross-day,unverified,,Requires contextual requirement-by-requirement review; inclusion is not completion.
docx_pre.txt,9b70fb41ebbb4f8183e19533facf80df81b1d7ce73bd3a976a2714347d3f11d8,307,posture,unverified,,Requires contextual requirement-by-requirement review; inclusion is not completion.
docx_pre.txt,9b70fb41ebbb4f8183e19533facf80df81b1d7ce73bd3a976a2714347d3f11d8,308,subject,unverified,,Requires contextual requirement-by-requirement review; inclusion is not completion.
docx_pre.txt,9b70fb41ebbb4f8183e19533facf80df81b1d7ce73bd3a976a2714347d3f11d8,309,day × posture interaction,unverified,,Requires contextual requirement-by-requirement review; inclusion is not completion.
docx_pre.txt,9b70fb41ebbb4f8183e19533facf80df81b1d7ce73bd3a976a2714347d3f11d8,310,few-shot session calibration,unverified,,Requires contextual requirement-by-requirement review; inclusion is not completion.
docx_pre.txt,9b70fb41ebbb4f8183e19533facf80df81b1d7ce73bd3a976a2714347d3f11d8,312,必须完整下载。,unverified,,Requires contextual requirement-by-requirement review; inclusion is not completion.
docx_pre.txt,9b70fb41ebbb4f8183e19533facf80df81b1d7ce73bd3a976a2714347d3f11d8,314,角色：,unverified,,Requires contextual requirement-by-requirement review; inclusion is not completion.
docx_pre.txt,9b70fb41ebbb4f8183e19533facf80df81b1d7ce73bd3a976a2714347d3f11d8,316,PRIMARY DAY × POSTURE BENCHMARK,unverified,,Requires contextual requirement-by-requirement review; inclusion is not completion.
docx_pre.txt,9b70fb41ebbb4f8183e19533facf80df81b1d7ce73bd3a976a2714347d3f11d8,318,--------------------------------------------------,unverified,,Requires contextual requirement-by-requirement review; inclusion is not completion.
docx_pre.txt,9b70fb41ebbb4f8183e19533facf80df81b1d7ce73bd3a976a2714347d3f11d8,319,E. EMG-EPN612,unverified,,Requires contextual requirement-by-requirement review; inclusion is not completion.
docx_pre.txt,9b70fb41ebbb4f8183e19533facf80df81b1d7ce73bd3a976a2714347d3f11d8,320,--------------------------------------------------,unverified,,Requires contextual requirement-by-requirement review; inclusion is not completion.
docx_pre.txt,9b70fb41ebbb4f8183e19533facf80df81b1d7ce73bd3a976a2714347d3f11d8,322,寻找官方 Zenodo / original project page。,unverified,,Requires contextual requirement-by-requirement review; inclusion is not completion.
docx_pre.txt,9b70fb41ebbb4f8183e19533facf80df81b1d7ce73bd3a976a2714347d3f11d8,324,核实：,unverified,,Requires contextual requirement-by-requirement review; inclusion is not completion.
docx_pre.txt,9b70fb41ebbb4f8183e19533facf80df81b1d7ce73bd3a976a2714347d3f11d8,326,612 users,unverified,,Requires contextual requirement-by-requirement review; inclusion is not completion.
docx_pre.txt,9b70fb41ebbb4f8183e19533facf80df81b1d7ce73bd3a976a2714347d3f11d8,327,Myo armband,unverified,,Requires contextual requirement-by-requirement review; inclusion is not completion.
docx_pre.txt,9b70fb41ebbb4f8183e19533facf80df81b1d7ce73bd3a976a2714347d3f11d8,328,8 EMG channels,unverified,,Requires contextual requirement-by-requirement review; inclusion is not completion.
docx_pre.txt,9b70fb41ebbb4f8183e19533facf80df81b1d7ce73bd3a976a2714347d3f11d8,329,gesture labels,unverified,,Requires contextual requirement-by-requirement review; inclusion is not completion.
docx_pre.txt,9b70fb41ebbb4f8183e19533facf80df81b1d7ce73bd3a976a2714347d3f11d8,330,trial/repetition layout,unverified,,Requires contextual requirement-by-requirement review; inclusion is not completion.
docx_pre.txt,9b70fb41ebbb4f8183e19533facf80df81b1d7ce73bd3a976a2714347d3f11d8,331,是否包含 IMU,unverified,,Requires contextual requirement-by-requirement review; inclusion is not completion.
docx_pre.txt,9b70fb41ebbb4f8183e19533facf80df81b1d7ce73bd3a976a2714347d3f11d8,333,这是重要的 cross-user benchmark。,unverified,,Requires contextual requirement-by-requirement review; inclusion is not completion.
docx_pre.txt,9b70fb41ebbb4f8183e19533facf80df81b1d7ce73bd3a976a2714347d3f11d8,335,不要因为 612 人而一开始就全部做重预处理。,unverified,,Requires contextual requirement-by-requirement review; inclusion is not completion.
docx_pre.txt,9b70fb41ebbb4f8183e19533facf80df81b1d7ce73bd3a976a2714347d3f11d8,337,先确认下载大小和格式。,unverified,,Requires contextual requirement-by-requirement review; inclusion is not completion.
docx_pre.txt,9b70fb41ebbb4f8183e19533facf80df81b1d7ce73bd3a976a2714347d3f11d8,339,若约几个 GB 量级，可完整下载。,unverified,,Requires contextual requirement-by-requirement review; inclusion is not completion.
docx_pre.txt,9b70fb41ebbb4f8183e19533facf80df81b1d7ce73bd3a976a2714347d3f11d8,341,主要用于：,unverified,,Requires contextual requirement-by-requirement review; inclusion is not completion.
docx_pre.txt,9b70fb41ebbb4f8183e19533facf80df81b1d7ce73bd3a976a2714347d3f11d8,343,cross-user,unverified,,Requires contextual requirement-by-requirement review; inclusion is not completion.
docx_pre.txt,9b70fb41ebbb4f8183e19533facf80df81b1d7ce73bd3a976a2714347d3f11d8,344,personal calibration,unverified,,Requires contextual requirement-by-requirement review; inclusion is not completion.
docx_pre.txt,9b70fb41ebbb4f8183e19533facf80df81b1d7ce73bd3a976a2714347d3f11d8,345,few-shot,unverified,,Requires contextual requirement-by-requirement review; inclusion is not completion.
docx_pre.txt,9b70fb41ebbb4f8183e19533facf80df81b1d7ce73bd3a976a2714347d3f11d8,346,Personal Anchor,unverified,,Requires contextual requirement-by-requirement review; inclusion is not completion.
docx_pre.txt,9b70fb41ebbb4f8183e19533facf80df81b1d7ce73bd3a976a2714347d3f11d8,347,population → user adaptation,unverified,,Requires contextual requirement-by-requirement review; inclusion is not completion.
docx_pre.txt,9b70fb41ebbb4f8183e19533facf80df81b1d7ce73bd3a976a2714347d3f11d8,349,特别适合测试：,unverified,,Requires contextual requirement-by-requirement review; inclusion is not completion.
docx_pre.txt,9b70fb41ebbb4f8183e19533facf80df81b1d7ce73bd3a976a2714347d3f11d8,351,0-shot,unverified,,Requires contextual requirement-by-requirement review; inclusion is not completion.
docx_pre.txt,9b70fb41ebbb4f8183e19533facf80df81b1d7ce73bd3a976a2714347d3f11d8,352,1-shot/class,unverified,,Requires contextual requirement-by-requirement review; inclusion is not completion.
docx_pre.txt,9b70fb41ebbb4f8183e19533facf80df81b1d7ce73bd3a976a2714347d3f11d8,353,2-shot/class,unverified,,Requires contextual requirement-by-requirement review; inclusion is not completion.
docx_pre.txt,9b70fb41ebbb4f8183e19533facf80df81b1d7ce73bd3a976a2714347d3f11d8,354,5-shot/class,unverified,,Requires contextual requirement-by-requirement review; inclusion is not completion.
docx_pre.txt,9b70fb41ebbb4f8183e19533facf80df81b1d7ce73bd3a976a2714347d3f11d8,356,角色：,unverified,,Requires contextual requirement-by-requirement review; inclusion is not completion.
docx_pre.txt,9b70fb41ebbb4f8183e19533facf80df81b1d7ce73bd3a976a2714347d3f11d8,358,PRIMARY CROSS-USER / PERSONALIZATION BENCHMARK,unverified,,Requires contextual requirement-by-requirement review; inclusion is not completion.
docx_pre.txt,9b70fb41ebbb4f8183e19533facf80df81b1d7ce73bd3a976a2714347d3f11d8,360,--------------------------------------------------,unverified,,Requires contextual requirement-by-requirement review; inclusion is not completion.
docx_pre.txt,9b70fb41ebbb4f8183e19533facf80df81b1d7ce73bd3a976a2714347d3f11d8,361,F. EMG-FMG loading × limb-position dataset,unverified,,Requires contextual requirement-by-requirement review; inclusion is not completion.
docx_pre.txt,9b70fb41ebbb4f8183e19533facf80df81b1d7ce73bd3a976a2714347d3f11d8,362,--------------------------------------------------,unverified,,Requires contextual requirement-by-requirement review; inclusion is not completion.
docx_pre.txt,9b70fb41ebbb4f8183e19533facf80df81b1d7ce73bd3a976a2714347d3f11d8,364,寻找：,unverified,,Requires contextual requirement-by-requirement review; inclusion is not completion.
docx_pre.txt,9b70fb41ebbb4f8183e19533facf80df81b1d7ce73bd3a976a2714347d3f11d8,366,EMG-FMG-Data,unverified,,Requires contextual requirement-by-requirement review; inclusion is not completion.
docx_pre.txt,9b70fb41ebbb4f8183e19533facf80df81b1d7ce73bd3a976a2714347d3f11d8,367,对应公开 repository / Zenodo / paper。,unverified,,Requires contextual requirement-by-requirement review; inclusion is not completion.
docx_pre.txt,9b70fb41ebbb4f8183e19533facf80df81b1d7ce73bd3a976a2714347d3f11d8,369,核实：,unverified,,Requires contextual requirement-by-requirement review; inclusion is not completion.
docx_pre.txt,9b70fb41ebbb4f8183e19533facf80df81b1d7ce73bd3a976a2714347d3f11d8,371,27 able-bodied participants,unverified,,Requires contextual requirement-by-requirement review; inclusion is not completion.
docx_pre.txt,9b70fb41ebbb4f8183e19533facf80df81b1d7ce73bd3a976a2714347d3f11d8,372,4 hand gestures,unverified,,Requires contextual requirement-by-requirement review; inclusion is not completion.
docx_pre.txt,9b70fb41ebbb4f8183e19533facf80df81b1d7ce73bd3a976a2714347d3f11d8,373,5 loading conditions：,unverified,,Requires contextual requirement-by-requirement review; inclusion is not completion.
docx_pre.txt,9b70fb41ebbb4f8183e19533facf80df81b1d7ce73bd3a976a2714347d3f11d8,374,0 / 250 / 500 / 750 / 1000 g,unverified,,Requires contextual requirement-by-requirement review; inclusion is not completion.
docx_pre.txt,9b70fb41ebbb4f8183e19533facf80df81b1d7ce73bd3a976a2714347d3f11d8,375,8 limb positions,unverified,,Requires contextual requirement-by-requirement review; inclusion is not completion.
docx_pre.txt,9b70fb41ebbb4f8183e19533facf80df81b1d7ce73bd3a976a2714347d3f11d8,377,同时包含 EMG 和 FMG。,unverified,,Requires contextual requirement-by-requirement review; inclusion is not completion.
docx_pre.txt,9b70fb41ebbb4f8183e19533facf80df81b1d7ce73bd3a976a2714347d3f11d8,379,本项目第一阶段只使用 EMG branch，,unverified,,Requires contextual requirement-by-requirement review; inclusion is not completion.
docx_pre.txt,9b70fb41ebbb4f8183e19533facf80df81b1d7ce73bd3a976a2714347d3f11d8,380,FMG 保留但不能混入 EMG-only benchmark。,unverified,,Requires contextual requirement-by-requirement review; inclusion is not completion.
docx_pre.txt,9b70fb41ebbb4f8183e19533facf80df81b1d7ce73bd3a976a2714347d3f11d8,382,非常重要：,unverified,,Requires contextual requirement-by-requirement review; inclusion is not completion.
docx_pre.txt,9b70fb41ebbb4f8183e19533facf80df81b1d7ce73bd3a976a2714347d3f11d8,384,外部 load != voluntary contraction level。,unverified,,Requires contextual requirement-by-requirement review; inclusion is not completion.
docx_pre.txt,9b70fb41ebbb4f8183e19533facf80df81b1d7ce73bd3a976a2714347d3f11d8,386,不要把它和 DS2 force 完全等价。,unverified,,Requires contextual requirement-by-requirement review; inclusion is not completion.
docx_pre.txt,9b70fb41ebbb4f8183e19533facf80df81b1d7ce73bd3a976a2714347d3f11d8,388,它的价值是研究：,unverified,,Requires contextual requirement-by-requirement review; inclusion is not completion.
docx_pre.txt,9b70fb41ebbb4f8183e19533facf80df81b1d7ce73bd3a976a2714347d3f11d8,390,load × posture,unverified,,Requires contextual requirement-by-requirement review; inclusion is not completion.
docx_pre.txt,9b70fb41ebbb4f8183e19533facf80df81b1d7ce73bd3a976a2714347d3f11d8,391,gesture × load,unverified,,Requires contextual requirement-by-requirement review; inclusion is not completion.
docx_pre.txt,9b70fb41ebbb4f8183e19533facf80df81b1d7ce73bd3a976a2714347d3f11d8,392,posture × load,unverified,,Requires contextual requirement-by-requirement review; inclusion is not completion.
docx_pre.txt,9b70fb41ebbb4f8183e19533facf80df81b1d7ce73bd3a976a2714347d3f11d8,393,subject × load,unverified,,Requires contextual requirement-by-requirement review; inclusion is not completion.
docx_pre.txt,9b70fb41ebbb4f8183e19533facf80df81b1d7ce73bd3a976a2714347d3f11d8,395,这种 interaction。,unverified,,Requires contextual requirement-by-requirement review; inclusion is not completion.
docx_pre.txt,9b70fb41ebbb4f8183e19533facf80df81b1d7ce73bd3a976a2714347d3f11d8,397,如果大小合理：,unverified,,Requires contextual requirement-by-requirement review; inclusion is not completion.
docx_pre.txt,9b70fb41ebbb4f8183e19533facf80df81b1d7ce73bd3a976a2714347d3f11d8,398,优先完整下载。,unverified,,Requires contextual requirement-by-requirement review; inclusion is not completion.
docx_pre.txt,9b70fb41ebbb4f8183e19533facf80df81b1d7ce73bd3a976a2714347d3f11d8,400,角色：,unverified,,Requires contextual requirement-by-requirement review; inclusion is not completion.
docx_pre.txt,9b70fb41ebbb4f8183e19533facf80df81b1d7ce73bd3a976a2714347d3f11d8,402,PRIMARY INTERACTION BENCHMARK,unverified,,Requires contextual requirement-by-requirement review; inclusion is not completion.
docx_pre.txt,9b70fb41ebbb4f8183e19533facf80df81b1d7ce73bd3a976a2714347d3f11d8,404,--------------------------------------------------,unverified,,Requires contextual requirement-by-requirement review; inclusion is not completion.
docx_pre.txt,9b70fb41ebbb4f8183e19533facf80df81b1d7ce73bd3a976a2714347d3f11d8,405,G. GREAT / Arm Translation dataset,unverified,,Requires contextual requirement-by-requirement review; inclusion is not completion.
docx_pre.txt,9b70fb41ebbb4f8183e19533facf80df81b1d7ce73bd3a976a2714347d3f11d8,406,--------------------------------------------------,unverified,,Requires contextual requirement-by-requirement review; inclusion is not completion.
docx_pre.txt,9b70fb41ebbb4f8183e19533facf80df81b1d7ce73bd3a976a2714347d3f11d8,408,寻找：,unverified,,Requires contextual requirement-by-requirement review; inclusion is not completion.
docx_pre.txt,9b70fb41ebbb4f8183e19533facf80df81b1d7ce73bd3a976a2714347d3f11d8,410,EMG Dataset for Gesture Recognition with Arm Translation,unverified,,Requires contextual requirement-by-requirement review; inclusion is not completion.
docx_pre.txt,9b70fb41ebbb4f8183e19533facf80df81b1d7ce73bd3a976a2714347d3f11d8,411,(GREAT),unverified,,Requires contextual requirement-by-requirement review; inclusion is not completion.
docx_pre.txt,9b70fb41ebbb4f8183e19533facf80df81b1d7ce73bd3a976a2714347d3f11d8,413,核实：,unverified,,Requires contextual requirement-by-requirement review; inclusion is not completion.
docx_pre.txt,9b70fb41ebbb4f8183e19533facf80df81b1d7ce73bd3a976a2714347d3f11d8,415,8 participants,unverified,,Requires contextual requirement-by-requirement review; inclusion is not completion.
docx_pre.txt,9b70fb41ebbb4f8183e19533facf80df81b1d7ce73bd3a976a2714347d3f11d8,416,6 gestures,unverified,,Requires contextual requirement-by-requirement review; inclusion is not completion.
docx_pre.txt,9b70fb41ebbb4f8183e19533facf80df81b1d7ce73bd3a976a2714347d3f11d8,417,16 EMG channels,unverified,,Requires contextual requirement-by-requirement review; inclusion is not completion.
docx_pre.txt,9b70fb41ebbb4f8183e19533facf80df81b1d7ce73bd3a976a2714347d3f11d8,418,~2 kHz,unverified,,Requires contextual requirement-by-requirement review; inclusion is not completion.
docx_pre.txt,9b70fb41ebbb4f8183e19533facf80df81b1d7ce73bd3a976a2714347d3f11d8,419,multiple arm positions,unverified,,Requires contextual requirement-by-requirement review; inclusion is not completion.
docx_pre.txt,9b70fb41ebbb4f8183e19533facf80df81b1d7ce73bd3a976a2714347d3f11d8,420,2 acquisition days / sessions,unverified,,Requires contextual requirement-by-requirement review; inclusion is not completion.
docx_pre.txt,9b70fb41ebbb4f8183e19533facf80df81b1d7ce73bd3a976a2714347d3f11d8,422,主要用于：,unverified,,Requires contextual requirement-by-requirement review; inclusion is not completion.
docx_pre.txt,9b70fb41ebbb4f8183e19533facf80df81b1d7ce73bd3a976a2714347d3f11d8,424,posture,unverified,,Requires contextual requirement-by-requirement review; inclusion is not completion.
docx_pre.txt,9b70fb41ebbb4f8183e19533facf80df81b1d7ce73bd3a976a2714347d3f11d8,425,arm translation,unverified,,Requires contextual requirement-by-requirement review; inclusion is not completion.
docx_pre.txt,9b70fb41ebbb4f8183e19533facf80df81b1d7ce73bd3a976a2714347d3f11d8,426,posture × day,unverified,,Requires contextual requirement-by-requirement review; inclusion is not completion.
docx_pre.txt,9b70fb41ebbb4f8183e19533facf80df81b1d7ce73bd3a976a2714347d3f11d8,428,与 UniBo 比较。,unverified,,Requires contextual requirement-by-requirement review; inclusion is not completion.
docx_pre.txt,9b70fb41ebbb4f8183e19533facf80df81b1d7ce73bd3a976a2714347d3f11d8,430,如果 UniBo 已经完整覆盖 posture/day，,unverified,,Requires contextual requirement-by-requirement review; inclusion is not completion.
docx_pre.txt,9b70fb41ebbb4f8183e19533facf80df81b1d7ce73bd3a976a2714347d3f11d8,431,GREAT 可以设为 SECONDARY，,unverified,,Requires contextual requirement-by-requirement review; inclusion is not completion.
docx_pre.txt,9b70fb41ebbb4f8183e19533facf80df81b1d7ce73bd3a976a2714347d3f11d8,432,但如果存储不大则仍建议下载。,unverified,,Requires contextual requirement-by-requirement review; inclusion is not completion.
docx_pre.txt,9b70fb41ebbb4f8183e19533facf80df81b1d7ce73bd3a976a2714347d3f11d8,434,角色：,unverified,,Requires contextual requirement-by-requirement review; inclusion is not completion.
docx_pre.txt,9b70fb41ebbb4f8183e19533facf80df81b1d7ce73bd3a976a2714347d3f11d8,436,SECONDARY POSTURE BENCHMARK,unverified,,Requires contextual requirement-by-requirement review; inclusion is not completion.
docx_pre.txt,9b70fb41ebbb4f8183e19533facf80df81b1d7ce73bd3a976a2714347d3f11d8,438,--------------------------------------------------,unverified,,Requires contextual requirement-by-requirement review; inclusion is not completion.
docx_pre.txt,9b70fb41ebbb4f8183e19533facf80df81b1d7ce73bd3a976a2714347d3f11d8,439,H. NinaPro DB6,unverified,,Requires contextual requirement-by-requirement review; inclusion is not completion.
docx_pre.txt,9b70fb41ebbb4f8183e19533facf80df81b1d7ce73bd3a976a2714347d3f11d8,440,--------------------------------------------------,unverified,,Requires contextual requirement-by-requirement review; inclusion is not completion.
docx_pre.txt,9b70fb41ebbb4f8183e19533facf80df81b1d7ce73bd3a976a2714347d3f11d8,442,官方 NinaPro。,unverified,,Requires contextual requirement-by-requirement review; inclusion is not completion.
docx_pre.txt,9b70fb41ebbb4f8183e19533facf80df81b1d7ce73bd3a976a2714347d3f11d8,444,核实：,unverified,,Requires contextual requirement-by-requirement review; inclusion is not completion.
docx_pre.txt,9b70fb41ebbb4f8183e19533facf80df81b1d7ce73bd3a976a2714347d3f11d8,446,10 intact subjects,unverified,,Requires contextual requirement-by-requirement review; inclusion is not completion.
docx_pre.txt,9b70fb41ebbb4f8183e19533facf80df81b1d7ce73bd3a976a2714347d3f11d8,447,7 grasps,unverified,,Requires contextual requirement-by-requirement review; inclusion is not completion.
docx_pre.txt,9b70fb41ebbb4f8183e19533facf80df81b1d7ce73bd3a976a2714347d3f11d8,448,14 Delsys electrodes,unverified,,Requires contextual requirement-by-requirement review; inclusion is not completion.
docx_pre.txt,9b70fb41ebbb4f8183e19533facf80df81b1d7ce73bd3a976a2714347d3f11d8,449,~2 kHz,unverified,,Requires contextual requirement-by-requirement review; inclusion is not completion.
docx_pre.txt,9b70fb41ebbb4f8183e19533facf80df81b1d7ce73bd3a976a2714347d3f11d8,450,12 repetitions,unverified,,Requires contextual requirement-by-requirement review; inclusion is not completion.
docx_pre.txt,9b70fb41ebbb4f8183e19533facf80df81b1d7ce73bd3a976a2714347d3f11d8,451,twice/day,unverified,,Requires contextual requirement-by-requirement review; inclusion is not completion.
docx_pre.txt,9b70fb41ebbb4f8183e19533facf80df81b1d7ce73bd3a976a2714347d3f11d8,452,5 days,unverified,,Requires contextual requirement-by-requirement review; inclusion is not completion.
docx_pre.txt,9b70fb41ebbb4f8183e19533facf80df81b1d7ce73bd3a976a2714347d3f11d8,454,价值：,unverified,,Requires contextual requirement-by-requirement review; inclusion is not completion.
docx_pre.txt,9b70fb41ebbb4f8183e19533facf80df81b1d7ce73bd3a976a2714347d3f11d8,456,repeatability,unverified,,Requires contextual requirement-by-requirement review; inclusion is not completion.
docx_pre.txt,9b70fb41ebbb4f8183e19533facf80df81b1d7ce73bd3a976a2714347d3f11d8,457,cross-day,unverified,,Requires contextual requirement-by-requirement review; inclusion is not completion.
docx_pre.txt,9b70fb41ebbb4f8183e19533facf80df81b1d7ce73bd3a976a2714347d3f11d8,458,morning/afternoon,unverified,,Requires contextual requirement-by-requirement review; inclusion is not completion.
docx_pre.txt,9b70fb41ebbb4f8183e19533facf80df81b1d7ce73bd3a976a2714347d3f11d8,459,session calibration,unverified,,Requires contextual requirement-by-requirement review; inclusion is not completion.
docx_pre.txt,9b70fb41ebbb4f8183e19533facf80df81b1d7ce73bd3a976a2714347d3f11d8,461,不要因为它是 NinaPro 就自动下载所有 NinaPro 数据库。,unverified,,Requires contextual requirement-by-requirement review; inclusion is not completion.
docx_pre.txt,9b70fb41ebbb4f8183e19533facf80df81b1d7ce73bd3a976a2714347d3f11d8,463,只下载 DB6。,unverified,,Requires contextual requirement-by-requirement review; inclusion is not completion.
docx_pre.txt,9b70fb41ebbb4f8183e19533facf80df81b1d7ce73bd3a976a2714347d3f11d8,465,如果下载成本合理：,unverified,,Requires contextual requirement-by-requirement review; inclusion is not completion.
docx_pre.txt,9b70fb41ebbb4f8183e19533facf80df81b1d7ce73bd3a976a2714347d3f11d8,467,SECONDARY / PRIMARY CROSS-DAY BENCHMARK,unverified,,Requires contextual requirement-by-requirement review; inclusion is not completion.
docx_pre.txt,9b70fb41ebbb4f8183e19533facf80df81b1d7ce73bd3a976a2714347d3f11d8,469,--------------------------------------------------,unverified,,Requires contextual requirement-by-requirement review; inclusion is not completion.
docx_pre.txt,9b70fb41ebbb4f8183e19533facf80df81b1d7ce73bd3a976a2714347d3f11d8,470,I. GrabMyo,unverified,,Requires contextual requirement-by-requirement review; inclusion is not completion.
docx_pre.txt,9b70fb41ebbb4f8183e19533facf80df81b1d7ce73bd3a976a2714347d3f11d8,471,--------------------------------------------------,unverified,,Requires contextual requirement-by-requirement review; inclusion is not completion.
docx_pre.txt,9b70fb41ebbb4f8183e19533facf80df81b1d7ce73bd3a976a2714347d3f11d8,473,官方 PhysioNet。,unverified,,Requires contextual requirement-by-requirement review; inclusion is not completion.
docx_pre.txt,9b70fb41ebbb4f8183e19533facf80df81b1d7ce73bd3a976a2714347d3f11d8,475,核实：,unverified,,Requires contextual requirement-by-requirement review; inclusion is not completion.
docx_pre.txt,9b70fb41ebbb4f8183e19533facf80df81b1d7ce73bd3a976a2714347d3f11d8,477,43 participants,unverified,,Requires contextual requirement-by-requirement review; inclusion is not completion.
docx_pre.txt,9b70fb41ebbb4f8183e19533facf80df81b1d7ce73bd3a976a2714347d3f11d8,478,3 sessions,unverified,,Requires contextual requirement-by-requirement review; inclusion is not completion.
docx_pre.txt,9b70fb41ebbb4f8183e19533facf80df81b1d7ce73bd3a976a2714347d3f11d8,479,17 gestures,unverified,,Requires contextual requirement-by-requirement review; inclusion is not completion.
docx_pre.txt,9b70fb41ebbb4f8183e19533facf80df81b1d7ce73bd3a976a2714347d3f11d8,480,7 trials / gesture,unverified,,Requires contextual requirement-by-requirement review; inclusion is not completion.
docx_pre.txt,9b70fb41ebbb4f8183e19533facf80df81b1d7ce73bd3a976a2714347d3f11d8,481,32 recording channels,unverified,,Requires contextual requirement-by-requirement review; inclusion is not completion.
docx_pre.txt,9b70fb41ebbb4f8183e19533facf80df81b1d7ce73bd3a976a2714347d3f11d8,482,2048 Hz,unverified,,Requires contextual requirement-by-requirement review; inclusion is not completion.
docx_pre.txt,9b70fb41ebbb4f8183e19533facf80df81b1d7ce73bd3a976a2714347d3f11d8,484,确认 session 是否为不同 acquisition days，,unverified,,Requires contextual requirement-by-requirement review; inclusion is not completion.
docx_pre.txt,9b70fb41ebbb4f8183e19533facf80df81b1d7ce73bd3a976a2714347d3f11d8,485,以及具体时间间隔。,unverified,,Requires contextual requirement-by-requirement review; inclusion is not completion.
docx_pre.txt,9b70fb41ebbb4f8183e19533facf80df81b1d7ce73bd3a976a2714347d3f11d8,487,价值：,unverified,,Requires contextual requirement-by-requirement review; inclusion is not completion.
docx_pre.txt,9b70fb41ebbb4f8183e19533facf80df81b1d7ce73bd3a976a2714347d3f11d8,489,larger-scale cross-user,unverified,,Requires contextual requirement-by-requirement review; inclusion is not completion.
docx_pre.txt,9b70fb41ebbb4f8183e19533facf80df81b1d7ce73bd3a976a2714347d3f11d8,490,cross-session,unverified,,Requires contextual requirement-by-requirement review; inclusion is not completion.
docx_pre.txt,9b70fb41ebbb4f8183e19533facf80df81b1d7ce73bd3a976a2714347d3f11d8,491,high-density-ish spatial information,unverified,,Requires contextual requirement-by-requirement review; inclusion is not completion.
docx_pre.txt,9b70fb41ebbb4f8183e19533facf80df81b1d7ce73bd3a976a2714347d3f11d8,493,缺点：,unverified,,Requires contextual requirement-by-requirement review; inclusion is not completion.
docx_pre.txt,9b70fb41ebbb4f8183e19533facf80df81b1d7ce73bd3a976a2714347d3f11d8,495,比我们的8ch设备复杂很多。,unverified,,Requires contextual requirement-by-requirement review; inclusion is not completion.
docx_pre.txt,9b70fb41ebbb4f8183e19533facf80df81b1d7ce73bd3a976a2714347d3f11d8,497,因此定位：,unverified,,Requires contextual requirement-by-requirement review; inclusion is not completion.
docx_pre.txt,9b70fb41ebbb4f8183e19533facf80df81b1d7ce73bd3a976a2714347d3f11d8,499,SECONDARY CROSS-DAY / OBSERVABILITY BENCHMARK,unverified,,Requires contextual requirement-by-requirement review; inclusion is not completion.
docx_pre.txt,9b70fb41ebbb4f8183e19533facf80df81b1d7ce73bd3a976a2714347d3f11d8,501,不要在第一轮为了 GrabMyo,unverified,,Requires contextual requirement-by-requirement review; inclusion is not completion.
docx_pre.txt,9b70fb41ebbb4f8183e19533facf80df81b1d7ce73bd3a976a2714347d3f11d8,502,下载不必要的 derivative files。,unverified,,Requires contextual requirement-by-requirement review; inclusion is not completion.
docx_pre.txt,9b70fb41ebbb4f8183e19533facf80df81b1d7ce73bd3a976a2714347d3f11d8,504,--------------------------------------------------,unverified,,Requires contextual requirement-by-requirement review; inclusion is not completion.
docx_pre.txt,9b70fb41ebbb4f8183e19533facf80df81b1d7ce73bd3a976a2714347d3f11d8,505,J. NinaPro DB5,unverified,,Requires contextual requirement-by-requirement review; inclusion is not completion.
docx_pre.txt,9b70fb41ebbb4f8183e19533facf80df81b1d7ce73bd3a976a2714347d3f11d8,506,--------------------------------------------------,unverified,,Requires contextual requirement-by-requirement review; inclusion is not completion.
docx_pre.txt,9b70fb41ebbb4f8183e19533facf80df81b1d7ce73bd3a976a2714347d3f11d8,508,核实：,unverified,,Requires contextual requirement-by-requirement review; inclusion is not completion.
docx_pre.txt,9b70fb41ebbb4f8183e19533facf80df81b1d7ce73bd3a976a2714347d3f11d8,510,10 subjects,unverified,,Requires contextual requirement-by-requirement review; inclusion is not completion.
docx_pre.txt,9b70fb41ebbb4f8183e19533facf80df81b1d7ce73bd3a976a2714347d3f11d8,511,52 movements,unverified,,Requires contextual requirement-by-requirement review; inclusion is not completion.
docx_pre.txt,9b70fb41ebbb4f8183e19533facf80df81b1d7ce73bd3a976a2714347d3f11d8,512,two Myo armbands,unverified,,Requires contextual requirement-by-requirement review; inclusion is not completion.
docx_pre.txt,9b70fb41ebbb4f8183e19533facf80df81b1d7ce73bd3a976a2714347d3f11d8,513,16 EMG channels,unverified,,Requires contextual requirement-by-requirement review; inclusion is not completion.
docx_pre.txt,9b70fb41ebbb4f8183e19533facf80df81b1d7ce73bd3a976a2714347d3f11d8,514,200 Hz,unverified,,Requires contextual requirement-by-requirement review; inclusion is not completion.
docx_pre.txt,9b70fb41ebbb4f8183e19533facf80df81b1d7ce73bd3a976a2714347d3f11d8,515,accelerometer,unverified,,Requires contextual requirement-by-requirement review; inclusion is not completion.
docx_pre.txt,9b70fb41ebbb4f8183e19533facf80df81b1d7ce73bd3a976a2714347d3f11d8,517,它与我们硬件形态较接近。,unverified,,Requires contextual requirement-by-requirement review; inclusion is not completion.
docx_pre.txt,9b70fb41ebbb4f8183e19533facf80df81b1d7ce73bd3a976a2714347d3f11d8,519,价值：,unverified,,Requires contextual requirement-by-requirement review; inclusion is not completion.
docx_pre.txt,9b70fb41ebbb4f8183e19533facf80df81b1d7ce73bd3a976a2714347d3f11d8,521,Myo-like ring topology,unverified,,Requires contextual requirement-by-requirement review; inclusion is not completion.
docx_pre.txt,9b70fb41ebbb4f8183e19533facf80df81b1d7ce73bd3a976a2714347d3f11d8,522,cross-user,unverified,,Requires contextual requirement-by-requirement review; inclusion is not completion.
docx_pre.txt,9b70fb41ebbb4f8183e19533facf80df81b1d7ce73bd3a976a2714347d3f11d8,523,EMG + IMU,unverified,,Requires contextual requirement-by-requirement review; inclusion is not completion.
docx_pre.txt,9b70fb41ebbb4f8183e19533facf80df81b1d7ce73bd3a976a2714347d3f11d8,524,channel-subset experiments,unverified,,Requires contextual requirement-by-requirement review; inclusion is not completion.
docx_pre.txt,9b70fb41ebbb4f8183e19533facf80df81b1d7ce73bd3a976a2714347d3f11d8,526,但没有强 multi-day protocol。,unverified,,Requires contextual requirement-by-requirement review; inclusion is not completion.
docx_pre.txt,9b70fb41ebbb4f8183e19533facf80df81b1d7ce73bd3a976a2714347d3f11d8,528,因此：,unverified,,Requires contextual requirement-by-requirement review; inclusion is not completion.
docx_pre.txt,9b70fb41ebbb4f8183e19533facf80df81b1d7ce73bd3a976a2714347d3f11d8,530,SECONDARY HARDWARE-SIMILARITY BENCHMARK,unverified,,Requires contextual requirement-by-requirement review; inclusion is not completion.
docx_pre.txt,9b70fb41ebbb4f8183e19533facf80df81b1d7ce73bd3a976a2714347d3f11d8,532,--------------------------------------------------,unverified,,Requires contextual requirement-by-requirement review; inclusion is not completion.
docx_pre.txt,9b70fb41ebbb4f8183e19533facf80df81b1d7ce73bd3a976a2714347d3f11d8,533,K. sEMG-MANUS,unverified,,Requires contextual requirement-by-requirement review; inclusion is not completion.
docx_pre.txt,9b70fb41ebbb4f8183e19533facf80df81b1d7ce73bd3a976a2714347d3f11d8,534,--------------------------------------------------,unverified,,Requires contextual requirement-by-requirement review; inclusion is not completion.
docx_pre.txt,9b70fb41ebbb4f8183e19533facf80df81b1d7ce73bd3a976a2714347d3f11d8,536,寻找官方 Zenodo release。,unverified,,Requires contextual requirement-by-requirement review; inclusion is not completion.
docx_pre.txt,9b70fb41ebbb4f8183e19533facf80df81b1d7ce73bd3a976a2714347d3f11d8,538,核实：,unverified,,Requires contextual requirement-by-requirement review; inclusion is not completion.
docx_pre.txt,9b70fb41ebbb4f8183e19533facf80df81b1d7ce73bd3a976a2714347d3f11d8,540,约 18 participant folders,unverified,,Requires contextual requirement-by-requirement review; inclusion is not completion.
docx_pre.txt,9b70fb41ebbb4f8183e19533facf80df81b1d7ce73bd3a976a2714347d3f11d8,541,建议 benchmark cohort ~15 participants,unverified,,Requires contextual requirement-by-requirement review; inclusion is not completion.
docx_pre.txt,9b70fb41ebbb4f8183e19533facf80df81b1d7ce73bd3a976a2714347d3f11d8,542,multiple sessions,unverified,,Requires contextual requirement-by-requirement review; inclusion is not completion.
docx_pre.txt,9b70fb41ebbb4f8183e19533facf80df81b1d7ce73bd3a976a2714347d3f11d8,543,slow / medium / fast,unverified,,Requires contextual requirement-by-requirement review; inclusion is not completion.
docx_pre.txt,9b70fb41ebbb4f8183e19533facf80df81b1d7ce73bd3a976a2714347d3f11d8,544,multiple gestures,unverified,,Requires contextual requirement-by-requirement review; inclusion is not completion.
docx_pre.txt,9b70fb41ebbb4f8183e19533facf80df81b1d7ce73bd3a976a2714347d3f11d8,546,如果 metadata 确认：,unverified,,Requires contextual requirement-by-requirement review; inclusion is not completion.
docx_pre.txt,9b70fb41ebbb4f8183e19533facf80df81b1d7ce73bd3a976a2714347d3f11d8,548,把它作为：,unverified,,Requires contextual requirement-by-requirement review; inclusion is not completion.
docx_pre.txt,9b70fb41ebbb4f8183e19533facf80df81b1d7ce73bd3a976a2714347d3f11d8,550,PRIMARY EXECUTION-SPEED BENCHMARK,unverified,,Requires contextual requirement-by-requirement review; inclusion is not completion.
docx_pre.txt,9b70fb41ebbb4f8183e19533facf80df81b1d7ce73bd3a976a2714347d3f11d8,552,测试：,unverified,,Requires contextual requirement-by-requirement review; inclusion is not completion.
docx_pre.txt,9b70fb41ebbb4f8183e19533facf80df81b1d7ce73bd3a976a2714347d3f11d8,554,slow → medium,unverified,,Requires contextual requirement-by-requirement review; inclusion is not completion.
docx_pre.txt,9b70fb41ebbb4f8183e19533facf80df81b1d7ce73bd3a976a2714347d3f11d8,555,medium → fast,unverified,,Requires contextual requirement-by-requirement review; inclusion is not completion.
docx_pre.txt,9b70fb41ebbb4f8183e19533facf80df81b1d7ce73bd3a976a2714347d3f11d8,556,cross-speed,unverified,,Requires contextual requirement-by-requirement review; inclusion is not completion.
docx_pre.txt,9b70fb41ebbb4f8183e19533facf80df81b1d7ce73bd3a976a2714347d3f11d8,557,speed × session,unverified,,Requires contextual requirement-by-requirement review; inclusion is not completion.
docx_pre.txt,9b70fb41ebbb4f8183e19533facf80df81b1d7ce73bd3a976a2714347d3f11d8,558,speed × subject,unverified,,Requires contextual requirement-by-requirement review; inclusion is not completion.
docx_pre.txt,9b70fb41ebbb4f8183e19533facf80df81b1d7ce73bd3a976a2714347d3f11d8,560,注意：,unverified,,Requires contextual requirement-by-requirement review; inclusion is not completion.
docx_pre.txt,9b70fb41ebbb4f8183e19533facf80df81b1d7ce73bd3a976a2714347d3f11d8,562,不要把 movement speed 和 force 混为一谈。,unverified,,Requires contextual requirement-by-requirement review; inclusion is not completion.
docx_pre.txt,9b70fb41ebbb4f8183e19533facf80df81b1d7ce73bd3a976a2714347d3f11d8,564,--------------------------------------------------,unverified,,Requires contextual requirement-by-requirement review; inclusion is not completion.
docx_pre.txt,9b70fb41ebbb4f8183e19533facf80df81b1d7ce73bd3a976a2714347d3f11d8,565,L. Hyser / HD-sEMG,unverified,,Requires contextual requirement-by-requirement review; inclusion is not completion.
docx_pre.txt,9b70fb41ebbb4f8183e19533facf80df81b1d7ce73bd3a976a2714347d3f11d8,566,--------------------------------------------------,unverified,,Requires contextual requirement-by-requirement review; inclusion is not completion.
docx_pre.txt,9b70fb41ebbb4f8183e19533facf80df81b1d7ce73bd3a976a2714347d3f11d8,568,PhysioNet high-density sEMG dataset。,unverified,,Requires contextual requirement-by-requirement review; inclusion is not completion.
docx_pre.txt,9b70fb41ebbb4f8183e19533facf80df81b1d7ce73bd3a976a2714347d3f11d8,570,它非常大。,unverified,,Requires contextual requirement-by-requirement review; inclusion is not completion.
docx_pre.txt,9b70fb41ebbb4f8183e19533facf80df81b1d7ce73bd3a976a2714347d3f11d8,572,包含：,unverified,,Requires contextual requirement-by-requirement review; inclusion is not completion.
docx_pre.txt,9b70fb41ebbb4f8183e19533facf80df81b1d7ce73bd3a976a2714347d3f11d8,574,20 subjects,unverified,,Requires contextual requirement-by-requirement review; inclusion is not completion.
docx_pre.txt,9b70fb41ebbb4f8183e19533facf80df81b1d7ce73bd3a976a2714347d3f11d8,575,2 separate-day sessions,unverified,,Requires contextual requirement-by-requirement review; inclusion is not completion.
docx_pre.txt,9b70fb41ebbb4f8183e19533facf80df81b1d7ce73bd3a976a2714347d3f11d8,576,256-channel HD-sEMG,unverified,,Requires contextual requirement-by-requirement review; inclusion is not completion.
docx_pre.txt,9b70fb41ebbb4f8183e19533facf80df81b1d7ce73bd3a976a2714347d3f11d8,577,gesture PR data,unverified,,Requires contextual requirement-by-requirement review; inclusion is not completion.
docx_pre.txt,9b70fb41ebbb4f8183e19533facf80df81b1d7ce73bd3a976a2714347d3f11d8,578,以及带真实 force trajectory 的多个子数据集。,unverified,,Requires contextual requirement-by-requirement review; inclusion is not completion.
docx_pre.txt,9b70fb41ebbb4f8183e19533facf80df81b1d7ce73bd3a976a2714347d3f11d8,580,不要直接全量下载,unverified,,Requires contextual requirement-by-requirement review; inclusion is not completion.
docx_pre.txt,9b70fb41ebbb4f8183e19533facf80df81b1d7ce73bd3a976a2714347d3f11d8,581,100+ GB 数据。,unverified,,Requires contextual requirement-by-requirement review; inclusion is not completion.
docx_pre.txt,9b70fb41ebbb4f8183e19533facf80df81b1d7ce73bd3a976a2714347d3f11d8,583,本阶段只做 metadata audit。,unverified,,Requires contextual requirement-by-requirement review; inclusion is not completion.
docx_pre.txt,9b70fb41ebbb4f8183e19533facf80df81b1d7ce73bd3a976a2714347d3f11d8,585,它将来主要用于：,unverified,,Requires contextual requirement-by-requirement review; inclusion is not completion.
docx_pre.txt,9b70fb41ebbb4f8183e19533facf80df81b1d7ce73bd3a976a2714347d3f11d8,587,sensor-information ceiling,unverified,,Requires contextual requirement-by-requirement review; inclusion is not completion.
docx_pre.txt,9b70fb41ebbb4f8183e19533facf80df81b1d7ce73bd3a976a2714347d3f11d8,588,spatial observability,unverified,,Requires contextual requirement-by-requirement review; inclusion is not completion.
docx_pre.txt,9b70fb41ebbb4f8183e19533facf80df81b1d7ce73bd3a976a2714347d3f11d8,589,true force measurements,unverified,,Requires contextual requirement-by-requirement review; inclusion is not completion.
docx_pre.txt,9b70fb41ebbb4f8183e19533facf80df81b1d7ce73bd3a976a2714347d3f11d8,590,sparse-channel simulation,unverified,,Requires contextual requirement-by-requirement review; inclusion is not completion.
docx_pre.txt,9b70fb41ebbb4f8183e19533facf80df81b1d7ce73bd3a976a2714347d3f11d8,591,high-density → 8ch degradation,unverified,,Requires contextual requirement-by-requirement review; inclusion is not completion.
docx_pre.txt,9b70fb41ebbb4f8183e19533facf80df81b1d7ce73bd3a976a2714347d3f11d8,593,如果以后需要，,unverified,,Requires contextual requirement-by-requirement review; inclusion is not completion.
docx_pre.txt,9b70fb41ebbb4f8183e19533facf80df81b1d7ce73bd3a976a2714347d3f11d8,594,只下载对应 subset。,unverified,,Requires contextual requirement-by-requirement review; inclusion is not completion.
docx_pre.txt,9b70fb41ebbb4f8183e19533facf80df81b1d7ce73bd3a976a2714347d3f11d8,596,本阶段：,unverified,,Requires contextual requirement-by-requirement review; inclusion is not completion.
docx_pre.txt,9b70fb41ebbb4f8183e19533facf80df81b1d7ce73bd3a976a2714347d3f11d8,598,DEFER / SUBSET ONLY,unverified,,Requires contextual requirement-by-requirement review; inclusion is not completion.
docx_pre.txt,9b70fb41ebbb4f8183e19533facf80df81b1d7ce73bd3a976a2714347d3f11d8,600,--------------------------------------------------,unverified,,Requires contextual requirement-by-requirement review; inclusion is not completion.
docx_pre.txt,9b70fb41ebbb4f8183e19533facf80df81b1d7ce73bd3a976a2714347d3f11d8,601,M. FORS-EMG,unverified,,Requires contextual requirement-by-requirement review; inclusion is not completion.
docx_pre.txt,9b70fb41ebbb4f8183e19533facf80df81b1d7ce73bd3a976a2714347d3f11d8,602,--------------------------------------------------,unverified,,Requires contextual requirement-by-requirement review; inclusion is not completion.
docx_pre.txt,9b70fb41ebbb4f8183e19533facf80df81b1d7ce73bd3a976a2714347d3f11d8,604,核实：,unverified,,Requires contextual requirement-by-requirement review; inclusion is not completion.
docx_pre.txt,9b70fb41ebbb4f8183e19533facf80df81b1d7ce73bd3a976a2714347d3f11d8,606,19 participants,unverified,,Requires contextual requirement-by-requirement review; inclusion is not completion.
docx_pre.txt,9b70fb41ebbb4f8183e19533facf80df81b1d7ce73bd3a976a2714347d3f11d8,607,12 gestures,unverified,,Requires contextual requirement-by-requirement review; inclusion is not completion.
docx_pre.txt,9b70fb41ebbb4f8183e19533facf80df81b1d7ce73bd3a976a2714347d3f11d8,608,3 forearm orientations,unverified,,Requires contextual requirement-by-requirement review; inclusion is not completion.
docx_pre.txt,9b70fb41ebbb4f8183e19533facf80df81b1d7ce73bd3a976a2714347d3f11d8,609,2 electrode placement regions,unverified,,Requires contextual requirement-by-requirement review; inclusion is not completion.
docx_pre.txt,9b70fb41ebbb4f8183e19533facf80df81b1d7ce73bd3a976a2714347d3f11d8,611,价值：,unverified,,Requires contextual requirement-by-requirement review; inclusion is not completion.
docx_pre.txt,9b70fb41ebbb4f8183e19533facf80df81b1d7ce73bd3a976a2714347d3f11d8,613,orientation,unverified,,Requires contextual requirement-by-requirement review; inclusion is not completion.
docx_pre.txt,9b70fb41ebbb4f8183e19533facf80df81b1d7ce73bd3a976a2714347d3f11d8,614,coarse electrode placement,unverified,,Requires contextual requirement-by-requirement review; inclusion is not completion.
docx_pre.txt,9b70fb41ebbb4f8183e19533facf80df81b1d7ce73bd3a976a2714347d3f11d8,615,posture × placement,unverified,,Requires contextual requirement-by-requirement review; inclusion is not completion.
docx_pre.txt,9b70fb41ebbb4f8183e19533facf80df81b1d7ce73bd3a976a2714347d3f11d8,617,但它并不等价于,unverified,,Requires contextual requirement-by-requirement review; inclusion is not completion.
docx_pre.txt,9b70fb41ebbb4f8183e19533facf80df81b1d7ce73bd3a976a2714347d3f11d8,618,真实 re-donning / small rotational electrode shift。,unverified,,Requires contextual requirement-by-requirement review; inclusion is not completion.
docx_pre.txt,9b70fb41ebbb4f8183e19533facf80df81b1d7ce73bd3a976a2714347d3f11d8,620,因此只有在 LibEMG Electrode Shift 不足时，,unverified,,Requires contextual requirement-by-requirement review; inclusion is not completion.
docx_pre.txt,9b70fb41ebbb4f8183e19533facf80df81b1d7ce73bd3a976a2714347d3f11d8,621,才把它作为补充。,unverified,,Requires contextual requirement-by-requirement review; inclusion is not completion.
docx_pre.txt,9b70fb41ebbb4f8183e19533facf80df81b1d7ce73bd3a976a2714347d3f11d8,623,--------------------------------------------------,unverified,,Requires contextual requirement-by-requirement review; inclusion is not completion.
docx_pre.txt,9b70fb41ebbb4f8183e19533facf80df81b1d7ce73bd3a976a2714347d3f11d8,624,N. electrode re-placement dataset,unverified,,Requires contextual requirement-by-requirement review; inclusion is not completion.
docx_pre.txt,9b70fb41ebbb4f8183e19533facf80df81b1d7ce73bd3a976a2714347d3f11d8,625,--------------------------------------------------,unverified,,Requires contextual requirement-by-requirement review; inclusion is not completion.
docx_pre.txt,9b70fb41ebbb4f8183e19533facf80df81b1d7ce73bd3a976a2714347d3f11d8,627,搜索：,unverified,,Requires contextual requirement-by-requirement review; inclusion is not completion.
docx_pre.txt,9b70fb41ebbb4f8183e19533facf80df81b1d7ce73bd3a976a2714347d3f11d8,629,“Surface electromyogram dataset recorded from forearm,unverified,,Requires contextual requirement-by-requirement review; inclusion is not completion.
docx_pre.txt,9b70fb41ebbb4f8183e19533facf80df81b1d7ce73bd3a976a2714347d3f11d8,630,for 9 hand movements and three electrode array positions”,unverified,,Requires contextual requirement-by-requirement review; inclusion is not completion.
docx_pre.txt,9b70fb41ebbb4f8183e19533facf80df81b1d7ce73bd3a976a2714347d3f11d8,632,核实：,unverified,,Requires contextual requirement-by-requirement review; inclusion is not completion.
docx_pre.txt,9b70fb41ebbb4f8183e19533facf80df81b1d7ce73bd3a976a2714347d3f11d8,634,8-channel,unverified,,Requires contextual requirement-by-requirement review; inclusion is not completion.
docx_pre.txt,9b70fb41ebbb4f8183e19533facf80df81b1d7ce73bd3a976a2714347d3f11d8,635,9 gestures,unverified,,Requires contextual requirement-by-requirement review; inclusion is not completion.
docx_pre.txt,9b70fb41ebbb4f8183e19533facf80df81b1d7ce73bd3a976a2714347d3f11d8,636,3 electrode array positions,unverified,,Requires contextual requirement-by-requirement review; inclusion is not completion.
docx_pre.txt,9b70fb41ebbb4f8183e19533facf80df81b1d7ce73bd3a976a2714347d3f11d8,638,如果 metadata 清晰，,unverified,,Requires contextual requirement-by-requirement review; inclusion is not completion.
docx_pre.txt,9b70fb41ebbb4f8183e19533facf80df81b1d7ce73bd3a976a2714347d3f11d8,639,而且大小约数百 MB，,unverified,,Requires contextual requirement-by-requirement review; inclusion is not completion.
docx_pre.txt,9b70fb41ebbb4f8183e19533facf80df81b1d7ce73bd3a976a2714347d3f11d8,641,建议下载。,unverified,,Requires contextual requirement-by-requirement review; inclusion is not completion.
docx_pre.txt,9b70fb41ebbb4f8183e19533facf80df81b1d7ce73bd3a976a2714347d3f11d8,643,它可作为：,unverified,,Requires contextual requirement-by-requirement review; inclusion is not completion.
docx_pre.txt,9b70fb41ebbb4f8183e19533facf80df81b1d7ce73bd3a976a2714347d3f11d8,645,SECONDARY CONTROLLED ELECTRODE-PLACEMENT BENCHMARK,unverified,,Requires contextual requirement-by-requirement review; inclusion is not completion.
docx_pre.txt,9b70fb41ebbb4f8183e19533facf80df81b1d7ce73bd3a976a2714347d3f11d8,647,特别适合和 LibEMG DS4 交叉验证 RLCS。,unverified,,Requires contextual requirement-by-requirement review; inclusion is not completion.
docx_pre.txt,9b70fb41ebbb4f8183e19533facf80df81b1d7ce73bd3a976a2714347d3f11d8,649,==================================================,unverified,,Requires contextual requirement-by-requirement review; inclusion is not completion.
docx_pre.txt,9b70fb41ebbb4f8183e19533facf80df81b1d7ce73bd3a976a2714347d3f11d8,650,4. Failure → Benchmark 映射,unverified,,Requires contextual requirement-by-requirement review; inclusion is not completion.
docx_pre.txt,9b70fb41ebbb4f8183e19533facf80df81b1d7ce73bd3a976a2714347d3f11d8,651,==================================================,unverified,,Requires contextual requirement-by-requirement review; inclusion is not completion.
docx_pre.txt,9b70fb41ebbb4f8183e19533facf80df81b1d7ce73bd3a976a2714347d3f11d8,653,最终必须形成类似：,unverified,,Requires contextual requirement-by-requirement review; inclusion is not completion.
docx_pre.txt,9b70fb41ebbb4f8183e19533facf80df81b1d7ce73bd3a976a2714347d3f11d8,655,FAILURE_BENCHMARK_MATRIX.md,unverified,,Requires contextual requirement-by-requirement review; inclusion is not completion.
docx_pre.txt,9b70fb41ebbb4f8183e19533facf80df81b1d7ce73bd3a976a2714347d3f11d8,657,目标结构：,unverified,,Requires contextual requirement-by-requirement review; inclusion is not completion.
docx_pre.txt,9b70fb41ebbb4f8183e19533facf80df81b1d7ce73bd3a976a2714347d3f11d8,659,--------------------------------,unverified,,Requires contextual requirement-by-requirement review; inclusion is not completion.
docx_pre.txt,9b70fb41ebbb4f8183e19533facf80df81b1d7ce73bd3a976a2714347d3f11d8,660,FORCE,unverified,,Requires contextual requirement-by-requirement review; inclusion is not completion.
docx_pre.txt,9b70fb41ebbb4f8183e19533facf80df81b1d7ce73bd3a976a2714347d3f11d8,661,--------------------------------,unverified,,Requires contextual requirement-by-requirement review; inclusion is not completion.
docx_pre.txt,9b70fb41ebbb4f8183e19533facf80df81b1d7ce73bd3a976a2714347d3f11d8,663,Historical:,unverified,,Requires contextual requirement-by-requirement review; inclusion is not completion.
docx_pre.txt,9b70fb41ebbb4f8183e19533facf80df81b1d7ce73bd3a976a2714347d3f11d8,664,旧 DS2,unverified,,Requires contextual requirement-by-requirement review; inclusion is not completion.
docx_pre.txt,9b70fb41ebbb4f8183e19533facf80df81b1d7ce73bd3a976a2714347d3f11d8,666,Primary:,unverified,,Requires contextual requirement-by-requirement review; inclusion is not completion.
docx_pre.txt,9b70fb41ebbb4f8183e19533facf80df81b1d7ce73bd3a976a2714347d3f11d8,667,LibEMG Contraction Intensity,unverified,,Requires contextual requirement-by-requirement review; inclusion is not completion.
docx_pre.txt,9b70fb41ebbb4f8183e19533facf80df81b1d7ce73bd3a976a2714347d3f11d8,669,Interaction:,unverified,,Requires contextual requirement-by-requirement review; inclusion is not completion.
docx_pre.txt,9b70fb41ebbb4f8183e19533facf80df81b1d7ce73bd3a976a2714347d3f11d8,670,EMG-FMG load conditions,unverified,,Requires contextual requirement-by-requirement review; inclusion is not completion.
docx_pre.txt,9b70fb41ebbb4f8183e19533facf80df81b1d7ce73bd3a976a2714347d3f11d8,672,Future/ground-truth:,unverified,,Requires contextual requirement-by-requirement review; inclusion is not completion.
docx_pre.txt,9b70fb41ebbb4f8183e19533facf80df81b1d7ce73bd3a976a2714347d3f11d8,673,Hyser force subset,unverified,,Requires contextual requirement-by-requirement review; inclusion is not completion.
docx_pre.txt,9b70fb41ebbb4f8183e19533facf80df81b1d7ce73bd3a976a2714347d3f11d8,675,--------------------------------,unverified,,Requires contextual requirement-by-requirement review; inclusion is not completion.
docx_pre.txt,9b70fb41ebbb4f8183e19533facf80df81b1d7ce73bd3a976a2714347d3f11d8,676,WEARING / ELECTRODE SHIFT,unverified,,Requires contextual requirement-by-requirement review; inclusion is not completion.
docx_pre.txt,9b70fb41ebbb4f8183e19533facf80df81b1d7ce73bd3a976a2714347d3f11d8,677,--------------------------------,unverified,,Requires contextual requirement-by-requirement review; inclusion is not completion.
docx_pre.txt,9b70fb41ebbb4f8183e19533facf80df81b1d7ce73bd3a976a2714347d3f11d8,679,Primary:,unverified,,Requires contextual requirement-by-requirement review; inclusion is not completion.
docx_pre.txt,9b70fb41ebbb4f8183e19533facf80df81b1d7ce73bd3a976a2714347d3f11d8,680,LibEMG Electrode Shift,unverified,,Requires contextual requirement-by-requirement review; inclusion is not completion.
docx_pre.txt,9b70fb41ebbb4f8183e19533facf80df81b1d7ce73bd3a976a2714347d3f11d8,682,Secondary:,unverified,,Requires contextual requirement-by-requirement review; inclusion is not completion.
docx_pre.txt,9b70fb41ebbb4f8183e19533facf80df81b1d7ce73bd3a976a2714347d3f11d8,683,3-position electrode re-placement dataset,unverified,,Requires contextual requirement-by-requirement review; inclusion is not completion.
docx_pre.txt,9b70fb41ebbb4f8183e19533facf80df81b1d7ce73bd3a976a2714347d3f11d8,685,Possible supplementary:,unverified,,Requires contextual requirement-by-requirement review; inclusion is not completion.
docx_pre.txt,9b70fb41ebbb4f8183e19533facf80df81b1d7ce73bd3a976a2714347d3f11d8,686,FORS-EMG,unverified,,Requires contextual requirement-by-requirement review; inclusion is not completion.
docx_pre.txt,9b70fb41ebbb4f8183e19533facf80df81b1d7ce73bd3a976a2714347d3f11d8,688,Own-device:,unverified,,Requires contextual requirement-by-requirement review; inclusion is not completion.
docx_pre.txt,9b70fb41ebbb4f8183e19533facf80df81b1d7ce73bd3a976a2714347d3f11d8,689,our controlled re-donning data,unverified,,Requires contextual requirement-by-requirement review; inclusion is not completion.
docx_pre.txt,9b70fb41ebbb4f8183e19533facf80df81b1d7ce73bd3a976a2714347d3f11d8,691,--------------------------------,unverified,,Requires contextual requirement-by-requirement review; inclusion is not completion.
docx_pre.txt,9b70fb41ebbb4f8183e19533facf80df81b1d7ce73bd3a976a2714347d3f11d8,692,CROSS-USER,unverified,,Requires contextual requirement-by-requirement review; inclusion is not completion.
docx_pre.txt,9b70fb41ebbb4f8183e19533facf80df81b1d7ce73bd3a976a2714347d3f11d8,693,--------------------------------,unverified,,Requires contextual requirement-by-requirement review; inclusion is not completion.
docx_pre.txt,9b70fb41ebbb4f8183e19533facf80df81b1d7ce73bd3a976a2714347d3f11d8,695,Primary:,unverified,,Requires contextual requirement-by-requirement review; inclusion is not completion.
docx_pre.txt,9b70fb41ebbb4f8183e19533facf80df81b1d7ce73bd3a976a2714347d3f11d8,696,EMG-EPN612,unverified,,Requires contextual requirement-by-requirement review; inclusion is not completion.
docx_pre.txt,9b70fb41ebbb4f8183e19533facf80df81b1d7ce73bd3a976a2714347d3f11d8,698,Secondary:,unverified,,Requires contextual requirement-by-requirement review; inclusion is not completion.
docx_pre.txt,9b70fb41ebbb4f8183e19533facf80df81b1d7ce73bd3a976a2714347d3f11d8,699,GrabMyo,unverified,,Requires contextual requirement-by-requirement review; inclusion is not completion.
docx_pre.txt,9b70fb41ebbb4f8183e19533facf80df81b1d7ce73bd3a976a2714347d3f11d8,700,NinaPro DB5,unverified,,Requires contextual requirement-by-requirement review; inclusion is not completion.
docx_pre.txt,9b70fb41ebbb4f8183e19533facf80df81b1d7ce73bd3a976a2714347d3f11d8,702,--------------------------------,unverified,,Requires contextual requirement-by-requirement review; inclusion is not completion.
docx_pre.txt,9b70fb41ebbb4f8183e19533facf80df81b1d7ce73bd3a976a2714347d3f11d8,703,CROSS-DAY / SESSION,unverified,,Requires contextual requirement-by-requirement review; inclusion is not completion.
docx_pre.txt,9b70fb41ebbb4f8183e19533facf80df81b1d7ce73bd3a976a2714347d3f11d8,704,--------------------------------,unverified,,Requires contextual requirement-by-requirement review; inclusion is not completion.
docx_pre.txt,9b70fb41ebbb4f8183e19533facf80df81b1d7ce73bd3a976a2714347d3f11d8,706,Primary:,unverified,,Requires contextual requirement-by-requirement review; inclusion is not completion.
docx_pre.txt,9b70fb41ebbb4f8183e19533facf80df81b1d7ce73bd3a976a2714347d3f11d8,707,UniBo-INAIL,unverified,,Requires contextual requirement-by-requirement review; inclusion is not completion.
docx_pre.txt,9b70fb41ebbb4f8183e19533facf80df81b1d7ce73bd3a976a2714347d3f11d8,708,NinaPro DB6,unverified,,Requires contextual requirement-by-requirement review; inclusion is not completion.
docx_pre.txt,9b70fb41ebbb4f8183e19533facf80df81b1d7ce73bd3a976a2714347d3f11d8,710,Secondary:,unverified,,Requires contextual requirement-by-requirement review; inclusion is not completion.
docx_pre.txt,9b70fb41ebbb4f8183e19533facf80df81b1d7ce73bd3a976a2714347d3f11d8,711,GrabMyo,unverified,,Requires contextual requirement-by-requirement review; inclusion is not completion.
docx_pre.txt,9b70fb41ebbb4f8183e19533facf80df81b1d7ce73bd3a976a2714347d3f11d8,712,GREAT,unverified,,Requires contextual requirement-by-requirement review; inclusion is not completion.
docx_pre.txt,9b70fb41ebbb4f8183e19533facf80df81b1d7ce73bd3a976a2714347d3f11d8,714,--------------------------------,unverified,,Requires contextual requirement-by-requirement review; inclusion is not completion.
docx_pre.txt,9b70fb41ebbb4f8183e19533facf80df81b1d7ce73bd3a976a2714347d3f11d8,715,POSTURE,unverified,,Requires contextual requirement-by-requirement review; inclusion is not completion.
docx_pre.txt,9b70fb41ebbb4f8183e19533facf80df81b1d7ce73bd3a976a2714347d3f11d8,716,--------------------------------,unverified,,Requires contextual requirement-by-requirement review; inclusion is not completion.
docx_pre.txt,9b70fb41ebbb4f8183e19533facf80df81b1d7ce73bd3a976a2714347d3f11d8,718,Primary:,unverified,,Requires contextual requirement-by-requirement review; inclusion is not completion.
docx_pre.txt,9b70fb41ebbb4f8183e19533facf80df81b1d7ce73bd3a976a2714347d3f11d8,719,UniBo-INAIL,unverified,,Requires contextual requirement-by-requirement review; inclusion is not completion.
docx_pre.txt,9b70fb41ebbb4f8183e19533facf80df81b1d7ce73bd3a976a2714347d3f11d8,721,Secondary:,unverified,,Requires contextual requirement-by-requirement review; inclusion is not completion.
docx_pre.txt,9b70fb41ebbb4f8183e19533facf80df81b1d7ce73bd3a976a2714347d3f11d8,722,GREAT,unverified,,Requires contextual requirement-by-requirement review; inclusion is not completion.
docx_pre.txt,9b70fb41ebbb4f8183e19533facf80df81b1d7ce73bd3a976a2714347d3f11d8,724,Interaction:,unverified,,Requires contextual requirement-by-requirement review; inclusion is not completion.
docx_pre.txt,9b70fb41ebbb4f8183e19533facf80df81b1d7ce73bd3a976a2714347d3f11d8,725,EMG-FMG,unverified,,Requires contextual requirement-by-requirement review; inclusion is not completion.
docx_pre.txt,9b70fb41ebbb4f8183e19533facf80df81b1d7ce73bd3a976a2714347d3f11d8,727,--------------------------------,unverified,,Requires contextual requirement-by-requirement review; inclusion is not completion.
docx_pre.txt,9b70fb41ebbb4f8183e19533facf80df81b1d7ce73bd3a976a2714347d3f11d8,728,EXECUTION SPEED,unverified,,Requires contextual requirement-by-requirement review; inclusion is not completion.
docx_pre.txt,9b70fb41ebbb4f8183e19533facf80df81b1d7ce73bd3a976a2714347d3f11d8,729,--------------------------------,unverified,,Requires contextual requirement-by-requirement review; inclusion is not completion.
docx_pre.txt,9b70fb41ebbb4f8183e19533facf80df81b1d7ce73bd3a976a2714347d3f11d8,731,Primary:,unverified,,Requires contextual requirement-by-requirement review; inclusion is not completion.
docx_pre.txt,9b70fb41ebbb4f8183e19533facf80df81b1d7ce73bd3a976a2714347d3f11d8,732,sEMG-MANUS,unverified,,Requires contextual requirement-by-requirement review; inclusion is not completion.
docx_pre.txt,9b70fb41ebbb4f8183e19533facf80df81b1d7ce73bd3a976a2714347d3f11d8,734,如果发现更高质量公开 benchmark，,unverified,,Requires contextual requirement-by-requirement review; inclusion is not completion.
docx_pre.txt,9b70fb41ebbb4f8183e19533facf80df81b1d7ce73bd3a976a2714347d3f11d8,735,可以替换，,unverified,,Requires contextual requirement-by-requirement review; inclusion is not completion.
docx_pre.txt,9b70fb41ebbb4f8183e19533facf80df81b1d7ce73bd3a976a2714347d3f11d8,736,但必须给出证据。,unverified,,Requires contextual requirement-by-requirement review; inclusion is not completion.
docx_pre.txt,9b70fb41ebbb4f8183e19533facf80df81b1d7ce73bd3a976a2714347d3f11d8,738,--------------------------------,unverified,,Requires contextual requirement-by-requirement review; inclusion is not completion.
docx_pre.txt,9b70fb41ebbb4f8183e19533facf80df81b1d7ce73bd3a976a2714347d3f11d8,739,QUALITY,unverified,,Requires contextual requirement-by-requirement review; inclusion is not completion.
docx_pre.txt,9b70fb41ebbb4f8183e19533facf80df81b1d7ce73bd3a976a2714347d3f11d8,740,--------------------------------,unverified,,Requires contextual requirement-by-requirement review; inclusion is not completion.
docx_pre.txt,9b70fb41ebbb4f8183e19533facf80df81b1d7ce73bd3a976a2714347d3f11d8,742,不额外下载专用 dataset。,unverified,,Requires contextual requirement-by-requirement review; inclusion is not completion.
docx_pre.txt,9b70fb41ebbb4f8183e19533facf80df81b1d7ce73bd3a976a2714347d3f11d8,744,使用各 clean dataset，,unverified,,Requires contextual requirement-by-requirement review; inclusion is not completion.
docx_pre.txt,9b70fb41ebbb4f8183e19533facf80df81b1d7ce73bd3a976a2714347d3f11d8,745,人工构造：,unverified,,Requires contextual requirement-by-requirement review; inclusion is not completion.
docx_pre.txt,9b70fb41ebbb4f8183e19533facf80df81b1d7ce73bd3a976a2714347d3f11d8,747,channel dropout,unverified,,Requires contextual requirement-by-requirement review; inclusion is not completion.
docx_pre.txt,9b70fb41ebbb4f8183e19533facf80df81b1d7ce73bd3a976a2714347d3f11d8,748,clipping,unverified,,Requires contextual requirement-by-requirement review; inclusion is not completion.
docx_pre.txt,9b70fb41ebbb4f8183e19533facf80df81b1d7ce73bd3a976a2714347d3f11d8,749,gain drift,unverified,,Requires contextual requirement-by-requirement review; inclusion is not completion.
docx_pre.txt,9b70fb41ebbb4f8183e19533facf80df81b1d7ce73bd3a976a2714347d3f11d8,750,line-noise contamination,unverified,,Requires contextual requirement-by-requirement review; inclusion is not completion.
docx_pre.txt,9b70fb41ebbb4f8183e19533facf80df81b1d7ce73bd3a976a2714347d3f11d8,751,baseline drift,unverified,,Requires contextual requirement-by-requirement review; inclusion is not completion.
docx_pre.txt,9b70fb41ebbb4f8183e19533facf80df81b1d7ce73bd3a976a2714347d3f11d8,752,local corruption,unverified,,Requires contextual requirement-by-requirement review; inclusion is not completion.
docx_pre.txt,9b70fb41ebbb4f8183e19533facf80df81b1d7ce73bd3a976a2714347d3f11d8,753,channel loss,unverified,,Requires contextual requirement-by-requirement review; inclusion is not completion.
docx_pre.txt,9b70fb41ebbb4f8183e19533facf80df81b1d7ce73bd3a976a2714347d3f11d8,755,但 synthetic corruption,unverified,,Requires contextual requirement-by-requirement review; inclusion is not completion.
docx_pre.txt,9b70fb41ebbb4f8183e19533facf80df81b1d7ce73bd3a976a2714347d3f11d8,756,必须单独标记，,unverified,,Requires contextual requirement-by-requirement review; inclusion is not completion.
docx_pre.txt,9b70fb41ebbb4f8183e19533facf80df81b1d7ce73bd3a976a2714347d3f11d8,757,不能声称等于真实 sensor failure。,unverified,,Requires contextual requirement-by-requirement review; inclusion is not completion.
docx_pre.txt,9b70fb41ebbb4f8183e19533facf80df81b1d7ce73bd3a976a2714347d3f11d8,759,--------------------------------,unverified,,Requires contextual requirement-by-requirement review; inclusion is not completion.
docx_pre.txt,9b70fb41ebbb4f8183e19533facf80df81b1d7ce73bd3a976a2714347d3f11d8,760,MULTI-FACTOR INTERACTION,unverified,,Requires contextual requirement-by-requirement review; inclusion is not completion.
docx_pre.txt,9b70fb41ebbb4f8183e19533facf80df81b1d7ce73bd3a976a2714347d3f11d8,761,--------------------------------,unverified,,Requires contextual requirement-by-requirement review; inclusion is not completion.
docx_pre.txt,9b70fb41ebbb4f8183e19533facf80df81b1d7ce73bd3a976a2714347d3f11d8,763,优先：,unverified,,Requires contextual requirement-by-requirement review; inclusion is not completion.
docx_pre.txt,9b70fb41ebbb4f8183e19533facf80df81b1d7ce73bd3a976a2714347d3f11d8,765,UniBo:,unverified,,Requires contextual requirement-by-requirement review; inclusion is not completion.
docx_pre.txt,9b70fb41ebbb4f8183e19533facf80df81b1d7ce73bd3a976a2714347d3f11d8,766,day × posture × subject,unverified,,Requires contextual requirement-by-requirement review; inclusion is not completion.
docx_pre.txt,9b70fb41ebbb4f8183e19533facf80df81b1d7ce73bd3a976a2714347d3f11d8,768,EMG-FMG:,unverified,,Requires contextual requirement-by-requirement review; inclusion is not completion.
docx_pre.txt,9b70fb41ebbb4f8183e19533facf80df81b1d7ce73bd3a976a2714347d3f11d8,769,load × posture × subject,unverified,,Requires contextual requirement-by-requirement review; inclusion is not completion.
docx_pre.txt,9b70fb41ebbb4f8183e19533facf80df81b1d7ce73bd3a976a2714347d3f11d8,771,sEMG-MANUS:,unverified,,Requires contextual requirement-by-requirement review; inclusion is not completion.
docx_pre.txt,9b70fb41ebbb4f8183e19533facf80df81b1d7ce73bd3a976a2714347d3f11d8,772,speed × session × subject,unverified,,Requires contextual requirement-by-requirement review; inclusion is not completion.
docx_pre.txt,9b70fb41ebbb4f8183e19533facf80df81b1d7ce73bd3a976a2714347d3f11d8,774,之后结合 own 8ch：,unverified,,Requires contextual requirement-by-requirement review; inclusion is not completion.
docx_pre.txt,9b70fb41ebbb4f8183e19533facf80df81b1d7ce73bd3a976a2714347d3f11d8,775,wearing × day × user,unverified,,Requires contextual requirement-by-requirement review; inclusion is not completion.
docx_pre.txt,9b70fb41ebbb4f8183e19533facf80df81b1d7ce73bd3a976a2714347d3f11d8,777,==================================================,unverified,,Requires contextual requirement-by-requirement review; inclusion is not completion.
docx_pre.txt,9b70fb41ebbb4f8183e19533facf80df81b1d7ce73bd3a976a2714347d3f11d8,778,5. 不要一次全下载,unverified,,Requires contextual requirement-by-requirement review; inclusion is not completion.
docx_pre.txt,9b70fb41ebbb4f8183e19533facf80df81b1d7ce73bd3a976a2714347d3f11d8,779,==================================================,unverified,,Requires contextual requirement-by-requirement review; inclusion is not completion.
docx_pre.txt,9b70fb41ebbb4f8183e19533facf80df81b1d7ce73bd3a976a2714347d3f11d8,781,执行三层下载策略。,unverified,,Requires contextual requirement-by-requirement review; inclusion is not completion.
docx_pre.txt,9b70fb41ebbb4f8183e19533facf80df81b1d7ce73bd3a976a2714347d3f11d8,783,====================,unverified,,Requires contextual requirement-by-requirement review; inclusion is not completion.
docx_pre.txt,9b70fb41ebbb4f8183e19533facf80df81b1d7ce73bd3a976a2714347d3f11d8,784,Tier 0：metadata only,unverified,,Requires contextual requirement-by-requirement review; inclusion is not completion.
docx_pre.txt,9b70fb41ebbb4f8183e19533facf80df81b1d7ce73bd3a976a2714347d3f11d8,785,====================,unverified,,Requires contextual requirement-by-requirement review; inclusion is not completion.
docx_pre.txt,9b70fb41ebbb4f8183e19533facf80df81b1d7ce73bd3a976a2714347d3f11d8,787,先不下载 raw data。,unverified,,Requires contextual requirement-by-requirement review; inclusion is not completion.
docx_pre.txt,9b70fb41ebbb4f8183e19533facf80df81b1d7ce73bd3a976a2714347d3f11d8,789,为所有候选记录：,unverified,,Requires contextual requirement-by-requirement review; inclusion is not completion.
docx_pre.txt,9b70fb41ebbb4f8183e19533facf80df81b1d7ce73bd3a976a2714347d3f11d8,791,官方来源,unverified,,Requires contextual requirement-by-requirement review; inclusion is not completion.
docx_pre.txt,9b70fb41ebbb4f8183e19533facf80df81b1d7ce73bd3a976a2714347d3f11d8,792,paper,unverified,,Requires contextual requirement-by-requirement review; inclusion is not completion.
docx_pre.txt,9b70fb41ebbb4f8183e19533facf80df81b1d7ce73bd3a976a2714347d3f11d8,793,license,unverified,,Requires contextual requirement-by-requirement review; inclusion is not completion.
docx_pre.txt,9b70fb41ebbb4f8183e19533facf80df81b1d7ce73bd3a976a2714347d3f11d8,794,size,unverified,,Requires contextual requirement-by-requirement review; inclusion is not completion.
docx_pre.txt,9b70fb41ebbb4f8183e19533facf80df81b1d7ce73bd3a976a2714347d3f11d8,795,checksum,unverified,,Requires contextual requirement-by-requirement review; inclusion is not completion.
docx_pre.txt,9b70fb41ebbb4f8183e19533facf80df81b1d7ce73bd3a976a2714347d3f11d8,796,folder format,unverified,,Requires contextual requirement-by-requirement review; inclusion is not completion.
docx_pre.txt,9b70fb41ebbb4f8183e19533facf80df81b1d7ce73bd3a976a2714347d3f11d8,797,subjects,unverified,,Requires contextual requirement-by-requirement review; inclusion is not completion.
docx_pre.txt,9b70fb41ebbb4f8183e19533facf80df81b1d7ce73bd3a976a2714347d3f11d8,798,sessions,unverified,,Requires contextual requirement-by-requirement review; inclusion is not completion.
docx_pre.txt,9b70fb41ebbb4f8183e19533facf80df81b1d7ce73bd3a976a2714347d3f11d8,799,channels,unverified,,Requires contextual requirement-by-requirement review; inclusion is not completion.
docx_pre.txt,9b70fb41ebbb4f8183e19533facf80df81b1d7ce73bd3a976a2714347d3f11d8,800,sampling rate,unverified,,Requires contextual requirement-by-requirement review; inclusion is not completion.
docx_pre.txt,9b70fb41ebbb4f8183e19533facf80df81b1d7ce73bd3a976a2714347d3f11d8,801,labels,unverified,,Requires contextual requirement-by-requirement review; inclusion is not completion.
docx_pre.txt,9b70fb41ebbb4f8183e19533facf80df81b1d7ce73bd3a976a2714347d3f11d8,802,known nuisance factors,unverified,,Requires contextual requirement-by-requirement review; inclusion is not completion.
docx_pre.txt,9b70fb41ebbb4f8183e19533facf80df81b1d7ce73bd3a976a2714347d3f11d8,804,输出 DATASET_CANDIDATES.csv。,unverified,,Requires contextual requirement-by-requirement review; inclusion is not completion.
docx_pre.txt,9b70fb41ebbb4f8183e19533facf80df81b1d7ce73bd3a976a2714347d3f11d8,806,====================,unverified,,Requires contextual requirement-by-requirement review; inclusion is not completion.
docx_pre.txt,9b70fb41ebbb4f8183e19533facf80df81b1d7ce73bd3a976a2714347d3f11d8,807,Tier 1：核心 benchmark,unverified,,Requires contextual requirement-by-requirement review; inclusion is not completion.
docx_pre.txt,9b70fb41ebbb4f8183e19533facf80df81b1d7ce73bd3a976a2714347d3f11d8,808,====================,unverified,,Requires contextual requirement-by-requirement review; inclusion is not completion.
docx_pre.txt,9b70fb41ebbb4f8183e19533facf80df81b1d7ce73bd3a976a2714347d3f11d8,810,如果官方来源均可访问，,unverified,,Requires contextual requirement-by-requirement review; inclusion is not completion.
docx_pre.txt,9b70fb41ebbb4f8183e19533facf80df81b1d7ce73bd3a976a2714347d3f11d8,811,优先下载：,unverified,,Requires contextual requirement-by-requirement review; inclusion is not completion.
docx_pre.txt,9b70fb41ebbb4f8183e19533facf80df81b1d7ce73bd3a976a2714347d3f11d8,813,1. 历史 DS2,unverified,,Requires contextual requirement-by-requirement review; inclusion is not completion.
docx_pre.txt,9b70fb41ebbb4f8183e19533facf80df81b1d7ce73bd3a976a2714347d3f11d8,814,2. LibEMG Contraction Intensity,unverified,,Requires contextual requirement-by-requirement review; inclusion is not completion.
docx_pre.txt,9b70fb41ebbb4f8183e19533facf80df81b1d7ce73bd3a976a2714347d3f11d8,815,3. LibEMG Electrode Shift,unverified,,Requires contextual requirement-by-requirement review; inclusion is not completion.
docx_pre.txt,9b70fb41ebbb4f8183e19533facf80df81b1d7ce73bd3a976a2714347d3f11d8,816,4. UniBo-INAIL,unverified,,Requires contextual requirement-by-requirement review; inclusion is not completion.
docx_pre.txt,9b70fb41ebbb4f8183e19533facf80df81b1d7ce73bd3a976a2714347d3f11d8,817,5. EMG-EPN612,unverified,,Requires contextual requirement-by-requirement review; inclusion is not completion.
docx_pre.txt,9b70fb41ebbb4f8183e19533facf80df81b1d7ce73bd3a976a2714347d3f11d8,818,6. sEMG-MANUS,unverified,,Requires contextual requirement-by-requirement review; inclusion is not completion.
docx_pre.txt,9b70fb41ebbb4f8183e19533facf80df81b1d7ce73bd3a976a2714347d3f11d8,820,再根据容量选择：,unverified,,Requires contextual requirement-by-requirement review; inclusion is not completion.
docx_pre.txt,9b70fb41ebbb4f8183e19533facf80df81b1d7ce73bd3a976a2714347d3f11d8,822,7. EMG-FMG,unverified,,Requires contextual requirement-by-requirement review; inclusion is not completion.
docx_pre.txt,9b70fb41ebbb4f8183e19533facf80df81b1d7ce73bd3a976a2714347d3f11d8,824,这些基本覆盖：,unverified,,Requires contextual requirement-by-requirement review; inclusion is not completion.
docx_pre.txt,9b70fb41ebbb4f8183e19533facf80df81b1d7ce73bd3a976a2714347d3f11d8,826,force,unverified,,Requires contextual requirement-by-requirement review; inclusion is not completion.
docx_pre.txt,9b70fb41ebbb4f8183e19533facf80df81b1d7ce73bd3a976a2714347d3f11d8,827,wearing,unverified,,Requires contextual requirement-by-requirement review; inclusion is not completion.
docx_pre.txt,9b70fb41ebbb4f8183e19533facf80df81b1d7ce73bd3a976a2714347d3f11d8,828,day,unverified,,Requires contextual requirement-by-requirement review; inclusion is not completion.
docx_pre.txt,9b70fb41ebbb4f8183e19533facf80df81b1d7ce73bd3a976a2714347d3f11d8,829,posture,unverified,,Requires contextual requirement-by-requirement review; inclusion is not completion.
docx_pre.txt,9b70fb41ebbb4f8183e19533facf80df81b1d7ce73bd3a976a2714347d3f11d8,830,user,unverified,,Requires contextual requirement-by-requirement review; inclusion is not completion.
docx_pre.txt,9b70fb41ebbb4f8183e19533facf80df81b1d7ce73bd3a976a2714347d3f11d8,831,speed,unverified,,Requires contextual requirement-by-requirement review; inclusion is not completion.
docx_pre.txt,9b70fb41ebbb4f8183e19533facf80df81b1d7ce73bd3a976a2714347d3f11d8,832,interaction,unverified,,Requires contextual requirement-by-requirement review; inclusion is not completion.
docx_pre.txt,9b70fb41ebbb4f8183e19533facf80df81b1d7ce73bd3a976a2714347d3f11d8,834,====================,unverified,,Requires contextual requirement-by-requirement review; inclusion is not completion.
docx_pre.txt,9b70fb41ebbb4f8183e19533facf80df81b1d7ce73bd3a976a2714347d3f11d8,835,Tier 2：验证 / secondary,unverified,,Requires contextual requirement-by-requirement review; inclusion is not completion.
docx_pre.txt,9b70fb41ebbb4f8183e19533facf80df81b1d7ce73bd3a976a2714347d3f11d8,836,====================,unverified,,Requires contextual requirement-by-requirement review; inclusion is not completion.
docx_pre.txt,9b70fb41ebbb4f8183e19533facf80df81b1d7ce73bd3a976a2714347d3f11d8,838,根据 Tier 1 缺口再下载：,unverified,,Requires contextual requirement-by-requirement review; inclusion is not completion.
docx_pre.txt,9b70fb41ebbb4f8183e19533facf80df81b1d7ce73bd3a976a2714347d3f11d8,840,NinaPro DB6,unverified,,Requires contextual requirement-by-requirement review; inclusion is not completion.
docx_pre.txt,9b70fb41ebbb4f8183e19533facf80df81b1d7ce73bd3a976a2714347d3f11d8,841,GREAT,unverified,,Requires contextual requirement-by-requirement review; inclusion is not completion.
docx_pre.txt,9b70fb41ebbb4f8183e19533facf80df81b1d7ce73bd3a976a2714347d3f11d8,842,electrode re-placement dataset,unverified,,Requires contextual requirement-by-requirement review; inclusion is not completion.
docx_pre.txt,9b70fb41ebbb4f8183e19533facf80df81b1d7ce73bd3a976a2714347d3f11d8,843,GrabMyo,unverified,,Requires contextual requirement-by-requirement review; inclusion is not completion.
docx_pre.txt,9b70fb41ebbb4f8183e19533facf80df81b1d7ce73bd3a976a2714347d3f11d8,844,NinaPro DB5,unverified,,Requires contextual requirement-by-requirement review; inclusion is not completion.
docx_pre.txt,9b70fb41ebbb4f8183e19533facf80df81b1d7ce73bd3a976a2714347d3f11d8,845,FORS-EMG,unverified,,Requires contextual requirement-by-requirement review; inclusion is not completion.
docx_pre.txt,9b70fb41ebbb4f8183e19533facf80df81b1d7ce73bd3a976a2714347d3f11d8,847,====================,unverified,,Requires contextual requirement-by-requirement review; inclusion is not completion.
docx_pre.txt,9b70fb41ebbb4f8183e19533facf80df81b1d7ce73bd3a976a2714347d3f11d8,848,Tier 3：large / future,unverified,,Requires contextual requirement-by-requirement review; inclusion is not completion.
docx_pre.txt,9b70fb41ebbb4f8183e19533facf80df81b1d7ce73bd3a976a2714347d3f11d8,849,====================,unverified,,Requires contextual requirement-by-requirement review; inclusion is not completion.
docx_pre.txt,9b70fb41ebbb4f8183e19533facf80df81b1d7ce73bd3a976a2714347d3f11d8,851,Hyser,unverified,,Requires contextual requirement-by-requirement review; inclusion is not completion.
docx_pre.txt,9b70fb41ebbb4f8183e19533facf80df81b1d7ce73bd3a976a2714347d3f11d8,852,大型 Meta datasets,unverified,,Requires contextual requirement-by-requirement review; inclusion is not completion.
docx_pre.txt,9b70fb41ebbb4f8183e19533facf80df81b1d7ce73bd3a976a2714347d3f11d8,853,其他 HD-sEMG,unverified,,Requires contextual requirement-by-requirement review; inclusion is not completion.
docx_pre.txt,9b70fb41ebbb4f8183e19533facf80df81b1d7ce73bd3a976a2714347d3f11d8,855,除非后续分析证明需要，,unverified,,Requires contextual requirement-by-requirement review; inclusion is not completion.
docx_pre.txt,9b70fb41ebbb4f8183e19533facf80df81b1d7ce73bd3a976a2714347d3f11d8,856,不要全量下载。,unverified,,Requires contextual requirement-by-requirement review; inclusion is not completion.
docx_pre.txt,9b70fb41ebbb4f8183e19533facf80df81b1d7ce73bd3a976a2714347d3f11d8,858,==================================================,unverified,,Requires contextual requirement-by-requirement review; inclusion is not completion.
docx_pre.txt,9b70fb41ebbb4f8183e19533facf80df81b1d7ce73bd3a976a2714347d3f11d8,859,6. 下载安全规则,unverified,,Requires contextual requirement-by-requirement review; inclusion is not completion.
docx_pre.txt,9b70fb41ebbb4f8183e19533facf80df81b1d7ce73bd3a976a2714347d3f11d8,860,==================================================,unverified,,Requires contextual requirement-by-requirement review; inclusion is not completion.
docx_pre.txt,9b70fb41ebbb4f8183e19533facf80df81b1d7ce73bd3a976a2714347d3f11d8,862,只优先使用：,unverified,,Requires contextual requirement-by-requirement review; inclusion is not completion.
docx_pre.txt,9b70fb41ebbb4f8183e19533facf80df81b1d7ce73bd3a976a2714347d3f11d8,864,official dataset website,unverified,,Requires contextual requirement-by-requirement review; inclusion is not completion.
docx_pre.txt,9b70fb41ebbb4f8183e19533facf80df81b1d7ce73bd3a976a2714347d3f11d8,865,Zenodo,unverified,,Requires contextual requirement-by-requirement review; inclusion is not completion.
docx_pre.txt,9b70fb41ebbb4f8183e19533facf80df81b1d7ce73bd3a976a2714347d3f11d8,866,PhysioNet,unverified,,Requires contextual requirement-by-requirement review; inclusion is not completion.
docx_pre.txt,9b70fb41ebbb4f8183e19533facf80df81b1d7ce73bd3a976a2714347d3f11d8,867,Dryad,unverified,,Requires contextual requirement-by-requirement review; inclusion is not completion.
docx_pre.txt,9b70fb41ebbb4f8183e19533facf80df81b1d7ce73bd3a976a2714347d3f11d8,868,official university repository,unverified,,Requires contextual requirement-by-requirement review; inclusion is not completion.
docx_pre.txt,9b70fb41ebbb4f8183e19533facf80df81b1d7ce73bd3a976a2714347d3f11d8,869,official GitHub release,unverified,,Requires contextual requirement-by-requirement review; inclusion is not completion.
docx_pre.txt,9b70fb41ebbb4f8183e19533facf80df81b1d7ce73bd3a976a2714347d3f11d8,870,NinaPro official site,unverified,,Requires contextual requirement-by-requirement review; inclusion is not completion.
docx_pre.txt,9b70fb41ebbb4f8183e19533facf80df81b1d7ce73bd3a976a2714347d3f11d8,872,Kaggle 只在：,unverified,,Requires contextual requirement-by-requirement review; inclusion is not completion.
docx_pre.txt,9b70fb41ebbb4f8183e19533facf80df81b1d7ce73bd3a976a2714347d3f11d8,874,它本身就是原始发布位置,unverified,,Requires contextual requirement-by-requirement review; inclusion is not completion.
docx_pre.txt,9b70fb41ebbb4f8183e19533facf80df81b1d7ce73bd3a976a2714347d3f11d8,875,或历史实验明确用了该版本,unverified,,Requires contextual requirement-by-requirement review; inclusion is not completion.
docx_pre.txt,9b70fb41ebbb4f8183e19533facf80df81b1d7ce73bd3a976a2714347d3f11d8,877,时使用。,unverified,,Requires contextual requirement-by-requirement review; inclusion is not completion.
docx_pre.txt,9b70fb41ebbb4f8183e19533facf80df81b1d7ce73bd3a976a2714347d3f11d8,879,不要从：,unverified,,Requires contextual requirement-by-requirement review; inclusion is not completion.
docx_pre.txt,9b70fb41ebbb4f8183e19533facf80df81b1d7ce73bd3a976a2714347d3f11d8,881,随机网盘,unverified,,Requires contextual requirement-by-requirement review; inclusion is not completion.
docx_pre.txt,9b70fb41ebbb4f8183e19533facf80df81b1d7ce73bd3a976a2714347d3f11d8,882,论坛附件,unverified,,Requires contextual requirement-by-requirement review; inclusion is not completion.
docx_pre.txt,9b70fb41ebbb4f8183e19533facf80df81b1d7ce73bd3a976a2714347d3f11d8,883,未知镜像,unverified,,Requires contextual requirement-by-requirement review; inclusion is not completion.
docx_pre.txt,9b70fb41ebbb4f8183e19533facf80df81b1d7ce73bd3a976a2714347d3f11d8,884,二次打包网站,unverified,,Requires contextual requirement-by-requirement review; inclusion is not completion.
docx_pre.txt,9b70fb41ebbb4f8183e19533facf80df81b1d7ce73bd3a976a2714347d3f11d8,886,下载数据。,unverified,,Requires contextual requirement-by-requirement review; inclusion is not completion.
docx_pre.txt,9b70fb41ebbb4f8183e19533facf80df81b1d7ce73bd3a976a2714347d3f11d8,888,下载前记录：,unverified,,Requires contextual requirement-by-requirement review; inclusion is not completion.
docx_pre.txt,9b70fb41ebbb4f8183e19533facf80df81b1d7ce73bd3a976a2714347d3f11d8,890,source URL,unverified,,Requires contextual requirement-by-requirement review; inclusion is not completion.
docx_pre.txt,9b70fb41ebbb4f8183e19533facf80df81b1d7ce73bd3a976a2714347d3f11d8,891,version,unverified,,Requires contextual requirement-by-requirement review; inclusion is not completion.
docx_pre.txt,9b70fb41ebbb4f8183e19533facf80df81b1d7ce73bd3a976a2714347d3f11d8,892,date,unverified,,Requires contextual requirement-by-requirement review; inclusion is not completion.
docx_pre.txt,9b70fb41ebbb4f8183e19533facf80df81b1d7ce73bd3a976a2714347d3f11d8,893,license,unverified,,Requires contextual requirement-by-requirement review; inclusion is not completion.
docx_pre.txt,9b70fb41ebbb4f8183e19533facf80df81b1d7ce73bd3a976a2714347d3f11d8,894,expected size,unverified,,Requires contextual requirement-by-requirement review; inclusion is not completion.
docx_pre.txt,9b70fb41ebbb4f8183e19533facf80df81b1d7ce73bd3a976a2714347d3f11d8,895,checksum（若官方提供）,unverified,,Requires contextual requirement-by-requirement review; inclusion is not completion.
docx_pre.txt,9b70fb41ebbb4f8183e19533facf80df81b1d7ce73bd3a976a2714347d3f11d8,897,下载后：,unverified,,Requires contextual requirement-by-requirement review; inclusion is not completion.
docx_pre.txt,9b70fb41ebbb4f8183e19533facf80df81b1d7ce73bd3a976a2714347d3f11d8,899,计算 SHA256,unverified,,Requires contextual requirement-by-requirement review; inclusion is not completion.
docx_pre.txt,9b70fb41ebbb4f8183e19533facf80df81b1d7ce73bd3a976a2714347d3f11d8,900,保存：,unverified,,Requires contextual requirement-by-requirement review; inclusion is not completion.
docx_pre.txt,9b70fb41ebbb4f8183e19533facf80df81b1d7ce73bd3a976a2714347d3f11d8,902,DATASET_MANIFEST.json,unverified,,Requires contextual requirement-by-requirement review; inclusion is not completion.
docx_pre.txt,9b70fb41ebbb4f8183e19533facf80df81b1d7ce73bd3a976a2714347d3f11d8,904,==================================================,unverified,,Requires contextual requirement-by-requirement review; inclusion is not completion.
docx_pre.txt,9b70fb41ebbb4f8183e19533facf80df81b1d7ce73bd3a976a2714347d3f11d8,905,7. 下载目录,unverified,,Requires contextual requirement-by-requirement review; inclusion is not completion.
docx_pre.txt,9b70fb41ebbb4f8183e19533facf80df81b1d7ce73bd3a976a2714347d3f11d8,906,==================================================,unverified,,Requires contextual requirement-by-requirement review; inclusion is not completion.
docx_pre.txt,9b70fb41ebbb4f8183e19533facf80df81b1d7ce73bd3a976a2714347d3f11d8,908,统一：,unverified,,Requires contextual requirement-by-requirement review; inclusion is not completion.
docx_pre.txt,9b70fb41ebbb4f8183e19533facf80df81b1d7ce73bd3a976a2714347d3f11d8,910,data/,unverified,,Requires contextual requirement-by-requirement review; inclusion is not completion.
docx_pre.txt,9b70fb41ebbb4f8183e19533facf80df81b1d7ce73bd3a976a2714347d3f11d8,911,  raw/,unverified,,Requires contextual requirement-by-requirement review; inclusion is not completion.
docx_pre.txt,9b70fb41ebbb4f8183e19533facf80df81b1d7ce73bd3a976a2714347d3f11d8,912,    ds2_force/,unverified,,Requires contextual requirement-by-requirement review; inclusion is not completion.
docx_pre.txt,9b70fb41ebbb4f8183e19533facf80df81b1d7ce73bd3a976a2714347d3f11d8,913,    libemg_force/,unverified,,Requires contextual requirement-by-requirement review; inclusion is not completion.
docx_pre.txt,9b70fb41ebbb4f8183e19533facf80df81b1d7ce73bd3a976a2714347d3f11d8,914,    libemg_electrode_shift/,unverified,,Requires contextual requirement-by-requirement review; inclusion is not completion.
docx_pre.txt,9b70fb41ebbb4f8183e19533facf80df81b1d7ce73bd3a976a2714347d3f11d8,915,    unibo_inail/,unverified,,Requires contextual requirement-by-requirement review; inclusion is not completion.
docx_pre.txt,9b70fb41ebbb4f8183e19533facf80df81b1d7ce73bd3a976a2714347d3f11d8,916,    epn612/,unverified,,Requires contextual requirement-by-requirement review; inclusion is not completion.
docx_pre.txt,9b70fb41ebbb4f8183e19533facf80df81b1d7ce73bd3a976a2714347d3f11d8,917,    semg_manus/,unverified,,Requires contextual requirement-by-requirement review; inclusion is not completion.
docx_pre.txt,9b70fb41ebbb4f8183e19533facf80df81b1d7ce73bd3a976a2714347d3f11d8,918,    emg_fmg/,unverified,,Requires contextual requirement-by-requirement review; inclusion is not completion.
docx_pre.txt,9b70fb41ebbb4f8183e19533facf80df81b1d7ce73bd3a976a2714347d3f11d8,919,    ninapro_db6/,unverified,,Requires contextual requirement-by-requirement review; inclusion is not completion.
docx_pre.txt,9b70fb41ebbb4f8183e19533facf80df81b1d7ce73bd3a976a2714347d3f11d8,920,    great/,unverified,,Requires contextual requirement-by-requirement review; inclusion is not completion.
docx_pre.txt,9b70fb41ebbb4f8183e19533facf80df81b1d7ce73bd3a976a2714347d3f11d8,921,    grabmyo/,unverified,,Requires contextual requirement-by-requirement review; inclusion is not completion.
docx_pre.txt,9b70fb41ebbb4f8183e19533facf80df81b1d7ce73bd3a976a2714347d3f11d8,922,    ...,unverified,,Requires contextual requirement-by-requirement review; inclusion is not completion.
docx_pre.txt,9b70fb41ebbb4f8183e19533facf80df81b1d7ce73bd3a976a2714347d3f11d8,924,  processed/,unverified,,Requires contextual requirement-by-requirement review; inclusion is not completion.
docx_pre.txt,9b70fb41ebbb4f8183e19533facf80df81b1d7ce73bd3a976a2714347d3f11d8,926,  manifests/,unverified,,Requires contextual requirement-by-requirement review; inclusion is not completion.
docx_pre.txt,9b70fb41ebbb4f8183e19533facf80df81b1d7ce73bd3a976a2714347d3f11d8,928,禁止直接修改 raw data。,unverified,,Requires contextual requirement-by-requirement review; inclusion is not completion.
docx_pre.txt,9b70fb41ebbb4f8183e19533facf80df81b1d7ce73bd3a976a2714347d3f11d8,930,raw/,unverified,,Requires contextual requirement-by-requirement review; inclusion is not completion.
docx_pre.txt,9b70fb41ebbb4f8183e19533facf80df81b1d7ce73bd3a976a2714347d3f11d8,931,只读。,unverified,,Requires contextual requirement-by-requirement review; inclusion is not completion.
docx_pre.txt,9b70fb41ebbb4f8183e19533facf80df81b1d7ce73bd3a976a2714347d3f11d8,933,任何：,unverified,,Requires contextual requirement-by-requirement review; inclusion is not completion.
docx_pre.txt,9b70fb41ebbb4f8183e19533facf80df81b1d7ce73bd3a976a2714347d3f11d8,935,resampling,unverified,,Requires contextual requirement-by-requirement review; inclusion is not completion.
docx_pre.txt,9b70fb41ebbb4f8183e19533facf80df81b1d7ce73bd3a976a2714347d3f11d8,936,filtering,unverified,,Requires contextual requirement-by-requirement review; inclusion is not completion.
docx_pre.txt,9b70fb41ebbb4f8183e19533facf80df81b1d7ce73bd3a976a2714347d3f11d8,937,label mapping,unverified,,Requires contextual requirement-by-requirement review; inclusion is not completion.
docx_pre.txt,9b70fb41ebbb4f8183e19533facf80df81b1d7ce73bd3a976a2714347d3f11d8,938,windowing,unverified,,Requires contextual requirement-by-requirement review; inclusion is not completion.
docx_pre.txt,9b70fb41ebbb4f8183e19533facf80df81b1d7ce73bd3a976a2714347d3f11d8,940,都输出到 processed/。,unverified,,Requires contextual requirement-by-requirement review; inclusion is not completion.
docx_pre.txt,9b70fb41ebbb4f8183e19533facf80df81b1d7ce73bd3a976a2714347d3f11d8,942,==================================================,unverified,,Requires contextual requirement-by-requirement review; inclusion is not completion.
docx_pre.txt,9b70fb41ebbb4f8183e19533facf80df81b1d7ce73bd3a976a2714347d3f11d8,943,8. 每个 dataset 下载后立即 sanity check,unverified,,Requires contextual requirement-by-requirement review; inclusion is not completion.
docx_pre.txt,9b70fb41ebbb4f8183e19533facf80df81b1d7ce73bd3a976a2714347d3f11d8,944,==================================================,unverified,,Requires contextual requirement-by-requirement review; inclusion is not completion.
docx_pre.txt,9b70fb41ebbb4f8183e19533facf80df81b1d7ce73bd3a976a2714347d3f11d8,946,不要“下载成功”就算完成。,unverified,,Requires contextual requirement-by-requirement review; inclusion is not completion.
docx_pre.txt,9b70fb41ebbb4f8183e19533facf80df81b1d7ce73bd3a976a2714347d3f11d8,948,随机抽：,unverified,,Requires contextual requirement-by-requirement review; inclusion is not completion.
docx_pre.txt,9b70fb41ebbb4f8183e19533facf80df81b1d7ce73bd3a976a2714347d3f11d8,950,3 subjects,unverified,,Requires contextual requirement-by-requirement review; inclusion is not completion.
docx_pre.txt,9b70fb41ebbb4f8183e19533facf80df81b1d7ce73bd3a976a2714347d3f11d8,951,2 conditions,unverified,,Requires contextual requirement-by-requirement review; inclusion is not completion.
docx_pre.txt,9b70fb41ebbb4f8183e19533facf80df81b1d7ce73bd3a976a2714347d3f11d8,952,几个 trials,unverified,,Requires contextual requirement-by-requirement review; inclusion is not completion.
docx_pre.txt,9b70fb41ebbb4f8183e19533facf80df81b1d7ce73bd3a976a2714347d3f11d8,954,验证：,unverified,,Requires contextual requirement-by-requirement review; inclusion is not completion.
docx_pre.txt,9b70fb41ebbb4f8183e19533facf80df81b1d7ce73bd3a976a2714347d3f11d8,956,文件可读取,unverified,,Requires contextual requirement-by-requirement review; inclusion is not completion.
docx_pre.txt,9b70fb41ebbb4f8183e19533facf80df81b1d7ce73bd3a976a2714347d3f11d8,957,channel 数正确,unverified,,Requires contextual requirement-by-requirement review; inclusion is not completion.
docx_pre.txt,9b70fb41ebbb4f8183e19533facf80df81b1d7ce73bd3a976a2714347d3f11d8,958,sampling rate 正确,unverified,,Requires contextual requirement-by-requirement review; inclusion is not completion.
docx_pre.txt,9b70fb41ebbb4f8183e19533facf80df81b1d7ce73bd3a976a2714347d3f11d8,959,labels 存在,unverified,,Requires contextual requirement-by-requirement review; inclusion is not completion.
docx_pre.txt,9b70fb41ebbb4f8183e19533facf80df81b1d7ce73bd3a976a2714347d3f11d8,960,condition metadata 存在,unverified,,Requires contextual requirement-by-requirement review; inclusion is not completion.
docx_pre.txt,9b70fb41ebbb4f8183e19533facf80df81b1d7ce73bd3a976a2714347d3f11d8,961,trial boundary 可恢复,unverified,,Requires contextual requirement-by-requirement review; inclusion is not completion.
docx_pre.txt,9b70fb41ebbb4f8183e19533facf80df81b1d7ce73bd3a976a2714347d3f11d8,962,NaN/Inf 比例,unverified,,Requires contextual requirement-by-requirement review; inclusion is not completion.
docx_pre.txt,9b70fb41ebbb4f8183e19533facf80df81b1d7ce73bd3a976a2714347d3f11d8,963,signal duration,unverified,,Requires contextual requirement-by-requirement review; inclusion is not completion.
docx_pre.txt,9b70fb41ebbb4f8183e19533facf80df81b1d7ce73bd3a976a2714347d3f11d8,964,明显饱和/flatline,unverified,,Requires contextual requirement-by-requirement review; inclusion is not completion.
docx_pre.txt,9b70fb41ebbb4f8183e19533facf80df81b1d7ce73bd3a976a2714347d3f11d8,966,绘制少量 sanity plots：,unverified,,Requires contextual requirement-by-requirement review; inclusion is not completion.
docx_pre.txt,9b70fb41ebbb4f8183e19533facf80df81b1d7ce73bd3a976a2714347d3f11d8,968,raw EMG,unverified,,Requires contextual requirement-by-requirement review; inclusion is not completion.
docx_pre.txt,9b70fb41ebbb4f8183e19533facf80df81b1d7ce73bd3a976a2714347d3f11d8,969,envelope,unverified,,Requires contextual requirement-by-requirement review; inclusion is not completion.
docx_pre.txt,9b70fb41ebbb4f8183e19533facf80df81b1d7ce73bd3a976a2714347d3f11d8,970,PSD,unverified,,Requires contextual requirement-by-requirement review; inclusion is not completion.
docx_pre.txt,9b70fb41ebbb4f8183e19533facf80df81b1d7ce73bd3a976a2714347d3f11d8,971,condition labels,unverified,,Requires contextual requirement-by-requirement review; inclusion is not completion.
docx_pre.txt,9b70fb41ebbb4f8183e19533facf80df81b1d7ce73bd3a976a2714347d3f11d8,973,不要进行正式训练。,unverified,,Requires contextual requirement-by-requirement review; inclusion is not completion.
docx_pre.txt,9b70fb41ebbb4f8183e19533facf80df81b1d7ce73bd3a976a2714347d3f11d8,975,==================================================,unverified,,Requires contextual requirement-by-requirement review; inclusion is not completion.
docx_pre.txt,9b70fb41ebbb4f8183e19533facf80df81b1d7ce73bd3a976a2714347d3f11d8,976,9. 标签映射不要强行统一,unverified,,Requires contextual requirement-by-requirement review; inclusion is not completion.
docx_pre.txt,9b70fb41ebbb4f8183e19533facf80df81b1d7ce73bd3a976a2714347d3f11d8,977,==================================================,unverified,,Requires contextual requirement-by-requirement review; inclusion is not completion.
docx_pre.txt,9b70fb41ebbb4f8183e19533facf80df81b1d7ce73bd3a976a2714347d3f11d8,979,建立：,unverified,,Requires contextual requirement-by-requirement review; inclusion is not completion.
docx_pre.txt,9b70fb41ebbb4f8183e19533facf80df81b1d7ce73bd3a976a2714347d3f11d8,981,GESTURE_ONTOLOGY.md,unverified,,Requires contextual requirement-by-requirement review; inclusion is not completion.
docx_pre.txt,9b70fb41ebbb4f8183e19533facf80df81b1d7ce73bd3a976a2714347d3f11d8,983,每个 dataset 原始 label 全部保留。,unverified,,Requires contextual requirement-by-requirement review; inclusion is not completion.
docx_pre.txt,9b70fb41ebbb4f8183e19533facf80df81b1d7ce73bd3a976a2714347d3f11d8,985,然后标记：,unverified,,Requires contextual requirement-by-requirement review; inclusion is not completion.
docx_pre.txt,9b70fb41ebbb4f8183e19533facf80df81b1d7ce73bd3a976a2714347d3f11d8,987,EXACT_MATCH,unverified,,Requires contextual requirement-by-requirement review; inclusion is not completion.
docx_pre.txt,9b70fb41ebbb4f8183e19533facf80df81b1d7ce73bd3a976a2714347d3f11d8,988,FUNCTIONALLY_SIMILAR,unverified,,Requires contextual requirement-by-requirement review; inclusion is not completion.
docx_pre.txt,9b70fb41ebbb4f8183e19533facf80df81b1d7ce73bd3a976a2714347d3f11d8,989,DATASET_SPECIFIC,unverified,,Requires contextual requirement-by-requirement review; inclusion is not completion.
docx_pre.txt,9b70fb41ebbb4f8183e19533facf80df81b1d7ce73bd3a976a2714347d3f11d8,990,NO_MAPPING,unverified,,Requires contextual requirement-by-requirement review; inclusion is not completion.
docx_pre.txt,9b70fb41ebbb4f8183e19533facf80df81b1d7ce73bd3a976a2714347d3f11d8,992,例如：,unverified,,Requires contextual requirement-by-requirement review; inclusion is not completion.
docx_pre.txt,9b70fb41ebbb4f8183e19533facf80df81b1d7ce73bd3a976a2714347d3f11d8,994,Fist / PowerGrip,unverified,,Requires contextual requirement-by-requirement review; inclusion is not completion.
docx_pre.txt,9b70fb41ebbb4f8183e19533facf80df81b1d7ce73bd3a976a2714347d3f11d8,995,Pinch,unverified,,Requires contextual requirement-by-requirement review; inclusion is not completion.
docx_pre.txt,9b70fb41ebbb4f8183e19533facf80df81b1d7ce73bd3a976a2714347d3f11d8,996,Open,unverified,,Requires contextual requirement-by-requirement review; inclusion is not completion.
docx_pre.txt,9b70fb41ebbb4f8183e19533facf80df81b1d7ce73bd3a976a2714347d3f11d8,997,Neutral / Rest,unverified,,Requires contextual requirement-by-requirement review; inclusion is not completion.
docx_pre.txt,9b70fb41ebbb4f8183e19533facf80df81b1d7ce73bd3a976a2714347d3f11d8,999,只有真正语义接近时才进入,unverified,,Requires contextual requirement-by-requirement review; inclusion is not completion.
docx_pre.txt,9b70fb41ebbb4f8183e19533facf80df81b1d7ce73bd3a976a2714347d3f11d8,1000,strict-common-label benchmark。,unverified,,Requires contextual requirement-by-requirement review; inclusion is not completion.
docx_pre.txt,9b70fb41ebbb4f8183e19533facf80df81b1d7ce73bd3a976a2714347d3f11d8,1002,不要为了得到一个统一4分类，,unverified,,Requires contextual requirement-by-requirement review; inclusion is not completion.
docx_pre.txt,9b70fb41ebbb4f8183e19533facf80df81b1d7ce73bd3a976a2714347d3f11d8,1003,强行把完全不同 gesture 合并。,unverified,,Requires contextual requirement-by-requirement review; inclusion is not completion.
docx_pre.txt,9b70fb41ebbb4f8183e19533facf80df81b1d7ce73bd3a976a2714347d3f11d8,1005,允许：,unverified,,Requires contextual requirement-by-requirement review; inclusion is not completion.
docx_pre.txt,9b70fb41ebbb4f8183e19533facf80df81b1d7ce73bd3a976a2714347d3f11d8,1007,shared feature encoder,unverified,,Requires contextual requirement-by-requirement review; inclusion is not completion.
docx_pre.txt,9b70fb41ebbb4f8183e19533facf80df81b1d7ce73bd3a976a2714347d3f11d8,1008,+,unverified,,Requires contextual requirement-by-requirement review; inclusion is not completion.
docx_pre.txt,9b70fb41ebbb4f8183e19533facf80df81b1d7ce73bd3a976a2714347d3f11d8,1009,dataset-specific classification head,unverified,,Requires contextual requirement-by-requirement review; inclusion is not completion.
docx_pre.txt,9b70fb41ebbb4f8183e19533facf80df81b1d7ce73bd3a976a2714347d3f11d8,1011,==================================================,unverified,,Requires contextual requirement-by-requirement review; inclusion is not completion.
docx_pre.txt,9b70fb41ebbb4f8183e19533facf80df81b1d7ce73bd3a976a2714347d3f11d8,1012,10. Channel topology 也必须记录,unverified,,Requires contextual requirement-by-requirement review; inclusion is not completion.
docx_pre.txt,9b70fb41ebbb4f8183e19533facf80df81b1d7ce73bd3a976a2714347d3f11d8,1013,==================================================,unverified,,Requires contextual requirement-by-requirement review; inclusion is not completion.
docx_pre.txt,9b70fb41ebbb4f8183e19533facf80df81b1d7ce73bd3a976a2714347d3f11d8,1015,建立：,unverified,,Requires contextual requirement-by-requirement review; inclusion is not completion.
docx_pre.txt,9b70fb41ebbb4f8183e19533facf80df81b1d7ce73bd3a976a2714347d3f11d8,1017,SENSOR_LAYOUTS.md,unverified,,Requires contextual requirement-by-requirement review; inclusion is not completion.
docx_pre.txt,9b70fb41ebbb4f8183e19533facf80df81b1d7ce73bd3a976a2714347d3f11d8,1019,记录每个 dataset：,unverified,,Requires contextual requirement-by-requirement review; inclusion is not completion.
docx_pre.txt,9b70fb41ebbb4f8183e19533facf80df81b1d7ce73bd3a976a2714347d3f11d8,1021,channel count,unverified,,Requires contextual requirement-by-requirement review; inclusion is not completion.
docx_pre.txt,9b70fb41ebbb4f8183e19533facf80df81b1d7ce73bd3a976a2714347d3f11d8,1022,electrode type,unverified,,Requires contextual requirement-by-requirement review; inclusion is not completion.
docx_pre.txt,9b70fb41ebbb4f8183e19533facf80df81b1d7ce73bd3a976a2714347d3f11d8,1023,ring / targeted muscle / HD grid,unverified,,Requires contextual requirement-by-requirement review; inclusion is not completion.
docx_pre.txt,9b70fb41ebbb4f8183e19533facf80df81b1d7ce73bd3a976a2714347d3f11d8,1024,forearm level,unverified,,Requires contextual requirement-by-requirement review; inclusion is not completion.
docx_pre.txt,9b70fb41ebbb4f8183e19533facf80df81b1d7ce73bd3a976a2714347d3f11d8,1025,sampling rate,unverified,,Requires contextual requirement-by-requirement review; inclusion is not completion.
docx_pre.txt,9b70fb41ebbb4f8183e19533facf80df81b1d7ce73bd3a976a2714347d3f11d8,1026,IMU availability,unverified,,Requires contextual requirement-by-requirement review; inclusion is not completion.
docx_pre.txt,9b70fb41ebbb4f8183e19533facf80df81b1d7ce73bd3a976a2714347d3f11d8,1027,electrode spacing,unverified,,Requires contextual requirement-by-requirement review; inclusion is not completion.
docx_pre.txt,9b70fb41ebbb4f8183e19533facf80df81b1d7ce73bd3a976a2714347d3f11d8,1028,known placement landmarks,unverified,,Requires contextual requirement-by-requirement review; inclusion is not completion.
docx_pre.txt,9b70fb41ebbb4f8183e19533facf80df81b1d7ce73bd3a976a2714347d3f11d8,1030,特别标记与我们的设备相似度：,unverified,,Requires contextual requirement-by-requirement review; inclusion is not completion.
docx_pre.txt,9b70fb41ebbb4f8183e19533facf80df81b1d7ce73bd3a976a2714347d3f11d8,1032,OWN_DEVICE_SIMILARITY:,unverified,,Requires contextual requirement-by-requirement review; inclusion is not completion.
docx_pre.txt,9b70fb41ebbb4f8183e19533facf80df81b1d7ce73bd3a976a2714347d3f11d8,1033,HIGH,unverified,,Requires contextual requirement-by-requirement review; inclusion is not completion.
docx_pre.txt,9b70fb41ebbb4f8183e19533facf80df81b1d7ce73bd3a976a2714347d3f11d8,1034,MEDIUM,unverified,,Requires contextual requirement-by-requirement review; inclusion is not completion.
docx_pre.txt,9b70fb41ebbb4f8183e19533facf80df81b1d7ce73bd3a976a2714347d3f11d8,1035,LOW,unverified,,Requires contextual requirement-by-requirement review; inclusion is not completion.
docx_pre.txt,9b70fb41ebbb4f8183e19533facf80df81b1d7ce73bd3a976a2714347d3f11d8,1037,例如：,unverified,,Requires contextual requirement-by-requirement review; inclusion is not completion.
docx_pre.txt,9b70fb41ebbb4f8183e19533facf80df81b1d7ce73bd3a976a2714347d3f11d8,1039,8ch Myo ring：,unverified,,Requires contextual requirement-by-requirement review; inclusion is not completion.
docx_pre.txt,9b70fb41ebbb4f8183e19533facf80df81b1d7ce73bd3a976a2714347d3f11d8,1040,HIGH,unverified,,Requires contextual requirement-by-requirement review; inclusion is not completion.
docx_pre.txt,9b70fb41ebbb4f8183e19533facf80df81b1d7ce73bd3a976a2714347d3f11d8,1042,16ch double-Myo：,unverified,,Requires contextual requirement-by-requirement review; inclusion is not completion.
docx_pre.txt,9b70fb41ebbb4f8183e19533facf80df81b1d7ce73bd3a976a2714347d3f11d8,1043,MEDIUM-HIGH,unverified,,Requires contextual requirement-by-requirement review; inclusion is not completion.
docx_pre.txt,9b70fb41ebbb4f8183e19533facf80df81b1d7ce73bd3a976a2714347d3f11d8,1045,256ch HD-sEMG：,unverified,,Requires contextual requirement-by-requirement review; inclusion is not completion.
docx_pre.txt,9b70fb41ebbb4f8183e19533facf80df81b1d7ce73bd3a976a2714347d3f11d8,1046,"LOW for direct deployment,",unverified,,Requires contextual requirement-by-requirement review; inclusion is not completion.
docx_pre.txt,9b70fb41ebbb4f8183e19533facf80df81b1d7ce73bd3a976a2714347d3f11d8,1047,HIGH for observability study,unverified,,Requires contextual requirement-by-requirement review; inclusion is not completion.
docx_pre.txt,9b70fb41ebbb4f8183e19533facf80df81b1d7ce73bd3a976a2714347d3f11d8,1049,==================================================,unverified,,Requires contextual requirement-by-requirement review; inclusion is not completion.
docx_pre.txt,9b70fb41ebbb4f8183e19533facf80df81b1d7ce73bd3a976a2714347d3f11d8,1050,11. 最终不要凭感觉决定“最好”,unverified,,Requires contextual requirement-by-requirement review; inclusion is not completion.
docx_pre.txt,9b70fb41ebbb4f8183e19533facf80df81b1d7ce73bd3a976a2714347d3f11d8,1051,==================================================,unverified,,Requires contextual requirement-by-requirement review; inclusion is not completion.
docx_pre.txt,9b70fb41ebbb4f8183e19533facf80df81b1d7ce73bd3a976a2714347d3f11d8,1053,生成：,unverified,,Requires contextual requirement-by-requirement review; inclusion is not completion.
docx_pre.txt,9b70fb41ebbb4f8183e19533facf80df81b1d7ce73bd3a976a2714347d3f11d8,1055,BENCHMARK_SELECTION_REPORT.md,unverified,,Requires contextual requirement-by-requirement review; inclusion is not completion.
docx_pre.txt,9b70fb41ebbb4f8183e19533facf80df81b1d7ce73bd3a976a2714347d3f11d8,1057,每个 failure 回答：,unverified,,Requires contextual requirement-by-requirement review; inclusion is not completion.
docx_pre.txt,9b70fb41ebbb4f8183e19533facf80df81b1d7ce73bd3a976a2714347d3f11d8,1059,1. 哪个 dataset 最适合？,unverified,,Requires contextual requirement-by-requirement review; inclusion is not completion.
docx_pre.txt,9b70fb41ebbb4f8183e19533facf80df81b1d7ce73bd3a976a2714347d3f11d8,1060,2. 为什么？,unverified,,Requires contextual requirement-by-requirement review; inclusion is not completion.
docx_pre.txt,9b70fb41ebbb4f8183e19533facf80df81b1d7ce73bd3a976a2714347d3f11d8,1061,3. 它真正操纵了什么？,unverified,,Requires contextual requirement-by-requirement review; inclusion is not completion.
docx_pre.txt,9b70fb41ebbb4f8183e19533facf80df81b1d7ce73bd3a976a2714347d3f11d8,1062,4. 有哪些 confound？,unverified,,Requires contextual requirement-by-requirement review; inclusion is not completion.
docx_pre.txt,9b70fb41ebbb4f8183e19533facf80df81b1d7ce73bd3a976a2714347d3f11d8,1063,5. 与我们8ch wearable有多接近？,unverified,,Requires contextual requirement-by-requirement review; inclusion is not completion.
docx_pre.txt,9b70fb41ebbb4f8183e19533facf80df81b1d7ce73bd3a976a2714347d3f11d8,1064,6. 是否支持 personal calibration？,unverified,,Requires contextual requirement-by-requirement review; inclusion is not completion.
docx_pre.txt,9b70fb41ebbb4f8183e19533facf80df81b1d7ce73bd3a976a2714347d3f11d8,1065,7. 是否支持 session calibration？,unverified,,Requires contextual requirement-by-requirement review; inclusion is not completion.
docx_pre.txt,9b70fb41ebbb4f8183e19533facf80df81b1d7ce73bd3a976a2714347d3f11d8,1066,8. 它不能回答什么？,unverified,,Requires contextual requirement-by-requirement review; inclusion is not completion.
docx_pre.txt,9b70fb41ebbb4f8183e19533facf80df81b1d7ce73bd3a976a2714347d3f11d8,1067,9. 下载成本多大？,unverified,,Requires contextual requirement-by-requirement review; inclusion is not completion.
docx_pre.txt,9b70fb41ebbb4f8183e19533facf80df81b1d7ce73bd3a976a2714347d3f11d8,1068,10. 最终：,unverified,,Requires contextual requirement-by-requirement review; inclusion is not completion.
docx_pre.txt,9b70fb41ebbb4f8183e19533facf80df81b1d7ce73bd3a976a2714347d3f11d8,1069,    PRIMARY / SECONDARY / DEFER / REJECT,unverified,,Requires contextual requirement-by-requirement review; inclusion is not completion.
docx_pre.txt,9b70fb41ebbb4f8183e19533facf80df81b1d7ce73bd3a976a2714347d3f11d8,1071,==================================================,unverified,,Requires contextual requirement-by-requirement review; inclusion is not completion.
docx_pre.txt,9b70fb41ebbb4f8183e19533facf80df81b1d7ce73bd3a976a2714347d3f11d8,1072,12. 最终最重要的原则,unverified,,Requires contextual requirement-by-requirement review; inclusion is not completion.
docx_pre.txt,9b70fb41ebbb4f8183e19533facf80df81b1d7ce73bd3a976a2714347d3f11d8,1073,==================================================,unverified,,Requires contextual requirement-by-requirement review; inclusion is not completion.
docx_pre.txt,9b70fb41ebbb4f8183e19533facf80df81b1d7ce73bd3a976a2714347d3f11d8,1075,我们的 benchmark suite 不是为了：,unverified,,Requires contextual requirement-by-requirement review; inclusion is not completion.
docx_pre.txt,9b70fb41ebbb4f8183e19533facf80df81b1d7ce73bd3a976a2714347d3f11d8,1077,“在10个数据集上平均F1很高”。,unverified,,Requires contextual requirement-by-requirement review; inclusion is not completion.
docx_pre.txt,9b70fb41ebbb4f8183e19533facf80df81b1d7ce73bd3a976a2714347d3f11d8,1079,而是为了建立一个可解释的 failure test bench：,unverified,,Requires contextual requirement-by-requirement review; inclusion is not completion.
docx_pre.txt,9b70fb41ebbb4f8183e19533facf80df81b1d7ce73bd3a976a2714347d3f11d8,1081,用户换了,unverified,,Requires contextual requirement-by-requirement review; inclusion is not completion.
docx_pre.txt,9b70fb41ebbb4f8183e19533facf80df81b1d7ce73bd3a976a2714347d3f11d8,1082,→ cross-user benchmark,unverified,,Requires contextual requirement-by-requirement review; inclusion is not completion.
docx_pre.txt,9b70fb41ebbb4f8183e19533facf80df81b1d7ce73bd3a976a2714347d3f11d8,1084,今天重新戴,unverified,,Requires contextual requirement-by-requirement review; inclusion is not completion.
docx_pre.txt,9b70fb41ebbb4f8183e19533facf80df81b1d7ce73bd3a976a2714347d3f11d8,1085,→ session/wearing benchmark,unverified,,Requires contextual requirement-by-requirement review; inclusion is not completion.
docx_pre.txt,9b70fb41ebbb4f8183e19533facf80df81b1d7ce73bd3a976a2714347d3f11d8,1087,手环偏了,unverified,,Requires contextual requirement-by-requirement review; inclusion is not completion.
docx_pre.txt,9b70fb41ebbb4f8183e19533facf80df81b1d7ce73bd3a976a2714347d3f11d8,1088,→ electrode-shift benchmark,unverified,,Requires contextual requirement-by-requirement review; inclusion is not completion.
docx_pre.txt,9b70fb41ebbb4f8183e19533facf80df81b1d7ce73bd3a976a2714347d3f11d8,1090,手臂位置变了,unverified,,Requires contextual requirement-by-requirement review; inclusion is not completion.
docx_pre.txt,9b70fb41ebbb4f8183e19533facf80df81b1d7ce73bd3a976a2714347d3f11d8,1091,→ posture benchmark,unverified,,Requires contextual requirement-by-requirement review; inclusion is not completion.
docx_pre.txt,9b70fb41ebbb4f8183e19533facf80df81b1d7ce73bd3a976a2714347d3f11d8,1093,握得更用力,unverified,,Requires contextual requirement-by-requirement review; inclusion is not completion.
docx_pre.txt,9b70fb41ebbb4f8183e19533facf80df81b1d7ce73bd3a976a2714347d3f11d8,1094,→ force benchmark,unverified,,Requires contextual requirement-by-requirement review; inclusion is not completion.
docx_pre.txt,9b70fb41ebbb4f8183e19533facf80df81b1d7ce73bd3a976a2714347d3f11d8,1096,动作做快/慢,unverified,,Requires contextual requirement-by-requirement review; inclusion is not completion.
docx_pre.txt,9b70fb41ebbb4f8183e19533facf80df81b1d7ce73bd3a976a2714347d3f11d8,1097,→ speed benchmark,unverified,,Requires contextual requirement-by-requirement review; inclusion is not completion.
docx_pre.txt,9b70fb41ebbb4f8183e19533facf80df81b1d7ce73bd3a976a2714347d3f11d8,1099,几个事情一起变,unverified,,Requires contextual requirement-by-requirement review; inclusion is not completion.
docx_pre.txt,9b70fb41ebbb4f8183e19533facf80df81b1d7ce73bd3a976a2714347d3f11d8,1100,→ interaction benchmark,unverified,,Requires contextual requirement-by-requirement review; inclusion is not completion.
docx_pre.txt,9b70fb41ebbb4f8183e19533facf80df81b1d7ce73bd3a976a2714347d3f11d8,1102,然后未来每加入一个 Feature Family，,unverified,,Requires contextual requirement-by-requirement review; inclusion is not completion.
docx_pre.txt,9b70fb41ebbb4f8183e19533facf80df81b1d7ce73bd3a976a2714347d3f11d8,1103,都可以得到自己的：,unverified,,Requires contextual requirement-by-requirement review; inclusion is not completion.
docx_pre.txt,9b70fb41ebbb4f8183e19533facf80df81b1d7ce73bd3a976a2714347d3f11d8,1105,Robustness Vector。,unverified,,Requires contextual requirement-by-requirement review; inclusion is not completion.
docx_pre.txt,9b70fb41ebbb4f8183e19533facf80df81b1d7ce73bd3a976a2714347d3f11d8,1107,==================================================,unverified,,Requires contextual requirement-by-requirement review; inclusion is not completion.
docx_pre.txt,9b70fb41ebbb4f8183e19533facf80df81b1d7ce73bd3a976a2714347d3f11d8,1108,13. 本阶段完成标准,unverified,,Requires contextual requirement-by-requirement review; inclusion is not completion.
docx_pre.txt,9b70fb41ebbb4f8183e19533facf80df81b1d7ce73bd3a976a2714347d3f11d8,1109,==================================================,unverified,,Requires contextual requirement-by-requirement review; inclusion is not completion.
docx_pre.txt,9b70fb41ebbb4f8183e19533facf80df81b1d7ce73bd3a976a2714347d3f11d8,1111,完成后必须给我：,unverified,,Requires contextual requirement-by-requirement review; inclusion is not completion.
docx_pre.txt,9b70fb41ebbb4f8183e19533facf80df81b1d7ce73bd3a976a2714347d3f11d8,1113,DATASET_INVENTORY.md,unverified,,Requires contextual requirement-by-requirement review; inclusion is not completion.
docx_pre.txt,9b70fb41ebbb4f8183e19533facf80df81b1d7ce73bd3a976a2714347d3f11d8,1114,DATASET_CANDIDATES.csv,unverified,,Requires contextual requirement-by-requirement review; inclusion is not completion.
docx_pre.txt,9b70fb41ebbb4f8183e19533facf80df81b1d7ce73bd3a976a2714347d3f11d8,1115,FAILURE_BENCHMARK_MATRIX.md,unverified,,Requires contextual requirement-by-requirement review; inclusion is not completion.
docx_pre.txt,9b70fb41ebbb4f8183e19533facf80df81b1d7ce73bd3a976a2714347d3f11d8,1116,BENCHMARK_SELECTION_REPORT.md,unverified,,Requires contextual requirement-by-requirement review; inclusion is not completion.
docx_pre.txt,9b70fb41ebbb4f8183e19533facf80df81b1d7ce73bd3a976a2714347d3f11d8,1117,GESTURE_ONTOLOGY.md,unverified,,Requires contextual requirement-by-requirement review; inclusion is not completion.
docx_pre.txt,9b70fb41ebbb4f8183e19533facf80df81b1d7ce73bd3a976a2714347d3f11d8,1118,SENSOR_LAYOUTS.md,unverified,,Requires contextual requirement-by-requirement review; inclusion is not completion.
docx_pre.txt,9b70fb41ebbb4f8183e19533facf80df81b1d7ce73bd3a976a2714347d3f11d8,1119,DATASET_MANIFEST.json,unverified,,Requires contextual requirement-by-requirement review; inclusion is not completion.
docx_pre.txt,9b70fb41ebbb4f8183e19533facf80df81b1d7ce73bd3a976a2714347d3f11d8,1121,并汇报：,unverified,,Requires contextual requirement-by-requirement review; inclusion is not completion.
docx_pre.txt,9b70fb41ebbb4f8183e19533facf80df81b1d7ce73bd3a976a2714347d3f11d8,1123,Downloaded datasets,unverified,,Requires contextual requirement-by-requirement review; inclusion is not completion.
docx_pre.txt,9b70fb41ebbb4f8183e19533facf80df81b1d7ce73bd3a976a2714347d3f11d8,1124,Deferred datasets,unverified,,Requires contextual requirement-by-requirement review; inclusion is not completion.
docx_pre.txt,9b70fb41ebbb4f8183e19533facf80df81b1d7ce73bd3a976a2714347d3f11d8,1125,Total disk usage,unverified,,Requires contextual requirement-by-requirement review; inclusion is not completion.
docx_pre.txt,9b70fb41ebbb4f8183e19533facf80df81b1d7ce73bd3a976a2714347d3f11d8,1126,Failed downloads,unverified,,Requires contextual requirement-by-requirement review; inclusion is not completion.
docx_pre.txt,9b70fb41ebbb4f8183e19533facf80df81b1d7ce73bd3a976a2714347d3f11d8,1127,Licensing/access problems,unverified,,Requires contextual requirement-by-requirement review; inclusion is not completion.
docx_pre.txt,9b70fb41ebbb4f8183e19533facf80df81b1d7ce73bd3a976a2714347d3f11d8,1128,Checksums,unverified,,Requires contextual requirement-by-requirement review; inclusion is not completion.
docx_pre.txt,9b70fb41ebbb4f8183e19533facf80df81b1d7ce73bd3a976a2714347d3f11d8,1129,Sanity-check result,unverified,,Requires contextual requirement-by-requirement review; inclusion is not completion.
docx_pre.txt,9b70fb41ebbb4f8183e19533facf80df81b1d7ce73bd3a976a2714347d3f11d8,1131,此阶段不要正式跑 Feature Bank。,unverified,,Requires contextual requirement-by-requirement review; inclusion is not completion.
docx_pre.txt,9b70fb41ebbb4f8183e19533facf80df81b1d7ce73bd3a976a2714347d3f11d8,1133,先把 benchmark infrastructure 建正确。,unverified,,Requires contextual requirement-by-requirement review; inclusion is not completion.
docx_goal.txt,4da8b372c8f07936c1156935114849f85c0d83957c1ecacc6a0b6462bdf3b1f0,1,你现在要在现有 EMG/IMU Human-in-the-loop 项目上开展一轮新的“Feature Bank + Personal Calibration”系统性实验。,unverified,,Requires contextual requirement-by-requirement review; inclusion is not completion.
docx_goal.txt,4da8b372c8f07936c1156935114849f85c0d83957c1ecacc6a0b6462bdf3b1f0,3,这不是一次“继续堆特征把 macro-F1 刷高”的实验。请严格按照下面的科研问题、实验边界和分析流程执行。,unverified,,Requires contextual requirement-by-requirement review; inclusion is not completion.
docx_goal.txt,4da8b372c8f07936c1156935114849f85c0d83957c1ecacc6a0b6462bdf3b1f0,5,==================================================,unverified,,Requires contextual requirement-by-requirement review; inclusion is not completion.
docx_goal.txt,4da8b372c8f07936c1156935114849f85c0d83957c1ecacc6a0b6462bdf3b1f0,6,一、研究目标,unverified,,Requires contextual requirement-by-requirement review; inclusion is not completion.
docx_goal.txt,4da8b372c8f07936c1156935114849f85c0d83957c1ecacc6a0b6462bdf3b1f0,7,==================================================,unverified,,Requires contextual requirement-by-requirement review; inclusion is not completion.
docx_goal.txt,4da8b372c8f07936c1156935114849f85c0d83957c1ecacc6a0b6462bdf3b1f0,9,我们目前已经得到两个很重要的经验：,unverified,,Requires contextual requirement-by-requirement review; inclusion is not completion.
docx_goal.txt,4da8b372c8f07936c1156935114849f85c0d83957c1ecacc6a0b6462bdf3b1f0,11,1. 针对单个 failure 的第一代特征往往明显有效：,unverified,,Requires contextual requirement-by-requirement review; inclusion is not completion.
docx_goal.txt,4da8b372c8f07936c1156935114849f85c0d83957c1ecacc6a0b6462bdf3b1f0,12,   - force：X1-H 去除 global scale 后明显改善跨力度泛化；,unverified,,Requires contextual requirement-by-requirement review; inclusion is not completion.
docx_goal.txt,4da8b372c8f07936c1156935114849f85c0d83957c1ecacc6a0b6462bdf3b1f0,13,   - wearing：RLCS 等选择性空间不变量能明显改善佩戴变化。,unverified,,Requires contextual requirement-by-requirement review; inclusion is not completion.
docx_goal.txt,4da8b372c8f07936c1156935114849f85c0d83957c1ecacc6a0b6462bdf3b1f0,15,2. 但继续把同一个方向做得“更 invariant”往往收益很小甚至下降：,unverified,,Requires contextual requirement-by-requirement review; inclusion is not completion.
docx_goal.txt,4da8b372c8f07936c1156935114849f85c0d83957c1ecacc6a0b6462bdf3b1f0,16,   - CES over-invariant，丢掉太多 gesture information；,unverified,,Requires contextual requirement-by-requirement review; inclusion is not completion.
docx_goal.txt,4da8b372c8f07936c1156935114849f85c0d83957c1ecacc6a0b6462bdf3b1f0,17,   - normalized-RLCS 更稳定但损失判别信息；,unverified,,Requires contextual requirement-by-requirement review; inclusion is not completion.
docx_goal.txt,4da8b372c8f07936c1156935114849f85c0d83957c1ecacc6a0b6462bdf3b1f0,18,   - force X2a/X2b 没有超过 X1-H；,unverified,,Requires contextual requirement-by-requirement review; inclusion is not completion.
docx_goal.txt,4da8b372c8f07936c1156935114849f85c0d83957c1ecacc6a0b6462bdf3b1f0,19,   - robust nuisance distance 虽降低 force drift，却误删 gesture-discriminative information；,unverified,,Requires contextual requirement-by-requirement review; inclusion is not completion.
docx_goal.txt,4da8b372c8f07936c1156935114849f85c0d83957c1ecacc6a0b6462bdf3b1f0,20,   - frequency coordination 仅在部分困难条件下互补，不能代替 X1-H。,unverified,,Requires contextual requirement-by-requirement review; inclusion is not completion.
docx_goal.txt,4da8b372c8f07936c1156935114849f85c0d83957c1ecacc6a0b6462bdf3b1f0,22,因此我们当前的假设是：,unverified,,Requires contextual requirement-by-requirement review; inclusion is not completion.
docx_goal.txt,4da8b372c8f07936c1156935114849f85c0d83957c1ecacc6a0b6462bdf3b1f0,24,    后期 error 已经不是几个独立 nuisance 的简单叠加，,unverified,,Requires contextual requirement-by-requirement review; inclusion is not completion.
docx_goal.txt,4da8b372c8f07936c1156935114849f85c0d83957c1ecacc6a0b6462bdf3b1f0,25,    而是 person × force × wearing × posture × day × phase × quality,unverified,,Requires contextual requirement-by-requirement review; inclusion is not completion.
docx_goal.txt,4da8b372c8f07936c1156935114849f85c0d83957c1ecacc6a0b6462bdf3b1f0,26,    等因素的 interaction。,unverified,,Requires contextual requirement-by-requirement review; inclusion is not completion.
docx_goal.txt,4da8b372c8f07936c1156935114849f85c0d83957c1ecacc6a0b6462bdf3b1f0,28,所以本轮目标不是寻找“万能 feature”。,unverified,,Requires contextual requirement-by-requirement review; inclusion is not completion.
docx_goal.txt,4da8b372c8f07936c1156935114849f85c0d83957c1ecacc6a0b6462bdf3b1f0,30,真正目标是构造：,unverified,,Requires contextual requirement-by-requirement review; inclusion is not completion.
docx_goal.txt,4da8b372c8f07936c1156935114849f85c0d83957c1ecacc6a0b6462bdf3b1f0,32,    Shared Feature Bank,unverified,,Requires contextual requirement-by-requirement review; inclusion is not completion.
docx_goal.txt,4da8b372c8f07936c1156935114849f85c0d83957c1ecacc6a0b6462bdf3b1f0,33,    + Personal Calibration,unverified,,Requires contextual requirement-by-requirement review; inclusion is not completion.
docx_goal.txt,4da8b372c8f07936c1156935114849f85c0d83957c1ecacc6a0b6462bdf3b1f0,34,    + Session Context,unverified,,Requires contextual requirement-by-requirement review; inclusion is not completion.
docx_goal.txt,4da8b372c8f07936c1156935114849f85c0d83957c1ecacc6a0b6462bdf3b1f0,35,    + Quality Awareness,unverified,,Requires contextual requirement-by-requirement review; inclusion is not completion.
docx_goal.txt,4da8b372c8f07936c1156935114849f85c0d83957c1ecacc6a0b6462bdf3b1f0,37,然后研究：,unverified,,Requires contextual requirement-by-requirement review; inclusion is not completion.
docx_goal.txt,4da8b372c8f07936c1156935114849f85c0d83957c1ecacc6a0b6462bdf3b1f0,39,1. 每个 feature family 实际解决哪个 failure？,unverified,,Requires contextual requirement-by-requirement review; inclusion is not completion.
docx_goal.txt,4da8b372c8f07936c1156935114849f85c0d83957c1ecacc6a0b6462bdf3b1f0,40,2. 在已有 feature 条件下，它还提供多少“增量信息”？,unverified,,Requires contextual requirement-by-requirement review; inclusion is not completion.
docx_goal.txt,4da8b372c8f07936c1156935114849f85c0d83957c1ecacc6a0b6462bdf3b1f0,41,3. 哪些 feature 虽然单独性能一般，但和现有模型犯不同的错误，因此具有互补价值？,unverified,,Requires contextual requirement-by-requirement review; inclusion is not completion.
docx_goal.txt,4da8b372c8f07936c1156935114849f85c0d83957c1ecacc6a0b6462bdf3b1f0,42,4. 哪些 feature 只有在个人校准后才变得有价值？,unverified,,Requires contextual requirement-by-requirement review; inclusion is not completion.
docx_goal.txt,4da8b372c8f07936c1156935114849f85c0d83957c1ecacc6a0b6462bdf3b1f0,43,5. 最终能否形成一个较小、互补、可解释的 feature bank，而不是无限堆 feature？,unverified,,Requires contextual requirement-by-requirement review; inclusion is not completion.
docx_goal.txt,4da8b372c8f07936c1156935114849f85c0d83957c1ecacc6a0b6462bdf3b1f0,45,不要只给出“哪个 feature 的平均 F1 最大”。,unverified,,Requires contextual requirement-by-requirement review; inclusion is not completion.
docx_goal.txt,4da8b372c8f07936c1156935114849f85c0d83957c1ecacc6a0b6462bdf3b1f0,47,==================================================,unverified,,Requires contextual requirement-by-requirement review; inclusion is not completion.
docx_goal.txt,4da8b372c8f07936c1156935114849f85c0d83957c1ecacc6a0b6462bdf3b1f0,48,二、核心评价思想,unverified,,Requires contextual requirement-by-requirement review; inclusion is not completion.
docx_goal.txt,4da8b372c8f07936c1156935114849f85c0d83957c1ecacc6a0b6462bdf3b1f0,49,==================================================,unverified,,Requires contextual requirement-by-requirement review; inclusion is not completion.
docx_goal.txt,4da8b372c8f07936c1156935114849f85c0d83957c1ecacc6a0b6462bdf3b1f0,51,我们不再问：,unverified,,Requires contextual requirement-by-requirement review; inclusion is not completion.
docx_goal.txt,4da8b372c8f07936c1156935114849f85c0d83957c1ecacc6a0b6462bdf3b1f0,53,    “Feature F 好不好？”,unverified,,Requires contextual requirement-by-requirement review; inclusion is not completion.
docx_goal.txt,4da8b372c8f07936c1156935114849f85c0d83957c1ecacc6a0b6462bdf3b1f0,55,而要问：,unverified,,Requires contextual requirement-by-requirement review; inclusion is not completion.
docx_goal.txt,4da8b372c8f07936c1156935114849f85c0d83957c1ecacc6a0b6462bdf3b1f0,57,    “在已经知道其他信息 Z 的情况下，,unverified,,Requires contextual requirement-by-requirement review; inclusion is not completion.
docx_goal.txt,4da8b372c8f07936c1156935114849f85c0d83957c1ecacc6a0b6462bdf3b1f0,58,     Feature F 还能给 H 提供多少额外预测信息？”,unverified,,Requires contextual requirement-by-requirement review; inclusion is not completion.
docx_goal.txt,4da8b372c8f07936c1156935114849f85c0d83957c1ecacc6a0b6462bdf3b1f0,60,概念上对应：,unverified,,Requires contextual requirement-by-requirement review; inclusion is not completion.
docx_goal.txt,4da8b372c8f07936c1156935114849f85c0d83957c1ecacc6a0b6462bdf3b1f0,62,    I(H ; F | Z),unverified,,Requires contextual requirement-by-requirement review; inclusion is not completion.
docx_goal.txt,4da8b372c8f07936c1156935114849f85c0d83957c1ecacc6a0b6462bdf3b1f0,64,实际工程中不要强行估计高维 mutual information。,unverified,,Requires contextual requirement-by-requirement review; inclusion is not completion.
docx_goal.txt,4da8b372c8f07936c1156935114849f85c0d83957c1ecacc6a0b6462bdf3b1f0,66,主要用 out-of-fold predictive loss improvement 作为条件信息价值的代理：,unverified,,Requires contextual requirement-by-requirement review; inclusion is not completion.
docx_goal.txt,4da8b372c8f07936c1156935114849f85c0d83957c1ecacc6a0b6462bdf3b1f0,68,    M0 : H <- Z,unverified,,Requires contextual requirement-by-requirement review; inclusion is not completion.
docx_goal.txt,4da8b372c8f07936c1156935114849f85c0d83957c1ecacc6a0b6462bdf3b1f0,69,"    M1 : H <- [Z, F]",unverified,,Requires contextual requirement-by-requirement review; inclusion is not completion.
docx_goal.txt,4da8b372c8f07936c1156935114849f85c0d83957c1ecacc6a0b6462bdf3b1f0,71,定义：,unverified,,Requires contextual requirement-by-requirement review; inclusion is not completion.
docx_goal.txt,4da8b372c8f07936c1156935114849f85c0d83957c1ecacc6a0b6462bdf3b1f0,73,    ΔLogLoss(F | Z),unverified,,Requires contextual requirement-by-requirement review; inclusion is not completion.
docx_goal.txt,4da8b372c8f07936c1156935114849f85c0d83957c1ecacc6a0b6462bdf3b1f0,74,      = LogLoss(M0) - LogLoss(M1),unverified,,Requires contextual requirement-by-requirement review; inclusion is not completion.
docx_goal.txt,4da8b372c8f07936c1156935114849f85c0d83957c1ecacc6a0b6462bdf3b1f0,76,同时报告：,unverified,,Requires contextual requirement-by-requirement review; inclusion is not completion.
docx_goal.txt,4da8b372c8f07936c1156935114849f85c0d83957c1ecacc6a0b6462bdf3b1f0,78,    ΔMacroF1,unverified,,Requires contextual requirement-by-requirement review; inclusion is not completion.
docx_goal.txt,4da8b372c8f07936c1156935114849f85c0d83957c1ecacc6a0b6462bdf3b1f0,79,    ΔBrier,unverified,,Requires contextual requirement-by-requirement review; inclusion is not completion.
docx_goal.txt,4da8b372c8f07936c1156935114849f85c0d83957c1ecacc6a0b6462bdf3b1f0,80,    per-class F1,unverified,,Requires contextual requirement-by-requirement review; inclusion is not completion.
docx_goal.txt,4da8b372c8f07936c1156935114849f85c0d83957c1ecacc6a0b6462bdf3b1f0,81,    per-subject result,unverified,,Requires contextual requirement-by-requirement review; inclusion is not completion.
docx_goal.txt,4da8b372c8f07936c1156935114849f85c0d83957c1ecacc6a0b6462bdf3b1f0,83,如果 ΔLogLoss 稳定 > 0，,unverified,,Requires contextual requirement-by-requirement review; inclusion is not completion.
docx_goal.txt,4da8b372c8f07936c1156935114849f85c0d83957c1ecacc6a0b6462bdf3b1f0,84,说明 F 在已有信息基础上仍提供额外预测信息。,unverified,,Requires contextual requirement-by-requirement review; inclusion is not completion.
docx_goal.txt,4da8b372c8f07936c1156935114849f85c0d83957c1ecacc6a0b6462bdf3b1f0,86,所有结果必须严格 out-of-fold / held-out evaluation，,unverified,,Requires contextual requirement-by-requirement review; inclusion is not completion.
docx_goal.txt,4da8b372c8f07936c1156935114849f85c0d83957c1ecacc6a0b6462bdf3b1f0,87,不能用 test 调 feature、超参数或融合权重。,unverified,,Requires contextual requirement-by-requirement review; inclusion is not completion.
docx_goal.txt,4da8b372c8f07936c1156935114849f85c0d83957c1ecacc6a0b6462bdf3b1f0,89,==================================================,unverified,,Requires contextual requirement-by-requirement review; inclusion is not completion.
docx_goal.txt,4da8b372c8f07936c1156935114849f85c0d83957c1ecacc6a0b6462bdf3b1f0,90,三、首先做数据与实验能力审计,unverified,,Requires contextual requirement-by-requirement review; inclusion is not completion.
docx_goal.txt,4da8b372c8f07936c1156935114849f85c0d83957c1ecacc6a0b6462bdf3b1f0,91,==================================================,unverified,,Requires contextual requirement-by-requirement review; inclusion is not completion.
docx_goal.txt,4da8b372c8f07936c1156935114849f85c0d83957c1ecacc6a0b6462bdf3b1f0,93,在写新模型前，先检查 repo、数据集、已有 artifacts 和 split。,unverified,,Requires contextual requirement-by-requirement review; inclusion is not completion.
docx_goal.txt,4da8b372c8f07936c1156935114849f85c0d83957c1ecacc6a0b6462bdf3b1f0,95,建立一个 EXPERIMENT_CAPABILITIES.md，明确：,unverified,,Requires contextual requirement-by-requirement review; inclusion is not completion.
docx_goal.txt,4da8b372c8f07936c1156935114849f85c0d83957c1ecacc6a0b6462bdf3b1f0,97,每个现有 dataset 能验证哪些 failure：,unverified,,Requires contextual requirement-by-requirement review; inclusion is not completion.
docx_goal.txt,4da8b372c8f07936c1156935114849f85c0d83957c1ecacc6a0b6462bdf3b1f0,99,至少考虑：,unverified,,Requires contextual requirement-by-requirement review; inclusion is not completion.
docx_goal.txt,4da8b372c8f07936c1156935114849f85c0d83957c1ecacc6a0b6462bdf3b1f0,101,- force variation,unverified,,Requires contextual requirement-by-requirement review; inclusion is not completion.
docx_goal.txt,4da8b372c8f07936c1156935114849f85c0d83957c1ecacc6a0b6462bdf3b1f0,102,- subject variation,unverified,,Requires contextual requirement-by-requirement review; inclusion is not completion.
docx_goal.txt,4da8b372c8f07936c1156935114849f85c0d83957c1ecacc6a0b6462bdf3b1f0,103,- session/day variation,unverified,,Requires contextual requirement-by-requirement review; inclusion is not completion.
docx_goal.txt,4da8b372c8f07936c1156935114849f85c0d83957c1ecacc6a0b6462bdf3b1f0,104,- wearing/re-donning variation,unverified,,Requires contextual requirement-by-requirement review; inclusion is not completion.
docx_goal.txt,4da8b372c8f07936c1156935114849f85c0d83957c1ecacc6a0b6462bdf3b1f0,105,- posture/limb-position variation,unverified,,Requires contextual requirement-by-requirement review; inclusion is not completion.
docx_goal.txt,4da8b372c8f07936c1156935114849f85c0d83957c1ecacc6a0b6462bdf3b1f0,106,- execution speed / temporal variation,unverified,,Requires contextual requirement-by-requirement review; inclusion is not completion.
docx_goal.txt,4da8b372c8f07936c1156935114849f85c0d83957c1ecacc6a0b6462bdf3b1f0,107,- channel quality / synthetic corruption,unverified,,Requires contextual requirement-by-requirement review; inclusion is not completion.
docx_goal.txt,4da8b372c8f07936c1156935114849f85c0d83957c1ecacc6a0b6462bdf3b1f0,109,不要假装一个 dataset 可以验证它没有的信息。,unverified,,Requires contextual requirement-by-requirement review; inclusion is not completion.
docx_goal.txt,4da8b372c8f07936c1156935114849f85c0d83957c1ecacc6a0b6462bdf3b1f0,111,例如：,unverified,,Requires contextual requirement-by-requirement review; inclusion is not completion.
docx_goal.txt,4da8b372c8f07936c1156935114849f85c0d83957c1ecacc6a0b6462bdf3b1f0,113,- DS2：,unverified,,Requires contextual requirement-by-requirement review; inclusion is not completion.
docx_goal.txt,4da8b372c8f07936c1156935114849f85c0d83957c1ecacc6a0b6462bdf3b1f0,114,  可以做 force；,unverified,,Requires contextual requirement-by-requirement review; inclusion is not completion.
docx_goal.txt,4da8b372c8f07936c1156935114849f85c0d83957c1ecacc6a0b6462bdf3b1f0,115,  只有主观 low/medium/high；,unverified,,Requires contextual requirement-by-requirement review; inclusion is not completion.
docx_goal.txt,4da8b372c8f07936c1156935114849f85c0d83957c1ecacc6a0b6462bdf3b1f0,116,  不要把它说成真实机械力；,unverified,,Requires contextual requirement-by-requirement review; inclusion is not completion.
docx_goal.txt,4da8b372c8f07936c1156935114849f85c0d83957c1ecacc6a0b6462bdf3b1f0,117,  Rest 不应参与 force-level 生理机制分析。,unverified,,Requires contextual requirement-by-requirement review; inclusion is not completion.
docx_goal.txt,4da8b372c8f07936c1156935114849f85c0d83957c1ecacc6a0b6462bdf3b1f0,119,- UniBo：,unverified,,Requires contextual requirement-by-requirement review; inclusion is not completion.
docx_goal.txt,4da8b372c8f07936c1156935114849f85c0d83957c1ecacc6a0b6462bdf3b1f0,120,  可以做 day/posture/subject；,unverified,,Requires contextual requirement-by-requirement review; inclusion is not completion.
docx_goal.txt,4da8b372c8f07936c1156935114849f85c0d83957c1ecacc6a0b6462bdf3b1f0,121,  只有 4ch；,unverified,,Requires contextual requirement-by-requirement review; inclusion is not completion.
docx_goal.txt,4da8b372c8f07936c1156935114849f85c0d83957c1ecacc6a0b6462bdf3b1f0,122,  posture 是 context，不是 IMU direction；,unverified,,Requires contextual requirement-by-requirement review; inclusion is not completion.
docx_goal.txt,4da8b372c8f07936c1156935114849f85c0d83957c1ecacc6a0b6462bdf3b1f0,123,  不要伪造不存在的 IMU。,unverified,,Requires contextual requirement-by-requirement review; inclusion is not completion.
docx_goal.txt,4da8b372c8f07936c1156935114849f85c0d83957c1ecacc6a0b6462bdf3b1f0,125,- 当前自采 8ch：,unverified,,Requires contextual requirement-by-requirement review; inclusion is not completion.
docx_goal.txt,4da8b372c8f07936c1156935114849f85c0d83957c1ecacc6a0b6462bdf3b1f0,126,  如果已有 controlled wearing / cross-day 数据则用于 wearing/day；,unverified,,Requires contextual requirement-by-requirement review; inclusion is not completion.
docx_goal.txt,4da8b372c8f07936c1156935114849f85c0d83957c1ecacc6a0b6462bdf3b1f0,127,  如果数据不足，请明确写“无法正式验证”，不要补造数据。,unverified,,Requires contextual requirement-by-requirement review; inclusion is not completion.
docx_goal.txt,4da8b372c8f07936c1156935114849f85c0d83957c1ecacc6a0b6462bdf3b1f0,129,后续所有 robustness vector 中，,unverified,,Requires contextual requirement-by-requirement review; inclusion is not completion.
docx_goal.txt,4da8b372c8f07936c1156935114849f85c0d83957c1ecacc6a0b6462bdf3b1f0,130,没有真实数据支持的 failure 标为 N/A。,unverified,,Requires contextual requirement-by-requirement review; inclusion is not completion.
docx_goal.txt,4da8b372c8f07936c1156935114849f85c0d83957c1ecacc6a0b6462bdf3b1f0,132,==================================================,unverified,,Requires contextual requirement-by-requirement review; inclusion is not completion.
docx_goal.txt,4da8b372c8f07936c1156935114849f85c0d83957c1ecacc6a0b6462bdf3b1f0,133,四、冻结 baseline 和 split,unverified,,Requires contextual requirement-by-requirement review; inclusion is not completion.
docx_goal.txt,4da8b372c8f07936c1156935114849f85c0d83957c1ecacc6a0b6462bdf3b1f0,134,==================================================,unverified,,Requires contextual requirement-by-requirement review; inclusion is not completion.
docx_goal.txt,4da8b372c8f07936c1156935114849f85c0d83957c1ecacc6a0b6462bdf3b1f0,136,首先复现当前已有 baseline。,unverified,,Requires contextual requirement-by-requirement review; inclusion is not completion.
docx_goal.txt,4da8b372c8f07936c1156935114849f85c0d83957c1ecacc6a0b6462bdf3b1f0,138,至少保留：,unverified,,Requires contextual requirement-by-requirement review; inclusion is not completion.
docx_goal.txt,4da8b372c8f07936c1156935114849f85c0d83957c1ecacc6a0b6462bdf3b1f0,140,B0:,unverified,,Requires contextual requirement-by-requirement review; inclusion is not completion.
docx_goal.txt,4da8b372c8f07936c1156935114849f85c0d83957c1ecacc6a0b6462bdf3b1f0,141,当前传统 baseline / R0。,unverified,,Requires contextual requirement-by-requirement review; inclusion is not completion.
docx_goal.txt,4da8b372c8f07936c1156935114849f85c0d83957c1ecacc6a0b6462bdf3b1f0,143,X1-H:,unverified,,Requires contextual requirement-by-requirement review; inclusion is not completion.
docx_goal.txt,4da8b372c8f07936c1156935114849f85c0d83957c1ecacc6a0b6462bdf3b1f0,144,当前已经验证的 global-scale-normalized force-robust representation。,unverified,,Requires contextual requirement-by-requirement review; inclusion is not completion.
docx_goal.txt,4da8b372c8f07936c1156935114849f85c0d83957c1ecacc6a0b6462bdf3b1f0,146,RLCS:,unverified,,Requires contextual requirement-by-requirement review; inclusion is not completion.
docx_goal.txt,4da8b372c8f07936c1156935114849f85c0d83957c1ecacc6a0b6462bdf3b1f0,147,当前 wearing-relative ring topology feature。,unverified,,Requires contextual requirement-by-requirement review; inclusion is not completion.
docx_goal.txt,4da8b372c8f07936c1156935114849f85c0d83957c1ecacc6a0b6462bdf3b1f0,149,CES:,unverified,,Requires contextual requirement-by-requirement review; inclusion is not completion.
docx_goal.txt,4da8b372c8f07936c1156935114849f85c0d83957c1ecacc6a0b6462bdf3b1f0,150,作为 global coordination auxiliary，不作为主 representation。,unverified,,Requires contextual requirement-by-requirement review; inclusion is not completion.
docx_goal.txt,4da8b372c8f07936c1156935114849f85c0d83957c1ecacc6a0b6462bdf3b1f0,152,G5:,unverified,,Requires contextual requirement-by-requirement review; inclusion is not completion.
docx_goal.txt,4da8b372c8f07936c1156935114849f85c0d83957c1ecacc6a0b6462bdf3b1f0,153,已有 temporal feature family。,unverified,,Requires contextual requirement-by-requirement review; inclusion is not completion.
docx_goal.txt,4da8b372c8f07936c1156935114849f85c0d83957c1ecacc6a0b6462bdf3b1f0,155,Frequency:,unverified,,Requires contextual requirement-by-requirement review; inclusion is not completion.
docx_goal.txt,4da8b372c8f07936c1156935114849f85c0d83957c1ecacc6a0b6462bdf3b1f0,156,已有 frequency coordination 实现。,unverified,,Requires contextual requirement-by-requirement review; inclusion is not completion.
docx_goal.txt,4da8b372c8f07936c1156935114849f85c0d83957c1ecacc6a0b6462bdf3b1f0,158,不要修改已有实验结果。,unverified,,Requires contextual requirement-by-requirement review; inclusion is not completion.
docx_goal.txt,4da8b372c8f07936c1156935114849f85c0d83957c1ecacc6a0b6462bdf3b1f0,160,保存：,unverified,,Requires contextual requirement-by-requirement review; inclusion is not completion.
docx_goal.txt,4da8b372c8f07936c1156935114849f85c0d83957c1ecacc6a0b6462bdf3b1f0,162,- split IDs,unverified,,Requires contextual requirement-by-requirement review; inclusion is not completion.
docx_goal.txt,4da8b372c8f07936c1156935114849f85c0d83957c1ecacc6a0b6462bdf3b1f0,163,- subject IDs,unverified,,Requires contextual requirement-by-requirement review; inclusion is not completion.
docx_goal.txt,4da8b372c8f07936c1156935114849f85c0d83957c1ecacc6a0b6462bdf3b1f0,164,- session IDs,unverified,,Requires contextual requirement-by-requirement review; inclusion is not completion.
docx_goal.txt,4da8b372c8f07936c1156935114849f85c0d83957c1ecacc6a0b6462bdf3b1f0,165,- force labels,unverified,,Requires contextual requirement-by-requirement review; inclusion is not completion.
docx_goal.txt,4da8b372c8f07936c1156935114849f85c0d83957c1ecacc6a0b6462bdf3b1f0,166,- trial IDs,unverified,,Requires contextual requirement-by-requirement review; inclusion is not completion.
docx_goal.txt,4da8b372c8f07936c1156935114849f85c0d83957c1ecacc6a0b6462bdf3b1f0,167,- preprocessing config,unverified,,Requires contextual requirement-by-requirement review; inclusion is not completion.
docx_goal.txt,4da8b372c8f07936c1156935114849f85c0d83957c1ecacc6a0b6462bdf3b1f0,168,- random seeds,unverified,,Requires contextual requirement-by-requirement review; inclusion is not completion.
docx_goal.txt,4da8b372c8f07936c1156935114849f85c0d83957c1ecacc6a0b6462bdf3b1f0,169,- feature config,unverified,,Requires contextual requirement-by-requirement review; inclusion is not completion.
docx_goal.txt,4da8b372c8f07936c1156935114849f85c0d83957c1ecacc6a0b6462bdf3b1f0,170,- model hyperparameters,unverified,,Requires contextual requirement-by-requirement review; inclusion is not completion.
docx_goal.txt,4da8b372c8f07936c1156935114849f85c0d83957c1ecacc6a0b6462bdf3b1f0,172,任何 scaler / PCA / CSP / covariance reference / calibration transform,unverified,,Requires contextual requirement-by-requirement review; inclusion is not completion.
docx_goal.txt,4da8b372c8f07936c1156935114849f85c0d83957c1ecacc6a0b6462bdf3b1f0,173,必须只在 train 或允许的 calibration data 上 fit。,unverified,,Requires contextual requirement-by-requirement review; inclusion is not completion.
docx_goal.txt,4da8b372c8f07936c1156935114849f85c0d83957c1ecacc6a0b6462bdf3b1f0,175,==================================================,unverified,,Requires contextual requirement-by-requirement review; inclusion is not completion.
docx_goal.txt,4da8b372c8f07936c1156935114849f85c0d83957c1ecacc6a0b6462bdf3b1f0,176,五、本轮 Feature Bank 家族,unverified,,Requires contextual requirement-by-requirement review; inclusion is not completion.
docx_goal.txt,4da8b372c8f07936c1156935114849f85c0d83957c1ecacc6a0b6462bdf3b1f0,177,==================================================,unverified,,Requires contextual requirement-by-requirement review; inclusion is not completion.
docx_goal.txt,4da8b372c8f07936c1156935114849f85c0d83957c1ecacc6a0b6462bdf3b1f0,179,不要把几十个 scalar feature 当成几十个实验。,unverified,,Requires contextual requirement-by-requirement review; inclusion is not completion.
docx_goal.txt,4da8b372c8f07936c1156935114849f85c0d83957c1ecacc6a0b6462bdf3b1f0,181,按“信息家族”组织。,unverified,,Requires contextual requirement-by-requirement review; inclusion is not completion.
docx_goal.txt,4da8b372c8f07936c1156935114849f85c0d83957c1ecacc6a0b6462bdf3b1f0,183,--------------------------------------------------,unverified,,Requires contextual requirement-by-requirement review; inclusion is not completion.
docx_goal.txt,4da8b372c8f07936c1156935114849f85c0d83957c1ecacc6a0b6462bdf3b1f0,184,F0. Local / Raw Detail,unverified,,Requires contextual requirement-by-requirement review; inclusion is not completion.
docx_goal.txt,4da8b372c8f07936c1156935114849f85c0d83957c1ecacc6a0b6462bdf3b1f0,185,--------------------------------------------------,unverified,,Requires contextual requirement-by-requirement review; inclusion is not completion.
docx_goal.txt,4da8b372c8f07936c1156935114849f85c0d83957c1ecacc6a0b6462bdf3b1f0,187,作用：,unverified,,Requires contextual requirement-by-requirement review; inclusion is not completion.
docx_goal.txt,4da8b372c8f07936c1156935114849f85c0d83957c1ecacc6a0b6462bdf3b1f0,188,保留最大局部生理判别信息。,unverified,,Requires contextual requirement-by-requirement review; inclusion is not completion.
docx_goal.txt,4da8b372c8f07936c1156935114849f85c0d83957c1ecacc6a0b6462bdf3b1f0,190,包含现有：,unverified,,Requires contextual requirement-by-requirement review; inclusion is not completion.
docx_goal.txt,4da8b372c8f07936c1156935114849f85c0d83957c1ecacc6a0b6462bdf3b1f0,191,- RMS/MAV/WL/ZC/SSC 等 baseline,unverified,,Requires contextual requirement-by-requirement review; inclusion is not completion.
docx_goal.txt,4da8b372c8f07936c1156935114849f85c0d83957c1ecacc6a0b6462bdf3b1f0,192,- R0,unverified,,Requires contextual requirement-by-requirement review; inclusion is not completion.
docx_goal.txt,4da8b372c8f07936c1156935114849f85c0d83957c1ecacc6a0b6462bdf3b1f0,194,角色：,unverified,,Requires contextual requirement-by-requirement review; inclusion is not completion.
docx_goal.txt,4da8b372c8f07936c1156935114849f85c0d83957c1ecacc6a0b6462bdf3b1f0,195,reference / discriminative backbone。,unverified,,Requires contextual requirement-by-requirement review; inclusion is not completion.
docx_goal.txt,4da8b372c8f07936c1156935114849f85c0d83957c1ecacc6a0b6462bdf3b1f0,197,--------------------------------------------------,unverified,,Requires contextual requirement-by-requirement review; inclusion is not completion.
docx_goal.txt,4da8b372c8f07936c1156935114849f85c0d83957c1ecacc6a0b6462bdf3b1f0,198,F1. Scale–Pattern,unverified,,Requires contextual requirement-by-requirement review; inclusion is not completion.
docx_goal.txt,4da8b372c8f07936c1156935114849f85c0d83957c1ecacc6a0b6462bdf3b1f0,199,--------------------------------------------------,unverified,,Requires contextual requirement-by-requirement review; inclusion is not completion.
docx_goal.txt,4da8b372c8f07936c1156935114849f85c0d83957c1ecacc6a0b6462bdf3b1f0,201,作用：,unverified,,Requires contextual requirement-by-requirement review; inclusion is not completion.
docx_goal.txt,4da8b372c8f07936c1156935114849f85c0d83957c1ecacc6a0b6462bdf3b1f0,202,主要处理 contraction intensity 的 global-scale nuisance。,unverified,,Requires contextual requirement-by-requirement review; inclusion is not completion.
docx_goal.txt,4da8b372c8f07936c1156935114849f85c0d83957c1ecacc6a0b6462bdf3b1f0,204,保留：,unverified,,Requires contextual requirement-by-requirement review; inclusion is not completion.
docx_goal.txt,4da8b372c8f07936c1156935114849f85c0d83957c1ecacc6a0b6462bdf3b1f0,205,- X1-H,unverified,,Requires contextual requirement-by-requirement review; inclusion is not completion.
docx_goal.txt,4da8b372c8f07936c1156935114849f85c0d83957c1ecacc6a0b6462bdf3b1f0,207,不要继续做 X2a/X2b trajectory correction。,unverified,,Requires contextual requirement-by-requirement review; inclusion is not completion.
docx_goal.txt,4da8b372c8f07936c1156935114849f85c0d83957c1ecacc6a0b6462bdf3b1f0,208,它们已经失败。,unverified,,Requires contextual requirement-by-requirement review; inclusion is not completion.
docx_goal.txt,4da8b372c8f07936c1156935114849f85c0d83957c1ecacc6a0b6462bdf3b1f0,210,--------------------------------------------------,unverified,,Requires contextual requirement-by-requirement review; inclusion is not completion.
docx_goal.txt,4da8b372c8f07936c1156935114849f85c0d83957c1ecacc6a0b6462bdf3b1f0,211,F2. Spatial Coordination,unverified,,Requires contextual requirement-by-requirement review; inclusion is not completion.
docx_goal.txt,4da8b372c8f07936c1156935114849f85c0d83957c1ecacc6a0b6462bdf3b1f0,212,--------------------------------------------------,unverified,,Requires contextual requirement-by-requirement review; inclusion is not completion.
docx_goal.txt,4da8b372c8f07936c1156935114849f85c0d83957c1ecacc6a0b6462bdf3b1f0,214,目标：,unverified,,Requires contextual requirement-by-requirement review; inclusion is not completion.
docx_goal.txt,4da8b372c8f07936c1156935114849f85c0d83957c1ecacc6a0b6462bdf3b1f0,215,提供“多通道如何共同变化”的信息，,unverified,,Requires contextual requirement-by-requirement review; inclusion is not completion.
docx_goal.txt,4da8b372c8f07936c1156935114849f85c0d83957c1ecacc6a0b6462bdf3b1f0,216,而不是每个通道绝对幅值。,unverified,,Requires contextual requirement-by-requirement review; inclusion is not completion.
docx_goal.txt,4da8b372c8f07936c1156935114849f85c0d83957c1ecacc6a0b6462bdf3b1f0,218,至少实现并保留三个候选：,unverified,,Requires contextual requirement-by-requirement review; inclusion is not completion.
docx_goal.txt,4da8b372c8f07936c1156935114849f85c0d83957c1ecacc6a0b6462bdf3b1f0,220,F2a:,unverified,,Requires contextual requirement-by-requirement review; inclusion is not completion.
docx_goal.txt,4da8b372c8f07936c1156935114849f85c0d83957c1ecacc6a0b6462bdf3b1f0,221,trace-normalized covariance,unverified,,Requires contextual requirement-by-requirement review; inclusion is not completion.
docx_goal.txt,4da8b372c8f07936c1156935114849f85c0d83957c1ecacc6a0b6462bdf3b1f0,223,    Σ = XX^T / trace(XX^T),unverified,,Requires contextual requirement-by-requirement review; inclusion is not completion.
docx_goal.txt,4da8b372c8f07936c1156935114849f85c0d83957c1ecacc6a0b6462bdf3b1f0,225,要求数值稳定、加适当 epsilon / shrinkage。,unverified,,Requires contextual requirement-by-requirement review; inclusion is not completion.
docx_goal.txt,4da8b372c8f07936c1156935114849f85c0d83957c1ecacc6a0b6462bdf3b1f0,227,F2b:,unverified,,Requires contextual requirement-by-requirement review; inclusion is not completion.
docx_goal.txt,4da8b372c8f07936c1156935114849f85c0d83957c1ecacc6a0b6462bdf3b1f0,228,CSP-like representation,unverified,,Requires contextual requirement-by-requirement review; inclusion is not completion.
docx_goal.txt,4da8b372c8f07936c1156935114849f85c0d83957c1ecacc6a0b6462bdf3b1f0,229,只允许在 training fold 内 fit。,unverified,,Requires contextual requirement-by-requirement review; inclusion is not completion.
docx_goal.txt,4da8b372c8f07936c1156935114849f85c0d83957c1ecacc6a0b6462bdf3b1f0,231,F2c:,unverified,,Requires contextual requirement-by-requirement review; inclusion is not completion.
docx_goal.txt,4da8b372c8f07936c1156935114849f85c0d83957c1ecacc6a0b6462bdf3b1f0,232,SPD / Riemannian representation,unverified,,Requires contextual requirement-by-requirement review; inclusion is not completion.
docx_goal.txt,4da8b372c8f07936c1156935114849f85c0d83957c1ecacc6a0b6462bdf3b1f0,233,如果 repo 环境允许，,unverified,,Requires contextual requirement-by-requirement review; inclusion is not completion.
docx_goal.txt,4da8b372c8f07936c1156935114849f85c0d83957c1ecacc6a0b6462bdf3b1f0,234,使用稳定成熟实现；,unverified,,Requires contextual requirement-by-requirement review; inclusion is not completion.
docx_goal.txt,4da8b372c8f07936c1156935114849f85c0d83957c1ecacc6a0b6462bdf3b1f0,235,如果依赖过重，可以先做 tangent-space covariance。,unverified,,Requires contextual requirement-by-requirement review; inclusion is not completion.
docx_goal.txt,4da8b372c8f07936c1156935114849f85c0d83957c1ecacc6a0b6462bdf3b1f0,237,不要现在强行选其中一个。,unverified,,Requires contextual requirement-by-requirement review; inclusion is not completion.
docx_goal.txt,4da8b372c8f07936c1156935114849f85c0d83957c1ecacc6a0b6462bdf3b1f0,238,先视为同一 family 的内部候选。,unverified,,Requires contextual requirement-by-requirement review; inclusion is not completion.
docx_goal.txt,4da8b372c8f07936c1156935114849f85c0d83957c1ecacc6a0b6462bdf3b1f0,240,--------------------------------------------------,unverified,,Requires contextual requirement-by-requirement review; inclusion is not completion.
docx_goal.txt,4da8b372c8f07936c1156935114849f85c0d83957c1ecacc6a0b6462bdf3b1f0,241,F3. Ring Geometry / Wearing,unverified,,Requires contextual requirement-by-requirement review; inclusion is not completion.
docx_goal.txt,4da8b372c8f07936c1156935114849f85c0d83957c1ecacc6a0b6462bdf3b1f0,242,--------------------------------------------------,unverified,,Requires contextual requirement-by-requirement review; inclusion is not completion.
docx_goal.txt,4da8b372c8f07936c1156935114849f85c0d83957c1ecacc6a0b6462bdf3b1f0,244,保留：,unverified,,Requires contextual requirement-by-requirement review; inclusion is not completion.
docx_goal.txt,4da8b372c8f07936c1156935114849f85c0d83957c1ecacc6a0b6462bdf3b1f0,245,- RLCS,unverified,,Requires contextual requirement-by-requirement review; inclusion is not completion.
docx_goal.txt,4da8b372c8f07936c1156935114849f85c0d83957c1ecacc6a0b6462bdf3b1f0,246,- CES（auxiliary）,unverified,,Requires contextual requirement-by-requirement review; inclusion is not completion.
docx_goal.txt,4da8b372c8f07936c1156935114849f85c0d83957c1ecacc6a0b6462bdf3b1f0,248,新增候选：,unverified,,Requires contextual requirement-by-requirement review; inclusion is not completion.
docx_goal.txt,4da8b372c8f07936c1156935114849f85c0d83957c1ecacc6a0b6462bdf3b1f0,250,Ring-relative covariance。,unverified,,Requires contextual requirement-by-requirement review; inclusion is not completion.
docx_goal.txt,4da8b372c8f07936c1156935114849f85c0d83957c1ecacc6a0b6462bdf3b1f0,252,对环形通道距离 d：,unverified,,Requires contextual requirement-by-requirement review; inclusion is not completion.
docx_goal.txt,4da8b372c8f07936c1156935114849f85c0d83957c1ecacc6a0b6462bdf3b1f0,254,"    Cov(x_i, x_{i+d})",unverified,,Requires contextual requirement-by-requirement review; inclusion is not completion.
docx_goal.txt,4da8b372c8f07936c1156935114849f85c0d83957c1ecacc6a0b6462bdf3b1f0,256,按 circular topology 聚合。,unverified,,Requires contextual requirement-by-requirement review; inclusion is not completion.
docx_goal.txt,4da8b372c8f07936c1156935114849f85c0d83957c1ecacc6a0b6462bdf3b1f0,258,考虑：,unverified,,Requires contextual requirement-by-requirement review; inclusion is not completion.
docx_goal.txt,4da8b372c8f07936c1156935114849f85c0d83957c1ecacc6a0b6462bdf3b1f0,259,- robust mean,unverified,,Requires contextual requirement-by-requirement review; inclusion is not completion.
docx_goal.txt,4da8b372c8f07936c1156935114849f85c0d83957c1ecacc6a0b6462bdf3b1f0,260,- spread,unverified,,Requires contextual requirement-by-requirement review; inclusion is not completion.
docx_goal.txt,4da8b372c8f07936c1156935114849f85c0d83957c1ecacc6a0b6462bdf3b1f0,261,- quantiles,unverified,,Requires contextual requirement-by-requirement review; inclusion is not completion.
docx_goal.txt,4da8b372c8f07936c1156935114849f85c0d83957c1ecacc6a0b6462bdf3b1f0,262,- temporal stability,unverified,,Requires contextual requirement-by-requirement review; inclusion is not completion.
docx_goal.txt,4da8b372c8f07936c1156935114849f85c0d83957c1ecacc6a0b6462bdf3b1f0,264,目的：,unverified,,Requires contextual requirement-by-requirement review; inclusion is not completion.
docx_goal.txt,4da8b372c8f07936c1156935114849f85c0d83957c1ecacc6a0b6462bdf3b1f0,265,比单纯 lag correlation 增加 dynamic coordination 信息，,unverified,,Requires contextual requirement-by-requirement review; inclusion is not completion.
docx_goal.txt,4da8b372c8f07936c1156935114849f85c0d83957c1ecacc6a0b6462bdf3b1f0,266,同时保持 ring-relative topology。,unverified,,Requires contextual requirement-by-requirement review; inclusion is not completion.
docx_goal.txt,4da8b372c8f07936c1156935114849f85c0d83957c1ecacc6a0b6462bdf3b1f0,268,--------------------------------------------------,unverified,,Requires contextual requirement-by-requirement review; inclusion is not completion.
docx_goal.txt,4da8b372c8f07936c1156935114849f85c0d83957c1ecacc6a0b6462bdf3b1f0,269,F4. Spectral State,unverified,,Requires contextual requirement-by-requirement review; inclusion is not completion.
docx_goal.txt,4da8b372c8f07936c1156935114849f85c0d83957c1ecacc6a0b6462bdf3b1f0,270,--------------------------------------------------,unverified,,Requires contextual requirement-by-requirement review; inclusion is not completion.
docx_goal.txt,4da8b372c8f07936c1156935114849f85c0d83957c1ecacc6a0b6462bdf3b1f0,272,不要把它定义成“force feature”。,unverified,,Requires contextual requirement-by-requirement review; inclusion is not completion.
docx_goal.txt,4da8b372c8f07936c1156935114849f85c0d83957c1ecacc6a0b6462bdf3b1f0,274,它是另一种 EMG observation view。,unverified,,Requires contextual requirement-by-requirement review; inclusion is not completion.
docx_goal.txt,4da8b372c8f07936c1156935114849f85c0d83957c1ecacc6a0b6462bdf3b1f0,276,保留/实现：,unverified,,Requires contextual requirement-by-requirement review; inclusion is not completion.
docx_goal.txt,4da8b372c8f07936c1156935114849f85c0d83957c1ecacc6a0b6462bdf3b1f0,278,- existing frequency coordination,unverified,,Requires contextual requirement-by-requirement review; inclusion is not completion.
docx_goal.txt,4da8b372c8f07936c1156935114849f85c0d83957c1ecacc6a0b6462bdf3b1f0,279,- CCA / cepstral-type robust spectral summary（若实现成本合理）,unverified,,Requires contextual requirement-by-requirement review; inclusion is not completion.
docx_goal.txt,4da8b372c8f07936c1156935114849f85c0d83957c1ecacc6a0b6462bdf3b1f0,280,- normalized band-energy orientation,unverified,,Requires contextual requirement-by-requirement review; inclusion is not completion.
docx_goal.txt,4da8b372c8f07936c1156935114849f85c0d83957c1ecacc6a0b6462bdf3b1f0,281,- spectral centroid / median-frequency type summary,unverified,,Requires contextual requirement-by-requirement review; inclusion is not completion.
docx_goal.txt,4da8b372c8f07936c1156935114849f85c0d83957c1ecacc6a0b6462bdf3b1f0,283,如果存在 personal/session calibration，,unverified,,Requires contextual requirement-by-requirement review; inclusion is not completion.
docx_goal.txt,4da8b372c8f07936c1156935114849f85c0d83957c1ecacc6a0b6462bdf3b1f0,284,额外构造：,unverified,,Requires contextual requirement-by-requirement review; inclusion is not completion.
docx_goal.txt,4da8b372c8f07936c1156935114849f85c0d83957c1ecacc6a0b6462bdf3b1f0,286,    ΔSpectrum,unverified,,Requires contextual requirement-by-requirement review; inclusion is not completion.
docx_goal.txt,4da8b372c8f07936c1156935114849f85c0d83957c1ecacc6a0b6462bdf3b1f0,287,      = current spectrum,unverified,,Requires contextual requirement-by-requirement review; inclusion is not completion.
docx_goal.txt,4da8b372c8f07936c1156935114849f85c0d83957c1ecacc6a0b6462bdf3b1f0,288,        - personal/session baseline spectrum,unverified,,Requires contextual requirement-by-requirement review; inclusion is not completion.
docx_goal.txt,4da8b372c8f07936c1156935114849f85c0d83957c1ecacc6a0b6462bdf3b1f0,290,注意：,unverified,,Requires contextual requirement-by-requirement review; inclusion is not completion.
docx_goal.txt,4da8b372c8f07936c1156935114849f85c0d83957c1ecacc6a0b6462bdf3b1f0,291,不要声称 spectral shift 一定等于 fatigue。,unverified,,Requires contextual requirement-by-requirement review; inclusion is not completion.
docx_goal.txt,4da8b372c8f07936c1156935114849f85c0d83957c1ecacc6a0b6462bdf3b1f0,292,它只是 session/context feature。,unverified,,Requires contextual requirement-by-requirement review; inclusion is not completion.
docx_goal.txt,4da8b372c8f07936c1156935114849f85c0d83957c1ecacc6a0b6462bdf3b1f0,294,--------------------------------------------------,unverified,,Requires contextual requirement-by-requirement review; inclusion is not completion.
docx_goal.txt,4da8b372c8f07936c1156935114849f85c0d83957c1ecacc6a0b6462bdf3b1f0,295,F5. Temporal Form,unverified,,Requires contextual requirement-by-requirement review; inclusion is not completion.
docx_goal.txt,4da8b372c8f07936c1156935114849f85c0d83957c1ecacc6a0b6462bdf3b1f0,296,--------------------------------------------------,unverified,,Requires contextual requirement-by-requirement review; inclusion is not completion.
docx_goal.txt,4da8b372c8f07936c1156935114849f85c0d83957c1ecacc6a0b6462bdf3b1f0,298,保留：,unverified,,Requires contextual requirement-by-requirement review; inclusion is not completion.
docx_goal.txt,4da8b372c8f07936c1156935114849f85c0d83957c1ecacc6a0b6462bdf3b1f0,299,- G5 temporal feature,unverified,,Requires contextual requirement-by-requirement review; inclusion is not completion.
docx_goal.txt,4da8b372c8f07936c1156935114849f85c0d83957c1ecacc6a0b6462bdf3b1f0,301,新增至少一个 temporal-shape candidate：,unverified,,Requires contextual requirement-by-requirement review; inclusion is not completion.
docx_goal.txt,4da8b372c8f07936c1156935114849f85c0d83957c1ecacc6a0b6462bdf3b1f0,303,优先：,unverified,,Requires contextual requirement-by-requirement review; inclusion is not completion.
docx_goal.txt,4da8b372c8f07936c1156935114849f85c0d83957c1ecacc6a0b6462bdf3b1f0,304,DTW / template-distance style representation。,unverified,,Requires contextual requirement-by-requirement review; inclusion is not completion.
docx_goal.txt,4da8b372c8f07936c1156935114849f85c0d83957c1ecacc6a0b6462bdf3b1f0,306,如果实现成本可控，再加：,unverified,,Requires contextual requirement-by-requirement review; inclusion is not completion.
docx_goal.txt,4da8b372c8f07936c1156935114849f85c0d83957c1ecacc6a0b6462bdf3b1f0,307,Path-signature / low-order signature representation。,unverified,,Requires contextual requirement-by-requirement review; inclusion is not completion.
docx_goal.txt,4da8b372c8f07936c1156935114849f85c0d83957c1ecacc6a0b6462bdf3b1f0,309,输入可以是：,unverified,,Requires contextual requirement-by-requirement review; inclusion is not completion.
docx_goal.txt,4da8b372c8f07936c1156935114849f85c0d83957c1ecacc6a0b6462bdf3b1f0,311,"    [envelope_ch1(t), ..., envelope_chC(t)]",unverified,,Requires contextual requirement-by-requirement review; inclusion is not completion.
docx_goal.txt,4da8b372c8f07936c1156935114849f85c0d83957c1ecacc6a0b6462bdf3b1f0,313,不要上非常高阶 signature。,unverified,,Requires contextual requirement-by-requirement review; inclusion is not completion.
docx_goal.txt,4da8b372c8f07936c1156935114849f85c0d83957c1ecacc6a0b6462bdf3b1f0,314,先做低阶、稳定、可解释版本。,unverified,,Requires contextual requirement-by-requirement review; inclusion is not completion.
docx_goal.txt,4da8b372c8f07936c1156935114849f85c0d83957c1ecacc6a0b6462bdf3b1f0,316,目标：,unverified,,Requires contextual requirement-by-requirement review; inclusion is not completion.
docx_goal.txt,4da8b372c8f07936c1156935114849f85c0d83957c1ecacc6a0b6462bdf3b1f0,317,捕捉 onset / hold / release / execution-speed variation，,unverified,,Requires contextual requirement-by-requirement review; inclusion is not completion.
docx_goal.txt,4da8b372c8f07936c1156935114849f85c0d83957c1ecacc6a0b6462bdf3b1f0,318,而不是只看窗口平均。,unverified,,Requires contextual requirement-by-requirement review; inclusion is not completion.
docx_goal.txt,4da8b372c8f07936c1156935114849f85c0d83957c1ecacc6a0b6462bdf3b1f0,320,--------------------------------------------------,unverified,,Requires contextual requirement-by-requirement review; inclusion is not completion.
docx_goal.txt,4da8b372c8f07936c1156935114849f85c0d83957c1ecacc6a0b6462bdf3b1f0,321,F6. Body Context,unverified,,Requires contextual requirement-by-requirement review; inclusion is not completion.
docx_goal.txt,4da8b372c8f07936c1156935114849f85c0d83957c1ecacc6a0b6462bdf3b1f0,322,--------------------------------------------------,unverified,,Requires contextual requirement-by-requirement review; inclusion is not completion.
docx_goal.txt,4da8b372c8f07936c1156935114849f85c0d83957c1ecacc6a0b6462bdf3b1f0,324,如果 dataset 有 IMU 或可靠 posture label：,unverified,,Requires contextual requirement-by-requirement review; inclusion is not completion.
docx_goal.txt,4da8b372c8f07936c1156935114849f85c0d83957c1ecacc6a0b6462bdf3b1f0,326,不要做“posture invariant EMG”。,unverified,,Requires contextual requirement-by-requirement review; inclusion is not completion.
docx_goal.txt,4da8b372c8f07936c1156935114849f85c0d83957c1ecacc6a0b6462bdf3b1f0,328,直接把 posture/context 条件化。,unverified,,Requires contextual requirement-by-requirement review; inclusion is not completion.
docx_goal.txt,4da8b372c8f07936c1156935114849f85c0d83957c1ecacc6a0b6462bdf3b1f0,330,例如：,unverified,,Requires contextual requirement-by-requirement review; inclusion is not completion.
docx_goal.txt,4da8b372c8f07936c1156935114849f85c0d83957c1ecacc6a0b6462bdf3b1f0,332,- gravity-relative orientation,unverified,,Requires contextual requirement-by-requirement review; inclusion is not completion.
docx_goal.txt,4da8b372c8f07936c1156935114849f85c0d83957c1ecacc6a0b6462bdf3b1f0,333,- angular velocity summary,unverified,,Requires contextual requirement-by-requirement review; inclusion is not completion.
docx_goal.txt,4da8b372c8f07936c1156935114849f85c0d83957c1ecacc6a0b6462bdf3b1f0,334,- posture ID（仅在 public dataset 真有 posture label 时）,unverified,,Requires contextual requirement-by-requirement review; inclusion is not completion.
docx_goal.txt,4da8b372c8f07936c1156935114849f85c0d83957c1ecacc6a0b6462bdf3b1f0,335,- movement/static context,unverified,,Requires contextual requirement-by-requirement review; inclusion is not completion.
docx_goal.txt,4da8b372c8f07936c1156935114849f85c0d83957c1ecacc6a0b6462bdf3b1f0,337,测试：,unverified,,Requires contextual requirement-by-requirement review; inclusion is not completion.
docx_goal.txt,4da8b372c8f07936c1156935114849f85c0d83957c1ecacc6a0b6462bdf3b1f0,339,    H <- EMG only,unverified,,Requires contextual requirement-by-requirement review; inclusion is not completion.
docx_goal.txt,4da8b372c8f07936c1156935114849f85c0d83957c1ecacc6a0b6462bdf3b1f0,340,vs,unverified,,Requires contextual requirement-by-requirement review; inclusion is not completion.
docx_goal.txt,4da8b372c8f07936c1156935114849f85c0d83957c1ecacc6a0b6462bdf3b1f0,341,    H <- EMG + body context,unverified,,Requires contextual requirement-by-requirement review; inclusion is not completion.
docx_goal.txt,4da8b372c8f07936c1156935114849f85c0d83957c1ecacc6a0b6462bdf3b1f0,343,如果没有 IMU，不要伪造。,unverified,,Requires contextual requirement-by-requirement review; inclusion is not completion.
docx_goal.txt,4da8b372c8f07936c1156935114849f85c0d83957c1ecacc6a0b6462bdf3b1f0,345,--------------------------------------------------,unverified,,Requires contextual requirement-by-requirement review; inclusion is not completion.
docx_goal.txt,4da8b372c8f07936c1156935114849f85c0d83957c1ecacc6a0b6462bdf3b1f0,346,F7. Personal Anchor Coordinates,unverified,,Requires contextual requirement-by-requirement review; inclusion is not completion.
docx_goal.txt,4da8b372c8f07936c1156935114849f85c0d83957c1ecacc6a0b6462bdf3b1f0,347,--------------------------------------------------,unverified,,Requires contextual requirement-by-requirement review; inclusion is not completion.
docx_goal.txt,4da8b372c8f07936c1156935114849f85c0d83957c1ecacc6a0b6462bdf3b1f0,349,这是本轮非常重要的新 family。,unverified,,Requires contextual requirement-by-requirement review; inclusion is not completion.
docx_goal.txt,4da8b372c8f07936c1156935114849f85c0d83957c1ecacc6a0b6462bdf3b1f0,351,对 target user 的 calibration data，,unverified,,Requires contextual requirement-by-requirement review; inclusion is not completion.
docx_goal.txt,4da8b372c8f07936c1156935114849f85c0d83957c1ecacc6a0b6462bdf3b1f0,352,在每个 feature space k 中建立 gesture prototype：,unverified,,Requires contextual requirement-by-requirement review; inclusion is not completion.
docx_goal.txt,4da8b372c8f07936c1156935114849f85c0d83957c1ecacc6a0b6462bdf3b1f0,354,"    μ_{u,h}^{(k)}",unverified,,Requires contextual requirement-by-requirement review; inclusion is not completion.
docx_goal.txt,4da8b372c8f07936c1156935114849f85c0d83957c1ecacc6a0b6462bdf3b1f0,356,对一个新样本 z_k，,unverified,,Requires contextual requirement-by-requirement review; inclusion is not completion.
docx_goal.txt,4da8b372c8f07936c1156935114849f85c0d83957c1ecacc6a0b6462bdf3b1f0,357,构造：,unverified,,Requires contextual requirement-by-requirement review; inclusion is not completion.
docx_goal.txt,4da8b372c8f07936c1156935114849f85c0d83957c1ecacc6a0b6462bdf3b1f0,359,    A_u^{(k)}(x),unverified,,Requires contextual requirement-by-requirement review; inclusion is not completion.
docx_goal.txt,4da8b372c8f07936c1156935114849f85c0d83957c1ecacc6a0b6462bdf3b1f0,360,      =,unverified,,Requires contextual requirement-by-requirement review; inclusion is not completion.
docx_goal.txt,4da8b372c8f07936c1156935114849f85c0d83957c1ecacc6a0b6462bdf3b1f0,361,      [,unverified,,Requires contextual requirement-by-requirement review; inclusion is not completion.
docx_goal.txt,4da8b372c8f07936c1156935114849f85c0d83957c1ecacc6a0b6462bdf3b1f0,362,"        d(z_k, μ_{u,Neutral}),",unverified,,Requires contextual requirement-by-requirement review; inclusion is not completion.
docx_goal.txt,4da8b372c8f07936c1156935114849f85c0d83957c1ecacc6a0b6462bdf3b1f0,363,"        d(z_k, μ_{u,Pinch}),",unverified,,Requires contextual requirement-by-requirement review; inclusion is not completion.
docx_goal.txt,4da8b372c8f07936c1156935114849f85c0d83957c1ecacc6a0b6462bdf3b1f0,364,"        d(z_k, μ_{u,Fist}),",unverified,,Requires contextual requirement-by-requirement review; inclusion is not completion.
docx_goal.txt,4da8b372c8f07936c1156935114849f85c0d83957c1ecacc6a0b6462bdf3b1f0,365,"        d(z_k, μ_{u,Open})",unverified,,Requires contextual requirement-by-requirement review; inclusion is not completion.
docx_goal.txt,4da8b372c8f07936c1156935114849f85c0d83957c1ecacc6a0b6462bdf3b1f0,366,      ],unverified,,Requires contextual requirement-by-requirement review; inclusion is not completion.
docx_goal.txt,4da8b372c8f07936c1156935114849f85c0d83957c1ecacc6a0b6462bdf3b1f0,368,也可以加入 similarity。,unverified,,Requires contextual requirement-by-requirement review; inclusion is not completion.
docx_goal.txt,4da8b372c8f07936c1156935114849f85c0d83957c1ecacc6a0b6462bdf3b1f0,370,目标：,unverified,,Requires contextual requirement-by-requirement review; inclusion is not completion.
docx_goal.txt,4da8b372c8f07936c1156935114849f85c0d83957c1ecacc6a0b6462bdf3b1f0,372,把绝对坐标：,unverified,,Requires contextual requirement-by-requirement review; inclusion is not completion.
docx_goal.txt,4da8b372c8f07936c1156935114849f85c0d83957c1ecacc6a0b6462bdf3b1f0,374,    “Ch3 = 0.72”,unverified,,Requires contextual requirement-by-requirement review; inclusion is not completion.
docx_goal.txt,4da8b372c8f07936c1156935114849f85c0d83957c1ecacc6a0b6462bdf3b1f0,376,转换成相对于这个用户自己的坐标：,unverified,,Requires contextual requirement-by-requirement review; inclusion is not completion.
docx_goal.txt,4da8b372c8f07936c1156935114849f85c0d83957c1ecacc6a0b6462bdf3b1f0,378,    “更像他自己的 Fist 还是 Pinch？”,unverified,,Requires contextual requirement-by-requirement review; inclusion is not completion.
docx_goal.txt,4da8b372c8f07936c1156935114849f85c0d83957c1ecacc6a0b6462bdf3b1f0,380,distance 必须与 feature space 匹配：,unverified,,Requires contextual requirement-by-requirement review; inclusion is not completion.
docx_goal.txt,4da8b372c8f07936c1156935114849f85c0d83957c1ecacc6a0b6462bdf3b1f0,381,- Euclidean / standardized distance,unverified,,Requires contextual requirement-by-requirement review; inclusion is not completion.
docx_goal.txt,4da8b372c8f07936c1156935114849f85c0d83957c1ecacc6a0b6462bdf3b1f0,382,- cosine,unverified,,Requires contextual requirement-by-requirement review; inclusion is not completion.
docx_goal.txt,4da8b372c8f07936c1156935114849f85c0d83957c1ecacc6a0b6462bdf3b1f0,383,- covariance/Riemannian distance 如适用,unverified,,Requires contextual requirement-by-requirement review; inclusion is not completion.
docx_goal.txt,4da8b372c8f07936c1156935114849f85c0d83957c1ecacc6a0b6462bdf3b1f0,385,不要使用 test sample 更新 prototype。,unverified,,Requires contextual requirement-by-requirement review; inclusion is not completion.
docx_goal.txt,4da8b372c8f07936c1156935114849f85c0d83957c1ecacc6a0b6462bdf3b1f0,387,--------------------------------------------------,unverified,,Requires contextual requirement-by-requirement review; inclusion is not completion.
docx_goal.txt,4da8b372c8f07936c1156935114849f85c0d83957c1ecacc6a0b6462bdf3b1f0,388,F8. Session Signature,unverified,,Requires contextual requirement-by-requirement review; inclusion is not completion.
docx_goal.txt,4da8b372c8f07936c1156935114849f85c0d83957c1ecacc6a0b6462bdf3b1f0,389,--------------------------------------------------,unverified,,Requires contextual requirement-by-requirement review; inclusion is not completion.
docx_goal.txt,4da8b372c8f07936c1156935114849f85c0d83957c1ecacc6a0b6462bdf3b1f0,391,目标：,unverified,,Requires contextual requirement-by-requirement review; inclusion is not completion.
docx_goal.txt,4da8b372c8f07936c1156935114849f85c0d83957c1ecacc6a0b6462bdf3b1f0,393,显式描述“今天相对于这个用户长期 profile 有什么变化”。,unverified,,Requires contextual requirement-by-requirement review; inclusion is not completion.
docx_goal.txt,4da8b372c8f07936c1156935114849f85c0d83957c1ecacc6a0b6462bdf3b1f0,395,如果数据允许 user 有多个 session：,unverified,,Requires contextual requirement-by-requirement review; inclusion is not completion.
docx_goal.txt,4da8b372c8f07936c1156935114849f85c0d83957c1ecacc6a0b6462bdf3b1f0,397,长期 personal anchor：,unverified,,Requires contextual requirement-by-requirement review; inclusion is not completion.
docx_goal.txt,4da8b372c8f07936c1156935114849f85c0d83957c1ecacc6a0b6462bdf3b1f0,399,"    μ_{u,h,k}",unverified,,Requires contextual requirement-by-requirement review; inclusion is not completion.
docx_goal.txt,4da8b372c8f07936c1156935114849f85c0d83957c1ecacc6a0b6462bdf3b1f0,401,当前 session calibration：,unverified,,Requires contextual requirement-by-requirement review; inclusion is not completion.
docx_goal.txt,4da8b372c8f07936c1156935114849f85c0d83957c1ecacc6a0b6462bdf3b1f0,403,"    μ_{u,s,h,k}",unverified,,Requires contextual requirement-by-requirement review; inclusion is not completion.
docx_goal.txt,4da8b372c8f07936c1156935114849f85c0d83957c1ecacc6a0b6462bdf3b1f0,405,定义 residual：,unverified,,Requires contextual requirement-by-requirement review; inclusion is not completion.
docx_goal.txt,4da8b372c8f07936c1156935114849f85c0d83957c1ecacc6a0b6462bdf3b1f0,407,"    r_{u,s,h,k}",unverified,,Requires contextual requirement-by-requirement review; inclusion is not completion.
docx_goal.txt,4da8b372c8f07936c1156935114849f85c0d83957c1ecacc6a0b6462bdf3b1f0,408,"      = μ_{u,s,h,k} - μ_{u,h,k}",unverified,,Requires contextual requirement-by-requirement review; inclusion is not completion.
docx_goal.txt,4da8b372c8f07936c1156935114849f85c0d83957c1ecacc6a0b6462bdf3b1f0,410,session signature 可包含：,unverified,,Requires contextual requirement-by-requirement review; inclusion is not completion.
docx_goal.txt,4da8b372c8f07936c1156935114849f85c0d83957c1ecacc6a0b6462bdf3b1f0,412,- X1 scale residual,unverified,,Requires contextual requirement-by-requirement review; inclusion is not completion.
docx_goal.txt,4da8b372c8f07936c1156935114849f85c0d83957c1ecacc6a0b6462bdf3b1f0,413,- RLCS residual,unverified,,Requires contextual requirement-by-requirement review; inclusion is not completion.
docx_goal.txt,4da8b372c8f07936c1156935114849f85c0d83957c1ecacc6a0b6462bdf3b1f0,414,- spectral residual,unverified,,Requires contextual requirement-by-requirement review; inclusion is not completion.
docx_goal.txt,4da8b372c8f07936c1156935114849f85c0d83957c1ecacc6a0b6462bdf3b1f0,415,- covariance residual,unverified,,Requires contextual requirement-by-requirement review; inclusion is not completion.
docx_goal.txt,4da8b372c8f07936c1156935114849f85c0d83957c1ecacc6a0b6462bdf3b1f0,416,- channel-quality change,unverified,,Requires contextual requirement-by-requirement review; inclusion is not completion.
docx_goal.txt,4da8b372c8f07936c1156935114849f85c0d83957c1ecacc6a0b6462bdf3b1f0,417,- rest-noise change,unverified,,Requires contextual requirement-by-requirement review; inclusion is not completion.
docx_goal.txt,4da8b372c8f07936c1156935114849f85c0d83957c1ecacc6a0b6462bdf3b1f0,419,不要直接把 target test label 用进 session signature。,unverified,,Requires contextual requirement-by-requirement review; inclusion is not completion.
docx_goal.txt,4da8b372c8f07936c1156935114849f85c0d83957c1ecacc6a0b6462bdf3b1f0,421,它只能由 calibration portion 构造。,unverified,,Requires contextual requirement-by-requirement review; inclusion is not completion.
docx_goal.txt,4da8b372c8f07936c1156935114849f85c0d83957c1ecacc6a0b6462bdf3b1f0,423,--------------------------------------------------,unverified,,Requires contextual requirement-by-requirement review; inclusion is not completion.
docx_goal.txt,4da8b372c8f07936c1156935114849f85c0d83957c1ecacc6a0b6462bdf3b1f0,424,F9. Quality / Observability,unverified,,Requires contextual requirement-by-requirement review; inclusion is not completion.
docx_goal.txt,4da8b372c8f07936c1156935114849f85c0d83957c1ecacc6a0b6462bdf3b1f0,425,--------------------------------------------------,unverified,,Requires contextual requirement-by-requirement review; inclusion is not completion.
docx_goal.txt,4da8b372c8f07936c1156935114849f85c0d83957c1ecacc6a0b6462bdf3b1f0,427,显式构造 quality/context features：,unverified,,Requires contextual requirement-by-requirement review; inclusion is not completion.
docx_goal.txt,4da8b372c8f07936c1156935114849f85c0d83957c1ecacc6a0b6462bdf3b1f0,429,- channel dropout mask,unverified,,Requires contextual requirement-by-requirement review; inclusion is not completion.
docx_goal.txt,4da8b372c8f07936c1156935114849f85c0d83957c1ecacc6a0b6462bdf3b1f0,430,- clipping,unverified,,Requires contextual requirement-by-requirement review; inclusion is not completion.
docx_goal.txt,4da8b372c8f07936c1156935114849f85c0d83957c1ecacc6a0b6462bdf3b1f0,431,- frozen/zero signal,unverified,,Requires contextual requirement-by-requirement review; inclusion is not completion.
docx_goal.txt,4da8b372c8f07936c1156935114849f85c0d83957c1ecacc6a0b6462bdf3b1f0,432,- line-noise score,unverified,,Requires contextual requirement-by-requirement review; inclusion is not completion.
docx_goal.txt,4da8b372c8f07936c1156935114849f85c0d83957c1ecacc6a0b6462bdf3b1f0,433,- low-frequency artifact score,unverified,,Requires contextual requirement-by-requirement review; inclusion is not completion.
docx_goal.txt,4da8b372c8f07936c1156935114849f85c0d83957c1ecacc6a0b6462bdf3b1f0,434,- abnormal amplitude,unverified,,Requires contextual requirement-by-requirement review; inclusion is not completion.
docx_goal.txt,4da8b372c8f07936c1156935114849f85c0d83957c1ecacc6a0b6462bdf3b1f0,435,- covariance/correlation anomaly,unverified,,Requires contextual requirement-by-requirement review; inclusion is not completion.
docx_goal.txt,4da8b372c8f07936c1156935114849f85c0d83957c1ecacc6a0b6462bdf3b1f0,436,- bad-channel count,unverified,,Requires contextual requirement-by-requirement review; inclusion is not completion.
docx_goal.txt,4da8b372c8f07936c1156935114849f85c0d83957c1ecacc6a0b6462bdf3b1f0,438,目标不是直接预测 H，,unverified,,Requires contextual requirement-by-requirement review; inclusion is not completion.
docx_goal.txt,4da8b372c8f07936c1156935114849f85c0d83957c1ecacc6a0b6462bdf3b1f0,439,而是提供：,unverified,,Requires contextual requirement-by-requirement review; inclusion is not completion.
docx_goal.txt,4da8b372c8f07936c1156935114849f85c0d83957c1ecacc6a0b6462bdf3b1f0,441,    “哪些证据现在不可靠？”,unverified,,Requires contextual requirement-by-requirement review; inclusion is not completion.
docx_goal.txt,4da8b372c8f07936c1156935114849f85c0d83957c1ecacc6a0b6462bdf3b1f0,443,如果可以，,unverified,,Requires contextual requirement-by-requirement review; inclusion is not completion.
docx_goal.txt,4da8b372c8f07936c1156935114849f85c0d83957c1ecacc6a0b6462bdf3b1f0,444,后续 fusion/gating 可使用这些 quality features。,unverified,,Requires contextual requirement-by-requirement review; inclusion is not completion.
docx_goal.txt,4da8b372c8f07936c1156935114849f85c0d83957c1ecacc6a0b6462bdf3b1f0,446,==================================================,unverified,,Requires contextual requirement-by-requirement review; inclusion is not completion.
docx_goal.txt,4da8b372c8f07936c1156935114849f85c0d83957c1ecacc6a0b6462bdf3b1f0,447,六、Personal Calibration v0,unverified,,Requires contextual requirement-by-requirement review; inclusion is not completion.
docx_goal.txt,4da8b372c8f07936c1156935114849f85c0d83957c1ecacc6a0b6462bdf3b1f0,448,==================================================,unverified,,Requires contextual requirement-by-requirement review; inclusion is not completion.
docx_goal.txt,4da8b372c8f07936c1156935114849f85c0d83957c1ecacc6a0b6462bdf3b1f0,450,本轮不要直接上复杂 meta-learning / Reptile / TTA。,unverified,,Requires contextual requirement-by-requirement review; inclusion is not completion.
docx_goal.txt,4da8b372c8f07936c1156935114849f85c0d83957c1ecacc6a0b6462bdf3b1f0,452,实现一个简单、可审计的 Personal Calibration v0。,unverified,,Requires contextual requirement-by-requirement review; inclusion is not completion.
docx_goal.txt,4da8b372c8f07936c1156935114849f85c0d83957c1ecacc6a0b6462bdf3b1f0,454,必须区分两种 protocol：,unverified,,Requires contextual requirement-by-requirement review; inclusion is not completion.
docx_goal.txt,4da8b372c8f07936c1156935114849f85c0d83957c1ecacc6a0b6462bdf3b1f0,456,--------------------------------------------------,unverified,,Requires contextual requirement-by-requirement review; inclusion is not completion.
docx_goal.txt,4da8b372c8f07936c1156935114849f85c0d83957c1ecacc6a0b6462bdf3b1f0,457,Protocol A：Personal calibration,unverified,,Requires contextual requirement-by-requirement review; inclusion is not completion.
docx_goal.txt,4da8b372c8f07936c1156935114849f85c0d83957c1ecacc6a0b6462bdf3b1f0,458,--------------------------------------------------,unverified,,Requires contextual requirement-by-requirement review; inclusion is not completion.
docx_goal.txt,4da8b372c8f07936c1156935114849f85c0d83957c1ecacc6a0b6462bdf3b1f0,460,目的：,unverified,,Requires contextual requirement-by-requirement review; inclusion is not completion.
docx_goal.txt,4da8b372c8f07936c1156935114849f85c0d83957c1ecacc6a0b6462bdf3b1f0,461,模拟产品第一次认识一个用户。,unverified,,Requires contextual requirement-by-requirement review; inclusion is not completion.
docx_goal.txt,4da8b372c8f07936c1156935114849f85c0d83957c1ecacc6a0b6462bdf3b1f0,463,允许使用目标用户少量已标注 calibration trial，,unverified,,Requires contextual requirement-by-requirement review; inclusion is not completion.
docx_goal.txt,4da8b372c8f07936c1156935114849f85c0d83957c1ecacc6a0b6462bdf3b1f0,464,但 calibration trial 必须从 evaluation trial 中完全移除。,unverified,,Requires contextual requirement-by-requirement review; inclusion is not completion.
docx_goal.txt,4da8b372c8f07936c1156935114849f85c0d83957c1ecacc6a0b6462bdf3b1f0,466,测试：,unverified,,Requires contextual requirement-by-requirement review; inclusion is not completion.
docx_goal.txt,4da8b372c8f07936c1156935114849f85c0d83957c1ecacc6a0b6462bdf3b1f0,468,    0-shot,unverified,,Requires contextual requirement-by-requirement review; inclusion is not completion.
docx_goal.txt,4da8b372c8f07936c1156935114849f85c0d83957c1ecacc6a0b6462bdf3b1f0,469,    1-shot / class,unverified,,Requires contextual requirement-by-requirement review; inclusion is not completion.
docx_goal.txt,4da8b372c8f07936c1156935114849f85c0d83957c1ecacc6a0b6462bdf3b1f0,470,    2-shot / class,unverified,,Requires contextual requirement-by-requirement review; inclusion is not completion.
docx_goal.txt,4da8b372c8f07936c1156935114849f85c0d83957c1ecacc6a0b6462bdf3b1f0,471,    5-shot / class,unverified,,Requires contextual requirement-by-requirement review; inclusion is not completion.
docx_goal.txt,4da8b372c8f07936c1156935114849f85c0d83957c1ecacc6a0b6462bdf3b1f0,473,如数据量不足，使用能支持的最大预算并说明。,unverified,,Requires contextual requirement-by-requirement review; inclusion is not completion.
docx_goal.txt,4da8b372c8f07936c1156935114849f85c0d83957c1ecacc6a0b6462bdf3b1f0,475,Personal calibration 可更新：,unverified,,Requires contextual requirement-by-requirement review; inclusion is not completion.
docx_goal.txt,4da8b372c8f07936c1156935114849f85c0d83957c1ecacc6a0b6462bdf3b1f0,477,- per-feature normalization,unverified,,Requires contextual requirement-by-requirement review; inclusion is not completion.
docx_goal.txt,4da8b372c8f07936c1156935114849f85c0d83957c1ecacc6a0b6462bdf3b1f0,478,- gesture prototype,unverified,,Requires contextual requirement-by-requirement review; inclusion is not completion.
docx_goal.txt,4da8b372c8f07936c1156935114849f85c0d83957c1ecacc6a0b6462bdf3b1f0,479,- feature-space center/scale,unverified,,Requires contextual requirement-by-requirement review; inclusion is not completion.
docx_goal.txt,4da8b372c8f07936c1156935114849f85c0d83957c1ecacc6a0b6462bdf3b1f0,480,- personal anchor coordinates,unverified,,Requires contextual requirement-by-requirement review; inclusion is not completion.
docx_goal.txt,4da8b372c8f07936c1156935114849f85c0d83957c1ecacc6a0b6462bdf3b1f0,482,不要使用 target test label。,unverified,,Requires contextual requirement-by-requirement review; inclusion is not completion.
docx_goal.txt,4da8b372c8f07936c1156935114849f85c0d83957c1ecacc6a0b6462bdf3b1f0,484,--------------------------------------------------,unverified,,Requires contextual requirement-by-requirement review; inclusion is not completion.
docx_goal.txt,4da8b372c8f07936c1156935114849f85c0d83957c1ecacc6a0b6462bdf3b1f0,485,Protocol B：Session calibration,unverified,,Requires contextual requirement-by-requirement review; inclusion is not completion.
docx_goal.txt,4da8b372c8f07936c1156935114849f85c0d83957c1ecacc6a0b6462bdf3b1f0,486,--------------------------------------------------,unverified,,Requires contextual requirement-by-requirement review; inclusion is not completion.
docx_goal.txt,4da8b372c8f07936c1156935114849f85c0d83957c1ecacc6a0b6462bdf3b1f0,488,目的：,unverified,,Requires contextual requirement-by-requirement review; inclusion is not completion.
docx_goal.txt,4da8b372c8f07936c1156935114849f85c0d83957c1ecacc6a0b6462bdf3b1f0,489,模拟用户已经建立长期 profile，,unverified,,Requires contextual requirement-by-requirement review; inclusion is not completion.
docx_goal.txt,4da8b372c8f07936c1156935114849f85c0d83957c1ecacc6a0b6462bdf3b1f0,490,今天重新佩戴后做短 calibration。,unverified,,Requires contextual requirement-by-requirement review; inclusion is not completion.
docx_goal.txt,4da8b372c8f07936c1156935114849f85c0d83957c1ecacc6a0b6462bdf3b1f0,492,需要有 same-user multi-session 数据时才做。,unverified,,Requires contextual requirement-by-requirement review; inclusion is not completion.
docx_goal.txt,4da8b372c8f07936c1156935114849f85c0d83957c1ecacc6a0b6462bdf3b1f0,494,source sessions：,unverified,,Requires contextual requirement-by-requirement review; inclusion is not completion.
docx_goal.txt,4da8b372c8f07936c1156935114849f85c0d83957c1ecacc6a0b6462bdf3b1f0,495,建立长期 user profile。,unverified,,Requires contextual requirement-by-requirement review; inclusion is not completion.
docx_goal.txt,4da8b372c8f07936c1156935114849f85c0d83957c1ecacc6a0b6462bdf3b1f0,497,target session：,unverified,,Requires contextual requirement-by-requirement review; inclusion is not completion.
docx_goal.txt,4da8b372c8f07936c1156935114849f85c0d83957c1ecacc6a0b6462bdf3b1f0,498,抽少量 calibration trial。,unverified,,Requires contextual requirement-by-requirement review; inclusion is not completion.
docx_goal.txt,4da8b372c8f07936c1156935114849f85c0d83957c1ecacc6a0b6462bdf3b1f0,500,剩余 target-session trial：,unverified,,Requires contextual requirement-by-requirement review; inclusion is not completion.
docx_goal.txt,4da8b372c8f07936c1156935114849f85c0d83957c1ecacc6a0b6462bdf3b1f0,501,完全作为 test。,unverified,,Requires contextual requirement-by-requirement review; inclusion is not completion.
docx_goal.txt,4da8b372c8f07936c1156935114849f85c0d83957c1ecacc6a0b6462bdf3b1f0,503,同样测试：,unverified,,Requires contextual requirement-by-requirement review; inclusion is not completion.
docx_goal.txt,4da8b372c8f07936c1156935114849f85c0d83957c1ecacc6a0b6462bdf3b1f0,505,    0,unverified,,Requires contextual requirement-by-requirement review; inclusion is not completion.
docx_goal.txt,4da8b372c8f07936c1156935114849f85c0d83957c1ecacc6a0b6462bdf3b1f0,506,    1,unverified,,Requires contextual requirement-by-requirement review; inclusion is not completion.
docx_goal.txt,4da8b372c8f07936c1156935114849f85c0d83957c1ecacc6a0b6462bdf3b1f0,507,    2,unverified,,Requires contextual requirement-by-requirement review; inclusion is not completion.
docx_goal.txt,4da8b372c8f07936c1156935114849f85c0d83957c1ecacc6a0b6462bdf3b1f0,508,    5 shots/class,unverified,,Requires contextual requirement-by-requirement review; inclusion is not completion.
docx_goal.txt,4da8b372c8f07936c1156935114849f85c0d83957c1ecacc6a0b6462bdf3b1f0,510,这与 Protocol A 分开报告。,unverified,,Requires contextual requirement-by-requirement review; inclusion is not completion.
docx_goal.txt,4da8b372c8f07936c1156935114849f85c0d83957c1ecacc6a0b6462bdf3b1f0,512,--------------------------------------------------,unverified,,Requires contextual requirement-by-requirement review; inclusion is not completion.
docx_goal.txt,4da8b372c8f07936c1156935114849f85c0d83957c1ecacc6a0b6462bdf3b1f0,513,关于 force,unverified,,Requires contextual requirement-by-requirement review; inclusion is not completion.
docx_goal.txt,4da8b372c8f07936c1156935114849f85c0d83957c1ecacc6a0b6462bdf3b1f0,514,--------------------------------------------------,unverified,,Requires contextual requirement-by-requirement review; inclusion is not completion.
docx_goal.txt,4da8b372c8f07936c1156935114849f85c0d83957c1ecacc6a0b6462bdf3b1f0,516,特别注意：,unverified,,Requires contextual requirement-by-requirement review; inclusion is not completion.
docx_goal.txt,4da8b372c8f07936c1156935114849f85c0d83957c1ecacc6a0b6462bdf3b1f0,518,如果研究“unseen-force generalization”，,unverified,,Requires contextual requirement-by-requirement review; inclusion is not completion.
docx_goal.txt,4da8b372c8f07936c1156935114849f85c0d83957c1ecacc6a0b6462bdf3b1f0,519,不能偷偷使用 target-force calibration。,unverified,,Requires contextual requirement-by-requirement review; inclusion is not completion.
docx_goal.txt,4da8b372c8f07936c1156935114849f85c0d83957c1ecacc6a0b6462bdf3b1f0,521,因此 force 至少报告两种模式：,unverified,,Requires contextual requirement-by-requirement review; inclusion is not completion.
docx_goal.txt,4da8b372c8f07936c1156935114849f85c0d83957c1ecacc6a0b6462bdf3b1f0,523,Force-ZeroShot：,unverified,,Requires contextual requirement-by-requirement review; inclusion is not completion.
docx_goal.txt,4da8b372c8f07936c1156935114849f85c0d83957c1ecacc6a0b6462bdf3b1f0,524,personal calibration 只来自 source force，,unverified,,Requires contextual requirement-by-requirement review; inclusion is not completion.
docx_goal.txt,4da8b372c8f07936c1156935114849f85c0d83957c1ecacc6a0b6462bdf3b1f0,525,测试 unseen force。,unverified,,Requires contextual requirement-by-requirement review; inclusion is not completion.
docx_goal.txt,4da8b372c8f07936c1156935114849f85c0d83957c1ecacc6a0b6462bdf3b1f0,527,Force-ProductMode（如果数据允许）：,unverified,,Requires contextual requirement-by-requirement review; inclusion is not completion.
docx_goal.txt,4da8b372c8f07936c1156935114849f85c0d83957c1ecacc6a0b6462bdf3b1f0,528,calibration 允许包含自然/多力度样本，,unverified,,Requires contextual requirement-by-requirement review; inclusion is not completion.
docx_goal.txt,4da8b372c8f07936c1156935114849f85c0d83957c1ecacc6a0b6462bdf3b1f0,529,模拟真实产品 onboarding。,unverified,,Requires contextual requirement-by-requirement review; inclusion is not completion.
docx_goal.txt,4da8b372c8f07936c1156935114849f85c0d83957c1ecacc6a0b6462bdf3b1f0,531,这两个结果不能混在一起。,unverified,,Requires contextual requirement-by-requirement review; inclusion is not completion.
docx_goal.txt,4da8b372c8f07936c1156935114849f85c0d83957c1ecacc6a0b6462bdf3b1f0,533,==================================================,unverified,,Requires contextual requirement-by-requirement review; inclusion is not completion.
docx_goal.txt,4da8b372c8f07936c1156935114849f85c0d83957c1ecacc6a0b6462bdf3b1f0,534,七、校准后的简单融合,unverified,,Requires contextual requirement-by-requirement review; inclusion is not completion.
docx_goal.txt,4da8b372c8f07936c1156935114849f85c0d83957c1ecacc6a0b6462bdf3b1f0,535,==================================================,unverified,,Requires contextual requirement-by-requirement review; inclusion is not completion.
docx_goal.txt,4da8b372c8f07936c1156935114849f85c0d83957c1ecacc6a0b6462bdf3b1f0,537,先不要训练大 gating network。,unverified,,Requires contextual requirement-by-requirement review; inclusion is not completion.
docx_goal.txt,4da8b372c8f07936c1156935114849f85c0d83957c1ecacc6a0b6462bdf3b1f0,539,第一版采用：,unverified,,Requires contextual requirement-by-requirement review; inclusion is not completion.
docx_goal.txt,4da8b372c8f07936c1156935114849f85c0d83957c1ecacc6a0b6462bdf3b1f0,541,1. 每个 feature family 独立训练简单 classifier；,unverified,,Requires contextual requirement-by-requirement review; inclusion is not completion.
docx_goal.txt,4da8b372c8f07936c1156935114849f85c0d83957c1ecacc6a0b6462bdf3b1f0,542,2. 得到 out-of-fold / calibrated class probability；,unverified,,Requires contextual requirement-by-requirement review; inclusion is not completion.
docx_goal.txt,4da8b372c8f07936c1156935114849f85c0d83957c1ecacc6a0b6462bdf3b1f0,543,3. 根据 calibration data 计算 feature reliability；,unverified,,Requires contextual requirement-by-requirement review; inclusion is not completion.
docx_goal.txt,4da8b372c8f07936c1156935114849f85c0d83957c1ecacc6a0b6462bdf3b1f0,544,4. 做 shrinkage-weighted late fusion。,unverified,,Requires contextual requirement-by-requirement review; inclusion is not completion.
docx_goal.txt,4da8b372c8f07936c1156935114849f85c0d83957c1ecacc6a0b6462bdf3b1f0,546,对于 user u、family k：,unverified,,Requires contextual requirement-by-requirement review; inclusion is not completion.
docx_goal.txt,4da8b372c8f07936c1156935114849f85c0d83957c1ecacc6a0b6462bdf3b1f0,548,计算一个简单 reliability：,unverified,,Requires contextual requirement-by-requirement review; inclusion is not completion.
docx_goal.txt,4da8b372c8f07936c1156935114849f85c0d83957c1ecacc6a0b6462bdf3b1f0,550,"    R_{u,k}",unverified,,Requires contextual requirement-by-requirement review; inclusion is not completion.
docx_goal.txt,4da8b372c8f07936c1156935114849f85c0d83957c1ecacc6a0b6462bdf3b1f0,551,      =,unverified,,Requires contextual requirement-by-requirement review; inclusion is not completion.
docx_goal.txt,4da8b372c8f07936c1156935114849f85c0d83957c1ecacc6a0b6462bdf3b1f0,552,      gesture_separation /,unverified,,Requires contextual requirement-by-requirement review; inclusion is not completion.
docx_goal.txt,4da8b372c8f07936c1156935114849f85c0d83957c1ecacc6a0b6462bdf3b1f0,553,      (within-calibration variation + ε),unverified,,Requires contextual requirement-by-requirement review; inclusion is not completion.
docx_goal.txt,4da8b372c8f07936c1156935114849f85c0d83957c1ecacc6a0b6462bdf3b1f0,555,也可以结合 calibration classification loss。,unverified,,Requires contextual requirement-by-requirement review; inclusion is not completion.
docx_goal.txt,4da8b372c8f07936c1156935114849f85c0d83957c1ecacc6a0b6462bdf3b1f0,557,然后做 population shrinkage：,unverified,,Requires contextual requirement-by-requirement review; inclusion is not completion.
docx_goal.txt,4da8b372c8f07936c1156935114849f85c0d83957c1ecacc6a0b6462bdf3b1f0,559,"    w_{u,k}",unverified,,Requires contextual requirement-by-requirement review; inclusion is not completion.
docx_goal.txt,4da8b372c8f07936c1156935114849f85c0d83957c1ecacc6a0b6462bdf3b1f0,560,      =,unverified,,Requires contextual requirement-by-requirement review; inclusion is not completion.
docx_goal.txt,4da8b372c8f07936c1156935114849f85c0d83957c1ecacc6a0b6462bdf3b1f0,561,"      α w_population,k",unverified,,Requires contextual requirement-by-requirement review; inclusion is not completion.
docx_goal.txt,4da8b372c8f07936c1156935114849f85c0d83957c1ecacc6a0b6462bdf3b1f0,562,"      + (1-α) w_personal,k",unverified,,Requires contextual requirement-by-requirement review; inclusion is not completion.
docx_goal.txt,4da8b372c8f07936c1156935114849f85c0d83957c1ecacc6a0b6462bdf3b1f0,564,α 根据 calibration sample 数量设置：,unverified,,Requires contextual requirement-by-requirement review; inclusion is not completion.
docx_goal.txt,4da8b372c8f07936c1156935114849f85c0d83957c1ecacc6a0b6462bdf3b1f0,565,样本越少越接近 population；,unverified,,Requires contextual requirement-by-requirement review; inclusion is not completion.
docx_goal.txt,4da8b372c8f07936c1156935114849f85c0d83957c1ecacc6a0b6462bdf3b1f0,566,样本越多越允许 personalized。,unverified,,Requires contextual requirement-by-requirement review; inclusion is not completion.
docx_goal.txt,4da8b372c8f07936c1156935114849f85c0d83957c1ecacc6a0b6462bdf3b1f0,568,不要在 test 上调 α。,unverified,,Requires contextual requirement-by-requirement review; inclusion is not completion.
docx_goal.txt,4da8b372c8f07936c1156935114849f85c0d83957c1ecacc6a0b6462bdf3b1f0,570,第一版 fusion：,unverified,,Requires contextual requirement-by-requirement review; inclusion is not completion.
docx_goal.txt,4da8b372c8f07936c1156935114849f85c0d83957c1ecacc6a0b6462bdf3b1f0,572,"    p(H|x,u)",unverified,,Requires contextual requirement-by-requirement review; inclusion is not completion.
docx_goal.txt,4da8b372c8f07936c1156935114849f85c0d83957c1ecacc6a0b6462bdf3b1f0,573,      =,unverified,,Requires contextual requirement-by-requirement review; inclusion is not completion.
docx_goal.txt,4da8b372c8f07936c1156935114849f85c0d83957c1ecacc6a0b6462bdf3b1f0,574,"      Σ_k w_{u,k} p_k(H|φ_k(x), calibration_u)",unverified,,Requires contextual requirement-by-requirement review; inclusion is not completion.
docx_goal.txt,4da8b372c8f07936c1156935114849f85c0d83957c1ecacc6a0b6462bdf3b1f0,576,要求权重非负、归一化。,unverified,,Requires contextual requirement-by-requirement review; inclusion is not completion.
docx_goal.txt,4da8b372c8f07936c1156935114849f85c0d83957c1ecacc6a0b6462bdf3b1f0,578,如果某 family 没有校准数据或不可用，,unverified,,Requires contextual requirement-by-requirement review; inclusion is not completion.
docx_goal.txt,4da8b372c8f07936c1156935114849f85c0d83957c1ecacc6a0b6462bdf3b1f0,579,自动降权/跳过。,unverified,,Requires contextual requirement-by-requirement review; inclusion is not completion.
docx_goal.txt,4da8b372c8f07936c1156935114849f85c0d83957c1ecacc6a0b6462bdf3b1f0,581,==================================================,unverified,,Requires contextual requirement-by-requirement review; inclusion is not completion.
docx_goal.txt,4da8b372c8f07936c1156935114849f85c0d83957c1ecacc6a0b6462bdf3b1f0,582,八、Feature screening：不要跑 2^N,unverified,,Requires contextual requirement-by-requirement review; inclusion is not completion.
docx_goal.txt,4da8b372c8f07936c1156935114849f85c0d83957c1ecacc6a0b6462bdf3b1f0,583,==================================================,unverified,,Requires contextual requirement-by-requirement review; inclusion is not completion.
docx_goal.txt,4da8b372c8f07936c1156935114849f85c0d83957c1ecacc6a0b6462bdf3b1f0,585,严禁暴力跑所有 feature subset。,unverified,,Requires contextual requirement-by-requirement review; inclusion is not completion.
docx_goal.txt,4da8b372c8f07936c1156935114849f85c0d83957c1ecacc6a0b6462bdf3b1f0,587,按下面五阶段执行。,unverified,,Requires contextual requirement-by-requirement review; inclusion is not completion.
docx_goal.txt,4da8b372c8f07936c1156935114849f85c0d83957c1ecacc6a0b6462bdf3b1f0,589,--------------------------------------------------,unverified,,Requires contextual requirement-by-requirement review; inclusion is not completion.
docx_goal.txt,4da8b372c8f07936c1156935114849f85c0d83957c1ecacc6a0b6462bdf3b1f0,590,Stage 1：Family screening,unverified,,Requires contextual requirement-by-requirement review; inclusion is not completion.
docx_goal.txt,4da8b372c8f07936c1156935114849f85c0d83957c1ecacc6a0b6462bdf3b1f0,591,--------------------------------------------------,unverified,,Requires contextual requirement-by-requirement review; inclusion is not completion.
docx_goal.txt,4da8b372c8f07936c1156935114849f85c0d83957c1ecacc6a0b6462bdf3b1f0,593,使用一个固定基础模型 B。,unverified,,Requires contextual requirement-by-requirement review; inclusion is not completion.
docx_goal.txt,4da8b372c8f07936c1156935114849f85c0d83957c1ecacc6a0b6462bdf3b1f0,595,对每个 family：,unverified,,Requires contextual requirement-by-requirement review; inclusion is not completion.
docx_goal.txt,4da8b372c8f07936c1156935114849f85c0d83957c1ecacc6a0b6462bdf3b1f0,597,    B,unverified,,Requires contextual requirement-by-requirement review; inclusion is not completion.
docx_goal.txt,4da8b372c8f07936c1156935114849f85c0d83957c1ecacc6a0b6462bdf3b1f0,598,    B + F_i,unverified,,Requires contextual requirement-by-requirement review; inclusion is not completion.
docx_goal.txt,4da8b372c8f07936c1156935114849f85c0d83957c1ecacc6a0b6462bdf3b1f0,600,记录：,unverified,,Requires contextual requirement-by-requirement review; inclusion is not completion.
docx_goal.txt,4da8b372c8f07936c1156935114849f85c0d83957c1ecacc6a0b6462bdf3b1f0,602,- macro-F1,unverified,,Requires contextual requirement-by-requirement review; inclusion is not completion.
docx_goal.txt,4da8b372c8f07936c1156935114849f85c0d83957c1ecacc6a0b6462bdf3b1f0,603,- log-loss,unverified,,Requires contextual requirement-by-requirement review; inclusion is not completion.
docx_goal.txt,4da8b372c8f07936c1156935114849f85c0d83957c1ecacc6a0b6462bdf3b1f0,604,- Brier,unverified,,Requires contextual requirement-by-requirement review; inclusion is not completion.
docx_goal.txt,4da8b372c8f07936c1156935114849f85c0d83957c1ecacc6a0b6462bdf3b1f0,605,- per-class F1,unverified,,Requires contextual requirement-by-requirement review; inclusion is not completion.
docx_goal.txt,4da8b372c8f07936c1156935114849f85c0d83957c1ecacc6a0b6462bdf3b1f0,606,- per-subject,unverified,,Requires contextual requirement-by-requirement review; inclusion is not completion.
docx_goal.txt,4da8b372c8f07936c1156935114849f85c0d83957c1ecacc6a0b6462bdf3b1f0,607,- per-domain/failure result,unverified,,Requires contextual requirement-by-requirement review; inclusion is not completion.
docx_goal.txt,4da8b372c8f07936c1156935114849f85c0d83957c1ecacc6a0b6462bdf3b1f0,609,对每个 family 输出 robustness vector：,unverified,,Requires contextual requirement-by-requirement review; inclusion is not completion.
docx_goal.txt,4da8b372c8f07936c1156935114849f85c0d83957c1ecacc6a0b6462bdf3b1f0,611,    Δ_i =,unverified,,Requires contextual requirement-by-requirement review; inclusion is not completion.
docx_goal.txt,4da8b372c8f07936c1156935114849f85c0d83957c1ecacc6a0b6462bdf3b1f0,612,    [,unverified,,Requires contextual requirement-by-requirement review; inclusion is not completion.
docx_goal.txt,4da8b372c8f07936c1156935114849f85c0d83957c1ecacc6a0b6462bdf3b1f0,613,"      force,",unverified,,Requires contextual requirement-by-requirement review; inclusion is not completion.
docx_goal.txt,4da8b372c8f07936c1156935114849f85c0d83957c1ecacc6a0b6462bdf3b1f0,614,"      wearing,",unverified,,Requires contextual requirement-by-requirement review; inclusion is not completion.
docx_goal.txt,4da8b372c8f07936c1156935114849f85c0d83957c1ecacc6a0b6462bdf3b1f0,615,"      day,",unverified,,Requires contextual requirement-by-requirement review; inclusion is not completion.
docx_goal.txt,4da8b372c8f07936c1156935114849f85c0d83957c1ecacc6a0b6462bdf3b1f0,616,"      user,",unverified,,Requires contextual requirement-by-requirement review; inclusion is not completion.
docx_goal.txt,4da8b372c8f07936c1156935114849f85c0d83957c1ecacc6a0b6462bdf3b1f0,617,"      posture,",unverified,,Requires contextual requirement-by-requirement review; inclusion is not completion.
docx_goal.txt,4da8b372c8f07936c1156935114849f85c0d83957c1ecacc6a0b6462bdf3b1f0,618,"      speed,",unverified,,Requires contextual requirement-by-requirement review; inclusion is not completion.
docx_goal.txt,4da8b372c8f07936c1156935114849f85c0d83957c1ecacc6a0b6462bdf3b1f0,619,      quality,unverified,,Requires contextual requirement-by-requirement review; inclusion is not completion.
docx_goal.txt,4da8b372c8f07936c1156935114849f85c0d83957c1ecacc6a0b6462bdf3b1f0,620,    ],unverified,,Requires contextual requirement-by-requirement review; inclusion is not completion.
docx_goal.txt,4da8b372c8f07936c1156935114849f85c0d83957c1ecacc6a0b6462bdf3b1f0,622,没有数据的维度写 N/A。,unverified,,Requires contextual requirement-by-requirement review; inclusion is not completion.
docx_goal.txt,4da8b372c8f07936c1156935114849f85c0d83957c1ecacc6a0b6462bdf3b1f0,624,不要因为 overall F1 不涨就直接删 family。,unverified,,Requires contextual requirement-by-requirement review; inclusion is not completion.
docx_goal.txt,4da8b372c8f07936c1156935114849f85c0d83957c1ecacc6a0b6462bdf3b1f0,626,只要满足任一条件即可进入下一阶段：,unverified,,Requires contextual requirement-by-requirement review; inclusion is not completion.
docx_goal.txt,4da8b372c8f07936c1156935114849f85c0d83957c1ecacc6a0b6462bdf3b1f0,628,A. 某个重要 failure 明显改善；,unverified,,Requires contextual requirement-by-requirement review; inclusion is not completion.
docx_goal.txt,4da8b372c8f07936c1156935114849f85c0d83957c1ecacc6a0b6462bdf3b1f0,629,B. 与现有 model 有明显 error complementarity；,unverified,,Requires contextual requirement-by-requirement review; inclusion is not completion.
docx_goal.txt,4da8b372c8f07936c1156935114849f85c0d83957c1ecacc6a0b6462bdf3b1f0,630,C. calibration 后有明显增量价值。,unverified,,Requires contextual requirement-by-requirement review; inclusion is not completion.
docx_goal.txt,4da8b372c8f07936c1156935114849f85c0d83957c1ecacc6a0b6462bdf3b1f0,632,--------------------------------------------------,unverified,,Requires contextual requirement-by-requirement review; inclusion is not completion.
docx_goal.txt,4da8b372c8f07936c1156935114849f85c0d83957c1ecacc6a0b6462bdf3b1f0,633,Stage 2：Conditional incremental information,unverified,,Requires contextual requirement-by-requirement review; inclusion is not completion.
docx_goal.txt,4da8b372c8f07936c1156935114849f85c0d83957c1ecacc6a0b6462bdf3b1f0,634,--------------------------------------------------,unverified,,Requires contextual requirement-by-requirement review; inclusion is not completion.
docx_goal.txt,4da8b372c8f07936c1156935114849f85c0d83957c1ecacc6a0b6462bdf3b1f0,636,对于通过 Stage 1 的 family，,unverified,,Requires contextual requirement-by-requirement review; inclusion is not completion.
docx_goal.txt,4da8b372c8f07936c1156935114849f85c0d83957c1ecacc6a0b6462bdf3b1f0,637,测试它在已有 core bank 条件下是否仍提供信息。,unverified,,Requires contextual requirement-by-requirement review; inclusion is not completion.
docx_goal.txt,4da8b372c8f07936c1156935114849f85c0d83957c1ecacc6a0b6462bdf3b1f0,639,比较：,unverified,,Requires contextual requirement-by-requirement review; inclusion is not completion.
docx_goal.txt,4da8b372c8f07936c1156935114849f85c0d83957c1ecacc6a0b6462bdf3b1f0,641,    Core,unverified,,Requires contextual requirement-by-requirement review; inclusion is not completion.
docx_goal.txt,4da8b372c8f07936c1156935114849f85c0d83957c1ecacc6a0b6462bdf3b1f0,642,vs,unverified,,Requires contextual requirement-by-requirement review; inclusion is not completion.
docx_goal.txt,4da8b372c8f07936c1156935114849f85c0d83957c1ecacc6a0b6462bdf3b1f0,643,    Core + F_i,unverified,,Requires contextual requirement-by-requirement review; inclusion is not completion.
docx_goal.txt,4da8b372c8f07936c1156935114849f85c0d83957c1ecacc6a0b6462bdf3b1f0,645,重点报告：,unverified,,Requires contextual requirement-by-requirement review; inclusion is not completion.
docx_goal.txt,4da8b372c8f07936c1156935114849f85c0d83957c1ecacc6a0b6462bdf3b1f0,647,    ΔLogLoss,unverified,,Requires contextual requirement-by-requirement review; inclusion is not completion.
docx_goal.txt,4da8b372c8f07936c1156935114849f85c0d83957c1ecacc6a0b6462bdf3b1f0,648,    ΔBrier,unverified,,Requires contextual requirement-by-requirement review; inclusion is not completion.
docx_goal.txt,4da8b372c8f07936c1156935114849f85c0d83957c1ecacc6a0b6462bdf3b1f0,649,    ΔMacroF1,unverified,,Requires contextual requirement-by-requirement review; inclusion is not completion.
docx_goal.txt,4da8b372c8f07936c1156935114849f85c0d83957c1ecacc6a0b6462bdf3b1f0,651,所有结果必须 OOF/held-out。,unverified,,Requires contextual requirement-by-requirement review; inclusion is not completion.
docx_goal.txt,4da8b372c8f07936c1156935114849f85c0d83957c1ecacc6a0b6462bdf3b1f0,653,对于高度相关的候选，,unverified,,Requires contextual requirement-by-requirement review; inclusion is not completion.
docx_goal.txt,4da8b372c8f07936c1156935114849f85c0d83957c1ecacc6a0b6462bdf3b1f0,654,先按 group 判断 family value，,unverified,,Requires contextual requirement-by-requirement review; inclusion is not completion.
docx_goal.txt,4da8b372c8f07936c1156935114849f85c0d83957c1ecacc6a0b6462bdf3b1f0,655,不要急着争某一个 scalar feature 的贡献。,unverified,,Requires contextual requirement-by-requirement review; inclusion is not completion.
docx_goal.txt,4da8b372c8f07936c1156935114849f85c0d83957c1ecacc6a0b6462bdf3b1f0,657,--------------------------------------------------,unverified,,Requires contextual requirement-by-requirement review; inclusion is not completion.
docx_goal.txt,4da8b372c8f07936c1156935114849f85c0d83957c1ecacc6a0b6462bdf3b1f0,658,Stage 3：Error Complementarity,unverified,,Requires contextual requirement-by-requirement review; inclusion is not completion.
docx_goal.txt,4da8b372c8f07936c1156935114849f85c0d83957c1ecacc6a0b6462bdf3b1f0,659,--------------------------------------------------,unverified,,Requires contextual requirement-by-requirement review; inclusion is not completion.
docx_goal.txt,4da8b372c8f07936c1156935114849f85c0d83957c1ecacc6a0b6462bdf3b1f0,661,保存每个 family / model 的 OOF predictions。,unverified,,Requires contextual requirement-by-requirement review; inclusion is not completion.
docx_goal.txt,4da8b372c8f07936c1156935114849f85c0d83957c1ecacc6a0b6462bdf3b1f0,663,计算：,unverified,,Requires contextual requirement-by-requirement review; inclusion is not completion.
docx_goal.txt,4da8b372c8f07936c1156935114849f85c0d83957c1ecacc6a0b6462bdf3b1f0,665,- error correlation,unverified,,Requires contextual requirement-by-requirement review; inclusion is not completion.
docx_goal.txt,4da8b372c8f07936c1156935114849f85c0d83957c1ecacc6a0b6462bdf3b1f0,666,- disagreement rate,unverified,,Requires contextual requirement-by-requirement review; inclusion is not completion.
docx_goal.txt,4da8b372c8f07936c1156935114849f85c0d83957c1ecacc6a0b6462bdf3b1f0,667,"- P(F_i correct, F_j wrong)",unverified,,Requires contextual requirement-by-requirement review; inclusion is not completion.
docx_goal.txt,4da8b372c8f07936c1156935114849f85c0d83957c1ecacc6a0b6462bdf3b1f0,668,"- P(F_i wrong, F_j correct)",unverified,,Requires contextual requirement-by-requirement review; inclusion is not completion.
docx_goal.txt,4da8b372c8f07936c1156935114849f85c0d83957c1ecacc6a0b6462bdf3b1f0,670,特别分析：,unverified,,Requires contextual requirement-by-requirement review; inclusion is not completion.
docx_goal.txt,4da8b372c8f07936c1156935114849f85c0d83957c1ecacc6a0b6462bdf3b1f0,672,- X1 vs Frequency,unverified,,Requires contextual requirement-by-requirement review; inclusion is not completion.
docx_goal.txt,4da8b372c8f07936c1156935114849f85c0d83957c1ecacc6a0b6462bdf3b1f0,673,- X1 vs F2 Spatial Coordination,unverified,,Requires contextual requirement-by-requirement review; inclusion is not completion.
docx_goal.txt,4da8b372c8f07936c1156935114849f85c0d83957c1ecacc6a0b6462bdf3b1f0,674,- RLCS vs Personal Anchor,unverified,,Requires contextual requirement-by-requirement review; inclusion is not completion.
docx_goal.txt,4da8b372c8f07936c1156935114849f85c0d83957c1ecacc6a0b6462bdf3b1f0,675,- G5 vs Temporal/DTW,unverified,,Requires contextual requirement-by-requirement review; inclusion is not completion.
docx_goal.txt,4da8b372c8f07936c1156935114849f85c0d83957c1ecacc6a0b6462bdf3b1f0,676,- Raw vs robust features,unverified,,Requires contextual requirement-by-requirement review; inclusion is not completion.
docx_goal.txt,4da8b372c8f07936c1156935114849f85c0d83957c1ecacc6a0b6462bdf3b1f0,678,输出 error-complementarity matrix。,unverified,,Requires contextual requirement-by-requirement review; inclusion is not completion.
docx_goal.txt,4da8b372c8f07936c1156935114849f85c0d83957c1ecacc6a0b6462bdf3b1f0,680,目的：,unverified,,Requires contextual requirement-by-requirement review; inclusion is not completion.
docx_goal.txt,4da8b372c8f07936c1156935114849f85c0d83957c1ecacc6a0b6462bdf3b1f0,682,识别那些“单独不一定最强，但经常在主模型犯错时是对的”的 family。,unverified,,Requires contextual requirement-by-requirement review; inclusion is not completion.
docx_goal.txt,4da8b372c8f07936c1156935114849f85c0d83957c1ecacc6a0b6462bdf3b1f0,684,--------------------------------------------------,unverified,,Requires contextual requirement-by-requirement review; inclusion is not completion.
docx_goal.txt,4da8b372c8f07936c1156935114849f85c0d83957c1ecacc6a0b6462bdf3b1f0,685,Stage 4：有限的 interaction test,unverified,,Requires contextual requirement-by-requirement review; inclusion is not completion.
docx_goal.txt,4da8b372c8f07936c1156935114849f85c0d83957c1ecacc6a0b6462bdf3b1f0,686,--------------------------------------------------,unverified,,Requires contextual requirement-by-requirement review; inclusion is not completion.
docx_goal.txt,4da8b372c8f07936c1156935114849f85c0d83957c1ecacc6a0b6462bdf3b1f0,688,只对理论上合理、且 error complementarity 明显的 pair 做。,unverified,,Requires contextual requirement-by-requirement review; inclusion is not completion.
docx_goal.txt,4da8b372c8f07936c1156935114849f85c0d83957c1ecacc6a0b6462bdf3b1f0,690,定义：,unverified,,Requires contextual requirement-by-requirement review; inclusion is not completion.
docx_goal.txt,4da8b372c8f07936c1156935114849f85c0d83957c1ecacc6a0b6462bdf3b1f0,692,    S_ij,unverified,,Requires contextual requirement-by-requirement review; inclusion is not completion.
docx_goal.txt,4da8b372c8f07936c1156935114849f85c0d83957c1ecacc6a0b6462bdf3b1f0,693,      =,unverified,,Requires contextual requirement-by-requirement review; inclusion is not completion.
docx_goal.txt,4da8b372c8f07936c1156935114849f85c0d83957c1ecacc6a0b6462bdf3b1f0,694,      P(B+Fi+Fj),unverified,,Requires contextual requirement-by-requirement review; inclusion is not completion.
docx_goal.txt,4da8b372c8f07936c1156935114849f85c0d83957c1ecacc6a0b6462bdf3b1f0,695,      - P(B+Fi),unverified,,Requires contextual requirement-by-requirement review; inclusion is not completion.
docx_goal.txt,4da8b372c8f07936c1156935114849f85c0d83957c1ecacc6a0b6462bdf3b1f0,696,      - P(B+Fj),unverified,,Requires contextual requirement-by-requirement review; inclusion is not completion.
docx_goal.txt,4da8b372c8f07936c1156935114849f85c0d83957c1ecacc6a0b6462bdf3b1f0,697,      + P(B),unverified,,Requires contextual requirement-by-requirement review; inclusion is not completion.
docx_goal.txt,4da8b372c8f07936c1156935114849f85c0d83957c1ecacc6a0b6462bdf3b1f0,699,P 主要用 negative log-loss improvement，,unverified,,Requires contextual requirement-by-requirement review; inclusion is not completion.
docx_goal.txt,4da8b372c8f07936c1156935114849f85c0d83957c1ecacc6a0b6462bdf3b1f0,700,macro-F1 作为辅助。,unverified,,Requires contextual requirement-by-requirement review; inclusion is not completion.
docx_goal.txt,4da8b372c8f07936c1156935114849f85c0d83957c1ecacc6a0b6462bdf3b1f0,702,不要枚举所有 pair。,unverified,,Requires contextual requirement-by-requirement review; inclusion is not completion.
docx_goal.txt,4da8b372c8f07936c1156935114849f85c0d83957c1ecacc6a0b6462bdf3b1f0,704,优先：,unverified,,Requires contextual requirement-by-requirement review; inclusion is not completion.
docx_goal.txt,4da8b372c8f07936c1156935114849f85c0d83957c1ecacc6a0b6462bdf3b1f0,706,- X1 × Frequency,unverified,,Requires contextual requirement-by-requirement review; inclusion is not completion.
docx_goal.txt,4da8b372c8f07936c1156935114849f85c0d83957c1ecacc6a0b6462bdf3b1f0,707,- X1 × SpatialCoordination,unverified,,Requires contextual requirement-by-requirement review; inclusion is not completion.
docx_goal.txt,4da8b372c8f07936c1156935114849f85c0d83957c1ecacc6a0b6462bdf3b1f0,708,- RLCS × PersonalAnchor,unverified,,Requires contextual requirement-by-requirement review; inclusion is not completion.
docx_goal.txt,4da8b372c8f07936c1156935114849f85c0d83957c1ecacc6a0b6462bdf3b1f0,709,- RLCS × SessionSignature,unverified,,Requires contextual requirement-by-requirement review; inclusion is not completion.
docx_goal.txt,4da8b372c8f07936c1156935114849f85c0d83957c1ecacc6a0b6462bdf3b1f0,710,- G5 × TemporalShape,unverified,,Requires contextual requirement-by-requirement review; inclusion is not completion.
docx_goal.txt,4da8b372c8f07936c1156935114849f85c0d83957c1ecacc6a0b6462bdf3b1f0,711,- PersonalAnchor × SpatialCoordination,unverified,,Requires contextual requirement-by-requirement review; inclusion is not completion.
docx_goal.txt,4da8b372c8f07936c1156935114849f85c0d83957c1ecacc6a0b6462bdf3b1f0,712,- Quality × robust feature families,unverified,,Requires contextual requirement-by-requirement review; inclusion is not completion.
docx_goal.txt,4da8b372c8f07936c1156935114849f85c0d83957c1ecacc6a0b6462bdf3b1f0,714,--------------------------------------------------,unverified,,Requires contextual requirement-by-requirement review; inclusion is not completion.
docx_goal.txt,4da8b372c8f07936c1156935114849f85c0d83957c1ecacc6a0b6462bdf3b1f0,715,Stage 5：Shortlist full bank + leave-one-family-out,unverified,,Requires contextual requirement-by-requirement review; inclusion is not completion.
docx_goal.txt,4da8b372c8f07936c1156935114849f85c0d83957c1ecacc6a0b6462bdf3b1f0,716,--------------------------------------------------,unverified,,Requires contextual requirement-by-requirement review; inclusion is not completion.
docx_goal.txt,4da8b372c8f07936c1156935114849f85c0d83957c1ecacc6a0b6462bdf3b1f0,718,根据前四阶段保留：,unverified,,Requires contextual requirement-by-requirement review; inclusion is not completion.
docx_goal.txt,4da8b372c8f07936c1156935114849f85c0d83957c1ecacc6a0b6462bdf3b1f0,720,- backbone,unverified,,Requires contextual requirement-by-requirement review; inclusion is not completion.
docx_goal.txt,4da8b372c8f07936c1156935114849f85c0d83957c1ecacc6a0b6462bdf3b1f0,721,- 每个主要 failure 至少一个 specialist,unverified,,Requires contextual requirement-by-requirement review; inclusion is not completion.
docx_goal.txt,4da8b372c8f07936c1156935114849f85c0d83957c1ecacc6a0b6462bdf3b1f0,722,- calibration-sensitive family,unverified,,Requires contextual requirement-by-requirement review; inclusion is not completion.
docx_goal.txt,4da8b372c8f07936c1156935114849f85c0d83957c1ecacc6a0b6462bdf3b1f0,723,- error-complementary family,unverified,,Requires contextual requirement-by-requirement review; inclusion is not completion.
docx_goal.txt,4da8b372c8f07936c1156935114849f85c0d83957c1ecacc6a0b6462bdf3b1f0,725,构造：,unverified,,Requires contextual requirement-by-requirement review; inclusion is not completion.
docx_goal.txt,4da8b372c8f07936c1156935114849f85c0d83957c1ecacc6a0b6462bdf3b1f0,727,    B_full,unverified,,Requires contextual requirement-by-requirement review; inclusion is not completion.
docx_goal.txt,4da8b372c8f07936c1156935114849f85c0d83957c1ecacc6a0b6462bdf3b1f0,729,然后做：,unverified,,Requires contextual requirement-by-requirement review; inclusion is not completion.
docx_goal.txt,4da8b372c8f07936c1156935114849f85c0d83957c1ecacc6a0b6462bdf3b1f0,731,    B_full - F_i,unverified,,Requires contextual requirement-by-requirement review; inclusion is not completion.
docx_goal.txt,4da8b372c8f07936c1156935114849f85c0d83957c1ecacc6a0b6462bdf3b1f0,733,而不是继续 forward-addition。,unverified,,Requires contextual requirement-by-requirement review; inclusion is not completion.
docx_goal.txt,4da8b372c8f07936c1156935114849f85c0d83957c1ecacc6a0b6462bdf3b1f0,735,这一步回答：,unverified,,Requires contextual requirement-by-requirement review; inclusion is not completion.
docx_goal.txt,4da8b372c8f07936c1156935114849f85c0d83957c1ecacc6a0b6462bdf3b1f0,737,    “在完整系统已经拥有其他信息以后，,unverified,,Requires contextual requirement-by-requirement review; inclusion is not completion.
docx_goal.txt,4da8b372c8f07936c1156935114849f85c0d83957c1ecacc6a0b6462bdf3b1f0,738,     这一类信息是否仍然不可替代？”,unverified,,Requires contextual requirement-by-requirement review; inclusion is not completion.
docx_goal.txt,4da8b372c8f07936c1156935114849f85c0d83957c1ecacc6a0b6462bdf3b1f0,740,==================================================,unverified,,Requires contextual requirement-by-requirement review; inclusion is not completion.
docx_goal.txt,4da8b372c8f07936c1156935114849f85c0d83957c1ecacc6a0b6462bdf3b1f0,741,九、Feature family 最终角色分类,unverified,,Requires contextual requirement-by-requirement review; inclusion is not completion.
docx_goal.txt,4da8b372c8f07936c1156935114849f85c0d83957c1ecacc6a0b6462bdf3b1f0,742,==================================================,unverified,,Requires contextual requirement-by-requirement review; inclusion is not completion.
docx_goal.txt,4da8b372c8f07936c1156935114849f85c0d83957c1ecacc6a0b6462bdf3b1f0,744,每个 family 最终不要只写“有效/无效”。,unverified,,Requires contextual requirement-by-requirement review; inclusion is not completion.
docx_goal.txt,4da8b372c8f07936c1156935114849f85c0d83957c1ecacc6a0b6462bdf3b1f0,746,必须归入下面一种角色：,unverified,,Requires contextual requirement-by-requirement review; inclusion is not completion.
docx_goal.txt,4da8b372c8f07936c1156935114849f85c0d83957c1ecacc6a0b6462bdf3b1f0,748,Backbone：,unverified,,Requires contextual requirement-by-requirement review; inclusion is not completion.
docx_goal.txt,4da8b372c8f07936c1156935114849f85c0d83957c1ecacc6a0b6462bdf3b1f0,749,多数场景都提供稳定增量信息。,unverified,,Requires contextual requirement-by-requirement review; inclusion is not completion.
docx_goal.txt,4da8b372c8f07936c1156935114849f85c0d83957c1ecacc6a0b6462bdf3b1f0,751,Specialist：,unverified,,Requires contextual requirement-by-requirement review; inclusion is not completion.
docx_goal.txt,4da8b372c8f07936c1156935114849f85c0d83957c1ecacc6a0b6462bdf3b1f0,752,平均提升小，但某个 failure 明显改善。,unverified,,Requires contextual requirement-by-requirement review; inclusion is not completion.
docx_goal.txt,4da8b372c8f07936c1156935114849f85c0d83957c1ecacc6a0b6462bdf3b1f0,754,Calibration Amplifier：,unverified,,Requires contextual requirement-by-requirement review; inclusion is not completion.
docx_goal.txt,4da8b372c8f07936c1156935114849f85c0d83957c1ecacc6a0b6462bdf3b1f0,755,zero-shot 较弱，但 personal/session calibration 后明显有价值。,unverified,,Requires contextual requirement-by-requirement review; inclusion is not completion.
docx_goal.txt,4da8b372c8f07936c1156935114849f85c0d83957c1ecacc6a0b6462bdf3b1f0,757,Complementary Expert：,unverified,,Requires contextual requirement-by-requirement review; inclusion is not completion.
docx_goal.txt,4da8b372c8f07936c1156935114849f85c0d83957c1ecacc6a0b6462bdf3b1f0,758,单独不强，但和 core 模型 error complementarity 高。,unverified,,Requires contextual requirement-by-requirement review; inclusion is not completion.
docx_goal.txt,4da8b372c8f07936c1156935114849f85c0d83957c1ecacc6a0b6462bdf3b1f0,760,Redundant：,unverified,,Requires contextual requirement-by-requirement review; inclusion is not completion.
docx_goal.txt,4da8b372c8f07936c1156935114849f85c0d83957c1ecacc6a0b6462bdf3b1f0,761,已有 bank 条件下基本没有增量信息。,unverified,,Requires contextual requirement-by-requirement review; inclusion is not completion.
docx_goal.txt,4da8b372c8f07936c1156935114849f85c0d83957c1ecacc6a0b6462bdf3b1f0,763,Harmful / Over-invariant：,unverified,,Requires contextual requirement-by-requirement review; inclusion is not completion.
docx_goal.txt,4da8b372c8f07936c1156935114849f85c0d83957c1ecacc6a0b6462bdf3b1f0,764,降低 nuisance variation 的同时明显破坏 gesture information。,unverified,,Requires contextual requirement-by-requirement review; inclusion is not completion.
docx_goal.txt,4da8b372c8f07936c1156935114849f85c0d83957c1ecacc6a0b6462bdf3b1f0,766,==================================================,unverified,,Requires contextual requirement-by-requirement review; inclusion is not completion.
docx_goal.txt,4da8b372c8f07936c1156935114849f85c0d83957c1ecacc6a0b6462bdf3b1f0,767,十、评价指标,unverified,,Requires contextual requirement-by-requirement review; inclusion is not completion.
docx_goal.txt,4da8b372c8f07936c1156935114849f85c0d83957c1ecacc6a0b6462bdf3b1f0,768,==================================================,unverified,,Requires contextual requirement-by-requirement review; inclusion is not completion.
docx_goal.txt,4da8b372c8f07936c1156935114849f85c0d83957c1ecacc6a0b6462bdf3b1f0,770,不要只报告 accuracy。,unverified,,Requires contextual requirement-by-requirement review; inclusion is not completion.
docx_goal.txt,4da8b372c8f07936c1156935114849f85c0d83957c1ecacc6a0b6462bdf3b1f0,772,至少：,unverified,,Requires contextual requirement-by-requirement review; inclusion is not completion.
docx_goal.txt,4da8b372c8f07936c1156935114849f85c0d83957c1ecacc6a0b6462bdf3b1f0,774,- macro-F1,unverified,,Requires contextual requirement-by-requirement review; inclusion is not completion.
docx_goal.txt,4da8b372c8f07936c1156935114849f85c0d83957c1ecacc6a0b6462bdf3b1f0,775,- per-class F1,unverified,,Requires contextual requirement-by-requirement review; inclusion is not completion.
docx_goal.txt,4da8b372c8f07936c1156935114849f85c0d83957c1ecacc6a0b6462bdf3b1f0,776,- accuracy,unverified,,Requires contextual requirement-by-requirement review; inclusion is not completion.
docx_goal.txt,4da8b372c8f07936c1156935114849f85c0d83957c1ecacc6a0b6462bdf3b1f0,777,- log-loss,unverified,,Requires contextual requirement-by-requirement review; inclusion is not completion.
docx_goal.txt,4da8b372c8f07936c1156935114849f85c0d83957c1ecacc6a0b6462bdf3b1f0,778,- Brier,unverified,,Requires contextual requirement-by-requirement review; inclusion is not completion.
docx_goal.txt,4da8b372c8f07936c1156935114849f85c0d83957c1ecacc6a0b6462bdf3b1f0,779,- ECE（如果概率模型支持）,unverified,,Requires contextual requirement-by-requirement review; inclusion is not completion.
docx_goal.txt,4da8b372c8f07936c1156935114849f85c0d83957c1ecacc6a0b6462bdf3b1f0,780,- per-subject,unverified,,Requires contextual requirement-by-requirement review; inclusion is not completion.
docx_goal.txt,4da8b372c8f07936c1156935114849f85c0d83957c1ecacc6a0b6462bdf3b1f0,781,- per-session/day,unverified,,Requires contextual requirement-by-requirement review; inclusion is not completion.
docx_goal.txt,4da8b372c8f07936c1156935114849f85c0d83957c1ecacc6a0b6462bdf3b1f0,782,- per-force,unverified,,Requires contextual requirement-by-requirement review; inclusion is not completion.
docx_goal.txt,4da8b372c8f07936c1156935114849f85c0d83957c1ecacc6a0b6462bdf3b1f0,783,- per-posture,unverified,,Requires contextual requirement-by-requirement review; inclusion is not completion.
docx_goal.txt,4da8b372c8f07936c1156935114849f85c0d83957c1ecacc6a0b6462bdf3b1f0,784,- calibration-budget curve,unverified,,Requires contextual requirement-by-requirement review; inclusion is not completion.
docx_goal.txt,4da8b372c8f07936c1156935114849f85c0d83957c1ecacc6a0b6462bdf3b1f0,786,对于 force / wearing representation，,unverified,,Requires contextual requirement-by-requirement review; inclusion is not completion.
docx_goal.txt,4da8b372c8f07936c1156935114849f85c0d83957c1ecacc6a0b6462bdf3b1f0,787,如已有距离指标，也保留：,unverified,,Requires contextual requirement-by-requirement review; inclusion is not completion.
docx_goal.txt,4da8b372c8f07936c1156935114849f85c0d83957c1ecacc6a0b6462bdf3b1f0,789,    D_nuisance,unverified,,Requires contextual requirement-by-requirement review; inclusion is not completion.
docx_goal.txt,4da8b372c8f07936c1156935114849f85c0d83957c1ecacc6a0b6462bdf3b1f0,790,    D_gesture,unverified,,Requires contextual requirement-by-requirement review; inclusion is not completion.
docx_goal.txt,4da8b372c8f07936c1156935114849f85c0d83957c1ecacc6a0b6462bdf3b1f0,791,    J = D_gesture / (D_nuisance + ε),unverified,,Requires contextual requirement-by-requirement review; inclusion is not completion.
docx_goal.txt,4da8b372c8f07936c1156935114849f85c0d83957c1ecacc6a0b6462bdf3b1f0,793,但注意：,unverified,,Requires contextual requirement-by-requirement review; inclusion is not completion.
docx_goal.txt,4da8b372c8f07936c1156935114849f85c0d83957c1ecacc6a0b6462bdf3b1f0,795,D_nuisance 下降不能单独被解释为成功。,unverified,,Requires contextual requirement-by-requirement review; inclusion is not completion.
docx_goal.txt,4da8b372c8f07936c1156935114849f85c0d83957c1ecacc6a0b6462bdf3b1f0,797,必须同时看 gesture separation 和 classification。,unverified,,Requires contextual requirement-by-requirement review; inclusion is not completion.
docx_goal.txt,4da8b372c8f07936c1156935114849f85c0d83957c1ecacc6a0b6462bdf3b1f0,799,==================================================,unverified,,Requires contextual requirement-by-requirement review; inclusion is not completion.
docx_goal.txt,4da8b372c8f07936c1156935114849f85c0d83957c1ecacc6a0b6462bdf3b1f0,800,十一、系统级评价：Robustness Vector,unverified,,Requires contextual requirement-by-requirement review; inclusion is not completion.
docx_goal.txt,4da8b372c8f07936c1156935114849f85c0d83957c1ecacc6a0b6462bdf3b1f0,801,==================================================,unverified,,Requires contextual requirement-by-requirement review; inclusion is not completion.
docx_goal.txt,4da8b372c8f07936c1156935114849f85c0d83957c1ecacc6a0b6462bdf3b1f0,803,不要最终只给一个 aggregate F1。,unverified,,Requires contextual requirement-by-requirement review; inclusion is not completion.
docx_goal.txt,4da8b372c8f07936c1156935114849f85c0d83957c1ecacc6a0b6462bdf3b1f0,805,构造：,unverified,,Requires contextual requirement-by-requirement review; inclusion is not completion.
docx_goal.txt,4da8b372c8f07936c1156935114849f85c0d83957c1ecacc6a0b6462bdf3b1f0,807,    R =,unverified,,Requires contextual requirement-by-requirement review; inclusion is not completion.
docx_goal.txt,4da8b372c8f07936c1156935114849f85c0d83957c1ecacc6a0b6462bdf3b1f0,808,    [,unverified,,Requires contextual requirement-by-requirement review; inclusion is not completion.
docx_goal.txt,4da8b372c8f07936c1156935114849f85c0d83957c1ecacc6a0b6462bdf3b1f0,809,"      R_force,",unverified,,Requires contextual requirement-by-requirement review; inclusion is not completion.
docx_goal.txt,4da8b372c8f07936c1156935114849f85c0d83957c1ecacc6a0b6462bdf3b1f0,810,"      R_wearing,",unverified,,Requires contextual requirement-by-requirement review; inclusion is not completion.
docx_goal.txt,4da8b372c8f07936c1156935114849f85c0d83957c1ecacc6a0b6462bdf3b1f0,811,"      R_day,",unverified,,Requires contextual requirement-by-requirement review; inclusion is not completion.
docx_goal.txt,4da8b372c8f07936c1156935114849f85c0d83957c1ecacc6a0b6462bdf3b1f0,812,"      R_user,",unverified,,Requires contextual requirement-by-requirement review; inclusion is not completion.
docx_goal.txt,4da8b372c8f07936c1156935114849f85c0d83957c1ecacc6a0b6462bdf3b1f0,813,"      R_posture,",unverified,,Requires contextual requirement-by-requirement review; inclusion is not completion.
docx_goal.txt,4da8b372c8f07936c1156935114849f85c0d83957c1ecacc6a0b6462bdf3b1f0,814,"      R_speed,",unverified,,Requires contextual requirement-by-requirement review; inclusion is not completion.
docx_goal.txt,4da8b372c8f07936c1156935114849f85c0d83957c1ecacc6a0b6462bdf3b1f0,815,      R_quality,unverified,,Requires contextual requirement-by-requirement review; inclusion is not completion.
docx_goal.txt,4da8b372c8f07936c1156935114849f85c0d83957c1ecacc6a0b6462bdf3b1f0,816,    ],unverified,,Requires contextual requirement-by-requirement review; inclusion is not completion.
docx_goal.txt,4da8b372c8f07936c1156935114849f85c0d83957c1ecacc6a0b6462bdf3b1f0,818,每项定义为相应真实 benchmark 下的 performance，,unverified,,Requires contextual requirement-by-requirement review; inclusion is not completion.
docx_goal.txt,4da8b372c8f07936c1156935114849f85c0d83957c1ecacc6a0b6462bdf3b1f0,819,没有数据就 N/A。,unverified,,Requires contextual requirement-by-requirement review; inclusion is not completion.
docx_goal.txt,4da8b372c8f07936c1156935114849f85c0d83957c1ecacc6a0b6462bdf3b1f0,821,报告：,unverified,,Requires contextual requirement-by-requirement review; inclusion is not completion.
docx_goal.txt,4da8b372c8f07936c1156935114849f85c0d83957c1ecacc6a0b6462bdf3b1f0,823,    mean(R_available),unverified,,Requires contextual requirement-by-requirement review; inclusion is not completion.
docx_goal.txt,4da8b372c8f07936c1156935114849f85c0d83957c1ecacc6a0b6462bdf3b1f0,825,以及：,unverified,,Requires contextual requirement-by-requirement review; inclusion is not completion.
docx_goal.txt,4da8b372c8f07936c1156935114849f85c0d83957c1ecacc6a0b6462bdf3b1f0,827,    R_min,unverified,,Requires contextual requirement-by-requirement review; inclusion is not completion.
docx_goal.txt,4da8b372c8f07936c1156935114849f85c0d83957c1ecacc6a0b6462bdf3b1f0,829,即最差条件。,unverified,,Requires contextual requirement-by-requirement review; inclusion is not completion.
docx_goal.txt,4da8b372c8f07936c1156935114849f85c0d83957c1ecacc6a0b6462bdf3b1f0,831,我们关心：,unverified,,Requires contextual requirement-by-requirement review; inclusion is not completion.
docx_goal.txt,4da8b372c8f07936c1156935114849f85c0d83957c1ecacc6a0b6462bdf3b1f0,833,“整个鲁棒性包络是否被抬高”，,unverified,,Requires contextual requirement-by-requirement review; inclusion is not completion.
docx_goal.txt,4da8b372c8f07936c1156935114849f85c0d83957c1ecacc6a0b6462bdf3b1f0,834,而不是某一个 cell 极端优化。,unverified,,Requires contextual requirement-by-requirement review; inclusion is not completion.
docx_goal.txt,4da8b372c8f07936c1156935114849f85c0d83957c1ecacc6a0b6462bdf3b1f0,836,==================================================,unverified,,Requires contextual requirement-by-requirement review; inclusion is not completion.
docx_goal.txt,4da8b372c8f07936c1156935114849f85c0d83957c1ecacc6a0b6462bdf3b1f0,837,十二、Calibration burden,unverified,,Requires contextual requirement-by-requirement review; inclusion is not completion.
docx_goal.txt,4da8b372c8f07936c1156935114849f85c0d83957c1ecacc6a0b6462bdf3b1f0,838,==================================================,unverified,,Requires contextual requirement-by-requirement review; inclusion is not completion.
docx_goal.txt,4da8b372c8f07936c1156935114849f85c0d83957c1ecacc6a0b6462bdf3b1f0,840,同时报告产品成本：,unverified,,Requires contextual requirement-by-requirement review; inclusion is not completion.
docx_goal.txt,4da8b372c8f07936c1156935114849f85c0d83957c1ecacc6a0b6462bdf3b1f0,842,- shots / class,unverified,,Requires contextual requirement-by-requirement review; inclusion is not completion.
docx_goal.txt,4da8b372c8f07936c1156935114849f85c0d83957c1ecacc6a0b6462bdf3b1f0,843,- calibration trials,unverified,,Requires contextual requirement-by-requirement review; inclusion is not completion.
docx_goal.txt,4da8b372c8f07936c1156935114849f85c0d83957c1ecacc6a0b6462bdf3b1f0,844,- estimated calibration duration（如果已有 trial duration）,unverified,,Requires contextual requirement-by-requirement review; inclusion is not completion.
docx_goal.txt,4da8b372c8f07936c1156935114849f85c0d83957c1ecacc6a0b6462bdf3b1f0,845,- 是否每个 session 都需要,unverified,,Requires contextual requirement-by-requirement review; inclusion is not completion.
docx_goal.txt,4da8b372c8f07936c1156935114849f85c0d83957c1ecacc6a0b6462bdf3b1f0,846,- 是否需要所有 gesture,unverified,,Requires contextual requirement-by-requirement review; inclusion is not completion.
docx_goal.txt,4da8b372c8f07936c1156935114849f85c0d83957c1ecacc6a0b6462bdf3b1f0,847,- 是否需要 target force,unverified,,Requires contextual requirement-by-requirement review; inclusion is not completion.
docx_goal.txt,4da8b372c8f07936c1156935114849f85c0d83957c1ecacc6a0b6462bdf3b1f0,848,- 是否需要 target posture,unverified,,Requires contextual requirement-by-requirement review; inclusion is not completion.
docx_goal.txt,4da8b372c8f07936c1156935114849f85c0d83957c1ecacc6a0b6462bdf3b1f0,850,最终绘制：,unverified,,Requires contextual requirement-by-requirement review; inclusion is not completion.
docx_goal.txt,4da8b372c8f07936c1156935114849f85c0d83957c1ecacc6a0b6462bdf3b1f0,852,    performance vs calibration budget,unverified,,Requires contextual requirement-by-requirement review; inclusion is not completion.
docx_goal.txt,4da8b372c8f07936c1156935114849f85c0d83957c1ecacc6a0b6462bdf3b1f0,854,至少：,unverified,,Requires contextual requirement-by-requirement review; inclusion is not completion.
docx_goal.txt,4da8b372c8f07936c1156935114849f85c0d83957c1ecacc6a0b6462bdf3b1f0,856,    0,unverified,,Requires contextual requirement-by-requirement review; inclusion is not completion.
docx_goal.txt,4da8b372c8f07936c1156935114849f85c0d83957c1ecacc6a0b6462bdf3b1f0,857,    1,unverified,,Requires contextual requirement-by-requirement review; inclusion is not completion.
docx_goal.txt,4da8b372c8f07936c1156935114849f85c0d83957c1ecacc6a0b6462bdf3b1f0,858,    2,unverified,,Requires contextual requirement-by-requirement review; inclusion is not completion.
docx_goal.txt,4da8b372c8f07936c1156935114849f85c0d83957c1ecacc6a0b6462bdf3b1f0,859,    5 shots/class,unverified,,Requires contextual requirement-by-requirement review; inclusion is not completion.
docx_goal.txt,4da8b372c8f07936c1156935114849f85c0d83957c1ecacc6a0b6462bdf3b1f0,861,如果数据支持。,unverified,,Requires contextual requirement-by-requirement review; inclusion is not completion.
docx_goal.txt,4da8b372c8f07936c1156935114849f85c0d83957c1ecacc6a0b6462bdf3b1f0,863,==================================================,unverified,,Requires contextual requirement-by-requirement review; inclusion is not completion.
docx_goal.txt,4da8b372c8f07936c1156935114849f85c0d83957c1ecacc6a0b6462bdf3b1f0,864,十三、必须防止的错误,unverified,,Requires contextual requirement-by-requirement review; inclusion is not completion.
docx_goal.txt,4da8b372c8f07936c1156935114849f85c0d83957c1ecacc6a0b6462bdf3b1f0,865,==================================================,unverified,,Requires contextual requirement-by-requirement review; inclusion is not completion.
docx_goal.txt,4da8b372c8f07936c1156935114849f85c0d83957c1ecacc6a0b6462bdf3b1f0,867,1. 不允许 random split overlapping windows。,unverified,,Requires contextual requirement-by-requirement review; inclusion is not completion.
docx_goal.txt,4da8b372c8f07936c1156935114849f85c0d83957c1ecacc6a0b6462bdf3b1f0,868,必须先按 trial/session/subject split 再 window。,unverified,,Requires contextual requirement-by-requirement review; inclusion is not completion.
docx_goal.txt,4da8b372c8f07936c1156935114849f85c0d83957c1ecacc6a0b6462bdf3b1f0,870,2. 不允许 scaler/PCA/CSP/cov reference 在 full dataset fit。,unverified,,Requires contextual requirement-by-requirement review; inclusion is not completion.
docx_goal.txt,4da8b372c8f07936c1156935114849f85c0d83957c1ecacc6a0b6462bdf3b1f0,872,3. 不允许 target test data 参与 personal/session prototype。,unverified,,Requires contextual requirement-by-requirement review; inclusion is not completion.
docx_goal.txt,4da8b372c8f07936c1156935114849f85c0d83957c1ecacc6a0b6462bdf3b1f0,874,4. 不允许看 test 结果调 fusion weight。,unverified,,Requires contextual requirement-by-requirement review; inclusion is not completion.
docx_goal.txt,4da8b372c8f07936c1156935114849f85c0d83957c1ecacc6a0b6462bdf3b1f0,876,5. 不允许把 target-force calibration 混进“unseen-force”结果。,unverified,,Requires contextual requirement-by-requirement review; inclusion is not completion.
docx_goal.txt,4da8b372c8f07936c1156935114849f85c0d83957c1ecacc6a0b6462bdf3b1f0,878,6. 不允许把 public dataset 中不存在的 IMU/姿态/佩戴信息伪造出来。,unverified,,Requires contextual requirement-by-requirement review; inclusion is not completion.
docx_goal.txt,4da8b372c8f07936c1156935114849f85c0d83957c1ecacc6a0b6462bdf3b1f0,880,7. 不要因为一个 family 单独 F1 低就说它无用；,unverified,,Requires contextual requirement-by-requirement review; inclusion is not completion.
docx_goal.txt,4da8b372c8f07936c1156935114849f85c0d83957c1ecacc6a0b6462bdf3b1f0,881,必须先看 conditional information 和 error complementarity。,unverified,,Requires contextual requirement-by-requirement review; inclusion is not completion.
docx_goal.txt,4da8b372c8f07936c1156935114849f85c0d83957c1ecacc6a0b6462bdf3b1f0,883,8. 不要因为 feature correlation 高就直接说冗余；,unverified,,Requires contextual requirement-by-requirement review; inclusion is not completion.
docx_goal.txt,4da8b372c8f07936c1156935114849f85c0d83957c1ecacc6a0b6462bdf3b1f0,884,优先看 predictive conditional contribution。,unverified,,Requires contextual requirement-by-requirement review; inclusion is not completion.
docx_goal.txt,4da8b372c8f07936c1156935114849f85c0d83957c1ecacc6a0b6462bdf3b1f0,886,9. 不要因为 D_nuisance 下降就宣称鲁棒性提高；,unverified,,Requires contextual requirement-by-requirement review; inclusion is not completion.
docx_goal.txt,4da8b372c8f07936c1156935114849f85c0d83957c1ecacc6a0b6462bdf3b1f0,887,必须同时保证 gesture discrimination。,unverified,,Requires contextual requirement-by-requirement review; inclusion is not completion.
docx_goal.txt,4da8b372c8f07936c1156935114849f85c0d83957c1ecacc6a0b6462bdf3b1f0,889,10. 不要一次引入复杂深度网络掩盖 representation 的作用。,unverified,,Requires contextual requirement-by-requirement review; inclusion is not completion.
docx_goal.txt,4da8b372c8f07936c1156935114849f85c0d83957c1ecacc6a0b6462bdf3b1f0,890,本轮优先 LDA / shrinkage-LDA / RBF-SVM / logistic regression /,unverified,,Requires contextual requirement-by-requirement review; inclusion is not completion.
docx_goal.txt,4da8b372c8f07936c1156935114849f85c0d83957c1ecacc6a0b6462bdf3b1f0,891,simple calibrated classifier。,unverified,,Requires contextual requirement-by-requirement review; inclusion is not completion.
docx_goal.txt,4da8b372c8f07936c1156935114849f85c0d83957c1ecacc6a0b6462bdf3b1f0,893,==================================================,unverified,,Requires contextual requirement-by-requirement review; inclusion is not completion.
docx_goal.txt,4da8b372c8f07936c1156935114849f85c0d83957c1ecacc6a0b6462bdf3b1f0,894,十四、推荐执行顺序,unverified,,Requires contextual requirement-by-requirement review; inclusion is not completion.
docx_goal.txt,4da8b372c8f07936c1156935114849f85c0d83957c1ecacc6a0b6462bdf3b1f0,895,==================================================,unverified,,Requires contextual requirement-by-requirement review; inclusion is not completion.
docx_goal.txt,4da8b372c8f07936c1156935114849f85c0d83957c1ecacc6a0b6462bdf3b1f0,897,不要一次把所有东西写完。,unverified,,Requires contextual requirement-by-requirement review; inclusion is not completion.
docx_goal.txt,4da8b372c8f07936c1156935114849f85c0d83957c1ecacc6a0b6462bdf3b1f0,899,Phase 0,unverified,,Requires contextual requirement-by-requirement review; inclusion is not completion.
docx_goal.txt,4da8b372c8f07936c1156935114849f85c0d83957c1ecacc6a0b6462bdf3b1f0,900,复现 baseline、冻结 splits、做 data capability audit。,unverified,,Requires contextual requirement-by-requirement review; inclusion is not completion.
docx_goal.txt,4da8b372c8f07936c1156935114849f85c0d83957c1ecacc6a0b6462bdf3b1f0,902,Phase 1,unverified,,Requires contextual requirement-by-requirement review; inclusion is not completion.
docx_goal.txt,4da8b372c8f07936c1156935114849f85c0d83957c1ecacc6a0b6462bdf3b1f0,903,实现统一 FeatureFamily API / registry，,unverified,,Requires contextual requirement-by-requirement review; inclusion is not completion.
docx_goal.txt,4da8b372c8f07936c1156935114849f85c0d83957c1ecacc6a0b6462bdf3b1f0,904,保证每个 family 可独立 fit/transform。,unverified,,Requires contextual requirement-by-requirement review; inclusion is not completion.
docx_goal.txt,4da8b372c8f07936c1156935114849f85c0d83957c1ecacc6a0b6462bdf3b1f0,906,Phase 2,unverified,,Requires contextual requirement-by-requirement review; inclusion is not completion.
docx_goal.txt,4da8b372c8f07936c1156935114849f85c0d83957c1ecacc6a0b6462bdf3b1f0,907,实现 F2–F9 中当前 dataset 真能支持的 family。,unverified,,Requires contextual requirement-by-requirement review; inclusion is not completion.
docx_goal.txt,4da8b372c8f07936c1156935114849f85c0d83957c1ecacc6a0b6462bdf3b1f0,909,Phase 3,unverified,,Requires contextual requirement-by-requirement review; inclusion is not completion.
docx_goal.txt,4da8b372c8f07936c1156935114849f85c0d83957c1ecacc6a0b6462bdf3b1f0,910,做 zero-shot family screening。,unverified,,Requires contextual requirement-by-requirement review; inclusion is not completion.
docx_goal.txt,4da8b372c8f07936c1156935114849f85c0d83957c1ecacc6a0b6462bdf3b1f0,912,Phase 4,unverified,,Requires contextual requirement-by-requirement review; inclusion is not completion.
docx_goal.txt,4da8b372c8f07936c1156935114849f85c0d83957c1ecacc6a0b6462bdf3b1f0,913,实现 Personal Calibration v0：,unverified,,Requires contextual requirement-by-requirement review; inclusion is not completion.
docx_goal.txt,4da8b372c8f07936c1156935114849f85c0d83957c1ecacc6a0b6462bdf3b1f0,914,prototype + personal normalization + anchor coordinates。,unverified,,Requires contextual requirement-by-requirement review; inclusion is not completion.
docx_goal.txt,4da8b372c8f07936c1156935114849f85c0d83957c1ecacc6a0b6462bdf3b1f0,916,Phase 5,unverified,,Requires contextual requirement-by-requirement review; inclusion is not completion.
docx_goal.txt,4da8b372c8f07936c1156935114849f85c0d83957c1ecacc6a0b6462bdf3b1f0,917,跑 0/1/2/5-shot calibration curves。,unverified,,Requires contextual requirement-by-requirement review; inclusion is not completion.
docx_goal.txt,4da8b372c8f07936c1156935114849f85c0d83957c1ecacc6a0b6462bdf3b1f0,919,Phase 6,unverified,,Requires contextual requirement-by-requirement review; inclusion is not completion.
docx_goal.txt,4da8b372c8f07936c1156935114849f85c0d83957c1ecacc6a0b6462bdf3b1f0,920,做 conditional incremental information + error complementarity。,unverified,,Requires contextual requirement-by-requirement review; inclusion is not completion.
docx_goal.txt,4da8b372c8f07936c1156935114849f85c0d83957c1ecacc6a0b6462bdf3b1f0,922,Phase 7,unverified,,Requires contextual requirement-by-requirement review; inclusion is not completion.
docx_goal.txt,4da8b372c8f07936c1156935114849f85c0d83957c1ecacc6a0b6462bdf3b1f0,923,构造 shortlist full bank。,unverified,,Requires contextual requirement-by-requirement review; inclusion is not completion.
docx_goal.txt,4da8b372c8f07936c1156935114849f85c0d83957c1ecacc6a0b6462bdf3b1f0,925,Phase 8,unverified,,Requires contextual requirement-by-requirement review; inclusion is not completion.
docx_goal.txt,4da8b372c8f07936c1156935114849f85c0d83957c1ecacc6a0b6462bdf3b1f0,926,leave-one-family-out。,unverified,,Requires contextual requirement-by-requirement review; inclusion is not completion.
docx_goal.txt,4da8b372c8f07936c1156935114849f85c0d83957c1ecacc6a0b6462bdf3b1f0,928,Phase 9,unverified,,Requires contextual requirement-by-requirement review; inclusion is not completion.
docx_goal.txt,4da8b372c8f07936c1156935114849f85c0d83957c1ecacc6a0b6462bdf3b1f0,929,如果有 same-user multi-session 数据，,unverified,,Requires contextual requirement-by-requirement review; inclusion is not completion.
docx_goal.txt,4da8b372c8f07936c1156935114849f85c0d83957c1ecacc6a0b6462bdf3b1f0,930,加入 Session Calibration / Session Signature。,unverified,,Requires contextual requirement-by-requirement review; inclusion is not completion.
docx_goal.txt,4da8b372c8f07936c1156935114849f85c0d83957c1ecacc6a0b6462bdf3b1f0,932,==================================================,unverified,,Requires contextual requirement-by-requirement review; inclusion is not completion.
docx_goal.txt,4da8b372c8f07936c1156935114849f85c0d83957c1ecacc6a0b6462bdf3b1f0,933,十五、输出文件,unverified,,Requires contextual requirement-by-requirement review; inclusion is not completion.
docx_goal.txt,4da8b372c8f07936c1156935114849f85c0d83957c1ecacc6a0b6462bdf3b1f0,934,==================================================,unverified,,Requires contextual requirement-by-requirement review; inclusion is not completion.
docx_goal.txt,4da8b372c8f07936c1156935114849f85c0d83957c1ecacc6a0b6462bdf3b1f0,936,请至少生成：,unverified,,Requires contextual requirement-by-requirement review; inclusion is not completion.
docx_goal.txt,4da8b372c8f07936c1156935114849f85c0d83957c1ecacc6a0b6462bdf3b1f0,938,1. REPORT.md,unverified,,Requires contextual requirement-by-requirement review; inclusion is not completion.
docx_goal.txt,4da8b372c8f07936c1156935114849f85c0d83957c1ecacc6a0b6462bdf3b1f0,940,必须包含：,unverified,,Requires contextual requirement-by-requirement review; inclusion is not completion.
docx_goal.txt,4da8b372c8f07936c1156935114849f85c0d83957c1ecacc6a0b6462bdf3b1f0,942,- Research Question,unverified,,Requires contextual requirement-by-requirement review; inclusion is not completion.
docx_goal.txt,4da8b372c8f07936c1156935114849f85c0d83957c1ecacc6a0b6462bdf3b1f0,943,- Data capability audit,unverified,,Requires contextual requirement-by-requirement review; inclusion is not completion.
docx_goal.txt,4da8b372c8f07936c1156935114849f85c0d83957c1ecacc6a0b6462bdf3b1f0,944,- Frozen protocol,unverified,,Requires contextual requirement-by-requirement review; inclusion is not completion.
docx_goal.txt,4da8b372c8f07936c1156935114849f85c0d83957c1ecacc6a0b6462bdf3b1f0,945,- Feature family definitions,unverified,,Requires contextual requirement-by-requirement review; inclusion is not completion.
docx_goal.txt,4da8b372c8f07936c1156935114849f85c0d83957c1ecacc6a0b6462bdf3b1f0,946,- Calibration protocol,unverified,,Requires contextual requirement-by-requirement review; inclusion is not completion.
docx_goal.txt,4da8b372c8f07936c1156935114849f85c0d83957c1ecacc6a0b6462bdf3b1f0,947,- Family screening table,unverified,,Requires contextual requirement-by-requirement review; inclusion is not completion.
docx_goal.txt,4da8b372c8f07936c1156935114849f85c0d83957c1ecacc6a0b6462bdf3b1f0,948,- robustness vector table,unverified,,Requires contextual requirement-by-requirement review; inclusion is not completion.
docx_goal.txt,4da8b372c8f07936c1156935114849f85c0d83957c1ecacc6a0b6462bdf3b1f0,949,- conditional incremental value,unverified,,Requires contextual requirement-by-requirement review; inclusion is not completion.
docx_goal.txt,4da8b372c8f07936c1156935114849f85c0d83957c1ecacc6a0b6462bdf3b1f0,950,- error complementarity,unverified,,Requires contextual requirement-by-requirement review; inclusion is not completion.
docx_goal.txt,4da8b372c8f07936c1156935114849f85c0d83957c1ecacc6a0b6462bdf3b1f0,951,- calibration curves,unverified,,Requires contextual requirement-by-requirement review; inclusion is not completion.
docx_goal.txt,4da8b372c8f07936c1156935114849f85c0d83957c1ecacc6a0b6462bdf3b1f0,952,- full-bank result,unverified,,Requires contextual requirement-by-requirement review; inclusion is not completion.
docx_goal.txt,4da8b372c8f07936c1156935114849f85c0d83957c1ecacc6a0b6462bdf3b1f0,953,- leave-one-family-out,unverified,,Requires contextual requirement-by-requirement review; inclusion is not completion.
docx_goal.txt,4da8b372c8f07936c1156935114849f85c0d83957c1ecacc6a0b6462bdf3b1f0,954,- per-subject analysis,unverified,,Requires contextual requirement-by-requirement review; inclusion is not completion.
docx_goal.txt,4da8b372c8f07936c1156935114849f85c0d83957c1ecacc6a0b6462bdf3b1f0,955,- failure analysis,unverified,,Requires contextual requirement-by-requirement review; inclusion is not completion.
docx_goal.txt,4da8b372c8f07936c1156935114849f85c0d83957c1ecacc6a0b6462bdf3b1f0,956,- evidence boundary,unverified,,Requires contextual requirement-by-requirement review; inclusion is not completion.
docx_goal.txt,4da8b372c8f07936c1156935114849f85c0d83957c1ecacc6a0b6462bdf3b1f0,957,- recommended next step,unverified,,Requires contextual requirement-by-requirement review; inclusion is not completion.
docx_goal.txt,4da8b372c8f07936c1156935114849f85c0d83957c1ecacc6a0b6462bdf3b1f0,959,2. feature_family_results.csv,unverified,,Requires contextual requirement-by-requirement review; inclusion is not completion.
docx_goal.txt,4da8b372c8f07936c1156935114849f85c0d83957c1ecacc6a0b6462bdf3b1f0,961,每行至少：,unverified,,Requires contextual requirement-by-requirement review; inclusion is not completion.
docx_goal.txt,4da8b372c8f07936c1156935114849f85c0d83957c1ecacc6a0b6462bdf3b1f0,963,dataset,unverified,,Requires contextual requirement-by-requirement review; inclusion is not completion.
docx_goal.txt,4da8b372c8f07936c1156935114849f85c0d83957c1ecacc6a0b6462bdf3b1f0,964,subject,unverified,,Requires contextual requirement-by-requirement review; inclusion is not completion.
docx_goal.txt,4da8b372c8f07936c1156935114849f85c0d83957c1ecacc6a0b6462bdf3b1f0,965,session/domain,unverified,,Requires contextual requirement-by-requirement review; inclusion is not completion.
docx_goal.txt,4da8b372c8f07936c1156935114849f85c0d83957c1ecacc6a0b6462bdf3b1f0,966,feature_family,unverified,,Requires contextual requirement-by-requirement review; inclusion is not completion.
docx_goal.txt,4da8b372c8f07936c1156935114849f85c0d83957c1ecacc6a0b6462bdf3b1f0,967,calibration_budget,unverified,,Requires contextual requirement-by-requirement review; inclusion is not completion.
docx_goal.txt,4da8b372c8f07936c1156935114849f85c0d83957c1ecacc6a0b6462bdf3b1f0,968,condition,unverified,,Requires contextual requirement-by-requirement review; inclusion is not completion.
docx_goal.txt,4da8b372c8f07936c1156935114849f85c0d83957c1ecacc6a0b6462bdf3b1f0,969,macro_f1,unverified,,Requires contextual requirement-by-requirement review; inclusion is not completion.
docx_goal.txt,4da8b372c8f07936c1156935114849f85c0d83957c1ecacc6a0b6462bdf3b1f0,970,accuracy,unverified,,Requires contextual requirement-by-requirement review; inclusion is not completion.
docx_goal.txt,4da8b372c8f07936c1156935114849f85c0d83957c1ecacc6a0b6462bdf3b1f0,971,log_loss,unverified,,Requires contextual requirement-by-requirement review; inclusion is not completion.
docx_goal.txt,4da8b372c8f07936c1156935114849f85c0d83957c1ecacc6a0b6462bdf3b1f0,972,brier,unverified,,Requires contextual requirement-by-requirement review; inclusion is not completion.
docx_goal.txt,4da8b372c8f07936c1156935114849f85c0d83957c1ecacc6a0b6462bdf3b1f0,973,ece,unverified,,Requires contextual requirement-by-requirement review; inclusion is not completion.
docx_goal.txt,4da8b372c8f07936c1156935114849f85c0d83957c1ecacc6a0b6462bdf3b1f0,975,3. conditional_incremental.csv,unverified,,Requires contextual requirement-by-requirement review; inclusion is not completion.
docx_goal.txt,4da8b372c8f07936c1156935114849f85c0d83957c1ecacc6a0b6462bdf3b1f0,977,记录：,unverified,,Requires contextual requirement-by-requirement review; inclusion is not completion.
docx_goal.txt,4da8b372c8f07936c1156935114849f85c0d83957c1ecacc6a0b6462bdf3b1f0,979,core_bank,unverified,,Requires contextual requirement-by-requirement review; inclusion is not completion.
docx_goal.txt,4da8b372c8f07936c1156935114849f85c0d83957c1ecacc6a0b6462bdf3b1f0,980,added_family,unverified,,Requires contextual requirement-by-requirement review; inclusion is not completion.
docx_goal.txt,4da8b372c8f07936c1156935114849f85c0d83957c1ecacc6a0b6462bdf3b1f0,981,condition,unverified,,Requires contextual requirement-by-requirement review; inclusion is not completion.
docx_goal.txt,4da8b372c8f07936c1156935114849f85c0d83957c1ecacc6a0b6462bdf3b1f0,982,delta_logloss,unverified,,Requires contextual requirement-by-requirement review; inclusion is not completion.
docx_goal.txt,4da8b372c8f07936c1156935114849f85c0d83957c1ecacc6a0b6462bdf3b1f0,983,delta_macro_f1,unverified,,Requires contextual requirement-by-requirement review; inclusion is not completion.
docx_goal.txt,4da8b372c8f07936c1156935114849f85c0d83957c1ecacc6a0b6462bdf3b1f0,984,delta_brier,unverified,,Requires contextual requirement-by-requirement review; inclusion is not completion.
docx_goal.txt,4da8b372c8f07936c1156935114849f85c0d83957c1ecacc6a0b6462bdf3b1f0,986,4. error_complementarity.csv,unverified,,Requires contextual requirement-by-requirement review; inclusion is not completion.
docx_goal.txt,4da8b372c8f07936c1156935114849f85c0d83957c1ecacc6a0b6462bdf3b1f0,988,记录 family pair：,unverified,,Requires contextual requirement-by-requirement review; inclusion is not completion.
docx_goal.txt,4da8b372c8f07936c1156935114849f85c0d83957c1ecacc6a0b6462bdf3b1f0,989,error correlation / disagreement /,unverified,,Requires contextual requirement-by-requirement review; inclusion is not completion.
docx_goal.txt,4da8b372c8f07936c1156935114849f85c0d83957c1ecacc6a0b6462bdf3b1f0,990,A-correct-B-wrong /,unverified,,Requires contextual requirement-by-requirement review; inclusion is not completion.
docx_goal.txt,4da8b372c8f07936c1156935114849f85c0d83957c1ecacc6a0b6462bdf3b1f0,991,A-wrong-B-correct。,unverified,,Requires contextual requirement-by-requirement review; inclusion is not completion.
docx_goal.txt,4da8b372c8f07936c1156935114849f85c0d83957c1ecacc6a0b6462bdf3b1f0,993,5. calibration_curve.csv,unverified,,Requires contextual requirement-by-requirement review; inclusion is not completion.
docx_goal.txt,4da8b372c8f07936c1156935114849f85c0d83957c1ecacc6a0b6462bdf3b1f0,995,记录：,unverified,,Requires contextual requirement-by-requirement review; inclusion is not completion.
docx_goal.txt,4da8b372c8f07936c1156935114849f85c0d83957c1ecacc6a0b6462bdf3b1f0,997,dataset,unverified,,Requires contextual requirement-by-requirement review; inclusion is not completion.
docx_goal.txt,4da8b372c8f07936c1156935114849f85c0d83957c1ecacc6a0b6462bdf3b1f0,998,condition,unverified,,Requires contextual requirement-by-requirement review; inclusion is not completion.
docx_goal.txt,4da8b372c8f07936c1156935114849f85c0d83957c1ecacc6a0b6462bdf3b1f0,999,shots_per_class,unverified,,Requires contextual requirement-by-requirement review; inclusion is not completion.
docx_goal.txt,4da8b372c8f07936c1156935114849f85c0d83957c1ecacc6a0b6462bdf3b1f0,1000,feature_bank,unverified,,Requires contextual requirement-by-requirement review; inclusion is not completion.
docx_goal.txt,4da8b372c8f07936c1156935114849f85c0d83957c1ecacc6a0b6462bdf3b1f0,1001,macro_f1,unverified,,Requires contextual requirement-by-requirement review; inclusion is not completion.
docx_goal.txt,4da8b372c8f07936c1156935114849f85c0d83957c1ecacc6a0b6462bdf3b1f0,1002,log_loss,unverified,,Requires contextual requirement-by-requirement review; inclusion is not completion.
docx_goal.txt,4da8b372c8f07936c1156935114849f85c0d83957c1ecacc6a0b6462bdf3b1f0,1004,6. ablation_full_bank.csv,unverified,,Requires contextual requirement-by-requirement review; inclusion is not completion.
docx_goal.txt,4da8b372c8f07936c1156935114849f85c0d83957c1ecacc6a0b6462bdf3b1f0,1006,full bank 与 full-minus-family。,unverified,,Requires contextual requirement-by-requirement review; inclusion is not completion.
docx_goal.txt,4da8b372c8f07936c1156935114849f85c0d83957c1ecacc6a0b6462bdf3b1f0,1008,7. EXPERIMENT_CAPABILITIES.md,unverified,,Requires contextual requirement-by-requirement review; inclusion is not completion.
docx_goal.txt,4da8b372c8f07936c1156935114849f85c0d83957c1ecacc6a0b6462bdf3b1f0,1010,明确每个 dataset 真正能验证什么。,unverified,,Requires contextual requirement-by-requirement review; inclusion is not completion.
docx_goal.txt,4da8b372c8f07936c1156935114849f85c0d83957c1ecacc6a0b6462bdf3b1f0,1012,==================================================,unverified,,Requires contextual requirement-by-requirement review; inclusion is not completion.
docx_goal.txt,4da8b372c8f07936c1156935114849f85c0d83957c1ecacc6a0b6462bdf3b1f0,1013,十六、本轮最重要的科研问题,unverified,,Requires contextual requirement-by-requirement review; inclusion is not completion.
docx_goal.txt,4da8b372c8f07936c1156935114849f85c0d83957c1ecacc6a0b6462bdf3b1f0,1014,==================================================,unverified,,Requires contextual requirement-by-requirement review; inclusion is not completion.
docx_goal.txt,4da8b372c8f07936c1156935114849f85c0d83957c1ecacc6a0b6462bdf3b1f0,1016,最终 REPORT 不要只回答：,unverified,,Requires contextual requirement-by-requirement review; inclusion is not completion.
docx_goal.txt,4da8b372c8f07936c1156935114849f85c0d83957c1ecacc6a0b6462bdf3b1f0,1018,“哪个模型最高？”,unverified,,Requires contextual requirement-by-requirement review; inclusion is not completion.
docx_goal.txt,4da8b372c8f07936c1156935114849f85c0d83957c1ecacc6a0b6462bdf3b1f0,1020,必须回答下面这些问题：,unverified,,Requires contextual requirement-by-requirement review; inclusion is not completion.
docx_goal.txt,4da8b372c8f07936c1156935114849f85c0d83957c1ecacc6a0b6462bdf3b1f0,1022,A.,unverified,,Requires contextual requirement-by-requirement review; inclusion is not completion.
docx_goal.txt,4da8b372c8f07936c1156935114849f85c0d83957c1ecacc6a0b6462bdf3b1f0,1023,当前瓶颈主要是缺少新信息，,unverified,,Requires contextual requirement-by-requirement review; inclusion is not completion.
docx_goal.txt,4da8b372c8f07936c1156935114849f85c0d83957c1ecacc6a0b6462bdf3b1f0,1024,还是已有信息组织不好？,unverified,,Requires contextual requirement-by-requirement review; inclusion is not completion.
docx_goal.txt,4da8b372c8f07936c1156935114849f85c0d83957c1ecacc6a0b6462bdf3b1f0,1026,B.,unverified,,Requires contextual requirement-by-requirement review; inclusion is not completion.
docx_goal.txt,4da8b372c8f07936c1156935114849f85c0d83957c1ecacc6a0b6462bdf3b1f0,1027,哪些 feature family 真正提供条件增量信息？,unverified,,Requires contextual requirement-by-requirement review; inclusion is not completion.
docx_goal.txt,4da8b372c8f07936c1156935114849f85c0d83957c1ecacc6a0b6462bdf3b1f0,1029,C.,unverified,,Requires contextual requirement-by-requirement review; inclusion is not completion.
docx_goal.txt,4da8b372c8f07936c1156935114849f85c0d83957c1ecacc6a0b6462bdf3b1f0,1030,哪些 family 是 specialist，,unverified,,Requires contextual requirement-by-requirement review; inclusion is not completion.
docx_goal.txt,4da8b372c8f07936c1156935114849f85c0d83957c1ecacc6a0b6462bdf3b1f0,1031,只在 force / wearing / day / posture 等条件下有价值？,unverified,,Requires contextual requirement-by-requirement review; inclusion is not completion.
docx_goal.txt,4da8b372c8f07936c1156935114849f85c0d83957c1ecacc6a0b6462bdf3b1f0,1033,D.,unverified,,Requires contextual requirement-by-requirement review; inclusion is not completion.
docx_goal.txt,4da8b372c8f07936c1156935114849f85c0d83957c1ecacc6a0b6462bdf3b1f0,1034,哪些 family 只有 personal calibration 后才有明显价值？,unverified,,Requires contextual requirement-by-requirement review; inclusion is not completion.
docx_goal.txt,4da8b372c8f07936c1156935114849f85c0d83957c1ecacc6a0b6462bdf3b1f0,1036,E.,unverified,,Requires contextual requirement-by-requirement review; inclusion is not completion.
docx_goal.txt,4da8b372c8f07936c1156935114849f85c0d83957c1ecacc6a0b6462bdf3b1f0,1037,Personal Anchor 是否明显降低 cross-user variation？,unverified,,Requires contextual requirement-by-requirement review; inclusion is not completion.
docx_goal.txt,4da8b372c8f07936c1156935114849f85c0d83957c1ecacc6a0b6462bdf3b1f0,1039,F.,unverified,,Requires contextual requirement-by-requirement review; inclusion is not completion.
docx_goal.txt,4da8b372c8f07936c1156935114849f85c0d83957c1ecacc6a0b6462bdf3b1f0,1040,Session Signature 是否能帮助 cross-day / re-donning？,unverified,,Requires contextual requirement-by-requirement review; inclusion is not completion.
docx_goal.txt,4da8b372c8f07936c1156935114849f85c0d83957c1ecacc6a0b6462bdf3b1f0,1042,G.,unverified,,Requires contextual requirement-by-requirement review; inclusion is not completion.
docx_goal.txt,4da8b372c8f07936c1156935114849f85c0d83957c1ecacc6a0b6462bdf3b1f0,1043,Feature bank 是否能提高最差场景 R_min，,unverified,,Requires contextual requirement-by-requirement review; inclusion is not completion.
docx_goal.txt,4da8b372c8f07936c1156935114849f85c0d83957c1ecacc6a0b6462bdf3b1f0,1044,而不仅仅提高平均指标？,unverified,,Requires contextual requirement-by-requirement review; inclusion is not completion.
docx_goal.txt,4da8b372c8f07936c1156935114849f85c0d83957c1ecacc6a0b6462bdf3b1f0,1046,H.,unverified,,Requires contextual requirement-by-requirement review; inclusion is not completion.
docx_goal.txt,4da8b372c8f07936c1156935114849f85c0d83957c1ecacc6a0b6462bdf3b1f0,1047,从产品角度：,unverified,,Requires contextual requirement-by-requirement review; inclusion is not completion.
docx_goal.txt,4da8b372c8f07936c1156935114849f85c0d83957c1ecacc6a0b6462bdf3b1f0,1048,为了获得明显性能恢复，,unverified,,Requires contextual requirement-by-requirement review; inclusion is not completion.
docx_goal.txt,4da8b372c8f07936c1156935114849f85c0d83957c1ecacc6a0b6462bdf3b1f0,1049,一个新用户/新 session 到底需要多少 calibration？,unverified,,Requires contextual requirement-by-requirement review; inclusion is not completion.
docx_goal.txt,4da8b372c8f07936c1156935114849f85c0d83957c1ecacc6a0b6462bdf3b1f0,1051,==================================================,unverified,,Requires contextual requirement-by-requirement review; inclusion is not completion.
docx_goal.txt,4da8b372c8f07936c1156935114849f85c0d83957c1ecacc6a0b6462bdf3b1f0,1052,十七、当前先验，不要擅自改写,unverified,,Requires contextual requirement-by-requirement review; inclusion is not completion.
docx_goal.txt,4da8b372c8f07936c1156935114849f85c0d83957c1ecacc6a0b6462bdf3b1f0,1053,==================================================,unverified,,Requires contextual requirement-by-requirement review; inclusion is not completion.
docx_goal.txt,4da8b372c8f07936c1156935114849f85c0d83957c1ecacc6a0b6462bdf3b1f0,1055,现阶段已有证据支持：,unverified,,Requires contextual requirement-by-requirement review; inclusion is not completion.
docx_goal.txt,4da8b372c8f07936c1156935114849f85c0d83957c1ecacc6a0b6462bdf3b1f0,1057,- X1-H 是当前 force robustness backbone。,unverified,,Requires contextual requirement-by-requirement review; inclusion is not completion.
docx_goal.txt,4da8b372c8f07936c1156935114849f85c0d83957c1ecacc6a0b6462bdf3b1f0,1058,- Frequency coordination 是 auxiliary/complementary candidate，,unverified,,Requires contextual requirement-by-requirement review; inclusion is not completion.
docx_goal.txt,4da8b372c8f07936c1156935114849f85c0d83957c1ecacc6a0b6462bdf3b1f0,1059,  尤其 Medium→High 有局部收益，但不是更好的全局 invariant。,unverified,,Requires contextual requirement-by-requirement review; inclusion is not completion.
docx_goal.txt,4da8b372c8f07936c1156935114849f85c0d83957c1ecacc6a0b6462bdf3b1f0,1060,- RLCS 是 wearing-relative spatial candidate。,unverified,,Requires contextual requirement-by-requirement review; inclusion is not completion.
docx_goal.txt,4da8b372c8f07936c1156935114849f85c0d83957c1ecacc6a0b6462bdf3b1f0,1061,- CES 是 global coordination auxiliary，不能独立承担 H。,unverified,,Requires contextual requirement-by-requirement review; inclusion is not completion.
docx_goal.txt,4da8b372c8f07936c1156935114849f85c0d83957c1ecacc6a0b6462bdf3b1f0,1062,- nRLCS 是 stable-shape view，不是 RLCS replacement。,unverified,,Requires contextual requirement-by-requirement review; inclusion is not completion.
docx_goal.txt,4da8b372c8f07936c1156935114849f85c0d83957c1ecacc6a0b6462bdf3b1f0,1063,- G5 temporal features 已有明确增量价值。,unverified,,Requires contextual requirement-by-requirement review; inclusion is not completion.
docx_goal.txt,4da8b372c8f07936c1156935114849f85c0d83957c1ecacc6a0b6462bdf3b1f0,1064,- 更强 nuisance deletion 容易误删 gesture information。,unverified,,Requires contextual requirement-by-requirement review; inclusion is not completion.
docx_goal.txt,4da8b372c8f07936c1156935114849f85c0d83957c1ecacc6a0b6462bdf3b1f0,1065,- 复杂模型不是当前默认优先级。,unverified,,Requires contextual requirement-by-requirement review; inclusion is not completion.
docx_goal.txt,4da8b372c8f07936c1156935114849f85c0d83957c1ecacc6a0b6462bdf3b1f0,1066,- Personal Calibration 是产品流程的一部分，不应被视为失败补丁。,unverified,,Requires contextual requirement-by-requirement review; inclusion is not completion.
docx_goal.txt,4da8b372c8f07936c1156935114849f85c0d83957c1ecacc6a0b6462bdf3b1f0,1068,不要重新跑实验以后为了故事好看改这些历史结论；,unverified,,Requires contextual requirement-by-requirement review; inclusion is not completion.
docx_goal.txt,4da8b372c8f07936c1156935114849f85c0d83957c1ecacc6a0b6462bdf3b1f0,1069,如果新证据推翻它们，请明确写：,unverified,,Requires contextual requirement-by-requirement review; inclusion is not completion.
docx_goal.txt,4da8b372c8f07936c1156935114849f85c0d83957c1ecacc6a0b6462bdf3b1f0,1071,“Previous hypothesis → New evidence → Revised conclusion”。,unverified,,Requires contextual requirement-by-requirement review; inclusion is not completion.
docx_goal.txt,4da8b372c8f07936c1156935114849f85c0d83957c1ecacc6a0b6462bdf3b1f0,1073,==================================================,unverified,,Requires contextual requirement-by-requirement review; inclusion is not completion.
docx_goal.txt,4da8b372c8f07936c1156935114849f85c0d83957c1ecacc6a0b6462bdf3b1f0,1074,十八、工程要求,unverified,,Requires contextual requirement-by-requirement review; inclusion is not completion.
docx_goal.txt,4da8b372c8f07936c1156935114849f85c0d83957c1ecacc6a0b6462bdf3b1f0,1075,==================================================,unverified,,Requires contextual requirement-by-requirement review; inclusion is not completion.
docx_goal.txt,4da8b372c8f07936c1156935114849f85c0d83957c1ecacc6a0b6462bdf3b1f0,1077,- 尽量复用现有代码结构；,unverified,,Requires contextual requirement-by-requirement review; inclusion is not completion.
docx_goal.txt,4da8b372c8f07936c1156935114849f85c0d83957c1ecacc6a0b6462bdf3b1f0,1078,- 不破坏当前 baseline；,unverified,,Requires contextual requirement-by-requirement review; inclusion is not completion.
docx_goal.txt,4da8b372c8f07936c1156935114849f85c0d83957c1ecacc6a0b6462bdf3b1f0,1079,- 所有新实验可配置、可复现；,unverified,,Requires contextual requirement-by-requirement review; inclusion is not completion.
docx_goal.txt,4da8b372c8f07936c1156935114849f85c0d83957c1ecacc6a0b6462bdf3b1f0,1080,- 固定 seed；,unverified,,Requires contextual requirement-by-requirement review; inclusion is not completion.
docx_goal.txt,4da8b372c8f07936c1156935114849f85c0d83957c1ecacc6a0b6462bdf3b1f0,1081,- tests 必须覆盖 leakage-sensitive preprocessing；,unverified,,Requires contextual requirement-by-requirement review; inclusion is not completion.
docx_goal.txt,4da8b372c8f07936c1156935114849f85c0d83957c1ecacc6a0b6462bdf3b1f0,1082,- 运行完成报告 test count；,unverified,,Requires contextual requirement-by-requirement review; inclusion is not completion.
docx_goal.txt,4da8b372c8f07936c1156935114849f85c0d83957c1ecacc6a0b6462bdf3b1f0,1083,- 不自动 push GitHub；,unverified,,Requires contextual requirement-by-requirement review; inclusion is not completion.
docx_goal.txt,4da8b372c8f07936c1156935114849f85c0d83957c1ecacc6a0b6462bdf3b1f0,1084,- 可以 commit，但最后报告 commit hash；,unverified,,Requires contextual requirement-by-requirement review; inclusion is not completion.
docx_goal.txt,4da8b372c8f07936c1156935114849f85c0d83957c1ecacc6a0b6462bdf3b1f0,1085,- 不要为了“有结果”偷偷降低实验严格性。,unverified,,Requires contextual requirement-by-requirement review; inclusion is not completion.
docx_goal.txt,4da8b372c8f07936c1156935114849f85c0d83957c1ecacc6a0b6462bdf3b1f0,1087,如果计算量太大：,unverified,,Requires contextual requirement-by-requirement review; inclusion is not completion.
docx_goal.txt,4da8b372c8f07936c1156935114849f85c0d83957c1ecacc6a0b6462bdf3b1f0,1089,优先级依次是：,unverified,,Requires contextual requirement-by-requirement review; inclusion is not completion.
docx_goal.txt,4da8b372c8f07936c1156935114849f85c0d83957c1ecacc6a0b6462bdf3b1f0,1091,1. Personal Anchor,unverified,,Requires contextual requirement-by-requirement review; inclusion is not completion.
docx_goal.txt,4da8b372c8f07936c1156935114849f85c0d83957c1ecacc6a0b6462bdf3b1f0,1092,2. X1-H,unverified,,Requires contextual requirement-by-requirement review; inclusion is not completion.
docx_goal.txt,4da8b372c8f07936c1156935114849f85c0d83957c1ecacc6a0b6462bdf3b1f0,1093,3. Spatial Coordination,unverified,,Requires contextual requirement-by-requirement review; inclusion is not completion.
docx_goal.txt,4da8b372c8f07936c1156935114849f85c0d83957c1ecacc6a0b6462bdf3b1f0,1094,4. RLCS,unverified,,Requires contextual requirement-by-requirement review; inclusion is not completion.
docx_goal.txt,4da8b372c8f07936c1156935114849f85c0d83957c1ecacc6a0b6462bdf3b1f0,1095,5. G5,unverified,,Requires contextual requirement-by-requirement review; inclusion is not completion.
docx_goal.txt,4da8b372c8f07936c1156935114849f85c0d83957c1ecacc6a0b6462bdf3b1f0,1096,6. Frequency,unverified,,Requires contextual requirement-by-requirement review; inclusion is not completion.
docx_goal.txt,4da8b372c8f07936c1156935114849f85c0d83957c1ecacc6a0b6462bdf3b1f0,1097,7. Session Signature,unverified,,Requires contextual requirement-by-requirement review; inclusion is not completion.
docx_goal.txt,4da8b372c8f07936c1156935114849f85c0d83957c1ecacc6a0b6462bdf3b1f0,1098,8. Spectral extras,unverified,,Requires contextual requirement-by-requirement review; inclusion is not completion.
docx_goal.txt,4da8b372c8f07936c1156935114849f85c0d83957c1ecacc6a0b6462bdf3b1f0,1099,9. Path Signature,unverified,,Requires contextual requirement-by-requirement review; inclusion is not completion.
docx_goal.txt,4da8b372c8f07936c1156935114849f85c0d83957c1ecacc6a0b6462bdf3b1f0,1101,先把核心 pipeline 跑通，再扩展低优先级 family。,unverified,,Requires contextual requirement-by-requirement review; inclusion is not completion.
docx_goal.txt,4da8b372c8f07936c1156935114849f85c0d83957c1ecacc6a0b6462bdf3b1f0,1103,本轮最重要的成果不是最高 F1，,unverified,,Requires contextual requirement-by-requirement review; inclusion is not completion.
docx_goal.txt,4da8b372c8f07936c1156935114849f85c0d83957c1ecacc6a0b6462bdf3b1f0,1104,而是建立一套以后可以继续增加 feature family 的,unverified,,Requires contextual requirement-by-requirement review; inclusion is not completion.
docx_goal.txt,4da8b372c8f07936c1156935114849f85c0d83957c1ecacc6a0b6462bdf3b1f0,1105,“条件信息 + 校准 + 鲁棒性审计”实验框架，,unverified,,Requires contextual requirement-by-requirement review; inclusion is not completion.
docx_goal.txt,4da8b372c8f07936c1156935114849f85c0d83957c1ecacc6a0b6462bdf3b1f0,1106,并得到第一版真正有依据的 Personalized Feature Bank。,unverified,,Requires contextual requirement-by-requirement review; inclusion is not completion.
docx_goal.txt,4da8b372c8f07936c1156935114849f85c0d83957c1ecacc6a0b6462bdf3b1f0,1108,特征具体计算：,unverified,,Requires contextual requirement-by-requirement review; inclusion is not completion.
docx_goal.txt,4da8b372c8f07936c1156935114849f85c0d83957c1ecacc6a0b6462bdf3b1f0,1109,==================================================,unverified,,Requires contextual requirement-by-requirement review; inclusion is not completion.
docx_goal.txt,4da8b372c8f07936c1156935114849f85c0d83957c1ecacc6a0b6462bdf3b1f0,1110,五、Feature Bank：精确定义与计算方式,unverified,,Requires contextual requirement-by-requirement review; inclusion is not completion.
docx_goal.txt,4da8b372c8f07936c1156935114849f85c0d83957c1ecacc6a0b6462bdf3b1f0,1111,==================================================,unverified,,Requires contextual requirement-by-requirement review; inclusion is not completion.
docx_goal.txt,4da8b372c8f07936c1156935114849f85c0d83957c1ecacc6a0b6462bdf3b1f0,1113,总原则：,unverified,,Requires contextual requirement-by-requirement review; inclusion is not completion.
docx_goal.txt,4da8b372c8f07936c1156935114849f85c0d83957c1ecacc6a0b6462bdf3b1f0,1115,1. 已经在仓库里经过验证的 X1-H / RLCS / CES / G5 / Frequency，,unverified,,Requires contextual requirement-by-requirement review; inclusion is not completion.
docx_goal.txt,4da8b372c8f07936c1156935114849f85c0d83957c1ecacc6a0b6462bdf3b1f0,1116,   优先复用现有实现，禁止为了“统一公式”偷偷改历史实现。,unverified,,Requires contextual requirement-by-requirement review; inclusion is not completion.
docx_goal.txt,4da8b372c8f07936c1156935114849f85c0d83957c1ecacc6a0b6462bdf3b1f0,1117,   下面公式用于明确其数学意义、补齐新 family，,unverified,,Requires contextual requirement-by-requirement review; inclusion is not completion.
docx_goal.txt,4da8b372c8f07936c1156935114849f85c0d83957c1ecacc6a0b6462bdf3b1f0,1118,   如果现有实现与这里有轻微差异：,unverified,,Requires contextual requirement-by-requirement review; inclusion is not completion.
docx_goal.txt,4da8b372c8f07936c1156935114849f85c0d83957c1ecacc6a0b6462bdf3b1f0,1119,       现有 validated implementation 为主，,unverified,,Requires contextual requirement-by-requirement review; inclusion is not completion.
docx_goal.txt,4da8b372c8f07936c1156935114849f85c0d83957c1ecacc6a0b6462bdf3b1f0,1120,       REPORT 中记录实际公式。,unverified,,Requires contextual requirement-by-requirement review; inclusion is not completion.
docx_goal.txt,4da8b372c8f07936c1156935114849f85c0d83957c1ecacc6a0b6462bdf3b1f0,1122,2. 所有需要“fit”的量：,unverified,,Requires contextual requirement-by-requirement review; inclusion is not completion.
docx_goal.txt,4da8b372c8f07936c1156935114849f85c0d83957c1ecacc6a0b6462bdf3b1f0,1123,   scaler、PCA、CSP、SPD reference、prototype、threshold、,unverified,,Requires contextual requirement-by-requirement review; inclusion is not completion.
docx_goal.txt,4da8b372c8f07936c1156935114849f85c0d83957c1ecacc6a0b6462bdf3b1f0,1124,   calibration statistic,unverified,,Requires contextual requirement-by-requirement review; inclusion is not completion.
docx_goal.txt,4da8b372c8f07936c1156935114849f85c0d83957c1ecacc6a0b6462bdf3b1f0,1125,   必须只从 training/calibration data 得到。,unverified,,Requires contextual requirement-by-requirement review; inclusion is not completion.
docx_goal.txt,4da8b372c8f07936c1156935114849f85c0d83957c1ecacc6a0b6462bdf3b1f0,1127,3. 所有 feature 最终按 family 输出，,unverified,,Requires contextual requirement-by-requirement review; inclusion is not completion.
docx_goal.txt,4da8b372c8f07936c1156935114849f85c0d83957c1ecacc6a0b6462bdf3b1f0,1128,   不允许把几十个 scalar feature 当成几十个独立实验。,unverified,,Requires contextual requirement-by-requirement review; inclusion is not completion.
docx_goal.txt,4da8b372c8f07936c1156935114849f85c0d83957c1ecacc6a0b6462bdf3b1f0,1130,4. 对每个 window：,unverified,,Requires contextual requirement-by-requirement review; inclusion is not completion.
docx_goal.txt,4da8b372c8f07936c1156935114849f85c0d83957c1ecacc6a0b6462bdf3b1f0,1131,       X ∈ R^{C×T},unverified,,Requires contextual requirement-by-requirement review; inclusion is not completion.
docx_goal.txt,4da8b372c8f07936c1156935114849f85c0d83957c1ecacc6a0b6462bdf3b1f0,1132,   C = channel 数；,unverified,,Requires contextual requirement-by-requirement review; inclusion is not completion.
docx_goal.txt,4da8b372c8f07936c1156935114849f85c0d83957c1ecacc6a0b6462bdf3b1f0,1133,   T = window 内采样点。,unverified,,Requires contextual requirement-by-requirement review; inclusion is not completion.
docx_goal.txt,4da8b372c8f07936c1156935114849f85c0d83957c1ecacc6a0b6462bdf3b1f0,1135,5. 如果 dataset 已有固定 window protocol，沿用现有协议。,unverified,,Requires contextual requirement-by-requirement review; inclusion is not completion.
docx_goal.txt,4da8b372c8f07936c1156935114849f85c0d83957c1ecacc6a0b6462bdf3b1f0,1136,   不要为了本轮实验改变 window。,unverified,,Requires contextual requirement-by-requirement review; inclusion is not completion.
docx_goal.txt,4da8b372c8f07936c1156935114849f85c0d83957c1ecacc6a0b6462bdf3b1f0,1137,   若某新 dataset 没有现成 protocol，,unverified,,Requires contextual requirement-by-requirement review; inclusion is not completion.
docx_goal.txt,4da8b372c8f07936c1156935114849f85c0d83957c1ecacc6a0b6462bdf3b1f0,1138,   默认先使用约 200 ms causal/non-causal evaluation window，,unverified,,Requires contextual requirement-by-requirement review; inclusion is not completion.
docx_goal.txt,4da8b372c8f07936c1156935114849f85c0d83957c1ecacc6a0b6462bdf3b1f0,1139,   具体值必须记录。,unverified,,Requires contextual requirement-by-requirement review; inclusion is not completion.
docx_goal.txt,4da8b372c8f07936c1156935114849f85c0d83957c1ecacc6a0b6462bdf3b1f0,1141,6. EMG filter 必须符合真实 Nyquist frequency。,unverified,,Requires contextual requirement-by-requirement review; inclusion is not completion.
docx_goal.txt,4da8b372c8f07936c1156935114849f85c0d83957c1ecacc6a0b6462bdf3b1f0,1142,   不允许把 250 Hz 数据当 2000 Hz。,unverified,,Requires contextual requirement-by-requirement review; inclusion is not completion.
docx_goal.txt,4da8b372c8f07936c1156935114849f85c0d83957c1ecacc6a0b6462bdf3b1f0,1144,--------------------------------------------------,unverified,,Requires contextual requirement-by-requirement review; inclusion is not completion.
docx_goal.txt,4da8b372c8f07936c1156935114849f85c0d83957c1ecacc6a0b6462bdf3b1f0,1145,F0. Local / Traditional Signal Detail,unverified,,Requires contextual requirement-by-requirement review; inclusion is not completion.
docx_goal.txt,4da8b372c8f07936c1156935114849f85c0d83957c1ecacc6a0b6462bdf3b1f0,1146,--------------------------------------------------,unverified,,Requires contextual requirement-by-requirement review; inclusion is not completion.
docx_goal.txt,4da8b372c8f07936c1156935114849f85c0d83957c1ecacc6a0b6462bdf3b1f0,1148,目的：,unverified,,Requires contextual requirement-by-requirement review; inclusion is not completion.
docx_goal.txt,4da8b372c8f07936c1156935114849f85c0d83957c1ecacc6a0b6462bdf3b1f0,1149,保留局部原始生理判别信息，作为高信息量但较 domain-sensitive 的基线。,unverified,,Requires contextual requirement-by-requirement review; inclusion is not completion.
docx_goal.txt,4da8b372c8f07936c1156935114849f85c0d83957c1ecacc6a0b6462bdf3b1f0,1151,对每个 channel c：,unverified,,Requires contextual requirement-by-requirement review; inclusion is not completion.
docx_goal.txt,4da8b372c8f07936c1156935114849f85c0d83957c1ecacc6a0b6462bdf3b1f0,1153,1. RMS,unverified,,Requires contextual requirement-by-requirement review; inclusion is not completion.
docx_goal.txt,4da8b372c8f07936c1156935114849f85c0d83957c1ecacc6a0b6462bdf3b1f0,1155,    RMS_c,unverified,,Requires contextual requirement-by-requirement review; inclusion is not completion.
docx_goal.txt,4da8b372c8f07936c1156935114849f85c0d83957c1ecacc6a0b6462bdf3b1f0,1156,      = sqrt(,unverified,,Requires contextual requirement-by-requirement review; inclusion is not completion.
docx_goal.txt,4da8b372c8f07936c1156935114849f85c0d83957c1ecacc6a0b6462bdf3b1f0,1157,          (1/T) Σ_t x_c(t)^2,unverified,,Requires contextual requirement-by-requirement review; inclusion is not completion.
docx_goal.txt,4da8b372c8f07936c1156935114849f85c0d83957c1ecacc6a0b6462bdf3b1f0,1158,        ),unverified,,Requires contextual requirement-by-requirement review; inclusion is not completion.
docx_goal.txt,4da8b372c8f07936c1156935114849f85c0d83957c1ecacc6a0b6462bdf3b1f0,1160,2. MAV,unverified,,Requires contextual requirement-by-requirement review; inclusion is not completion.
docx_goal.txt,4da8b372c8f07936c1156935114849f85c0d83957c1ecacc6a0b6462bdf3b1f0,1162,    MAV_c,unverified,,Requires contextual requirement-by-requirement review; inclusion is not completion.
docx_goal.txt,4da8b372c8f07936c1156935114849f85c0d83957c1ecacc6a0b6462bdf3b1f0,1163,      = (1/T) Σ_t |x_c(t)|,unverified,,Requires contextual requirement-by-requirement review; inclusion is not completion.
docx_goal.txt,4da8b372c8f07936c1156935114849f85c0d83957c1ecacc6a0b6462bdf3b1f0,1165,"3. Waveform Length, WL",unverified,,Requires contextual requirement-by-requirement review; inclusion is not completion.
docx_goal.txt,4da8b372c8f07936c1156935114849f85c0d83957c1ecacc6a0b6462bdf3b1f0,1167,    WL_c,unverified,,Requires contextual requirement-by-requirement review; inclusion is not completion.
docx_goal.txt,4da8b372c8f07936c1156935114849f85c0d83957c1ecacc6a0b6462bdf3b1f0,1168,      = Σ_{t=2}^T |x_c(t)-x_c(t-1)|,unverified,,Requires contextual requirement-by-requirement review; inclusion is not completion.
docx_goal.txt,4da8b372c8f07936c1156935114849f85c0d83957c1ecacc6a0b6462bdf3b1f0,1170,"4. Zero Crossing, ZC",unverified,,Requires contextual requirement-by-requirement review; inclusion is not completion.
docx_goal.txt,4da8b372c8f07936c1156935114849f85c0d83957c1ecacc6a0b6462bdf3b1f0,1172,    ZC_c,unverified,,Requires contextual requirement-by-requirement review; inclusion is not completion.
docx_goal.txt,4da8b372c8f07936c1156935114849f85c0d83957c1ecacc6a0b6462bdf3b1f0,1173,      = Σ_t,unverified,,Requires contextual requirement-by-requirement review; inclusion is not completion.
docx_goal.txt,4da8b372c8f07936c1156935114849f85c0d83957c1ecacc6a0b6462bdf3b1f0,1174,        1[,unverified,,Requires contextual requirement-by-requirement review; inclusion is not completion.
docx_goal.txt,4da8b372c8f07936c1156935114849f85c0d83957c1ecacc6a0b6462bdf3b1f0,1175,          x_t x_{t+1} < 0,unverified,,Requires contextual requirement-by-requirement review; inclusion is not completion.
docx_goal.txt,4da8b372c8f07936c1156935114849f85c0d83957c1ecacc6a0b6462bdf3b1f0,1176,          AND,unverified,,Requires contextual requirement-by-requirement review; inclusion is not completion.
docx_goal.txt,4da8b372c8f07936c1156935114849f85c0d83957c1ecacc6a0b6462bdf3b1f0,1177,          |x_t-x_{t+1}| > τ_ZC,unverified,,Requires contextual requirement-by-requirement review; inclusion is not completion.
docx_goal.txt,4da8b372c8f07936c1156935114849f85c0d83957c1ecacc6a0b6462bdf3b1f0,1178,        ],unverified,,Requires contextual requirement-by-requirement review; inclusion is not completion.
docx_goal.txt,4da8b372c8f07936c1156935114849f85c0d83957c1ecacc6a0b6462bdf3b1f0,1180,τ_ZC 只能由 train/calibration noise scale 决定，,unverified,,Requires contextual requirement-by-requirement review; inclusion is not completion.
docx_goal.txt,4da8b372c8f07936c1156935114849f85c0d83957c1ecacc6a0b6462bdf3b1f0,1181,不要在 test 调。,unverified,,Requires contextual requirement-by-requirement review; inclusion is not completion.
docx_goal.txt,4da8b372c8f07936c1156935114849f85c0d83957c1ecacc6a0b6462bdf3b1f0,1183,"5. Slope Sign Change, SSC",unverified,,Requires contextual requirement-by-requirement review; inclusion is not completion.
docx_goal.txt,4da8b372c8f07936c1156935114849f85c0d83957c1ecacc6a0b6462bdf3b1f0,1185,    SSC_c,unverified,,Requires contextual requirement-by-requirement review; inclusion is not completion.
docx_goal.txt,4da8b372c8f07936c1156935114849f85c0d83957c1ecacc6a0b6462bdf3b1f0,1186,      = Σ_t,unverified,,Requires contextual requirement-by-requirement review; inclusion is not completion.
docx_goal.txt,4da8b372c8f07936c1156935114849f85c0d83957c1ecacc6a0b6462bdf3b1f0,1187,        1[,unverified,,Requires contextual requirement-by-requirement review; inclusion is not completion.
docx_goal.txt,4da8b372c8f07936c1156935114849f85c0d83957c1ecacc6a0b6462bdf3b1f0,1188,          (x_t-x_{t-1})(x_t-x_{t+1}) > 0,unverified,,Requires contextual requirement-by-requirement review; inclusion is not completion.
docx_goal.txt,4da8b372c8f07936c1156935114849f85c0d83957c1ecacc6a0b6462bdf3b1f0,1189,          AND amplitude change > τ_SSC,unverified,,Requires contextual requirement-by-requirement review; inclusion is not completion.
docx_goal.txt,4da8b372c8f07936c1156935114849f85c0d83957c1ecacc6a0b6462bdf3b1f0,1190,        ],unverified,,Requires contextual requirement-by-requirement review; inclusion is not completion.
docx_goal.txt,4da8b372c8f07936c1156935114849f85c0d83957c1ecacc6a0b6462bdf3b1f0,1192,"6. Willison Amplitude, WAMP",unverified,,Requires contextual requirement-by-requirement review; inclusion is not completion.
docx_goal.txt,4da8b372c8f07936c1156935114849f85c0d83957c1ecacc6a0b6462bdf3b1f0,1194,    WAMP_c,unverified,,Requires contextual requirement-by-requirement review; inclusion is not completion.
docx_goal.txt,4da8b372c8f07936c1156935114849f85c0d83957c1ecacc6a0b6462bdf3b1f0,1195,      = Σ_t 1[,unverified,,Requires contextual requirement-by-requirement review; inclusion is not completion.
docx_goal.txt,4da8b372c8f07936c1156935114849f85c0d83957c1ecacc6a0b6462bdf3b1f0,1196,          |x_t-x_{t-1}| > τ_WAMP,unverified,,Requires contextual requirement-by-requirement review; inclusion is not completion.
docx_goal.txt,4da8b372c8f07936c1156935114849f85c0d83957c1ecacc6a0b6462bdf3b1f0,1197,        ],unverified,,Requires contextual requirement-by-requirement review; inclusion is not completion.
docx_goal.txt,4da8b372c8f07936c1156935114849f85c0d83957c1ecacc6a0b6462bdf3b1f0,1199,如果当前 R0 已包含其他 validated feature，,unverified,,Requires contextual requirement-by-requirement review; inclusion is not completion.
docx_goal.txt,4da8b372c8f07936c1156935114849f85c0d83957c1ecacc6a0b6462bdf3b1f0,1200,继续保留，不要删除。,unverified,,Requires contextual requirement-by-requirement review; inclusion is not completion.
docx_goal.txt,4da8b372c8f07936c1156935114849f85c0d83957c1ecacc6a0b6462bdf3b1f0,1202,F0 输出：,unverified,,Requires contextual requirement-by-requirement review; inclusion is not completion.
docx_goal.txt,4da8b372c8f07936c1156935114849f85c0d83957c1ecacc6a0b6462bdf3b1f0,1204,    φ_F0 =,unverified,,Requires contextual requirement-by-requirement review; inclusion is not completion.
docx_goal.txt,4da8b372c8f07936c1156935114849f85c0d83957c1ecacc6a0b6462bdf3b1f0,1205,      concat[,unverified,,Requires contextual requirement-by-requirement review; inclusion is not completion.
docx_goal.txt,4da8b372c8f07936c1156935114849f85c0d83957c1ecacc6a0b6462bdf3b1f0,1206,"        RMS,",unverified,,Requires contextual requirement-by-requirement review; inclusion is not completion.
docx_goal.txt,4da8b372c8f07936c1156935114849f85c0d83957c1ecacc6a0b6462bdf3b1f0,1207,"        MAV,",unverified,,Requires contextual requirement-by-requirement review; inclusion is not completion.
docx_goal.txt,4da8b372c8f07936c1156935114849f85c0d83957c1ecacc6a0b6462bdf3b1f0,1208,"        WL,",unverified,,Requires contextual requirement-by-requirement review; inclusion is not completion.
docx_goal.txt,4da8b372c8f07936c1156935114849f85c0d83957c1ecacc6a0b6462bdf3b1f0,1209,"        ZC,",unverified,,Requires contextual requirement-by-requirement review; inclusion is not completion.
docx_goal.txt,4da8b372c8f07936c1156935114849f85c0d83957c1ecacc6a0b6462bdf3b1f0,1210,"        SSC,",unverified,,Requires contextual requirement-by-requirement review; inclusion is not completion.
docx_goal.txt,4da8b372c8f07936c1156935114849f85c0d83957c1ecacc6a0b6462bdf3b1f0,1211,"        WAMP,",unverified,,Requires contextual requirement-by-requirement review; inclusion is not completion.
docx_goal.txt,4da8b372c8f07936c1156935114849f85c0d83957c1ecacc6a0b6462bdf3b1f0,1212,        existing_R0_features,unverified,,Requires contextual requirement-by-requirement review; inclusion is not completion.
docx_goal.txt,4da8b372c8f07936c1156935114849f85c0d83957c1ecacc6a0b6462bdf3b1f0,1213,      ],unverified,,Requires contextual requirement-by-requirement review; inclusion is not completion.
docx_goal.txt,4da8b372c8f07936c1156935114849f85c0d83957c1ecacc6a0b6462bdf3b1f0,1215,--------------------------------------------------,unverified,,Requires contextual requirement-by-requirement review; inclusion is not completion.
docx_goal.txt,4da8b372c8f07936c1156935114849f85c0d83957c1ecacc6a0b6462bdf3b1f0,1216,F1. Scale–Pattern / X1-H,unverified,,Requires contextual requirement-by-requirement review; inclusion is not completion.
docx_goal.txt,4da8b372c8f07936c1156935114849f85c0d83957c1ecacc6a0b6462bdf3b1f0,1217,--------------------------------------------------,unverified,,Requires contextual requirement-by-requirement review; inclusion is not completion.
docx_goal.txt,4da8b372c8f07936c1156935114849f85c0d83957c1ecacc6a0b6462bdf3b1f0,1219,目的：,unverified,,Requires contextual requirement-by-requirement review; inclusion is not completion.
docx_goal.txt,4da8b372c8f07936c1156935114849f85c0d83957c1ecacc6a0b6462bdf3b1f0,1220,消除 contraction intensity 中最主要且已被验证安全的,unverified,,Requires contextual requirement-by-requirement review; inclusion is not completion.
docx_goal.txt,4da8b372c8f07936c1156935114849f85c0d83957c1ecacc6a0b6462bdf3b1f0,1221,global scale nuisance，同时保留跨 channel pattern。,unverified,,Requires contextual requirement-by-requirement review; inclusion is not completion.
docx_goal.txt,4da8b372c8f07936c1156935114849f85c0d83957c1ecacc6a0b6462bdf3b1f0,1223,必须首先调用当前 repo 中已经验证的 X1-H 实现。,unverified,,Requires contextual requirement-by-requirement review; inclusion is not completion.
docx_goal.txt,4da8b372c8f07936c1156935114849f85c0d83957c1ecacc6a0b6462bdf3b1f0,1225,概念上：,unverified,,Requires contextual requirement-by-requirement review; inclusion is not completion.
docx_goal.txt,4da8b372c8f07936c1156935114849f85c0d83957c1ecacc6a0b6462bdf3b1f0,1227,先得到 channel activation vector：,unverified,,Requires contextual requirement-by-requirement review; inclusion is not completion.
docx_goal.txt,4da8b372c8f07936c1156935114849f85c0d83957c1ecacc6a0b6462bdf3b1f0,1229,    r =,unverified,,Requires contextual requirement-by-requirement review; inclusion is not completion.
docx_goal.txt,4da8b372c8f07936c1156935114849f85c0d83957c1ecacc6a0b6462bdf3b1f0,1230,"    [RMS_1, ..., RMS_C]",unverified,,Requires contextual requirement-by-requirement review; inclusion is not completion.
docx_goal.txt,4da8b372c8f07936c1156935114849f85c0d83957c1ecacc6a0b6462bdf3b1f0,1232,定义 global scale：,unverified,,Requires contextual requirement-by-requirement review; inclusion is not completion.
docx_goal.txt,4da8b372c8f07936c1156935114849f85c0d83957c1ecacc6a0b6462bdf3b1f0,1234,    g =,unverified,,Requires contextual requirement-by-requirement review; inclusion is not completion.
docx_goal.txt,4da8b372c8f07936c1156935114849f85c0d83957c1ecacc6a0b6462bdf3b1f0,1235,    sqrt(,unverified,,Requires contextual requirement-by-requirement review; inclusion is not completion.
docx_goal.txt,4da8b372c8f07936c1156935114849f85c0d83957c1ecacc6a0b6462bdf3b1f0,1236,      (1/C) Σ_c r_c^2,unverified,,Requires contextual requirement-by-requirement review; inclusion is not completion.
docx_goal.txt,4da8b372c8f07936c1156935114849f85c0d83957c1ecacc6a0b6462bdf3b1f0,1237,    ),unverified,,Requires contextual requirement-by-requirement review; inclusion is not completion.
docx_goal.txt,4da8b372c8f07936c1156935114849f85c0d83957c1ecacc6a0b6462bdf3b1f0,1239,或沿用现有实现中的 equivalent scale。,unverified,,Requires contextual requirement-by-requirement review; inclusion is not completion.
docx_goal.txt,4da8b372c8f07936c1156935114849f85c0d83957c1ecacc6a0b6462bdf3b1f0,1241,构造：,unverified,,Requires contextual requirement-by-requirement review; inclusion is not completion.
docx_goal.txt,4da8b372c8f07936c1156935114849f85c0d83957c1ecacc6a0b6462bdf3b1f0,1243,    p_c =,unverified,,Requires contextual requirement-by-requirement review; inclusion is not completion.
docx_goal.txt,4da8b372c8f07936c1156935114849f85c0d83957c1ecacc6a0b6462bdf3b1f0,1244,      r_c / (g + ε),unverified,,Requires contextual requirement-by-requirement review; inclusion is not completion.
docx_goal.txt,4da8b372c8f07936c1156935114849f85c0d83957c1ecacc6a0b6462bdf3b1f0,1246,所以：,unverified,,Requires contextual requirement-by-requirement review; inclusion is not completion.
docx_goal.txt,4da8b372c8f07936c1156935114849f85c0d83957c1ecacc6a0b6462bdf3b1f0,1248,    φ_X1 =,unverified,,Requires contextual requirement-by-requirement review; inclusion is not completion.
docx_goal.txt,4da8b372c8f07936c1156935114849f85c0d83957c1ecacc6a0b6462bdf3b1f0,1249,"      [p_1, ..., p_C]",unverified,,Requires contextual requirement-by-requirement review; inclusion is not completion.
docx_goal.txt,4da8b372c8f07936c1156935114849f85c0d83957c1ecacc6a0b6462bdf3b1f0,1251,也可以保留：,unverified,,Requires contextual requirement-by-requirement review; inclusion is not completion.
docx_goal.txt,4da8b372c8f07936c1156935114849f85c0d83957c1ecacc6a0b6462bdf3b1f0,1253,    log_g = log(g + ε),unverified,,Requires contextual requirement-by-requirement review; inclusion is not completion.
docx_goal.txt,4da8b372c8f07936c1156935114849f85c0d83957c1ecacc6a0b6462bdf3b1f0,1255,但注意：,unverified,,Requires contextual requirement-by-requirement review; inclusion is not completion.
docx_goal.txt,4da8b372c8f07936c1156935114849f85c0d83957c1ecacc6a0b6462bdf3b1f0,1257,- φ_X1 用于 H；,unverified,,Requires contextual requirement-by-requirement review; inclusion is not completion.
docx_goal.txt,4da8b372c8f07936c1156935114849f85c0d83957c1ecacc6a0b6462bdf3b1f0,1258,- log_g 属于 activation/context，,unverified,,Requires contextual requirement-by-requirement review; inclusion is not completion.
docx_goal.txt,4da8b372c8f07936c1156935114849f85c0d83957c1ecacc6a0b6462bdf3b1f0,1259,  不要重新混回 H 后破坏 scale invariance。,unverified,,Requires contextual requirement-by-requirement review; inclusion is not completion.
docx_goal.txt,4da8b372c8f07936c1156935114849f85c0d83957c1ecacc6a0b6462bdf3b1f0,1261,若仓库 X1-H 使用 L1 / sum-RMS / 其他 normalization，,unverified,,Requires contextual requirement-by-requirement review; inclusion is not completion.
docx_goal.txt,4da8b372c8f07936c1156935114849f85c0d83957c1ecacc6a0b6462bdf3b1f0,1262,以当前 validated version 为准，,unverified,,Requires contextual requirement-by-requirement review; inclusion is not completion.
docx_goal.txt,4da8b372c8f07936c1156935114849f85c0d83957c1ecacc6a0b6462bdf3b1f0,1263,REPORT 明确记录。,unverified,,Requires contextual requirement-by-requirement review; inclusion is not completion.
docx_goal.txt,4da8b372c8f07936c1156935114849f85c0d83957c1ecacc6a0b6462bdf3b1f0,1265,--------------------------------------------------,unverified,,Requires contextual requirement-by-requirement review; inclusion is not completion.
docx_goal.txt,4da8b372c8f07936c1156935114849f85c0d83957c1ecacc6a0b6462bdf3b1f0,1266,F2. Spatial Coordination,unverified,,Requires contextual requirement-by-requirement review; inclusion is not completion.
docx_goal.txt,4da8b372c8f07936c1156935114849f85c0d83957c1ecacc6a0b6462bdf3b1f0,1267,--------------------------------------------------,unverified,,Requires contextual requirement-by-requirement review; inclusion is not completion.
docx_goal.txt,4da8b372c8f07936c1156935114849f85c0d83957c1ecacc6a0b6462bdf3b1f0,1269,核心问题：,unverified,,Requires contextual requirement-by-requirement review; inclusion is not completion.
docx_goal.txt,4da8b372c8f07936c1156935114849f85c0d83957c1ecacc6a0b6462bdf3b1f0,1270,不再只看“哪个 channel 多强”，,unverified,,Requires contextual requirement-by-requirement review; inclusion is not completion.
docx_goal.txt,4da8b372c8f07936c1156935114849f85c0d83957c1ecacc6a0b6462bdf3b1f0,1271,而看多 channel 如何共同变化。,unverified,,Requires contextual requirement-by-requirement review; inclusion is not completion.
docx_goal.txt,4da8b372c8f07936c1156935114849f85c0d83957c1ecacc6a0b6462bdf3b1f0,1273,====================,unverified,,Requires contextual requirement-by-requirement review; inclusion is not completion.
docx_goal.txt,4da8b372c8f07936c1156935114849f85c0d83957c1ecacc6a0b6462bdf3b1f0,1274,F2a. Trace-normalized covariance,unverified,,Requires contextual requirement-by-requirement review; inclusion is not completion.
docx_goal.txt,4da8b372c8f07936c1156935114849f85c0d83957c1ecacc6a0b6462bdf3b1f0,1275,====================,unverified,,Requires contextual requirement-by-requirement review; inclusion is not completion.
docx_goal.txt,4da8b372c8f07936c1156935114849f85c0d83957c1ecacc6a0b6462bdf3b1f0,1277,先 channel-wise 去均值：,unverified,,Requires contextual requirement-by-requirement review; inclusion is not completion.
docx_goal.txt,4da8b372c8f07936c1156935114849f85c0d83957c1ecacc6a0b6462bdf3b1f0,1279,    Xc =,unverified,,Requires contextual requirement-by-requirement review; inclusion is not completion.
docx_goal.txt,4da8b372c8f07936c1156935114849f85c0d83957c1ecacc6a0b6462bdf3b1f0,1280,      X - mean_t(X),unverified,,Requires contextual requirement-by-requirement review; inclusion is not completion.
docx_goal.txt,4da8b372c8f07936c1156935114849f85c0d83957c1ecacc6a0b6462bdf3b1f0,1282,计算 covariance：,unverified,,Requires contextual requirement-by-requirement review; inclusion is not completion.
docx_goal.txt,4da8b372c8f07936c1156935114849f85c0d83957c1ecacc6a0b6462bdf3b1f0,1284,    Σ =,unverified,,Requires contextual requirement-by-requirement review; inclusion is not completion.
docx_goal.txt,4da8b372c8f07936c1156935114849f85c0d83957c1ecacc6a0b6462bdf3b1f0,1285,      (1/(T-1)) Xc Xc^T,unverified,,Requires contextual requirement-by-requirement review; inclusion is not completion.
docx_goal.txt,4da8b372c8f07936c1156935114849f85c0d83957c1ecacc6a0b6462bdf3b1f0,1287,为避免小样本病态：,unverified,,Requires contextual requirement-by-requirement review; inclusion is not completion.
docx_goal.txt,4da8b372c8f07936c1156935114849f85c0d83957c1ecacc6a0b6462bdf3b1f0,1289,    Σ_shrink,unverified,,Requires contextual requirement-by-requirement review; inclusion is not completion.
docx_goal.txt,4da8b372c8f07936c1156935114849f85c0d83957c1ecacc6a0b6462bdf3b1f0,1290,      =,unverified,,Requires contextual requirement-by-requirement review; inclusion is not completion.
docx_goal.txt,4da8b372c8f07936c1156935114849f85c0d83957c1ecacc6a0b6462bdf3b1f0,1291,      (1-λ)Σ,unverified,,Requires contextual requirement-by-requirement review; inclusion is not completion.
docx_goal.txt,4da8b372c8f07936c1156935114849f85c0d83957c1ecacc6a0b6462bdf3b1f0,1292,      + λ * trace(Σ)/C * I,unverified,,Requires contextual requirement-by-requirement review; inclusion is not completion.
docx_goal.txt,4da8b372c8f07936c1156935114849f85c0d83957c1ecacc6a0b6462bdf3b1f0,1294,λ：,unverified,,Requires contextual requirement-by-requirement review; inclusion is not completion.
docx_goal.txt,4da8b372c8f07936c1156935114849f85c0d83957c1ecacc6a0b6462bdf3b1f0,1295,- 优先 Ledoit-Wolf；,unverified,,Requires contextual requirement-by-requirement review; inclusion is not completion.
docx_goal.txt,4da8b372c8f07936c1156935114849f85c0d83957c1ecacc6a0b6462bdf3b1f0,1296,- 或固定小值；,unverified,,Requires contextual requirement-by-requirement review; inclusion is not completion.
docx_goal.txt,4da8b372c8f07936c1156935114849f85c0d83957c1ecacc6a0b6462bdf3b1f0,1297,- 不能根据 test 调。,unverified,,Requires contextual requirement-by-requirement review; inclusion is not completion.
docx_goal.txt,4da8b372c8f07936c1156935114849f85c0d83957c1ecacc6a0b6462bdf3b1f0,1299,然后消除 global power：,unverified,,Requires contextual requirement-by-requirement review; inclusion is not completion.
docx_goal.txt,4da8b372c8f07936c1156935114849f85c0d83957c1ecacc6a0b6462bdf3b1f0,1301,    C_norm,unverified,,Requires contextual requirement-by-requirement review; inclusion is not completion.
docx_goal.txt,4da8b372c8f07936c1156935114849f85c0d83957c1ecacc6a0b6462bdf3b1f0,1302,      =,unverified,,Requires contextual requirement-by-requirement review; inclusion is not completion.
docx_goal.txt,4da8b372c8f07936c1156935114849f85c0d83957c1ecacc6a0b6462bdf3b1f0,1303,      Σ_shrink /,unverified,,Requires contextual requirement-by-requirement review; inclusion is not completion.
docx_goal.txt,4da8b372c8f07936c1156935114849f85c0d83957c1ecacc6a0b6462bdf3b1f0,1304,      (trace(Σ_shrink)+ε),unverified,,Requires contextual requirement-by-requirement review; inclusion is not completion.
docx_goal.txt,4da8b372c8f07936c1156935114849f85c0d83957c1ecacc6a0b6462bdf3b1f0,1306,输出候选一：,unverified,,Requires contextual requirement-by-requirement review; inclusion is not completion.
docx_goal.txt,4da8b372c8f07936c1156935114849f85c0d83957c1ecacc6a0b6462bdf3b1f0,1308,    upper_triangle(C_norm),unverified,,Requires contextual requirement-by-requirement review; inclusion is not completion.
docx_goal.txt,4da8b372c8f07936c1156935114849f85c0d83957c1ecacc6a0b6462bdf3b1f0,1310,off-diagonal 可以乘 sqrt(2)，,unverified,,Requires contextual requirement-by-requirement review; inclusion is not completion.
docx_goal.txt,4da8b372c8f07936c1156935114849f85c0d83957c1ecacc6a0b6462bdf3b1f0,1311,使向量化近似保持 Frobenius metric。,unverified,,Requires contextual requirement-by-requirement review; inclusion is not completion.
docx_goal.txt,4da8b372c8f07936c1156935114849f85c0d83957c1ecacc6a0b6462bdf3b1f0,1313,====================,unverified,,Requires contextual requirement-by-requirement review; inclusion is not completion.
docx_goal.txt,4da8b372c8f07936c1156935114849f85c0d83957c1ecacc6a0b6462bdf3b1f0,1314,F2b. CSP-like spatial feature,unverified,,Requires contextual requirement-by-requirement review; inclusion is not completion.
docx_goal.txt,4da8b372c8f07936c1156935114849f85c0d83957c1ecacc6a0b6462bdf3b1f0,1315,====================,unverified,,Requires contextual requirement-by-requirement review; inclusion is not completion.
docx_goal.txt,4da8b372c8f07936c1156935114849f85c0d83957c1ecacc6a0b6462bdf3b1f0,1317,必须仅用 training fold fit。,unverified,,Requires contextual requirement-by-requirement review; inclusion is not completion.
docx_goal.txt,4da8b372c8f07936c1156935114849f85c0d83957c1ecacc6a0b6462bdf3b1f0,1319,对每个 gesture h 做 one-vs-rest CSP。,unverified,,Requires contextual requirement-by-requirement review; inclusion is not completion.
docx_goal.txt,4da8b372c8f07936c1156935114849f85c0d83957c1ecacc6a0b6462bdf3b1f0,1321,对每个 training window 先计算：,unverified,,Requires contextual requirement-by-requirement review; inclusion is not completion.
docx_goal.txt,4da8b372c8f07936c1156935114849f85c0d83957c1ecacc6a0b6462bdf3b1f0,1323,    C_i =,unverified,,Requires contextual requirement-by-requirement review; inclusion is not completion.
docx_goal.txt,4da8b372c8f07936c1156935114849f85c0d83957c1ecacc6a0b6462bdf3b1f0,1324,      X_i X_i^T /,unverified,,Requires contextual requirement-by-requirement review; inclusion is not completion.
docx_goal.txt,4da8b372c8f07936c1156935114849f85c0d83957c1ecacc6a0b6462bdf3b1f0,1325,      (trace(X_i X_i^T)+ε),unverified,,Requires contextual requirement-by-requirement review; inclusion is not completion.
docx_goal.txt,4da8b372c8f07936c1156935114849f85c0d83957c1ecacc6a0b6462bdf3b1f0,1327,计算：,unverified,,Requires contextual requirement-by-requirement review; inclusion is not completion.
docx_goal.txt,4da8b372c8f07936c1156935114849f85c0d83957c1ecacc6a0b6462bdf3b1f0,1329,    C_h =,unverified,,Requires contextual requirement-by-requirement review; inclusion is not completion.
docx_goal.txt,4da8b372c8f07936c1156935114849f85c0d83957c1ecacc6a0b6462bdf3b1f0,1330,      mean(C_i | y=h),unverified,,Requires contextual requirement-by-requirement review; inclusion is not completion.
docx_goal.txt,4da8b372c8f07936c1156935114849f85c0d83957c1ecacc6a0b6462bdf3b1f0,1332,    C_rest =,unverified,,Requires contextual requirement-by-requirement review; inclusion is not completion.
docx_goal.txt,4da8b372c8f07936c1156935114849f85c0d83957c1ecacc6a0b6462bdf3b1f0,1333,      mean(C_i | y≠h),unverified,,Requires contextual requirement-by-requirement review; inclusion is not completion.
docx_goal.txt,4da8b372c8f07936c1156935114849f85c0d83957c1ecacc6a0b6462bdf3b1f0,1335,解 generalized eigenproblem：,unverified,,Requires contextual requirement-by-requirement review; inclusion is not completion.
docx_goal.txt,4da8b372c8f07936c1156935114849f85c0d83957c1ecacc6a0b6462bdf3b1f0,1337,    C_h w,unverified,,Requires contextual requirement-by-requirement review; inclusion is not completion.
docx_goal.txt,4da8b372c8f07936c1156935114849f85c0d83957c1ecacc6a0b6462bdf3b1f0,1338,      =,unverified,,Requires contextual requirement-by-requirement review; inclusion is not completion.
docx_goal.txt,4da8b372c8f07936c1156935114849f85c0d83957c1ecacc6a0b6462bdf3b1f0,1339,      λ (C_h + C_rest + γI) w,unverified,,Requires contextual requirement-by-requirement review; inclusion is not completion.
docx_goal.txt,4da8b372c8f07936c1156935114849f85c0d83957c1ecacc6a0b6462bdf3b1f0,1341,每个 class 保留：,unverified,,Requires contextual requirement-by-requirement review; inclusion is not completion.
docx_goal.txt,4da8b372c8f07936c1156935114849f85c0d83957c1ecacc6a0b6462bdf3b1f0,1342,- 最大若干 eigenvectors；,unverified,,Requires contextual requirement-by-requirement review; inclusion is not completion.
docx_goal.txt,4da8b372c8f07936c1156935114849f85c0d83957c1ecacc6a0b6462bdf3b1f0,1343,- 最小若干 eigenvectors。,unverified,,Requires contextual requirement-by-requirement review; inclusion is not completion.
docx_goal.txt,4da8b372c8f07936c1156935114849f85c0d83957c1ecacc6a0b6462bdf3b1f0,1345,不要保留过多 component；,unverified,,Requires contextual requirement-by-requirement review; inclusion is not completion.
docx_goal.txt,4da8b372c8f07936c1156935114849f85c0d83957c1ecacc6a0b6462bdf3b1f0,1346,默认每个 one-vs-rest class 可先用 top2 + bottom2，,unverified,,Requires contextual requirement-by-requirement review; inclusion is not completion.
docx_goal.txt,4da8b372c8f07936c1156935114849f85c0d83957c1ecacc6a0b6462bdf3b1f0,1347,维度太高则通过 inner validation 选择。,unverified,,Requires contextual requirement-by-requirement review; inclusion is not completion.
docx_goal.txt,4da8b372c8f07936c1156935114849f85c0d83957c1ecacc6a0b6462bdf3b1f0,1349,对 window：,unverified,,Requires contextual requirement-by-requirement review; inclusion is not completion.
docx_goal.txt,4da8b372c8f07936c1156935114849f85c0d83957c1ecacc6a0b6462bdf3b1f0,1351,    y_j(t) = w_j^T X(t),unverified,,Requires contextual requirement-by-requirement review; inclusion is not completion.
docx_goal.txt,4da8b372c8f07936c1156935114849f85c0d83957c1ecacc6a0b6462bdf3b1f0,1353,feature：,unverified,,Requires contextual requirement-by-requirement review; inclusion is not completion.
docx_goal.txt,4da8b372c8f07936c1156935114849f85c0d83957c1ecacc6a0b6462bdf3b1f0,1355,    f_j =,unverified,,Requires contextual requirement-by-requirement review; inclusion is not completion.
docx_goal.txt,4da8b372c8f07936c1156935114849f85c0d83957c1ecacc6a0b6462bdf3b1f0,1356,      log(,unverified,,Requires contextual requirement-by-requirement review; inclusion is not completion.
docx_goal.txt,4da8b372c8f07936c1156935114849f85c0d83957c1ecacc6a0b6462bdf3b1f0,1357,        Var(y_j) /,unverified,,Requires contextual requirement-by-requirement review; inclusion is not completion.
docx_goal.txt,4da8b372c8f07936c1156935114849f85c0d83957c1ecacc6a0b6462bdf3b1f0,1358,        (Σ_k Var(y_k)+ε),unverified,,Requires contextual requirement-by-requirement review; inclusion is not completion.
docx_goal.txt,4da8b372c8f07936c1156935114849f85c0d83957c1ecacc6a0b6462bdf3b1f0,1359,        + ε,unverified,,Requires contextual requirement-by-requirement review; inclusion is not completion.
docx_goal.txt,4da8b372c8f07936c1156935114849f85c0d83957c1ecacc6a0b6462bdf3b1f0,1360,      ),unverified,,Requires contextual requirement-by-requirement review; inclusion is not completion.
docx_goal.txt,4da8b372c8f07936c1156935114849f85c0d83957c1ecacc6a0b6462bdf3b1f0,1362,CSP fit 严禁看到 validation/test。,unverified,,Requires contextual requirement-by-requirement review; inclusion is not completion.
docx_goal.txt,4da8b372c8f07936c1156935114849f85c0d83957c1ecacc6a0b6462bdf3b1f0,1364,====================,unverified,,Requires contextual requirement-by-requirement review; inclusion is not completion.
docx_goal.txt,4da8b372c8f07936c1156935114849f85c0d83957c1ecacc6a0b6462bdf3b1f0,1365,F2c. SPD / Riemannian tangent feature,unverified,,Requires contextual requirement-by-requirement review; inclusion is not completion.
docx_goal.txt,4da8b372c8f07936c1156935114849f85c0d83957c1ecacc6a0b6462bdf3b1f0,1366,====================,unverified,,Requires contextual requirement-by-requirement review; inclusion is not completion.
docx_goal.txt,4da8b372c8f07936c1156935114849f85c0d83957c1ecacc6a0b6462bdf3b1f0,1368,每个 window 使用 F2a 的 SPD covariance：,unverified,,Requires contextual requirement-by-requirement review; inclusion is not completion.
docx_goal.txt,4da8b372c8f07936c1156935114849f85c0d83957c1ecacc6a0b6462bdf3b1f0,1370,    C_i,unverified,,Requires contextual requirement-by-requirement review; inclusion is not completion.
docx_goal.txt,4da8b372c8f07936c1156935114849f85c0d83957c1ecacc6a0b6462bdf3b1f0,1372,从 training/calibration covariance,unverified,,Requires contextual requirement-by-requirement review; inclusion is not completion.
docx_goal.txt,4da8b372c8f07936c1156935114849f85c0d83957c1ecacc6a0b6462bdf3b1f0,1373,估计 reference SPD matrix：,unverified,,Requires contextual requirement-by-requirement review; inclusion is not completion.
docx_goal.txt,4da8b372c8f07936c1156935114849f85c0d83957c1ecacc6a0b6462bdf3b1f0,1375,    C_ref,unverified,,Requires contextual requirement-by-requirement review; inclusion is not completion.
docx_goal.txt,4da8b372c8f07936c1156935114849f85c0d83957c1ecacc6a0b6462bdf3b1f0,1377,优先：,unverified,,Requires contextual requirement-by-requirement review; inclusion is not completion.
docx_goal.txt,4da8b372c8f07936c1156935114849f85c0d83957c1ecacc6a0b6462bdf3b1f0,1378,Riemannian/geometric mean；,unverified,,Requires contextual requirement-by-requirement review; inclusion is not completion.
docx_goal.txt,4da8b372c8f07936c1156935114849f85c0d83957c1ecacc6a0b6462bdf3b1f0,1379,实现困难时使用稳定的 log-Euclidean mean，,unverified,,Requires contextual requirement-by-requirement review; inclusion is not completion.
docx_goal.txt,4da8b372c8f07936c1156935114849f85c0d83957c1ecacc6a0b6462bdf3b1f0,1380,但必须报告。,unverified,,Requires contextual requirement-by-requirement review; inclusion is not completion.
docx_goal.txt,4da8b372c8f07936c1156935114849f85c0d83957c1ecacc6a0b6462bdf3b1f0,1382,映射到 tangent space：,unverified,,Requires contextual requirement-by-requirement review; inclusion is not completion.
docx_goal.txt,4da8b372c8f07936c1156935114849f85c0d83957c1ecacc6a0b6462bdf3b1f0,1384,    T_i =,unverified,,Requires contextual requirement-by-requirement review; inclusion is not completion.
docx_goal.txt,4da8b372c8f07936c1156935114849f85c0d83957c1ecacc6a0b6462bdf3b1f0,1385,      logm(,unverified,,Requires contextual requirement-by-requirement review; inclusion is not completion.
docx_goal.txt,4da8b372c8f07936c1156935114849f85c0d83957c1ecacc6a0b6462bdf3b1f0,1386,        C_ref^{-1/2},unverified,,Requires contextual requirement-by-requirement review; inclusion is not completion.
docx_goal.txt,4da8b372c8f07936c1156935114849f85c0d83957c1ecacc6a0b6462bdf3b1f0,1387,        C_i,unverified,,Requires contextual requirement-by-requirement review; inclusion is not completion.
docx_goal.txt,4da8b372c8f07936c1156935114849f85c0d83957c1ecacc6a0b6462bdf3b1f0,1388,        C_ref^{-1/2},unverified,,Requires contextual requirement-by-requirement review; inclusion is not completion.
docx_goal.txt,4da8b372c8f07936c1156935114849f85c0d83957c1ecacc6a0b6462bdf3b1f0,1389,      ),unverified,,Requires contextual requirement-by-requirement review; inclusion is not completion.
docx_goal.txt,4da8b372c8f07936c1156935114849f85c0d83957c1ecacc6a0b6462bdf3b1f0,1391,向量化：,unverified,,Requires contextual requirement-by-requirement review; inclusion is not completion.
docx_goal.txt,4da8b372c8f07936c1156935114849f85c0d83957c1ecacc6a0b6462bdf3b1f0,1393,- diagonal 原值；,unverified,,Requires contextual requirement-by-requirement review; inclusion is not completion.
docx_goal.txt,4da8b372c8f07936c1156935114849f85c0d83957c1ecacc6a0b6462bdf3b1f0,1394,- off-diagonal × sqrt(2)。,unverified,,Requires contextual requirement-by-requirement review; inclusion is not completion.
docx_goal.txt,4da8b372c8f07936c1156935114849f85c0d83957c1ecacc6a0b6462bdf3b1f0,1396,    φ_SPD = vech(T_i),unverified,,Requires contextual requirement-by-requirement review; inclusion is not completion.
docx_goal.txt,4da8b372c8f07936c1156935114849f85c0d83957c1ecacc6a0b6462bdf3b1f0,1398,C_ref 只能由 training/calibration data 估计。,unverified,,Requires contextual requirement-by-requirement review; inclusion is not completion.
docx_goal.txt,4da8b372c8f07936c1156935114849f85c0d83957c1ecacc6a0b6462bdf3b1f0,1400,==================================================,unverified,,Requires contextual requirement-by-requirement review; inclusion is not completion.
docx_goal.txt,4da8b372c8f07936c1156935114849f85c0d83957c1ecacc6a0b6462bdf3b1f0,1401,F3. Ring Geometry / Wearing,unverified,,Requires contextual requirement-by-requirement review; inclusion is not completion.
docx_goal.txt,4da8b372c8f07936c1156935114849f85c0d83957c1ecacc6a0b6462bdf3b1f0,1402,==================================================,unverified,,Requires contextual requirement-by-requirement review; inclusion is not completion.
docx_goal.txt,4da8b372c8f07936c1156935114849f85c0d83957c1ecacc6a0b6462bdf3b1f0,1404,====================,unverified,,Requires contextual requirement-by-requirement review; inclusion is not completion.
docx_goal.txt,4da8b372c8f07936c1156935114849f85c0d83957c1ecacc6a0b6462bdf3b1f0,1405,F3a. RLCS,unverified,,Requires contextual requirement-by-requirement review; inclusion is not completion.
docx_goal.txt,4da8b372c8f07936c1156935114849f85c0d83957c1ecacc6a0b6462bdf3b1f0,1406,====================,unverified,,Requires contextual requirement-by-requirement review; inclusion is not completion.
docx_goal.txt,4da8b372c8f07936c1156935114849f85c0d83957c1ecacc6a0b6462bdf3b1f0,1408,优先复用现有 validated RLCS。,unverified,,Requires contextual requirement-by-requirement review; inclusion is not completion.
docx_goal.txt,4da8b372c8f07936c1156935114849f85c0d83957c1ecacc6a0b6462bdf3b1f0,1410,概念定义：,unverified,,Requires contextual requirement-by-requirement review; inclusion is not completion.
docx_goal.txt,4da8b372c8f07936c1156935114849f85c0d83957c1ecacc6a0b6462bdf3b1f0,1412,先获得每个 channel 的短时 envelope：,unverified,,Requires contextual requirement-by-requirement review; inclusion is not completion.
docx_goal.txt,4da8b372c8f07936c1156935114849f85c0d83957c1ecacc6a0b6462bdf3b1f0,1414,    e_c(t),unverified,,Requires contextual requirement-by-requirement review; inclusion is not completion.
docx_goal.txt,4da8b372c8f07936c1156935114849f85c0d83957c1ecacc6a0b6462bdf3b1f0,1416,优先沿用当前 RLCS envelope 实现。,unverified,,Requires contextual requirement-by-requirement review; inclusion is not completion.
docx_goal.txt,4da8b372c8f07936c1156935114849f85c0d83957c1ecacc6a0b6462bdf3b1f0,1417,若无统一实现：,unverified,,Requires contextual requirement-by-requirement review; inclusion is not completion.
docx_goal.txt,4da8b372c8f07936c1156935114849f85c0d83957c1ecacc6a0b6462bdf3b1f0,1418,可使用 rectification + moving RMS/envelope，,unverified,,Requires contextual requirement-by-requirement review; inclusion is not completion.
docx_goal.txt,4da8b372c8f07936c1156935114849f85c0d83957c1ecacc6a0b6462bdf3b1f0,1419,窗口参数必须固定并记录。,unverified,,Requires contextual requirement-by-requirement review; inclusion is not completion.
docx_goal.txt,4da8b372c8f07936c1156935114849f85c0d83957c1ecacc6a0b6462bdf3b1f0,1421,对于 circular lag：,unverified,,Requires contextual requirement-by-requirement review; inclusion is not completion.
docx_goal.txt,4da8b372c8f07936c1156935114849f85c0d83957c1ecacc6a0b6462bdf3b1f0,1423,"    d ∈ {1,2,..., floor(C/2)}",unverified,,Requires contextual requirement-by-requirement review; inclusion is not completion.
docx_goal.txt,4da8b372c8f07936c1156935114849f85c0d83957c1ecacc6a0b6462bdf3b1f0,1425,计算：,unverified,,Requires contextual requirement-by-requirement review; inclusion is not completion.
docx_goal.txt,4da8b372c8f07936c1156935114849f85c0d83957c1ecacc6a0b6462bdf3b1f0,1427,"    ρ_{c,d}",unverified,,Requires contextual requirement-by-requirement review; inclusion is not completion.
docx_goal.txt,4da8b372c8f07936c1156935114849f85c0d83957c1ecacc6a0b6462bdf3b1f0,1428,      =,unverified,,Requires contextual requirement-by-requirement review; inclusion is not completion.
docx_goal.txt,4da8b372c8f07936c1156935114849f85c0d83957c1ecacc6a0b6462bdf3b1f0,1429,      Corr(,unverified,,Requires contextual requirement-by-requirement review; inclusion is not completion.
docx_goal.txt,4da8b372c8f07936c1156935114849f85c0d83957c1ecacc6a0b6462bdf3b1f0,1430,"        e_c(t),",unverified,,Requires contextual requirement-by-requirement review; inclusion is not completion.
docx_goal.txt,4da8b372c8f07936c1156935114849f85c0d83957c1ecacc6a0b6462bdf3b1f0,1431,        e_{(c+d) mod C}(t),unverified,,Requires contextual requirement-by-requirement review; inclusion is not completion.
docx_goal.txt,4da8b372c8f07936c1156935114849f85c0d83957c1ecacc6a0b6462bdf3b1f0,1432,      ),unverified,,Requires contextual requirement-by-requirement review; inclusion is not completion.
docx_goal.txt,4da8b372c8f07936c1156935114849f85c0d83957c1ecacc6a0b6462bdf3b1f0,1434,RLCS 关键原则：,unverified,,Requires contextual requirement-by-requirement review; inclusion is not completion.
docx_goal.txt,4da8b372c8f07936c1156935114849f85c0d83957c1ecacc6a0b6462bdf3b1f0,1436,- 对 cyclic rotation 不敏感；,unverified,,Requires contextual requirement-by-requirement review; inclusion is not completion.
docx_goal.txt,4da8b372c8f07936c1156935114849f85c0d83957c1ecacc6a0b6462bdf3b1f0,1437,- 对 random permutation 不 invariant；,unverified,,Requires contextual requirement-by-requirement review; inclusion is not completion.
docx_goal.txt,4da8b372c8f07936c1156935114849f85c0d83957c1ecacc6a0b6462bdf3b1f0,1438,- 保留 ring topology。,unverified,,Requires contextual requirement-by-requirement review; inclusion is not completion.
docx_goal.txt,4da8b372c8f07936c1156935114849f85c0d83957c1ecacc6a0b6462bdf3b1f0,1440,如果现有 RLCS 使用 lag profile aggregation，,unverified,,Requires contextual requirement-by-requirement review; inclusion is not completion.
docx_goal.txt,4da8b372c8f07936c1156935114849f85c0d83957c1ecacc6a0b6462bdf3b1f0,1441,保持完全一致。,unverified,,Requires contextual requirement-by-requirement review; inclusion is not completion.
docx_goal.txt,4da8b372c8f07936c1156935114849f85c0d83957c1ecacc6a0b6462bdf3b1f0,1443,====================,unverified,,Requires contextual requirement-by-requirement review; inclusion is not completion.
docx_goal.txt,4da8b372c8f07936c1156935114849f85c0d83957c1ecacc6a0b6462bdf3b1f0,1444,F3b. CES,unverified,,Requires contextual requirement-by-requirement review; inclusion is not completion.
docx_goal.txt,4da8b372c8f07936c1156935114849f85c0d83957c1ecacc6a0b6462bdf3b1f0,1445,====================,unverified,,Requires contextual requirement-by-requirement review; inclusion is not completion.
docx_goal.txt,4da8b372c8f07936c1156935114849f85c0d83957c1ecacc6a0b6462bdf3b1f0,1447,复用现有 validated CES。,unverified,,Requires contextual requirement-by-requirement review; inclusion is not completion.
docx_goal.txt,4da8b372c8f07936c1156935114849f85c0d83957c1ecacc6a0b6462bdf3b1f0,1449,基于 envelope matrix：,unverified,,Requires contextual requirement-by-requirement review; inclusion is not completion.
docx_goal.txt,4da8b372c8f07936c1156935114849f85c0d83957c1ecacc6a0b6462bdf3b1f0,1451,    E ∈ R^{C×K},unverified,,Requires contextual requirement-by-requirement review; inclusion is not completion.
docx_goal.txt,4da8b372c8f07936c1156935114849f85c0d83957c1ecacc6a0b6462bdf3b1f0,1453,计算 channel correlation matrix：,unverified,,Requires contextual requirement-by-requirement review; inclusion is not completion.
docx_goal.txt,4da8b372c8f07936c1156935114849f85c0d83957c1ecacc6a0b6462bdf3b1f0,1455,    R =,unverified,,Requires contextual requirement-by-requirement review; inclusion is not completion.
docx_goal.txt,4da8b372c8f07936c1156935114849f85c0d83957c1ecacc6a0b6462bdf3b1f0,1456,      Corr(E),unverified,,Requires contextual requirement-by-requirement review; inclusion is not completion.
docx_goal.txt,4da8b372c8f07936c1156935114849f85c0d83957c1ecacc6a0b6462bdf3b1f0,1458,eigenvalues：,unverified,,Requires contextual requirement-by-requirement review; inclusion is not completion.
docx_goal.txt,4da8b372c8f07936c1156935114849f85c0d83957c1ecacc6a0b6462bdf3b1f0,1460,    λ_1 ≥ ... ≥ λ_C ≥ 0,unverified,,Requires contextual requirement-by-requirement review; inclusion is not completion.
docx_goal.txt,4da8b372c8f07936c1156935114849f85c0d83957c1ecacc6a0b6462bdf3b1f0,1462,由于：,unverified,,Requires contextual requirement-by-requirement review; inclusion is not completion.
docx_goal.txt,4da8b372c8f07936c1156935114849f85c0d83957c1ecacc6a0b6462bdf3b1f0,1464,    trace(R)=C,unverified,,Requires contextual requirement-by-requirement review; inclusion is not completion.
docx_goal.txt,4da8b372c8f07936c1156935114849f85c0d83957c1ecacc6a0b6462bdf3b1f0,1466,归一化：,unverified,,Requires contextual requirement-by-requirement review; inclusion is not completion.
docx_goal.txt,4da8b372c8f07936c1156935114849f85c0d83957c1ecacc6a0b6462bdf3b1f0,1468,    p_i =,unverified,,Requires contextual requirement-by-requirement review; inclusion is not completion.
docx_goal.txt,4da8b372c8f07936c1156935114849f85c0d83957c1ecacc6a0b6462bdf3b1f0,1469,      λ_i / (Σ_j λ_j + ε),unverified,,Requires contextual requirement-by-requirement review; inclusion is not completion.
docx_goal.txt,4da8b372c8f07936c1156935114849f85c0d83957c1ecacc6a0b6462bdf3b1f0,1471,输出：,unverified,,Requires contextual requirement-by-requirement review; inclusion is not completion.
docx_goal.txt,4da8b372c8f07936c1156935114849f85c0d83957c1ecacc6a0b6462bdf3b1f0,1473,    φ_CES =,unverified,,Requires contextual requirement-by-requirement review; inclusion is not completion.
docx_goal.txt,4da8b372c8f07936c1156935114849f85c0d83957c1ecacc6a0b6462bdf3b1f0,1474,"      [p_1,...,p_C]",unverified,,Requires contextual requirement-by-requirement review; inclusion is not completion.
docx_goal.txt,4da8b372c8f07936c1156935114849f85c0d83957c1ecacc6a0b6462bdf3b1f0,1476,CES 不作为主要 H representation，,unverified,,Requires contextual requirement-by-requirement review; inclusion is not completion.
docx_goal.txt,4da8b372c8f07936c1156935114849f85c0d83957c1ecacc6a0b6462bdf3b1f0,1477,定位为 global coordination auxiliary。,unverified,,Requires contextual requirement-by-requirement review; inclusion is not completion.
docx_goal.txt,4da8b372c8f07936c1156935114849f85c0d83957c1ecacc6a0b6462bdf3b1f0,1479,====================,unverified,,Requires contextual requirement-by-requirement review; inclusion is not completion.
docx_goal.txt,4da8b372c8f07936c1156935114849f85c0d83957c1ecacc6a0b6462bdf3b1f0,1480,F3c. Ring-relative covariance,unverified,,Requires contextual requirement-by-requirement review; inclusion is not completion.
docx_goal.txt,4da8b372c8f07936c1156935114849f85c0d83957c1ecacc6a0b6462bdf3b1f0,1481,====================,unverified,,Requires contextual requirement-by-requirement review; inclusion is not completion.
docx_goal.txt,4da8b372c8f07936c1156935114849f85c0d83957c1ecacc6a0b6462bdf3b1f0,1483,使用 F2a 得到的：,unverified,,Requires contextual requirement-by-requirement review; inclusion is not completion.
docx_goal.txt,4da8b372c8f07936c1156935114849f85c0d83957c1ecacc6a0b6462bdf3b1f0,1485,    C_norm,unverified,,Requires contextual requirement-by-requirement review; inclusion is not completion.
docx_goal.txt,4da8b372c8f07936c1156935114849f85c0d83957c1ecacc6a0b6462bdf3b1f0,1487,对于 circular lag：,unverified,,Requires contextual requirement-by-requirement review; inclusion is not completion.
docx_goal.txt,4da8b372c8f07936c1156935114849f85c0d83957c1ecacc6a0b6462bdf3b1f0,1489,"    d = 1,...,floor(C/2)",unverified,,Requires contextual requirement-by-requirement review; inclusion is not completion.
docx_goal.txt,4da8b372c8f07936c1156935114849f85c0d83957c1ecacc6a0b6462bdf3b1f0,1491,构造：,unverified,,Requires contextual requirement-by-requirement review; inclusion is not completion.
docx_goal.txt,4da8b372c8f07936c1156935114849f85c0d83957c1ecacc6a0b6462bdf3b1f0,1493,    V_d =,unverified,,Requires contextual requirement-by-requirement review; inclusion is not completion.
docx_goal.txt,4da8b372c8f07936c1156935114849f85c0d83957c1ecacc6a0b6462bdf3b1f0,1494,      {,unverified,,Requires contextual requirement-by-requirement review; inclusion is not completion.
docx_goal.txt,4da8b372c8f07936c1156935114849f85c0d83957c1ecacc6a0b6462bdf3b1f0,1495,"        C_norm[i,(i+d) mod C]",unverified,,Requires contextual requirement-by-requirement review; inclusion is not completion.
docx_goal.txt,4da8b372c8f07936c1156935114849f85c0d83957c1ecacc6a0b6462bdf3b1f0,1496,      }_{i=1}^C,unverified,,Requires contextual requirement-by-requirement review; inclusion is not completion.
docx_goal.txt,4da8b372c8f07936c1156935114849f85c0d83957c1ecacc6a0b6462bdf3b1f0,1498,对每个 lag 提取：,unverified,,Requires contextual requirement-by-requirement review; inclusion is not completion.
docx_goal.txt,4da8b372c8f07936c1156935114849f85c0d83957c1ecacc6a0b6462bdf3b1f0,1500,    mean(V_d),unverified,,Requires contextual requirement-by-requirement review; inclusion is not completion.
docx_goal.txt,4da8b372c8f07936c1156935114849f85c0d83957c1ecacc6a0b6462bdf3b1f0,1501,    median(V_d),unverified,,Requires contextual requirement-by-requirement review; inclusion is not completion.
docx_goal.txt,4da8b372c8f07936c1156935114849f85c0d83957c1ecacc6a0b6462bdf3b1f0,1502,    std(V_d),unverified,,Requires contextual requirement-by-requirement review; inclusion is not completion.
docx_goal.txt,4da8b372c8f07936c1156935114849f85c0d83957c1ecacc6a0b6462bdf3b1f0,1503,    q25(V_d),unverified,,Requires contextual requirement-by-requirement review; inclusion is not completion.
docx_goal.txt,4da8b372c8f07936c1156935114849f85c0d83957c1ecacc6a0b6462bdf3b1f0,1504,    q75(V_d),unverified,,Requires contextual requirement-by-requirement review; inclusion is not completion.
docx_goal.txt,4da8b372c8f07936c1156935114849f85c0d83957c1ecacc6a0b6462bdf3b1f0,1506,即：,unverified,,Requires contextual requirement-by-requirement review; inclusion is not completion.
docx_goal.txt,4da8b372c8f07936c1156935114849f85c0d83957c1ecacc6a0b6462bdf3b1f0,1508,    φ_ringcov(d),unverified,,Requires contextual requirement-by-requirement review; inclusion is not completion.
docx_goal.txt,4da8b372c8f07936c1156935114849f85c0d83957c1ecacc6a0b6462bdf3b1f0,1509,      =,unverified,,Requires contextual requirement-by-requirement review; inclusion is not completion.
docx_goal.txt,4da8b372c8f07936c1156935114849f85c0d83957c1ecacc6a0b6462bdf3b1f0,1510,      [,unverified,,Requires contextual requirement-by-requirement review; inclusion is not completion.
docx_goal.txt,4da8b372c8f07936c1156935114849f85c0d83957c1ecacc6a0b6462bdf3b1f0,1511,"        mean,",unverified,,Requires contextual requirement-by-requirement review; inclusion is not completion.
docx_goal.txt,4da8b372c8f07936c1156935114849f85c0d83957c1ecacc6a0b6462bdf3b1f0,1512,"        median,",unverified,,Requires contextual requirement-by-requirement review; inclusion is not completion.
docx_goal.txt,4da8b372c8f07936c1156935114849f85c0d83957c1ecacc6a0b6462bdf3b1f0,1513,"        std,",unverified,,Requires contextual requirement-by-requirement review; inclusion is not completion.
docx_goal.txt,4da8b372c8f07936c1156935114849f85c0d83957c1ecacc6a0b6462bdf3b1f0,1514,"        q25,",unverified,,Requires contextual requirement-by-requirement review; inclusion is not completion.
docx_goal.txt,4da8b372c8f07936c1156935114849f85c0d83957c1ecacc6a0b6462bdf3b1f0,1515,        q75,unverified,,Requires contextual requirement-by-requirement review; inclusion is not completion.
docx_goal.txt,4da8b372c8f07936c1156935114849f85c0d83957c1ecacc6a0b6462bdf3b1f0,1516,      ],unverified,,Requires contextual requirement-by-requirement review; inclusion is not completion.
docx_goal.txt,4da8b372c8f07936c1156935114849f85c0d83957c1ecacc6a0b6462bdf3b1f0,1518,如果 window 足够长，,unverified,,Requires contextual requirement-by-requirement review; inclusion is not completion.
docx_goal.txt,4da8b372c8f07936c1156935114849f85c0d83957c1ecacc6a0b6462bdf3b1f0,1519,再将 window 分成前/后两个子窗口：,unverified,,Requires contextual requirement-by-requirement review; inclusion is not completion.
docx_goal.txt,4da8b372c8f07936c1156935114849f85c0d83957c1ecacc6a0b6462bdf3b1f0,1521,    V_d^early,unverified,,Requires contextual requirement-by-requirement review; inclusion is not completion.
docx_goal.txt,4da8b372c8f07936c1156935114849f85c0d83957c1ecacc6a0b6462bdf3b1f0,1522,    V_d^late,unverified,,Requires contextual requirement-by-requirement review; inclusion is not completion.
docx_goal.txt,4da8b372c8f07936c1156935114849f85c0d83957c1ecacc6a0b6462bdf3b1f0,1524,加入 temporal stability：,unverified,,Requires contextual requirement-by-requirement review; inclusion is not completion.
docx_goal.txt,4da8b372c8f07936c1156935114849f85c0d83957c1ecacc6a0b6462bdf3b1f0,1526,    Δ_d =,unverified,,Requires contextual requirement-by-requirement review; inclusion is not completion.
docx_goal.txt,4da8b372c8f07936c1156935114849f85c0d83957c1ecacc6a0b6462bdf3b1f0,1527,      |mean(V_d^late),unverified,,Requires contextual requirement-by-requirement review; inclusion is not completion.
docx_goal.txt,4da8b372c8f07936c1156935114849f85c0d83957c1ecacc6a0b6462bdf3b1f0,1528,       - mean(V_d^early)|,unverified,,Requires contextual requirement-by-requirement review; inclusion is not completion.
docx_goal.txt,4da8b372c8f07936c1156935114849f85c0d83957c1ecacc6a0b6462bdf3b1f0,1530,目的：,unverified,,Requires contextual requirement-by-requirement review; inclusion is not completion.
docx_goal.txt,4da8b372c8f07936c1156935114849f85c0d83957c1ecacc6a0b6462bdf3b1f0,1531,描述 ring-relative coordination，,unverified,,Requires contextual requirement-by-requirement review; inclusion is not completion.
docx_goal.txt,4da8b372c8f07936c1156935114849f85c0d83957c1ecacc6a0b6462bdf3b1f0,1532,不依赖 absolute Ch1 起点。,unverified,,Requires contextual requirement-by-requirement review; inclusion is not completion.
docx_goal.txt,4da8b372c8f07936c1156935114849f85c0d83957c1ecacc6a0b6462bdf3b1f0,1534,==================================================,unverified,,Requires contextual requirement-by-requirement review; inclusion is not completion.
docx_goal.txt,4da8b372c8f07936c1156935114849f85c0d83957c1ecacc6a0b6462bdf3b1f0,1535,F4. Spectral State,unverified,,Requires contextual requirement-by-requirement review; inclusion is not completion.
docx_goal.txt,4da8b372c8f07936c1156935114849f85c0d83957c1ecacc6a0b6462bdf3b1f0,1536,==================================================,unverified,,Requires contextual requirement-by-requirement review; inclusion is not completion.
docx_goal.txt,4da8b372c8f07936c1156935114849f85c0d83957c1ecacc6a0b6462bdf3b1f0,1538,首先得到每个 channel PSD：,unverified,,Requires contextual requirement-by-requirement review; inclusion is not completion.
docx_goal.txt,4da8b372c8f07936c1156935114849f85c0d83957c1ecacc6a0b6462bdf3b1f0,1540,优先 Welch：,unverified,,Requires contextual requirement-by-requirement review; inclusion is not completion.
docx_goal.txt,4da8b372c8f07936c1156935114849f85c0d83957c1ecacc6a0b6462bdf3b1f0,1542,    P_c(f),unverified,,Requires contextual requirement-by-requirement review; inclusion is not completion.
docx_goal.txt,4da8b372c8f07936c1156935114849f85c0d83957c1ecacc6a0b6462bdf3b1f0,1544,窗口短到 Welch 不稳定时，,unverified,,Requires contextual requirement-by-requirement review; inclusion is not completion.
docx_goal.txt,4da8b372c8f07936c1156935114849f85c0d83957c1ecacc6a0b6462bdf3b1f0,1545,可使用 windowed FFT periodogram，,unverified,,Requires contextual requirement-by-requirement review; inclusion is not completion.
docx_goal.txt,4da8b372c8f07936c1156935114849f85c0d83957c1ecacc6a0b6462bdf3b1f0,1546,但所有 dataset 要统一该 dataset 内的实现。,unverified,,Requires contextual requirement-by-requirement review; inclusion is not completion.
docx_goal.txt,4da8b372c8f07936c1156935114849f85c0d83957c1ecacc6a0b6462bdf3b1f0,1548,所有频率必须 < Nyquist。,unverified,,Requires contextual requirement-by-requirement review; inclusion is not completion.
docx_goal.txt,4da8b372c8f07936c1156935114849f85c0d83957c1ecacc6a0b6462bdf3b1f0,1550,====================,unverified,,Requires contextual requirement-by-requirement review; inclusion is not completion.
docx_goal.txt,4da8b372c8f07936c1156935114849f85c0d83957c1ecacc6a0b6462bdf3b1f0,1551,F4a. Frequency coordination,unverified,,Requires contextual requirement-by-requirement review; inclusion is not completion.
docx_goal.txt,4da8b372c8f07936c1156935114849f85c0d83957c1ecacc6a0b6462bdf3b1f0,1552,====================,unverified,,Requires contextual requirement-by-requirement review; inclusion is not completion.
docx_goal.txt,4da8b372c8f07936c1156935114849f85c0d83957c1ecacc6a0b6462bdf3b1f0,1554,若 repo 中已有 validated 实现，直接复用。,unverified,,Requires contextual requirement-by-requirement review; inclusion is not completion.
docx_goal.txt,4da8b372c8f07936c1156935114849f85c0d83957c1ecacc6a0b6462bdf3b1f0,1556,否则：,unverified,,Requires contextual requirement-by-requirement review; inclusion is not completion.
docx_goal.txt,4da8b372c8f07936c1156935114849f85c0d83957c1ecacc6a0b6462bdf3b1f0,1558,把有效 EMG frequency range 分成 B 个 band：,unverified,,Requires contextual requirement-by-requirement review; inclusion is not completion.
docx_goal.txt,4da8b372c8f07936c1156935114849f85c0d83957c1ecacc6a0b6462bdf3b1f0,1560,"    B_1,...,B_B",unverified,,Requires contextual requirement-by-requirement review; inclusion is not completion.
docx_goal.txt,4da8b372c8f07936c1156935114849f85c0d83957c1ecacc6a0b6462bdf3b1f0,1562,不要使用超过 Nyquist 的 band。,unverified,,Requires contextual requirement-by-requirement review; inclusion is not completion.
docx_goal.txt,4da8b372c8f07936c1156935114849f85c0d83957c1ecacc6a0b6462bdf3b1f0,1564,对于 channel c、band b：,unverified,,Requires contextual requirement-by-requirement review; inclusion is not completion.
docx_goal.txt,4da8b372c8f07936c1156935114849f85c0d83957c1ecacc6a0b6462bdf3b1f0,1566,"    E_{c,b}",unverified,,Requires contextual requirement-by-requirement review; inclusion is not completion.
docx_goal.txt,4da8b372c8f07936c1156935114849f85c0d83957c1ecacc6a0b6462bdf3b1f0,1567,      =,unverified,,Requires contextual requirement-by-requirement review; inclusion is not completion.
docx_goal.txt,4da8b372c8f07936c1156935114849f85c0d83957c1ecacc6a0b6462bdf3b1f0,1568,      Σ_{f∈B_b} P_c(f),unverified,,Requires contextual requirement-by-requirement review; inclusion is not completion.
docx_goal.txt,4da8b372c8f07936c1156935114849f85c0d83957c1ecacc6a0b6462bdf3b1f0,1570,构造每个 band 的跨 channel vector：,unverified,,Requires contextual requirement-by-requirement review; inclusion is not completion.
docx_goal.txt,4da8b372c8f07936c1156935114849f85c0d83957c1ecacc6a0b6462bdf3b1f0,1572,    v_b =,unverified,,Requires contextual requirement-by-requirement review; inclusion is not completion.
docx_goal.txt,4da8b372c8f07936c1156935114849f85c0d83957c1ecacc6a0b6462bdf3b1f0,1573,"      [E_{1,b},...,E_{C,b}]",unverified,,Requires contextual requirement-by-requirement review; inclusion is not completion.
docx_goal.txt,4da8b372c8f07936c1156935114849f85c0d83957c1ecacc6a0b6462bdf3b1f0,1575,归一化：,unverified,,Requires contextual requirement-by-requirement review; inclusion is not completion.
docx_goal.txt,4da8b372c8f07936c1156935114849f85c0d83957c1ecacc6a0b6462bdf3b1f0,1577,    u_b =,unverified,,Requires contextual requirement-by-requirement review; inclusion is not completion.
docx_goal.txt,4da8b372c8f07936c1156935114849f85c0d83957c1ecacc6a0b6462bdf3b1f0,1578,      v_b /,unverified,,Requires contextual requirement-by-requirement review; inclusion is not completion.
docx_goal.txt,4da8b372c8f07936c1156935114849f85c0d83957c1ecacc6a0b6462bdf3b1f0,1579,      (||v_b||_2 + ε),unverified,,Requires contextual requirement-by-requirement review; inclusion is not completion.
docx_goal.txt,4da8b372c8f07936c1156935114849f85c0d83957c1ecacc6a0b6462bdf3b1f0,1581,输出：,unverified,,Requires contextual requirement-by-requirement review; inclusion is not completion.
docx_goal.txt,4da8b372c8f07936c1156935114849f85c0d83957c1ecacc6a0b6462bdf3b1f0,1583,    φ_freqcoord =,unverified,,Requires contextual requirement-by-requirement review; inclusion is not completion.
docx_goal.txt,4da8b372c8f07936c1156935114849f85c0d83957c1ecacc6a0b6462bdf3b1f0,1584,      concat_b(u_b),unverified,,Requires contextual requirement-by-requirement review; inclusion is not completion.
docx_goal.txt,4da8b372c8f07936c1156935114849f85c0d83957c1ecacc6a0b6462bdf3b1f0,1586,注意：,unverified,,Requires contextual requirement-by-requirement review; inclusion is not completion.
docx_goal.txt,4da8b372c8f07936c1156935114849f85c0d83957c1ecacc6a0b6462bdf3b1f0,1587,它表示不同频带中的 spatial orientation，,unverified,,Requires contextual requirement-by-requirement review; inclusion is not completion.
docx_goal.txt,4da8b372c8f07936c1156935114849f85c0d83957c1ecacc6a0b6462bdf3b1f0,1588,而不是总 spectral power。,unverified,,Requires contextual requirement-by-requirement review; inclusion is not completion.
docx_goal.txt,4da8b372c8f07936c1156935114849f85c0d83957c1ecacc6a0b6462bdf3b1f0,1590,====================,unverified,,Requires contextual requirement-by-requirement review; inclusion is not completion.
docx_goal.txt,4da8b372c8f07936c1156935114849f85c0d83957c1ecacc6a0b6462bdf3b1f0,1591,F4b. Spectral summary,unverified,,Requires contextual requirement-by-requirement review; inclusion is not completion.
docx_goal.txt,4da8b372c8f07936c1156935114849f85c0d83957c1ecacc6a0b6462bdf3b1f0,1592,====================,unverified,,Requires contextual requirement-by-requirement review; inclusion is not completion.
docx_goal.txt,4da8b372c8f07936c1156935114849f85c0d83957c1ecacc6a0b6462bdf3b1f0,1594,每 channel：,unverified,,Requires contextual requirement-by-requirement review; inclusion is not completion.
docx_goal.txt,4da8b372c8f07936c1156935114849f85c0d83957c1ecacc6a0b6462bdf3b1f0,1596,Total power：,unverified,,Requires contextual requirement-by-requirement review; inclusion is not completion.
docx_goal.txt,4da8b372c8f07936c1156935114849f85c0d83957c1ecacc6a0b6462bdf3b1f0,1598,    Ptot_c =,unverified,,Requires contextual requirement-by-requirement review; inclusion is not completion.
docx_goal.txt,4da8b372c8f07936c1156935114849f85c0d83957c1ecacc6a0b6462bdf3b1f0,1599,      Σ_f P_c(f),unverified,,Requires contextual requirement-by-requirement review; inclusion is not completion.
docx_goal.txt,4da8b372c8f07936c1156935114849f85c0d83957c1ecacc6a0b6462bdf3b1f0,1601,Spectral centroid：,unverified,,Requires contextual requirement-by-requirement review; inclusion is not completion.
docx_goal.txt,4da8b372c8f07936c1156935114849f85c0d83957c1ecacc6a0b6462bdf3b1f0,1603,    SC_c =,unverified,,Requires contextual requirement-by-requirement review; inclusion is not completion.
docx_goal.txt,4da8b372c8f07936c1156935114849f85c0d83957c1ecacc6a0b6462bdf3b1f0,1604,      Σ_f f P_c(f),unverified,,Requires contextual requirement-by-requirement review; inclusion is not completion.
docx_goal.txt,4da8b372c8f07936c1156935114849f85c0d83957c1ecacc6a0b6462bdf3b1f0,1605,      /,unverified,,Requires contextual requirement-by-requirement review; inclusion is not completion.
docx_goal.txt,4da8b372c8f07936c1156935114849f85c0d83957c1ecacc6a0b6462bdf3b1f0,1606,      (Σ_f P_c(f)+ε),unverified,,Requires contextual requirement-by-requirement review; inclusion is not completion.
docx_goal.txt,4da8b372c8f07936c1156935114849f85c0d83957c1ecacc6a0b6462bdf3b1f0,1608,Median frequency MDF：,unverified,,Requires contextual requirement-by-requirement review; inclusion is not completion.
docx_goal.txt,4da8b372c8f07936c1156935114849f85c0d83957c1ecacc6a0b6462bdf3b1f0,1610,找到 f_m 使：,unverified,,Requires contextual requirement-by-requirement review; inclusion is not completion.
docx_goal.txt,4da8b372c8f07936c1156935114849f85c0d83957c1ecacc6a0b6462bdf3b1f0,1612,    Σ_{f≤f_m} P_c(f),unverified,,Requires contextual requirement-by-requirement review; inclusion is not completion.
docx_goal.txt,4da8b372c8f07936c1156935114849f85c0d83957c1ecacc6a0b6462bdf3b1f0,1613,      ≥ 0.5 Σ_f P_c(f),unverified,,Requires contextual requirement-by-requirement review; inclusion is not completion.
docx_goal.txt,4da8b372c8f07936c1156935114849f85c0d83957c1ecacc6a0b6462bdf3b1f0,1615,可加入：,unverified,,Requires contextual requirement-by-requirement review; inclusion is not completion.
docx_goal.txt,4da8b372c8f07936c1156935114849f85c0d83957c1ecacc6a0b6462bdf3b1f0,1617,    spectral entropy：,unverified,,Requires contextual requirement-by-requirement review; inclusion is not completion.
docx_goal.txt,4da8b372c8f07936c1156935114849f85c0d83957c1ecacc6a0b6462bdf3b1f0,1619,    q_f =,unverified,,Requires contextual requirement-by-requirement review; inclusion is not completion.
docx_goal.txt,4da8b372c8f07936c1156935114849f85c0d83957c1ecacc6a0b6462bdf3b1f0,1620,      P(f)/(Σ_f P(f)+ε),unverified,,Requires contextual requirement-by-requirement review; inclusion is not completion.
docx_goal.txt,4da8b372c8f07936c1156935114849f85c0d83957c1ecacc6a0b6462bdf3b1f0,1622,    Hspec =,unverified,,Requires contextual requirement-by-requirement review; inclusion is not completion.
docx_goal.txt,4da8b372c8f07936c1156935114849f85c0d83957c1ecacc6a0b6462bdf3b1f0,1623,      -Σ_f q_f log(q_f+ε),unverified,,Requires contextual requirement-by-requirement review; inclusion is not completion.
docx_goal.txt,4da8b372c8f07936c1156935114849f85c0d83957c1ecacc6a0b6462bdf3b1f0,1625,====================,unverified,,Requires contextual requirement-by-requirement review; inclusion is not completion.
docx_goal.txt,4da8b372c8f07936c1156935114849f85c0d83957c1ecacc6a0b6462bdf3b1f0,1626,F4c. Cepstral / CCA-like candidate,unverified,,Requires contextual requirement-by-requirement review; inclusion is not completion.
docx_goal.txt,4da8b372c8f07936c1156935114849f85c0d83957c1ecacc6a0b6462bdf3b1f0,1627,====================,unverified,,Requires contextual requirement-by-requirement review; inclusion is not completion.
docx_goal.txt,4da8b372c8f07936c1156935114849f85c0d83957c1ecacc6a0b6462bdf3b1f0,1629,如果项目已有 EMG-Adapt 论文公式，,unverified,,Requires contextual requirement-by-requirement review; inclusion is not completion.
docx_goal.txt,4da8b372c8f07936c1156935114849f85c0d83957c1ecacc6a0b6462bdf3b1f0,1630,优先严格复现论文。,unverified,,Requires contextual requirement-by-requirement review; inclusion is not completion.
docx_goal.txt,4da8b372c8f07936c1156935114849f85c0d83957c1ecacc6a0b6462bdf3b1f0,1632,若无法确认论文 exact CCA 实现，,unverified,,Requires contextual requirement-by-requirement review; inclusion is not completion.
docx_goal.txt,4da8b372c8f07936c1156935114849f85c0d83957c1ecacc6a0b6462bdf3b1f0,1633,不要声称“复现 CCA”，,unverified,,Requires contextual requirement-by-requirement review; inclusion is not completion.
docx_goal.txt,4da8b372c8f07936c1156935114849f85c0d83957c1ecacc6a0b6462bdf3b1f0,1634,而命名：,unverified,,Requires contextual requirement-by-requirement review; inclusion is not completion.
docx_goal.txt,4da8b372c8f07936c1156935114849f85c0d83957c1ecacc6a0b6462bdf3b1f0,1636,    cepstral_summary,unverified,,Requires contextual requirement-by-requirement review; inclusion is not completion.
docx_goal.txt,4da8b372c8f07936c1156935114849f85c0d83957c1ecacc6a0b6462bdf3b1f0,1638,计算：,unverified,,Requires contextual requirement-by-requirement review; inclusion is not completion.
docx_goal.txt,4da8b372c8f07936c1156935114849f85c0d83957c1ecacc6a0b6462bdf3b1f0,1640,    L_c(f),unverified,,Requires contextual requirement-by-requirement review; inclusion is not completion.
docx_goal.txt,4da8b372c8f07936c1156935114849f85c0d83957c1ecacc6a0b6462bdf3b1f0,1641,      =,unverified,,Requires contextual requirement-by-requirement review; inclusion is not completion.
docx_goal.txt,4da8b372c8f07936c1156935114849f85c0d83957c1ecacc6a0b6462bdf3b1f0,1642,      log(P_c(f)+ε),unverified,,Requires contextual requirement-by-requirement review; inclusion is not completion.
docx_goal.txt,4da8b372c8f07936c1156935114849f85c0d83957c1ecacc6a0b6462bdf3b1f0,1644,对 log-spectrum 做 DCT：,unverified,,Requires contextual requirement-by-requirement review; inclusion is not completion.
docx_goal.txt,4da8b372c8f07936c1156935114849f85c0d83957c1ecacc6a0b6462bdf3b1f0,1646,"    cep_{c,k}",unverified,,Requires contextual requirement-by-requirement review; inclusion is not completion.
docx_goal.txt,4da8b372c8f07936c1156935114849f85c0d83957c1ecacc6a0b6462bdf3b1f0,1647,      =,unverified,,Requires contextual requirement-by-requirement review; inclusion is not completion.
docx_goal.txt,4da8b372c8f07936c1156935114849f85c0d83957c1ecacc6a0b6462bdf3b1f0,1648,      DCT_k(L_c),unverified,,Requires contextual requirement-by-requirement review; inclusion is not completion.
docx_goal.txt,4da8b372c8f07936c1156935114849f85c0d83957c1ecacc6a0b6462bdf3b1f0,1650,只保留低阶若干 coefficient，,unverified,,Requires contextual requirement-by-requirement review; inclusion is not completion.
docx_goal.txt,4da8b372c8f07936c1156935114849f85c0d83957c1ecacc6a0b6462bdf3b1f0,1651,例如排除 DC 后前 K 个。,unverified,,Requires contextual requirement-by-requirement review; inclusion is not completion.
docx_goal.txt,4da8b372c8f07936c1156935114849f85c0d83957c1ecacc6a0b6462bdf3b1f0,1653,可以输出：,unverified,,Requires contextual requirement-by-requirement review; inclusion is not completion.
docx_goal.txt,4da8b372c8f07936c1156935114849f85c0d83957c1ecacc6a0b6462bdf3b1f0,1655,"    mean_c cep_{c,k}",unverified,,Requires contextual requirement-by-requirement review; inclusion is not completion.
docx_goal.txt,4da8b372c8f07936c1156935114849f85c0d83957c1ecacc6a0b6462bdf3b1f0,1656,"    std_c cep_{c,k}",unverified,,Requires contextual requirement-by-requirement review; inclusion is not completion.
docx_goal.txt,4da8b372c8f07936c1156935114849f85c0d83957c1ecacc6a0b6462bdf3b1f0,1658,以及 per-channel coefficients。,unverified,,Requires contextual requirement-by-requirement review; inclusion is not completion.
docx_goal.txt,4da8b372c8f07936c1156935114849f85c0d83957c1ecacc6a0b6462bdf3b1f0,1660,具体 K 必须在 training/internal validation 冻结。,unverified,,Requires contextual requirement-by-requirement review; inclusion is not completion.
docx_goal.txt,4da8b372c8f07936c1156935114849f85c0d83957c1ecacc6a0b6462bdf3b1f0,1662,====================,unverified,,Requires contextual requirement-by-requirement review; inclusion is not completion.
docx_goal.txt,4da8b372c8f07936c1156935114849f85c0d83957c1ecacc6a0b6462bdf3b1f0,1663,F4d. Personal/session-relative spectral shift,unverified,,Requires contextual requirement-by-requirement review; inclusion is not completion.
docx_goal.txt,4da8b372c8f07936c1156935114849f85c0d83957c1ecacc6a0b6462bdf3b1f0,1664,====================,unverified,,Requires contextual requirement-by-requirement review; inclusion is not completion.
docx_goal.txt,4da8b372c8f07936c1156935114849f85c0d83957c1ecacc6a0b6462bdf3b1f0,1666,若有 calibration baseline：,unverified,,Requires contextual requirement-by-requirement review; inclusion is not completion.
docx_goal.txt,4da8b372c8f07936c1156935114849f85c0d83957c1ecacc6a0b6462bdf3b1f0,1668,个人长期 baseline：,unverified,,Requires contextual requirement-by-requirement review; inclusion is not completion.
docx_goal.txt,4da8b372c8f07936c1156935114849f85c0d83957c1ecacc6a0b6462bdf3b1f0,1670,"    μ^{spec}_{u,c,b}",unverified,,Requires contextual requirement-by-requirement review; inclusion is not completion.
docx_goal.txt,4da8b372c8f07936c1156935114849f85c0d83957c1ecacc6a0b6462bdf3b1f0,1672,当前 window：,unverified,,Requires contextual requirement-by-requirement review; inclusion is not completion.
docx_goal.txt,4da8b372c8f07936c1156935114849f85c0d83957c1ecacc6a0b6462bdf3b1f0,1674,"    s_{c,b}",unverified,,Requires contextual requirement-by-requirement review; inclusion is not completion.
docx_goal.txt,4da8b372c8f07936c1156935114849f85c0d83957c1ecacc6a0b6462bdf3b1f0,1675,      =,unverified,,Requires contextual requirement-by-requirement review; inclusion is not completion.
docx_goal.txt,4da8b372c8f07936c1156935114849f85c0d83957c1ecacc6a0b6462bdf3b1f0,1676,"      log(E_{c,b}+ε)",unverified,,Requires contextual requirement-by-requirement review; inclusion is not completion.
docx_goal.txt,4da8b372c8f07936c1156935114849f85c0d83957c1ecacc6a0b6462bdf3b1f0,1678,构造：,unverified,,Requires contextual requirement-by-requirement review; inclusion is not completion.
docx_goal.txt,4da8b372c8f07936c1156935114849f85c0d83957c1ecacc6a0b6462bdf3b1f0,1680,"    Δspec_{c,b}",unverified,,Requires contextual requirement-by-requirement review; inclusion is not completion.
docx_goal.txt,4da8b372c8f07936c1156935114849f85c0d83957c1ecacc6a0b6462bdf3b1f0,1681,      =,unverified,,Requires contextual requirement-by-requirement review; inclusion is not completion.
docx_goal.txt,4da8b372c8f07936c1156935114849f85c0d83957c1ecacc6a0b6462bdf3b1f0,1682,"      s_{c,b}",unverified,,Requires contextual requirement-by-requirement review; inclusion is not completion.
docx_goal.txt,4da8b372c8f07936c1156935114849f85c0d83957c1ecacc6a0b6462bdf3b1f0,1683,"      - μ^{spec}_{u,c,b}",unverified,,Requires contextual requirement-by-requirement review; inclusion is not completion.
docx_goal.txt,4da8b372c8f07936c1156935114849f85c0d83957c1ecacc6a0b6462bdf3b1f0,1685,如果是 session calibration，,unverified,,Requires contextual requirement-by-requirement review; inclusion is not completion.
docx_goal.txt,4da8b372c8f07936c1156935114849f85c0d83957c1ecacc6a0b6462bdf3b1f0,1686,也可定义：,unverified,,Requires contextual requirement-by-requirement review; inclusion is not completion.
docx_goal.txt,4da8b372c8f07936c1156935114849f85c0d83957c1ecacc6a0b6462bdf3b1f0,1688,    Δsession_spec,unverified,,Requires contextual requirement-by-requirement review; inclusion is not completion.
docx_goal.txt,4da8b372c8f07936c1156935114849f85c0d83957c1ecacc6a0b6462bdf3b1f0,1689,      =,unverified,,Requires contextual requirement-by-requirement review; inclusion is not completion.
docx_goal.txt,4da8b372c8f07936c1156935114849f85c0d83957c1ecacc6a0b6462bdf3b1f0,1690,"      μ^{spec}_{u,s,c,b}",unverified,,Requires contextual requirement-by-requirement review; inclusion is not completion.
docx_goal.txt,4da8b372c8f07936c1156935114849f85c0d83957c1ecacc6a0b6462bdf3b1f0,1691,"      - μ^{spec}_{u,long,c,b}",unverified,,Requires contextual requirement-by-requirement review; inclusion is not completion.
docx_goal.txt,4da8b372c8f07936c1156935114849f85c0d83957c1ecacc6a0b6462bdf3b1f0,1693,这些只作为 context/session feature，,unverified,,Requires contextual requirement-by-requirement review; inclusion is not completion.
docx_goal.txt,4da8b372c8f07936c1156935114849f85c0d83957c1ecacc6a0b6462bdf3b1f0,1694,不声称等于 fatigue。,unverified,,Requires contextual requirement-by-requirement review; inclusion is not completion.
docx_goal.txt,4da8b372c8f07936c1156935114849f85c0d83957c1ecacc6a0b6462bdf3b1f0,1696,==================================================,unverified,,Requires contextual requirement-by-requirement review; inclusion is not completion.
docx_goal.txt,4da8b372c8f07936c1156935114849f85c0d83957c1ecacc6a0b6462bdf3b1f0,1697,F5. Temporal Form,unverified,,Requires contextual requirement-by-requirement review; inclusion is not completion.
docx_goal.txt,4da8b372c8f07936c1156935114849f85c0d83957c1ecacc6a0b6462bdf3b1f0,1698,==================================================,unverified,,Requires contextual requirement-by-requirement review; inclusion is not completion.
docx_goal.txt,4da8b372c8f07936c1156935114849f85c0d83957c1ecacc6a0b6462bdf3b1f0,1700,先得到每 channel envelope：,unverified,,Requires contextual requirement-by-requirement review; inclusion is not completion.
docx_goal.txt,4da8b372c8f07936c1156935114849f85c0d83957c1ecacc6a0b6462bdf3b1f0,1702,    e_c(t),unverified,,Requires contextual requirement-by-requirement review; inclusion is not completion.
docx_goal.txt,4da8b372c8f07936c1156935114849f85c0d83957c1ecacc6a0b6462bdf3b1f0,1704,====================,unverified,,Requires contextual requirement-by-requirement review; inclusion is not completion.
docx_goal.txt,4da8b372c8f07936c1156935114849f85c0d83957c1ecacc6a0b6462bdf3b1f0,1705,F5a. Existing G5,unverified,,Requires contextual requirement-by-requirement review; inclusion is not completion.
docx_goal.txt,4da8b372c8f07936c1156935114849f85c0d83957c1ecacc6a0b6462bdf3b1f0,1706,====================,unverified,,Requires contextual requirement-by-requirement review; inclusion is not completion.
docx_goal.txt,4da8b372c8f07936c1156935114849f85c0d83957c1ecacc6a0b6462bdf3b1f0,1708,保留当前 validated G5。,unverified,,Requires contextual requirement-by-requirement review; inclusion is not completion.
docx_goal.txt,4da8b372c8f07936c1156935114849f85c0d83957c1ecacc6a0b6462bdf3b1f0,1710,若需要明确基本计算：,unverified,,Requires contextual requirement-by-requirement review; inclusion is not completion.
docx_goal.txt,4da8b372c8f07936c1156935114849f85c0d83957c1ecacc6a0b6462bdf3b1f0,1712,对 window 前后部分：,unverified,,Requires contextual requirement-by-requirement review; inclusion is not completion.
docx_goal.txt,4da8b372c8f07936c1156935114849f85c0d83957c1ecacc6a0b6462bdf3b1f0,1714,"    RMS_early,c",unverified,,Requires contextual requirement-by-requirement review; inclusion is not completion.
docx_goal.txt,4da8b372c8f07936c1156935114849f85c0d83957c1ecacc6a0b6462bdf3b1f0,1715,"    RMS_late,c",unverified,,Requires contextual requirement-by-requirement review; inclusion is not completion.
docx_goal.txt,4da8b372c8f07936c1156935114849f85c0d83957c1ecacc6a0b6462bdf3b1f0,1717,比例：,unverified,,Requires contextual requirement-by-requirement review; inclusion is not completion.
docx_goal.txt,4da8b372c8f07936c1156935114849f85c0d83957c1ecacc6a0b6462bdf3b1f0,1719,"    R_EL,c =",unverified,,Requires contextual requirement-by-requirement review; inclusion is not completion.
docx_goal.txt,4da8b372c8f07936c1156935114849f85c0d83957c1ecacc6a0b6462bdf3b1f0,1720,"      RMS_early,c /",unverified,,Requires contextual requirement-by-requirement review; inclusion is not completion.
docx_goal.txt,4da8b372c8f07936c1156935114849f85c0d83957c1ecacc6a0b6462bdf3b1f0,1721,"      (RMS_late,c + ε)",unverified,,Requires contextual requirement-by-requirement review; inclusion is not completion.
docx_goal.txt,4da8b372c8f07936c1156935114849f85c0d83957c1ecacc6a0b6462bdf3b1f0,1723,差值：,unverified,,Requires contextual requirement-by-requirement review; inclusion is not completion.
docx_goal.txt,4da8b372c8f07936c1156935114849f85c0d83957c1ecacc6a0b6462bdf3b1f0,1725,    ΔRMS_c =,unverified,,Requires contextual requirement-by-requirement review; inclusion is not completion.
docx_goal.txt,4da8b372c8f07936c1156935114849f85c0d83957c1ecacc6a0b6462bdf3b1f0,1726,"      RMS_late,c",unverified,,Requires contextual requirement-by-requirement review; inclusion is not completion.
docx_goal.txt,4da8b372c8f07936c1156935114849f85c0d83957c1ecacc6a0b6462bdf3b1f0,1727,"      - RMS_early,c",unverified,,Requires contextual requirement-by-requirement review; inclusion is not completion.
docx_goal.txt,4da8b372c8f07936c1156935114849f85c0d83957c1ecacc6a0b6462bdf3b1f0,1729,Envelope slope：,unverified,,Requires contextual requirement-by-requirement review; inclusion is not completion.
docx_goal.txt,4da8b372c8f07936c1156935114849f85c0d83957c1ecacc6a0b6462bdf3b1f0,1731,对：,unverified,,Requires contextual requirement-by-requirement review; inclusion is not completion.
docx_goal.txt,4da8b372c8f07936c1156935114849f85c0d83957c1ecacc6a0b6462bdf3b1f0,1733,    e_c(t) ≈ a_c t + b_c,unverified,,Requires contextual requirement-by-requirement review; inclusion is not completion.
docx_goal.txt,4da8b372c8f07936c1156935114849f85c0d83957c1ecacc6a0b6462bdf3b1f0,1735,least-squares fit：,unverified,,Requires contextual requirement-by-requirement review; inclusion is not completion.
docx_goal.txt,4da8b372c8f07936c1156935114849f85c0d83957c1ecacc6a0b6462bdf3b1f0,1737,    slope_c = a_c,unverified,,Requires contextual requirement-by-requirement review; inclusion is not completion.
docx_goal.txt,4da8b372c8f07936c1156935114849f85c0d83957c1ecacc6a0b6462bdf3b1f0,1739,也可以加入：,unverified,,Requires contextual requirement-by-requirement review; inclusion is not completion.
docx_goal.txt,4da8b372c8f07936c1156935114849f85c0d83957c1ecacc6a0b6462bdf3b1f0,1741,Peak time：,unverified,,Requires contextual requirement-by-requirement review; inclusion is not completion.
docx_goal.txt,4da8b372c8f07936c1156935114849f85c0d83957c1ecacc6a0b6462bdf3b1f0,1743,"    t_peak,c =",unverified,,Requires contextual requirement-by-requirement review; inclusion is not completion.
docx_goal.txt,4da8b372c8f07936c1156935114849f85c0d83957c1ecacc6a0b6462bdf3b1f0,1744,      argmax_t e_c(t) / T,unverified,,Requires contextual requirement-by-requirement review; inclusion is not completion.
docx_goal.txt,4da8b372c8f07936c1156935114849f85c0d83957c1ecacc6a0b6462bdf3b1f0,1746,Temporal entropy：,unverified,,Requires contextual requirement-by-requirement review; inclusion is not completion.
docx_goal.txt,4da8b372c8f07936c1156935114849f85c0d83957c1ecacc6a0b6462bdf3b1f0,1748,    q_t =,unverified,,Requires contextual requirement-by-requirement review; inclusion is not completion.
docx_goal.txt,4da8b372c8f07936c1156935114849f85c0d83957c1ecacc6a0b6462bdf3b1f0,1749,      e_c(t) /,unverified,,Requires contextual requirement-by-requirement review; inclusion is not completion.
docx_goal.txt,4da8b372c8f07936c1156935114849f85c0d83957c1ecacc6a0b6462bdf3b1f0,1750,      (Σ_t e_c(t)+ε),unverified,,Requires contextual requirement-by-requirement review; inclusion is not completion.
docx_goal.txt,4da8b372c8f07936c1156935114849f85c0d83957c1ecacc6a0b6462bdf3b1f0,1752,    H_t =,unverified,,Requires contextual requirement-by-requirement review; inclusion is not completion.
docx_goal.txt,4da8b372c8f07936c1156935114849f85c0d83957c1ecacc6a0b6462bdf3b1f0,1753,      -Σ_t q_t log(q_t+ε),unverified,,Requires contextual requirement-by-requirement review; inclusion is not completion.
docx_goal.txt,4da8b372c8f07936c1156935114849f85c0d83957c1ecacc6a0b6462bdf3b1f0,1755,整体 activation trajectory：,unverified,,Requires contextual requirement-by-requirement review; inclusion is not completion.
docx_goal.txt,4da8b372c8f07936c1156935114849f85c0d83957c1ecacc6a0b6462bdf3b1f0,1757,    A(t),unverified,,Requires contextual requirement-by-requirement review; inclusion is not completion.
docx_goal.txt,4da8b372c8f07936c1156935114849f85c0d83957c1ecacc6a0b6462bdf3b1f0,1758,      =,unverified,,Requires contextual requirement-by-requirement review; inclusion is not completion.
docx_goal.txt,4da8b372c8f07936c1156935114849f85c0d83957c1ecacc6a0b6462bdf3b1f0,1759,      sqrt(,unverified,,Requires contextual requirement-by-requirement review; inclusion is not completion.
docx_goal.txt,4da8b372c8f07936c1156935114849f85c0d83957c1ecacc6a0b6462bdf3b1f0,1760,        mean_c e_c(t)^2,unverified,,Requires contextual requirement-by-requirement review; inclusion is not completion.
docx_goal.txt,4da8b372c8f07936c1156935114849f85c0d83957c1ecacc6a0b6462bdf3b1f0,1761,      ),unverified,,Requires contextual requirement-by-requirement review; inclusion is not completion.
docx_goal.txt,4da8b372c8f07936c1156935114849f85c0d83957c1ecacc6a0b6462bdf3b1f0,1763,Spatial recruitment trajectory：,unverified,,Requires contextual requirement-by-requirement review; inclusion is not completion.
docx_goal.txt,4da8b372c8f07936c1156935114849f85c0d83957c1ecacc6a0b6462bdf3b1f0,1765,    p_c(t),unverified,,Requires contextual requirement-by-requirement review; inclusion is not completion.
docx_goal.txt,4da8b372c8f07936c1156935114849f85c0d83957c1ecacc6a0b6462bdf3b1f0,1766,      =,unverified,,Requires contextual requirement-by-requirement review; inclusion is not completion.
docx_goal.txt,4da8b372c8f07936c1156935114849f85c0d83957c1ecacc6a0b6462bdf3b1f0,1767,      e_c(t) /,unverified,,Requires contextual requirement-by-requirement review; inclusion is not completion.
docx_goal.txt,4da8b372c8f07936c1156935114849f85c0d83957c1ecacc6a0b6462bdf3b1f0,1768,      (Σ_j e_j(t)+ε),unverified,,Requires contextual requirement-by-requirement review; inclusion is not completion.
docx_goal.txt,4da8b372c8f07936c1156935114849f85c0d83957c1ecacc6a0b6462bdf3b1f0,1770,加入：,unverified,,Requires contextual requirement-by-requirement review; inclusion is not completion.
docx_goal.txt,4da8b372c8f07936c1156935114849f85c0d83957c1ecacc6a0b6462bdf3b1f0,1772,    mean_t ||p(t)-p(t-1)||_2,unverified,,Requires contextual requirement-by-requirement review; inclusion is not completion.
docx_goal.txt,4da8b372c8f07936c1156935114849f85c0d83957c1ecacc6a0b6462bdf3b1f0,1774,作为 spatial-map velocity。,unverified,,Requires contextual requirement-by-requirement review; inclusion is not completion.
docx_goal.txt,4da8b372c8f07936c1156935114849f85c0d83957c1ecacc6a0b6462bdf3b1f0,1776,====================,unverified,,Requires contextual requirement-by-requirement review; inclusion is not completion.
docx_goal.txt,4da8b372c8f07936c1156935114849f85c0d83957c1ecacc6a0b6462bdf3b1f0,1777,F5b. DTW / template distance,unverified,,Requires contextual requirement-by-requirement review; inclusion is not completion.
docx_goal.txt,4da8b372c8f07936c1156935114849f85c0d83957c1ecacc6a0b6462bdf3b1f0,1778,====================,unverified,,Requires contextual requirement-by-requirement review; inclusion is not completion.
docx_goal.txt,4da8b372c8f07936c1156935114849f85c0d83957c1ecacc6a0b6462bdf3b1f0,1780,用于 personal calibration / temporal template。,unverified,,Requires contextual requirement-by-requirement review; inclusion is not completion.
docx_goal.txt,4da8b372c8f07936c1156935114849f85c0d83957c1ecacc6a0b6462bdf3b1f0,1782,建议先形成 per-timepoint scale-normalized vector：,unverified,,Requires contextual requirement-by-requirement review; inclusion is not completion.
docx_goal.txt,4da8b372c8f07936c1156935114849f85c0d83957c1ecacc6a0b6462bdf3b1f0,1784,    z(t),unverified,,Requires contextual requirement-by-requirement review; inclusion is not completion.
docx_goal.txt,4da8b372c8f07936c1156935114849f85c0d83957c1ecacc6a0b6462bdf3b1f0,1785,      =,unverified,,Requires contextual requirement-by-requirement review; inclusion is not completion.
docx_goal.txt,4da8b372c8f07936c1156935114849f85c0d83957c1ecacc6a0b6462bdf3b1f0,1786,      e(t) /,unverified,,Requires contextual requirement-by-requirement review; inclusion is not completion.
docx_goal.txt,4da8b372c8f07936c1156935114849f85c0d83957c1ecacc6a0b6462bdf3b1f0,1787,      (||e(t)||_2 + ε),unverified,,Requires contextual requirement-by-requirement review; inclusion is not completion.
docx_goal.txt,4da8b372c8f07936c1156935114849f85c0d83957c1ecacc6a0b6462bdf3b1f0,1789,对 calibration 中每个 gesture h，,unverified,,Requires contextual requirement-by-requirement review; inclusion is not completion.
docx_goal.txt,4da8b372c8f07936c1156935114849f85c0d83957c1ecacc6a0b6462bdf3b1f0,1790,建立一个或多个 temporal template：,unverified,,Requires contextual requirement-by-requirement review; inclusion is not completion.
docx_goal.txt,4da8b372c8f07936c1156935114849f85c0d83957c1ecacc6a0b6462bdf3b1f0,1792,"    T_{u,h}(t)",unverified,,Requires contextual requirement-by-requirement review; inclusion is not completion.
docx_goal.txt,4da8b372c8f07936c1156935114849f85c0d83957c1ecacc6a0b6462bdf3b1f0,1794,可使用：,unverified,,Requires contextual requirement-by-requirement review; inclusion is not completion.
docx_goal.txt,4da8b372c8f07936c1156935114849f85c0d83957c1ecacc6a0b6462bdf3b1f0,1795,- medoid trial；,unverified,,Requires contextual requirement-by-requirement review; inclusion is not completion.
docx_goal.txt,4da8b372c8f07936c1156935114849f85c0d83957c1ecacc6a0b6462bdf3b1f0,1796,- DTW barycenter average；,unverified,,Requires contextual requirement-by-requirement review; inclusion is not completion.
docx_goal.txt,4da8b372c8f07936c1156935114849f85c0d83957c1ecacc6a0b6462bdf3b1f0,1797,初版优先 medoid，简单可审计。,unverified,,Requires contextual requirement-by-requirement review; inclusion is not completion.
docx_goal.txt,4da8b372c8f07936c1156935114849f85c0d83957c1ecacc6a0b6462bdf3b1f0,1799,对新 trial/window：,unverified,,Requires contextual requirement-by-requirement review; inclusion is not completion.
docx_goal.txt,4da8b372c8f07936c1156935114849f85c0d83957c1ecacc6a0b6462bdf3b1f0,1801,    d_DTW(h),unverified,,Requires contextual requirement-by-requirement review; inclusion is not completion.
docx_goal.txt,4da8b372c8f07936c1156935114849f85c0d83957c1ecacc6a0b6462bdf3b1f0,1802,      =,unverified,,Requires contextual requirement-by-requirement review; inclusion is not completion.
docx_goal.txt,4da8b372c8f07936c1156935114849f85c0d83957c1ecacc6a0b6462bdf3b1f0,1803,      DTW(,unverified,,Requires contextual requirement-by-requirement review; inclusion is not completion.
docx_goal.txt,4da8b372c8f07936c1156935114849f85c0d83957c1ecacc6a0b6462bdf3b1f0,1804,"        z(t),",unverified,,Requires contextual requirement-by-requirement review; inclusion is not completion.
docx_goal.txt,4da8b372c8f07936c1156935114849f85c0d83957c1ecacc6a0b6462bdf3b1f0,1805,"        T_{u,h}(t)",unverified,,Requires contextual requirement-by-requirement review; inclusion is not completion.
docx_goal.txt,4da8b372c8f07936c1156935114849f85c0d83957c1ecacc6a0b6462bdf3b1f0,1806,      ),unverified,,Requires contextual requirement-by-requirement review; inclusion is not completion.
docx_goal.txt,4da8b372c8f07936c1156935114849f85c0d83957c1ecacc6a0b6462bdf3b1f0,1808,使用：,unverified,,Requires contextual requirement-by-requirement review; inclusion is not completion.
docx_goal.txt,4da8b372c8f07936c1156935114849f85c0d83957c1ecacc6a0b6462bdf3b1f0,1809,- Euclidean local cost；,unverified,,Requires contextual requirement-by-requirement review; inclusion is not completion.
docx_goal.txt,4da8b372c8f07936c1156935114849f85c0d83957c1ecacc6a0b6462bdf3b1f0,1810,- Sakoe-Chiba band 限制 warp；,unverified,,Requires contextual requirement-by-requirement review; inclusion is not completion.
docx_goal.txt,4da8b372c8f07936c1156935114849f85c0d83957c1ecacc6a0b6462bdf3b1f0,1811,- distance 除以 path length。,unverified,,Requires contextual requirement-by-requirement review; inclusion is not completion.
docx_goal.txt,4da8b372c8f07936c1156935114849f85c0d83957c1ecacc6a0b6462bdf3b1f0,1813,输出：,unverified,,Requires contextual requirement-by-requirement review; inclusion is not completion.
docx_goal.txt,4da8b372c8f07936c1156935114849f85c0d83957c1ecacc6a0b6462bdf3b1f0,1815,    [,unverified,,Requires contextual requirement-by-requirement review; inclusion is not completion.
docx_goal.txt,4da8b372c8f07936c1156935114849f85c0d83957c1ecacc6a0b6462bdf3b1f0,1816,"      d_DTW(Neutral),",unverified,,Requires contextual requirement-by-requirement review; inclusion is not completion.
docx_goal.txt,4da8b372c8f07936c1156935114849f85c0d83957c1ecacc6a0b6462bdf3b1f0,1817,"      d_DTW(Pinch),",unverified,,Requires contextual requirement-by-requirement review; inclusion is not completion.
docx_goal.txt,4da8b372c8f07936c1156935114849f85c0d83957c1ecacc6a0b6462bdf3b1f0,1818,"      d_DTW(Fist),",unverified,,Requires contextual requirement-by-requirement review; inclusion is not completion.
docx_goal.txt,4da8b372c8f07936c1156935114849f85c0d83957c1ecacc6a0b6462bdf3b1f0,1819,      d_DTW(Open),unverified,,Requires contextual requirement-by-requirement review; inclusion is not completion.
docx_goal.txt,4da8b372c8f07936c1156935114849f85c0d83957c1ecacc6a0b6462bdf3b1f0,1820,    ],unverified,,Requires contextual requirement-by-requirement review; inclusion is not completion.
docx_goal.txt,4da8b372c8f07936c1156935114849f85c0d83957c1ecacc6a0b6462bdf3b1f0,1822,如果没有完整动作序列而只有短 window，,unverified,,Requires contextual requirement-by-requirement review; inclusion is not completion.
docx_goal.txt,4da8b372c8f07936c1156935114849f85c0d83957c1ecacc6a0b6462bdf3b1f0,1823,不要强行使用 DTW。,unverified,,Requires contextual requirement-by-requirement review; inclusion is not completion.
docx_goal.txt,4da8b372c8f07936c1156935114849f85c0d83957c1ecacc6a0b6462bdf3b1f0,1825,====================,unverified,,Requires contextual requirement-by-requirement review; inclusion is not completion.
docx_goal.txt,4da8b372c8f07936c1156935114849f85c0d83957c1ecacc6a0b6462bdf3b1f0,1826,F5c. Low-order path signature（可选）,unverified,,Requires contextual requirement-by-requirement review; inclusion is not completion.
docx_goal.txt,4da8b372c8f07936c1156935114849f85c0d83957c1ecacc6a0b6462bdf3b1f0,1827,====================,unverified,,Requires contextual requirement-by-requirement review; inclusion is not completion.
docx_goal.txt,4da8b372c8f07936c1156935114849f85c0d83957c1ecacc6a0b6462bdf3b1f0,1829,只在数据和依赖允许时实现。,unverified,,Requires contextual requirement-by-requirement review; inclusion is not completion.
docx_goal.txt,4da8b372c8f07936c1156935114849f85c0d83957c1ecacc6a0b6462bdf3b1f0,1831,输入 path：,unverified,,Requires contextual requirement-by-requirement review; inclusion is not completion.
docx_goal.txt,4da8b372c8f07936c1156935114849f85c0d83957c1ecacc6a0b6462bdf3b1f0,1833,    z(t),unverified,,Requires contextual requirement-by-requirement review; inclusion is not completion.
docx_goal.txt,4da8b372c8f07936c1156935114849f85c0d83957c1ecacc6a0b6462bdf3b1f0,1834,      =,unverified,,Requires contextual requirement-by-requirement review; inclusion is not completion.
docx_goal.txt,4da8b372c8f07936c1156935114849f85c0d83957c1ecacc6a0b6462bdf3b1f0,1835,      scale-normalized multichannel envelope,unverified,,Requires contextual requirement-by-requirement review; inclusion is not completion.
docx_goal.txt,4da8b372c8f07936c1156935114849f85c0d83957c1ecacc6a0b6462bdf3b1f0,1837,不要加入 absolute time channel，,unverified,,Requires contextual requirement-by-requirement review; inclusion is not completion.
docx_goal.txt,4da8b372c8f07936c1156935114849f85c0d83957c1ecacc6a0b6462bdf3b1f0,1838,否则会削弱 speed/reparameterization robustness。,unverified,,Requires contextual requirement-by-requirement review; inclusion is not completion.
docx_goal.txt,4da8b372c8f07936c1156935114849f85c0d83957c1ecacc6a0b6462bdf3b1f0,1840,先中心化：,unverified,,Requires contextual requirement-by-requirement review; inclusion is not completion.
docx_goal.txt,4da8b372c8f07936c1156935114849f85c0d83957c1ecacc6a0b6462bdf3b1f0,1842,    z(t) - z(t0),unverified,,Requires contextual requirement-by-requirement review; inclusion is not completion.
docx_goal.txt,4da8b372c8f07936c1156935114849f85c0d83957c1ecacc6a0b6462bdf3b1f0,1844,只计算低阶：,unverified,,Requires contextual requirement-by-requirement review; inclusion is not completion.
docx_goal.txt,4da8b372c8f07936c1156935114849f85c0d83957c1ecacc6a0b6462bdf3b1f0,1845,- level 1,unverified,,Requires contextual requirement-by-requirement review; inclusion is not completion.
docx_goal.txt,4da8b372c8f07936c1156935114849f85c0d83957c1ecacc6a0b6462bdf3b1f0,1846,- level 2,unverified,,Requires contextual requirement-by-requirement review; inclusion is not completion.
docx_goal.txt,4da8b372c8f07936c1156935114849f85c0d83957c1ecacc6a0b6462bdf3b1f0,1848,若使用 library：,unverified,,Requires contextual requirement-by-requirement review; inclusion is not completion.
docx_goal.txt,4da8b372c8f07936c1156935114849f85c0d83957c1ecacc6a0b6462bdf3b1f0,1849,优先 log-signature / signature order=2。,unverified,,Requires contextual requirement-by-requirement review; inclusion is not completion.
docx_goal.txt,4da8b372c8f07936c1156935114849f85c0d83957c1ecacc6a0b6462bdf3b1f0,1851,不要上高阶造成维度爆炸。,unverified,,Requires contextual requirement-by-requirement review; inclusion is not completion.
docx_goal.txt,4da8b372c8f07936c1156935114849f85c0d83957c1ecacc6a0b6462bdf3b1f0,1853,把：,unverified,,Requires contextual requirement-by-requirement review; inclusion is not completion.
docx_goal.txt,4da8b372c8f07936c1156935114849f85c0d83957c1ecacc6a0b6462bdf3b1f0,1855,    Signature_1,unverified,,Requires contextual requirement-by-requirement review; inclusion is not completion.
docx_goal.txt,4da8b372c8f07936c1156935114849f85c0d83957c1ecacc6a0b6462bdf3b1f0,1856,    Signature_2,unverified,,Requires contextual requirement-by-requirement review; inclusion is not completion.
docx_goal.txt,4da8b372c8f07936c1156935114849f85c0d83957c1ecacc6a0b6462bdf3b1f0,1858,作为 temporal-shape representation。,unverified,,Requires contextual requirement-by-requirement review; inclusion is not completion.
docx_goal.txt,4da8b372c8f07936c1156935114849f85c0d83957c1ecacc6a0b6462bdf3b1f0,1860,==================================================,unverified,,Requires contextual requirement-by-requirement review; inclusion is not completion.
docx_goal.txt,4da8b372c8f07936c1156935114849f85c0d83957c1ecacc6a0b6462bdf3b1f0,1861,F6. Body Context / IMU,unverified,,Requires contextual requirement-by-requirement review; inclusion is not completion.
docx_goal.txt,4da8b372c8f07936c1156935114849f85c0d83957c1ecacc6a0b6462bdf3b1f0,1862,==================================================,unverified,,Requires contextual requirement-by-requirement review; inclusion is not completion.
docx_goal.txt,4da8b372c8f07936c1156935114849f85c0d83957c1ecacc6a0b6462bdf3b1f0,1864,只有 dataset 真有 IMU 或可靠 posture 信息时启用。,unverified,,Requires contextual requirement-by-requirement review; inclusion is not completion.
docx_goal.txt,4da8b372c8f07936c1156935114849f85c0d83957c1ecacc6a0b6462bdf3b1f0,1866,====================,unverified,,Requires contextual requirement-by-requirement review; inclusion is not completion.
docx_goal.txt,4da8b372c8f07936c1156935114849f85c0d83957c1ecacc6a0b6462bdf3b1f0,1867,F6a. IMU body-frame context,unverified,,Requires contextual requirement-by-requirement review; inclusion is not completion.
docx_goal.txt,4da8b372c8f07936c1156935114849f85c0d83957c1ecacc6a0b6462bdf3b1f0,1868,====================,unverified,,Requires contextual requirement-by-requirement review; inclusion is not completion.
docx_goal.txt,4da8b372c8f07936c1156935114849f85c0d83957c1ecacc6a0b6462bdf3b1f0,1870,输入：,unverified,,Requires contextual requirement-by-requirement review; inclusion is not completion.
docx_goal.txt,4da8b372c8f07936c1156935114849f85c0d83957c1ecacc6a0b6462bdf3b1f0,1872,    accel(t) ∈ R^3,unverified,,Requires contextual requirement-by-requirement review; inclusion is not completion.
docx_goal.txt,4da8b372c8f07936c1156935114849f85c0d83957c1ecacc6a0b6462bdf3b1f0,1873,    gyro(t) ∈ R^3,unverified,,Requires contextual requirement-by-requirement review; inclusion is not completion.
docx_goal.txt,4da8b372c8f07936c1156935114849f85c0d83957c1ecacc6a0b6462bdf3b1f0,1875,使用 calibration 建立 body frame，,unverified,,Requires contextual requirement-by-requirement review; inclusion is not completion.
docx_goal.txt,4da8b372c8f07936c1156935114849f85c0d83957c1ecacc6a0b6462bdf3b1f0,1876,不要直接依赖设备 XYZ。,unverified,,Requires contextual requirement-by-requirement review; inclusion is not completion.
docx_goal.txt,4da8b372c8f07936c1156935114849f85c0d83957c1ecacc6a0b6462bdf3b1f0,1878,基本 feature：,unverified,,Requires contextual requirement-by-requirement review; inclusion is not completion.
docx_goal.txt,4da8b372c8f07936c1156935114849f85c0d83957c1ecacc6a0b6462bdf3b1f0,1880,Acceleration magnitude：,unverified,,Requires contextual requirement-by-requirement review; inclusion is not completion.
docx_goal.txt,4da8b372c8f07936c1156935114849f85c0d83957c1ecacc6a0b6462bdf3b1f0,1882,    a_mag(t)=||a(t)||_2,unverified,,Requires contextual requirement-by-requirement review; inclusion is not completion.
docx_goal.txt,4da8b372c8f07936c1156935114849f85c0d83957c1ecacc6a0b6462bdf3b1f0,1884,Gyro magnitude：,unverified,,Requires contextual requirement-by-requirement review; inclusion is not completion.
docx_goal.txt,4da8b372c8f07936c1156935114849f85c0d83957c1ecacc6a0b6462bdf3b1f0,1886,    g_mag(t)=||ω(t)||_2,unverified,,Requires contextual requirement-by-requirement review; inclusion is not completion.
docx_goal.txt,4da8b372c8f07936c1156935114849f85c0d83957c1ecacc6a0b6462bdf3b1f0,1888,分别计算：,unverified,,Requires contextual requirement-by-requirement review; inclusion is not completion.
docx_goal.txt,4da8b372c8f07936c1156935114849f85c0d83957c1ecacc6a0b6462bdf3b1f0,1890,    mean,unverified,,Requires contextual requirement-by-requirement review; inclusion is not completion.
docx_goal.txt,4da8b372c8f07936c1156935114849f85c0d83957c1ecacc6a0b6462bdf3b1f0,1891,    std,unverified,,Requires contextual requirement-by-requirement review; inclusion is not completion.
docx_goal.txt,4da8b372c8f07936c1156935114849f85c0d83957c1ecacc6a0b6462bdf3b1f0,1892,    RMS,unverified,,Requires contextual requirement-by-requirement review; inclusion is not completion.
docx_goal.txt,4da8b372c8f07936c1156935114849f85c0d83957c1ecacc6a0b6462bdf3b1f0,1893,    max,unverified,,Requires contextual requirement-by-requirement review; inclusion is not completion.
docx_goal.txt,4da8b372c8f07936c1156935114849f85c0d83957c1ecacc6a0b6462bdf3b1f0,1894,    range,unverified,,Requires contextual requirement-by-requirement review; inclusion is not completion.
docx_goal.txt,4da8b372c8f07936c1156935114849f85c0d83957c1ecacc6a0b6462bdf3b1f0,1896,重力方向：,unverified,,Requires contextual requirement-by-requirement review; inclusion is not completion.
docx_goal.txt,4da8b372c8f07936c1156935114849f85c0d83957c1ecacc6a0b6462bdf3b1f0,1898,低通 accel 得：,unverified,,Requires contextual requirement-by-requirement review; inclusion is not completion.
docx_goal.txt,4da8b372c8f07936c1156935114849f85c0d83957c1ecacc6a0b6462bdf3b1f0,1900,    g_hat =,unverified,,Requires contextual requirement-by-requirement review; inclusion is not completion.
docx_goal.txt,4da8b372c8f07936c1156935114849f85c0d83957c1ecacc6a0b6462bdf3b1f0,1901,      mean_lowpass(a) /,unverified,,Requires contextual requirement-by-requirement review; inclusion is not completion.
docx_goal.txt,4da8b372c8f07936c1156935114849f85c0d83957c1ecacc6a0b6462bdf3b1f0,1902,      ||mean_lowpass(a)||,unverified,,Requires contextual requirement-by-requirement review; inclusion is not completion.
docx_goal.txt,4da8b372c8f07936c1156935114849f85c0d83957c1ecacc6a0b6462bdf3b1f0,1904,可得到 relative pitch/roll 或 orientation vector。,unverified,,Requires contextual requirement-by-requirement review; inclusion is not completion.
docx_goal.txt,4da8b372c8f07936c1156935114849f85c0d83957c1ecacc6a0b6462bdf3b1f0,1906,注意：,unverified,,Requires contextual requirement-by-requirement review; inclusion is not completion.
docx_goal.txt,4da8b372c8f07936c1156935114849f85c0d83957c1ecacc6a0b6462bdf3b1f0,1907,没有 magnetometer 时，,unverified,,Requires contextual requirement-by-requirement review; inclusion is not completion.
docx_goal.txt,4da8b372c8f07936c1156935114849f85c0d83957c1ecacc6a0b6462bdf3b1f0,1908,不要宣称获得稳定 absolute yaw。,unverified,,Requires contextual requirement-by-requirement review; inclusion is not completion.
docx_goal.txt,4da8b372c8f07936c1156935114849f85c0d83957c1ecacc6a0b6462bdf3b1f0,1910,Movement intensity：,unverified,,Requires contextual requirement-by-requirement review; inclusion is not completion.
docx_goal.txt,4da8b372c8f07936c1156935114849f85c0d83957c1ecacc6a0b6462bdf3b1f0,1912,    M_acc =,unverified,,Requires contextual requirement-by-requirement review; inclusion is not completion.
docx_goal.txt,4da8b372c8f07936c1156935114849f85c0d83957c1ecacc6a0b6462bdf3b1f0,1913,      RMS(,unverified,,Requires contextual requirement-by-requirement review; inclusion is not completion.
docx_goal.txt,4da8b372c8f07936c1156935114849f85c0d83957c1ecacc6a0b6462bdf3b1f0,1914,        a_linear(t),unverified,,Requires contextual requirement-by-requirement review; inclusion is not completion.
docx_goal.txt,4da8b372c8f07936c1156935114849f85c0d83957c1ecacc6a0b6462bdf3b1f0,1915,      ),unverified,,Requires contextual requirement-by-requirement review; inclusion is not completion.
docx_goal.txt,4da8b372c8f07936c1156935114849f85c0d83957c1ecacc6a0b6462bdf3b1f0,1917,    M_gyro =,unverified,,Requires contextual requirement-by-requirement review; inclusion is not completion.
docx_goal.txt,4da8b372c8f07936c1156935114849f85c0d83957c1ecacc6a0b6462bdf3b1f0,1918,      RMS(,unverified,,Requires contextual requirement-by-requirement review; inclusion is not completion.
docx_goal.txt,4da8b372c8f07936c1156935114849f85c0d83957c1ecacc6a0b6462bdf3b1f0,1919,        ω(t),unverified,,Requires contextual requirement-by-requirement review; inclusion is not completion.
docx_goal.txt,4da8b372c8f07936c1156935114849f85c0d83957c1ecacc6a0b6462bdf3b1f0,1920,      ),unverified,,Requires contextual requirement-by-requirement review; inclusion is not completion.
docx_goal.txt,4da8b372c8f07936c1156935114849f85c0d83957c1ecacc6a0b6462bdf3b1f0,1922,====================,unverified,,Requires contextual requirement-by-requirement review; inclusion is not completion.
docx_goal.txt,4da8b372c8f07936c1156935114849f85c0d83957c1ecacc6a0b6462bdf3b1f0,1923,F6b. Public dataset posture context,unverified,,Requires contextual requirement-by-requirement review; inclusion is not completion.
docx_goal.txt,4da8b372c8f07936c1156935114849f85c0d83957c1ecacc6a0b6462bdf3b1f0,1924,====================,unverified,,Requires contextual requirement-by-requirement review; inclusion is not completion.
docx_goal.txt,4da8b372c8f07936c1156935114849f85c0d83957c1ecacc6a0b6462bdf3b1f0,1926,如果 dataset 提供 posture label：,unverified,,Requires contextual requirement-by-requirement review; inclusion is not completion.
docx_goal.txt,4da8b372c8f07936c1156935114849f85c0d83957c1ecacc6a0b6462bdf3b1f0,1928,可以 one-hot posture：,unverified,,Requires contextual requirement-by-requirement review; inclusion is not completion.
docx_goal.txt,4da8b372c8f07936c1156935114849f85c0d83957c1ecacc6a0b6462bdf3b1f0,1930,    q_pose,unverified,,Requires contextual requirement-by-requirement review; inclusion is not completion.
docx_goal.txt,4da8b372c8f07936c1156935114849f85c0d83957c1ecacc6a0b6462bdf3b1f0,1932,用于：,unverified,,Requires contextual requirement-by-requirement review; inclusion is not completion.
docx_goal.txt,4da8b372c8f07936c1156935114849f85c0d83957c1ecacc6a0b6462bdf3b1f0,1934,    H <- EMG + posture,unverified,,Requires contextual requirement-by-requirement review; inclusion is not completion.
docx_goal.txt,4da8b372c8f07936c1156935114849f85c0d83957c1ecacc6a0b6462bdf3b1f0,1936,但必须明确：,unverified,,Requires contextual requirement-by-requirement review; inclusion is not completion.
docx_goal.txt,4da8b372c8f07936c1156935114849f85c0d83957c1ecacc6a0b6462bdf3b1f0,1937,这是 oracle/context benchmark，,unverified,,Requires contextual requirement-by-requirement review; inclusion is not completion.
docx_goal.txt,4da8b372c8f07936c1156935114849f85c0d83957c1ecacc6a0b6462bdf3b1f0,1938,不是现实系统输出。,unverified,,Requires contextual requirement-by-requirement review; inclusion is not completion.
docx_goal.txt,4da8b372c8f07936c1156935114849f85c0d83957c1ecacc6a0b6462bdf3b1f0,1940,==================================================,unverified,,Requires contextual requirement-by-requirement review; inclusion is not completion.
docx_goal.txt,4da8b372c8f07936c1156935114849f85c0d83957c1ecacc6a0b6462bdf3b1f0,1941,F7. Personal Anchor Coordinates,unverified,,Requires contextual requirement-by-requirement review; inclusion is not completion.
docx_goal.txt,4da8b372c8f07936c1156935114849f85c0d83957c1ecacc6a0b6462bdf3b1f0,1942,==================================================,unverified,,Requires contextual requirement-by-requirement review; inclusion is not completion.
docx_goal.txt,4da8b372c8f07936c1156935114849f85c0d83957c1ecacc6a0b6462bdf3b1f0,1944,这是 Personal Calibration 核心 feature。,unverified,,Requires contextual requirement-by-requirement review; inclusion is not completion.
docx_goal.txt,4da8b372c8f07936c1156935114849f85c0d83957c1ecacc6a0b6462bdf3b1f0,1946,对每个 user u、feature family k、gesture h：,unverified,,Requires contextual requirement-by-requirement review; inclusion is not completion.
docx_goal.txt,4da8b372c8f07936c1156935114849f85c0d83957c1ecacc6a0b6462bdf3b1f0,1948,从 calibration samples：,unverified,,Requires contextual requirement-by-requirement review; inclusion is not completion.
docx_goal.txt,4da8b372c8f07936c1156935114849f85c0d83957c1ecacc6a0b6462bdf3b1f0,1950,"    z_{u,h,k}^{(1...N)}",unverified,,Requires contextual requirement-by-requirement review; inclusion is not completion.
docx_goal.txt,4da8b372c8f07936c1156935114849f85c0d83957c1ecacc6a0b6462bdf3b1f0,1952,建立 prototype。,unverified,,Requires contextual requirement-by-requirement review; inclusion is not completion.
docx_goal.txt,4da8b372c8f07936c1156935114849f85c0d83957c1ecacc6a0b6462bdf3b1f0,1954,默认：,unverified,,Requires contextual requirement-by-requirement review; inclusion is not completion.
docx_goal.txt,4da8b372c8f07936c1156935114849f85c0d83957c1ecacc6a0b6462bdf3b1f0,1956,"    μ_{u,h,k}",unverified,,Requires contextual requirement-by-requirement review; inclusion is not completion.
docx_goal.txt,4da8b372c8f07936c1156935114849f85c0d83957c1ecacc6a0b6462bdf3b1f0,1957,      =,unverified,,Requires contextual requirement-by-requirement review; inclusion is not completion.
docx_goal.txt,4da8b372c8f07936c1156935114849f85c0d83957c1ecacc6a0b6462bdf3b1f0,1958,"      mean_n z_{u,h,k}^{(n)}",unverified,,Requires contextual requirement-by-requirement review; inclusion is not completion.
docx_goal.txt,4da8b372c8f07936c1156935114849f85c0d83957c1ecacc6a0b6462bdf3b1f0,1960,对 outlier 明显的 family，,unverified,,Requires contextual requirement-by-requirement review; inclusion is not completion.
docx_goal.txt,4da8b372c8f07936c1156935114849f85c0d83957c1ecacc6a0b6462bdf3b1f0,1961,也可使用 coordinate-wise median / medoid。,unverified,,Requires contextual requirement-by-requirement review; inclusion is not completion.
docx_goal.txt,4da8b372c8f07936c1156935114849f85c0d83957c1ecacc6a0b6462bdf3b1f0,1963,严禁使用 test sample 更新。,unverified,,Requires contextual requirement-by-requirement review; inclusion is not completion.
docx_goal.txt,4da8b372c8f07936c1156935114849f85c0d83957c1ecacc6a0b6462bdf3b1f0,1965,对新样本 z_k：,unverified,,Requires contextual requirement-by-requirement review; inclusion is not completion.
docx_goal.txt,4da8b372c8f07936c1156935114849f85c0d83957c1ecacc6a0b6462bdf3b1f0,1967,====================,unverified,,Requires contextual requirement-by-requirement review; inclusion is not completion.
docx_goal.txt,4da8b372c8f07936c1156935114849f85c0d83957c1ecacc6a0b6462bdf3b1f0,1968,普通 Euclidean family,unverified,,Requires contextual requirement-by-requirement review; inclusion is not completion.
docx_goal.txt,4da8b372c8f07936c1156935114849f85c0d83957c1ecacc6a0b6462bdf3b1f0,1969,====================,unverified,,Requires contextual requirement-by-requirement review; inclusion is not completion.
docx_goal.txt,4da8b372c8f07936c1156935114849f85c0d83957c1ecacc6a0b6462bdf3b1f0,1971,    d_h =,unverified,,Requires contextual requirement-by-requirement review; inclusion is not completion.
docx_goal.txt,4da8b372c8f07936c1156935114849f85c0d83957c1ecacc6a0b6462bdf3b1f0,1972,"      || z_k - μ_{u,h,k} ||_2",unverified,,Requires contextual requirement-by-requirement review; inclusion is not completion.
docx_goal.txt,4da8b372c8f07936c1156935114849f85c0d83957c1ecacc6a0b6462bdf3b1f0,1974,====================,unverified,,Requires contextual requirement-by-requirement review; inclusion is not completion.
docx_goal.txt,4da8b372c8f07936c1156935114849f85c0d83957c1ecacc6a0b6462bdf3b1f0,1975,Standardized Euclidean,unverified,,Requires contextual requirement-by-requirement review; inclusion is not completion.
docx_goal.txt,4da8b372c8f07936c1156935114849f85c0d83957c1ecacc6a0b6462bdf3b1f0,1976,====================,unverified,,Requires contextual requirement-by-requirement review; inclusion is not completion.
docx_goal.txt,4da8b372c8f07936c1156935114849f85c0d83957c1ecacc6a0b6462bdf3b1f0,1978,若 training/calibration 得到尺度 σ_j：,unverified,,Requires contextual requirement-by-requirement review; inclusion is not completion.
docx_goal.txt,4da8b372c8f07936c1156935114849f85c0d83957c1ecacc6a0b6462bdf3b1f0,1980,    d_h^2 =,unverified,,Requires contextual requirement-by-requirement review; inclusion is not completion.
docx_goal.txt,4da8b372c8f07936c1156935114849f85c0d83957c1ecacc6a0b6462bdf3b1f0,1981,      Σ_j,unverified,,Requires contextual requirement-by-requirement review; inclusion is not completion.
docx_goal.txt,4da8b372c8f07936c1156935114849f85c0d83957c1ecacc6a0b6462bdf3b1f0,1982,"      ((z_j-μ_{h,j})/(σ_j+ε))^2",unverified,,Requires contextual requirement-by-requirement review; inclusion is not completion.
docx_goal.txt,4da8b372c8f07936c1156935114849f85c0d83957c1ecacc6a0b6462bdf3b1f0,1984,====================,unverified,,Requires contextual requirement-by-requirement review; inclusion is not completion.
docx_goal.txt,4da8b372c8f07936c1156935114849f85c0d83957c1ecacc6a0b6462bdf3b1f0,1985,Cosine,unverified,,Requires contextual requirement-by-requirement review; inclusion is not completion.
docx_goal.txt,4da8b372c8f07936c1156935114849f85c0d83957c1ecacc6a0b6462bdf3b1f0,1986,====================,unverified,,Requires contextual requirement-by-requirement review; inclusion is not completion.
docx_goal.txt,4da8b372c8f07936c1156935114849f85c0d83957c1ecacc6a0b6462bdf3b1f0,1988,    s_h =,unverified,,Requires contextual requirement-by-requirement review; inclusion is not completion.
docx_goal.txt,4da8b372c8f07936c1156935114849f85c0d83957c1ecacc6a0b6462bdf3b1f0,1989,      z·μ_h /,unverified,,Requires contextual requirement-by-requirement review; inclusion is not completion.
docx_goal.txt,4da8b372c8f07936c1156935114849f85c0d83957c1ecacc6a0b6462bdf3b1f0,1990,      (||z|| ||μ_h|| + ε),unverified,,Requires contextual requirement-by-requirement review; inclusion is not completion.
docx_goal.txt,4da8b372c8f07936c1156935114849f85c0d83957c1ecacc6a0b6462bdf3b1f0,1992,====================,unverified,,Requires contextual requirement-by-requirement review; inclusion is not completion.
docx_goal.txt,4da8b372c8f07936c1156935114849f85c0d83957c1ecacc6a0b6462bdf3b1f0,1993,Shrinkage Mahalanobis（样本足够时）,unverified,,Requires contextual requirement-by-requirement review; inclusion is not completion.
docx_goal.txt,4da8b372c8f07936c1156935114849f85c0d83957c1ecacc6a0b6462bdf3b1f0,1994,====================,unverified,,Requires contextual requirement-by-requirement review; inclusion is not completion.
docx_goal.txt,4da8b372c8f07936c1156935114849f85c0d83957c1ecacc6a0b6462bdf3b1f0,1996,    d_h^2 =,unverified,,Requires contextual requirement-by-requirement review; inclusion is not completion.
docx_goal.txt,4da8b372c8f07936c1156935114849f85c0d83957c1ecacc6a0b6462bdf3b1f0,1997,      (z-μ_h)^T,unverified,,Requires contextual requirement-by-requirement review; inclusion is not completion.
docx_goal.txt,4da8b372c8f07936c1156935114849f85c0d83957c1ecacc6a0b6462bdf3b1f0,1998,      Σ_h^{-1},unverified,,Requires contextual requirement-by-requirement review; inclusion is not completion.
docx_goal.txt,4da8b372c8f07936c1156935114849f85c0d83957c1ecacc6a0b6462bdf3b1f0,1999,      (z-μ_h),unverified,,Requires contextual requirement-by-requirement review; inclusion is not completion.
docx_goal.txt,4da8b372c8f07936c1156935114849f85c0d83957c1ecacc6a0b6462bdf3b1f0,2001,Σ_h 必须 shrink，,unverified,,Requires contextual requirement-by-requirement review; inclusion is not completion.
docx_goal.txt,4da8b372c8f07936c1156935114849f85c0d83957c1ecacc6a0b6462bdf3b1f0,2002,样本太少时禁止使用 full covariance。,unverified,,Requires contextual requirement-by-requirement review; inclusion is not completion.
docx_goal.txt,4da8b372c8f07936c1156935114849f85c0d83957c1ecacc6a0b6462bdf3b1f0,2004,====================,unverified,,Requires contextual requirement-by-requirement review; inclusion is not completion.
docx_goal.txt,4da8b372c8f07936c1156935114849f85c0d83957c1ecacc6a0b6462bdf3b1f0,2005,SPD feature,unverified,,Requires contextual requirement-by-requirement review; inclusion is not completion.
docx_goal.txt,4da8b372c8f07936c1156935114849f85c0d83957c1ecacc6a0b6462bdf3b1f0,2006,====================,unverified,,Requires contextual requirement-by-requirement review; inclusion is not completion.
docx_goal.txt,4da8b372c8f07936c1156935114849f85c0d83957c1ecacc6a0b6462bdf3b1f0,2008,使用 affine-invariant / tangent-space distance：,unverified,,Requires contextual requirement-by-requirement review; inclusion is not completion.
docx_goal.txt,4da8b372c8f07936c1156935114849f85c0d83957c1ecacc6a0b6462bdf3b1f0,2010,"    d_R(C1,C2)",unverified,,Requires contextual requirement-by-requirement review; inclusion is not completion.
docx_goal.txt,4da8b372c8f07936c1156935114849f85c0d83957c1ecacc6a0b6462bdf3b1f0,2011,      =,unverified,,Requires contextual requirement-by-requirement review; inclusion is not completion.
docx_goal.txt,4da8b372c8f07936c1156935114849f85c0d83957c1ecacc6a0b6462bdf3b1f0,2012,      ||,unverified,,Requires contextual requirement-by-requirement review; inclusion is not completion.
docx_goal.txt,4da8b372c8f07936c1156935114849f85c0d83957c1ecacc6a0b6462bdf3b1f0,2013,        logm(,unverified,,Requires contextual requirement-by-requirement review; inclusion is not completion.
docx_goal.txt,4da8b372c8f07936c1156935114849f85c0d83957c1ecacc6a0b6462bdf3b1f0,2014,          C1^{-1/2} C2 C1^{-1/2},unverified,,Requires contextual requirement-by-requirement review; inclusion is not completion.
docx_goal.txt,4da8b372c8f07936c1156935114849f85c0d83957c1ecacc6a0b6462bdf3b1f0,2015,        ),unverified,,Requires contextual requirement-by-requirement review; inclusion is not completion.
docx_goal.txt,4da8b372c8f07936c1156935114849f85c0d83957c1ecacc6a0b6462bdf3b1f0,2016,      ||_F,unverified,,Requires contextual requirement-by-requirement review; inclusion is not completion.
docx_goal.txt,4da8b372c8f07936c1156935114849f85c0d83957c1ecacc6a0b6462bdf3b1f0,2018,最终 Personal Anchor feature：,unverified,,Requires contextual requirement-by-requirement review; inclusion is not completion.
docx_goal.txt,4da8b372c8f07936c1156935114849f85c0d83957c1ecacc6a0b6462bdf3b1f0,2020,"    φ_anchor,k =",unverified,,Requires contextual requirement-by-requirement review; inclusion is not completion.
docx_goal.txt,4da8b372c8f07936c1156935114849f85c0d83957c1ecacc6a0b6462bdf3b1f0,2021,      [,unverified,,Requires contextual requirement-by-requirement review; inclusion is not completion.
docx_goal.txt,4da8b372c8f07936c1156935114849f85c0d83957c1ecacc6a0b6462bdf3b1f0,2022,"        d_N,",unverified,,Requires contextual requirement-by-requirement review; inclusion is not completion.
docx_goal.txt,4da8b372c8f07936c1156935114849f85c0d83957c1ecacc6a0b6462bdf3b1f0,2023,"        d_Pinch,",unverified,,Requires contextual requirement-by-requirement review; inclusion is not completion.
docx_goal.txt,4da8b372c8f07936c1156935114849f85c0d83957c1ecacc6a0b6462bdf3b1f0,2024,"        d_Fist,",unverified,,Requires contextual requirement-by-requirement review; inclusion is not completion.
docx_goal.txt,4da8b372c8f07936c1156935114849f85c0d83957c1ecacc6a0b6462bdf3b1f0,2025,        d_Open,unverified,,Requires contextual requirement-by-requirement review; inclusion is not completion.
docx_goal.txt,4da8b372c8f07936c1156935114849f85c0d83957c1ecacc6a0b6462bdf3b1f0,2026,      ],unverified,,Requires contextual requirement-by-requirement review; inclusion is not completion.
docx_goal.txt,4da8b372c8f07936c1156935114849f85c0d83957c1ecacc6a0b6462bdf3b1f0,2028,如果用 similarity，也可拼：,unverified,,Requires contextual requirement-by-requirement review; inclusion is not completion.
docx_goal.txt,4da8b372c8f07936c1156935114849f85c0d83957c1ecacc6a0b6462bdf3b1f0,2030,    s_h = exp(-d_h / τ_k),unverified,,Requires contextual requirement-by-requirement review; inclusion is not completion.
docx_goal.txt,4da8b372c8f07936c1156935114849f85c0d83957c1ecacc6a0b6462bdf3b1f0,2032,τ_k 只能从 train/calibration 估计。,unverified,,Requires contextual requirement-by-requirement review; inclusion is not completion.
docx_goal.txt,4da8b372c8f07936c1156935114849f85c0d83957c1ecacc6a0b6462bdf3b1f0,2034,还可以加入 margin：,unverified,,Requires contextual requirement-by-requirement review; inclusion is not completion.
docx_goal.txt,4da8b372c8f07936c1156935114849f85c0d83957c1ecacc6a0b6462bdf3b1f0,2036,    margin =,unverified,,Requires contextual requirement-by-requirement review; inclusion is not completion.
docx_goal.txt,4da8b372c8f07936c1156935114849f85c0d83957c1ecacc6a0b6462bdf3b1f0,2037,      d_second_best,unverified,,Requires contextual requirement-by-requirement review; inclusion is not completion.
docx_goal.txt,4da8b372c8f07936c1156935114849f85c0d83957c1ecacc6a0b6462bdf3b1f0,2038,      - d_best,unverified,,Requires contextual requirement-by-requirement review; inclusion is not completion.
docx_goal.txt,4da8b372c8f07936c1156935114849f85c0d83957c1ecacc6a0b6462bdf3b1f0,2040,以及：,unverified,,Requires contextual requirement-by-requirement review; inclusion is not completion.
docx_goal.txt,4da8b372c8f07936c1156935114849f85c0d83957c1ecacc6a0b6462bdf3b1f0,2042,    normalized_margin =,unverified,,Requires contextual requirement-by-requirement review; inclusion is not completion.
docx_goal.txt,4da8b372c8f07936c1156935114849f85c0d83957c1ecacc6a0b6462bdf3b1f0,2043,      margin /,unverified,,Requires contextual requirement-by-requirement review; inclusion is not completion.
docx_goal.txt,4da8b372c8f07936c1156935114849f85c0d83957c1ecacc6a0b6462bdf3b1f0,2044,      (mean_h d_h + ε),unverified,,Requires contextual requirement-by-requirement review; inclusion is not completion.
docx_goal.txt,4da8b372c8f07936c1156935114849f85c0d83957c1ecacc6a0b6462bdf3b1f0,2046,==================================================,unverified,,Requires contextual requirement-by-requirement review; inclusion is not completion.
docx_goal.txt,4da8b372c8f07936c1156935114849f85c0d83957c1ecacc6a0b6462bdf3b1f0,2047,F8. Session Signature,unverified,,Requires contextual requirement-by-requirement review; inclusion is not completion.
docx_goal.txt,4da8b372c8f07936c1156935114849f85c0d83957c1ecacc6a0b6462bdf3b1f0,2048,==================================================,unverified,,Requires contextual requirement-by-requirement review; inclusion is not completion.
docx_goal.txt,4da8b372c8f07936c1156935114849f85c0d83957c1ecacc6a0b6462bdf3b1f0,2050,只有 same-user multi-session 数据启用。,unverified,,Requires contextual requirement-by-requirement review; inclusion is not completion.
docx_goal.txt,4da8b372c8f07936c1156935114849f85c0d83957c1ecacc6a0b6462bdf3b1f0,2052,长期 personal profile：,unverified,,Requires contextual requirement-by-requirement review; inclusion is not completion.
docx_goal.txt,4da8b372c8f07936c1156935114849f85c0d83957c1ecacc6a0b6462bdf3b1f0,2054,"    μ_{u,h,k}^{long}",unverified,,Requires contextual requirement-by-requirement review; inclusion is not completion.
docx_goal.txt,4da8b372c8f07936c1156935114849f85c0d83957c1ecacc6a0b6462bdf3b1f0,2056,当前 session calibration：,unverified,,Requires contextual requirement-by-requirement review; inclusion is not completion.
docx_goal.txt,4da8b372c8f07936c1156935114849f85c0d83957c1ecacc6a0b6462bdf3b1f0,2058,"    μ_{u,s,h,k}^{cal}",unverified,,Requires contextual requirement-by-requirement review; inclusion is not completion.
docx_goal.txt,4da8b372c8f07936c1156935114849f85c0d83957c1ecacc6a0b6462bdf3b1f0,2060,对 family k、gesture h：,unverified,,Requires contextual requirement-by-requirement review; inclusion is not completion.
docx_goal.txt,4da8b372c8f07936c1156935114849f85c0d83957c1ecacc6a0b6462bdf3b1f0,2062,"    r_{u,s,h,k}",unverified,,Requires contextual requirement-by-requirement review; inclusion is not completion.
docx_goal.txt,4da8b372c8f07936c1156935114849f85c0d83957c1ecacc6a0b6462bdf3b1f0,2063,      =,unverified,,Requires contextual requirement-by-requirement review; inclusion is not completion.
docx_goal.txt,4da8b372c8f07936c1156935114849f85c0d83957c1ecacc6a0b6462bdf3b1f0,2064,"      μ_{u,s,h,k}^{cal}",unverified,,Requires contextual requirement-by-requirement review; inclusion is not completion.
docx_goal.txt,4da8b372c8f07936c1156935114849f85c0d83957c1ecacc6a0b6462bdf3b1f0,2065,"      - μ_{u,h,k}^{long}",unverified,,Requires contextual requirement-by-requirement review; inclusion is not completion.
docx_goal.txt,4da8b372c8f07936c1156935114849f85c0d83957c1ecacc6a0b6462bdf3b1f0,2067,不要直接把高维 residual 全部塞入模型。,unverified,,Requires contextual requirement-by-requirement review; inclusion is not completion.
docx_goal.txt,4da8b372c8f07936c1156935114849f85c0d83957c1ecacc6a0b6462bdf3b1f0,2069,至少构造：,unverified,,Requires contextual requirement-by-requirement review; inclusion is not completion.
docx_goal.txt,4da8b372c8f07936c1156935114849f85c0d83957c1ecacc6a0b6462bdf3b1f0,2071,1. residual norm,unverified,,Requires contextual requirement-by-requirement review; inclusion is not completion.
docx_goal.txt,4da8b372c8f07936c1156935114849f85c0d83957c1ecacc6a0b6462bdf3b1f0,2073,"    Rnorm_{h,k}",unverified,,Requires contextual requirement-by-requirement review; inclusion is not completion.
docx_goal.txt,4da8b372c8f07936c1156935114849f85c0d83957c1ecacc6a0b6462bdf3b1f0,2074,      =,unverified,,Requires contextual requirement-by-requirement review; inclusion is not completion.
docx_goal.txt,4da8b372c8f07936c1156935114849f85c0d83957c1ecacc6a0b6462bdf3b1f0,2075,"      ||r_{h,k}||_2",unverified,,Requires contextual requirement-by-requirement review; inclusion is not completion.
docx_goal.txt,4da8b372c8f07936c1156935114849f85c0d83957c1ecacc6a0b6462bdf3b1f0,2077,2. cosine agreement,unverified,,Requires contextual requirement-by-requirement review; inclusion is not completion.
docx_goal.txt,4da8b372c8f07936c1156935114849f85c0d83957c1ecacc6a0b6462bdf3b1f0,2079,"    Cos_{h,k}",unverified,,Requires contextual requirement-by-requirement review; inclusion is not completion.
docx_goal.txt,4da8b372c8f07936c1156935114849f85c0d83957c1ecacc6a0b6462bdf3b1f0,2080,      =,unverified,,Requires contextual requirement-by-requirement review; inclusion is not completion.
docx_goal.txt,4da8b372c8f07936c1156935114849f85c0d83957c1ecacc6a0b6462bdf3b1f0,2081,      cos(,unverified,,Requires contextual requirement-by-requirement review; inclusion is not completion.
docx_goal.txt,4da8b372c8f07936c1156935114849f85c0d83957c1ecacc6a0b6462bdf3b1f0,2082,"        μ_session,",unverified,,Requires contextual requirement-by-requirement review; inclusion is not completion.
docx_goal.txt,4da8b372c8f07936c1156935114849f85c0d83957c1ecacc6a0b6462bdf3b1f0,2083,        μ_long,unverified,,Requires contextual requirement-by-requirement review; inclusion is not completion.
docx_goal.txt,4da8b372c8f07936c1156935114849f85c0d83957c1ecacc6a0b6462bdf3b1f0,2084,      ),unverified,,Requires contextual requirement-by-requirement review; inclusion is not completion.
docx_goal.txt,4da8b372c8f07936c1156935114849f85c0d83957c1ecacc6a0b6462bdf3b1f0,2086,3. class geometry change,unverified,,Requires contextual requirement-by-requirement review; inclusion is not completion.
docx_goal.txt,4da8b372c8f07936c1156935114849f85c0d83957c1ecacc6a0b6462bdf3b1f0,2088,"    对 gesture pair h1,h2：",unverified,,Requires contextual requirement-by-requirement review; inclusion is not completion.
docx_goal.txt,4da8b372c8f07936c1156935114849f85c0d83957c1ecacc6a0b6462bdf3b1f0,2090,"    ΔD_{h1,h2,k}",unverified,,Requires contextual requirement-by-requirement review; inclusion is not completion.
docx_goal.txt,4da8b372c8f07936c1156935114849f85c0d83957c1ecacc6a0b6462bdf3b1f0,2091,      =,unverified,,Requires contextual requirement-by-requirement review; inclusion is not completion.
docx_goal.txt,4da8b372c8f07936c1156935114849f85c0d83957c1ecacc6a0b6462bdf3b1f0,2092,      d(,unverified,,Requires contextual requirement-by-requirement review; inclusion is not completion.
docx_goal.txt,4da8b372c8f07936c1156935114849f85c0d83957c1ecacc6a0b6462bdf3b1f0,2093,"        μ_session,h1,",unverified,,Requires contextual requirement-by-requirement review; inclusion is not completion.
docx_goal.txt,4da8b372c8f07936c1156935114849f85c0d83957c1ecacc6a0b6462bdf3b1f0,2094,"        μ_session,h2",unverified,,Requires contextual requirement-by-requirement review; inclusion is not completion.
docx_goal.txt,4da8b372c8f07936c1156935114849f85c0d83957c1ecacc6a0b6462bdf3b1f0,2095,      ),unverified,,Requires contextual requirement-by-requirement review; inclusion is not completion.
docx_goal.txt,4da8b372c8f07936c1156935114849f85c0d83957c1ecacc6a0b6462bdf3b1f0,2096,      -,unverified,,Requires contextual requirement-by-requirement review; inclusion is not completion.
docx_goal.txt,4da8b372c8f07936c1156935114849f85c0d83957c1ecacc6a0b6462bdf3b1f0,2097,      d(,unverified,,Requires contextual requirement-by-requirement review; inclusion is not completion.
docx_goal.txt,4da8b372c8f07936c1156935114849f85c0d83957c1ecacc6a0b6462bdf3b1f0,2098,"        μ_long,h1,",unverified,,Requires contextual requirement-by-requirement review; inclusion is not completion.
docx_goal.txt,4da8b372c8f07936c1156935114849f85c0d83957c1ecacc6a0b6462bdf3b1f0,2099,"        μ_long,h2",unverified,,Requires contextual requirement-by-requirement review; inclusion is not completion.
docx_goal.txt,4da8b372c8f07936c1156935114849f85c0d83957c1ecacc6a0b6462bdf3b1f0,2100,      ),unverified,,Requires contextual requirement-by-requirement review; inclusion is not completion.
docx_goal.txt,4da8b372c8f07936c1156935114849f85c0d83957c1ecacc6a0b6462bdf3b1f0,2102,4. family-specific summary,unverified,,Requires contextual requirement-by-requirement review; inclusion is not completion.
docx_goal.txt,4da8b372c8f07936c1156935114849f85c0d83957c1ecacc6a0b6462bdf3b1f0,2104,X1：,unverified,,Requires contextual requirement-by-requirement review; inclusion is not completion.
docx_goal.txt,4da8b372c8f07936c1156935114849f85c0d83957c1ecacc6a0b6462bdf3b1f0,2105,    log scale shift,unverified,,Requires contextual requirement-by-requirement review; inclusion is not completion.
docx_goal.txt,4da8b372c8f07936c1156935114849f85c0d83957c1ecacc6a0b6462bdf3b1f0,2106,    pattern residual,unverified,,Requires contextual requirement-by-requirement review; inclusion is not completion.
docx_goal.txt,4da8b372c8f07936c1156935114849f85c0d83957c1ecacc6a0b6462bdf3b1f0,2108,RLCS：,unverified,,Requires contextual requirement-by-requirement review; inclusion is not completion.
docx_goal.txt,4da8b372c8f07936c1156935114849f85c0d83957c1ecacc6a0b6462bdf3b1f0,2109,    ||RLCS_session - RLCS_long||,unverified,,Requires contextual requirement-by-requirement review; inclusion is not completion.
docx_goal.txt,4da8b372c8f07936c1156935114849f85c0d83957c1ecacc6a0b6462bdf3b1f0,2111,Spectral：,unverified,,Requires contextual requirement-by-requirement review; inclusion is not completion.
docx_goal.txt,4da8b372c8f07936c1156935114849f85c0d83957c1ecacc6a0b6462bdf3b1f0,2112,    mean absolute log-band residual,unverified,,Requires contextual requirement-by-requirement review; inclusion is not completion.
docx_goal.txt,4da8b372c8f07936c1156935114849f85c0d83957c1ecacc6a0b6462bdf3b1f0,2114,SPD：,unverified,,Requires contextual requirement-by-requirement review; inclusion is not completion.
docx_goal.txt,4da8b372c8f07936c1156935114849f85c0d83957c1ecacc6a0b6462bdf3b1f0,2115,    Riemannian distance(,unverified,,Requires contextual requirement-by-requirement review; inclusion is not completion.
docx_goal.txt,4da8b372c8f07936c1156935114849f85c0d83957c1ecacc6a0b6462bdf3b1f0,2116,"      C_session,",unverified,,Requires contextual requirement-by-requirement review; inclusion is not completion.
docx_goal.txt,4da8b372c8f07936c1156935114849f85c0d83957c1ecacc6a0b6462bdf3b1f0,2117,      C_long,unverified,,Requires contextual requirement-by-requirement review; inclusion is not completion.
docx_goal.txt,4da8b372c8f07936c1156935114849f85c0d83957c1ecacc6a0b6462bdf3b1f0,2118,    ),unverified,,Requires contextual requirement-by-requirement review; inclusion is not completion.
docx_goal.txt,4da8b372c8f07936c1156935114849f85c0d83957c1ecacc6a0b6462bdf3b1f0,2120,Quality：,unverified,,Requires contextual requirement-by-requirement review; inclusion is not completion.
docx_goal.txt,4da8b372c8f07936c1156935114849f85c0d83957c1ecacc6a0b6462bdf3b1f0,2121,    channel-quality difference,unverified,,Requires contextual requirement-by-requirement review; inclusion is not completion.
docx_goal.txt,4da8b372c8f07936c1156935114849f85c0d83957c1ecacc6a0b6462bdf3b1f0,2123,最终：,unverified,,Requires contextual requirement-by-requirement review; inclusion is not completion.
docx_goal.txt,4da8b372c8f07936c1156935114849f85c0d83957c1ecacc6a0b6462bdf3b1f0,2125,    φ_session =,unverified,,Requires contextual requirement-by-requirement review; inclusion is not completion.
docx_goal.txt,4da8b372c8f07936c1156935114849f85c0d83957c1ecacc6a0b6462bdf3b1f0,2126,      concat[,unverified,,Requires contextual requirement-by-requirement review; inclusion is not completion.
docx_goal.txt,4da8b372c8f07936c1156935114849f85c0d83957c1ecacc6a0b6462bdf3b1f0,2127,"        residual norms,",unverified,,Requires contextual requirement-by-requirement review; inclusion is not completion.
docx_goal.txt,4da8b372c8f07936c1156935114849f85c0d83957c1ecacc6a0b6462bdf3b1f0,2128,"        cosine agreements,",unverified,,Requires contextual requirement-by-requirement review; inclusion is not completion.
docx_goal.txt,4da8b372c8f07936c1156935114849f85c0d83957c1ecacc6a0b6462bdf3b1f0,2129,"        selected pair geometry shifts,",unverified,,Requires contextual requirement-by-requirement review; inclusion is not completion.
docx_goal.txt,4da8b372c8f07936c1156935114849f85c0d83957c1ecacc6a0b6462bdf3b1f0,2130,        family-specific shift summaries,unverified,,Requires contextual requirement-by-requirement review; inclusion is not completion.
docx_goal.txt,4da8b372c8f07936c1156935114849f85c0d83957c1ecacc6a0b6462bdf3b1f0,2131,      ],unverified,,Requires contextual requirement-by-requirement review; inclusion is not completion.
docx_goal.txt,4da8b372c8f07936c1156935114849f85c0d83957c1ecacc6a0b6462bdf3b1f0,2133,它描述：,unverified,,Requires contextual requirement-by-requirement review; inclusion is not completion.
docx_goal.txt,4da8b372c8f07936c1156935114849f85c0d83957c1ecacc6a0b6462bdf3b1f0,2135,    “今天是什么 domain”,unverified,,Requires contextual requirement-by-requirement review; inclusion is not completion.
docx_goal.txt,4da8b372c8f07936c1156935114849f85c0d83957c1ecacc6a0b6462bdf3b1f0,2137,而不是直接描述 gesture。,unverified,,Requires contextual requirement-by-requirement review; inclusion is not completion.
docx_goal.txt,4da8b372c8f07936c1156935114849f85c0d83957c1ecacc6a0b6462bdf3b1f0,2139,==================================================,unverified,,Requires contextual requirement-by-requirement review; inclusion is not completion.
docx_goal.txt,4da8b372c8f07936c1156935114849f85c0d83957c1ecacc6a0b6462bdf3b1f0,2140,F9. Quality / Observability,unverified,,Requires contextual requirement-by-requirement review; inclusion is not completion.
docx_goal.txt,4da8b372c8f07936c1156935114849f85c0d83957c1ecacc6a0b6462bdf3b1f0,2141,==================================================,unverified,,Requires contextual requirement-by-requirement review; inclusion is not completion.
docx_goal.txt,4da8b372c8f07936c1156935114849f85c0d83957c1ecacc6a0b6462bdf3b1f0,2143,每个 channel c 计算 quality features。,unverified,,Requires contextual requirement-by-requirement review; inclusion is not completion.
docx_goal.txt,4da8b372c8f07936c1156935114849f85c0d83957c1ecacc6a0b6462bdf3b1f0,2145,====================,unverified,,Requires contextual requirement-by-requirement review; inclusion is not completion.
docx_goal.txt,4da8b372c8f07936c1156935114849f85c0d83957c1ecacc6a0b6462bdf3b1f0,2146,F9a. Missing / zero / flatline,unverified,,Requires contextual requirement-by-requirement review; inclusion is not completion.
docx_goal.txt,4da8b372c8f07936c1156935114849f85c0d83957c1ecacc6a0b6462bdf3b1f0,2147,====================,unverified,,Requires contextual requirement-by-requirement review; inclusion is not completion.
docx_goal.txt,4da8b372c8f07936c1156935114849f85c0d83957c1ecacc6a0b6462bdf3b1f0,2149,zero_fraction：,unverified,,Requires contextual requirement-by-requirement review; inclusion is not completion.
docx_goal.txt,4da8b372c8f07936c1156935114849f85c0d83957c1ecacc6a0b6462bdf3b1f0,2151,    fraction(,unverified,,Requires contextual requirement-by-requirement review; inclusion is not completion.
docx_goal.txt,4da8b372c8f07936c1156935114849f85c0d83957c1ecacc6a0b6462bdf3b1f0,2152,      |x_c| < ε_zero,unverified,,Requires contextual requirement-by-requirement review; inclusion is not completion.
docx_goal.txt,4da8b372c8f07936c1156935114849f85c0d83957c1ecacc6a0b6462bdf3b1f0,2153,    ),unverified,,Requires contextual requirement-by-requirement review; inclusion is not completion.
docx_goal.txt,4da8b372c8f07936c1156935114849f85c0d83957c1ecacc6a0b6462bdf3b1f0,2155,variance：,unverified,,Requires contextual requirement-by-requirement review; inclusion is not completion.
docx_goal.txt,4da8b372c8f07936c1156935114849f85c0d83957c1ecacc6a0b6462bdf3b1f0,2157,    Var(x_c),unverified,,Requires contextual requirement-by-requirement review; inclusion is not completion.
docx_goal.txt,4da8b372c8f07936c1156935114849f85c0d83957c1ecacc6a0b6462bdf3b1f0,2159,flatline ratio：,unverified,,Requires contextual requirement-by-requirement review; inclusion is not completion.
docx_goal.txt,4da8b372c8f07936c1156935114849f85c0d83957c1ecacc6a0b6462bdf3b1f0,2161,    longest_run(,unverified,,Requires contextual requirement-by-requirement review; inclusion is not completion.
docx_goal.txt,4da8b372c8f07936c1156935114849f85c0d83957c1ecacc6a0b6462bdf3b1f0,2162,      |x_t-x_{t-1}| < ε_flat,unverified,,Requires contextual requirement-by-requirement review; inclusion is not completion.
docx_goal.txt,4da8b372c8f07936c1156935114849f85c0d83957c1ecacc6a0b6462bdf3b1f0,2163,    ) / T,unverified,,Requires contextual requirement-by-requirement review; inclusion is not completion.
docx_goal.txt,4da8b372c8f07936c1156935114849f85c0d83957c1ecacc6a0b6462bdf3b1f0,2165,dropout / flatline threshold,unverified,,Requires contextual requirement-by-requirement review; inclusion is not completion.
docx_goal.txt,4da8b372c8f07936c1156935114849f85c0d83957c1ecacc6a0b6462bdf3b1f0,2166,必须由硬件量化范围或 training calibration 冻结。,unverified,,Requires contextual requirement-by-requirement review; inclusion is not completion.
docx_goal.txt,4da8b372c8f07936c1156935114849f85c0d83957c1ecacc6a0b6462bdf3b1f0,2168,====================,unverified,,Requires contextual requirement-by-requirement review; inclusion is not completion.
docx_goal.txt,4da8b372c8f07936c1156935114849f85c0d83957c1ecacc6a0b6462bdf3b1f0,2169,F9b. Clipping,unverified,,Requires contextual requirement-by-requirement review; inclusion is not completion.
docx_goal.txt,4da8b372c8f07936c1156935114849f85c0d83957c1ecacc6a0b6462bdf3b1f0,2170,====================,unverified,,Requires contextual requirement-by-requirement review; inclusion is not completion.
docx_goal.txt,4da8b372c8f07936c1156935114849f85c0d83957c1ecacc6a0b6462bdf3b1f0,2172,若知道 ADC range：,unverified,,Requires contextual requirement-by-requirement review; inclusion is not completion.
docx_goal.txt,4da8b372c8f07936c1156935114849f85c0d83957c1ecacc6a0b6462bdf3b1f0,2174,    clip_fraction,unverified,,Requires contextual requirement-by-requirement review; inclusion is not completion.
docx_goal.txt,4da8b372c8f07936c1156935114849f85c0d83957c1ecacc6a0b6462bdf3b1f0,2175,      =,unverified,,Requires contextual requirement-by-requirement review; inclusion is not completion.
docx_goal.txt,4da8b372c8f07936c1156935114849f85c0d83957c1ecacc6a0b6462bdf3b1f0,2176,      fraction(,unverified,,Requires contextual requirement-by-requirement review; inclusion is not completion.
docx_goal.txt,4da8b372c8f07936c1156935114849f85c0d83957c1ecacc6a0b6462bdf3b1f0,2177,        x near min/max ADC,unverified,,Requires contextual requirement-by-requirement review; inclusion is not completion.
docx_goal.txt,4da8b372c8f07936c1156935114849f85c0d83957c1ecacc6a0b6462bdf3b1f0,2178,      ),unverified,,Requires contextual requirement-by-requirement review; inclusion is not completion.
docx_goal.txt,4da8b372c8f07936c1156935114849f85c0d83957c1ecacc6a0b6462bdf3b1f0,2180,若不知道 ADC range，,unverified,,Requires contextual requirement-by-requirement review; inclusion is not completion.
docx_goal.txt,4da8b372c8f07936c1156935114849f85c0d83957c1ecacc6a0b6462bdf3b1f0,2181,使用设备 metadata 或采集代码定义；,unverified,,Requires contextual requirement-by-requirement review; inclusion is not completion.
docx_goal.txt,4da8b372c8f07936c1156935114849f85c0d83957c1ecacc6a0b6462bdf3b1f0,2182,不要从 test 最大值反推 ADC range。,unverified,,Requires contextual requirement-by-requirement review; inclusion is not completion.
docx_goal.txt,4da8b372c8f07936c1156935114849f85c0d83957c1ecacc6a0b6462bdf3b1f0,2184,====================,unverified,,Requires contextual requirement-by-requirement review; inclusion is not completion.
docx_goal.txt,4da8b372c8f07936c1156935114849f85c0d83957c1ecacc6a0b6462bdf3b1f0,2185,F9c. Line-noise ratio,unverified,,Requires contextual requirement-by-requirement review; inclusion is not completion.
docx_goal.txt,4da8b372c8f07936c1156935114849f85c0d83957c1ecacc6a0b6462bdf3b1f0,2186,====================,unverified,,Requires contextual requirement-by-requirement review; inclusion is not completion.
docx_goal.txt,4da8b372c8f07936c1156935114849f85c0d83957c1ecacc6a0b6462bdf3b1f0,2188,对 50 Hz / 60 Hz，,unverified,,Requires contextual requirement-by-requirement review; inclusion is not completion.
docx_goal.txt,4da8b372c8f07936c1156935114849f85c0d83957c1ecacc6a0b6462bdf3b1f0,2189,按 dataset 电网环境选择。,unverified,,Requires contextual requirement-by-requirement review; inclusion is not completion.
docx_goal.txt,4da8b372c8f07936c1156935114849f85c0d83957c1ecacc6a0b6462bdf3b1f0,2191,    P_line =,unverified,,Requires contextual requirement-by-requirement review; inclusion is not completion.
docx_goal.txt,4da8b372c8f07936c1156935114849f85c0d83957c1ecacc6a0b6462bdf3b1f0,2192,      power around line frequency ±δ,unverified,,Requires contextual requirement-by-requirement review; inclusion is not completion.
docx_goal.txt,4da8b372c8f07936c1156935114849f85c0d83957c1ecacc6a0b6462bdf3b1f0,2194,    P_neighbor =,unverified,,Requires contextual requirement-by-requirement review; inclusion is not completion.
docx_goal.txt,4da8b372c8f07936c1156935114849f85c0d83957c1ecacc6a0b6462bdf3b1f0,2195,      nearby spectral power excluding line bin,unverified,,Requires contextual requirement-by-requirement review; inclusion is not completion.
docx_goal.txt,4da8b372c8f07936c1156935114849f85c0d83957c1ecacc6a0b6462bdf3b1f0,2197,    LNR =,unverified,,Requires contextual requirement-by-requirement review; inclusion is not completion.
docx_goal.txt,4da8b372c8f07936c1156935114849f85c0d83957c1ecacc6a0b6462bdf3b1f0,2198,      P_line /,unverified,,Requires contextual requirement-by-requirement review; inclusion is not completion.
docx_goal.txt,4da8b372c8f07936c1156935114849f85c0d83957c1ecacc6a0b6462bdf3b1f0,2199,      (P_neighbor + ε),unverified,,Requires contextual requirement-by-requirement review; inclusion is not completion.
docx_goal.txt,4da8b372c8f07936c1156935114849f85c0d83957c1ecacc6a0b6462bdf3b1f0,2201,如果 Nyquist 不覆盖目标 frequency，,unverified,,Requires contextual requirement-by-requirement review; inclusion is not completion.
docx_goal.txt,4da8b372c8f07936c1156935114849f85c0d83957c1ecacc6a0b6462bdf3b1f0,2202,不计算。,unverified,,Requires contextual requirement-by-requirement review; inclusion is not completion.
docx_goal.txt,4da8b372c8f07936c1156935114849f85c0d83957c1ecacc6a0b6462bdf3b1f0,2204,====================,unverified,,Requires contextual requirement-by-requirement review; inclusion is not completion.
docx_goal.txt,4da8b372c8f07936c1156935114849f85c0d83957c1ecacc6a0b6462bdf3b1f0,2205,F9d. Low-frequency artifact,unverified,,Requires contextual requirement-by-requirement review; inclusion is not completion.
docx_goal.txt,4da8b372c8f07936c1156935114849f85c0d83957c1ecacc6a0b6462bdf3b1f0,2206,====================,unverified,,Requires contextual requirement-by-requirement review; inclusion is not completion.
docx_goal.txt,4da8b372c8f07936c1156935114849f85c0d83957c1ecacc6a0b6462bdf3b1f0,2208,如果 raw/pre-highpass 信号存在：,unverified,,Requires contextual requirement-by-requirement review; inclusion is not completion.
docx_goal.txt,4da8b372c8f07936c1156935114849f85c0d83957c1ecacc6a0b6462bdf3b1f0,2210,    ArtifactRatio,unverified,,Requires contextual requirement-by-requirement review; inclusion is not completion.
docx_goal.txt,4da8b372c8f07936c1156935114849f85c0d83957c1ecacc6a0b6462bdf3b1f0,2211,      =,unverified,,Requires contextual requirement-by-requirement review; inclusion is not completion.
docx_goal.txt,4da8b372c8f07936c1156935114849f85c0d83957c1ecacc6a0b6462bdf3b1f0,2212,      P(0-f_low),unverified,,Requires contextual requirement-by-requirement review; inclusion is not completion.
docx_goal.txt,4da8b372c8f07936c1156935114849f85c0d83957c1ecacc6a0b6462bdf3b1f0,2213,      /,unverified,,Requires contextual requirement-by-requirement review; inclusion is not completion.
docx_goal.txt,4da8b372c8f07936c1156935114849f85c0d83957c1ecacc6a0b6462bdf3b1f0,2214,      P(valid_EMG_band),unverified,,Requires contextual requirement-by-requirement review; inclusion is not completion.
docx_goal.txt,4da8b372c8f07936c1156935114849f85c0d83957c1ecacc6a0b6462bdf3b1f0,2216,如果数据已经经过 20 Hz 高通，,unverified,,Requires contextual requirement-by-requirement review; inclusion is not completion.
docx_goal.txt,4da8b372c8f07936c1156935114849f85c0d83957c1ecacc6a0b6462bdf3b1f0,2217,不要伪造这个指标。,unverified,,Requires contextual requirement-by-requirement review; inclusion is not completion.
docx_goal.txt,4da8b372c8f07936c1156935114849f85c0d83957c1ecacc6a0b6462bdf3b1f0,2219,可改用：,unverified,,Requires contextual requirement-by-requirement review; inclusion is not completion.
docx_goal.txt,4da8b372c8f07936c1156935114849f85c0d83957c1ecacc6a0b6462bdf3b1f0,2220,- baseline wander residual；,unverified,,Requires contextual requirement-by-requirement review; inclusion is not completion.
docx_goal.txt,4da8b372c8f07936c1156935114849f85c0d83957c1ecacc6a0b6462bdf3b1f0,2221,- unusually large envelope transient。,unverified,,Requires contextual requirement-by-requirement review; inclusion is not completion.
docx_goal.txt,4da8b372c8f07936c1156935114849f85c0d83957c1ecacc6a0b6462bdf3b1f0,2223,====================,unverified,,Requires contextual requirement-by-requirement review; inclusion is not completion.
docx_goal.txt,4da8b372c8f07936c1156935114849f85c0d83957c1ecacc6a0b6462bdf3b1f0,2224,F9e. Abnormal channel amplitude,unverified,,Requires contextual requirement-by-requirement review; inclusion is not completion.
docx_goal.txt,4da8b372c8f07936c1156935114849f85c0d83957c1ecacc6a0b6462bdf3b1f0,2225,====================,unverified,,Requires contextual requirement-by-requirement review; inclusion is not completion.
docx_goal.txt,4da8b372c8f07936c1156935114849f85c0d83957c1ecacc6a0b6462bdf3b1f0,2227,从 calibration 得到：,unverified,,Requires contextual requirement-by-requirement review; inclusion is not completion.
docx_goal.txt,4da8b372c8f07936c1156935114849f85c0d83957c1ecacc6a0b6462bdf3b1f0,2229,    median_c,unverified,,Requires contextual requirement-by-requirement review; inclusion is not completion.
docx_goal.txt,4da8b372c8f07936c1156935114849f85c0d83957c1ecacc6a0b6462bdf3b1f0,2230,    MAD_c,unverified,,Requires contextual requirement-by-requirement review; inclusion is not completion.
docx_goal.txt,4da8b372c8f07936c1156935114849f85c0d83957c1ecacc6a0b6462bdf3b1f0,2232,当前 channel activation r_c：,unverified,,Requires contextual requirement-by-requirement review; inclusion is not completion.
docx_goal.txt,4da8b372c8f07936c1156935114849f85c0d83957c1ecacc6a0b6462bdf3b1f0,2234,"    z_robust,c",unverified,,Requires contextual requirement-by-requirement review; inclusion is not completion.
docx_goal.txt,4da8b372c8f07936c1156935114849f85c0d83957c1ecacc6a0b6462bdf3b1f0,2235,      =,unverified,,Requires contextual requirement-by-requirement review; inclusion is not completion.
docx_goal.txt,4da8b372c8f07936c1156935114849f85c0d83957c1ecacc6a0b6462bdf3b1f0,2236,      (r_c - median_c),unverified,,Requires contextual requirement-by-requirement review; inclusion is not completion.
docx_goal.txt,4da8b372c8f07936c1156935114849f85c0d83957c1ecacc6a0b6462bdf3b1f0,2237,      /,unverified,,Requires contextual requirement-by-requirement review; inclusion is not completion.
docx_goal.txt,4da8b372c8f07936c1156935114849f85c0d83957c1ecacc6a0b6462bdf3b1f0,2238,      (1.4826 MAD_c + ε),unverified,,Requires contextual requirement-by-requirement review; inclusion is not completion.
docx_goal.txt,4da8b372c8f07936c1156935114849f85c0d83957c1ecacc6a0b6462bdf3b1f0,2240,过大的 |z_robust|：,unverified,,Requires contextual requirement-by-requirement review; inclusion is not completion.
docx_goal.txt,4da8b372c8f07936c1156935114849f85c0d83957c1ecacc6a0b6462bdf3b1f0,2241,标记 amplitude anomaly。,unverified,,Requires contextual requirement-by-requirement review; inclusion is not completion.
docx_goal.txt,4da8b372c8f07936c1156935114849f85c0d83957c1ecacc6a0b6462bdf3b1f0,2243,====================,unverified,,Requires contextual requirement-by-requirement review; inclusion is not completion.
docx_goal.txt,4da8b372c8f07936c1156935114849f85c0d83957c1ecacc6a0b6462bdf3b1f0,2244,F9f. Correlation/covariance anomaly,unverified,,Requires contextual requirement-by-requirement review; inclusion is not completion.
docx_goal.txt,4da8b372c8f07936c1156935114849f85c0d83957c1ecacc6a0b6462bdf3b1f0,2245,====================,unverified,,Requires contextual requirement-by-requirement review; inclusion is not completion.
docx_goal.txt,4da8b372c8f07936c1156935114849f85c0d83957c1ecacc6a0b6462bdf3b1f0,2247,长期/calibration reference：,unverified,,Requires contextual requirement-by-requirement review; inclusion is not completion.
docx_goal.txt,4da8b372c8f07936c1156935114849f85c0d83957c1ecacc6a0b6462bdf3b1f0,2249,    C_ref,unverified,,Requires contextual requirement-by-requirement review; inclusion is not completion.
docx_goal.txt,4da8b372c8f07936c1156935114849f85c0d83957c1ecacc6a0b6462bdf3b1f0,2251,当前 covariance：,unverified,,Requires contextual requirement-by-requirement review; inclusion is not completion.
docx_goal.txt,4da8b372c8f07936c1156935114849f85c0d83957c1ecacc6a0b6462bdf3b1f0,2253,    C_cur,unverified,,Requires contextual requirement-by-requirement review; inclusion is not completion.
docx_goal.txt,4da8b372c8f07936c1156935114849f85c0d83957c1ecacc6a0b6462bdf3b1f0,2255,计算：,unverified,,Requires contextual requirement-by-requirement review; inclusion is not completion.
docx_goal.txt,4da8b372c8f07936c1156935114849f85c0d83957c1ecacc6a0b6462bdf3b1f0,2257,    D_cov =,unverified,,Requires contextual requirement-by-requirement review; inclusion is not completion.
docx_goal.txt,4da8b372c8f07936c1156935114849f85c0d83957c1ecacc6a0b6462bdf3b1f0,2258,      ||C_cur-C_ref||_F,unverified,,Requires contextual requirement-by-requirement review; inclusion is not completion.
docx_goal.txt,4da8b372c8f07936c1156935114849f85c0d83957c1ecacc6a0b6462bdf3b1f0,2260,或 SPD：,unverified,,Requires contextual requirement-by-requirement review; inclusion is not completion.
docx_goal.txt,4da8b372c8f07936c1156935114849f85c0d83957c1ecacc6a0b6462bdf3b1f0,2262,"    D_R(C_cur,C_ref)",unverified,,Requires contextual requirement-by-requirement review; inclusion is not completion.
docx_goal.txt,4da8b372c8f07936c1156935114849f85c0d83957c1ecacc6a0b6462bdf3b1f0,2264,同时检查某 channel：,unverified,,Requires contextual requirement-by-requirement review; inclusion is not completion.
docx_goal.txt,4da8b372c8f07936c1156935114849f85c0d83957c1ecacc6a0b6462bdf3b1f0,2266,    mean correlation with neighbors,unverified,,Requires contextual requirement-by-requirement review; inclusion is not completion.
docx_goal.txt,4da8b372c8f07936c1156935114849f85c0d83957c1ecacc6a0b6462bdf3b1f0,2268,是否异常低/高。,unverified,,Requires contextual requirement-by-requirement review; inclusion is not completion.
docx_goal.txt,4da8b372c8f07936c1156935114849f85c0d83957c1ecacc6a0b6462bdf3b1f0,2270,====================,unverified,,Requires contextual requirement-by-requirement review; inclusion is not completion.
docx_goal.txt,4da8b372c8f07936c1156935114849f85c0d83957c1ecacc6a0b6462bdf3b1f0,2271,F9g. Quality mask,unverified,,Requires contextual requirement-by-requirement review; inclusion is not completion.
docx_goal.txt,4da8b372c8f07936c1156935114849f85c0d83957c1ecacc6a0b6462bdf3b1f0,2272,====================,unverified,,Requires contextual requirement-by-requirement review; inclusion is not completion.
docx_goal.txt,4da8b372c8f07936c1156935114849f85c0d83957c1ecacc6a0b6462bdf3b1f0,2274,对每 channel 生成：,unverified,,Requires contextual requirement-by-requirement review; inclusion is not completion.
docx_goal.txt,4da8b372c8f07936c1156935114849f85c0d83957c1ecacc6a0b6462bdf3b1f0,2276,"    q_c ∈ [0,1]",unverified,,Requires contextual requirement-by-requirement review; inclusion is not completion.
docx_goal.txt,4da8b372c8f07936c1156935114849f85c0d83957c1ecacc6a0b6462bdf3b1f0,2278,第一版不要训练复杂网络。,unverified,,Requires contextual requirement-by-requirement review; inclusion is not completion.
docx_goal.txt,4da8b372c8f07936c1156935114849f85c0d83957c1ecacc6a0b6462bdf3b1f0,2280,可由上述异常分数 rule-based 映射：,unverified,,Requires contextual requirement-by-requirement review; inclusion is not completion.
docx_goal.txt,4da8b372c8f07936c1156935114849f85c0d83957c1ecacc6a0b6462bdf3b1f0,2282,    q_c =,unverified,,Requires contextual requirement-by-requirement review; inclusion is not completion.
docx_goal.txt,4da8b372c8f07936c1156935114849f85c0d83957c1ecacc6a0b6462bdf3b1f0,2283,      product / clipped weighted combination,unverified,,Requires contextual requirement-by-requirement review; inclusion is not completion.
docx_goal.txt,4da8b372c8f07936c1156935114849f85c0d83957c1ecacc6a0b6462bdf3b1f0,2284,      of quality components,unverified,,Requires contextual requirement-by-requirement review; inclusion is not completion.
docx_goal.txt,4da8b372c8f07936c1156935114849f85c0d83957c1ecacc6a0b6462bdf3b1f0,2286,同时输出：,unverified,,Requires contextual requirement-by-requirement review; inclusion is not completion.
docx_goal.txt,4da8b372c8f07936c1156935114849f85c0d83957c1ecacc6a0b6462bdf3b1f0,2288,    bad_channel_count,unverified,,Requires contextual requirement-by-requirement review; inclusion is not completion.
docx_goal.txt,4da8b372c8f07936c1156935114849f85c0d83957c1ecacc6a0b6462bdf3b1f0,2289,    mean_quality,unverified,,Requires contextual requirement-by-requirement review; inclusion is not completion.
docx_goal.txt,4da8b372c8f07936c1156935114849f85c0d83957c1ecacc6a0b6462bdf3b1f0,2290,    min_quality,unverified,,Requires contextual requirement-by-requirement review; inclusion is not completion.
docx_goal.txt,4da8b372c8f07936c1156935114849f85c0d83957c1ecacc6a0b6462bdf3b1f0,2291,    quality_variance,unverified,,Requires contextual requirement-by-requirement review; inclusion is not completion.
docx_goal.txt,4da8b372c8f07936c1156935114849f85c0d83957c1ecacc6a0b6462bdf3b1f0,2293,这些 feature 用于：,unverified,,Requires contextual requirement-by-requirement review; inclusion is not completion.
docx_goal.txt,4da8b372c8f07936c1156935114849f85c0d83957c1ecacc6a0b6462bdf3b1f0,2294,- fusion weight,unverified,,Requires contextual requirement-by-requirement review; inclusion is not completion.
docx_goal.txt,4da8b372c8f07936c1156935114849f85c0d83957c1ecacc6a0b6462bdf3b1f0,2295,- confidence,unverified,,Requires contextual requirement-by-requirement review; inclusion is not completion.
docx_goal.txt,4da8b372c8f07936c1156935114849f85c0d83957c1ecacc6a0b6462bdf3b1f0,2296,- Unknown,unverified,,Requires contextual requirement-by-requirement review; inclusion is not completion.
docx_goal.txt,4da8b372c8f07936c1156935114849f85c0d83957c1ecacc6a0b6462bdf3b1f0,2298,不要仅凭 quality feature 直接预测 gesture。,unverified,,Requires contextual requirement-by-requirement review; inclusion is not completion.
docx_goal.txt,4da8b372c8f07936c1156935114849f85c0d83957c1ecacc6a0b6462bdf3b1f0,2300,==================================================,unverified,,Requires contextual requirement-by-requirement review; inclusion is not completion.
docx_goal.txt,4da8b372c8f07936c1156935114849f85c0d83957c1ecacc6a0b6462bdf3b1f0,2301,六、Personal Calibration v0：精确定义,unverified,,Requires contextual requirement-by-requirement review; inclusion is not completion.
docx_goal.txt,4da8b372c8f07936c1156935114849f85c0d83957c1ecacc6a0b6462bdf3b1f0,2302,==================================================,unverified,,Requires contextual requirement-by-requirement review; inclusion is not completion.
docx_goal.txt,4da8b372c8f07936c1156935114849f85c0d83957c1ecacc6a0b6462bdf3b1f0,2304,目标：,unverified,,Requires contextual requirement-by-requirement review; inclusion is not completion.
docx_goal.txt,4da8b372c8f07936c1156935114849f85c0d83957c1ecacc6a0b6462bdf3b1f0,2305,建立最简单、可审计、符合真实产品流程的用户特异模型。,unverified,,Requires contextual requirement-by-requirement review; inclusion is not completion.
docx_goal.txt,4da8b372c8f07936c1156935114849f85c0d83957c1ecacc6a0b6462bdf3b1f0,2307,不要先上 meta-learning。,unverified,,Requires contextual requirement-by-requirement review; inclusion is not completion.
docx_goal.txt,4da8b372c8f07936c1156935114849f85c0d83957c1ecacc6a0b6462bdf3b1f0,2309,--------------------------------------------------,unverified,,Requires contextual requirement-by-requirement review; inclusion is not completion.
docx_goal.txt,4da8b372c8f07936c1156935114849f85c0d83957c1ecacc6a0b6462bdf3b1f0,2310,A. Personal normalization,unverified,,Requires contextual requirement-by-requirement review; inclusion is not completion.
docx_goal.txt,4da8b372c8f07936c1156935114849f85c0d83957c1ecacc6a0b6462bdf3b1f0,2311,--------------------------------------------------,unverified,,Requires contextual requirement-by-requirement review; inclusion is not completion.
docx_goal.txt,4da8b372c8f07936c1156935114849f85c0d83957c1ecacc6a0b6462bdf3b1f0,2313,对 calibration data 每 channel：,unverified,,Requires contextual requirement-by-requirement review; inclusion is not completion.
docx_goal.txt,4da8b372c8f07936c1156935114849f85c0d83957c1ecacc6a0b6462bdf3b1f0,2315,Rest center：,unverified,,Requires contextual requirement-by-requirement review; inclusion is not completion.
docx_goal.txt,4da8b372c8f07936c1156935114849f85c0d83957c1ecacc6a0b6462bdf3b1f0,2317,    b_c =,unverified,,Requires contextual requirement-by-requirement review; inclusion is not completion.
docx_goal.txt,4da8b372c8f07936c1156935114849f85c0d83957c1ecacc6a0b6462bdf3b1f0,2318,      median(,unverified,,Requires contextual requirement-by-requirement review; inclusion is not completion.
docx_goal.txt,4da8b372c8f07936c1156935114849f85c0d83957c1ecacc6a0b6462bdf3b1f0,2319,        x_c | Rest,unverified,,Requires contextual requirement-by-requirement review; inclusion is not completion.
docx_goal.txt,4da8b372c8f07936c1156935114849f85c0d83957c1ecacc6a0b6462bdf3b1f0,2320,      ),unverified,,Requires contextual requirement-by-requirement review; inclusion is not completion.
docx_goal.txt,4da8b372c8f07936c1156935114849f85c0d83957c1ecacc6a0b6462bdf3b1f0,2322,activation reference：,unverified,,Requires contextual requirement-by-requirement review; inclusion is not completion.
docx_goal.txt,4da8b372c8f07936c1156935114849f85c0d83957c1ecacc6a0b6462bdf3b1f0,2324,优先 robust percentile：,unverified,,Requires contextual requirement-by-requirement review; inclusion is not completion.
docx_goal.txt,4da8b372c8f07936c1156935114849f85c0d83957c1ecacc6a0b6462bdf3b1f0,2326,    s_c =,unverified,,Requires contextual requirement-by-requirement review; inclusion is not completion.
docx_goal.txt,4da8b372c8f07936c1156935114849f85c0d83957c1ecacc6a0b6462bdf3b1f0,2327,      Q95(,unverified,,Requires contextual requirement-by-requirement review; inclusion is not completion.
docx_goal.txt,4da8b372c8f07936c1156935114849f85c0d83957c1ecacc6a0b6462bdf3b1f0,2328,        |x_c-b_c|,unverified,,Requires contextual requirement-by-requirement review; inclusion is not completion.
docx_goal.txt,4da8b372c8f07936c1156935114849f85c0d83957c1ecacc6a0b6462bdf3b1f0,2329,        | active calibration,unverified,,Requires contextual requirement-by-requirement review; inclusion is not completion.
docx_goal.txt,4da8b372c8f07936c1156935114849f85c0d83957c1ecacc6a0b6462bdf3b1f0,2330,      ),unverified,,Requires contextual requirement-by-requirement review; inclusion is not completion.
docx_goal.txt,4da8b372c8f07936c1156935114849f85c0d83957c1ecacc6a0b6462bdf3b1f0,2332,得到：,unverified,,Requires contextual requirement-by-requirement review; inclusion is not completion.
docx_goal.txt,4da8b372c8f07936c1156935114849f85c0d83957c1ecacc6a0b6462bdf3b1f0,2334,    x'_c =,unverified,,Requires contextual requirement-by-requirement review; inclusion is not completion.
docx_goal.txt,4da8b372c8f07936c1156935114849f85c0d83957c1ecacc6a0b6462bdf3b1f0,2335,      (x_c-b_c),unverified,,Requires contextual requirement-by-requirement review; inclusion is not completion.
docx_goal.txt,4da8b372c8f07936c1156935114849f85c0d83957c1ecacc6a0b6462bdf3b1f0,2336,      /,unverified,,Requires contextual requirement-by-requirement review; inclusion is not completion.
docx_goal.txt,4da8b372c8f07936c1156935114849f85c0d83957c1ecacc6a0b6462bdf3b1f0,2337,      (s_c+ε),unverified,,Requires contextual requirement-by-requirement review; inclusion is not completion.
docx_goal.txt,4da8b372c8f07936c1156935114849f85c0d83957c1ecacc6a0b6462bdf3b1f0,2339,必须同时保留：,unverified,,Requires contextual requirement-by-requirement review; inclusion is not completion.
docx_goal.txt,4da8b372c8f07936c1156935114849f85c0d83957c1ecacc6a0b6462bdf3b1f0,2340,- unnormalized branch；,unverified,,Requires contextual requirement-by-requirement review; inclusion is not completion.
docx_goal.txt,4da8b372c8f07936c1156935114849f85c0d83957c1ecacc6a0b6462bdf3b1f0,2341,- calibrated branch。,unverified,,Requires contextual requirement-by-requirement review; inclusion is not completion.
docx_goal.txt,4da8b372c8f07936c1156935114849f85c0d83957c1ecacc6a0b6462bdf3b1f0,2343,不要假设 per-channel normalization 一定最好。,unverified,,Requires contextual requirement-by-requirement review; inclusion is not completion.
docx_goal.txt,4da8b372c8f07936c1156935114849f85c0d83957c1ecacc6a0b6462bdf3b1f0,2345,--------------------------------------------------,unverified,,Requires contextual requirement-by-requirement review; inclusion is not completion.
docx_goal.txt,4da8b372c8f07936c1156935114849f85c0d83957c1ecacc6a0b6462bdf3b1f0,2346,B. Personal gesture prototypes,unverified,,Requires contextual requirement-by-requirement review; inclusion is not completion.
docx_goal.txt,4da8b372c8f07936c1156935114849f85c0d83957c1ecacc6a0b6462bdf3b1f0,2347,--------------------------------------------------,unverified,,Requires contextual requirement-by-requirement review; inclusion is not completion.
docx_goal.txt,4da8b372c8f07936c1156935114849f85c0d83957c1ecacc6a0b6462bdf3b1f0,2349,对每个 feature family：,unverified,,Requires contextual requirement-by-requirement review; inclusion is not completion.
docx_goal.txt,4da8b372c8f07936c1156935114849f85c0d83957c1ecacc6a0b6462bdf3b1f0,2351,"    μ_{u,h,k}",unverified,,Requires contextual requirement-by-requirement review; inclusion is not completion.
docx_goal.txt,4da8b372c8f07936c1156935114849f85c0d83957c1ecacc6a0b6462bdf3b1f0,2353,严格由 calibration samples 建立。,unverified,,Requires contextual requirement-by-requirement review; inclusion is not completion.
docx_goal.txt,4da8b372c8f07936c1156935114849f85c0d83957c1ecacc6a0b6462bdf3b1f0,2355,至少测试：,unverified,,Requires contextual requirement-by-requirement review; inclusion is not completion.
docx_goal.txt,4da8b372c8f07936c1156935114849f85c0d83957c1ecacc6a0b6462bdf3b1f0,2357,    1 shot/class,unverified,,Requires contextual requirement-by-requirement review; inclusion is not completion.
docx_goal.txt,4da8b372c8f07936c1156935114849f85c0d83957c1ecacc6a0b6462bdf3b1f0,2358,    2 shots/class,unverified,,Requires contextual requirement-by-requirement review; inclusion is not completion.
docx_goal.txt,4da8b372c8f07936c1156935114849f85c0d83957c1ecacc6a0b6462bdf3b1f0,2359,    5 shots/class,unverified,,Requires contextual requirement-by-requirement review; inclusion is not completion.
docx_goal.txt,4da8b372c8f07936c1156935114849f85c0d83957c1ecacc6a0b6462bdf3b1f0,2361,prototype 可用：,unverified,,Requires contextual requirement-by-requirement review; inclusion is not completion.
docx_goal.txt,4da8b372c8f07936c1156935114849f85c0d83957c1ecacc6a0b6462bdf3b1f0,2362,- mean,unverified,,Requires contextual requirement-by-requirement review; inclusion is not completion.
docx_goal.txt,4da8b372c8f07936c1156935114849f85c0d83957c1ecacc6a0b6462bdf3b1f0,2363,- median,unverified,,Requires contextual requirement-by-requirement review; inclusion is not completion.
docx_goal.txt,4da8b372c8f07936c1156935114849f85c0d83957c1ecacc6a0b6462bdf3b1f0,2364,- medoid,unverified,,Requires contextual requirement-by-requirement review; inclusion is not completion.
docx_goal.txt,4da8b372c8f07936c1156935114849f85c0d83957c1ecacc6a0b6462bdf3b1f0,2366,默认 mean；,unverified,,Requires contextual requirement-by-requirement review; inclusion is not completion.
docx_goal.txt,4da8b372c8f07936c1156935114849f85c0d83957c1ecacc6a0b6462bdf3b1f0,2367,temporal/DTW 使用 medoid。,unverified,,Requires contextual requirement-by-requirement review; inclusion is not completion.
docx_goal.txt,4da8b372c8f07936c1156935114849f85c0d83957c1ecacc6a0b6462bdf3b1f0,2369,--------------------------------------------------,unverified,,Requires contextual requirement-by-requirement review; inclusion is not completion.
docx_goal.txt,4da8b372c8f07936c1156935114849f85c0d83957c1ecacc6a0b6462bdf3b1f0,2370,C. Personal natural force envelope,unverified,,Requires contextual requirement-by-requirement review; inclusion is not completion.
docx_goal.txt,4da8b372c8f07936c1156935114849f85c0d83957c1ecacc6a0b6462bdf3b1f0,2371,--------------------------------------------------,unverified,,Requires contextual requirement-by-requirement review; inclusion is not completion.
docx_goal.txt,4da8b372c8f07936c1156935114849f85c0d83957c1ecacc6a0b6462bdf3b1f0,2373,若 calibration trial 中有轻→自然→稍强的变化，,unverified,,Requires contextual requirement-by-requirement review; inclusion is not completion.
docx_goal.txt,4da8b372c8f07936c1156935114849f85c0d83957c1ecacc6a0b6462bdf3b1f0,2374,只记录其 signal range，不需要 mechanical force label。,unverified,,Requires contextual requirement-by-requirement review; inclusion is not completion.
docx_goal.txt,4da8b372c8f07936c1156935114849f85c0d83957c1ecacc6a0b6462bdf3b1f0,2376,例如：,unverified,,Requires contextual requirement-by-requirement review; inclusion is not completion.
docx_goal.txt,4da8b372c8f07936c1156935114849f85c0d83957c1ecacc6a0b6462bdf3b1f0,2378,    A_raw(t),unverified,,Requires contextual requirement-by-requirement review; inclusion is not completion.
docx_goal.txt,4da8b372c8f07936c1156935114849f85c0d83957c1ecacc6a0b6462bdf3b1f0,2379,      =,unverified,,Requires contextual requirement-by-requirement review; inclusion is not completion.
docx_goal.txt,4da8b372c8f07936c1156935114849f85c0d83957c1ecacc6a0b6462bdf3b1f0,2380,      sqrt(,unverified,,Requires contextual requirement-by-requirement review; inclusion is not completion.
docx_goal.txt,4da8b372c8f07936c1156935114849f85c0d83957c1ecacc6a0b6462bdf3b1f0,2381,        mean_c RMS_c(t)^2,unverified,,Requires contextual requirement-by-requirement review; inclusion is not completion.
docx_goal.txt,4da8b372c8f07936c1156935114849f85c0d83957c1ecacc6a0b6462bdf3b1f0,2382,      ),unverified,,Requires contextual requirement-by-requirement review; inclusion is not completion.
docx_goal.txt,4da8b372c8f07936c1156935114849f85c0d83957c1ecacc6a0b6462bdf3b1f0,2384,保存：,unverified,,Requires contextual requirement-by-requirement review; inclusion is not completion.
docx_goal.txt,4da8b372c8f07936c1156935114849f85c0d83957c1ecacc6a0b6462bdf3b1f0,2386,    q10(A),unverified,,Requires contextual requirement-by-requirement review; inclusion is not completion.
docx_goal.txt,4da8b372c8f07936c1156935114849f85c0d83957c1ecacc6a0b6462bdf3b1f0,2387,    q50(A),unverified,,Requires contextual requirement-by-requirement review; inclusion is not completion.
docx_goal.txt,4da8b372c8f07936c1156935114849f85c0d83957c1ecacc6a0b6462bdf3b1f0,2388,    q90(A),unverified,,Requires contextual requirement-by-requirement review; inclusion is not completion.
docx_goal.txt,4da8b372c8f07936c1156935114849f85c0d83957c1ecacc6a0b6462bdf3b1f0,2390,以及 X1 pattern 的 within-gesture spread。,unverified,,Requires contextual requirement-by-requirement review; inclusion is not completion.
docx_goal.txt,4da8b372c8f07936c1156935114849f85c0d83957c1ecacc6a0b6462bdf3b1f0,2392,这仅描述：,unverified,,Requires contextual requirement-by-requirement review; inclusion is not completion.
docx_goal.txt,4da8b372c8f07936c1156935114849f85c0d83957c1ecacc6a0b6462bdf3b1f0,2394,    “这个用户自然会使用多大的 activation 范围”,unverified,,Requires contextual requirement-by-requirement review; inclusion is not completion.
docx_goal.txt,4da8b372c8f07936c1156935114849f85c0d83957c1ecacc6a0b6462bdf3b1f0,2396,不要声称是真实力度。,unverified,,Requires contextual requirement-by-requirement review; inclusion is not completion.
docx_goal.txt,4da8b372c8f07936c1156935114849f85c0d83957c1ecacc6a0b6462bdf3b1f0,2398,--------------------------------------------------,unverified,,Requires contextual requirement-by-requirement review; inclusion is not completion.
docx_goal.txt,4da8b372c8f07936c1156935114849f85c0d83957c1ecacc6a0b6462bdf3b1f0,2399,D. Personal feature reliability,unverified,,Requires contextual requirement-by-requirement review; inclusion is not completion.
docx_goal.txt,4da8b372c8f07936c1156935114849f85c0d83957c1ecacc6a0b6462bdf3b1f0,2400,--------------------------------------------------,unverified,,Requires contextual requirement-by-requirement review; inclusion is not completion.
docx_goal.txt,4da8b372c8f07936c1156935114849f85c0d83957c1ecacc6a0b6462bdf3b1f0,2402,对 family k：,unverified,,Requires contextual requirement-by-requirement review; inclusion is not completion.
docx_goal.txt,4da8b372c8f07936c1156935114849f85c0d83957c1ecacc6a0b6462bdf3b1f0,2404,计算 calibration gesture separation：,unverified,,Requires contextual requirement-by-requirement review; inclusion is not completion.
docx_goal.txt,4da8b372c8f07936c1156935114849f85c0d83957c1ecacc6a0b6462bdf3b1f0,2406,"    B_{u,k}",unverified,,Requires contextual requirement-by-requirement review; inclusion is not completion.
docx_goal.txt,4da8b372c8f07936c1156935114849f85c0d83957c1ecacc6a0b6462bdf3b1f0,2407,      =,unverified,,Requires contextual requirement-by-requirement review; inclusion is not completion.
docx_goal.txt,4da8b372c8f07936c1156935114849f85c0d83957c1ecacc6a0b6462bdf3b1f0,2408,      mean distance(,unverified,,Requires contextual requirement-by-requirement review; inclusion is not completion.
docx_goal.txt,4da8b372c8f07936c1156935114849f85c0d83957c1ecacc6a0b6462bdf3b1f0,2409,        different gesture prototypes,unverified,,Requires contextual requirement-by-requirement review; inclusion is not completion.
docx_goal.txt,4da8b372c8f07936c1156935114849f85c0d83957c1ecacc6a0b6462bdf3b1f0,2410,      ),unverified,,Requires contextual requirement-by-requirement review; inclusion is not completion.
docx_goal.txt,4da8b372c8f07936c1156935114849f85c0d83957c1ecacc6a0b6462bdf3b1f0,2412,计算 within-gesture spread：,unverified,,Requires contextual requirement-by-requirement review; inclusion is not completion.
docx_goal.txt,4da8b372c8f07936c1156935114849f85c0d83957c1ecacc6a0b6462bdf3b1f0,2414,"    W_{u,k}",unverified,,Requires contextual requirement-by-requirement review; inclusion is not completion.
docx_goal.txt,4da8b372c8f07936c1156935114849f85c0d83957c1ecacc6a0b6462bdf3b1f0,2415,      =,unverified,,Requires contextual requirement-by-requirement review; inclusion is not completion.
docx_goal.txt,4da8b372c8f07936c1156935114849f85c0d83957c1ecacc6a0b6462bdf3b1f0,2416,      mean_h,unverified,,Requires contextual requirement-by-requirement review; inclusion is not completion.
docx_goal.txt,4da8b372c8f07936c1156935114849f85c0d83957c1ecacc6a0b6462bdf3b1f0,2417,      mean_n,unverified,,Requires contextual requirement-by-requirement review; inclusion is not completion.
docx_goal.txt,4da8b372c8f07936c1156935114849f85c0d83957c1ecacc6a0b6462bdf3b1f0,2418,      d(,unverified,,Requires contextual requirement-by-requirement review; inclusion is not completion.
docx_goal.txt,4da8b372c8f07936c1156935114849f85c0d83957c1ecacc6a0b6462bdf3b1f0,2419,"        z_{u,h,k}^{(n)},",unverified,,Requires contextual requirement-by-requirement review; inclusion is not completion.
docx_goal.txt,4da8b372c8f07936c1156935114849f85c0d83957c1ecacc6a0b6462bdf3b1f0,2420,"        μ_{u,h,k}",unverified,,Requires contextual requirement-by-requirement review; inclusion is not completion.
docx_goal.txt,4da8b372c8f07936c1156935114849f85c0d83957c1ecacc6a0b6462bdf3b1f0,2421,      ),unverified,,Requires contextual requirement-by-requirement review; inclusion is not completion.
docx_goal.txt,4da8b372c8f07936c1156935114849f85c0d83957c1ecacc6a0b6462bdf3b1f0,2423,定义：,unverified,,Requires contextual requirement-by-requirement review; inclusion is not completion.
docx_goal.txt,4da8b372c8f07936c1156935114849f85c0d83957c1ecacc6a0b6462bdf3b1f0,2425,"    R_{u,k}",unverified,,Requires contextual requirement-by-requirement review; inclusion is not completion.
docx_goal.txt,4da8b372c8f07936c1156935114849f85c0d83957c1ecacc6a0b6462bdf3b1f0,2426,      =,unverified,,Requires contextual requirement-by-requirement review; inclusion is not completion.
docx_goal.txt,4da8b372c8f07936c1156935114849f85c0d83957c1ecacc6a0b6462bdf3b1f0,2427,"      B_{u,k}",unverified,,Requires contextual requirement-by-requirement review; inclusion is not completion.
docx_goal.txt,4da8b372c8f07936c1156935114849f85c0d83957c1ecacc6a0b6462bdf3b1f0,2428,      /,unverified,,Requires contextual requirement-by-requirement review; inclusion is not completion.
docx_goal.txt,4da8b372c8f07936c1156935114849f85c0d83957c1ecacc6a0b6462bdf3b1f0,2429,"      (W_{u,k}+ε)",unverified,,Requires contextual requirement-by-requirement review; inclusion is not completion.
docx_goal.txt,4da8b372c8f07936c1156935114849f85c0d83957c1ecacc6a0b6462bdf3b1f0,2431,不要直接使用 raw R 当权重。,unverified,,Requires contextual requirement-by-requirement review; inclusion is not completion.
docx_goal.txt,4da8b372c8f07936c1156935114849f85c0d83957c1ecacc6a0b6462bdf3b1f0,2433,先：,unverified,,Requires contextual requirement-by-requirement review; inclusion is not completion.
docx_goal.txt,4da8b372c8f07936c1156935114849f85c0d83957c1ecacc6a0b6462bdf3b1f0,2435,    r_k =,unverified,,Requires contextual requirement-by-requirement review; inclusion is not completion.
docx_goal.txt,4da8b372c8f07936c1156935114849f85c0d83957c1ecacc6a0b6462bdf3b1f0,2436,"      log(R_{u,k}+ε)",unverified,,Requires contextual requirement-by-requirement review; inclusion is not completion.
docx_goal.txt,4da8b372c8f07936c1156935114849f85c0d83957c1ecacc6a0b6462bdf3b1f0,2438,再 softmax：,unverified,,Requires contextual requirement-by-requirement review; inclusion is not completion.
docx_goal.txt,4da8b372c8f07936c1156935114849f85c0d83957c1ecacc6a0b6462bdf3b1f0,2440,"    w_personal,k",unverified,,Requires contextual requirement-by-requirement review; inclusion is not completion.
docx_goal.txt,4da8b372c8f07936c1156935114849f85c0d83957c1ecacc6a0b6462bdf3b1f0,2441,      =,unverified,,Requires contextual requirement-by-requirement review; inclusion is not completion.
docx_goal.txt,4da8b372c8f07936c1156935114849f85c0d83957c1ecacc6a0b6462bdf3b1f0,2442,      exp(r_k/τ),unverified,,Requires contextual requirement-by-requirement review; inclusion is not completion.
docx_goal.txt,4da8b372c8f07936c1156935114849f85c0d83957c1ecacc6a0b6462bdf3b1f0,2443,      /,unverified,,Requires contextual requirement-by-requirement review; inclusion is not completion.
docx_goal.txt,4da8b372c8f07936c1156935114849f85c0d83957c1ecacc6a0b6462bdf3b1f0,2444,      Σ_j exp(r_j/τ),unverified,,Requires contextual requirement-by-requirement review; inclusion is not completion.
docx_goal.txt,4da8b372c8f07936c1156935114849f85c0d83957c1ecacc6a0b6462bdf3b1f0,2446,τ 只能在 training users / inner validation 确定。,unverified,,Requires contextual requirement-by-requirement review; inclusion is not completion.
docx_goal.txt,4da8b372c8f07936c1156935114849f85c0d83957c1ecacc6a0b6462bdf3b1f0,2448,--------------------------------------------------,unverified,,Requires contextual requirement-by-requirement review; inclusion is not completion.
docx_goal.txt,4da8b372c8f07936c1156935114849f85c0d83957c1ecacc6a0b6462bdf3b1f0,2449,E. Population shrinkage,unverified,,Requires contextual requirement-by-requirement review; inclusion is not completion.
docx_goal.txt,4da8b372c8f07936c1156935114849f85c0d83957c1ecacc6a0b6462bdf3b1f0,2450,--------------------------------------------------,unverified,,Requires contextual requirement-by-requirement review; inclusion is not completion.
docx_goal.txt,4da8b372c8f07936c1156935114849f85c0d83957c1ecacc6a0b6462bdf3b1f0,2452,训练用户得到：,unverified,,Requires contextual requirement-by-requirement review; inclusion is not completion.
docx_goal.txt,4da8b372c8f07936c1156935114849f85c0d83957c1ecacc6a0b6462bdf3b1f0,2454,"    w_population,k",unverified,,Requires contextual requirement-by-requirement review; inclusion is not completion.
docx_goal.txt,4da8b372c8f07936c1156935114849f85c0d83957c1ecacc6a0b6462bdf3b1f0,2456,新用户：,unverified,,Requires contextual requirement-by-requirement review; inclusion is not completion.
docx_goal.txt,4da8b372c8f07936c1156935114849f85c0d83957c1ecacc6a0b6462bdf3b1f0,2458,"    w_final,u,k",unverified,,Requires contextual requirement-by-requirement review; inclusion is not completion.
docx_goal.txt,4da8b372c8f07936c1156935114849f85c0d83957c1ecacc6a0b6462bdf3b1f0,2459,      =,unverified,,Requires contextual requirement-by-requirement review; inclusion is not completion.
docx_goal.txt,4da8b372c8f07936c1156935114849f85c0d83957c1ecacc6a0b6462bdf3b1f0,2460,"      α_N w_population,k",unverified,,Requires contextual requirement-by-requirement review; inclusion is not completion.
docx_goal.txt,4da8b372c8f07936c1156935114849f85c0d83957c1ecacc6a0b6462bdf3b1f0,2461,      +,unverified,,Requires contextual requirement-by-requirement review; inclusion is not completion.
docx_goal.txt,4da8b372c8f07936c1156935114849f85c0d83957c1ecacc6a0b6462bdf3b1f0,2462,"      (1-α_N) w_personal,u,k",unverified,,Requires contextual requirement-by-requirement review; inclusion is not completion.
docx_goal.txt,4da8b372c8f07936c1156935114849f85c0d83957c1ecacc6a0b6462bdf3b1f0,2464,α_N 只依赖 calibration sample 数，,unverified,,Requires contextual requirement-by-requirement review; inclusion is not completion.
docx_goal.txt,4da8b372c8f07936c1156935114849f85c0d83957c1ecacc6a0b6462bdf3b1f0,2465,例如参数化：,unverified,,Requires contextual requirement-by-requirement review; inclusion is not completion.
docx_goal.txt,4da8b372c8f07936c1156935114849f85c0d83957c1ecacc6a0b6462bdf3b1f0,2467,    α_N =,unverified,,Requires contextual requirement-by-requirement review; inclusion is not completion.
docx_goal.txt,4da8b372c8f07936c1156935114849f85c0d83957c1ecacc6a0b6462bdf3b1f0,2468,      n0 /,unverified,,Requires contextual requirement-by-requirement review; inclusion is not completion.
docx_goal.txt,4da8b372c8f07936c1156935114849f85c0d83957c1ecacc6a0b6462bdf3b1f0,2469,      (n0 + N_cal),unverified,,Requires contextual requirement-by-requirement review; inclusion is not completion.
docx_goal.txt,4da8b372c8f07936c1156935114849f85c0d83957c1ecacc6a0b6462bdf3b1f0,2471,n0 通过 training users cross-validation 选择。,unverified,,Requires contextual requirement-by-requirement review; inclusion is not completion.
docx_goal.txt,4da8b372c8f07936c1156935114849f85c0d83957c1ecacc6a0b6462bdf3b1f0,2473,严禁从 test performance 调 α。,unverified,,Requires contextual requirement-by-requirement review; inclusion is not completion.
docx_goal.txt,4da8b372c8f07936c1156935114849f85c0d83957c1ecacc6a0b6462bdf3b1f0,2475,==================================================,unverified,,Requires contextual requirement-by-requirement review; inclusion is not completion.
docx_goal.txt,4da8b372c8f07936c1156935114849f85c0d83957c1ecacc6a0b6462bdf3b1f0,2476,七、Session Calibration v0,unverified,,Requires contextual requirement-by-requirement review; inclusion is not completion.
docx_goal.txt,4da8b372c8f07936c1156935114849f85c0d83957c1ecacc6a0b6462bdf3b1f0,2477,==================================================,unverified,,Requires contextual requirement-by-requirement review; inclusion is not completion.
docx_goal.txt,4da8b372c8f07936c1156935114849f85c0d83957c1ecacc6a0b6462bdf3b1f0,2479,用于 same-user new-session/re-donning。,unverified,,Requires contextual requirement-by-requirement review; inclusion is not completion.
docx_goal.txt,4da8b372c8f07936c1156935114849f85c0d83957c1ecacc6a0b6462bdf3b1f0,2481,长期 profile已有：,unverified,,Requires contextual requirement-by-requirement review; inclusion is not completion.
docx_goal.txt,4da8b372c8f07936c1156935114849f85c0d83957c1ecacc6a0b6462bdf3b1f0,2483,    personal prototypes,unverified,,Requires contextual requirement-by-requirement review; inclusion is not completion.
docx_goal.txt,4da8b372c8f07936c1156935114849f85c0d83957c1ecacc6a0b6462bdf3b1f0,2484,    personal scales,unverified,,Requires contextual requirement-by-requirement review; inclusion is not completion.
docx_goal.txt,4da8b372c8f07936c1156935114849f85c0d83957c1ecacc6a0b6462bdf3b1f0,2485,    personal feature reliability,unverified,,Requires contextual requirement-by-requirement review; inclusion is not completion.
docx_goal.txt,4da8b372c8f07936c1156935114849f85c0d83957c1ecacc6a0b6462bdf3b1f0,2487,新 session 只用 calibration samples：,unverified,,Requires contextual requirement-by-requirement review; inclusion is not completion.
docx_goal.txt,4da8b372c8f07936c1156935114849f85c0d83957c1ecacc6a0b6462bdf3b1f0,2489,1. 更新 rest center；,unverified,,Requires contextual requirement-by-requirement review; inclusion is not completion.
docx_goal.txt,4da8b372c8f07936c1156935114849f85c0d83957c1ecacc6a0b6462bdf3b1f0,2490,2. 更新 channel scale estimate；,unverified,,Requires contextual requirement-by-requirement review; inclusion is not completion.
docx_goal.txt,4da8b372c8f07936c1156935114849f85c0d83957c1ecacc6a0b6462bdf3b1f0,2491,3. 计算 channel quality；,unverified,,Requires contextual requirement-by-requirement review; inclusion is not completion.
docx_goal.txt,4da8b372c8f07936c1156935114849f85c0d83957c1ecacc6a0b6462bdf3b1f0,2492,4. 计算 session signature；,unverified,,Requires contextual requirement-by-requirement review; inclusion is not completion.
docx_goal.txt,4da8b372c8f07936c1156935114849f85c0d83957c1ecacc6a0b6462bdf3b1f0,2493,5. 建立 session-local anchor prototypes；,unverified,,Requires contextual requirement-by-requirement review; inclusion is not completion.
docx_goal.txt,4da8b372c8f07936c1156935114849f85c0d83957c1ecacc6a0b6462bdf3b1f0,2494,6. 不删除长期 personal prototype。,unverified,,Requires contextual requirement-by-requirement review; inclusion is not completion.
docx_goal.txt,4da8b372c8f07936c1156935114849f85c0d83957c1ecacc6a0b6462bdf3b1f0,2496,融合 prototype：,unverified,,Requires contextual requirement-by-requirement review; inclusion is not completion.
docx_goal.txt,4da8b372c8f07936c1156935114849f85c0d83957c1ecacc6a0b6462bdf3b1f0,2498,    μ_sessionadapt,unverified,,Requires contextual requirement-by-requirement review; inclusion is not completion.
docx_goal.txt,4da8b372c8f07936c1156935114849f85c0d83957c1ecacc6a0b6462bdf3b1f0,2499,      =,unverified,,Requires contextual requirement-by-requirement review; inclusion is not completion.
docx_goal.txt,4da8b372c8f07936c1156935114849f85c0d83957c1ecacc6a0b6462bdf3b1f0,2500,      β μ_long,unverified,,Requires contextual requirement-by-requirement review; inclusion is not completion.
docx_goal.txt,4da8b372c8f07936c1156935114849f85c0d83957c1ecacc6a0b6462bdf3b1f0,2501,      +,unverified,,Requires contextual requirement-by-requirement review; inclusion is not completion.
docx_goal.txt,4da8b372c8f07936c1156935114849f85c0d83957c1ecacc6a0b6462bdf3b1f0,2502,      (1-β) μ_sessioncal,unverified,,Requires contextual requirement-by-requirement review; inclusion is not completion.
docx_goal.txt,4da8b372c8f07936c1156935114849f85c0d83957c1ecacc6a0b6462bdf3b1f0,2504,β 同样只能由 training sessions / calibration budget 决定。,unverified,,Requires contextual requirement-by-requirement review; inclusion is not completion.
docx_goal.txt,4da8b372c8f07936c1156935114849f85c0d83957c1ecacc6a0b6462bdf3b1f0,2506,测试：,unverified,,Requires contextual requirement-by-requirement review; inclusion is not completion.
docx_goal.txt,4da8b372c8f07936c1156935114849f85c0d83957c1ecacc6a0b6462bdf3b1f0,2508,    0,unverified,,Requires contextual requirement-by-requirement review; inclusion is not completion.
docx_goal.txt,4da8b372c8f07936c1156935114849f85c0d83957c1ecacc6a0b6462bdf3b1f0,2509,    1,unverified,,Requires contextual requirement-by-requirement review; inclusion is not completion.
docx_goal.txt,4da8b372c8f07936c1156935114849f85c0d83957c1ecacc6a0b6462bdf3b1f0,2510,    2,unverified,,Requires contextual requirement-by-requirement review; inclusion is not completion.
docx_goal.txt,4da8b372c8f07936c1156935114849f85c0d83957c1ecacc6a0b6462bdf3b1f0,2511,    5 shots/class,unverified,,Requires contextual requirement-by-requirement review; inclusion is not completion.
docx_goal.txt,4da8b372c8f07936c1156935114849f85c0d83957c1ecacc6a0b6462bdf3b1f0,2513,==================================================,unverified,,Requires contextual requirement-by-requirement review; inclusion is not completion.
docx_goal.txt,4da8b372c8f07936c1156935114849f85c0d83957c1ecacc6a0b6462bdf3b1f0,2514,八、Late Fusion：精确定义,unverified,,Requires contextual requirement-by-requirement review; inclusion is not completion.
docx_goal.txt,4da8b372c8f07936c1156935114849f85c0d83957c1ecacc6a0b6462bdf3b1f0,2515,==================================================,unverified,,Requires contextual requirement-by-requirement review; inclusion is not completion.
docx_goal.txt,4da8b372c8f07936c1156935114849f85c0d83957c1ecacc6a0b6462bdf3b1f0,2517,每个 feature family k 独立产生 class probability：,unverified,,Requires contextual requirement-by-requirement review; inclusion is not completion.
docx_goal.txt,4da8b372c8f07936c1156935114849f85c0d83957c1ecacc6a0b6462bdf3b1f0,2519,    p_k(h|x),unverified,,Requires contextual requirement-by-requirement review; inclusion is not completion.
docx_goal.txt,4da8b372c8f07936c1156935114849f85c0d83957c1ecacc6a0b6462bdf3b1f0,2521,所有 classifier probability 必须在 train/validation 内校准，,unverified,,Requires contextual requirement-by-requirement review; inclusion is not completion.
docx_goal.txt,4da8b372c8f07936c1156935114849f85c0d83957c1ecacc6a0b6462bdf3b1f0,2522,不能使用 test calibration probability fitting。,unverified,,Requires contextual requirement-by-requirement review; inclusion is not completion.
docx_goal.txt,4da8b372c8f07936c1156935114849f85c0d83957c1ecacc6a0b6462bdf3b1f0,2524,第一版：,unverified,,Requires contextual requirement-by-requirement review; inclusion is not completion.
docx_goal.txt,4da8b372c8f07936c1156935114849f85c0d83957c1ecacc6a0b6462bdf3b1f0,2526,"    p_final(h|x,u,s)",unverified,,Requires contextual requirement-by-requirement review; inclusion is not completion.
docx_goal.txt,4da8b372c8f07936c1156935114849f85c0d83957c1ecacc6a0b6462bdf3b1f0,2527,      =,unverified,,Requires contextual requirement-by-requirement review; inclusion is not completion.
docx_goal.txt,4da8b372c8f07936c1156935114849f85c0d83957c1ecacc6a0b6462bdf3b1f0,2528,      Σ_k,unverified,,Requires contextual requirement-by-requirement review; inclusion is not completion.
docx_goal.txt,4da8b372c8f07936c1156935114849f85c0d83957c1ecacc6a0b6462bdf3b1f0,2529,"      w_{u,s,k}",unverified,,Requires contextual requirement-by-requirement review; inclusion is not completion.
docx_goal.txt,4da8b372c8f07936c1156935114849f85c0d83957c1ecacc6a0b6462bdf3b1f0,2530,      p_k(h|x),unverified,,Requires contextual requirement-by-requirement review; inclusion is not completion.
docx_goal.txt,4da8b372c8f07936c1156935114849f85c0d83957c1ecacc6a0b6462bdf3b1f0,2532,其中：,unverified,,Requires contextual requirement-by-requirement review; inclusion is not completion.
docx_goal.txt,4da8b372c8f07936c1156935114849f85c0d83957c1ecacc6a0b6462bdf3b1f0,2534,    w >= 0,unverified,,Requires contextual requirement-by-requirement review; inclusion is not completion.
docx_goal.txt,4da8b372c8f07936c1156935114849f85c0d83957c1ecacc6a0b6462bdf3b1f0,2535,    Σ_k w_k = 1,unverified,,Requires contextual requirement-by-requirement review; inclusion is not completion.
docx_goal.txt,4da8b372c8f07936c1156935114849f85c0d83957c1ecacc6a0b6462bdf3b1f0,2537,基础权重：,unverified,,Requires contextual requirement-by-requirement review; inclusion is not completion.
docx_goal.txt,4da8b372c8f07936c1156935114849f85c0d83957c1ecacc6a0b6462bdf3b1f0,2539,"    w_{u,k}",unverified,,Requires contextual requirement-by-requirement review; inclusion is not completion.
docx_goal.txt,4da8b372c8f07936c1156935114849f85c0d83957c1ecacc6a0b6462bdf3b1f0,2540,      =,unverified,,Requires contextual requirement-by-requirement review; inclusion is not completion.
docx_goal.txt,4da8b372c8f07936c1156935114849f85c0d83957c1ecacc6a0b6462bdf3b1f0,2541,      population/personal shrinkage reliability,unverified,,Requires contextual requirement-by-requirement review; inclusion is not completion.
docx_goal.txt,4da8b372c8f07936c1156935114849f85c0d83957c1ecacc6a0b6462bdf3b1f0,2543,如果有 signal quality：,unverified,,Requires contextual requirement-by-requirement review; inclusion is not completion.
docx_goal.txt,4da8b372c8f07936c1156935114849f85c0d83957c1ecacc6a0b6462bdf3b1f0,2545,    q_k(x),unverified,,Requires contextual requirement-by-requirement review; inclusion is not completion.
docx_goal.txt,4da8b372c8f07936c1156935114849f85c0d83957c1ecacc6a0b6462bdf3b1f0,2547,则：,unverified,,Requires contextual requirement-by-requirement review; inclusion is not completion.
docx_goal.txt,4da8b372c8f07936c1156935114849f85c0d83957c1ecacc6a0b6462bdf3b1f0,2549,"    w'_{u,s,k}(x)",unverified,,Requires contextual requirement-by-requirement review; inclusion is not completion.
docx_goal.txt,4da8b372c8f07936c1156935114849f85c0d83957c1ecacc6a0b6462bdf3b1f0,2550,      =,unverified,,Requires contextual requirement-by-requirement review; inclusion is not completion.
docx_goal.txt,4da8b372c8f07936c1156935114849f85c0d83957c1ecacc6a0b6462bdf3b1f0,2551,"      w_{u,k} q_k(x)",unverified,,Requires contextual requirement-by-requirement review; inclusion is not completion.
docx_goal.txt,4da8b372c8f07936c1156935114849f85c0d83957c1ecacc6a0b6462bdf3b1f0,2553,归一化：,unverified,,Requires contextual requirement-by-requirement review; inclusion is not completion.
docx_goal.txt,4da8b372c8f07936c1156935114849f85c0d83957c1ecacc6a0b6462bdf3b1f0,2555,"    w_final,k",unverified,,Requires contextual requirement-by-requirement review; inclusion is not completion.
docx_goal.txt,4da8b372c8f07936c1156935114849f85c0d83957c1ecacc6a0b6462bdf3b1f0,2556,      =,unverified,,Requires contextual requirement-by-requirement review; inclusion is not completion.
docx_goal.txt,4da8b372c8f07936c1156935114849f85c0d83957c1ecacc6a0b6462bdf3b1f0,2557,      w'_k /,unverified,,Requires contextual requirement-by-requirement review; inclusion is not completion.
docx_goal.txt,4da8b372c8f07936c1156935114849f85c0d83957c1ecacc6a0b6462bdf3b1f0,2558,      (Σ_j w'_j + ε),unverified,,Requires contextual requirement-by-requirement review; inclusion is not completion.
docx_goal.txt,4da8b372c8f07936c1156935114849f85c0d83957c1ecacc6a0b6462bdf3b1f0,2560,第一版不要训练复杂 gating network。,unverified,,Requires contextual requirement-by-requirement review; inclusion is not completion.
docx_goal.txt,4da8b372c8f07936c1156935114849f85c0d83957c1ecacc6a0b6462bdf3b1f0,2562,==================================================,unverified,,Requires contextual requirement-by-requirement review; inclusion is not completion.
docx_goal.txt,4da8b372c8f07936c1156935114849f85c0d83957c1ecacc6a0b6462bdf3b1f0,2563,九、对 feature family 的额外诊断,unverified,,Requires contextual requirement-by-requirement review; inclusion is not completion.
docx_goal.txt,4da8b372c8f07936c1156935114849f85c0d83957c1ecacc6a0b6462bdf3b1f0,2564,==================================================,unverified,,Requires contextual requirement-by-requirement review; inclusion is not completion.
docx_goal.txt,4da8b372c8f07936c1156935114849f85c0d83957c1ecacc6a0b6462bdf3b1f0,2566,除了最终性能，每个 family 都必须计算：,unverified,,Requires contextual requirement-by-requirement review; inclusion is not completion.
docx_goal.txt,4da8b372c8f07936c1156935114849f85c0d83957c1ecacc6a0b6462bdf3b1f0,2568,1. nuisance sensitivity,unverified,,Requires contextual requirement-by-requirement review; inclusion is not completion.
docx_goal.txt,4da8b372c8f07936c1156935114849f85c0d83957c1ecacc6a0b6462bdf3b1f0,2570,    D_nuisance,unverified,,Requires contextual requirement-by-requirement review; inclusion is not completion.
docx_goal.txt,4da8b372c8f07936c1156935114849f85c0d83957c1ecacc6a0b6462bdf3b1f0,2572,2. gesture separation,unverified,,Requires contextual requirement-by-requirement review; inclusion is not completion.
docx_goal.txt,4da8b372c8f07936c1156935114849f85c0d83957c1ecacc6a0b6462bdf3b1f0,2574,    D_gesture,unverified,,Requires contextual requirement-by-requirement review; inclusion is not completion.
docx_goal.txt,4da8b372c8f07936c1156935114849f85c0d83957c1ecacc6a0b6462bdf3b1f0,2576,3.,unverified,,Requires contextual requirement-by-requirement review; inclusion is not completion.
docx_goal.txt,4da8b372c8f07936c1156935114849f85c0d83957c1ecacc6a0b6462bdf3b1f0,2578,    J =,unverified,,Requires contextual requirement-by-requirement review; inclusion is not completion.
docx_goal.txt,4da8b372c8f07936c1156935114849f85c0d83957c1ecacc6a0b6462bdf3b1f0,2579,      D_gesture /,unverified,,Requires contextual requirement-by-requirement review; inclusion is not completion.
docx_goal.txt,4da8b372c8f07936c1156935114849f85c0d83957c1ecacc6a0b6462bdf3b1f0,2580,      (D_nuisance + ε),unverified,,Requires contextual requirement-by-requirement review; inclusion is not completion.
docx_goal.txt,4da8b372c8f07936c1156935114849f85c0d83957c1ecacc6a0b6462bdf3b1f0,2582,4. conditional predictive contribution,unverified,,Requires contextual requirement-by-requirement review; inclusion is not completion.
docx_goal.txt,4da8b372c8f07936c1156935114849f85c0d83957c1ecacc6a0b6462bdf3b1f0,2584,    ΔLogLoss(F_i | Core),unverified,,Requires contextual requirement-by-requirement review; inclusion is not completion.
docx_goal.txt,4da8b372c8f07936c1156935114849f85c0d83957c1ecacc6a0b6462bdf3b1f0,2586,5. error complementarity,unverified,,Requires contextual requirement-by-requirement review; inclusion is not completion.
docx_goal.txt,4da8b372c8f07936c1156935114849f85c0d83957c1ecacc6a0b6462bdf3b1f0,2588,"    P(F_i correct, Core wrong)",unverified,,Requires contextual requirement-by-requirement review; inclusion is not completion.
docx_goal.txt,4da8b372c8f07936c1156935114849f85c0d83957c1ecacc6a0b6462bdf3b1f0,2589,"    P(F_i wrong, Core correct)",unverified,,Requires contextual requirement-by-requirement review; inclusion is not completion.
docx_goal.txt,4da8b372c8f07936c1156935114849f85c0d83957c1ecacc6a0b6462bdf3b1f0,2591,6. calibration gain,unverified,,Requires contextual requirement-by-requirement review; inclusion is not completion.
docx_goal.txt,4da8b372c8f07936c1156935114849f85c0d83957c1ecacc6a0b6462bdf3b1f0,2593,    Gain_cal(F_i),unverified,,Requires contextual requirement-by-requirement review; inclusion is not completion.
docx_goal.txt,4da8b372c8f07936c1156935114849f85c0d83957c1ecacc6a0b6462bdf3b1f0,2594,      =,unverified,,Requires contextual requirement-by-requirement review; inclusion is not completion.
docx_goal.txt,4da8b372c8f07936c1156935114849f85c0d83957c1ecacc6a0b6462bdf3b1f0,2595,      performance_calibrated,unverified,,Requires contextual requirement-by-requirement review; inclusion is not completion.
docx_goal.txt,4da8b372c8f07936c1156935114849f85c0d83957c1ecacc6a0b6462bdf3b1f0,2596,      -,unverified,,Requires contextual requirement-by-requirement review; inclusion is not completion.
docx_goal.txt,4da8b372c8f07936c1156935114849f85c0d83957c1ecacc6a0b6462bdf3b1f0,2597,      performance_zero_shot,unverified,,Requires contextual requirement-by-requirement review; inclusion is not completion.
docx_goal.txt,4da8b372c8f07936c1156935114849f85c0d83957c1ecacc6a0b6462bdf3b1f0,2599,因此不要再根据：,unverified,,Requires contextual requirement-by-requirement review; inclusion is not completion.
docx_goal.txt,4da8b372c8f07936c1156935114849f85c0d83957c1ecacc6a0b6462bdf3b1f0,2601,    “这个 feature 单独 macro-F1 低”,unverified,,Requires contextual requirement-by-requirement review; inclusion is not completion.
docx_goal.txt,4da8b372c8f07936c1156935114849f85c0d83957c1ecacc6a0b6462bdf3b1f0,2603,就直接删除。,unverified,,Requires contextual requirement-by-requirement review; inclusion is not completion.
docx_goal.txt,4da8b372c8f07936c1156935114849f85c0d83957c1ecacc6a0b6462bdf3b1f0,2605,==================================================,unverified,,Requires contextual requirement-by-requirement review; inclusion is not completion.
docx_goal.txt,4da8b372c8f07936c1156935114849f85c0d83957c1ecacc6a0b6462bdf3b1f0,2606,十、特别重要的实现边界,unverified,,Requires contextual requirement-by-requirement review; inclusion is not completion.
docx_goal.txt,4da8b372c8f07936c1156935114849f85c0d83957c1ecacc6a0b6462bdf3b1f0,2607,==================================================,unverified,,Requires contextual requirement-by-requirement review; inclusion is not completion.
docx_goal.txt,4da8b372c8f07936c1156935114849f85c0d83957c1ecacc6a0b6462bdf3b1f0,2609,1. 对 DS2 只有 3 channel：,unverified,,Requires contextual requirement-by-requirement review; inclusion is not completion.
docx_goal.txt,4da8b372c8f07936c1156935114849f85c0d83957c1ecacc6a0b6462bdf3b1f0,2610,   不要因为 feature 数学上支持 8ch 就硬构造 8ch。,unverified,,Requires contextual requirement-by-requirement review; inclusion is not completion.
docx_goal.txt,4da8b372c8f07936c1156935114849f85c0d83957c1ecacc6a0b6462bdf3b1f0,2612,2. 对 UniBo 4ch：,unverified,,Requires contextual requirement-by-requirement review; inclusion is not completion.
docx_goal.txt,4da8b372c8f07936c1156935114849f85c0d83957c1ecacc6a0b6462bdf3b1f0,2613,   ring geometry 只能按实际4ch topology处理，,unverified,,Requires contextual requirement-by-requirement review; inclusion is not completion.
docx_goal.txt,4da8b372c8f07936c1156935114849f85c0d83957c1ecacc6a0b6462bdf3b1f0,2614,   不要伪造8ch ring。,unverified,,Requires contextual requirement-by-requirement review; inclusion is not completion.
docx_goal.txt,4da8b372c8f07936c1156935114849f85c0d83957c1ecacc6a0b6462bdf3b1f0,2616,3. 对自采8ch：,unverified,,Requires contextual requirement-by-requirement review; inclusion is not completion.
docx_goal.txt,4da8b372c8f07936c1156935114849f85c0d83957c1ecacc6a0b6462bdf3b1f0,2617,   才使用完整8-channel cyclic geometry。,unverified,,Requires contextual requirement-by-requirement review; inclusion is not completion.
docx_goal.txt,4da8b372c8f07936c1156935114849f85c0d83957c1ecacc6a0b6462bdf3b1f0,2619,4. CSP/SPD/Personal Anchor/,unverified,,Requires contextual requirement-by-requirement review; inclusion is not completion.
docx_goal.txt,4da8b372c8f07936c1156935114849f85c0d83957c1ecacc6a0b6462bdf3b1f0,2620,   Session Signature/DTW template,unverified,,Requires contextual requirement-by-requirement review; inclusion is not completion.
docx_goal.txt,4da8b372c8f07936c1156935114849f85c0d83957c1ecacc6a0b6462bdf3b1f0,2621,   全部属于需要 train/calibration fit 的模块，,unverified,,Requires contextual requirement-by-requirement review; inclusion is not completion.
docx_goal.txt,4da8b372c8f07936c1156935114849f85c0d83957c1ecacc6a0b6462bdf3b1f0,2622,   leakage audit 必须专门测试。,unverified,,Requires contextual requirement-by-requirement review; inclusion is not completion.
docx_goal.txt,4da8b372c8f07936c1156935114849f85c0d83957c1ecacc6a0b6462bdf3b1f0,2624,5. Feature dimensionality必须写入 REPORT。,unverified,,Requires contextual requirement-by-requirement review; inclusion is not completion.
docx_goal.txt,4da8b372c8f07936c1156935114849f85c0d83957c1ecacc6a0b6462bdf3b1f0,2626,6. 对高维 family：,unverified,,Requires contextual requirement-by-requirement review; inclusion is not completion.
docx_goal.txt,4da8b372c8f07936c1156935114849f85c0d83957c1ecacc6a0b6462bdf3b1f0,2627,   如果 dimension > 当前有效 training sample 的合理范围，,unverified,,Requires contextual requirement-by-requirement review; inclusion is not completion.
docx_goal.txt,4da8b372c8f07936c1156935114849f85c0d83957c1ecacc6a0b6462bdf3b1f0,2628,   优先：,unverified,,Requires contextual requirement-by-requirement review; inclusion is not completion.
docx_goal.txt,4da8b372c8f07936c1156935114849f85c0d83957c1ecacc6a0b6462bdf3b1f0,2629,   shrinkage,unverified,,Requires contextual requirement-by-requirement review; inclusion is not completion.
docx_goal.txt,4da8b372c8f07936c1156935114849f85c0d83957c1ecacc6a0b6462bdf3b1f0,2630,   / low-order representation,unverified,,Requires contextual requirement-by-requirement review; inclusion is not completion.
docx_goal.txt,4da8b372c8f07936c1156935114849f85c0d83957c1ecacc6a0b6462bdf3b1f0,2631,   / inner-train PCA,unverified,,Requires contextual requirement-by-requirement review; inclusion is not completion.
docx_goal.txt,4da8b372c8f07936c1156935114849f85c0d83957c1ecacc6a0b6462bdf3b1f0,2632,   而不是直接硬塞进 SVM。,unverified,,Requires contextual requirement-by-requirement review; inclusion is not completion.
docx_goal.txt,4da8b372c8f07936c1156935114849f85c0d83957c1ecacc6a0b6462bdf3b1f0,2634,7. PCA 只能 fit training fold，,unverified,,Requires contextual requirement-by-requirement review; inclusion is not completion.
docx_goal.txt,4da8b372c8f07936c1156935114849f85c0d83957c1ecacc6a0b6462bdf3b1f0,2635,   且 PCA 本身视作 compression，,unverified,,Requires contextual requirement-by-requirement review; inclusion is not completion.
docx_goal.txt,4da8b372c8f07936c1156935114849f85c0d83957c1ecacc6a0b6462bdf3b1f0,2636,   不能拿 test variance 决定 component 数。,unverified,,Requires contextual requirement-by-requirement review; inclusion is not completion.
docx_goal.txt,4da8b372c8f07936c1156935114849f85c0d83957c1ecacc6a0b6462bdf3b1f0,2638,8. 本轮不以“feature越多越好”为目标。,unverified,,Requires contextual requirement-by-requirement review; inclusion is not completion.
docx_goal.txt,4da8b372c8f07936c1156935114849f85c0d83957c1ecacc6a0b6462bdf3b1f0,2639,   一个 family 的目标是提供：,unverified,,Requires contextual requirement-by-requirement review; inclusion is not completion.
docx_goal.txt,4da8b372c8f07936c1156935114849f85c0d83957c1ecacc6a0b6462bdf3b1f0,2640,       新信息,unverified,,Requires contextual requirement-by-requirement review; inclusion is not completion.
docx_goal.txt,4da8b372c8f07936c1156935114849f85c0d83957c1ecacc6a0b6462bdf3b1f0,2641,       或特定 failure 专长,unverified,,Requires contextual requirement-by-requirement review; inclusion is not completion.
docx_goal.txt,4da8b372c8f07936c1156935114849f85c0d83957c1ecacc6a0b6462bdf3b1f0,2642,       或 calibration 后的互补价值。,unverified,,Requires contextual requirement-by-requirement review; inclusion is not completion.
