run_id,source_artifact,source_sha256,dataset,subject,session/domain,condition,calibration_budget,metadata_notes_json,feature_family,macro_f1,accuracy,log_loss,brier,ece
f8_router_manus_v1,benchmarks/new_bank_v3/F8_ROUTER_MANUS_V1_RESULTS.json,26e46ca5fc22e347c9d69dd1bcdcf00184c3ae05974424091a4addb5540e3e4f,sEMG-MANUS,ALL,validation,frozen_evaluation_trials,1,"{""TD24_is_document_F0"": false, ""classes"": 6, ""ontology"": ""six native finger-flexion gestures"", ""scope"": ""New versioned paired retrospective native 8-channel session routing experiment. Previously inspected sessions are validation/descriptive-final, not a fresh confirmatory holdout. Relative quality shifts are not physical-fault proof. Opt-in, no device claim."", ""source_oof_temperature_calibrated"": false, ""target_calibration_disjoint"": true}",TD24,0.33043938348286167,0.3333333333333333,1.9540762106296607,0.1449872301585547,0.2770659801476998
f8_router_manus_v1,benchmarks/new_bank_v3/F8_ROUTER_MANUS_V1_RESULTS.json,26e46ca5fc22e347c9d69dd1bcdcf00184c3ae05974424091a4addb5540e3e4f,sEMG-MANUS,ALL,validation,frozen_evaluation_trials,1,"{""TD24_is_document_F0"": false, ""classes"": 6, ""ontology"": ""six native finger-flexion gestures"", ""scope"": ""New versioned paired retrospective native 8-channel session routing experiment. Previously inspected sessions are validation/descriptive-final, not a fresh confirmatory holdout. Relative quality shifts are not physical-fault proof. Opt-in, no device claim."", ""source_oof_temperature_calibrated"": false, ""target_calibration_disjoint"": true}",uniform,0.3904273504273504,0.4027777777777778,1.6702765321265738,0.12973672227268798,0.20769774228731727
f8_router_manus_v1,benchmarks/new_bank_v3/F8_ROUTER_MANUS_V1_RESULTS.json,26e46ca5fc22e347c9d69dd1bcdcf00184c3ae05974424091a4addb5540e3e4f,sEMG-MANUS,ALL,validation,frozen_evaluation_trials,1,"{""TD24_is_document_F0"": false, ""classes"": 6, ""ontology"": ""six native finger-flexion gestures"", ""scope"": ""New versioned paired retrospective native 8-channel session routing experiment. Previously inspected sessions are validation/descriptive-final, not a fresh confirmatory holdout. Relative quality shifts are not physical-fault proof. Opt-in, no device claim."", ""source_oof_temperature_calibrated"": false, ""target_calibration_disjoint"": true}",F8,0.39099457971717505,0.4027777777777778,1.6596259083960707,0.12825101348968368,0.18055306409756172
f8_router_manus_v1,benchmarks/new_bank_v3/F8_ROUTER_MANUS_V1_RESULTS.json,26e46ca5fc22e347c9d69dd1bcdcf00184c3ae05974424091a4addb5540e3e4f,sEMG-MANUS,3,validation,frozen_evaluation_trials,1,"{""TD24_is_document_F0"": false, ""classes"": 6, ""ontology"": ""six native finger-flexion gestures"", ""scope"": ""New versioned paired retrospective native 8-channel session routing experiment. Previously inspected sessions are validation/descriptive-final, not a fresh confirmatory holdout. Relative quality shifts are not physical-fault proof. Opt-in, no device claim."", ""source_oof_temperature_calibrated"": false, ""target_calibration_disjoint"": true}",TD24,0.3383838383838384,0.4166666666666667,1.4639962008969416,0.12192186666657864,0.39596067488193143
f8_router_manus_v1,benchmarks/new_bank_v3/F8_ROUTER_MANUS_V1_RESULTS.json,26e46ca5fc22e347c9d69dd1bcdcf00184c3ae05974424091a4addb5540e3e4f,sEMG-MANUS,3,validation,frozen_evaluation_trials,1,"{""TD24_is_document_F0"": false, ""classes"": 6, ""ontology"": ""six native finger-flexion gestures"", ""scope"": ""New versioned paired retrospective native 8-channel session routing experiment. Previously inspected sessions are validation/descriptive-final, not a fresh confirmatory holdout. Relative quality shifts are not physical-fault proof. Opt-in, no device claim."", ""source_oof_temperature_calibrated"": false, ""target_calibration_disjoint"": true}",uniform,0.5185185185185185,0.5833333333333334,1.2265164660693986,0.10069195921397361,0.22921679998675987
f8_router_manus_v1,benchmarks/new_bank_v3/F8_ROUTER_MANUS_V1_RESULTS.json,26e46ca5fc22e347c9d69dd1bcdcf00184c3ae05974424091a4addb5540e3e4f,sEMG-MANUS,3,validation,frozen_evaluation_trials,1,"{""TD24_is_document_F0"": false, ""classes"": 6, ""ontology"": ""six native finger-flexion gestures"", ""scope"": ""New versioned paired retrospective native 8-channel session routing experiment. Previously inspected sessions are validation/descriptive-final, not a fresh confirmatory holdout. Relative quality shifts are not physical-fault proof. Opt-in, no device claim."", ""source_oof_temperature_calibrated"": false, ""target_calibration_disjoint"": true}",F8,0.49999999999999994,0.5,1.2056389704944024,0.09655455014897385,0.22841392063061325
f8_router_manus_v1,benchmarks/new_bank_v3/F8_ROUTER_MANUS_V1_RESULTS.json,26e46ca5fc22e347c9d69dd1bcdcf00184c3ae05974424091a4addb5540e3e4f,sEMG-MANUS,4,validation,frozen_evaluation_trials,1,"{""TD24_is_document_F0"": false, ""classes"": 6, ""ontology"": ""six native finger-flexion gestures"", ""scope"": ""New versioned paired retrospective native 8-channel session routing experiment. Previously inspected sessions are validation/descriptive-final, not a fresh confirmatory holdout. Relative quality shifts are not physical-fault proof. Opt-in, no device claim."", ""source_oof_temperature_calibrated"": false, ""target_calibration_disjoint"": true}",TD24,0.3333333333333333,0.3333333333333333,2.2176347473514633,0.1440480483043115,0.40097523646248223
f8_router_manus_v1,benchmarks/new_bank_v3/F8_ROUTER_MANUS_V1_RESULTS.json,26e46ca5fc22e347c9d69dd1bcdcf00184c3ae05974424091a4addb5540e3e4f,sEMG-MANUS,4,validation,frozen_evaluation_trials,1,"{""TD24_is_document_F0"": false, ""classes"": 6, ""ontology"": ""six native finger-flexion gestures"", ""scope"": ""New versioned paired retrospective native 8-channel session routing experiment. Previously inspected sessions are validation/descriptive-final, not a fresh confirmatory holdout. Relative quality shifts are not physical-fault proof. Opt-in, no device claim."", ""source_oof_temperature_calibrated"": false, ""target_calibration_disjoint"": true}",uniform,0.373015873015873,0.4166666666666667,2.1974840813126275,0.13191153988102272,0.2257794875378739
f8_router_manus_v1,benchmarks/new_bank_v3/F8_ROUTER_MANUS_V1_RESULTS.json,26e46ca5fc22e347c9d69dd1bcdcf00184c3ae05974424091a4addb5540e3e4f,sEMG-MANUS,4,validation,frozen_evaluation_trials,1,"{""TD24_is_document_F0"": false, ""classes"": 6, ""ontology"": ""six native finger-flexion gestures"", ""scope"": ""New versioned paired retrospective native 8-channel session routing experiment. Previously inspected sessions are validation/descriptive-final, not a fresh confirmatory holdout. Relative quality shifts are not physical-fault proof. Opt-in, no device claim."", ""source_oof_temperature_calibrated"": false, ""target_calibration_disjoint"": true}",F8,0.373015873015873,0.4166666666666667,2.2099997411190793,0.13347217076111192,0.22880883789259399
f8_router_manus_v1,benchmarks/new_bank_v3/F8_ROUTER_MANUS_V1_RESULTS.json,26e46ca5fc22e347c9d69dd1bcdcf00184c3ae05974424091a4addb5540e3e4f,sEMG-MANUS,5,validation,frozen_evaluation_trials,1,"{""TD24_is_document_F0"": false, ""classes"": 6, ""ontology"": ""six native finger-flexion gestures"", ""scope"": ""New versioned paired retrospective native 8-channel session routing experiment. Previously inspected sessions are validation/descriptive-final, not a fresh confirmatory holdout. Relative quality shifts are not physical-fault proof. Opt-in, no device claim."", ""source_oof_temperature_calibrated"": false, ""target_calibration_disjoint"": true}",TD24,0.1717171717171717,0.25,2.405512860570894,0.16535813435304936,0.4907194702232296
f8_router_manus_v1,benchmarks/new_bank_v3/F8_ROUTER_MANUS_V1_RESULTS.json,26e46ca5fc22e347c9d69dd1bcdcf00184c3ae05974424091a4addb5540e3e4f,sEMG-MANUS,5,validation,frozen_evaluation_trials,1,"{""TD24_is_document_F0"": false, ""classes"": 6, ""ontology"": ""six native finger-flexion gestures"", ""scope"": ""New versioned paired retrospective native 8-channel session routing experiment. Previously inspected sessions are validation/descriptive-final, not a fresh confirmatory holdout. Relative quality shifts are not physical-fault proof. Opt-in, no device claim."", ""source_oof_temperature_calibrated"": false, ""target_calibration_disjoint"": true}",uniform,0.2272727272727273,0.3333333333333333,1.5833756585173624,0.1379383805704325,0.4228956424325559
f8_router_manus_v1,benchmarks/new_bank_v3/F8_ROUTER_MANUS_V1_RESULTS.json,26e46ca5fc22e347c9d69dd1bcdcf00184c3ae05974424091a4addb5540e3e4f,sEMG-MANUS,5,validation,frozen_evaluation_trials,1,"{""TD24_is_document_F0"": false, ""classes"": 6, ""ontology"": ""six native finger-flexion gestures"", ""scope"": ""New versioned paired retrospective native 8-channel session routing experiment. Previously inspected sessions are validation/descriptive-final, not a fresh confirmatory holdout. Relative quality shifts are not physical-fault proof. Opt-in, no device claim."", ""source_oof_temperature_calibrated"": false, ""target_calibration_disjoint"": true}",F8,0.3383838383838384,0.4166666666666667,1.560134123954117,0.13604540196472162,0.39820641373926835
f8_router_manus_v1,benchmarks/new_bank_v3/F8_ROUTER_MANUS_V1_RESULTS.json,26e46ca5fc22e347c9d69dd1bcdcf00184c3ae05974424091a4addb5540e3e4f,sEMG-MANUS,6,validation,frozen_evaluation_trials,1,"{""TD24_is_document_F0"": false, ""classes"": 6, ""ontology"": ""six native finger-flexion gestures"", ""scope"": ""New versioned paired retrospective native 8-channel session routing experiment. Previously inspected sessions are validation/descriptive-final, not a fresh confirmatory holdout. Relative quality shifts are not physical-fault proof. Opt-in, no device claim."", ""source_oof_temperature_calibrated"": false, ""target_calibration_disjoint"": true}",TD24,0.4666666666666666,0.5,1.6954009818208897,0.14591276341559614,0.4475533985097683
f8_router_manus_v1,benchmarks/new_bank_v3/F8_ROUTER_MANUS_V1_RESULTS.json,26e46ca5fc22e347c9d69dd1bcdcf00184c3ae05974424091a4addb5540e3e4f,sEMG-MANUS,6,validation,frozen_evaluation_trials,1,"{""TD24_is_document_F0"": false, ""classes"": 6, ""ontology"": ""six native finger-flexion gestures"", ""scope"": ""New versioned paired retrospective native 8-channel session routing experiment. Previously inspected sessions are validation/descriptive-final, not a fresh confirmatory holdout. Relative quality shifts are not physical-fault proof. Opt-in, no device claim."", ""source_oof_temperature_calibrated"": false, ""target_calibration_disjoint"": true}",uniform,0.4666666666666666,0.5,1.242016414331036,0.11571214579641914,0.33033899106151876
f8_router_manus_v1,benchmarks/new_bank_v3/F8_ROUTER_MANUS_V1_RESULTS.json,26e46ca5fc22e347c9d69dd1bcdcf00184c3ae05974424091a4addb5540e3e4f,sEMG-MANUS,6,validation,frozen_evaluation_trials,1,"{""TD24_is_document_F0"": false, ""classes"": 6, ""ontology"": ""six native finger-flexion gestures"", ""scope"": ""New versioned paired retrospective native 8-channel session routing experiment. Previously inspected sessions are validation/descriptive-final, not a fresh confirmatory holdout. Relative quality shifts are not physical-fault proof. Opt-in, no device claim."", ""source_oof_temperature_calibrated"": false, ""target_calibration_disjoint"": true}",F8,0.4444444444444444,0.5,1.1923473946301943,0.11055272567393223,0.20638811285247166
f8_router_manus_v1,benchmarks/new_bank_v3/F8_ROUTER_MANUS_V1_RESULTS.json,26e46ca5fc22e347c9d69dd1bcdcf00184c3ae05974424091a4addb5540e3e4f,sEMG-MANUS,7,validation,frozen_evaluation_trials,1,"{""TD24_is_document_F0"": false, ""classes"": 6, ""ontology"": ""six native finger-flexion gestures"", ""scope"": ""New versioned paired retrospective native 8-channel session routing experiment. Previously inspected sessions are validation/descriptive-final, not a fresh confirmatory holdout. Relative quality shifts are not physical-fault proof. Opt-in, no device claim."", ""source_oof_temperature_calibrated"": false, ""target_calibration_disjoint"": true}",TD24,0.27777777777777773,0.3333333333333333,2.35253827402907,0.15902863885453306,0.30508876190282497
f8_router_manus_v1,benchmarks/new_bank_v3/F8_ROUTER_MANUS_V1_RESULTS.json,26e46ca5fc22e347c9d69dd1bcdcf00184c3ae05974424091a4addb5540e3e4f,sEMG-MANUS,7,validation,frozen_evaluation_trials,1,"{""TD24_is_document_F0"": false, ""classes"": 6, ""ontology"": ""six native finger-flexion gestures"", ""scope"": ""New versioned paired retrospective native 8-channel session routing experiment. Previously inspected sessions are validation/descriptive-final, not a fresh confirmatory holdout. Relative quality shifts are not physical-fault proof. Opt-in, no device claim."", ""source_oof_temperature_calibrated"": false, ""target_calibration_disjoint"": true}",uniform,0.24444444444444446,0.25,2.235883724725798,0.16007356005454104,0.3042613104945758
f8_router_manus_v1,benchmarks/new_bank_v3/F8_ROUTER_MANUS_V1_RESULTS.json,26e46ca5fc22e347c9d69dd1bcdcf00184c3ae05974424091a4addb5540e3e4f,sEMG-MANUS,7,validation,frozen_evaluation_trials,1,"{""TD24_is_document_F0"": false, ""classes"": 6, ""ontology"": ""six native finger-flexion gestures"", ""scope"": ""New versioned paired retrospective native 8-channel session routing experiment. Previously inspected sessions are validation/descriptive-final, not a fresh confirmatory holdout. Relative quality shifts are not physical-fault proof. Opt-in, no device claim."", ""source_oof_temperature_calibrated"": false, ""target_calibration_disjoint"": true}",F8,0.24444444444444446,0.25,2.2476098367397626,0.16079392319252137,0.36899103168649794
f8_router_manus_v1,benchmarks/new_bank_v3/F8_ROUTER_MANUS_V1_RESULTS.json,26e46ca5fc22e347c9d69dd1bcdcf00184c3ae05974424091a4addb5540e3e4f,sEMG-MANUS,8,validation,frozen_evaluation_trials,1,"{""TD24_is_document_F0"": false, ""classes"": 6, ""ontology"": ""six native finger-flexion gestures"", ""scope"": ""New versioned paired retrospective native 8-channel session routing experiment. Previously inspected sessions are validation/descriptive-final, not a fresh confirmatory holdout. Relative quality shifts are not physical-fault proof. Opt-in, no device claim."", ""source_oof_temperature_calibrated"": false, ""target_calibration_disjoint"": true}",TD24,0.2222222222222222,0.16666666666666666,1.589374199108705,0.1336539293572595,0.375894985112643
f8_router_manus_v1,benchmarks/new_bank_v3/F8_ROUTER_MANUS_V1_RESULTS.json,26e46ca5fc22e347c9d69dd1bcdcf00184c3ae05974424091a4addb5540e3e4f,sEMG-MANUS,8,validation,frozen_evaluation_trials,1,"{""TD24_is_document_F0"": false, ""classes"": 6, ""ontology"": ""six native finger-flexion gestures"", ""scope"": ""New versioned paired retrospective native 8-channel session routing experiment. Previously inspected sessions are validation/descriptive-final, not a fresh confirmatory holdout. Relative quality shifts are not physical-fault proof. Opt-in, no device claim."", ""source_oof_temperature_calibrated"": false, ""target_calibration_disjoint"": true}",uniform,0.28148148148148144,0.3333333333333333,1.5363828478032209,0.13209274811973884,0.37800544158226473
f8_router_manus_v1,benchmarks/new_bank_v3/F8_ROUTER_MANUS_V1_RESULTS.json,26e46ca5fc22e347c9d69dd1bcdcf00184c3ae05974424091a4addb5540e3e4f,sEMG-MANUS,8,validation,frozen_evaluation_trials,1,"{""TD24_is_document_F0"": false, ""classes"": 6, ""ontology"": ""six native finger-flexion gestures"", ""scope"": ""New versioned paired retrospective native 8-channel session routing experiment. Previously inspected sessions are validation/descriptive-final, not a fresh confirmatory holdout. Relative quality shifts are not physical-fault proof. Opt-in, no device claim."", ""source_oof_temperature_calibrated"": false, ""target_calibration_disjoint"": true}",F8,0.28148148148148144,0.3333333333333333,1.54202538343887,0.1320873091968411,0.34450777252929965
f8_router_manus_v1,benchmarks/new_bank_v3/F8_ROUTER_MANUS_V1_RESULTS.json,26e46ca5fc22e347c9d69dd1bcdcf00184c3ae05974424091a4addb5540e3e4f,sEMG-MANUS,ALL,validation,frozen_evaluation_trials,2,"{""TD24_is_document_F0"": false, ""classes"": 6, ""ontology"": ""six native finger-flexion gestures"", ""scope"": ""New versioned paired retrospective native 8-channel session routing experiment. Previously inspected sessions are validation/descriptive-final, not a fresh confirmatory holdout. Relative quality shifts are not physical-fault proof. Opt-in, no device claim."", ""source_oof_temperature_calibrated"": false, ""target_calibration_disjoint"": true}",TD24,0.3654678654678654,0.3888888888888889,1.7639682986409047,0.1363667603385235,0.3388084324203526
f8_router_manus_v1,benchmarks/new_bank_v3/F8_ROUTER_MANUS_V1_RESULTS.json,26e46ca5fc22e347c9d69dd1bcdcf00184c3ae05974424091a4addb5540e3e4f,sEMG-MANUS,ALL,validation,frozen_evaluation_trials,2,"{""TD24_is_document_F0"": false, ""classes"": 6, ""ontology"": ""six native finger-flexion gestures"", ""scope"": ""New versioned paired retrospective native 8-channel session routing experiment. Previously inspected sessions are validation/descriptive-final, not a fresh confirmatory holdout. Relative quality shifts are not physical-fault proof. Opt-in, no device claim."", ""source_oof_temperature_calibrated"": false, ""target_calibration_disjoint"": true}",uniform,0.3725038850038849,0.3888888888888889,1.6373235894856504,0.12786454608841516,0.23552551839756944
f8_router_manus_v1,benchmarks/new_bank_v3/F8_ROUTER_MANUS_V1_RESULTS.json,26e46ca5fc22e347c9d69dd1bcdcf00184c3ae05974424091a4addb5540e3e4f,sEMG-MANUS,ALL,validation,frozen_evaluation_trials,2,"{""TD24_is_document_F0"": false, ""classes"": 6, ""ontology"": ""six native finger-flexion gestures"", ""scope"": ""New versioned paired retrospective native 8-channel session routing experiment. Previously inspected sessions are validation/descriptive-final, not a fresh confirmatory holdout. Relative quality shifts are not physical-fault proof. Opt-in, no device claim."", ""source_oof_temperature_calibrated"": false, ""target_calibration_disjoint"": true}",F8,0.3483115468409586,0.3611111111111111,1.6328471190490275,0.12735673294153985,0.20526853519285432
f8_router_manus_v1,benchmarks/new_bank_v3/F8_ROUTER_MANUS_V1_RESULTS.json,26e46ca5fc22e347c9d69dd1bcdcf00184c3ae05974424091a4addb5540e3e4f,sEMG-MANUS,3,validation,frozen_evaluation_trials,2,"{""TD24_is_document_F0"": false, ""classes"": 6, ""ontology"": ""six native finger-flexion gestures"", ""scope"": ""New versioned paired retrospective native 8-channel session routing experiment. Previously inspected sessions are validation/descriptive-final, not a fresh confirmatory holdout. Relative quality shifts are not physical-fault proof. Opt-in, no device claim."", ""source_oof_temperature_calibrated"": false, ""target_calibration_disjoint"": true}",TD24,0.39999999999999997,0.5,1.5626301563762788,0.11596866216771999,0.4156837506685523
f8_router_manus_v1,benchmarks/new_bank_v3/F8_ROUTER_MANUS_V1_RESULTS.json,26e46ca5fc22e347c9d69dd1bcdcf00184c3ae05974424091a4addb5540e3e4f,sEMG-MANUS,3,validation,frozen_evaluation_trials,2,"{""TD24_is_document_F0"": false, ""classes"": 6, ""ontology"": ""six native finger-flexion gestures"", ""scope"": ""New versioned paired retrospective native 8-channel session routing experiment. Previously inspected sessions are validation/descriptive-final, not a fresh confirmatory holdout. Relative quality shifts are not physical-fault proof. Opt-in, no device claim."", ""source_oof_temperature_calibrated"": false, ""target_calibration_disjoint"": true}",uniform,0.39999999999999997,0.5,1.3657517491685296,0.10561264367288738,0.1454014618011306
f8_router_manus_v1,benchmarks/new_bank_v3/F8_ROUTER_MANUS_V1_RESULTS.json,26e46ca5fc22e347c9d69dd1bcdcf00184c3ae05974424091a4addb5540e3e4f,sEMG-MANUS,3,validation,frozen_evaluation_trials,2,"{""TD24_is_document_F0"": false, ""classes"": 6, ""ontology"": ""six native finger-flexion gestures"", ""scope"": ""New versioned paired retrospective native 8-channel session routing experiment. Previously inspected sessions are validation/descriptive-final, not a fresh confirmatory holdout. Relative quality shifts are not physical-fault proof. Opt-in, no device claim."", ""source_oof_temperature_calibrated"": false, ""target_calibration_disjoint"": true}",F8,0.27777777777777773,0.3333333333333333,1.3538657579534739,0.10510678500404383,0.243168605073024
f8_router_manus_v1,benchmarks/new_bank_v3/F8_ROUTER_MANUS_V1_RESULTS.json,26e46ca5fc22e347c9d69dd1bcdcf00184c3ae05974424091a4addb5540e3e4f,sEMG-MANUS,4,validation,frozen_evaluation_trials,2,"{""TD24_is_document_F0"": false, ""classes"": 6, ""ontology"": ""six native finger-flexion gestures"", ""scope"": ""New versioned paired retrospective native 8-channel session routing experiment. Previously inspected sessions are validation/descriptive-final, not a fresh confirmatory holdout. Relative quality shifts are not physical-fault proof. Opt-in, no device claim."", ""source_oof_temperature_calibrated"": false, ""target_calibration_disjoint"": true}",TD24,0.4444444444444444,0.5,1.8082219803925328,0.12961923997463773,0.5583508973237927
f8_router_manus_v1,benchmarks/new_bank_v3/F8_ROUTER_MANUS_V1_RESULTS.json,26e46ca5fc22e347c9d69dd1bcdcf00184c3ae05974424091a4addb5540e3e4f,sEMG-MANUS,4,validation,frozen_evaluation_trials,2,"{""TD24_is_document_F0"": false, ""classes"": 6, ""ontology"": ""six native finger-flexion gestures"", ""scope"": ""New versioned paired retrospective native 8-channel session routing experiment. Previously inspected sessions are validation/descriptive-final, not a fresh confirmatory holdout. Relative quality shifts are not physical-fault proof. Opt-in, no device claim."", ""source_oof_temperature_calibrated"": false, ""target_calibration_disjoint"": true}",uniform,0.4166666666666667,0.5,1.8713485965344114,0.12424635300442606,0.5127258570161677
f8_router_manus_v1,benchmarks/new_bank_v3/F8_ROUTER_MANUS_V1_RESULTS.json,26e46ca5fc22e347c9d69dd1bcdcf00184c3ae05974424091a4addb5540e3e4f,sEMG-MANUS,4,validation,frozen_evaluation_trials,2,"{""TD24_is_document_F0"": false, ""classes"": 6, ""ontology"": ""six native finger-flexion gestures"", ""scope"": ""New versioned paired retrospective native 8-channel session routing experiment. Previously inspected sessions are validation/descriptive-final, not a fresh confirmatory holdout. Relative quality shifts are not physical-fault proof. Opt-in, no device claim."", ""source_oof_temperature_calibrated"": false, ""target_calibration_disjoint"": true}",F8,0.4166666666666667,0.5,1.8707634743992505,0.12450539110064662,0.38114338173883255
f8_router_manus_v1,benchmarks/new_bank_v3/F8_ROUTER_MANUS_V1_RESULTS.json,26e46ca5fc22e347c9d69dd1bcdcf00184c3ae05974424091a4addb5540e3e4f,sEMG-MANUS,5,validation,frozen_evaluation_trials,2,"{""TD24_is_document_F0"": false, ""classes"": 6, ""ontology"": ""six native finger-flexion gestures"", ""scope"": ""New versioned paired retrospective native 8-channel session routing experiment. Previously inspected sessions are validation/descriptive-final, not a fresh confirmatory holdout. Relative quality shifts are not physical-fault proof. Opt-in, no device claim."", ""source_oof_temperature_calibrated"": false, ""target_calibration_disjoint"": true}",TD24,0.2333333333333333,0.3333333333333333,1.8999451858567449,0.15349841534998804,0.4456207263979777
f8_router_manus_v1,benchmarks/new_bank_v3/F8_ROUTER_MANUS_V1_RESULTS.json,26e46ca5fc22e347c9d69dd1bcdcf00184c3ae05974424091a4addb5540e3e4f,sEMG-MANUS,5,validation,frozen_evaluation_trials,2,"{""TD24_is_document_F0"": false, ""classes"": 6, ""ontology"": ""six native finger-flexion gestures"", ""scope"": ""New versioned paired retrospective native 8-channel session routing experiment. Previously inspected sessions are validation/descriptive-final, not a fresh confirmatory holdout. Relative quality shifts are not physical-fault proof. Opt-in, no device claim."", ""source_oof_temperature_calibrated"": false, ""target_calibration_disjoint"": true}",uniform,0.2333333333333333,0.3333333333333333,1.4661667990341527,0.13362799261533984,0.46218913421038654
f8_router_manus_v1,benchmarks/new_bank_v3/F8_ROUTER_MANUS_V1_RESULTS.json,26e46ca5fc22e347c9d69dd1bcdcf00184c3ae05974424091a4addb5540e3e4f,sEMG-MANUS,5,validation,frozen_evaluation_trials,2,"{""TD24_is_document_F0"": false, ""classes"": 6, ""ontology"": ""six native finger-flexion gestures"", ""scope"": ""New versioned paired retrospective native 8-channel session routing experiment. Previously inspected sessions are validation/descriptive-final, not a fresh confirmatory holdout. Relative quality shifts are not physical-fault proof. Opt-in, no device claim."", ""source_oof_temperature_calibrated"": false, ""target_calibration_disjoint"": true}",F8,0.2333333333333333,0.3333333333333333,1.4536702357255684,0.13214473559207107,0.4578085988007393
f8_router_manus_v1,benchmarks/new_bank_v3/F8_ROUTER_MANUS_V1_RESULTS.json,26e46ca5fc22e347c9d69dd1bcdcf00184c3ae05974424091a4addb5540e3e4f,sEMG-MANUS,6,validation,frozen_evaluation_trials,2,"{""TD24_is_document_F0"": false, ""classes"": 6, ""ontology"": ""six native finger-flexion gestures"", ""scope"": ""New versioned paired retrospective native 8-channel session routing experiment. Previously inspected sessions are validation/descriptive-final, not a fresh confirmatory holdout. Relative quality shifts are not physical-fault proof. Opt-in, no device claim."", ""source_oof_temperature_calibrated"": false, ""target_calibration_disjoint"": true}",TD24,0.4166666666666667,0.5,1.420548863535819,0.13324608525735393,0.45795936567618767
f8_router_manus_v1,benchmarks/new_bank_v3/F8_ROUTER_MANUS_V1_RESULTS.json,26e46ca5fc22e347c9d69dd1bcdcf00184c3ae05974424091a4addb5540e3e4f,sEMG-MANUS,6,validation,frozen_evaluation_trials,2,"{""TD24_is_document_F0"": false, ""classes"": 6, ""ontology"": ""six native finger-flexion gestures"", ""scope"": ""New versioned paired retrospective native 8-channel session routing experiment. Previously inspected sessions are validation/descriptive-final, not a fresh confirmatory holdout. Relative quality shifts are not physical-fault proof. Opt-in, no device claim."", ""source_oof_temperature_calibrated"": false, ""target_calibration_disjoint"": true}",uniform,0.4166666666666667,0.5,1.2711841595509747,0.11362713155683427,0.1993207014047976
f8_router_manus_v1,benchmarks/new_bank_v3/F8_ROUTER_MANUS_V1_RESULTS.json,26e46ca5fc22e347c9d69dd1bcdcf00184c3ae05974424091a4addb5540e3e4f,sEMG-MANUS,6,validation,frozen_evaluation_trials,2,"{""TD24_is_document_F0"": false, ""classes"": 6, ""ontology"": ""six native finger-flexion gestures"", ""scope"": ""New versioned paired retrospective native 8-channel session routing experiment. Previously inspected sessions are validation/descriptive-final, not a fresh confirmatory holdout. Relative quality shifts are not physical-fault proof. Opt-in, no device claim."", ""source_oof_temperature_calibrated"": false, ""target_calibration_disjoint"": true}",F8,0.39999999999999997,0.5,1.252702766545126,0.11139215388067154,0.18766835107222035
f8_router_manus_v1,benchmarks/new_bank_v3/F8_ROUTER_MANUS_V1_RESULTS.json,26e46ca5fc22e347c9d69dd1bcdcf00184c3ae05974424091a4addb5540e3e4f,sEMG-MANUS,7,validation,frozen_evaluation_trials,2,"{""TD24_is_document_F0"": false, ""classes"": 6, ""ontology"": ""six native finger-flexion gestures"", ""scope"": ""New versioned paired retrospective native 8-channel session routing experiment. Previously inspected sessions are validation/descriptive-final, not a fresh confirmatory holdout. Relative quality shifts are not physical-fault proof. Opt-in, no device claim."", ""source_oof_temperature_calibrated"": false, ""target_calibration_disjoint"": true}",TD24,0.27777777777777773,0.3333333333333333,2.3582819485645037,0.15840444468913514,0.20293741536101695
f8_router_manus_v1,benchmarks/new_bank_v3/F8_ROUTER_MANUS_V1_RESULTS.json,26e46ca5fc22e347c9d69dd1bcdcf00184c3ae05974424091a4addb5540e3e4f,sEMG-MANUS,7,validation,frozen_evaluation_trials,2,"{""TD24_is_document_F0"": false, ""classes"": 6, ""ontology"": ""six native finger-flexion gestures"", ""scope"": ""New versioned paired retrospective native 8-channel session routing experiment. Previously inspected sessions are validation/descriptive-final, not a fresh confirmatory holdout. Relative quality shifts are not physical-fault proof. Opt-in, no device claim."", ""source_oof_temperature_calibrated"": false, ""target_calibration_disjoint"": true}",uniform,0.3333333333333333,0.3333333333333333,2.384394226296184,0.15862343054781625,0.19624788619463912
f8_router_manus_v1,benchmarks/new_bank_v3/F8_ROUTER_MANUS_V1_RESULTS.json,26e46ca5fc22e347c9d69dd1bcdcf00184c3ae05974424091a4addb5540e3e4f,sEMG-MANUS,7,validation,frozen_evaluation_trials,2,"{""TD24_is_document_F0"": false, ""classes"": 6, ""ontology"": ""six native finger-flexion gestures"", ""scope"": ""New versioned paired retrospective native 8-channel session routing experiment. Previously inspected sessions are validation/descriptive-final, not a fresh confirmatory holdout. Relative quality shifts are not physical-fault proof. Opt-in, no device claim."", ""source_oof_temperature_calibrated"": false, ""target_calibration_disjoint"": true}",F8,0.3333333333333333,0.3333333333333333,2.383759452952801,0.1585426999586271,0.19687918911865973
f8_router_manus_v1,benchmarks/new_bank_v3/F8_ROUTER_MANUS_V1_RESULTS.json,26e46ca5fc22e347c9d69dd1bcdcf00184c3ae05974424091a4addb5540e3e4f,sEMG-MANUS,8,validation,frozen_evaluation_trials,2,"{""TD24_is_document_F0"": false, ""classes"": 6, ""ontology"": ""six native finger-flexion gestures"", ""scope"": ""New versioned paired retrospective native 8-channel session routing experiment. Previously inspected sessions are validation/descriptive-final, not a fresh confirmatory holdout. Relative quality shifts are not physical-fault proof. Opt-in, no device claim."", ""source_oof_temperature_calibrated"": false, ""target_calibration_disjoint"": true}",TD24,0.16666666666666666,0.16666666666666666,1.5341816571195483,0.127463714592306,0.37513053782962225
f8_router_manus_v1,benchmarks/new_bank_v3/F8_ROUTER_MANUS_V1_RESULTS.json,26e46ca5fc22e347c9d69dd1bcdcf00184c3ae05974424091a4addb5540e3e4f,sEMG-MANUS,8,validation,frozen_evaluation_trials,2,"{""TD24_is_document_F0"": false, ""classes"": 6, ""ontology"": ""six native finger-flexion gestures"", ""scope"": ""New versioned paired retrospective native 8-channel session routing experiment. Previously inspected sessions are validation/descriptive-final, not a fresh confirmatory holdout. Relative quality shifts are not physical-fault proof. Opt-in, no device claim."", ""source_oof_temperature_calibrated"": false, ""target_calibration_disjoint"": true}",uniform,0.1111111111111111,0.16666666666666666,1.4650960063296485,0.13144972513318726,0.40499954724748327
f8_router_manus_v1,benchmarks/new_bank_v3/F8_ROUTER_MANUS_V1_RESULTS.json,26e46ca5fc22e347c9d69dd1bcdcf00184c3ae05974424091a4addb5540e3e4f,sEMG-MANUS,8,validation,frozen_evaluation_trials,2,"{""TD24_is_document_F0"": false, ""classes"": 6, ""ontology"": ""six native finger-flexion gestures"", ""scope"": ""New versioned paired retrospective native 8-channel session routing experiment. Previously inspected sessions are validation/descriptive-final, not a fresh confirmatory holdout. Relative quality shifts are not physical-fault proof. Opt-in, no device claim."", ""source_oof_temperature_calibrated"": false, ""target_calibration_disjoint"": true}",F8,0.1111111111111111,0.16666666666666666,1.4823210267179439,0.13244863211317898,0.4128666000813088
f8_router_manus_v1,benchmarks/new_bank_v3/F8_ROUTER_MANUS_V1_RESULTS.json,26e46ca5fc22e347c9d69dd1bcdcf00184c3ae05974424091a4addb5540e3e4f,sEMG-MANUS,ALL,descriptive_final,frozen_evaluation_trials,1,"{""TD24_is_document_F0"": false, ""classes"": 6, ""ontology"": ""six native finger-flexion gestures"", ""scope"": ""New versioned paired retrospective native 8-channel session routing experiment. Previously inspected sessions are validation/descriptive-final, not a fresh confirmatory holdout. Relative quality shifts are not physical-fault proof. Opt-in, no device claim."", ""source_oof_temperature_calibrated"": false, ""target_calibration_disjoint"": true}",TD24,0.4435532591414944,0.4444444444444444,1.4619148499825867,0.11971994696709273,0.21296171209322487
f8_router_manus_v1,benchmarks/new_bank_v3/F8_ROUTER_MANUS_V1_RESULTS.json,26e46ca5fc22e347c9d69dd1bcdcf00184c3ae05974424091a4addb5540e3e4f,sEMG-MANUS,ALL,descriptive_final,frozen_evaluation_trials,1,"{""TD24_is_document_F0"": false, ""classes"": 6, ""ontology"": ""six native finger-flexion gestures"", ""scope"": ""New versioned paired retrospective native 8-channel session routing experiment. Previously inspected sessions are validation/descriptive-final, not a fresh confirmatory holdout. Relative quality shifts are not physical-fault proof. Opt-in, no device claim."", ""source_oof_temperature_calibrated"": false, ""target_calibration_disjoint"": true}",uniform,0.4873371395110526,0.4861111111111111,1.2937064106487175,0.10800764783831517,0.12588108256151712
f8_router_manus_v1,benchmarks/new_bank_v3/F8_ROUTER_MANUS_V1_RESULTS.json,26e46ca5fc22e347c9d69dd1bcdcf00184c3ae05974424091a4addb5540e3e4f,sEMG-MANUS,ALL,descriptive_final,frozen_evaluation_trials,1,"{""TD24_is_document_F0"": false, ""classes"": 6, ""ontology"": ""six native finger-flexion gestures"", ""scope"": ""New versioned paired retrospective native 8-channel session routing experiment. Previously inspected sessions are validation/descriptive-final, not a fresh confirmatory holdout. Relative quality shifts are not physical-fault proof. Opt-in, no device claim."", ""source_oof_temperature_calibrated"": false, ""target_calibration_disjoint"": true}",F8,0.5138670735019619,0.5138888888888888,1.2975853708748823,0.108880305843051,0.16289092188910703
f8_router_manus_v1,benchmarks/new_bank_v3/F8_ROUTER_MANUS_V1_RESULTS.json,26e46ca5fc22e347c9d69dd1bcdcf00184c3ae05974424091a4addb5540e3e4f,sEMG-MANUS,3,descriptive_final,frozen_evaluation_trials,1,"{""TD24_is_document_F0"": false, ""classes"": 6, ""ontology"": ""six native finger-flexion gestures"", ""scope"": ""New versioned paired retrospective native 8-channel session routing experiment. Previously inspected sessions are validation/descriptive-final, not a fresh confirmatory holdout. Relative quality shifts are not physical-fault proof. Opt-in, no device claim."", ""source_oof_temperature_calibrated"": false, ""target_calibration_disjoint"": true}",TD24,0.1623931623931624,0.25,2.067518450131814,0.15596444214219352,0.4041649081328416
f8_router_manus_v1,benchmarks/new_bank_v3/F8_ROUTER_MANUS_V1_RESULTS.json,26e46ca5fc22e347c9d69dd1bcdcf00184c3ae05974424091a4addb5540e3e4f,sEMG-MANUS,3,descriptive_final,frozen_evaluation_trials,1,"{""TD24_is_document_F0"": false, ""classes"": 6, ""ontology"": ""six native finger-flexion gestures"", ""scope"": ""New versioned paired retrospective native 8-channel session routing experiment. Previously inspected sessions are validation/descriptive-final, not a fresh confirmatory holdout. Relative quality shifts are not physical-fault proof. Opt-in, no device claim."", ""source_oof_temperature_calibrated"": false, ""target_calibration_disjoint"": true}",uniform,0.3383838383838384,0.4166666666666667,1.522187508850427,0.1221050373242927,0.24349306670747922
f8_router_manus_v1,benchmarks/new_bank_v3/F8_ROUTER_MANUS_V1_RESULTS.json,26e46ca5fc22e347c9d69dd1bcdcf00184c3ae05974424091a4addb5540e3e4f,sEMG-MANUS,3,descriptive_final,frozen_evaluation_trials,1,"{""TD24_is_document_F0"": false, ""classes"": 6, ""ontology"": ""six native finger-flexion gestures"", ""scope"": ""New versioned paired retrospective native 8-channel session routing experiment. Previously inspected sessions are validation/descriptive-final, not a fresh confirmatory holdout. Relative quality shifts are not physical-fault proof. Opt-in, no device claim."", ""source_oof_temperature_calibrated"": false, ""target_calibration_disjoint"": true}",F8,0.2833333333333333,0.3333333333333333,1.4984602157127445,0.11980797487051814,0.38740641403266923
f8_router_manus_v1,benchmarks/new_bank_v3/F8_ROUTER_MANUS_V1_RESULTS.json,26e46ca5fc22e347c9d69dd1bcdcf00184c3ae05974424091a4addb5540e3e4f,sEMG-MANUS,4,descriptive_final,frozen_evaluation_trials,1,"{""TD24_is_document_F0"": false, ""classes"": 6, ""ontology"": ""six native finger-flexion gestures"", ""scope"": ""New versioned paired retrospective native 8-channel session routing experiment. Previously inspected sessions are validation/descriptive-final, not a fresh confirmatory holdout. Relative quality shifts are not physical-fault proof. Opt-in, no device claim."", ""source_oof_temperature_calibrated"": false, ""target_calibration_disjoint"": true}",TD24,0.24206349206349206,0.25,1.6549112416949294,0.12728306827337008,0.268939474193594
f8_router_manus_v1,benchmarks/new_bank_v3/F8_ROUTER_MANUS_V1_RESULTS.json,26e46ca5fc22e347c9d69dd1bcdcf00184c3ae05974424091a4addb5540e3e4f,sEMG-MANUS,4,descriptive_final,frozen_evaluation_trials,1,"{""TD24_is_document_F0"": false, ""classes"": 6, ""ontology"": ""six native finger-flexion gestures"", ""scope"": ""New versioned paired retrospective native 8-channel session routing experiment. Previously inspected sessions are validation/descriptive-final, not a fresh confirmatory holdout. Relative quality shifts are not physical-fault proof. Opt-in, no device claim."", ""source_oof_temperature_calibrated"": false, ""target_calibration_disjoint"": true}",uniform,0.49999999999999994,0.5,1.3650479102574613,0.1095171448033115,0.15187937804846183
f8_router_manus_v1,benchmarks/new_bank_v3/F8_ROUTER_MANUS_V1_RESULTS.json,26e46ca5fc22e347c9d69dd1bcdcf00184c3ae05974424091a4addb5540e3e4f,sEMG-MANUS,4,descriptive_final,frozen_evaluation_trials,1,"{""TD24_is_document_F0"": false, ""classes"": 6, ""ontology"": ""six native finger-flexion gestures"", ""scope"": ""New versioned paired retrospective native 8-channel session routing experiment. Previously inspected sessions are validation/descriptive-final, not a fresh confirmatory holdout. Relative quality shifts are not physical-fault proof. Opt-in, no device claim."", ""source_oof_temperature_calibrated"": false, ""target_calibration_disjoint"": true}",F8,0.5277777777777778,0.5,1.3936956912781973,0.11102729764736229,0.1816017428604473
f8_router_manus_v1,benchmarks/new_bank_v3/F8_ROUTER_MANUS_V1_RESULTS.json,26e46ca5fc22e347c9d69dd1bcdcf00184c3ae05974424091a4addb5540e3e4f,sEMG-MANUS,5,descriptive_final,frozen_evaluation_trials,1,"{""TD24_is_document_F0"": false, ""classes"": 6, ""ontology"": ""six native finger-flexion gestures"", ""scope"": ""New versioned paired retrospective native 8-channel session routing experiment. Previously inspected sessions are validation/descriptive-final, not a fresh confirmatory holdout. Relative quality shifts are not physical-fault proof. Opt-in, no device claim."", ""source_oof_temperature_calibrated"": false, ""target_calibration_disjoint"": true}",TD24,0.6174603174603175,0.6666666666666666,0.7814225908843678,0.06642035647016824,0.2103046287831499
f8_router_manus_v1,benchmarks/new_bank_v3/F8_ROUTER_MANUS_V1_RESULTS.json,26e46ca5fc22e347c9d69dd1bcdcf00184c3ae05974424091a4addb5540e3e4f,sEMG-MANUS,5,descriptive_final,frozen_evaluation_trials,1,"{""TD24_is_document_F0"": false, ""classes"": 6, ""ontology"": ""six native finger-flexion gestures"", ""scope"": ""New versioned paired retrospective native 8-channel session routing experiment. Previously inspected sessions are validation/descriptive-final, not a fresh confirmatory holdout. Relative quality shifts are not physical-fault proof. Opt-in, no device claim."", ""source_oof_temperature_calibrated"": false, ""target_calibration_disjoint"": true}",uniform,0.6174603174603175,0.6666666666666666,0.6942828757622937,0.06157384015532836,0.17875919134961965
f8_router_manus_v1,benchmarks/new_bank_v3/F8_ROUTER_MANUS_V1_RESULTS.json,26e46ca5fc22e347c9d69dd1bcdcf00184c3ae05974424091a4addb5540e3e4f,sEMG-MANUS,5,descriptive_final,frozen_evaluation_trials,1,"{""TD24_is_document_F0"": false, ""classes"": 6, ""ontology"": ""six native finger-flexion gestures"", ""scope"": ""New versioned paired retrospective native 8-channel session routing experiment. Previously inspected sessions are validation/descriptive-final, not a fresh confirmatory holdout. Relative quality shifts are not physical-fault proof. Opt-in, no device claim."", ""source_oof_temperature_calibrated"": false, ""target_calibration_disjoint"": true}",F8,0.9111111111111111,0.9166666666666666,0.674308736768589,0.059472947432201724,0.3444220448910013
f8_router_manus_v1,benchmarks/new_bank_v3/F8_ROUTER_MANUS_V1_RESULTS.json,26e46ca5fc22e347c9d69dd1bcdcf00184c3ae05974424091a4addb5540e3e4f,sEMG-MANUS,6,descriptive_final,frozen_evaluation_trials,1,"{""TD24_is_document_F0"": false, ""classes"": 6, ""ontology"": ""six native finger-flexion gestures"", ""scope"": ""New versioned paired retrospective native 8-channel session routing experiment. Previously inspected sessions are validation/descriptive-final, not a fresh confirmatory holdout. Relative quality shifts are not physical-fault proof. Opt-in, no device claim."", ""source_oof_temperature_calibrated"": false, ""target_calibration_disjoint"": true}",TD24,0.5555555555555555,0.6666666666666666,0.9599109299976805,0.09344291110767974,0.3380767811241371
f8_router_manus_v1,benchmarks/new_bank_v3/F8_ROUTER_MANUS_V1_RESULTS.json,26e46ca5fc22e347c9d69dd1bcdcf00184c3ae05974424091a4addb5540e3e4f,sEMG-MANUS,6,descriptive_final,frozen_evaluation_trials,1,"{""TD24_is_document_F0"": false, ""classes"": 6, ""ontology"": ""six native finger-flexion gestures"", ""scope"": ""New versioned paired retrospective native 8-channel session routing experiment. Previously inspected sessions are validation/descriptive-final, not a fresh confirmatory holdout. Relative quality shifts are not physical-fault proof. Opt-in, no device claim."", ""source_oof_temperature_calibrated"": false, ""target_calibration_disjoint"": true}",uniform,0.3611111111111111,0.5,1.0495247446327018,0.09714599003828402,0.3844446336438142
f8_router_manus_v1,benchmarks/new_bank_v3/F8_ROUTER_MANUS_V1_RESULTS.json,26e46ca5fc22e347c9d69dd1bcdcf00184c3ae05974424091a4addb5540e3e4f,sEMG-MANUS,6,descriptive_final,frozen_evaluation_trials,1,"{""TD24_is_document_F0"": false, ""classes"": 6, ""ontology"": ""six native finger-flexion gestures"", ""scope"": ""New versioned paired retrospective native 8-channel session routing experiment. Previously inspected sessions are validation/descriptive-final, not a fresh confirmatory holdout. Relative quality shifts are not physical-fault proof. Opt-in, no device claim."", ""source_oof_temperature_calibrated"": false, ""target_calibration_disjoint"": true}",F8,0.3611111111111111,0.5,1.1472376520818135,0.1058556402155903,0.3285901350219657
f8_router_manus_v1,benchmarks/new_bank_v3/F8_ROUTER_MANUS_V1_RESULTS.json,26e46ca5fc22e347c9d69dd1bcdcf00184c3ae05974424091a4addb5540e3e4f,sEMG-MANUS,7,descriptive_final,frozen_evaluation_trials,1,"{""TD24_is_document_F0"": false, ""classes"": 6, ""ontology"": ""six native finger-flexion gestures"", ""scope"": ""New versioned paired retrospective native 8-channel session routing experiment. Previously inspected sessions are validation/descriptive-final, not a fresh confirmatory holdout. Relative quality shifts are not physical-fault proof. Opt-in, no device claim."", ""source_oof_temperature_calibrated"": false, ""target_calibration_disjoint"": true}",TD24,0.25,0.3333333333333333,2.2121263486771094,0.17677678476232664,0.44485631857898716
f8_router_manus_v1,benchmarks/new_bank_v3/F8_ROUTER_MANUS_V1_RESULTS.json,26e46ca5fc22e347c9d69dd1bcdcf00184c3ae05974424091a4addb5540e3e4f,sEMG-MANUS,7,descriptive_final,frozen_evaluation_trials,1,"{""TD24_is_document_F0"": false, ""classes"": 6, ""ontology"": ""six native finger-flexion gestures"", ""scope"": ""New versioned paired retrospective native 8-channel session routing experiment. Previously inspected sessions are validation/descriptive-final, not a fresh confirmatory holdout. Relative quality shifts are not physical-fault proof. Opt-in, no device claim."", ""source_oof_temperature_calibrated"": false, ""target_calibration_disjoint"": true}",uniform,0.25,0.3333333333333333,1.9405428933385405,0.15101080388887828,0.4315916532471718
f8_router_manus_v1,benchmarks/new_bank_v3/F8_ROUTER_MANUS_V1_RESULTS.json,26e46ca5fc22e347c9d69dd1bcdcf00184c3ae05974424091a4addb5540e3e4f,sEMG-MANUS,7,descriptive_final,frozen_evaluation_trials,1,"{""TD24_is_document_F0"": false, ""classes"": 6, ""ontology"": ""six native finger-flexion gestures"", ""scope"": ""New versioned paired retrospective native 8-channel session routing experiment. Previously inspected sessions are validation/descriptive-final, not a fresh confirmatory holdout. Relative quality shifts are not physical-fault proof. Opt-in, no device claim."", ""source_oof_temperature_calibrated"": false, ""target_calibration_disjoint"": true}",F8,0.25,0.3333333333333333,1.9090806299810696,0.15266686050584355,0.38287851578251364
f8_router_manus_v1,benchmarks/new_bank_v3/F8_ROUTER_MANUS_V1_RESULTS.json,26e46ca5fc22e347c9d69dd1bcdcf00184c3ae05974424091a4addb5540e3e4f,sEMG-MANUS,8,descriptive_final,frozen_evaluation_trials,1,"{""TD24_is_document_F0"": false, ""classes"": 6, ""ontology"": ""six native finger-flexion gestures"", ""scope"": ""New versioned paired retrospective native 8-channel session routing experiment. Previously inspected sessions are validation/descriptive-final, not a fresh confirmatory holdout. Relative quality shifts are not physical-fault proof. Opt-in, no device claim."", ""source_oof_temperature_calibrated"": false, ""target_calibration_disjoint"": true}",TD24,0.41111111111111115,0.5,1.09559953850962,0.09843211904681809,0.2514486351291217
f8_router_manus_v1,benchmarks/new_bank_v3/F8_ROUTER_MANUS_V1_RESULTS.json,26e46ca5fc22e347c9d69dd1bcdcf00184c3ae05974424091a4addb5540e3e4f,sEMG-MANUS,8,descriptive_final,frozen_evaluation_trials,1,"{""TD24_is_document_F0"": false, ""classes"": 6, ""ontology"": ""six native finger-flexion gestures"", ""scope"": ""New versioned paired retrospective native 8-channel session routing experiment. Previously inspected sessions are validation/descriptive-final, not a fresh confirmatory holdout. Relative quality shifts are not physical-fault proof. Opt-in, no device claim."", ""source_oof_temperature_calibrated"": false, ""target_calibration_disjoint"": true}",uniform,0.5,0.5,1.190652531050879,0.10669307081979618,0.27348776481649967
f8_router_manus_v1,benchmarks/new_bank_v3/F8_ROUTER_MANUS_V1_RESULTS.json,26e46ca5fc22e347c9d69dd1bcdcf00184c3ae05974424091a4addb5540e3e4f,sEMG-MANUS,8,descriptive_final,frozen_evaluation_trials,1,"{""TD24_is_document_F0"": false, ""classes"": 6, ""ontology"": ""six native finger-flexion gestures"", ""scope"": ""New versioned paired retrospective native 8-channel session routing experiment. Previously inspected sessions are validation/descriptive-final, not a fresh confirmatory holdout. Relative quality shifts are not physical-fault proof. Opt-in, no device claim."", ""source_oof_temperature_calibrated"": false, ""target_calibration_disjoint"": true}",F8,0.5,0.5,1.16272929942688,0.10445111438679008,0.20767794579893892
f8_router_manus_v1,benchmarks/new_bank_v3/F8_ROUTER_MANUS_V1_RESULTS.json,26e46ca5fc22e347c9d69dd1bcdcf00184c3ae05974424091a4addb5540e3e4f,sEMG-MANUS,ALL,descriptive_final,frozen_evaluation_trials,2,"{""TD24_is_document_F0"": false, ""classes"": 6, ""ontology"": ""six native finger-flexion gestures"", ""scope"": ""New versioned paired retrospective native 8-channel session routing experiment. Previously inspected sessions are validation/descriptive-final, not a fresh confirmatory holdout. Relative quality shifts are not physical-fault proof. Opt-in, no device claim."", ""source_oof_temperature_calibrated"": false, ""target_calibration_disjoint"": true}",TD24,0.40751310093415355,0.4166666666666667,1.3416235617623746,0.11679047051836779,0.23131549854819178
f8_router_manus_v1,benchmarks/new_bank_v3/F8_ROUTER_MANUS_V1_RESULTS.json,26e46ca5fc22e347c9d69dd1bcdcf00184c3ae05974424091a4addb5540e3e4f,sEMG-MANUS,ALL,descriptive_final,frozen_evaluation_trials,2,"{""TD24_is_document_F0"": false, ""classes"": 6, ""ontology"": ""six native finger-flexion gestures"", ""scope"": ""New versioned paired retrospective native 8-channel session routing experiment. Previously inspected sessions are validation/descriptive-final, not a fresh confirmatory holdout. Relative quality shifts are not physical-fault proof. Opt-in, no device claim."", ""source_oof_temperature_calibrated"": false, ""target_calibration_disjoint"": true}",uniform,0.5031450031450032,0.5,1.2210874894522,0.1056623143351107,0.18385341188803472
f8_router_manus_v1,benchmarks/new_bank_v3/F8_ROUTER_MANUS_V1_RESULTS.json,26e46ca5fc22e347c9d69dd1bcdcf00184c3ae05974424091a4addb5540e3e4f,sEMG-MANUS,ALL,descriptive_final,frozen_evaluation_trials,2,"{""TD24_is_document_F0"": false, ""classes"": 6, ""ontology"": ""six native finger-flexion gestures"", ""scope"": ""New versioned paired retrospective native 8-channel session routing experiment. Previously inspected sessions are validation/descriptive-final, not a fresh confirmatory holdout. Relative quality shifts are not physical-fault proof. Opt-in, no device claim."", ""source_oof_temperature_calibrated"": false, ""target_calibration_disjoint"": true}",F8,0.4991045991045991,0.5,1.206568295984997,0.1053301924955629,0.234626864400389
f8_router_manus_v1,benchmarks/new_bank_v3/F8_ROUTER_MANUS_V1_RESULTS.json,26e46ca5fc22e347c9d69dd1bcdcf00184c3ae05974424091a4addb5540e3e4f,sEMG-MANUS,3,descriptive_final,frozen_evaluation_trials,2,"{""TD24_is_document_F0"": false, ""classes"": 6, ""ontology"": ""six native finger-flexion gestures"", ""scope"": ""New versioned paired retrospective native 8-channel session routing experiment. Previously inspected sessions are validation/descriptive-final, not a fresh confirmatory holdout. Relative quality shifts are not physical-fault proof. Opt-in, no device claim."", ""source_oof_temperature_calibrated"": false, ""target_calibration_disjoint"": true}",TD24,0.047619047619047616,0.16666666666666666,2.3015146239101756,0.1760897132142916,0.48941697372627024
f8_router_manus_v1,benchmarks/new_bank_v3/F8_ROUTER_MANUS_V1_RESULTS.json,26e46ca5fc22e347c9d69dd1bcdcf00184c3ae05974424091a4addb5540e3e4f,sEMG-MANUS,3,descriptive_final,frozen_evaluation_trials,2,"{""TD24_is_document_F0"": false, ""classes"": 6, ""ontology"": ""six native finger-flexion gestures"", ""scope"": ""New versioned paired retrospective native 8-channel session routing experiment. Previously inspected sessions are validation/descriptive-final, not a fresh confirmatory holdout. Relative quality shifts are not physical-fault proof. Opt-in, no device claim."", ""source_oof_temperature_calibrated"": false, ""target_calibration_disjoint"": true}",uniform,0.2222222222222222,0.3333333333333333,1.6723460612101435,0.1375186502155981,0.33596513845476844
f8_router_manus_v1,benchmarks/new_bank_v3/F8_ROUTER_MANUS_V1_RESULTS.json,26e46ca5fc22e347c9d69dd1bcdcf00184c3ae05974424091a4addb5540e3e4f,sEMG-MANUS,3,descriptive_final,frozen_evaluation_trials,2,"{""TD24_is_document_F0"": false, ""classes"": 6, ""ontology"": ""six native finger-flexion gestures"", ""scope"": ""New versioned paired retrospective native 8-channel session routing experiment. Previously inspected sessions are validation/descriptive-final, not a fresh confirmatory holdout. Relative quality shifts are not physical-fault proof. Opt-in, no device claim."", ""source_oof_temperature_calibrated"": false, ""target_calibration_disjoint"": true}",F8,0.16666666666666666,0.16666666666666666,1.638865269940774,0.13437382069672454,0.47401582803548614
f8_router_manus_v1,benchmarks/new_bank_v3/F8_ROUTER_MANUS_V1_RESULTS.json,26e46ca5fc22e347c9d69dd1bcdcf00184c3ae05974424091a4addb5540e3e4f,sEMG-MANUS,4,descriptive_final,frozen_evaluation_trials,2,"{""TD24_is_document_F0"": false, ""classes"": 6, ""ontology"": ""six native finger-flexion gestures"", ""scope"": ""New versioned paired retrospective native 8-channel session routing experiment. Previously inspected sessions are validation/descriptive-final, not a fresh confirmatory holdout. Relative quality shifts are not physical-fault proof. Opt-in, no device claim."", ""source_oof_temperature_calibrated"": false, ""target_calibration_disjoint"": true}",TD24,0.25,0.3333333333333333,1.090621228975472,0.10352184939295471,0.271057099184695
f8_router_manus_v1,benchmarks/new_bank_v3/F8_ROUTER_MANUS_V1_RESULTS.json,26e46ca5fc22e347c9d69dd1bcdcf00184c3ae05974424091a4addb5540e3e4f,sEMG-MANUS,4,descriptive_final,frozen_evaluation_trials,2,"{""TD24_is_document_F0"": false, ""classes"": 6, ""ontology"": ""six native finger-flexion gestures"", ""scope"": ""New versioned paired retrospective native 8-channel session routing experiment. Previously inspected sessions are validation/descriptive-final, not a fresh confirmatory holdout. Relative quality shifts are not physical-fault proof. Opt-in, no device claim."", ""source_oof_temperature_calibrated"": false, ""target_calibration_disjoint"": true}",uniform,0.7777777777777777,0.8333333333333334,0.9092397408797294,0.07868901334304029,0.37804506672414473
f8_router_manus_v1,benchmarks/new_bank_v3/F8_ROUTER_MANUS_V1_RESULTS.json,26e46ca5fc22e347c9d69dd1bcdcf00184c3ae05974424091a4addb5540e3e4f,sEMG-MANUS,4,descriptive_final,frozen_evaluation_trials,2,"{""TD24_is_document_F0"": false, ""classes"": 6, ""ontology"": ""six native finger-flexion gestures"", ""scope"": ""New versioned paired retrospective native 8-channel session routing experiment. Previously inspected sessions are validation/descriptive-final, not a fresh confirmatory holdout. Relative quality shifts are not physical-fault proof. Opt-in, no device claim."", ""source_oof_temperature_calibrated"": false, ""target_calibration_disjoint"": true}",F8,0.7777777777777777,0.8333333333333334,0.9025517064527567,0.07904796710649337,0.378032220210273
f8_router_manus_v1,benchmarks/new_bank_v3/F8_ROUTER_MANUS_V1_RESULTS.json,26e46ca5fc22e347c9d69dd1bcdcf00184c3ae05974424091a4addb5540e3e4f,sEMG-MANUS,5,descriptive_final,frozen_evaluation_trials,2,"{""TD24_is_document_F0"": false, ""classes"": 6, ""ontology"": ""six native finger-flexion gestures"", ""scope"": ""New versioned paired retrospective native 8-channel session routing experiment. Previously inspected sessions are validation/descriptive-final, not a fresh confirmatory holdout. Relative quality shifts are not physical-fault proof. Opt-in, no device claim."", ""source_oof_temperature_calibrated"": false, ""target_calibration_disjoint"": true}",TD24,0.5833333333333334,0.6666666666666666,0.7556450359860415,0.06608685711008419,0.2175472323651684
f8_router_manus_v1,benchmarks/new_bank_v3/F8_ROUTER_MANUS_V1_RESULTS.json,26e46ca5fc22e347c9d69dd1bcdcf00184c3ae05974424091a4addb5540e3e4f,sEMG-MANUS,5,descriptive_final,frozen_evaluation_trials,2,"{""TD24_is_document_F0"": false, ""classes"": 6, ""ontology"": ""six native finger-flexion gestures"", ""scope"": ""New versioned paired retrospective native 8-channel session routing experiment. Previously inspected sessions are validation/descriptive-final, not a fresh confirmatory holdout. Relative quality shifts are not physical-fault proof. Opt-in, no device claim."", ""source_oof_temperature_calibrated"": false, ""target_calibration_disjoint"": true}",uniform,0.5833333333333334,0.6666666666666666,0.7104304074647073,0.06608381763778648,0.26994410462089485
f8_router_manus_v1,benchmarks/new_bank_v3/F8_ROUTER_MANUS_V1_RESULTS.json,26e46ca5fc22e347c9d69dd1bcdcf00184c3ae05974424091a4addb5540e3e4f,sEMG-MANUS,5,descriptive_final,frozen_evaluation_trials,2,"{""TD24_is_document_F0"": false, ""classes"": 6, ""ontology"": ""six native finger-flexion gestures"", ""scope"": ""New versioned paired retrospective native 8-channel session routing experiment. Previously inspected sessions are validation/descriptive-final, not a fresh confirmatory holdout. Relative quality shifts are not physical-fault proof. Opt-in, no device claim."", ""source_oof_temperature_calibrated"": false, ""target_calibration_disjoint"": true}",F8,0.7777777777777777,0.8333333333333334,0.7021212970269995,0.06527212916107986,0.4339128815756792
f8_router_manus_v1,benchmarks/new_bank_v3/F8_ROUTER_MANUS_V1_RESULTS.json,26e46ca5fc22e347c9d69dd1bcdcf00184c3ae05974424091a4addb5540e3e4f,sEMG-MANUS,6,descriptive_final,frozen_evaluation_trials,2,"{""TD24_is_document_F0"": false, ""classes"": 6, ""ontology"": ""six native finger-flexion gestures"", ""scope"": ""New versioned paired retrospective native 8-channel session routing experiment. Previously inspected sessions are validation/descriptive-final, not a fresh confirmatory holdout. Relative quality shifts are not physical-fault proof. Opt-in, no device claim."", ""source_oof_temperature_calibrated"": false, ""target_calibration_disjoint"": true}",TD24,0.5555555555555555,0.6666666666666666,0.7549469407168184,0.07960775819673102,0.24643023005314166
f8_router_manus_v1,benchmarks/new_bank_v3/F8_ROUTER_MANUS_V1_RESULTS.json,26e46ca5fc22e347c9d69dd1bcdcf00184c3ae05974424091a4addb5540e3e4f,sEMG-MANUS,6,descriptive_final,frozen_evaluation_trials,2,"{""TD24_is_document_F0"": false, ""classes"": 6, ""ontology"": ""six native finger-flexion gestures"", ""scope"": ""New versioned paired retrospective native 8-channel session routing experiment. Previously inspected sessions are validation/descriptive-final, not a fresh confirmatory holdout. Relative quality shifts are not physical-fault proof. Opt-in, no device claim."", ""source_oof_temperature_calibrated"": false, ""target_calibration_disjoint"": true}",uniform,0.3611111111111111,0.5,0.818718372966826,0.07856358018669093,0.34381541592273696
f8_router_manus_v1,benchmarks/new_bank_v3/F8_ROUTER_MANUS_V1_RESULTS.json,26e46ca5fc22e347c9d69dd1bcdcf00184c3ae05974424091a4addb5540e3e4f,sEMG-MANUS,6,descriptive_final,frozen_evaluation_trials,2,"{""TD24_is_document_F0"": false, ""classes"": 6, ""ontology"": ""six native finger-flexion gestures"", ""scope"": ""New versioned paired retrospective native 8-channel session routing experiment. Previously inspected sessions are validation/descriptive-final, not a fresh confirmatory holdout. Relative quality shifts are not physical-fault proof. Opt-in, no device claim."", ""source_oof_temperature_calibrated"": false, ""target_calibration_disjoint"": true}",F8,0.3611111111111111,0.5,0.8817307382292189,0.08428214911892412,0.3549775769909431
f8_router_manus_v1,benchmarks/new_bank_v3/F8_ROUTER_MANUS_V1_RESULTS.json,26e46ca5fc22e347c9d69dd1bcdcf00184c3ae05974424091a4addb5540e3e4f,sEMG-MANUS,7,descriptive_final,frozen_evaluation_trials,2,"{""TD24_is_document_F0"": false, ""classes"": 6, ""ontology"": ""six native finger-flexion gestures"", ""scope"": ""New versioned paired retrospective native 8-channel session routing experiment. Previously inspected sessions are validation/descriptive-final, not a fresh confirmatory holdout. Relative quality shifts are not physical-fault proof. Opt-in, no device claim."", ""source_oof_temperature_calibrated"": false, ""target_calibration_disjoint"": true}",TD24,0.25,0.3333333333333333,2.0605511108364154,0.17495150842811302,0.4055036530145102
f8_router_manus_v1,benchmarks/new_bank_v3/F8_ROUTER_MANUS_V1_RESULTS.json,26e46ca5fc22e347c9d69dd1bcdcf00184c3ae05974424091a4addb5540e3e4f,sEMG-MANUS,7,descriptive_final,frozen_evaluation_trials,2,"{""TD24_is_document_F0"": false, ""classes"": 6, ""ontology"": ""six native finger-flexion gestures"", ""scope"": ""New versioned paired retrospective native 8-channel session routing experiment. Previously inspected sessions are validation/descriptive-final, not a fresh confirmatory holdout. Relative quality shifts are not physical-fault proof. Opt-in, no device claim."", ""source_oof_temperature_calibrated"": false, ""target_calibration_disjoint"": true}",uniform,0.25,0.3333333333333333,1.8698774281600137,0.15192293051327369,0.41693498497409726
f8_router_manus_v1,benchmarks/new_bank_v3/F8_ROUTER_MANUS_V1_RESULTS.json,26e46ca5fc22e347c9d69dd1bcdcf00184c3ae05974424091a4addb5540e3e4f,sEMG-MANUS,7,descriptive_final,frozen_evaluation_trials,2,"{""TD24_is_document_F0"": false, ""classes"": 6, ""ontology"": ""six native finger-flexion gestures"", ""scope"": ""New versioned paired retrospective native 8-channel session routing experiment. Previously inspected sessions are validation/descriptive-final, not a fresh confirmatory holdout. Relative quality shifts are not physical-fault proof. Opt-in, no device claim."", ""source_oof_temperature_calibrated"": false, ""target_calibration_disjoint"": true}",F8,0.25,0.3333333333333333,1.8091736610465992,0.15084818096614236,0.3032587595966619
f8_router_manus_v1,benchmarks/new_bank_v3/F8_ROUTER_MANUS_V1_RESULTS.json,26e46ca5fc22e347c9d69dd1bcdcf00184c3ae05974424091a4addb5540e3e4f,sEMG-MANUS,8,descriptive_final,frozen_evaluation_trials,2,"{""TD24_is_document_F0"": false, ""classes"": 6, ""ontology"": ""six native finger-flexion gestures"", ""scope"": ""New versioned paired retrospective native 8-channel session routing experiment. Previously inspected sessions are validation/descriptive-final, not a fresh confirmatory holdout. Relative quality shifts are not physical-fault proof. Opt-in, no device claim."", ""source_oof_temperature_calibrated"": false, ""target_calibration_disjoint"": true}",TD24,0.2333333333333333,0.3333333333333333,1.0864624301493238,0.10048513676803218,0.26549912120970487
f8_router_manus_v1,benchmarks/new_bank_v3/F8_ROUTER_MANUS_V1_RESULTS.json,26e46ca5fc22e347c9d69dd1bcdcf00184c3ae05974424091a4addb5540e3e4f,sEMG-MANUS,8,descriptive_final,frozen_evaluation_trials,2,"{""TD24_is_document_F0"": false, ""classes"": 6, ""ontology"": ""six native finger-flexion gestures"", ""scope"": ""New versioned paired retrospective native 8-channel session routing experiment. Previously inspected sessions are validation/descriptive-final, not a fresh confirmatory holdout. Relative quality shifts are not physical-fault proof. Opt-in, no device claim."", ""source_oof_temperature_calibrated"": false, ""target_calibration_disjoint"": true}",uniform,0.2333333333333333,0.3333333333333333,1.3459129260317804,0.12119589411427459,0.44231370316351276
f8_router_manus_v1,benchmarks/new_bank_v3/F8_ROUTER_MANUS_V1_RESULTS.json,26e46ca5fc22e347c9d69dd1bcdcf00184c3ae05974424091a4addb5540e3e4f,sEMG-MANUS,8,descriptive_final,frozen_evaluation_trials,2,"{""TD24_is_document_F0"": false, ""classes"": 6, ""ontology"": ""six native finger-flexion gestures"", ""scope"": ""New versioned paired retrospective native 8-channel session routing experiment. Previously inspected sessions are validation/descriptive-final, not a fresh confirmatory holdout. Relative quality shifts are not physical-fault proof. Opt-in, no device claim."", ""source_oof_temperature_calibrated"": false, ""target_calibration_disjoint"": true}",F8,0.2333333333333333,0.3333333333333333,1.3049671032136352,0.11815690792401316,0.31853123819611384
f8_calibrated_manus_v2,benchmarks/new_bank_v3/F8_CALIBRATED_MANUS_V2_RESULTS.json,d1ff024f62ff8c66906d8dea9ccb6f5228f33a5fbccbf09d99c92378152c2858,sEMG-MANUS,ALL,validation,frozen_evaluation_trials,1,"{""TD24_is_document_F0"": false, ""classes"": 6, ""ontology"": ""six native finger-flexion gestures"", ""scope"": ""Previously inspected MANUS eight-channel sessions, retrospective versioned calibrated routing comparison. TD24 is not Rest-fitted document F0. No own-device or default-promotion claim."", ""source_oof_temperature_calibrated"": true, ""target_calibration_disjoint"": true}",TD24,0.33043938348286167,0.3333333333333333,1.5806125881789705,0.12610488314441146,0.08312061300069985
f8_calibrated_manus_v2,benchmarks/new_bank_v3/F8_CALIBRATED_MANUS_V2_RESULTS.json,d1ff024f62ff8c66906d8dea9ccb6f5228f33a5fbccbf09d99c92378152c2858,sEMG-MANUS,ALL,validation,frozen_evaluation_trials,1,"{""TD24_is_document_F0"": false, ""classes"": 6, ""ontology"": ""six native finger-flexion gestures"", ""scope"": ""Previously inspected MANUS eight-channel sessions, retrospective versioned calibrated routing comparison. TD24 is not Rest-fitted document F0. No own-device or default-promotion claim."", ""source_oof_temperature_calibrated"": true, ""target_calibration_disjoint"": true}",uniform,0.3867527949596261,0.4027777777777778,1.5458852464333879,0.12332221659981295,0.10464431905610518
f8_calibrated_manus_v2,benchmarks/new_bank_v3/F8_CALIBRATED_MANUS_V2_RESULTS.json,d1ff024f62ff8c66906d8dea9ccb6f5228f33a5fbccbf09d99c92378152c2858,sEMG-MANUS,ALL,validation,frozen_evaluation_trials,1,"{""TD24_is_document_F0"": false, ""classes"": 6, ""ontology"": ""six native finger-flexion gestures"", ""scope"": ""Previously inspected MANUS eight-channel sessions, retrospective versioned calibrated routing comparison. TD24 is not Rest-fitted document F0. No own-device or default-promotion claim."", ""source_oof_temperature_calibrated"": true, ""target_calibration_disjoint"": true}",F8,0.41321422242474876,0.4305555555555556,1.540781754064173,0.1227715234818455,0.13957314229971846
f8_calibrated_manus_v2,benchmarks/new_bank_v3/F8_CALIBRATED_MANUS_V2_RESULTS.json,d1ff024f62ff8c66906d8dea9ccb6f5228f33a5fbccbf09d99c92378152c2858,sEMG-MANUS,3,validation,frozen_evaluation_trials,1,"{""TD24_is_document_F0"": false, ""classes"": 6, ""ontology"": ""six native finger-flexion gestures"", ""scope"": ""Previously inspected MANUS eight-channel sessions, retrospective versioned calibrated routing comparison. TD24 is not Rest-fitted document F0. No own-device or default-promotion claim."", ""source_oof_temperature_calibrated"": true, ""target_calibration_disjoint"": true}",TD24,0.3383838383838384,0.4166666666666667,1.388279654169562,0.11197759292937201,0.11413733150425447
f8_calibrated_manus_v2,benchmarks/new_bank_v3/F8_CALIBRATED_MANUS_V2_RESULTS.json,d1ff024f62ff8c66906d8dea9ccb6f5228f33a5fbccbf09d99c92378152c2858,sEMG-MANUS,3,validation,frozen_evaluation_trials,1,"{""TD24_is_document_F0"": false, ""classes"": 6, ""ontology"": ""six native finger-flexion gestures"", ""scope"": ""Previously inspected MANUS eight-channel sessions, retrospective versioned calibrated routing comparison. TD24 is not Rest-fitted document F0. No own-device or default-promotion claim."", ""source_oof_temperature_calibrated"": true, ""target_calibration_disjoint"": true}",uniform,0.4527777777777777,0.5,1.3832200103416454,0.10921977251218178,0.2234895474569634
f8_calibrated_manus_v2,benchmarks/new_bank_v3/F8_CALIBRATED_MANUS_V2_RESULTS.json,d1ff024f62ff8c66906d8dea9ccb6f5228f33a5fbccbf09d99c92378152c2858,sEMG-MANUS,3,validation,frozen_evaluation_trials,1,"{""TD24_is_document_F0"": false, ""classes"": 6, ""ontology"": ""six native finger-flexion gestures"", ""scope"": ""Previously inspected MANUS eight-channel sessions, retrospective versioned calibrated routing comparison. TD24 is not Rest-fitted document F0. No own-device or default-promotion claim."", ""source_oof_temperature_calibrated"": true, ""target_calibration_disjoint"": true}",F8,0.47222222222222215,0.5,1.3742246986733546,0.10778777229445494,0.2116659548258922
f8_calibrated_manus_v2,benchmarks/new_bank_v3/F8_CALIBRATED_MANUS_V2_RESULTS.json,d1ff024f62ff8c66906d8dea9ccb6f5228f33a5fbccbf09d99c92378152c2858,sEMG-MANUS,4,validation,frozen_evaluation_trials,1,"{""TD24_is_document_F0"": false, ""classes"": 6, ""ontology"": ""six native finger-flexion gestures"", ""scope"": ""Previously inspected MANUS eight-channel sessions, retrospective versioned calibrated routing comparison. TD24 is not Rest-fitted document F0. No own-device or default-promotion claim."", ""source_oof_temperature_calibrated"": true, ""target_calibration_disjoint"": true}",TD24,0.3333333333333333,0.3333333333333333,1.6988384580142029,0.13176692251353703,0.13594667816957678
f8_calibrated_manus_v2,benchmarks/new_bank_v3/F8_CALIBRATED_MANUS_V2_RESULTS.json,d1ff024f62ff8c66906d8dea9ccb6f5228f33a5fbccbf09d99c92378152c2858,sEMG-MANUS,4,validation,frozen_evaluation_trials,1,"{""TD24_is_document_F0"": false, ""classes"": 6, ""ontology"": ""six native finger-flexion gestures"", ""scope"": ""Previously inspected MANUS eight-channel sessions, retrospective versioned calibrated routing comparison. TD24 is not Rest-fitted document F0. No own-device or default-promotion claim."", ""source_oof_temperature_calibrated"": true, ""target_calibration_disjoint"": true}",uniform,0.373015873015873,0.4166666666666667,1.6779436627660298,0.12988613929825205,0.12549124326071537
f8_calibrated_manus_v2,benchmarks/new_bank_v3/F8_CALIBRATED_MANUS_V2_RESULTS.json,d1ff024f62ff8c66906d8dea9ccb6f5228f33a5fbccbf09d99c92378152c2858,sEMG-MANUS,4,validation,frozen_evaluation_trials,1,"{""TD24_is_document_F0"": false, ""classes"": 6, ""ontology"": ""six native finger-flexion gestures"", ""scope"": ""Previously inspected MANUS eight-channel sessions, retrospective versioned calibrated routing comparison. TD24 is not Rest-fitted document F0. No own-device or default-promotion claim."", ""source_oof_temperature_calibrated"": true, ""target_calibration_disjoint"": true}",F8,0.373015873015873,0.4166666666666667,1.6839424911427532,0.1303816341944034,0.1265225868904052
f8_calibrated_manus_v2,benchmarks/new_bank_v3/F8_CALIBRATED_MANUS_V2_RESULTS.json,d1ff024f62ff8c66906d8dea9ccb6f5228f33a5fbccbf09d99c92378152c2858,sEMG-MANUS,5,validation,frozen_evaluation_trials,1,"{""TD24_is_document_F0"": false, ""classes"": 6, ""ontology"": ""six native finger-flexion gestures"", ""scope"": ""Previously inspected MANUS eight-channel sessions, retrospective versioned calibrated routing comparison. TD24 is not Rest-fitted document F0. No own-device or default-promotion claim."", ""source_oof_temperature_calibrated"": true, ""target_calibration_disjoint"": true}",TD24,0.1717171717171717,0.25,1.563619580148307,0.12447336899526072,0.38981157076872797
f8_calibrated_manus_v2,benchmarks/new_bank_v3/F8_CALIBRATED_MANUS_V2_RESULTS.json,d1ff024f62ff8c66906d8dea9ccb6f5228f33a5fbccbf09d99c92378152c2858,sEMG-MANUS,5,validation,frozen_evaluation_trials,1,"{""TD24_is_document_F0"": false, ""classes"": 6, ""ontology"": ""six native finger-flexion gestures"", ""scope"": ""Previously inspected MANUS eight-channel sessions, retrospective versioned calibrated routing comparison. TD24 is not Rest-fitted document F0. No own-device or default-promotion claim."", ""source_oof_temperature_calibrated"": true, ""target_calibration_disjoint"": true}",uniform,0.2272727272727273,0.3333333333333333,1.4511315416848916,0.11796987413800769,0.33625266514107477
f8_calibrated_manus_v2,benchmarks/new_bank_v3/F8_CALIBRATED_MANUS_V2_RESULTS.json,d1ff024f62ff8c66906d8dea9ccb6f5228f33a5fbccbf09d99c92378152c2858,sEMG-MANUS,5,validation,frozen_evaluation_trials,1,"{""TD24_is_document_F0"": false, ""classes"": 6, ""ontology"": ""six native finger-flexion gestures"", ""scope"": ""Previously inspected MANUS eight-channel sessions, retrospective versioned calibrated routing comparison. TD24 is not Rest-fitted document F0. No own-device or default-promotion claim."", ""source_oof_temperature_calibrated"": true, ""target_calibration_disjoint"": true}",F8,0.2272727272727273,0.3333333333333333,1.4385647299827191,0.11707905950549291,0.3343064574406901
f8_calibrated_manus_v2,benchmarks/new_bank_v3/F8_CALIBRATED_MANUS_V2_RESULTS.json,d1ff024f62ff8c66906d8dea9ccb6f5228f33a5fbccbf09d99c92378152c2858,sEMG-MANUS,6,validation,frozen_evaluation_trials,1,"{""TD24_is_document_F0"": false, ""classes"": 6, ""ontology"": ""six native finger-flexion gestures"", ""scope"": ""Previously inspected MANUS eight-channel sessions, retrospective versioned calibrated routing comparison. TD24 is not Rest-fitted document F0. No own-device or default-promotion claim."", ""source_oof_temperature_calibrated"": true, ""target_calibration_disjoint"": true}",TD24,0.4666666666666666,0.5,1.5262783942614526,0.12772012870527022,0.34465418573374124
f8_calibrated_manus_v2,benchmarks/new_bank_v3/F8_CALIBRATED_MANUS_V2_RESULTS.json,d1ff024f62ff8c66906d8dea9ccb6f5228f33a5fbccbf09d99c92378152c2858,sEMG-MANUS,6,validation,frozen_evaluation_trials,1,"{""TD24_is_document_F0"": false, ""classes"": 6, ""ontology"": ""six native finger-flexion gestures"", ""scope"": ""Previously inspected MANUS eight-channel sessions, retrospective versioned calibrated routing comparison. TD24 is not Rest-fitted document F0. No own-device or default-promotion claim."", ""source_oof_temperature_calibrated"": true, ""target_calibration_disjoint"": true}",uniform,0.5142857142857142,0.5,1.455615195263792,0.12026491753535372,0.2924121140532743
f8_calibrated_manus_v2,benchmarks/new_bank_v3/F8_CALIBRATED_MANUS_V2_RESULTS.json,d1ff024f62ff8c66906d8dea9ccb6f5228f33a5fbccbf09d99c92378152c2858,sEMG-MANUS,6,validation,frozen_evaluation_trials,1,"{""TD24_is_document_F0"": false, ""classes"": 6, ""ontology"": ""six native finger-flexion gestures"", ""scope"": ""Previously inspected MANUS eight-channel sessions, retrospective versioned calibrated routing comparison. TD24 is not Rest-fitted document F0. No own-device or default-promotion claim."", ""source_oof_temperature_calibrated"": true, ""target_calibration_disjoint"": true}",F8,0.6507936507936508,0.6666666666666666,1.4397012140590595,0.11878236338809585,0.39649770812443375
f8_calibrated_manus_v2,benchmarks/new_bank_v3/F8_CALIBRATED_MANUS_V2_RESULTS.json,d1ff024f62ff8c66906d8dea9ccb6f5228f33a5fbccbf09d99c92378152c2858,sEMG-MANUS,7,validation,frozen_evaluation_trials,1,"{""TD24_is_document_F0"": false, ""classes"": 6, ""ontology"": ""six native finger-flexion gestures"", ""scope"": ""Previously inspected MANUS eight-channel sessions, retrospective versioned calibrated routing comparison. TD24 is not Rest-fitted document F0. No own-device or default-promotion claim."", ""source_oof_temperature_calibrated"": true, ""target_calibration_disjoint"": true}",TD24,0.27777777777777773,0.3333333333333333,1.7643874537601991,0.13607536156102806,0.13286966428784772
f8_calibrated_manus_v2,benchmarks/new_bank_v3/F8_CALIBRATED_MANUS_V2_RESULTS.json,d1ff024f62ff8c66906d8dea9ccb6f5228f33a5fbccbf09d99c92378152c2858,sEMG-MANUS,7,validation,frozen_evaluation_trials,1,"{""TD24_is_document_F0"": false, ""classes"": 6, ""ontology"": ""six native finger-flexion gestures"", ""scope"": ""Previously inspected MANUS eight-channel sessions, retrospective versioned calibrated routing comparison. TD24 is not Rest-fitted document F0. No own-device or default-promotion claim."", ""source_oof_temperature_calibrated"": true, ""target_calibration_disjoint"": true}",uniform,0.3,0.3333333333333333,1.7524050623214338,0.13657960938282565,0.07613754791695554
f8_calibrated_manus_v2,benchmarks/new_bank_v3/F8_CALIBRATED_MANUS_V2_RESULTS.json,d1ff024f62ff8c66906d8dea9ccb6f5228f33a5fbccbf09d99c92378152c2858,sEMG-MANUS,7,validation,frozen_evaluation_trials,1,"{""TD24_is_document_F0"": false, ""classes"": 6, ""ontology"": ""six native finger-flexion gestures"", ""scope"": ""Previously inspected MANUS eight-channel sessions, retrospective versioned calibrated routing comparison. TD24 is not Rest-fitted document F0. No own-device or default-promotion claim."", ""source_oof_temperature_calibrated"": true, ""target_calibration_disjoint"": true}",F8,0.3,0.3333333333333333,1.7499410872436616,0.13646467128043316,0.07788556331657466
f8_calibrated_manus_v2,benchmarks/new_bank_v3/F8_CALIBRATED_MANUS_V2_RESULTS.json,d1ff024f62ff8c66906d8dea9ccb6f5228f33a5fbccbf09d99c92378152c2858,sEMG-MANUS,8,validation,frozen_evaluation_trials,1,"{""TD24_is_document_F0"": false, ""classes"": 6, ""ontology"": ""six native finger-flexion gestures"", ""scope"": ""Previously inspected MANUS eight-channel sessions, retrospective versioned calibrated routing comparison. TD24 is not Rest-fitted document F0. No own-device or default-promotion claim."", ""source_oof_temperature_calibrated"": true, ""target_calibration_disjoint"": true}",TD24,0.2222222222222222,0.16666666666666666,1.542271988720099,0.12461592416200078,0.2514039851464349
f8_calibrated_manus_v2,benchmarks/new_bank_v3/F8_CALIBRATED_MANUS_V2_RESULTS.json,d1ff024f62ff8c66906d8dea9ccb6f5228f33a5fbccbf09d99c92378152c2858,sEMG-MANUS,8,validation,frozen_evaluation_trials,1,"{""TD24_is_document_F0"": false, ""classes"": 6, ""ontology"": ""six native finger-flexion gestures"", ""scope"": ""Previously inspected MANUS eight-channel sessions, retrospective versioned calibrated routing comparison. TD24 is not Rest-fitted document F0. No own-device or default-promotion claim."", ""source_oof_temperature_calibrated"": true, ""target_calibration_disjoint"": true}",uniform,0.28148148148148144,0.3333333333333333,1.5549960062225348,0.12601298673225686,0.19375266787679513
f8_calibrated_manus_v2,benchmarks/new_bank_v3/F8_CALIBRATED_MANUS_V2_RESULTS.json,d1ff024f62ff8c66906d8dea9ccb6f5228f33a5fbccbf09d99c92378152c2858,sEMG-MANUS,8,validation,frozen_evaluation_trials,1,"{""TD24_is_document_F0"": false, ""classes"": 6, ""ontology"": ""six native finger-flexion gestures"", ""scope"": ""Previously inspected MANUS eight-channel sessions, retrospective versioned calibrated routing comparison. TD24 is not Rest-fitted document F0. No own-device or default-promotion claim."", ""source_oof_temperature_calibrated"": true, ""target_calibration_disjoint"": true}",F8,0.28148148148148144,0.3333333333333333,1.5583163032834904,0.12613364022819276,0.23788382593955243
f8_calibrated_manus_v2,benchmarks/new_bank_v3/F8_CALIBRATED_MANUS_V2_RESULTS.json,d1ff024f62ff8c66906d8dea9ccb6f5228f33a5fbccbf09d99c92378152c2858,sEMG-MANUS,ALL,validation,frozen_evaluation_trials,2,"{""TD24_is_document_F0"": false, ""classes"": 6, ""ontology"": ""six native finger-flexion gestures"", ""scope"": ""Previously inspected MANUS eight-channel sessions, retrospective versioned calibrated routing comparison. TD24 is not Rest-fitted document F0. No own-device or default-promotion claim."", ""source_oof_temperature_calibrated"": true, ""target_calibration_disjoint"": true}",TD24,0.3654678654678654,0.3888888888888889,1.5191770756083485,0.12123314442731406,0.17188649772847964
f8_calibrated_manus_v2,benchmarks/new_bank_v3/F8_CALIBRATED_MANUS_V2_RESULTS.json,d1ff024f62ff8c66906d8dea9ccb6f5228f33a5fbccbf09d99c92378152c2858,sEMG-MANUS,ALL,validation,frozen_evaluation_trials,2,"{""TD24_is_document_F0"": false, ""classes"": 6, ""ontology"": ""six native finger-flexion gestures"", ""scope"": ""Previously inspected MANUS eight-channel sessions, retrospective versioned calibrated routing comparison. TD24 is not Rest-fitted document F0. No own-device or default-promotion claim."", ""source_oof_temperature_calibrated"": true, ""target_calibration_disjoint"": true}",uniform,0.38287037037037036,0.3888888888888889,1.5303416016809361,0.12172817737458443,0.1250462067708519
f8_calibrated_manus_v2,benchmarks/new_bank_v3/F8_CALIBRATED_MANUS_V2_RESULTS.json,d1ff024f62ff8c66906d8dea9ccb6f5228f33a5fbccbf09d99c92378152c2858,sEMG-MANUS,ALL,validation,frozen_evaluation_trials,2,"{""TD24_is_document_F0"": false, ""classes"": 6, ""ontology"": ""six native finger-flexion gestures"", ""scope"": ""Previously inspected MANUS eight-channel sessions, retrospective versioned calibrated routing comparison. TD24 is not Rest-fitted document F0. No own-device or default-promotion claim."", ""source_oof_temperature_calibrated"": true, ""target_calibration_disjoint"": true}",F8,0.3483115468409586,0.3611111111111111,1.5278797070005001,0.12150154520586282,0.14296971168108563
f8_calibrated_manus_v2,benchmarks/new_bank_v3/F8_CALIBRATED_MANUS_V2_RESULTS.json,d1ff024f62ff8c66906d8dea9ccb6f5228f33a5fbccbf09d99c92378152c2858,sEMG-MANUS,3,validation,frozen_evaluation_trials,2,"{""TD24_is_document_F0"": false, ""classes"": 6, ""ontology"": ""six native finger-flexion gestures"", ""scope"": ""Previously inspected MANUS eight-channel sessions, retrospective versioned calibrated routing comparison. TD24 is not Rest-fitted document F0. No own-device or default-promotion claim."", ""source_oof_temperature_calibrated"": true, ""target_calibration_disjoint"": true}",TD24,0.39999999999999997,0.5,1.3505177445989982,0.10471266730039235,0.2108155219516867
f8_calibrated_manus_v2,benchmarks/new_bank_v3/F8_CALIBRATED_MANUS_V2_RESULTS.json,d1ff024f62ff8c66906d8dea9ccb6f5228f33a5fbccbf09d99c92378152c2858,sEMG-MANUS,3,validation,frozen_evaluation_trials,2,"{""TD24_is_document_F0"": false, ""classes"": 6, ""ontology"": ""six native finger-flexion gestures"", ""scope"": ""Previously inspected MANUS eight-channel sessions, retrospective versioned calibrated routing comparison. TD24 is not Rest-fitted document F0. No own-device or default-promotion claim."", ""source_oof_temperature_calibrated"": true, ""target_calibration_disjoint"": true}",uniform,0.39999999999999997,0.5,1.3848456275453265,0.10561834178009111,0.2272335676272721
f8_calibrated_manus_v2,benchmarks/new_bank_v3/F8_CALIBRATED_MANUS_V2_RESULTS.json,d1ff024f62ff8c66906d8dea9ccb6f5228f33a5fbccbf09d99c92378152c2858,sEMG-MANUS,3,validation,frozen_evaluation_trials,2,"{""TD24_is_document_F0"": false, ""classes"": 6, ""ontology"": ""six native finger-flexion gestures"", ""scope"": ""Previously inspected MANUS eight-channel sessions, retrospective versioned calibrated routing comparison. TD24 is not Rest-fitted document F0. No own-device or default-promotion claim."", ""source_oof_temperature_calibrated"": true, ""target_calibration_disjoint"": true}",F8,0.27777777777777773,0.3333333333333333,1.3789721178255834,0.10507906816739253,0.2786711680983918
f8_calibrated_manus_v2,benchmarks/new_bank_v3/F8_CALIBRATED_MANUS_V2_RESULTS.json,d1ff024f62ff8c66906d8dea9ccb6f5228f33a5fbccbf09d99c92378152c2858,sEMG-MANUS,4,validation,frozen_evaluation_trials,2,"{""TD24_is_document_F0"": false, ""classes"": 6, ""ontology"": ""six native finger-flexion gestures"", ""scope"": ""Previously inspected MANUS eight-channel sessions, retrospective versioned calibrated routing comparison. TD24 is not Rest-fitted document F0. No own-device or default-promotion claim."", ""source_oof_temperature_calibrated"": true, ""target_calibration_disjoint"": true}",TD24,0.4444444444444444,0.5,1.5783948323929315,0.1260879989200927,0.3109239346528525
f8_calibrated_manus_v2,benchmarks/new_bank_v3/F8_CALIBRATED_MANUS_V2_RESULTS.json,d1ff024f62ff8c66906d8dea9ccb6f5228f33a5fbccbf09d99c92378152c2858,sEMG-MANUS,4,validation,frozen_evaluation_trials,2,"{""TD24_is_document_F0"": false, ""classes"": 6, ""ontology"": ""six native finger-flexion gestures"", ""scope"": ""Previously inspected MANUS eight-channel sessions, retrospective versioned calibrated routing comparison. TD24 is not Rest-fitted document F0. No own-device or default-promotion claim."", ""source_oof_temperature_calibrated"": true, ""target_calibration_disjoint"": true}",uniform,0.4166666666666667,0.5,1.5900976479205082,0.12600466868133822,0.3111259385981444
f8_calibrated_manus_v2,benchmarks/new_bank_v3/F8_CALIBRATED_MANUS_V2_RESULTS.json,d1ff024f62ff8c66906d8dea9ccb6f5228f33a5fbccbf09d99c92378152c2858,sEMG-MANUS,4,validation,frozen_evaluation_trials,2,"{""TD24_is_document_F0"": false, ""classes"": 6, ""ontology"": ""six native finger-flexion gestures"", ""scope"": ""Previously inspected MANUS eight-channel sessions, retrospective versioned calibrated routing comparison. TD24 is not Rest-fitted document F0. No own-device or default-promotion claim."", ""source_oof_temperature_calibrated"": true, ""target_calibration_disjoint"": true}",F8,0.4166666666666667,0.5,1.5942355815836977,0.1262144357131271,0.3126594861242633
f8_calibrated_manus_v2,benchmarks/new_bank_v3/F8_CALIBRATED_MANUS_V2_RESULTS.json,d1ff024f62ff8c66906d8dea9ccb6f5228f33a5fbccbf09d99c92378152c2858,sEMG-MANUS,5,validation,frozen_evaluation_trials,2,"{""TD24_is_document_F0"": false, ""classes"": 6, ""ontology"": ""six native finger-flexion gestures"", ""scope"": ""Previously inspected MANUS eight-channel sessions, retrospective versioned calibrated routing comparison. TD24 is not Rest-fitted document F0. No own-device or default-promotion claim."", ""source_oof_temperature_calibrated"": true, ""target_calibration_disjoint"": true}",TD24,0.2333333333333333,0.3333333333333333,1.3939185481758034,0.11354590080551483,0.3925727181143332
f8_calibrated_manus_v2,benchmarks/new_bank_v3/F8_CALIBRATED_MANUS_V2_RESULTS.json,d1ff024f62ff8c66906d8dea9ccb6f5228f33a5fbccbf09d99c92378152c2858,sEMG-MANUS,5,validation,frozen_evaluation_trials,2,"{""TD24_is_document_F0"": false, ""classes"": 6, ""ontology"": ""six native finger-flexion gestures"", ""scope"": ""Previously inspected MANUS eight-channel sessions, retrospective versioned calibrated routing comparison. TD24 is not Rest-fitted document F0. No own-device or default-promotion claim."", ""source_oof_temperature_calibrated"": true, ""target_calibration_disjoint"": true}",uniform,0.2333333333333333,0.3333333333333333,1.3953172072013171,0.11445510519675091,0.4078124289924355
f8_calibrated_manus_v2,benchmarks/new_bank_v3/F8_CALIBRATED_MANUS_V2_RESULTS.json,d1ff024f62ff8c66906d8dea9ccb6f5228f33a5fbccbf09d99c92378152c2858,sEMG-MANUS,5,validation,frozen_evaluation_trials,2,"{""TD24_is_document_F0"": false, ""classes"": 6, ""ontology"": ""six native finger-flexion gestures"", ""scope"": ""Previously inspected MANUS eight-channel sessions, retrospective versioned calibrated routing comparison. TD24 is not Rest-fitted document F0. No own-device or default-promotion claim."", ""source_oof_temperature_calibrated"": true, ""target_calibration_disjoint"": true}",F8,0.2333333333333333,0.3333333333333333,1.3864770137976643,0.11372725539330182,0.4059558886512892
f8_calibrated_manus_v2,benchmarks/new_bank_v3/F8_CALIBRATED_MANUS_V2_RESULTS.json,d1ff024f62ff8c66906d8dea9ccb6f5228f33a5fbccbf09d99c92378152c2858,sEMG-MANUS,6,validation,frozen_evaluation_trials,2,"{""TD24_is_document_F0"": false, ""classes"": 6, ""ontology"": ""six native finger-flexion gestures"", ""scope"": ""Previously inspected MANUS eight-channel sessions, retrospective versioned calibrated routing comparison. TD24 is not Rest-fitted document F0. No own-device or default-promotion claim."", ""source_oof_temperature_calibrated"": true, ""target_calibration_disjoint"": true}",TD24,0.4166666666666667,0.5,1.5015361948021415,0.12425093304488957,0.3291458299530403
f8_calibrated_manus_v2,benchmarks/new_bank_v3/F8_CALIBRATED_MANUS_V2_RESULTS.json,d1ff024f62ff8c66906d8dea9ccb6f5228f33a5fbccbf09d99c92378152c2858,sEMG-MANUS,6,validation,frozen_evaluation_trials,2,"{""TD24_is_document_F0"": false, ""classes"": 6, ""ontology"": ""six native finger-flexion gestures"", ""scope"": ""Previously inspected MANUS eight-channel sessions, retrospective versioned calibrated routing comparison. TD24 is not Rest-fitted document F0. No own-device or default-promotion claim."", ""source_oof_temperature_calibrated"": true, ""target_calibration_disjoint"": true}",uniform,0.39999999999999997,0.5,1.4818827092067053,0.12140136273883378,0.25817042007633495
f8_calibrated_manus_v2,benchmarks/new_bank_v3/F8_CALIBRATED_MANUS_V2_RESULTS.json,d1ff024f62ff8c66906d8dea9ccb6f5228f33a5fbccbf09d99c92378152c2858,sEMG-MANUS,6,validation,frozen_evaluation_trials,2,"{""TD24_is_document_F0"": false, ""classes"": 6, ""ontology"": ""six native finger-flexion gestures"", ""scope"": ""Previously inspected MANUS eight-channel sessions, retrospective versioned calibrated routing comparison. TD24 is not Rest-fitted document F0. No own-device or default-promotion claim."", ""source_oof_temperature_calibrated"": true, ""target_calibration_disjoint"": true}",F8,0.39999999999999997,0.5,1.4763070561115932,0.120843914175705,0.25907284815206644
f8_calibrated_manus_v2,benchmarks/new_bank_v3/F8_CALIBRATED_MANUS_V2_RESULTS.json,d1ff024f62ff8c66906d8dea9ccb6f5228f33a5fbccbf09d99c92378152c2858,sEMG-MANUS,7,validation,frozen_evaluation_trials,2,"{""TD24_is_document_F0"": false, ""classes"": 6, ""ontology"": ""six native finger-flexion gestures"", ""scope"": ""Previously inspected MANUS eight-channel sessions, retrospective versioned calibrated routing comparison. TD24 is not Rest-fitted document F0. No own-device or default-promotion claim."", ""source_oof_temperature_calibrated"": true, ""target_calibration_disjoint"": true}",TD24,0.27777777777777773,0.3333333333333333,1.7828441812504294,0.1372410609210125,0.12219848650414049
f8_calibrated_manus_v2,benchmarks/new_bank_v3/F8_CALIBRATED_MANUS_V2_RESULTS.json,d1ff024f62ff8c66906d8dea9ccb6f5228f33a5fbccbf09d99c92378152c2858,sEMG-MANUS,7,validation,frozen_evaluation_trials,2,"{""TD24_is_document_F0"": false, ""classes"": 6, ""ontology"": ""six native finger-flexion gestures"", ""scope"": ""Previously inspected MANUS eight-channel sessions, retrospective versioned calibrated routing comparison. TD24 is not Rest-fitted document F0. No own-device or default-promotion claim."", ""source_oof_temperature_calibrated"": true, ""target_calibration_disjoint"": true}",uniform,0.3333333333333333,0.3333333333333333,1.792123746321928,0.1380306534819559,0.038646684218210936
f8_calibrated_manus_v2,benchmarks/new_bank_v3/F8_CALIBRATED_MANUS_V2_RESULTS.json,d1ff024f62ff8c66906d8dea9ccb6f5228f33a5fbccbf09d99c92378152c2858,sEMG-MANUS,7,validation,frozen_evaluation_trials,2,"{""TD24_is_document_F0"": false, ""classes"": 6, ""ontology"": ""six native finger-flexion gestures"", ""scope"": ""Previously inspected MANUS eight-channel sessions, retrospective versioned calibrated routing comparison. TD24 is not Rest-fitted document F0. No own-device or default-promotion claim."", ""source_oof_temperature_calibrated"": true, ""target_calibration_disjoint"": true}",F8,0.3333333333333333,0.3333333333333333,1.7840633358554383,0.13771245037940802,0.03883082111119296
f8_calibrated_manus_v2,benchmarks/new_bank_v3/F8_CALIBRATED_MANUS_V2_RESULTS.json,d1ff024f62ff8c66906d8dea9ccb6f5228f33a5fbccbf09d99c92378152c2858,sEMG-MANUS,8,validation,frozen_evaluation_trials,2,"{""TD24_is_document_F0"": false, ""classes"": 6, ""ontology"": ""six native finger-flexion gestures"", ""scope"": ""Previously inspected MANUS eight-channel sessions, retrospective versioned calibrated routing comparison. TD24 is not Rest-fitted document F0. No own-device or default-promotion claim."", ""source_oof_temperature_calibrated"": true, ""target_calibration_disjoint"": true}",TD24,0.16666666666666666,0.16666666666666666,1.5078509524297872,0.12156030557198244,0.3059502352346845
f8_calibrated_manus_v2,benchmarks/new_bank_v3/F8_CALIBRATED_MANUS_V2_RESULTS.json,d1ff024f62ff8c66906d8dea9ccb6f5228f33a5fbccbf09d99c92378152c2858,sEMG-MANUS,8,validation,frozen_evaluation_trials,2,"{""TD24_is_document_F0"": false, ""classes"": 6, ""ontology"": ""six native finger-flexion gestures"", ""scope"": ""Previously inspected MANUS eight-channel sessions, retrospective versioned calibrated routing comparison. TD24 is not Rest-fitted document F0. No own-device or default-promotion claim."", ""source_oof_temperature_calibrated"": true, ""target_calibration_disjoint"": true}",uniform,0.1111111111111111,0.16666666666666666,1.537782671889832,0.12485893236853667,0.3232915402012957
f8_calibrated_manus_v2,benchmarks/new_bank_v3/F8_CALIBRATED_MANUS_V2_RESULTS.json,d1ff024f62ff8c66906d8dea9ccb6f5228f33a5fbccbf09d99c92378152c2858,sEMG-MANUS,8,validation,frozen_evaluation_trials,2,"{""TD24_is_document_F0"": false, ""classes"": 6, ""ontology"": ""six native finger-flexion gestures"", ""scope"": ""Previously inspected MANUS eight-channel sessions, retrospective versioned calibrated routing comparison. TD24 is not Rest-fitted document F0. No own-device or default-promotion claim."", ""source_oof_temperature_calibrated"": true, ""target_calibration_disjoint"": true}",F8,0.1111111111111111,0.16666666666666666,1.5472231368290237,0.12543214740624242,0.32616614244017084
f8_calibrated_manus_v2,benchmarks/new_bank_v3/F8_CALIBRATED_MANUS_V2_RESULTS.json,d1ff024f62ff8c66906d8dea9ccb6f5228f33a5fbccbf09d99c92378152c2858,sEMG-MANUS,ALL,descriptive_final,frozen_evaluation_trials,1,"{""TD24_is_document_F0"": false, ""classes"": 6, ""ontology"": ""six native finger-flexion gestures"", ""scope"": ""Previously inspected MANUS eight-channel sessions, retrospective versioned calibrated routing comparison. TD24 is not Rest-fitted document F0. No own-device or default-promotion claim."", ""source_oof_temperature_calibrated"": true, ""target_calibration_disjoint"": true}",TD24,0.4435532591414944,0.4444444444444444,1.3676408477778688,0.11285334387963125,0.17797956998516906
f8_calibrated_manus_v2,benchmarks/new_bank_v3/F8_CALIBRATED_MANUS_V2_RESULTS.json,d1ff024f62ff8c66906d8dea9ccb6f5228f33a5fbccbf09d99c92378152c2858,sEMG-MANUS,ALL,descriptive_final,frozen_evaluation_trials,1,"{""TD24_is_document_F0"": false, ""classes"": 6, ""ontology"": ""six native finger-flexion gestures"", ""scope"": ""Previously inspected MANUS eight-channel sessions, retrospective versioned calibrated routing comparison. TD24 is not Rest-fitted document F0. No own-device or default-promotion claim."", ""source_oof_temperature_calibrated"": true, ""target_calibration_disjoint"": true}",uniform,0.49867342108721413,0.5,1.382116757358778,0.11320851075915023,0.21336291545781283
f8_calibrated_manus_v2,benchmarks/new_bank_v3/F8_CALIBRATED_MANUS_V2_RESULTS.json,d1ff024f62ff8c66906d8dea9ccb6f5228f33a5fbccbf09d99c92378152c2858,sEMG-MANUS,ALL,descriptive_final,frozen_evaluation_trials,1,"{""TD24_is_document_F0"": false, ""classes"": 6, ""ontology"": ""six native finger-flexion gestures"", ""scope"": ""Previously inspected MANUS eight-channel sessions, retrospective versioned calibrated routing comparison. TD24 is not Rest-fitted document F0. No own-device or default-promotion claim."", ""source_oof_temperature_calibrated"": true, ""target_calibration_disjoint"": true}",F8,0.4824458954893737,0.4861111111111111,1.385589059256393,0.1135231994937696,0.1714886819051803
f8_calibrated_manus_v2,benchmarks/new_bank_v3/F8_CALIBRATED_MANUS_V2_RESULTS.json,d1ff024f62ff8c66906d8dea9ccb6f5228f33a5fbccbf09d99c92378152c2858,sEMG-MANUS,3,descriptive_final,frozen_evaluation_trials,1,"{""TD24_is_document_F0"": false, ""classes"": 6, ""ontology"": ""six native finger-flexion gestures"", ""scope"": ""Previously inspected MANUS eight-channel sessions, retrospective versioned calibrated routing comparison. TD24 is not Rest-fitted document F0. No own-device or default-promotion claim."", ""source_oof_temperature_calibrated"": true, ""target_calibration_disjoint"": true}",TD24,0.1623931623931624,0.25,1.6218960855147293,0.12932991170640232,0.09123212273856761
f8_calibrated_manus_v2,benchmarks/new_bank_v3/F8_CALIBRATED_MANUS_V2_RESULTS.json,d1ff024f62ff8c66906d8dea9ccb6f5228f33a5fbccbf09d99c92378152c2858,sEMG-MANUS,3,descriptive_final,frozen_evaluation_trials,1,"{""TD24_is_document_F0"": false, ""classes"": 6, ""ontology"": ""six native finger-flexion gestures"", ""scope"": ""Previously inspected MANUS eight-channel sessions, retrospective versioned calibrated routing comparison. TD24 is not Rest-fitted document F0. No own-device or default-promotion claim."", ""source_oof_temperature_calibrated"": true, ""target_calibration_disjoint"": true}",uniform,0.3383838383838384,0.4166666666666667,1.510378554363375,0.12118791410395084,0.25549503184189776
f8_calibrated_manus_v2,benchmarks/new_bank_v3/F8_CALIBRATED_MANUS_V2_RESULTS.json,d1ff024f62ff8c66906d8dea9ccb6f5228f33a5fbccbf09d99c92378152c2858,sEMG-MANUS,3,descriptive_final,frozen_evaluation_trials,1,"{""TD24_is_document_F0"": false, ""classes"": 6, ""ontology"": ""six native finger-flexion gestures"", ""scope"": ""Previously inspected MANUS eight-channel sessions, retrospective versioned calibrated routing comparison. TD24 is not Rest-fitted document F0. No own-device or default-promotion claim."", ""source_oof_temperature_calibrated"": true, ""target_calibration_disjoint"": true}",F8,0.39814814814814814,0.4166666666666667,1.5021994661665443,0.12062218716001157,0.13245570676334312
f8_calibrated_manus_v2,benchmarks/new_bank_v3/F8_CALIBRATED_MANUS_V2_RESULTS.json,d1ff024f62ff8c66906d8dea9ccb6f5228f33a5fbccbf09d99c92378152c2858,sEMG-MANUS,4,descriptive_final,frozen_evaluation_trials,1,"{""TD24_is_document_F0"": false, ""classes"": 6, ""ontology"": ""six native finger-flexion gestures"", ""scope"": ""Previously inspected MANUS eight-channel sessions, retrospective versioned calibrated routing comparison. TD24 is not Rest-fitted document F0. No own-device or default-promotion claim."", ""source_oof_temperature_calibrated"": true, ""target_calibration_disjoint"": true}",TD24,0.24206349206349206,0.25,1.4828631567830621,0.11849148373405614,0.21554635764932753
f8_calibrated_manus_v2,benchmarks/new_bank_v3/F8_CALIBRATED_MANUS_V2_RESULTS.json,d1ff024f62ff8c66906d8dea9ccb6f5228f33a5fbccbf09d99c92378152c2858,sEMG-MANUS,4,descriptive_final,frozen_evaluation_trials,1,"{""TD24_is_document_F0"": false, ""classes"": 6, ""ontology"": ""six native finger-flexion gestures"", ""scope"": ""Previously inspected MANUS eight-channel sessions, retrospective versioned calibrated routing comparison. TD24 is not Rest-fitted document F0. No own-device or default-promotion claim."", ""source_oof_temperature_calibrated"": true, ""target_calibration_disjoint"": true}",uniform,0.4365079365079365,0.4166666666666667,1.4493985522408357,0.11751009911470778,0.20648300187027382
f8_calibrated_manus_v2,benchmarks/new_bank_v3/F8_CALIBRATED_MANUS_V2_RESULTS.json,d1ff024f62ff8c66906d8dea9ccb6f5228f33a5fbccbf09d99c92378152c2858,sEMG-MANUS,4,descriptive_final,frozen_evaluation_trials,1,"{""TD24_is_document_F0"": false, ""classes"": 6, ""ontology"": ""six native finger-flexion gestures"", ""scope"": ""Previously inspected MANUS eight-channel sessions, retrospective versioned calibrated routing comparison. TD24 is not Rest-fitted document F0. No own-device or default-promotion claim."", ""source_oof_temperature_calibrated"": true, ""target_calibration_disjoint"": true}",F8,0.4365079365079365,0.4166666666666667,1.4566841163411042,0.11788176327477834,0.12612434401638584
f8_calibrated_manus_v2,benchmarks/new_bank_v3/F8_CALIBRATED_MANUS_V2_RESULTS.json,d1ff024f62ff8c66906d8dea9ccb6f5228f33a5fbccbf09d99c92378152c2858,sEMG-MANUS,5,descriptive_final,frozen_evaluation_trials,1,"{""TD24_is_document_F0"": false, ""classes"": 6, ""ontology"": ""six native finger-flexion gestures"", ""scope"": ""Previously inspected MANUS eight-channel sessions, retrospective versioned calibrated routing comparison. TD24 is not Rest-fitted document F0. No own-device or default-promotion claim."", ""source_oof_temperature_calibrated"": true, ""target_calibration_disjoint"": true}",TD24,0.6174603174603175,0.6666666666666666,1.1536411070077819,0.09529386040948246,0.39043794945134136
f8_calibrated_manus_v2,benchmarks/new_bank_v3/F8_CALIBRATED_MANUS_V2_RESULTS.json,d1ff024f62ff8c66906d8dea9ccb6f5228f33a5fbccbf09d99c92378152c2858,sEMG-MANUS,5,descriptive_final,frozen_evaluation_trials,1,"{""TD24_is_document_F0"": false, ""classes"": 6, ""ontology"": ""six native finger-flexion gestures"", ""scope"": ""Previously inspected MANUS eight-channel sessions, retrospective versioned calibrated routing comparison. TD24 is not Rest-fitted document F0. No own-device or default-promotion claim."", ""source_oof_temperature_calibrated"": true, ""target_calibration_disjoint"": true}",uniform,0.8222222222222221,0.8333333333333334,1.1806562432520424,0.09827274598290597,0.5120033465148177
f8_calibrated_manus_v2,benchmarks/new_bank_v3/F8_CALIBRATED_MANUS_V2_RESULTS.json,d1ff024f62ff8c66906d8dea9ccb6f5228f33a5fbccbf09d99c92378152c2858,sEMG-MANUS,5,descriptive_final,frozen_evaluation_trials,1,"{""TD24_is_document_F0"": false, ""classes"": 6, ""ontology"": ""six native finger-flexion gestures"", ""scope"": ""Previously inspected MANUS eight-channel sessions, retrospective versioned calibrated routing comparison. TD24 is not Rest-fitted document F0. No own-device or default-promotion claim."", ""source_oof_temperature_calibrated"": true, ""target_calibration_disjoint"": true}",F8,0.8222222222222221,0.8333333333333334,1.1772837820567241,0.0980753763376627,0.5126816686246721
f8_calibrated_manus_v2,benchmarks/new_bank_v3/F8_CALIBRATED_MANUS_V2_RESULTS.json,d1ff024f62ff8c66906d8dea9ccb6f5228f33a5fbccbf09d99c92378152c2858,sEMG-MANUS,6,descriptive_final,frozen_evaluation_trials,1,"{""TD24_is_document_F0"": false, ""classes"": 6, ""ontology"": ""six native finger-flexion gestures"", ""scope"": ""Previously inspected MANUS eight-channel sessions, retrospective versioned calibrated routing comparison. TD24 is not Rest-fitted document F0. No own-device or default-promotion claim."", ""source_oof_temperature_calibrated"": true, ""target_calibration_disjoint"": true}",TD24,0.5555555555555555,0.6666666666666666,1.0864499872786761,0.09243709854941055,0.42470453766935207
f8_calibrated_manus_v2,benchmarks/new_bank_v3/F8_CALIBRATED_MANUS_V2_RESULTS.json,d1ff024f62ff8c66906d8dea9ccb6f5228f33a5fbccbf09d99c92378152c2858,sEMG-MANUS,6,descriptive_final,frozen_evaluation_trials,1,"{""TD24_is_document_F0"": false, ""classes"": 6, ""ontology"": ""six native finger-flexion gestures"", ""scope"": ""Previously inspected MANUS eight-channel sessions, retrospective versioned calibrated routing comparison. TD24 is not Rest-fitted document F0. No own-device or default-promotion claim."", ""source_oof_temperature_calibrated"": true, ""target_calibration_disjoint"": true}",uniform,0.48412698412698413,0.5833333333333334,1.2053423828774434,0.09938779948444622,0.3341451938551103
f8_calibrated_manus_v2,benchmarks/new_bank_v3/F8_CALIBRATED_MANUS_V2_RESULTS.json,d1ff024f62ff8c66906d8dea9ccb6f5228f33a5fbccbf09d99c92378152c2858,sEMG-MANUS,6,descriptive_final,frozen_evaluation_trials,1,"{""TD24_is_document_F0"": false, ""classes"": 6, ""ontology"": ""six native finger-flexion gestures"", ""scope"": ""Previously inspected MANUS eight-channel sessions, retrospective versioned calibrated routing comparison. TD24 is not Rest-fitted document F0. No own-device or default-promotion claim."", ""source_oof_temperature_calibrated"": true, ""target_calibration_disjoint"": true}",F8,0.3611111111111111,0.5,1.2549062774129978,0.10300321595153894,0.09510627778870952
f8_calibrated_manus_v2,benchmarks/new_bank_v3/F8_CALIBRATED_MANUS_V2_RESULTS.json,d1ff024f62ff8c66906d8dea9ccb6f5228f33a5fbccbf09d99c92378152c2858,sEMG-MANUS,7,descriptive_final,frozen_evaluation_trials,1,"{""TD24_is_document_F0"": false, ""classes"": 6, ""ontology"": ""six native finger-flexion gestures"", ""scope"": ""Previously inspected MANUS eight-channel sessions, retrospective versioned calibrated routing comparison. TD24 is not Rest-fitted document F0. No own-device or default-promotion claim."", ""source_oof_temperature_calibrated"": true, ""target_calibration_disjoint"": true}",TD24,0.25,0.3333333333333333,1.5872725259538294,0.135731125510998,0.37809723861346195
f8_calibrated_manus_v2,benchmarks/new_bank_v3/F8_CALIBRATED_MANUS_V2_RESULTS.json,d1ff024f62ff8c66906d8dea9ccb6f5228f33a5fbccbf09d99c92378152c2858,sEMG-MANUS,7,descriptive_final,frozen_evaluation_trials,1,"{""TD24_is_document_F0"": false, ""classes"": 6, ""ontology"": ""six native finger-flexion gestures"", ""scope"": ""Previously inspected MANUS eight-channel sessions, retrospective versioned calibrated routing comparison. TD24 is not Rest-fitted document F0. No own-device or default-promotion claim."", ""source_oof_temperature_calibrated"": true, ""target_calibration_disjoint"": true}",uniform,0.24074074074074073,0.3333333333333333,1.5698860923224605,0.129508939057489,0.3561647911244604
f8_calibrated_manus_v2,benchmarks/new_bank_v3/F8_CALIBRATED_MANUS_V2_RESULTS.json,d1ff024f62ff8c66906d8dea9ccb6f5228f33a5fbccbf09d99c92378152c2858,sEMG-MANUS,7,descriptive_final,frozen_evaluation_trials,1,"{""TD24_is_document_F0"": false, ""classes"": 6, ""ontology"": ""six native finger-flexion gestures"", ""scope"": ""Previously inspected MANUS eight-channel sessions, retrospective versioned calibrated routing comparison. TD24 is not Rest-fitted document F0. No own-device or default-promotion claim."", ""source_oof_temperature_calibrated"": true, ""target_calibration_disjoint"": true}",F8,0.25,0.3333333333333333,1.5587595734088209,0.12907044801250198,0.35704481451462744
f8_calibrated_manus_v2,benchmarks/new_bank_v3/F8_CALIBRATED_MANUS_V2_RESULTS.json,d1ff024f62ff8c66906d8dea9ccb6f5228f33a5fbccbf09d99c92378152c2858,sEMG-MANUS,8,descriptive_final,frozen_evaluation_trials,1,"{""TD24_is_document_F0"": false, ""classes"": 6, ""ontology"": ""six native finger-flexion gestures"", ""scope"": ""Previously inspected MANUS eight-channel sessions, retrospective versioned calibrated routing comparison. TD24 is not Rest-fitted document F0. No own-device or default-promotion claim."", ""source_oof_temperature_calibrated"": true, ""target_calibration_disjoint"": true}",TD24,0.41111111111111115,0.5,1.2737222241291344,0.10583658336743809,0.33720749497459646
f8_calibrated_manus_v2,benchmarks/new_bank_v3/F8_CALIBRATED_MANUS_V2_RESULTS.json,d1ff024f62ff8c66906d8dea9ccb6f5228f33a5fbccbf09d99c92378152c2858,sEMG-MANUS,8,descriptive_final,frozen_evaluation_trials,1,"{""TD24_is_document_F0"": false, ""classes"": 6, ""ontology"": ""six native finger-flexion gestures"", ""scope"": ""Previously inspected MANUS eight-channel sessions, retrospective versioned calibrated routing comparison. TD24 is not Rest-fitted document F0. No own-device or default-promotion claim."", ""source_oof_temperature_calibrated"": true, ""target_calibration_disjoint"": true}",uniform,0.38888888888888884,0.4166666666666667,1.377038719096512,0.1133835668114015,0.1357854119867923
f8_calibrated_manus_v2,benchmarks/new_bank_v3/F8_CALIBRATED_MANUS_V2_RESULTS.json,d1ff024f62ff8c66906d8dea9ccb6f5228f33a5fbccbf09d99c92378152c2858,sEMG-MANUS,8,descriptive_final,frozen_evaluation_trials,1,"{""TD24_is_document_F0"": false, ""classes"": 6, ""ontology"": ""six native finger-flexion gestures"", ""scope"": ""Previously inspected MANUS eight-channel sessions, retrospective versioned calibrated routing comparison. TD24 is not Rest-fitted document F0. No own-device or default-promotion claim."", ""source_oof_temperature_calibrated"": true, ""target_calibration_disjoint"": true}",F8,0.38888888888888884,0.4166666666666667,1.3637011401521677,0.11248620622612407,0.13721667488041273
f8_calibrated_manus_v2,benchmarks/new_bank_v3/F8_CALIBRATED_MANUS_V2_RESULTS.json,d1ff024f62ff8c66906d8dea9ccb6f5228f33a5fbccbf09d99c92378152c2858,sEMG-MANUS,ALL,descriptive_final,frozen_evaluation_trials,2,"{""TD24_is_document_F0"": false, ""classes"": 6, ""ontology"": ""six native finger-flexion gestures"", ""scope"": ""Previously inspected MANUS eight-channel sessions, retrospective versioned calibrated routing comparison. TD24 is not Rest-fitted document F0. No own-device or default-promotion claim."", ""source_oof_temperature_calibrated"": true, ""target_calibration_disjoint"": true}",TD24,0.40751310093415355,0.4166666666666667,1.3500092543181124,0.11227899222841306,0.12848060312199233
f8_calibrated_manus_v2,benchmarks/new_bank_v3/F8_CALIBRATED_MANUS_V2_RESULTS.json,d1ff024f62ff8c66906d8dea9ccb6f5228f33a5fbccbf09d99c92378152c2858,sEMG-MANUS,ALL,descriptive_final,frozen_evaluation_trials,2,"{""TD24_is_document_F0"": false, ""classes"": 6, ""ontology"": ""six native finger-flexion gestures"", ""scope"": ""Previously inspected MANUS eight-channel sessions, retrospective versioned calibrated routing comparison. TD24 is not Rest-fitted document F0. No own-device or default-promotion claim."", ""source_oof_temperature_calibrated"": true, ""target_calibration_disjoint"": true}",uniform,0.4685018685018685,0.4722222222222222,1.3812313752307415,0.1135120819320612,0.17453682511405114
f8_calibrated_manus_v2,benchmarks/new_bank_v3/F8_CALIBRATED_MANUS_V2_RESULTS.json,d1ff024f62ff8c66906d8dea9ccb6f5228f33a5fbccbf09d99c92378152c2858,sEMG-MANUS,ALL,descriptive_final,frozen_evaluation_trials,2,"{""TD24_is_document_F0"": false, ""classes"": 6, ""ontology"": ""six native finger-flexion gestures"", ""scope"": ""Previously inspected MANUS eight-channel sessions, retrospective versioned calibrated routing comparison. TD24 is not Rest-fitted document F0. No own-device or default-promotion claim."", ""source_oof_temperature_calibrated"": true, ""target_calibration_disjoint"": true}",F8,0.44170644170644174,0.4444444444444444,1.3800178577801447,0.11353090941826005,0.13250274553505428
f8_calibrated_manus_v2,benchmarks/new_bank_v3/F8_CALIBRATED_MANUS_V2_RESULTS.json,d1ff024f62ff8c66906d8dea9ccb6f5228f33a5fbccbf09d99c92378152c2858,sEMG-MANUS,3,descriptive_final,frozen_evaluation_trials,2,"{""TD24_is_document_F0"": false, ""classes"": 6, ""ontology"": ""six native finger-flexion gestures"", ""scope"": ""Previously inspected MANUS eight-channel sessions, retrospective versioned calibrated routing comparison. TD24 is not Rest-fitted document F0. No own-device or default-promotion claim."", ""source_oof_temperature_calibrated"": true, ""target_calibration_disjoint"": true}",TD24,0.047619047619047616,0.16666666666666666,1.71288434662687,0.13599836415118435,0.17024272300085086
f8_calibrated_manus_v2,benchmarks/new_bank_v3/F8_CALIBRATED_MANUS_V2_RESULTS.json,d1ff024f62ff8c66906d8dea9ccb6f5228f33a5fbccbf09d99c92378152c2858,sEMG-MANUS,3,descriptive_final,frozen_evaluation_trials,2,"{""TD24_is_document_F0"": false, ""classes"": 6, ""ontology"": ""six native finger-flexion gestures"", ""scope"": ""Previously inspected MANUS eight-channel sessions, retrospective versioned calibrated routing comparison. TD24 is not Rest-fitted document F0. No own-device or default-promotion claim."", ""source_oof_temperature_calibrated"": true, ""target_calibration_disjoint"": true}",uniform,0.2222222222222222,0.3333333333333333,1.5964621413406823,0.12817014362947687,0.140677607917663
f8_calibrated_manus_v2,benchmarks/new_bank_v3/F8_CALIBRATED_MANUS_V2_RESULTS.json,d1ff024f62ff8c66906d8dea9ccb6f5228f33a5fbccbf09d99c92378152c2858,sEMG-MANUS,3,descriptive_final,frozen_evaluation_trials,2,"{""TD24_is_document_F0"": false, ""classes"": 6, ""ontology"": ""six native finger-flexion gestures"", ""scope"": ""Previously inspected MANUS eight-channel sessions, retrospective versioned calibrated routing comparison. TD24 is not Rest-fitted document F0. No own-device or default-promotion claim."", ""source_oof_temperature_calibrated"": true, ""target_calibration_disjoint"": true}",F8,0.16666666666666666,0.16666666666666666,1.5862047543930655,0.12754062226761623,0.10194739701127951
f8_calibrated_manus_v2,benchmarks/new_bank_v3/F8_CALIBRATED_MANUS_V2_RESULTS.json,d1ff024f62ff8c66906d8dea9ccb6f5228f33a5fbccbf09d99c92378152c2858,sEMG-MANUS,4,descriptive_final,frozen_evaluation_trials,2,"{""TD24_is_document_F0"": false, ""classes"": 6, ""ontology"": ""six native finger-flexion gestures"", ""scope"": ""Previously inspected MANUS eight-channel sessions, retrospective versioned calibrated routing comparison. TD24 is not Rest-fitted document F0. No own-device or default-promotion claim."", ""source_oof_temperature_calibrated"": true, ""target_calibration_disjoint"": true}",TD24,0.25,0.3333333333333333,1.334955453774211,0.11095517941445425,0.21701418941979167
f8_calibrated_manus_v2,benchmarks/new_bank_v3/F8_CALIBRATED_MANUS_V2_RESULTS.json,d1ff024f62ff8c66906d8dea9ccb6f5228f33a5fbccbf09d99c92378152c2858,sEMG-MANUS,4,descriptive_final,frozen_evaluation_trials,2,"{""TD24_is_document_F0"": false, ""classes"": 6, ""ontology"": ""six native finger-flexion gestures"", ""scope"": ""Previously inspected MANUS eight-channel sessions, retrospective versioned calibrated routing comparison. TD24 is not Rest-fitted document F0. No own-device or default-promotion claim."", ""source_oof_temperature_calibrated"": true, ""target_calibration_disjoint"": true}",uniform,0.5833333333333334,0.6666666666666666,1.3414803785566756,0.11076063098700112,0.3919248490649663
f8_calibrated_manus_v2,benchmarks/new_bank_v3/F8_CALIBRATED_MANUS_V2_RESULTS.json,d1ff024f62ff8c66906d8dea9ccb6f5228f33a5fbccbf09d99c92378152c2858,sEMG-MANUS,4,descriptive_final,frozen_evaluation_trials,2,"{""TD24_is_document_F0"": false, ""classes"": 6, ""ontology"": ""six native finger-flexion gestures"", ""scope"": ""Previously inspected MANUS eight-channel sessions, retrospective versioned calibrated routing comparison. TD24 is not Rest-fitted document F0. No own-device or default-promotion claim."", ""source_oof_temperature_calibrated"": true, ""target_calibration_disjoint"": true}",F8,0.5833333333333334,0.6666666666666666,1.3389988982786436,0.11067156023900065,0.3921468605970466
f8_calibrated_manus_v2,benchmarks/new_bank_v3/F8_CALIBRATED_MANUS_V2_RESULTS.json,d1ff024f62ff8c66906d8dea9ccb6f5228f33a5fbccbf09d99c92378152c2858,sEMG-MANUS,5,descriptive_final,frozen_evaluation_trials,2,"{""TD24_is_document_F0"": false, ""classes"": 6, ""ontology"": ""six native finger-flexion gestures"", ""scope"": ""Previously inspected MANUS eight-channel sessions, retrospective versioned calibrated routing comparison. TD24 is not Rest-fitted document F0. No own-device or default-promotion claim."", ""source_oof_temperature_calibrated"": true, ""target_calibration_disjoint"": true}",TD24,0.5833333333333334,0.6666666666666666,1.1519014745751106,0.09626044380417821,0.3959030086252351
f8_calibrated_manus_v2,benchmarks/new_bank_v3/F8_CALIBRATED_MANUS_V2_RESULTS.json,d1ff024f62ff8c66906d8dea9ccb6f5228f33a5fbccbf09d99c92378152c2858,sEMG-MANUS,5,descriptive_final,frozen_evaluation_trials,2,"{""TD24_is_document_F0"": false, ""classes"": 6, ""ontology"": ""six native finger-flexion gestures"", ""scope"": ""Previously inspected MANUS eight-channel sessions, retrospective versioned calibrated routing comparison. TD24 is not Rest-fitted document F0. No own-device or default-promotion claim."", ""source_oof_temperature_calibrated"": true, ""target_calibration_disjoint"": true}",uniform,0.7777777777777777,0.8333333333333334,1.171208062460347,0.09765841000647278,0.5043440296732421
f8_calibrated_manus_v2,benchmarks/new_bank_v3/F8_CALIBRATED_MANUS_V2_RESULTS.json,d1ff024f62ff8c66906d8dea9ccb6f5228f33a5fbccbf09d99c92378152c2858,sEMG-MANUS,5,descriptive_final,frozen_evaluation_trials,2,"{""TD24_is_document_F0"": false, ""classes"": 6, ""ontology"": ""six native finger-flexion gestures"", ""scope"": ""Previously inspected MANUS eight-channel sessions, retrospective versioned calibrated routing comparison. TD24 is not Rest-fitted document F0. No own-device or default-promotion claim."", ""source_oof_temperature_calibrated"": true, ""target_calibration_disjoint"": true}",F8,0.7777777777777777,0.8333333333333334,1.1665596516250742,0.09721665478597041,0.5028411202937482
f8_calibrated_manus_v2,benchmarks/new_bank_v3/F8_CALIBRATED_MANUS_V2_RESULTS.json,d1ff024f62ff8c66906d8dea9ccb6f5228f33a5fbccbf09d99c92378152c2858,sEMG-MANUS,6,descriptive_final,frozen_evaluation_trials,2,"{""TD24_is_document_F0"": false, ""classes"": 6, ""ontology"": ""six native finger-flexion gestures"", ""scope"": ""Previously inspected MANUS eight-channel sessions, retrospective versioned calibrated routing comparison. TD24 is not Rest-fitted document F0. No own-device or default-promotion claim."", ""source_oof_temperature_calibrated"": true, ""target_calibration_disjoint"": true}",TD24,0.5555555555555555,0.6666666666666666,1.0651396002691078,0.08913217224280164,0.4911066588809385
f8_calibrated_manus_v2,benchmarks/new_bank_v3/F8_CALIBRATED_MANUS_V2_RESULTS.json,d1ff024f62ff8c66906d8dea9ccb6f5228f33a5fbccbf09d99c92378152c2858,sEMG-MANUS,6,descriptive_final,frozen_evaluation_trials,2,"{""TD24_is_document_F0"": false, ""classes"": 6, ""ontology"": ""six native finger-flexion gestures"", ""scope"": ""Previously inspected MANUS eight-channel sessions, retrospective versioned calibrated routing comparison. TD24 is not Rest-fitted document F0. No own-device or default-promotion claim."", ""source_oof_temperature_calibrated"": true, ""target_calibration_disjoint"": true}",uniform,0.3611111111111111,0.5,1.1893779487515066,0.09771163379950923,0.19338232432317212
f8_calibrated_manus_v2,benchmarks/new_bank_v3/F8_CALIBRATED_MANUS_V2_RESULTS.json,d1ff024f62ff8c66906d8dea9ccb6f5228f33a5fbccbf09d99c92378152c2858,sEMG-MANUS,6,descriptive_final,frozen_evaluation_trials,2,"{""TD24_is_document_F0"": false, ""classes"": 6, ""ontology"": ""six native finger-flexion gestures"", ""scope"": ""Previously inspected MANUS eight-channel sessions, retrospective versioned calibrated routing comparison. TD24 is not Rest-fitted document F0. No own-device or default-promotion claim."", ""source_oof_temperature_calibrated"": true, ""target_calibration_disjoint"": true}",F8,0.3611111111111111,0.5,1.2316689224541966,0.10098378540586223,0.20141465119429605
f8_calibrated_manus_v2,benchmarks/new_bank_v3/F8_CALIBRATED_MANUS_V2_RESULTS.json,d1ff024f62ff8c66906d8dea9ccb6f5228f33a5fbccbf09d99c92378152c2858,sEMG-MANUS,7,descriptive_final,frozen_evaluation_trials,2,"{""TD24_is_document_F0"": false, ""classes"": 6, ""ontology"": ""six native finger-flexion gestures"", ""scope"": ""Previously inspected MANUS eight-channel sessions, retrospective versioned calibrated routing comparison. TD24 is not Rest-fitted document F0. No own-device or default-promotion claim."", ""source_oof_temperature_calibrated"": true, ""target_calibration_disjoint"": true}",TD24,0.25,0.3333333333333333,1.5403792787165962,0.13240815306833403,0.47574662663312595
f8_calibrated_manus_v2,benchmarks/new_bank_v3/F8_CALIBRATED_MANUS_V2_RESULTS.json,d1ff024f62ff8c66906d8dea9ccb6f5228f33a5fbccbf09d99c92378152c2858,sEMG-MANUS,7,descriptive_final,frozen_evaluation_trials,2,"{""TD24_is_document_F0"": false, ""classes"": 6, ""ontology"": ""six native finger-flexion gestures"", ""scope"": ""Previously inspected MANUS eight-channel sessions, retrospective versioned calibrated routing comparison. TD24 is not Rest-fitted document F0. No own-device or default-promotion claim."", ""source_oof_temperature_calibrated"": true, ""target_calibration_disjoint"": true}",uniform,0.2333333333333333,0.3333333333333333,1.5369220711572502,0.12755062884635354,0.4416981187322363
f8_calibrated_manus_v2,benchmarks/new_bank_v3/F8_CALIBRATED_MANUS_V2_RESULTS.json,d1ff024f62ff8c66906d8dea9ccb6f5228f33a5fbccbf09d99c92378152c2858,sEMG-MANUS,7,descriptive_final,frozen_evaluation_trials,2,"{""TD24_is_document_F0"": false, ""classes"": 6, ""ontology"": ""six native finger-flexion gestures"", ""scope"": ""Previously inspected MANUS eight-channel sessions, retrospective versioned calibrated routing comparison. TD24 is not Rest-fitted document F0. No own-device or default-promotion claim."", ""source_oof_temperature_calibrated"": true, ""target_calibration_disjoint"": true}",F8,0.25,0.3333333333333333,1.5220521322473142,0.1266240166071796,0.4424637732892096
f8_calibrated_manus_v2,benchmarks/new_bank_v3/F8_CALIBRATED_MANUS_V2_RESULTS.json,d1ff024f62ff8c66906d8dea9ccb6f5228f33a5fbccbf09d99c92378152c2858,sEMG-MANUS,8,descriptive_final,frozen_evaluation_trials,2,"{""TD24_is_document_F0"": false, ""classes"": 6, ""ontology"": ""six native finger-flexion gestures"", ""scope"": ""Previously inspected MANUS eight-channel sessions, retrospective versioned calibrated routing comparison. TD24 is not Rest-fitted document F0. No own-device or default-promotion claim."", ""source_oof_temperature_calibrated"": true, ""target_calibration_disjoint"": true}",TD24,0.2333333333333333,0.3333333333333333,1.2947953719467795,0.10891964068952595,0.17233597035313483
f8_calibrated_manus_v2,benchmarks/new_bank_v3/F8_CALIBRATED_MANUS_V2_RESULTS.json,d1ff024f62ff8c66906d8dea9ccb6f5228f33a5fbccbf09d99c92378152c2858,sEMG-MANUS,8,descriptive_final,frozen_evaluation_trials,2,"{""TD24_is_document_F0"": false, ""classes"": 6, ""ontology"": ""six native finger-flexion gestures"", ""scope"": ""Previously inspected MANUS eight-channel sessions, retrospective versioned calibrated routing comparison. TD24 is not Rest-fitted document F0. No own-device or default-promotion claim."", ""source_oof_temperature_calibrated"": true, ""target_calibration_disjoint"": true}",uniform,0.06666666666666667,0.16666666666666666,1.451937649117988,0.11922104432355367,0.318054070203562
f8_calibrated_manus_v2,benchmarks/new_bank_v3/F8_CALIBRATED_MANUS_V2_RESULTS.json,d1ff024f62ff8c66906d8dea9ccb6f5228f33a5fbccbf09d99c92378152c2858,sEMG-MANUS,8,descriptive_final,frozen_evaluation_trials,2,"{""TD24_is_document_F0"": false, ""classes"": 6, ""ontology"": ""six native finger-flexion gestures"", ""scope"": ""Previously inspected MANUS eight-channel sessions, retrospective versioned calibrated routing comparison. TD24 is not Rest-fitted document F0. No own-device or default-promotion claim."", ""source_oof_temperature_calibrated"": true, ""target_calibration_disjoint"": true}",F8,0.06666666666666667,0.16666666666666666,1.434622787682577,0.11814881720393126,0.32058813467194464
mahalanobis_epn_budget_v1,benchmarks/new_bank_v3/MAHALANOBIS_EPN_BUDGET_V1_RESULTS.json,0f58780fc3023df1ff39fdaca1d918b5120d34839a7d416de32c8028053ce44d,EPN612,ALL,descriptive_users22_31,fixed_evaluation_trials_across_budgets,1,"{""classes"": 6, ""dimension"": 8, ""independent_trial_guard"": true, ""ontology"": ""EPN612 native six classes"", ""scope"": ""Previously inspected EPN users22-31; retrospective native budget experiment. High-dimensional 24/36 cases must remain N/A if trial budgets are insufficient. No dimensionality reduction, window-count inflation, device or blind holdout claim.""}",pattern_euclidean,0.4222314434822121,0.42333333333333334,1.6388076373925757,0.12898461646286405,0.16319211184430682
mahalanobis_epn_budget_v1,benchmarks/new_bank_v3/MAHALANOBIS_EPN_BUDGET_V1_RESULTS.json,0f58780fc3023df1ff39fdaca1d918b5120d34839a7d416de32c8028053ce44d,EPN612,22,descriptive_users22_31,fixed_evaluation_trials_across_budgets,1,"{""classes"": 6, ""dimension"": 8, ""independent_trial_guard"": true, ""ontology"": ""EPN612 native six classes"", ""scope"": ""Previously inspected EPN users22-31; retrospective native budget experiment. High-dimensional 24/36 cases must remain N/A if trial budgets are insufficient. No dimensionality reduction, window-count inflation, device or blind holdout claim.""}",pattern_euclidean,0.35656565656565653,0.36666666666666664,1.6815480482409957,0.1314725011383913,0.14461162438443717
mahalanobis_epn_budget_v1,benchmarks/new_bank_v3/MAHALANOBIS_EPN_BUDGET_V1_RESULTS.json,0f58780fc3023df1ff39fdaca1d918b5120d34839a7d416de32c8028053ce44d,EPN612,23,descriptive_users22_31,fixed_evaluation_trials_across_budgets,1,"{""classes"": 6, ""dimension"": 8, ""independent_trial_guard"": true, ""ontology"": ""EPN612 native six classes"", ""scope"": ""Previously inspected EPN users22-31; retrospective native budget experiment. High-dimensional 24/36 cases must remain N/A if trial budgets are insufficient. No dimensionality reduction, window-count inflation, device or blind holdout claim.""}",pattern_euclidean,0.4761904761904761,0.5,1.5372423152736683,0.12168505235288048,0.21420253042548026
mahalanobis_epn_budget_v1,benchmarks/new_bank_v3/MAHALANOBIS_EPN_BUDGET_V1_RESULTS.json,0f58780fc3023df1ff39fdaca1d918b5120d34839a7d416de32c8028053ce44d,EPN612,24,descriptive_users22_31,fixed_evaluation_trials_across_budgets,1,"{""classes"": 6, ""dimension"": 8, ""independent_trial_guard"": true, ""ontology"": ""EPN612 native six classes"", ""scope"": ""Previously inspected EPN users22-31; retrospective native budget experiment. High-dimensional 24/36 cases must remain N/A if trial budgets are insufficient. No dimensionality reduction, window-count inflation, device or blind holdout claim.""}",pattern_euclidean,0.3981481481481482,0.4,1.5632269272003974,0.12501104676210847,0.23124954690022304
mahalanobis_epn_budget_v1,benchmarks/new_bank_v3/MAHALANOBIS_EPN_BUDGET_V1_RESULTS.json,0f58780fc3023df1ff39fdaca1d918b5120d34839a7d416de32c8028053ce44d,EPN612,25,descriptive_users22_31,fixed_evaluation_trials_across_budgets,1,"{""classes"": 6, ""dimension"": 8, ""independent_trial_guard"": true, ""ontology"": ""EPN612 native six classes"", ""scope"": ""Previously inspected EPN users22-31; retrospective native budget experiment. High-dimensional 24/36 cases must remain N/A if trial budgets are insufficient. No dimensionality reduction, window-count inflation, device or blind holdout claim.""}",pattern_euclidean,0.3807387057387057,0.43333333333333335,1.6178343763350789,0.12718940543267396,0.1595345115626022
mahalanobis_epn_budget_v1,benchmarks/new_bank_v3/MAHALANOBIS_EPN_BUDGET_V1_RESULTS.json,0f58780fc3023df1ff39fdaca1d918b5120d34839a7d416de32c8028053ce44d,EPN612,26,descriptive_users22_31,fixed_evaluation_trials_across_budgets,1,"{""classes"": 6, ""dimension"": 8, ""independent_trial_guard"": true, ""ontology"": ""EPN612 native six classes"", ""scope"": ""Previously inspected EPN users22-31; retrospective native budget experiment. High-dimensional 24/36 cases must remain N/A if trial budgets are insufficient. No dimensionality reduction, window-count inflation, device or blind holdout claim.""}",pattern_euclidean,0.39999999999999997,0.43333333333333335,1.6301028220606963,0.12928533025594421,0.17759973554864836
mahalanobis_epn_budget_v1,benchmarks/new_bank_v3/MAHALANOBIS_EPN_BUDGET_V1_RESULTS.json,0f58780fc3023df1ff39fdaca1d918b5120d34839a7d416de32c8028053ce44d,EPN612,27,descriptive_users22_31,fixed_evaluation_trials_across_budgets,1,"{""classes"": 6, ""dimension"": 8, ""independent_trial_guard"": true, ""ontology"": ""EPN612 native six classes"", ""scope"": ""Previously inspected EPN users22-31; retrospective native budget experiment. High-dimensional 24/36 cases must remain N/A if trial budgets are insufficient. No dimensionality reduction, window-count inflation, device or blind holdout claim.""}",pattern_euclidean,0.34801587301587295,0.36666666666666664,1.6928327111501522,0.13293122698293217,0.12035564637412709
mahalanobis_epn_budget_v1,benchmarks/new_bank_v3/MAHALANOBIS_EPN_BUDGET_V1_RESULTS.json,0f58780fc3023df1ff39fdaca1d918b5120d34839a7d416de32c8028053ce44d,EPN612,28,descriptive_users22_31,fixed_evaluation_trials_across_budgets,1,"{""classes"": 6, ""dimension"": 8, ""independent_trial_guard"": true, ""ontology"": ""EPN612 native six classes"", ""scope"": ""Previously inspected EPN users22-31; retrospective native budget experiment. High-dimensional 24/36 cases must remain N/A if trial budgets are insufficient. No dimensionality reduction, window-count inflation, device or blind holdout claim.""}",pattern_euclidean,0.4943121693121693,0.4666666666666667,1.6314274882018993,0.12810376630646086,0.1958997414757885
mahalanobis_epn_budget_v1,benchmarks/new_bank_v3/MAHALANOBIS_EPN_BUDGET_V1_RESULTS.json,0f58780fc3023df1ff39fdaca1d918b5120d34839a7d416de32c8028053ce44d,EPN612,29,descriptive_users22_31,fixed_evaluation_trials_across_budgets,1,"{""classes"": 6, ""dimension"": 8, ""independent_trial_guard"": true, ""ontology"": ""EPN612 native six classes"", ""scope"": ""Previously inspected EPN users22-31; retrospective native budget experiment. High-dimensional 24/36 cases must remain N/A if trial budgets are insufficient. No dimensionality reduction, window-count inflation, device or blind holdout claim.""}",pattern_euclidean,0.2564814814814815,0.3,1.8789111076939307,0.14304395249684676,0.15582287387200208
mahalanobis_epn_budget_v1,benchmarks/new_bank_v3/MAHALANOBIS_EPN_BUDGET_V1_RESULTS.json,0f58780fc3023df1ff39fdaca1d918b5120d34839a7d416de32c8028053ce44d,EPN612,30,descriptive_users22_31,fixed_evaluation_trials_across_budgets,1,"{""classes"": 6, ""dimension"": 8, ""independent_trial_guard"": true, ""ontology"": ""EPN612 native six classes"", ""scope"": ""Previously inspected EPN users22-31; retrospective native budget experiment. High-dimensional 24/36 cases must remain N/A if trial budgets are insufficient. No dimensionality reduction, window-count inflation, device or blind holdout claim.""}",pattern_euclidean,0.3733349983349983,0.4,1.5681565718913475,0.12506635438398134,0.161225112236194
mahalanobis_epn_budget_v1,benchmarks/new_bank_v3/MAHALANOBIS_EPN_BUDGET_V1_RESULTS.json,0f58780fc3023df1ff39fdaca1d918b5120d34839a7d416de32c8028053ce44d,EPN612,31,descriptive_users22_31,fixed_evaluation_trials_across_budgets,1,"{""classes"": 6, ""dimension"": 8, ""independent_trial_guard"": true, ""ontology"": ""EPN612 native six classes"", ""scope"": ""Previously inspected EPN users22-31; retrospective native budget experiment. High-dimensional 24/36 cases must remain N/A if trial budgets are insufficient. No dimensionality reduction, window-count inflation, device or blind holdout claim.""}",pattern_euclidean,0.5357142857142857,0.5666666666666667,1.5867940058775902,0.1260575285164208,0.33551317486750676
mahalanobis_epn_budget_v1,benchmarks/new_bank_v3/MAHALANOBIS_EPN_BUDGET_V1_RESULTS.json,0f58780fc3023df1ff39fdaca1d918b5120d34839a7d416de32c8028053ce44d,EPN612,ALL,descriptive_users22_31,fixed_evaluation_trials_across_budgets,2,"{""classes"": 6, ""dimension"": 8, ""independent_trial_guard"": true, ""ontology"": ""EPN612 native six classes"", ""scope"": ""Previously inspected EPN users22-31; retrospective native budget experiment. High-dimensional 24/36 cases must remain N/A if trial budgets are insufficient. No dimensionality reduction, window-count inflation, device or blind holdout claim.""}",pattern_euclidean,0.4211625092868658,0.43,1.6008256032044144,0.12690394517295311,0.1781879549163235
mahalanobis_epn_budget_v1,benchmarks/new_bank_v3/MAHALANOBIS_EPN_BUDGET_V1_RESULTS.json,0f58780fc3023df1ff39fdaca1d918b5120d34839a7d416de32c8028053ce44d,EPN612,22,descriptive_users22_31,fixed_evaluation_trials_across_budgets,2,"{""classes"": 6, ""dimension"": 8, ""independent_trial_guard"": true, ""ontology"": ""EPN612 native six classes"", ""scope"": ""Previously inspected EPN users22-31; retrospective native budget experiment. High-dimensional 24/36 cases must remain N/A if trial budgets are insufficient. No dimensionality reduction, window-count inflation, device or blind holdout claim.""}",pattern_euclidean,0.35984848484848486,0.36666666666666664,1.6693197941443925,0.1311543282990124,0.19135150963236514
mahalanobis_epn_budget_v1,benchmarks/new_bank_v3/MAHALANOBIS_EPN_BUDGET_V1_RESULTS.json,0f58780fc3023df1ff39fdaca1d918b5120d34839a7d416de32c8028053ce44d,EPN612,23,descriptive_users22_31,fixed_evaluation_trials_across_budgets,2,"{""classes"": 6, ""dimension"": 8, ""independent_trial_guard"": true, ""ontology"": ""EPN612 native six classes"", ""scope"": ""Previously inspected EPN users22-31; retrospective native budget experiment. High-dimensional 24/36 cases must remain N/A if trial budgets are insufficient. No dimensionality reduction, window-count inflation, device or blind holdout claim.""}",pattern_euclidean,0.534780578898226,0.5666666666666667,1.4542681835267297,0.11690314066128052,0.29890323000615193
mahalanobis_epn_budget_v1,benchmarks/new_bank_v3/MAHALANOBIS_EPN_BUDGET_V1_RESULTS.json,0f58780fc3023df1ff39fdaca1d918b5120d34839a7d416de32c8028053ce44d,EPN612,24,descriptive_users22_31,fixed_evaluation_trials_across_budgets,2,"{""classes"": 6, ""dimension"": 8, ""independent_trial_guard"": true, ""ontology"": ""EPN612 native six classes"", ""scope"": ""Previously inspected EPN users22-31; retrospective native budget experiment. High-dimensional 24/36 cases must remain N/A if trial budgets are insufficient. No dimensionality reduction, window-count inflation, device or blind holdout claim.""}",pattern_euclidean,0.5297202797202797,0.5666666666666667,1.5089411695711124,0.12034214944457101,0.30427814811722004
mahalanobis_epn_budget_v1,benchmarks/new_bank_v3/MAHALANOBIS_EPN_BUDGET_V1_RESULTS.json,0f58780fc3023df1ff39fdaca1d918b5120d34839a7d416de32c8028053ce44d,EPN612,25,descriptive_users22_31,fixed_evaluation_trials_across_budgets,2,"{""classes"": 6, ""dimension"": 8, ""independent_trial_guard"": true, ""ontology"": ""EPN612 native six classes"", ""scope"": ""Previously inspected EPN users22-31; retrospective native budget experiment. High-dimensional 24/36 cases must remain N/A if trial budgets are insufficient. No dimensionality reduction, window-count inflation, device or blind holdout claim.""}",pattern_euclidean,0.2703962703962704,0.3333333333333333,1.7404325747438292,0.13545794035902944,0.14809780293174749
mahalanobis_epn_budget_v1,benchmarks/new_bank_v3/MAHALANOBIS_EPN_BUDGET_V1_RESULTS.json,0f58780fc3023df1ff39fdaca1d918b5120d34839a7d416de32c8028053ce44d,EPN612,26,descriptive_users22_31,fixed_evaluation_trials_across_budgets,2,"{""classes"": 6, ""dimension"": 8, ""independent_trial_guard"": true, ""ontology"": ""EPN612 native six classes"", ""scope"": ""Previously inspected EPN users22-31; retrospective native budget experiment. High-dimensional 24/36 cases must remain N/A if trial budgets are insufficient. No dimensionality reduction, window-count inflation, device or blind holdout claim.""}",pattern_euclidean,0.525888925888926,0.5333333333333333,1.5368319006529374,0.12303855299831248,0.2946933825260196
mahalanobis_epn_budget_v1,benchmarks/new_bank_v3/MAHALANOBIS_EPN_BUDGET_V1_RESULTS.json,0f58780fc3023df1ff39fdaca1d918b5120d34839a7d416de32c8028053ce44d,EPN612,27,descriptive_users22_31,fixed_evaluation_trials_across_budgets,2,"{""classes"": 6, ""dimension"": 8, ""independent_trial_guard"": true, ""ontology"": ""EPN612 native six classes"", ""scope"": ""Previously inspected EPN users22-31; retrospective native budget experiment. High-dimensional 24/36 cases must remain N/A if trial budgets are insufficient. No dimensionality reduction, window-count inflation, device or blind holdout claim.""}",pattern_euclidean,0.29805194805194807,0.3,1.5921505536794411,0.12733448236231248,0.07330180281516128
mahalanobis_epn_budget_v1,benchmarks/new_bank_v3/MAHALANOBIS_EPN_BUDGET_V1_RESULTS.json,0f58780fc3023df1ff39fdaca1d918b5120d34839a7d416de32c8028053ce44d,EPN612,28,descriptive_users22_31,fixed_evaluation_trials_across_budgets,2,"{""classes"": 6, ""dimension"": 8, ""independent_trial_guard"": true, ""ontology"": ""EPN612 native six classes"", ""scope"": ""Previously inspected EPN users22-31; retrospective native budget experiment. High-dimensional 24/36 cases must remain N/A if trial budgets are insufficient. No dimensionality reduction, window-count inflation, device or blind holdout claim.""}",pattern_euclidean,0.36205646205646197,0.4,1.665178809050137,0.13025147952600424,0.15625702866696453
mahalanobis_epn_budget_v1,benchmarks/new_bank_v3/MAHALANOBIS_EPN_BUDGET_V1_RESULTS.json,0f58780fc3023df1ff39fdaca1d918b5120d34839a7d416de32c8028053ce44d,EPN612,29,descriptive_users22_31,fixed_evaluation_trials_across_budgets,2,"{""classes"": 6, ""dimension"": 8, ""independent_trial_guard"": true, ""ontology"": ""EPN612 native six classes"", ""scope"": ""Previously inspected EPN users22-31; retrospective native budget experiment. High-dimensional 24/36 cases must remain N/A if trial budgets are insufficient. No dimensionality reduction, window-count inflation, device or blind holdout claim.""}",pattern_euclidean,0.266979316979317,0.26666666666666666,1.718858503692154,0.13499085870272856,0.07727402384992363
mahalanobis_epn_budget_v1,benchmarks/new_bank_v3/MAHALANOBIS_EPN_BUDGET_V1_RESULTS.json,0f58780fc3023df1ff39fdaca1d918b5120d34839a7d416de32c8028053ce44d,EPN612,30,descriptive_users22_31,fixed_evaluation_trials_across_budgets,2,"{""classes"": 6, ""dimension"": 8, ""independent_trial_guard"": true, ""ontology"": ""EPN612 native six classes"", ""scope"": ""Previously inspected EPN users22-31; retrospective native budget experiment. High-dimensional 24/36 cases must remain N/A if trial budgets are insufficient. No dimensionality reduction, window-count inflation, device or blind holdout claim.""}",pattern_euclidean,0.451016576016576,0.4666666666666667,1.5273208297981888,0.12283571896083825,0.19783290495192316
mahalanobis_epn_budget_v1,benchmarks/new_bank_v3/MAHALANOBIS_EPN_BUDGET_V1_RESULTS.json,0f58780fc3023df1ff39fdaca1d918b5120d34839a7d416de32c8028053ce44d,EPN612,31,descriptive_users22_31,fixed_evaluation_trials_across_budgets,2,"{""classes"": 6, ""dimension"": 8, ""independent_trial_guard"": true, ""ontology"": ""EPN612 native six classes"", ""scope"": ""Previously inspected EPN users22-31; retrospective native budget experiment. High-dimensional 24/36 cases must remain N/A if trial budgets are insufficient. No dimensionality reduction, window-count inflation, device or blind holdout claim.""}",pattern_euclidean,0.48917748917748916,0.5,1.59495371318522,0.1267308004154417,0.2765222603871013
mahalanobis_epn_budget_v1,benchmarks/new_bank_v3/MAHALANOBIS_EPN_BUDGET_V1_RESULTS.json,0f58780fc3023df1ff39fdaca1d918b5120d34839a7d416de32c8028053ce44d,EPN612,ALL,descriptive_users22_31,fixed_evaluation_trials_across_budgets,5,"{""classes"": 6, ""dimension"": 8, ""independent_trial_guard"": true, ""ontology"": ""EPN612 native six classes"", ""scope"": ""Previously inspected EPN users22-31; retrospective native budget experiment. High-dimensional 24/36 cases must remain N/A if trial budgets are insufficient. No dimensionality reduction, window-count inflation, device or blind holdout claim.""}",pattern_euclidean,0.4602955743060854,0.4666666666666667,1.5664855904218258,0.12499799673784928,0.2245652207448962
mahalanobis_epn_budget_v1,benchmarks/new_bank_v3/MAHALANOBIS_EPN_BUDGET_V1_RESULTS.json,0f58780fc3023df1ff39fdaca1d918b5120d34839a7d416de32c8028053ce44d,EPN612,22,descriptive_users22_31,fixed_evaluation_trials_across_budgets,5,"{""classes"": 6, ""dimension"": 8, ""independent_trial_guard"": true, ""ontology"": ""EPN612 native six classes"", ""scope"": ""Previously inspected EPN users22-31; retrospective native budget experiment. High-dimensional 24/36 cases must remain N/A if trial budgets are insufficient. No dimensionality reduction, window-count inflation, device or blind holdout claim.""}",pattern_euclidean,0.2828282828282828,0.3,1.6589105093456857,0.13114542651352867,0.24512525263414958
mahalanobis_epn_budget_v1,benchmarks/new_bank_v3/MAHALANOBIS_EPN_BUDGET_V1_RESULTS.json,0f58780fc3023df1ff39fdaca1d918b5120d34839a7d416de32c8028053ce44d,EPN612,23,descriptive_users22_31,fixed_evaluation_trials_across_budgets,5,"{""classes"": 6, ""dimension"": 8, ""independent_trial_guard"": true, ""ontology"": ""EPN612 native six classes"", ""scope"": ""Previously inspected EPN users22-31; retrospective native budget experiment. High-dimensional 24/36 cases must remain N/A if trial budgets are insufficient. No dimensionality reduction, window-count inflation, device or blind holdout claim.""}",pattern_euclidean,0.6715876715876715,0.7,1.4361876298722864,0.11605667099705579,0.42396034509054603
mahalanobis_epn_budget_v1,benchmarks/new_bank_v3/MAHALANOBIS_EPN_BUDGET_V1_RESULTS.json,0f58780fc3023df1ff39fdaca1d918b5120d34839a7d416de32c8028053ce44d,EPN612,24,descriptive_users22_31,fixed_evaluation_trials_across_budgets,5,"{""classes"": 6, ""dimension"": 8, ""independent_trial_guard"": true, ""ontology"": ""EPN612 native six classes"", ""scope"": ""Previously inspected EPN users22-31; retrospective native budget experiment. High-dimensional 24/36 cases must remain N/A if trial budgets are insufficient. No dimensionality reduction, window-count inflation, device or blind holdout claim.""}",pattern_euclidean,0.418975468975469,0.43333333333333335,1.493846861501114,0.12020947745529986,0.21267725288579556
mahalanobis_epn_budget_v1,benchmarks/new_bank_v3/MAHALANOBIS_EPN_BUDGET_V1_RESULTS.json,0f58780fc3023df1ff39fdaca1d918b5120d34839a7d416de32c8028053ce44d,EPN612,25,descriptive_users22_31,fixed_evaluation_trials_across_budgets,5,"{""classes"": 6, ""dimension"": 8, ""independent_trial_guard"": true, ""ontology"": ""EPN612 native six classes"", ""scope"": ""Previously inspected EPN users22-31; retrospective native budget experiment. High-dimensional 24/36 cases must remain N/A if trial budgets are insufficient. No dimensionality reduction, window-count inflation, device or blind holdout claim.""}",pattern_euclidean,0.22374847374847373,0.26666666666666666,1.708839058859631,0.13387044875254372,0.16776816446490095
mahalanobis_epn_budget_v1,benchmarks/new_bank_v3/MAHALANOBIS_EPN_BUDGET_V1_RESULTS.json,0f58780fc3023df1ff39fdaca1d918b5120d34839a7d416de32c8028053ce44d,EPN612,26,descriptive_users22_31,fixed_evaluation_trials_across_budgets,5,"{""classes"": 6, ""dimension"": 8, ""independent_trial_guard"": true, ""ontology"": ""EPN612 native six classes"", ""scope"": ""Previously inspected EPN users22-31; retrospective native budget experiment. High-dimensional 24/36 cases must remain N/A if trial budgets are insufficient. No dimensionality reduction, window-count inflation, device or blind holdout claim.""}",pattern_euclidean,0.5212121212121212,0.5666666666666667,1.5055650758564072,0.12057850371524914,0.3123011397161721
mahalanobis_epn_budget_v1,benchmarks/new_bank_v3/MAHALANOBIS_EPN_BUDGET_V1_RESULTS.json,0f58780fc3023df1ff39fdaca1d918b5120d34839a7d416de32c8028053ce44d,EPN612,27,descriptive_users22_31,fixed_evaluation_trials_across_budgets,5,"{""classes"": 6, ""dimension"": 8, ""independent_trial_guard"": true, ""ontology"": ""EPN612 native six classes"", ""scope"": ""Previously inspected EPN users22-31; retrospective native budget experiment. High-dimensional 24/36 cases must remain N/A if trial budgets are insufficient. No dimensionality reduction, window-count inflation, device or blind holdout claim.""}",pattern_euclidean,0.3425796425796426,0.36666666666666664,1.522254182297016,0.12302611211059312,0.1437888638001245
mahalanobis_epn_budget_v1,benchmarks/new_bank_v3/MAHALANOBIS_EPN_BUDGET_V1_RESULTS.json,0f58780fc3023df1ff39fdaca1d918b5120d34839a7d416de32c8028053ce44d,EPN612,28,descriptive_users22_31,fixed_evaluation_trials_across_budgets,5,"{""classes"": 6, ""dimension"": 8, ""independent_trial_guard"": true, ""ontology"": ""EPN612 native six classes"", ""scope"": ""Previously inspected EPN users22-31; retrospective native budget experiment. High-dimensional 24/36 cases must remain N/A if trial budgets are insufficient. No dimensionality reduction, window-count inflation, device or blind holdout claim.""}",pattern_euclidean,0.4643939393939394,0.4666666666666667,1.6369066635247476,0.12950016361194647,0.24576228933562022
mahalanobis_epn_budget_v1,benchmarks/new_bank_v3/MAHALANOBIS_EPN_BUDGET_V1_RESULTS.json,0f58780fc3023df1ff39fdaca1d918b5120d34839a7d416de32c8028053ce44d,EPN612,29,descriptive_users22_31,fixed_evaluation_trials_across_budgets,5,"{""classes"": 6, ""dimension"": 8, ""independent_trial_guard"": true, ""ontology"": ""EPN612 native six classes"", ""scope"": ""Previously inspected EPN users22-31; retrospective native budget experiment. High-dimensional 24/36 cases must remain N/A if trial budgets are insufficient. No dimensionality reduction, window-count inflation, device or blind holdout claim.""}",pattern_euclidean,0.48838383838383836,0.5,1.6080810684822662,0.12799099944313186,0.2805667567675755
mahalanobis_epn_budget_v1,benchmarks/new_bank_v3/MAHALANOBIS_EPN_BUDGET_V1_RESULTS.json,0f58780fc3023df1ff39fdaca1d918b5120d34839a7d416de32c8028053ce44d,EPN612,30,descriptive_users22_31,fixed_evaluation_trials_across_budgets,5,"{""classes"": 6, ""dimension"": 8, ""independent_trial_guard"": true, ""ontology"": ""EPN612 native six classes"", ""scope"": ""Previously inspected EPN users22-31; retrospective native budget experiment. High-dimensional 24/36 cases must remain N/A if trial budgets are insufficient. No dimensionality reduction, window-count inflation, device or blind holdout claim.""}",pattern_euclidean,0.5272967772967774,0.6,1.5236710768151396,0.12237283596226993,0.3504980967426659
mahalanobis_epn_budget_v1,benchmarks/new_bank_v3/MAHALANOBIS_EPN_BUDGET_V1_RESULTS.json,0f58780fc3023df1ff39fdaca1d918b5120d34839a7d416de32c8028053ce44d,EPN612,31,descriptive_users22_31,fixed_evaluation_trials_across_budgets,5,"{""classes"": 6, ""dimension"": 8, ""independent_trial_guard"": true, ""ontology"": ""EPN612 native six classes"", ""scope"": ""Previously inspected EPN users22-31; retrospective native budget experiment. High-dimensional 24/36 cases must remain N/A if trial budgets are insufficient. No dimensionality reduction, window-count inflation, device or blind holdout claim.""}",pattern_euclidean,0.43007733007733,0.4666666666666667,1.5705937776639622,0.12522932881687418,0.2819713636419928
mahalanobis_epn_budget_v1,benchmarks/new_bank_v3/MAHALANOBIS_EPN_BUDGET_V1_RESULTS.json,0f58780fc3023df1ff39fdaca1d918b5120d34839a7d416de32c8028053ce44d,EPN612,ALL,descriptive_users22_31,fixed_evaluation_trials_across_budgets,10,"{""classes"": 6, ""dimension"": 8, ""independent_trial_guard"": true, ""ontology"": ""EPN612 native six classes"", ""scope"": ""Previously inspected EPN users22-31; retrospective native budget experiment. High-dimensional 24/36 cases must remain N/A if trial budgets are insufficient. No dimensionality reduction, window-count inflation, device or blind holdout claim.""}",pattern_euclidean,0.49420435837973814,0.5033333333333333,1.553671079844254,0.12432484330420349,0.25928219622035786
mahalanobis_epn_budget_v1,benchmarks/new_bank_v3/MAHALANOBIS_EPN_BUDGET_V1_RESULTS.json,0f58780fc3023df1ff39fdaca1d918b5120d34839a7d416de32c8028053ce44d,EPN612,ALL,descriptive_users22_31,fixed_evaluation_trials_across_budgets,10,"{""classes"": 6, ""dimension"": 8, ""independent_trial_guard"": true, ""ontology"": ""EPN612 native six classes"", ""scope"": ""Previously inspected EPN users22-31; retrospective native budget experiment. High-dimensional 24/36 cases must remain N/A if trial budgets are insufficient. No dimensionality reduction, window-count inflation, device or blind holdout claim.""}",pattern_mahalanobis,0.5993241663095,0.5933333333333334,1.385732262724486,0.11433236175745574,0.3215183153346301
mahalanobis_epn_budget_v1,benchmarks/new_bank_v3/MAHALANOBIS_EPN_BUDGET_V1_RESULTS.json,0f58780fc3023df1ff39fdaca1d918b5120d34839a7d416de32c8028053ce44d,EPN612,22,descriptive_users22_31,fixed_evaluation_trials_across_budgets,10,"{""classes"": 6, ""dimension"": 8, ""independent_trial_guard"": true, ""ontology"": ""EPN612 native six classes"", ""scope"": ""Previously inspected EPN users22-31; retrospective native budget experiment. High-dimensional 24/36 cases must remain N/A if trial budgets are insufficient. No dimensionality reduction, window-count inflation, device or blind holdout claim.""}",pattern_euclidean,0.30610870610870616,0.3333333333333333,1.6079907027261575,0.12816492828579196,0.07206037236304108
mahalanobis_epn_budget_v1,benchmarks/new_bank_v3/MAHALANOBIS_EPN_BUDGET_V1_RESULTS.json,0f58780fc3023df1ff39fdaca1d918b5120d34839a7d416de32c8028053ce44d,EPN612,22,descriptive_users22_31,fixed_evaluation_trials_across_budgets,10,"{""classes"": 6, ""dimension"": 8, ""independent_trial_guard"": true, ""ontology"": ""EPN612 native six classes"", ""scope"": ""Previously inspected EPN users22-31; retrospective native budget experiment. High-dimensional 24/36 cases must remain N/A if trial budgets are insufficient. No dimensionality reduction, window-count inflation, device or blind holdout claim.""}",pattern_mahalanobis,0.5893518518518519,0.5666666666666667,1.3510728140939674,0.11248199657822931,0.26992379507094094
mahalanobis_epn_budget_v1,benchmarks/new_bank_v3/MAHALANOBIS_EPN_BUDGET_V1_RESULTS.json,0f58780fc3023df1ff39fdaca1d918b5120d34839a7d416de32c8028053ce44d,EPN612,23,descriptive_users22_31,fixed_evaluation_trials_across_budgets,10,"{""classes"": 6, ""dimension"": 8, ""independent_trial_guard"": true, ""ontology"": ""EPN612 native six classes"", ""scope"": ""Previously inspected EPN users22-31; retrospective native budget experiment. High-dimensional 24/36 cases must remain N/A if trial budgets are insufficient. No dimensionality reduction, window-count inflation, device or blind holdout claim.""}",pattern_euclidean,0.6025641025641025,0.6666666666666666,1.4251139887631146,0.11539357672148048,0.3897960170807913
mahalanobis_epn_budget_v1,benchmarks/new_bank_v3/MAHALANOBIS_EPN_BUDGET_V1_RESULTS.json,0f58780fc3023df1ff39fdaca1d918b5120d34839a7d416de32c8028053ce44d,EPN612,23,descriptive_users22_31,fixed_evaluation_trials_across_budgets,10,"{""classes"": 6, ""dimension"": 8, ""independent_trial_guard"": true, ""ontology"": ""EPN612 native six classes"", ""scope"": ""Previously inspected EPN users22-31; retrospective native budget experiment. High-dimensional 24/36 cases must remain N/A if trial budgets are insufficient. No dimensionality reduction, window-count inflation, device or blind holdout claim.""}",pattern_mahalanobis,0.5855773855773856,0.5666666666666667,1.329297933496548,0.1139533903483838,0.30194015841033434
mahalanobis_epn_budget_v1,benchmarks/new_bank_v3/MAHALANOBIS_EPN_BUDGET_V1_RESULTS.json,0f58780fc3023df1ff39fdaca1d918b5120d34839a7d416de32c8028053ce44d,EPN612,24,descriptive_users22_31,fixed_evaluation_trials_across_budgets,10,"{""classes"": 6, ""dimension"": 8, ""independent_trial_guard"": true, ""ontology"": ""EPN612 native six classes"", ""scope"": ""Previously inspected EPN users22-31; retrospective native budget experiment. High-dimensional 24/36 cases must remain N/A if trial budgets are insufficient. No dimensionality reduction, window-count inflation, device or blind holdout claim.""}",pattern_euclidean,0.4992664742664743,0.5333333333333333,1.4670362653857123,0.11809794781170109,0.3104597291307609
mahalanobis_epn_budget_v1,benchmarks/new_bank_v3/MAHALANOBIS_EPN_BUDGET_V1_RESULTS.json,0f58780fc3023df1ff39fdaca1d918b5120d34839a7d416de32c8028053ce44d,EPN612,24,descriptive_users22_31,fixed_evaluation_trials_across_budgets,10,"{""classes"": 6, ""dimension"": 8, ""independent_trial_guard"": true, ""ontology"": ""EPN612 native six classes"", ""scope"": ""Previously inspected EPN users22-31; retrospective native budget experiment. High-dimensional 24/36 cases must remain N/A if trial budgets are insufficient. No dimensionality reduction, window-count inflation, device or blind holdout claim.""}",pattern_mahalanobis,0.7245310245310246,0.7333333333333333,1.1897204009658666,0.09899962750826304,0.41714281269553427
mahalanobis_epn_budget_v1,benchmarks/new_bank_v3/MAHALANOBIS_EPN_BUDGET_V1_RESULTS.json,0f58780fc3023df1ff39fdaca1d918b5120d34839a7d416de32c8028053ce44d,EPN612,25,descriptive_users22_31,fixed_evaluation_trials_across_budgets,10,"{""classes"": 6, ""dimension"": 8, ""independent_trial_guard"": true, ""ontology"": ""EPN612 native six classes"", ""scope"": ""Previously inspected EPN users22-31; retrospective native budget experiment. High-dimensional 24/36 cases must remain N/A if trial budgets are insufficient. No dimensionality reduction, window-count inflation, device or blind holdout claim.""}",pattern_euclidean,0.3639601139601139,0.36666666666666664,1.6805112167792013,0.13257175968406468,0.15046297260858046
mahalanobis_epn_budget_v1,benchmarks/new_bank_v3/MAHALANOBIS_EPN_BUDGET_V1_RESULTS.json,0f58780fc3023df1ff39fdaca1d918b5120d34839a7d416de32c8028053ce44d,EPN612,25,descriptive_users22_31,fixed_evaluation_trials_across_budgets,10,"{""classes"": 6, ""dimension"": 8, ""independent_trial_guard"": true, ""ontology"": ""EPN612 native six classes"", ""scope"": ""Previously inspected EPN users22-31; retrospective native budget experiment. High-dimensional 24/36 cases must remain N/A if trial budgets are insufficient. No dimensionality reduction, window-count inflation, device or blind holdout claim.""}",pattern_mahalanobis,0.5998677248677249,0.6,1.4205165309576957,0.11526526234756204,0.3356616052335231
mahalanobis_epn_budget_v1,benchmarks/new_bank_v3/MAHALANOBIS_EPN_BUDGET_V1_RESULTS.json,0f58780fc3023df1ff39fdaca1d918b5120d34839a7d416de32c8028053ce44d,EPN612,26,descriptive_users22_31,fixed_evaluation_trials_across_budgets,10,"{""classes"": 6, ""dimension"": 8, ""independent_trial_guard"": true, ""ontology"": ""EPN612 native six classes"", ""scope"": ""Previously inspected EPN users22-31; retrospective native budget experiment. High-dimensional 24/36 cases must remain N/A if trial budgets are insufficient. No dimensionality reduction, window-count inflation, device or blind holdout claim.""}",pattern_euclidean,0.6286195286195287,0.6333333333333333,1.509644844276918,0.1213347188259438,0.39390474786467244
mahalanobis_epn_budget_v1,benchmarks/new_bank_v3/MAHALANOBIS_EPN_BUDGET_V1_RESULTS.json,0f58780fc3023df1ff39fdaca1d918b5120d34839a7d416de32c8028053ce44d,EPN612,26,descriptive_users22_31,fixed_evaluation_trials_across_budgets,10,"{""classes"": 6, ""dimension"": 8, ""independent_trial_guard"": true, ""ontology"": ""EPN612 native six classes"", ""scope"": ""Previously inspected EPN users22-31; retrospective native budget experiment. High-dimensional 24/36 cases must remain N/A if trial budgets are insufficient. No dimensionality reduction, window-count inflation, device or blind holdout claim.""}",pattern_mahalanobis,0.5850427350427351,0.6,1.4268018550422712,0.1157282073830104,0.3171156752864054
mahalanobis_epn_budget_v1,benchmarks/new_bank_v3/MAHALANOBIS_EPN_BUDGET_V1_RESULTS.json,0f58780fc3023df1ff39fdaca1d918b5120d34839a7d416de32c8028053ce44d,EPN612,27,descriptive_users22_31,fixed_evaluation_trials_across_budgets,10,"{""classes"": 6, ""dimension"": 8, ""independent_trial_guard"": true, ""ontology"": ""EPN612 native six classes"", ""scope"": ""Previously inspected EPN users22-31; retrospective native budget experiment. High-dimensional 24/36 cases must remain N/A if trial budgets are insufficient. No dimensionality reduction, window-count inflation, device or blind holdout claim.""}",pattern_euclidean,0.41077441077441074,0.43333333333333335,1.542161421443153,0.12422498979421173,0.23269204210493416
mahalanobis_epn_budget_v1,benchmarks/new_bank_v3/MAHALANOBIS_EPN_BUDGET_V1_RESULTS.json,0f58780fc3023df1ff39fdaca1d918b5120d34839a7d416de32c8028053ce44d,EPN612,27,descriptive_users22_31,fixed_evaluation_trials_across_budgets,10,"{""classes"": 6, ""dimension"": 8, ""independent_trial_guard"": true, ""ontology"": ""EPN612 native six classes"", ""scope"": ""Previously inspected EPN users22-31; retrospective native budget experiment. High-dimensional 24/36 cases must remain N/A if trial budgets are insufficient. No dimensionality reduction, window-count inflation, device or blind holdout claim.""}",pattern_mahalanobis,0.48567728567728574,0.5,1.462380823516971,0.11906864572722269,0.22524174542360373
mahalanobis_epn_budget_v1,benchmarks/new_bank_v3/MAHALANOBIS_EPN_BUDGET_V1_RESULTS.json,0f58780fc3023df1ff39fdaca1d918b5120d34839a7d416de32c8028053ce44d,EPN612,28,descriptive_users22_31,fixed_evaluation_trials_across_budgets,10,"{""classes"": 6, ""dimension"": 8, ""independent_trial_guard"": true, ""ontology"": ""EPN612 native six classes"", ""scope"": ""Previously inspected EPN users22-31; retrospective native budget experiment. High-dimensional 24/36 cases must remain N/A if trial budgets are insufficient. No dimensionality reduction, window-count inflation, device or blind holdout claim.""}",pattern_euclidean,0.3836880711880712,0.43333333333333335,1.6205960525309993,0.12873671752613902,0.19612891973396235
mahalanobis_epn_budget_v1,benchmarks/new_bank_v3/MAHALANOBIS_EPN_BUDGET_V1_RESULTS.json,0f58780fc3023df1ff39fdaca1d918b5120d34839a7d416de32c8028053ce44d,EPN612,28,descriptive_users22_31,fixed_evaluation_trials_across_budgets,10,"{""classes"": 6, ""dimension"": 8, ""independent_trial_guard"": true, ""ontology"": ""EPN612 native six classes"", ""scope"": ""Previously inspected EPN users22-31; retrospective native budget experiment. High-dimensional 24/36 cases must remain N/A if trial budgets are insufficient. No dimensionality reduction, window-count inflation, device or blind holdout claim.""}",pattern_mahalanobis,0.6282458282458282,0.6333333333333333,1.4296379244218225,0.11935692546376239,0.3851267684259249
mahalanobis_epn_budget_v1,benchmarks/new_bank_v3/MAHALANOBIS_EPN_BUDGET_V1_RESULTS.json,0f58780fc3023df1ff39fdaca1d918b5120d34839a7d416de32c8028053ce44d,EPN612,29,descriptive_users22_31,fixed_evaluation_trials_across_budgets,10,"{""classes"": 6, ""dimension"": 8, ""independent_trial_guard"": true, ""ontology"": ""EPN612 native six classes"", ""scope"": ""Previously inspected EPN users22-31; retrospective native budget experiment. High-dimensional 24/36 cases must remain N/A if trial budgets are insufficient. No dimensionality reduction, window-count inflation, device or blind holdout claim.""}",pattern_euclidean,0.3896103896103896,0.4666666666666667,1.5958649725382203,0.12729283264458535,0.23579339836379015
mahalanobis_epn_budget_v1,benchmarks/new_bank_v3/MAHALANOBIS_EPN_BUDGET_V1_RESULTS.json,0f58780fc3023df1ff39fdaca1d918b5120d34839a7d416de32c8028053ce44d,EPN612,29,descriptive_users22_31,fixed_evaluation_trials_across_budgets,10,"{""classes"": 6, ""dimension"": 8, ""independent_trial_guard"": true, ""ontology"": ""EPN612 native six classes"", ""scope"": ""Previously inspected EPN users22-31; retrospective native budget experiment. High-dimensional 24/36 cases must remain N/A if trial budgets are insufficient. No dimensionality reduction, window-count inflation, device or blind holdout claim.""}",pattern_mahalanobis,0.5288359788359788,0.5,1.4688787015537603,0.1188884563906151,0.26508802875438425
mahalanobis_epn_budget_v1,benchmarks/new_bank_v3/MAHALANOBIS_EPN_BUDGET_V1_RESULTS.json,0f58780fc3023df1ff39fdaca1d918b5120d34839a7d416de32c8028053ce44d,EPN612,30,descriptive_users22_31,fixed_evaluation_trials_across_budgets,10,"{""classes"": 6, ""dimension"": 8, ""independent_trial_guard"": true, ""ontology"": ""EPN612 native six classes"", ""scope"": ""Previously inspected EPN users22-31; retrospective native budget experiment. High-dimensional 24/36 cases must remain N/A if trial budgets are insufficient. No dimensionality reduction, window-count inflation, device or blind holdout claim.""}",pattern_euclidean,0.5682206682206682,0.6,1.5104857611568785,0.12118234747031544,0.34659266808187555
mahalanobis_epn_budget_v1,benchmarks/new_bank_v3/MAHALANOBIS_EPN_BUDGET_V1_RESULTS.json,0f58780fc3023df1ff39fdaca1d918b5120d34839a7d416de32c8028053ce44d,EPN612,30,descriptive_users22_31,fixed_evaluation_trials_across_budgets,10,"{""classes"": 6, ""dimension"": 8, ""independent_trial_guard"": true, ""ontology"": ""EPN612 native six classes"", ""scope"": ""Previously inspected EPN users22-31; retrospective native budget experiment. High-dimensional 24/36 cases must remain N/A if trial budgets are insufficient. No dimensionality reduction, window-count inflation, device or blind holdout claim.""}",pattern_mahalanobis,0.5853775853775854,0.6666666666666666,1.389857658976036,0.11474743991643793,0.40017568119511676
mahalanobis_epn_budget_v1,benchmarks/new_bank_v3/MAHALANOBIS_EPN_BUDGET_V1_RESULTS.json,0f58780fc3023df1ff39fdaca1d918b5120d34839a7d416de32c8028053ce44d,EPN612,31,descriptive_users22_31,fixed_evaluation_trials_across_budgets,10,"{""classes"": 6, ""dimension"": 8, ""independent_trial_guard"": true, ""ontology"": ""EPN612 native six classes"", ""scope"": ""Previously inspected EPN users22-31; retrospective native budget experiment. High-dimensional 24/36 cases must remain N/A if trial budgets are insufficient. No dimensionality reduction, window-count inflation, device or blind holdout claim.""}",pattern_euclidean,0.5589947089947089,0.5666666666666667,1.5773055728421845,0.12624861427780132,0.34278452316002006
mahalanobis_epn_budget_v1,benchmarks/new_bank_v3/MAHALANOBIS_EPN_BUDGET_V1_RESULTS.json,0f58780fc3023df1ff39fdaca1d918b5120d34839a7d416de32c8028053ce44d,EPN612,31,descriptive_users22_31,fixed_evaluation_trials_across_budgets,10,"{""classes"": 6, ""dimension"": 8, ""independent_trial_guard"": true, ""ontology"": ""EPN612 native six classes"", ""scope"": ""Previously inspected EPN users22-31; retrospective native budget experiment. High-dimensional 24/36 cases must remain N/A if trial budgets are insufficient. No dimensionality reduction, window-count inflation, device or blind holdout claim.""}",pattern_mahalanobis,0.5639601139601139,0.5666666666666667,1.389157984219919,0.1148336659110707,0.3250144626579988
mahalanobis_epn_budget_v1,benchmarks/new_bank_v3/MAHALANOBIS_EPN_BUDGET_V1_RESULTS.json,0f58780fc3023df1ff39fdaca1d918b5120d34839a7d416de32c8028053ce44d,EPN612,ALL,descriptive_users22_31,fixed_evaluation_trials_across_budgets,20,"{""classes"": 6, ""dimension"": 8, ""independent_trial_guard"": true, ""ontology"": ""EPN612 native six classes"", ""scope"": ""Previously inspected EPN users22-31; retrospective native budget experiment. High-dimensional 24/36 cases must remain N/A if trial budgets are insufficient. No dimensionality reduction, window-count inflation, device or blind holdout claim.""}",pattern_euclidean,0.5247704847704847,0.5333333333333333,1.5417285724802394,0.12358265506582292,0.291653122262507
mahalanobis_epn_budget_v1,benchmarks/new_bank_v3/MAHALANOBIS_EPN_BUDGET_V1_RESULTS.json,0f58780fc3023df1ff39fdaca1d918b5120d34839a7d416de32c8028053ce44d,EPN612,ALL,descriptive_users22_31,fixed_evaluation_trials_across_budgets,20,"{""classes"": 6, ""dimension"": 8, ""independent_trial_guard"": true, ""ontology"": ""EPN612 native six classes"", ""scope"": ""Previously inspected EPN users22-31; retrospective native budget experiment. High-dimensional 24/36 cases must remain N/A if trial budgets are insufficient. No dimensionality reduction, window-count inflation, device or blind holdout claim.""}",pattern_mahalanobis,0.6393985144926403,0.6366666666666667,1.3571805514131632,0.11240178825549808,0.3610582460942329
mahalanobis_epn_budget_v1,benchmarks/new_bank_v3/MAHALANOBIS_EPN_BUDGET_V1_RESULTS.json,0f58780fc3023df1ff39fdaca1d918b5120d34839a7d416de32c8028053ce44d,EPN612,22,descriptive_users22_31,fixed_evaluation_trials_across_budgets,20,"{""classes"": 6, ""dimension"": 8, ""independent_trial_guard"": true, ""ontology"": ""EPN612 native six classes"", ""scope"": ""Previously inspected EPN users22-31; retrospective native budget experiment. High-dimensional 24/36 cases must remain N/A if trial budgets are insufficient. No dimensionality reduction, window-count inflation, device or blind holdout claim.""}",pattern_euclidean,0.2850649350649351,0.3333333333333333,1.5782243745783662,0.12650304160638975,0.08912219054899026
mahalanobis_epn_budget_v1,benchmarks/new_bank_v3/MAHALANOBIS_EPN_BUDGET_V1_RESULTS.json,0f58780fc3023df1ff39fdaca1d918b5120d34839a7d416de32c8028053ce44d,EPN612,22,descriptive_users22_31,fixed_evaluation_trials_across_budgets,20,"{""classes"": 6, ""dimension"": 8, ""independent_trial_guard"": true, ""ontology"": ""EPN612 native six classes"", ""scope"": ""Previously inspected EPN users22-31; retrospective native budget experiment. High-dimensional 24/36 cases must remain N/A if trial budgets are insufficient. No dimensionality reduction, window-count inflation, device or blind holdout claim.""}",pattern_mahalanobis,0.5975829725829725,0.6,1.3017180372657897,0.1083611718460814,0.2878550501802707
mahalanobis_epn_budget_v1,benchmarks/new_bank_v3/MAHALANOBIS_EPN_BUDGET_V1_RESULTS.json,0f58780fc3023df1ff39fdaca1d918b5120d34839a7d416de32c8028053ce44d,EPN612,23,descriptive_users22_31,fixed_evaluation_trials_across_budgets,20,"{""classes"": 6, ""dimension"": 8, ""independent_trial_guard"": true, ""ontology"": ""EPN612 native six classes"", ""scope"": ""Previously inspected EPN users22-31; retrospective native budget experiment. High-dimensional 24/36 cases must remain N/A if trial budgets are insufficient. No dimensionality reduction, window-count inflation, device or blind holdout claim.""}",pattern_euclidean,0.5781440781440782,0.6333333333333333,1.4224198240289854,0.11521586040080696,0.357194617333073
mahalanobis_epn_budget_v1,benchmarks/new_bank_v3/MAHALANOBIS_EPN_BUDGET_V1_RESULTS.json,0f58780fc3023df1ff39fdaca1d918b5120d34839a7d416de32c8028053ce44d,EPN612,23,descriptive_users22_31,fixed_evaluation_trials_across_budgets,20,"{""classes"": 6, ""dimension"": 8, ""independent_trial_guard"": true, ""ontology"": ""EPN612 native six classes"", ""scope"": ""Previously inspected EPN users22-31; retrospective native budget experiment. High-dimensional 24/36 cases must remain N/A if trial budgets are insufficient. No dimensionality reduction, window-count inflation, device or blind holdout claim.""}",pattern_mahalanobis,0.7488576238576238,0.7333333333333333,1.2610955604934078,0.10924489290928424,0.4618700958428122
mahalanobis_epn_budget_v1,benchmarks/new_bank_v3/MAHALANOBIS_EPN_BUDGET_V1_RESULTS.json,0f58780fc3023df1ff39fdaca1d918b5120d34839a7d416de32c8028053ce44d,EPN612,24,descriptive_users22_31,fixed_evaluation_trials_across_budgets,20,"{""classes"": 6, ""dimension"": 8, ""independent_trial_guard"": true, ""ontology"": ""EPN612 native six classes"", ""scope"": ""Previously inspected EPN users22-31; retrospective native budget experiment. High-dimensional 24/36 cases must remain N/A if trial budgets are insufficient. No dimensionality reduction, window-count inflation, device or blind holdout claim.""}",pattern_euclidean,0.5893458393458394,0.6,1.4515392793862165,0.11713892687901925,0.3622543293442221
mahalanobis_epn_budget_v1,benchmarks/new_bank_v3/MAHALANOBIS_EPN_BUDGET_V1_RESULTS.json,0f58780fc3023df1ff39fdaca1d918b5120d34839a7d416de32c8028053ce44d,EPN612,24,descriptive_users22_31,fixed_evaluation_trials_across_budgets,20,"{""classes"": 6, ""dimension"": 8, ""independent_trial_guard"": true, ""ontology"": ""EPN612 native six classes"", ""scope"": ""Previously inspected EPN users22-31; retrospective native budget experiment. High-dimensional 24/36 cases must remain N/A if trial budgets are insufficient. No dimensionality reduction, window-count inflation, device or blind holdout claim.""}",pattern_mahalanobis,0.6085858585858587,0.6666666666666666,1.2041112510940115,0.1000223521611355,0.3818903900840456
mahalanobis_epn_budget_v1,benchmarks/new_bank_v3/MAHALANOBIS_EPN_BUDGET_V1_RESULTS.json,0f58780fc3023df1ff39fdaca1d918b5120d34839a7d416de32c8028053ce44d,EPN612,25,descriptive_users22_31,fixed_evaluation_trials_across_budgets,20,"{""classes"": 6, ""dimension"": 8, ""independent_trial_guard"": true, ""ontology"": ""EPN612 native six classes"", ""scope"": ""Previously inspected EPN users22-31; retrospective native budget experiment. High-dimensional 24/36 cases must remain N/A if trial budgets are insufficient. No dimensionality reduction, window-count inflation, device or blind holdout claim.""}",pattern_euclidean,0.3996743996743997,0.43333333333333335,1.679802464814547,0.13244508463089655,0.21703317725547855
mahalanobis_epn_budget_v1,benchmarks/new_bank_v3/MAHALANOBIS_EPN_BUDGET_V1_RESULTS.json,0f58780fc3023df1ff39fdaca1d918b5120d34839a7d416de32c8028053ce44d,EPN612,25,descriptive_users22_31,fixed_evaluation_trials_across_budgets,20,"{""classes"": 6, ""dimension"": 8, ""independent_trial_guard"": true, ""ontology"": ""EPN612 native six classes"", ""scope"": ""Previously inspected EPN users22-31; retrospective native budget experiment. High-dimensional 24/36 cases must remain N/A if trial budgets are insufficient. No dimensionality reduction, window-count inflation, device or blind holdout claim.""}",pattern_mahalanobis,0.6224053724053723,0.6333333333333333,1.4281133286027667,0.1162654971460611,0.38242019291176904
mahalanobis_epn_budget_v1,benchmarks/new_bank_v3/MAHALANOBIS_EPN_BUDGET_V1_RESULTS.json,0f58780fc3023df1ff39fdaca1d918b5120d34839a7d416de32c8028053ce44d,EPN612,26,descriptive_users22_31,fixed_evaluation_trials_across_budgets,20,"{""classes"": 6, ""dimension"": 8, ""independent_trial_guard"": true, ""ontology"": ""EPN612 native six classes"", ""scope"": ""Previously inspected EPN users22-31; retrospective native budget experiment. High-dimensional 24/36 cases must remain N/A if trial budgets are insufficient. No dimensionality reduction, window-count inflation, device or blind holdout claim.""}",pattern_euclidean,0.6296296296296297,0.6333333333333333,1.5024021386543291,0.12103714784049133,0.41059114365256427
mahalanobis_epn_budget_v1,benchmarks/new_bank_v3/MAHALANOBIS_EPN_BUDGET_V1_RESULTS.json,0f58780fc3023df1ff39fdaca1d918b5120d34839a7d416de32c8028053ce44d,EPN612,26,descriptive_users22_31,fixed_evaluation_trials_across_budgets,20,"{""classes"": 6, ""dimension"": 8, ""independent_trial_guard"": true, ""ontology"": ""EPN612 native six classes"", ""scope"": ""Previously inspected EPN users22-31; retrospective native budget experiment. High-dimensional 24/36 cases must remain N/A if trial budgets are insufficient. No dimensionality reduction, window-count inflation, device or blind holdout claim.""}",pattern_mahalanobis,0.6176767676767677,0.6666666666666666,1.3396809772901364,0.11103071638483863,0.3938581293103571
mahalanobis_epn_budget_v1,benchmarks/new_bank_v3/MAHALANOBIS_EPN_BUDGET_V1_RESULTS.json,0f58780fc3023df1ff39fdaca1d918b5120d34839a7d416de32c8028053ce44d,EPN612,27,descriptive_users22_31,fixed_evaluation_trials_across_budgets,20,"{""classes"": 6, ""dimension"": 8, ""independent_trial_guard"": true, ""ontology"": ""EPN612 native six classes"", ""scope"": ""Previously inspected EPN users22-31; retrospective native budget experiment. High-dimensional 24/36 cases must remain N/A if trial budgets are insufficient. No dimensionality reduction, window-count inflation, device or blind holdout claim.""}",pattern_euclidean,0.44974747474747473,0.4666666666666667,1.5423152848319133,0.12407207088772887,0.22855325462186235
mahalanobis_epn_budget_v1,benchmarks/new_bank_v3/MAHALANOBIS_EPN_BUDGET_V1_RESULTS.json,0f58780fc3023df1ff39fdaca1d918b5120d34839a7d416de32c8028053ce44d,EPN612,27,descriptive_users22_31,fixed_evaluation_trials_across_budgets,20,"{""classes"": 6, ""dimension"": 8, ""independent_trial_guard"": true, ""ontology"": ""EPN612 native six classes"", ""scope"": ""Previously inspected EPN users22-31; retrospective native budget experiment. High-dimensional 24/36 cases must remain N/A if trial budgets are insufficient. No dimensionality reduction, window-count inflation, device or blind holdout claim.""}",pattern_mahalanobis,0.45156695156695154,0.43333333333333335,1.4280705206781965,0.11778033540243832,0.160754801485363
mahalanobis_epn_budget_v1,benchmarks/new_bank_v3/MAHALANOBIS_EPN_BUDGET_V1_RESULTS.json,0f58780fc3023df1ff39fdaca1d918b5120d34839a7d416de32c8028053ce44d,EPN612,28,descriptive_users22_31,fixed_evaluation_trials_across_budgets,20,"{""classes"": 6, ""dimension"": 8, ""independent_trial_guard"": true, ""ontology"": ""EPN612 native six classes"", ""scope"": ""Previously inspected EPN users22-31; retrospective native budget experiment. High-dimensional 24/36 cases must remain N/A if trial budgets are insufficient. No dimensionality reduction, window-count inflation, device or blind holdout claim.""}",pattern_euclidean,0.4185185185185185,0.4666666666666667,1.6119771244235268,0.12824703101055987,0.22824760544732303
mahalanobis_epn_budget_v1,benchmarks/new_bank_v3/MAHALANOBIS_EPN_BUDGET_V1_RESULTS.json,0f58780fc3023df1ff39fdaca1d918b5120d34839a7d416de32c8028053ce44d,EPN612,28,descriptive_users22_31,fixed_evaluation_trials_across_budgets,20,"{""classes"": 6, ""dimension"": 8, ""independent_trial_guard"": true, ""ontology"": ""EPN612 native six classes"", ""scope"": ""Previously inspected EPN users22-31; retrospective native budget experiment. High-dimensional 24/36 cases must remain N/A if trial budgets are insufficient. No dimensionality reduction, window-count inflation, device or blind holdout claim.""}",pattern_mahalanobis,0.6407277907277907,0.6333333333333333,1.424470303752666,0.11841696165377671,0.38908443412891053
mahalanobis_epn_budget_v1,benchmarks/new_bank_v3/MAHALANOBIS_EPN_BUDGET_V1_RESULTS.json,0f58780fc3023df1ff39fdaca1d918b5120d34839a7d416de32c8028053ce44d,EPN612,29,descriptive_users22_31,fixed_evaluation_trials_across_budgets,20,"{""classes"": 6, ""dimension"": 8, ""independent_trial_guard"": true, ""ontology"": ""EPN612 native six classes"", ""scope"": ""Previously inspected EPN users22-31; retrospective native budget experiment. High-dimensional 24/36 cases must remain N/A if trial budgets are insufficient. No dimensionality reduction, window-count inflation, device or blind holdout claim.""}",pattern_euclidean,0.4358974358974359,0.4666666666666667,1.5403855206654138,0.12351227202127552,0.296326038387349
mahalanobis_epn_budget_v1,benchmarks/new_bank_v3/MAHALANOBIS_EPN_BUDGET_V1_RESULTS.json,0f58780fc3023df1ff39fdaca1d918b5120d34839a7d416de32c8028053ce44d,EPN612,29,descriptive_users22_31,fixed_evaluation_trials_across_budgets,20,"{""classes"": 6, ""dimension"": 8, ""independent_trial_guard"": true, ""ontology"": ""EPN612 native six classes"", ""scope"": ""Previously inspected EPN users22-31; retrospective native budget experiment. High-dimensional 24/36 cases must remain N/A if trial budgets are insufficient. No dimensionality reduction, window-count inflation, device or blind holdout claim.""}",pattern_mahalanobis,0.5972222222222222,0.6,1.4257774431899375,0.11555743997954408,0.33978043712200096
mahalanobis_epn_budget_v1,benchmarks/new_bank_v3/MAHALANOBIS_EPN_BUDGET_V1_RESULTS.json,0f58780fc3023df1ff39fdaca1d918b5120d34839a7d416de32c8028053ce44d,EPN612,30,descriptive_users22_31,fixed_evaluation_trials_across_budgets,20,"{""classes"": 6, ""dimension"": 8, ""independent_trial_guard"": true, ""ontology"": ""EPN612 native six classes"", ""scope"": ""Previously inspected EPN users22-31; retrospective native budget experiment. High-dimensional 24/36 cases must remain N/A if trial budgets are insufficient. No dimensionality reduction, window-count inflation, device or blind holdout claim.""}",pattern_euclidean,0.6409090909090909,0.6666666666666666,1.512918762235396,0.12161418378669264,0.4336373673029454
mahalanobis_epn_budget_v1,benchmarks/new_bank_v3/MAHALANOBIS_EPN_BUDGET_V1_RESULTS.json,0f58780fc3023df1ff39fdaca1d918b5120d34839a7d416de32c8028053ce44d,EPN612,30,descriptive_users22_31,fixed_evaluation_trials_across_budgets,20,"{""classes"": 6, ""dimension"": 8, ""independent_trial_guard"": true, ""ontology"": ""EPN612 native six classes"", ""scope"": ""Previously inspected EPN users22-31; retrospective native budget experiment. High-dimensional 24/36 cases must remain N/A if trial budgets are insufficient. No dimensionality reduction, window-count inflation, device or blind holdout claim.""}",pattern_mahalanobis,0.5727513227513228,0.6333333333333333,1.393644878797906,0.1151874177624245,0.37263913209728844
mahalanobis_epn_budget_v1,benchmarks/new_bank_v3/MAHALANOBIS_EPN_BUDGET_V1_RESULTS.json,0f58780fc3023df1ff39fdaca1d918b5120d34839a7d416de32c8028053ce44d,EPN612,31,descriptive_users22_31,fixed_evaluation_trials_across_budgets,20,"{""classes"": 6, ""dimension"": 8, ""independent_trial_guard"": true, ""ontology"": ""EPN612 native six classes"", ""scope"": ""Previously inspected EPN users22-31; retrospective native budget experiment. High-dimensional 24/36 cases must remain N/A if trial budgets are insufficient. No dimensionality reduction, window-count inflation, device or blind holdout claim.""}",pattern_euclidean,0.6252497502497503,0.6333333333333333,1.5753009511836995,0.1260409315943683,0.409456095742863
mahalanobis_epn_budget_v1,benchmarks/new_bank_v3/MAHALANOBIS_EPN_BUDGET_V1_RESULTS.json,0f58780fc3023df1ff39fdaca1d918b5120d34839a7d416de32c8028053ce44d,EPN612,31,descriptive_users22_31,fixed_evaluation_trials_across_budgets,20,"{""classes"": 6, ""dimension"": 8, ""independent_trial_guard"": true, ""ontology"": ""EPN612 native six classes"", ""scope"": ""Previously inspected EPN users22-31; retrospective native budget experiment. High-dimensional 24/36 cases must remain N/A if trial budgets are insufficient. No dimensionality reduction, window-count inflation, device or blind holdout claim.""}",pattern_mahalanobis,0.7569088319088318,0.7666666666666667,1.3651232129668118,0.1121510973093964,0.5261461427543633
mahalanobis_epn_budget_v1,benchmarks/new_bank_v3/MAHALANOBIS_EPN_BUDGET_V1_RESULTS.json,0f58780fc3023df1ff39fdaca1d918b5120d34839a7d416de32c8028053ce44d,EPN612,ALL,descriptive_users22_31,fixed_evaluation_trials_across_budgets,1,"{""classes"": 6, ""dimension"": 24, ""independent_trial_guard"": true, ""ontology"": ""EPN612 native six classes"", ""scope"": ""Previously inspected EPN users22-31; retrospective native budget experiment. High-dimensional 24/36 cases must remain N/A if trial budgets are insufficient. No dimensionality reduction, window-count inflation, device or blind holdout claim.""}",TD24_euclidean,0.3474996182637831,0.36333333333333334,1.8378974437654119,0.135460521217579,0.1444022989896304
mahalanobis_epn_budget_v1,benchmarks/new_bank_v3/MAHALANOBIS_EPN_BUDGET_V1_RESULTS.json,0f58780fc3023df1ff39fdaca1d918b5120d34839a7d416de32c8028053ce44d,EPN612,22,descriptive_users22_31,fixed_evaluation_trials_across_budgets,1,"{""classes"": 6, ""dimension"": 24, ""independent_trial_guard"": true, ""ontology"": ""EPN612 native six classes"", ""scope"": ""Previously inspected EPN users22-31; retrospective native budget experiment. High-dimensional 24/36 cases must remain N/A if trial budgets are insufficient. No dimensionality reduction, window-count inflation, device or blind holdout claim.""}",TD24_euclidean,0.4346801346801348,0.43333333333333335,1.9587914660196595,0.14186639664487555,0.2928625311659934
mahalanobis_epn_budget_v1,benchmarks/new_bank_v3/MAHALANOBIS_EPN_BUDGET_V1_RESULTS.json,0f58780fc3023df1ff39fdaca1d918b5120d34839a7d416de32c8028053ce44d,EPN612,23,descriptive_users22_31,fixed_evaluation_trials_across_budgets,1,"{""classes"": 6, ""dimension"": 24, ""independent_trial_guard"": true, ""ontology"": ""EPN612 native six classes"", ""scope"": ""Previously inspected EPN users22-31; retrospective native budget experiment. High-dimensional 24/36 cases must remain N/A if trial budgets are insufficient. No dimensionality reduction, window-count inflation, device or blind holdout claim.""}",TD24_euclidean,0.4748677248677248,0.4666666666666667,1.759981625544443,0.13229435120363228,0.2534390333184917
mahalanobis_epn_budget_v1,benchmarks/new_bank_v3/MAHALANOBIS_EPN_BUDGET_V1_RESULTS.json,0f58780fc3023df1ff39fdaca1d918b5120d34839a7d416de32c8028053ce44d,EPN612,24,descriptive_users22_31,fixed_evaluation_trials_across_budgets,1,"{""classes"": 6, ""dimension"": 24, ""independent_trial_guard"": true, ""ontology"": ""EPN612 native six classes"", ""scope"": ""Previously inspected EPN users22-31; retrospective native budget experiment. High-dimensional 24/36 cases must remain N/A if trial budgets are insufficient. No dimensionality reduction, window-count inflation, device or blind holdout claim.""}",TD24_euclidean,0.3710622710622711,0.4,1.6954817516558112,0.1323691807849824,0.13792088266164576
mahalanobis_epn_budget_v1,benchmarks/new_bank_v3/MAHALANOBIS_EPN_BUDGET_V1_RESULTS.json,0f58780fc3023df1ff39fdaca1d918b5120d34839a7d416de32c8028053ce44d,EPN612,25,descriptive_users22_31,fixed_evaluation_trials_across_budgets,1,"{""classes"": 6, ""dimension"": 24, ""independent_trial_guard"": true, ""ontology"": ""EPN612 native six classes"", ""scope"": ""Previously inspected EPN users22-31; retrospective native budget experiment. High-dimensional 24/36 cases must remain N/A if trial budgets are insufficient. No dimensionality reduction, window-count inflation, device or blind holdout claim.""}",TD24_euclidean,0.35898078529657473,0.36666666666666664,1.6263799347344896,0.12941149896505572,0.187095392856026
mahalanobis_epn_budget_v1,benchmarks/new_bank_v3/MAHALANOBIS_EPN_BUDGET_V1_RESULTS.json,0f58780fc3023df1ff39fdaca1d918b5120d34839a7d416de32c8028053ce44d,EPN612,26,descriptive_users22_31,fixed_evaluation_trials_across_budgets,1,"{""classes"": 6, ""dimension"": 24, ""independent_trial_guard"": true, ""ontology"": ""EPN612 native six classes"", ""scope"": ""Previously inspected EPN users22-31; retrospective native budget experiment. High-dimensional 24/36 cases must remain N/A if trial budgets are insufficient. No dimensionality reduction, window-count inflation, device or blind holdout claim.""}",TD24_euclidean,0.325,0.3333333333333333,2.1183952293569237,0.13892957193107738,0.27889579231378214
mahalanobis_epn_budget_v1,benchmarks/new_bank_v3/MAHALANOBIS_EPN_BUDGET_V1_RESULTS.json,0f58780fc3023df1ff39fdaca1d918b5120d34839a7d416de32c8028053ce44d,EPN612,27,descriptive_users22_31,fixed_evaluation_trials_across_budgets,1,"{""classes"": 6, ""dimension"": 24, ""independent_trial_guard"": true, ""ontology"": ""EPN612 native six classes"", ""scope"": ""Previously inspected EPN users22-31; retrospective native budget experiment. High-dimensional 24/36 cases must remain N/A if trial budgets are insufficient. No dimensionality reduction, window-count inflation, device or blind holdout claim.""}",TD24_euclidean,0.18160597572362278,0.23333333333333334,1.8250252117038064,0.13994686842570805,0.14662092832508758
mahalanobis_epn_budget_v1,benchmarks/new_bank_v3/MAHALANOBIS_EPN_BUDGET_V1_RESULTS.json,0f58780fc3023df1ff39fdaca1d918b5120d34839a7d416de32c8028053ce44d,EPN612,28,descriptive_users22_31,fixed_evaluation_trials_across_budgets,1,"{""classes"": 6, ""dimension"": 24, ""independent_trial_guard"": true, ""ontology"": ""EPN612 native six classes"", ""scope"": ""Previously inspected EPN users22-31; retrospective native budget experiment. High-dimensional 24/36 cases must remain N/A if trial budgets are insufficient. No dimensionality reduction, window-count inflation, device or blind holdout claim.""}",TD24_euclidean,0.4155677655677656,0.43333333333333335,1.9507317473118078,0.1372163144535305,0.20838852421131446
mahalanobis_epn_budget_v1,benchmarks/new_bank_v3/MAHALANOBIS_EPN_BUDGET_V1_RESULTS.json,0f58780fc3023df1ff39fdaca1d918b5120d34839a7d416de32c8028053ce44d,EPN612,29,descriptive_users22_31,fixed_evaluation_trials_across_budgets,1,"{""classes"": 6, ""dimension"": 24, ""independent_trial_guard"": true, ""ontology"": ""EPN612 native six classes"", ""scope"": ""Previously inspected EPN users22-31; retrospective native budget experiment. High-dimensional 24/36 cases must remain N/A if trial budgets are insufficient. No dimensionality reduction, window-count inflation, device or blind holdout claim.""}",TD24_euclidean,0.2328042328042328,0.16666666666666666,1.7395179205395181,0.13592651423337157,0.20439445596776348
mahalanobis_epn_budget_v1,benchmarks/new_bank_v3/MAHALANOBIS_EPN_BUDGET_V1_RESULTS.json,0f58780fc3023df1ff39fdaca1d918b5120d34839a7d416de32c8028053ce44d,EPN612,30,descriptive_users22_31,fixed_evaluation_trials_across_budgets,1,"{""classes"": 6, ""dimension"": 24, ""independent_trial_guard"": true, ""ontology"": ""EPN612 native six classes"", ""scope"": ""Previously inspected EPN users22-31; retrospective native budget experiment. High-dimensional 24/36 cases must remain N/A if trial budgets are insufficient. No dimensionality reduction, window-count inflation, device or blind holdout claim.""}",TD24_euclidean,0.34886964886964883,0.36666666666666664,2.1276752141495896,0.14289194787972903,0.2087616949187747
mahalanobis_epn_budget_v1,benchmarks/new_bank_v3/MAHALANOBIS_EPN_BUDGET_V1_RESULTS.json,0f58780fc3023df1ff39fdaca1d918b5120d34839a7d416de32c8028053ce44d,EPN612,31,descriptive_users22_31,fixed_evaluation_trials_across_budgets,1,"{""classes"": 6, ""dimension"": 24, ""independent_trial_guard"": true, ""ontology"": ""EPN612 native six classes"", ""scope"": ""Previously inspected EPN users22-31; retrospective native budget experiment. High-dimensional 24/36 cases must remain N/A if trial budgets are insufficient. No dimensionality reduction, window-count inflation, device or blind holdout claim.""}",TD24_euclidean,0.37857142857142856,0.43333333333333335,1.5769943366380745,0.12375256765382771,0.20700674650370837
mahalanobis_epn_budget_v1,benchmarks/new_bank_v3/MAHALANOBIS_EPN_BUDGET_V1_RESULTS.json,0f58780fc3023df1ff39fdaca1d918b5120d34839a7d416de32c8028053ce44d,EPN612,ALL,descriptive_users22_31,fixed_evaluation_trials_across_budgets,2,"{""classes"": 6, ""dimension"": 24, ""independent_trial_guard"": true, ""ontology"": ""EPN612 native six classes"", ""scope"": ""Previously inspected EPN users22-31; retrospective native budget experiment. High-dimensional 24/36 cases must remain N/A if trial budgets are insufficient. No dimensionality reduction, window-count inflation, device or blind holdout claim.""}",TD24_euclidean,0.3577086769340101,0.38333333333333336,1.7599254097906412,0.1340983681778859,0.14784891412915768
mahalanobis_epn_budget_v1,benchmarks/new_bank_v3/MAHALANOBIS_EPN_BUDGET_V1_RESULTS.json,0f58780fc3023df1ff39fdaca1d918b5120d34839a7d416de32c8028053ce44d,EPN612,22,descriptive_users22_31,fixed_evaluation_trials_across_budgets,2,"{""classes"": 6, ""dimension"": 24, ""independent_trial_guard"": true, ""ontology"": ""EPN612 native six classes"", ""scope"": ""Previously inspected EPN users22-31; retrospective native budget experiment. High-dimensional 24/36 cases must remain N/A if trial budgets are insufficient. No dimensionality reduction, window-count inflation, device or blind holdout claim.""}",TD24_euclidean,0.4078282828282829,0.4,1.7357776544365566,0.13207646607677156,0.15790074961997472
mahalanobis_epn_budget_v1,benchmarks/new_bank_v3/MAHALANOBIS_EPN_BUDGET_V1_RESULTS.json,0f58780fc3023df1ff39fdaca1d918b5120d34839a7d416de32c8028053ce44d,EPN612,23,descriptive_users22_31,fixed_evaluation_trials_across_budgets,2,"{""classes"": 6, ""dimension"": 24, ""independent_trial_guard"": true, ""ontology"": ""EPN612 native six classes"", ""scope"": ""Previously inspected EPN users22-31; retrospective native budget experiment. High-dimensional 24/36 cases must remain N/A if trial budgets are insufficient. No dimensionality reduction, window-count inflation, device or blind holdout claim.""}",TD24_euclidean,0.39487179487179486,0.43333333333333335,1.729486343174842,0.13346156796094116,0.17519731710041223
mahalanobis_epn_budget_v1,benchmarks/new_bank_v3/MAHALANOBIS_EPN_BUDGET_V1_RESULTS.json,0f58780fc3023df1ff39fdaca1d918b5120d34839a7d416de32c8028053ce44d,EPN612,24,descriptive_users22_31,fixed_evaluation_trials_across_budgets,2,"{""classes"": 6, ""dimension"": 24, ""independent_trial_guard"": true, ""ontology"": ""EPN612 native six classes"", ""scope"": ""Previously inspected EPN users22-31; retrospective native budget experiment. High-dimensional 24/36 cases must remain N/A if trial budgets are insufficient. No dimensionality reduction, window-count inflation, device or blind holdout claim.""}",TD24_euclidean,0.2341269841269841,0.26666666666666666,1.689448635960781,0.13192183152041592,0.15469915718777338
mahalanobis_epn_budget_v1,benchmarks/new_bank_v3/MAHALANOBIS_EPN_BUDGET_V1_RESULTS.json,0f58780fc3023df1ff39fdaca1d918b5120d34839a7d416de32c8028053ce44d,EPN612,25,descriptive_users22_31,fixed_evaluation_trials_across_budgets,2,"{""classes"": 6, ""dimension"": 24, ""independent_trial_guard"": true, ""ontology"": ""EPN612 native six classes"", ""scope"": ""Previously inspected EPN users22-31; retrospective native budget experiment. High-dimensional 24/36 cases must remain N/A if trial budgets are insufficient. No dimensionality reduction, window-count inflation, device or blind holdout claim.""}",TD24_euclidean,0.30476190476190473,0.3333333333333333,1.9403269105139676,0.1428508610944081,0.3293222548516484
mahalanobis_epn_budget_v1,benchmarks/new_bank_v3/MAHALANOBIS_EPN_BUDGET_V1_RESULTS.json,0f58780fc3023df1ff39fdaca1d918b5120d34839a7d416de32c8028053ce44d,EPN612,26,descriptive_users22_31,fixed_evaluation_trials_across_budgets,2,"{""classes"": 6, ""dimension"": 24, ""independent_trial_guard"": true, ""ontology"": ""EPN612 native six classes"", ""scope"": ""Previously inspected EPN users22-31; retrospective native budget experiment. High-dimensional 24/36 cases must remain N/A if trial budgets are insufficient. No dimensionality reduction, window-count inflation, device or blind holdout claim.""}",TD24_euclidean,0.42829909741674443,0.4666666666666667,1.8202299085202922,0.13567397594435854,0.26624214183587425
mahalanobis_epn_budget_v1,benchmarks/new_bank_v3/MAHALANOBIS_EPN_BUDGET_V1_RESULTS.json,0f58780fc3023df1ff39fdaca1d918b5120d34839a7d416de32c8028053ce44d,EPN612,27,descriptive_users22_31,fixed_evaluation_trials_across_budgets,2,"{""classes"": 6, ""dimension"": 24, ""independent_trial_guard"": true, ""ontology"": ""EPN612 native six classes"", ""scope"": ""Previously inspected EPN users22-31; retrospective native budget experiment. High-dimensional 24/36 cases must remain N/A if trial budgets are insufficient. No dimensionality reduction, window-count inflation, device or blind holdout claim.""}",TD24_euclidean,0.37407407407407406,0.43333333333333335,1.6981283812111072,0.13317998356599717,0.1621999939632617
mahalanobis_epn_budget_v1,benchmarks/new_bank_v3/MAHALANOBIS_EPN_BUDGET_V1_RESULTS.json,0f58780fc3023df1ff39fdaca1d918b5120d34839a7d416de32c8028053ce44d,EPN612,28,descriptive_users22_31,fixed_evaluation_trials_across_budgets,2,"{""classes"": 6, ""dimension"": 24, ""independent_trial_guard"": true, ""ontology"": ""EPN612 native six classes"", ""scope"": ""Previously inspected EPN users22-31; retrospective native budget experiment. High-dimensional 24/36 cases must remain N/A if trial budgets are insufficient. No dimensionality reduction, window-count inflation, device or blind holdout claim.""}",TD24_euclidean,0.32780182780182776,0.36666666666666664,1.8368775022300832,0.13807093271619025,0.22885510634883127
mahalanobis_epn_budget_v1,benchmarks/new_bank_v3/MAHALANOBIS_EPN_BUDGET_V1_RESULTS.json,0f58780fc3023df1ff39fdaca1d918b5120d34839a7d416de32c8028053ce44d,EPN612,29,descriptive_users22_31,fixed_evaluation_trials_across_budgets,2,"{""classes"": 6, ""dimension"": 24, ""independent_trial_guard"": true, ""ontology"": ""EPN612 native six classes"", ""scope"": ""Previously inspected EPN users22-31; retrospective native budget experiment. High-dimensional 24/36 cases must remain N/A if trial budgets are insufficient. No dimensionality reduction, window-count inflation, device or blind holdout claim.""}",TD24_euclidean,0.32390572390572386,0.36666666666666664,1.6878750498168382,0.1313086157777156,0.10356166292427182
mahalanobis_epn_budget_v1,benchmarks/new_bank_v3/MAHALANOBIS_EPN_BUDGET_V1_RESULTS.json,0f58780fc3023df1ff39fdaca1d918b5120d34839a7d416de32c8028053ce44d,EPN612,30,descriptive_users22_31,fixed_evaluation_trials_across_budgets,2,"{""classes"": 6, ""dimension"": 24, ""independent_trial_guard"": true, ""ontology"": ""EPN612 native six classes"", ""scope"": ""Previously inspected EPN users22-31; retrospective native budget experiment. High-dimensional 24/36 cases must remain N/A if trial budgets are insufficient. No dimensionality reduction, window-count inflation, device or blind holdout claim.""}",TD24_euclidean,0.27310924369747897,0.3333333333333333,1.8272181076816176,0.13457891218596355,0.11054570197218003
mahalanobis_epn_budget_v1,benchmarks/new_bank_v3/MAHALANOBIS_EPN_BUDGET_V1_RESULTS.json,0f58780fc3023df1ff39fdaca1d918b5120d34839a7d416de32c8028053ce44d,EPN612,31,descriptive_users22_31,fixed_evaluation_trials_across_budgets,2,"{""classes"": 6, ""dimension"": 24, ""independent_trial_guard"": true, ""ontology"": ""EPN612 native six classes"", ""scope"": ""Previously inspected EPN users22-31; retrospective native budget experiment. High-dimensional 24/36 cases must remain N/A if trial budgets are insufficient. No dimensionality reduction, window-count inflation, device or blind holdout claim.""}",TD24_euclidean,0.4063492063492064,0.43333333333333335,1.6338856043603276,0.1278605349360969,0.21624344057451092
mahalanobis_epn_budget_v1,benchmarks/new_bank_v3/MAHALANOBIS_EPN_BUDGET_V1_RESULTS.json,0f58780fc3023df1ff39fdaca1d918b5120d34839a7d416de32c8028053ce44d,EPN612,ALL,descriptive_users22_31,fixed_evaluation_trials_across_budgets,5,"{""classes"": 6, ""dimension"": 24, ""independent_trial_guard"": true, ""ontology"": ""EPN612 native six classes"", ""scope"": ""Previously inspected EPN users22-31; retrospective native budget experiment. High-dimensional 24/36 cases must remain N/A if trial budgets are insufficient. No dimensionality reduction, window-count inflation, device or blind holdout claim.""}",TD24_euclidean,0.3075050760208609,0.35,1.7137699055892275,0.13164087053059648,0.07680668897326284
mahalanobis_epn_budget_v1,benchmarks/new_bank_v3/MAHALANOBIS_EPN_BUDGET_V1_RESULTS.json,0f58780fc3023df1ff39fdaca1d918b5120d34839a7d416de32c8028053ce44d,EPN612,22,descriptive_users22_31,fixed_evaluation_trials_across_budgets,5,"{""classes"": 6, ""dimension"": 24, ""independent_trial_guard"": true, ""ontology"": ""EPN612 native six classes"", ""scope"": ""Previously inspected EPN users22-31; retrospective native budget experiment. High-dimensional 24/36 cases must remain N/A if trial budgets are insufficient. No dimensionality reduction, window-count inflation, device or blind holdout claim.""}",TD24_euclidean,0.3061536416799575,0.36666666666666664,1.7169110087619837,0.131586715731608,0.1687509492317091
mahalanobis_epn_budget_v1,benchmarks/new_bank_v3/MAHALANOBIS_EPN_BUDGET_V1_RESULTS.json,0f58780fc3023df1ff39fdaca1d918b5120d34839a7d416de32c8028053ce44d,EPN612,23,descriptive_users22_31,fixed_evaluation_trials_across_budgets,5,"{""classes"": 6, ""dimension"": 24, ""independent_trial_guard"": true, ""ontology"": ""EPN612 native six classes"", ""scope"": ""Previously inspected EPN users22-31; retrospective native budget experiment. High-dimensional 24/36 cases must remain N/A if trial budgets are insufficient. No dimensionality reduction, window-count inflation, device or blind holdout claim.""}",TD24_euclidean,0.19568231332937214,0.26666666666666666,1.7167817783494437,0.13284827114433104,0.2820549922028843
mahalanobis_epn_budget_v1,benchmarks/new_bank_v3/MAHALANOBIS_EPN_BUDGET_V1_RESULTS.json,0f58780fc3023df1ff39fdaca1d918b5120d34839a7d416de32c8028053ce44d,EPN612,24,descriptive_users22_31,fixed_evaluation_trials_across_budgets,5,"{""classes"": 6, ""dimension"": 24, ""independent_trial_guard"": true, ""ontology"": ""EPN612 native six classes"", ""scope"": ""Previously inspected EPN users22-31; retrospective native budget experiment. High-dimensional 24/36 cases must remain N/A if trial budgets are insufficient. No dimensionality reduction, window-count inflation, device or blind holdout claim.""}",TD24_euclidean,0.34722222222222215,0.4,1.6063097755825333,0.1262608884884377,0.19807662201886728
mahalanobis_epn_budget_v1,benchmarks/new_bank_v3/MAHALANOBIS_EPN_BUDGET_V1_RESULTS.json,0f58780fc3023df1ff39fdaca1d918b5120d34839a7d416de32c8028053ce44d,EPN612,25,descriptive_users22_31,fixed_evaluation_trials_across_budgets,5,"{""classes"": 6, ""dimension"": 24, ""independent_trial_guard"": true, ""ontology"": ""EPN612 native six classes"", ""scope"": ""Previously inspected EPN users22-31; retrospective native budget experiment. High-dimensional 24/36 cases must remain N/A if trial budgets are insufficient. No dimensionality reduction, window-count inflation, device or blind holdout claim.""}",TD24_euclidean,0.14983164983164984,0.23333333333333334,1.9690532607815727,0.14163796511418447,0.27795703204109823
mahalanobis_epn_budget_v1,benchmarks/new_bank_v3/MAHALANOBIS_EPN_BUDGET_V1_RESULTS.json,0f58780fc3023df1ff39fdaca1d918b5120d34839a7d416de32c8028053ce44d,EPN612,26,descriptive_users22_31,fixed_evaluation_trials_across_budgets,5,"{""classes"": 6, ""dimension"": 24, ""independent_trial_guard"": true, ""ontology"": ""EPN612 native six classes"", ""scope"": ""Previously inspected EPN users22-31; retrospective native budget experiment. High-dimensional 24/36 cases must remain N/A if trial budgets are insufficient. No dimensionality reduction, window-count inflation, device or blind holdout claim.""}",TD24_euclidean,0.3493860170330758,0.4,1.7171007683906025,0.13076658027200821,0.15366390584339407
mahalanobis_epn_budget_v1,benchmarks/new_bank_v3/MAHALANOBIS_EPN_BUDGET_V1_RESULTS.json,0f58780fc3023df1ff39fdaca1d918b5120d34839a7d416de32c8028053ce44d,EPN612,27,descriptive_users22_31,fixed_evaluation_trials_across_budgets,5,"{""classes"": 6, ""dimension"": 24, ""independent_trial_guard"": true, ""ontology"": ""EPN612 native six classes"", ""scope"": ""Previously inspected EPN users22-31; retrospective native budget experiment. High-dimensional 24/36 cases must remain N/A if trial budgets are insufficient. No dimensionality reduction, window-count inflation, device or blind holdout claim.""}",TD24_euclidean,0.12337662337662336,0.2,1.8080697561434402,0.13784757895271949,0.21314264312908093
mahalanobis_epn_budget_v1,benchmarks/new_bank_v3/MAHALANOBIS_EPN_BUDGET_V1_RESULTS.json,0f58780fc3023df1ff39fdaca1d918b5120d34839a7d416de32c8028053ce44d,EPN612,28,descriptive_users22_31,fixed_evaluation_trials_across_budgets,5,"{""classes"": 6, ""dimension"": 24, ""independent_trial_guard"": true, ""ontology"": ""EPN612 native six classes"", ""scope"": ""Previously inspected EPN users22-31; retrospective native budget experiment. High-dimensional 24/36 cases must remain N/A if trial budgets are insufficient. No dimensionality reduction, window-count inflation, device or blind holdout claim.""}",TD24_euclidean,0.36640211640211645,0.43333333333333335,1.6345488014245708,0.1289438842090957,0.1950128619729395
mahalanobis_epn_budget_v1,benchmarks/new_bank_v3/MAHALANOBIS_EPN_BUDGET_V1_RESULTS.json,0f58780fc3023df1ff39fdaca1d918b5120d34839a7d416de32c8028053ce44d,EPN612,29,descriptive_users22_31,fixed_evaluation_trials_across_budgets,5,"{""classes"": 6, ""dimension"": 24, ""independent_trial_guard"": true, ""ontology"": ""EPN612 native six classes"", ""scope"": ""Previously inspected EPN users22-31; retrospective native budget experiment. High-dimensional 24/36 cases must remain N/A if trial budgets are insufficient. No dimensionality reduction, window-count inflation, device or blind holdout claim.""}",TD24_euclidean,0.3142857142857143,0.36666666666666664,1.6539613660645534,0.12838156950722093,0.17581039114233377
mahalanobis_epn_budget_v1,benchmarks/new_bank_v3/MAHALANOBIS_EPN_BUDGET_V1_RESULTS.json,0f58780fc3023df1ff39fdaca1d918b5120d34839a7d416de32c8028053ce44d,EPN612,30,descriptive_users22_31,fixed_evaluation_trials_across_budgets,5,"{""classes"": 6, ""dimension"": 24, ""independent_trial_guard"": true, ""ontology"": ""EPN612 native six classes"", ""scope"": ""Previously inspected EPN users22-31; retrospective native budget experiment. High-dimensional 24/36 cases must remain N/A if trial budgets are insufficient. No dimensionality reduction, window-count inflation, device or blind holdout claim.""}",TD24_euclidean,0.24369747899159666,0.36666666666666664,1.7315569167363905,0.13266782786113146,0.13569897772032075
mahalanobis_epn_budget_v1,benchmarks/new_bank_v3/MAHALANOBIS_EPN_BUDGET_V1_RESULTS.json,0f58780fc3023df1ff39fdaca1d918b5120d34839a7d416de32c8028053ce44d,EPN612,31,descriptive_users22_31,fixed_evaluation_trials_across_budgets,5,"{""classes"": 6, ""dimension"": 24, ""independent_trial_guard"": true, ""ontology"": ""EPN612 native six classes"", ""scope"": ""Previously inspected EPN users22-31; retrospective native budget experiment. High-dimensional 24/36 cases must remain N/A if trial budgets are insufficient. No dimensionality reduction, window-count inflation, device or blind holdout claim.""}",TD24_euclidean,0.3852079293255764,0.4666666666666667,1.5834056236571814,0.12546742402522773,0.17832276566432856
mahalanobis_epn_budget_v1,benchmarks/new_bank_v3/MAHALANOBIS_EPN_BUDGET_V1_RESULTS.json,0f58780fc3023df1ff39fdaca1d918b5120d34839a7d416de32c8028053ce44d,EPN612,ALL,descriptive_users22_31,fixed_evaluation_trials_across_budgets,10,"{""classes"": 6, ""dimension"": 24, ""independent_trial_guard"": true, ""ontology"": ""EPN612 native six classes"", ""scope"": ""Previously inspected EPN users22-31; retrospective native budget experiment. High-dimensional 24/36 cases must remain N/A if trial budgets are insufficient. No dimensionality reduction, window-count inflation, device or blind holdout claim.""}",TD24_euclidean,0.2973052225448937,0.34,1.6818902889389873,0.13044681533551053,0.0886031799214563
mahalanobis_epn_budget_v1,benchmarks/new_bank_v3/MAHALANOBIS_EPN_BUDGET_V1_RESULTS.json,0f58780fc3023df1ff39fdaca1d918b5120d34839a7d416de32c8028053ce44d,EPN612,22,descriptive_users22_31,fixed_evaluation_trials_across_budgets,10,"{""classes"": 6, ""dimension"": 24, ""independent_trial_guard"": true, ""ontology"": ""EPN612 native six classes"", ""scope"": ""Previously inspected EPN users22-31; retrospective native budget experiment. High-dimensional 24/36 cases must remain N/A if trial budgets are insufficient. No dimensionality reduction, window-count inflation, device or blind holdout claim.""}",TD24_euclidean,0.35858585858585856,0.4,1.649727664878879,0.1298100183842805,0.16141994221519404
mahalanobis_epn_budget_v1,benchmarks/new_bank_v3/MAHALANOBIS_EPN_BUDGET_V1_RESULTS.json,0f58780fc3023df1ff39fdaca1d918b5120d34839a7d416de32c8028053ce44d,EPN612,23,descriptive_users22_31,fixed_evaluation_trials_across_budgets,10,"{""classes"": 6, ""dimension"": 24, ""independent_trial_guard"": true, ""ontology"": ""EPN612 native six classes"", ""scope"": ""Previously inspected EPN users22-31; retrospective native budget experiment. High-dimensional 24/36 cases must remain N/A if trial budgets are insufficient. No dimensionality reduction, window-count inflation, device or blind holdout claim.""}",TD24_euclidean,0.22916666666666666,0.3,1.6901000185251465,0.1323549074538308,0.15376275255193914
mahalanobis_epn_budget_v1,benchmarks/new_bank_v3/MAHALANOBIS_EPN_BUDGET_V1_RESULTS.json,0f58780fc3023df1ff39fdaca1d918b5120d34839a7d416de32c8028053ce44d,EPN612,24,descriptive_users22_31,fixed_evaluation_trials_across_budgets,10,"{""classes"": 6, ""dimension"": 24, ""independent_trial_guard"": true, ""ontology"": ""EPN612 native six classes"", ""scope"": ""Previously inspected EPN users22-31; retrospective native budget experiment. High-dimensional 24/36 cases must remain N/A if trial budgets are insufficient. No dimensionality reduction, window-count inflation, device or blind holdout claim.""}",TD24_euclidean,0.4174603174603175,0.5,1.5071939575194926,0.12005571098160818,0.19983401529216466
mahalanobis_epn_budget_v1,benchmarks/new_bank_v3/MAHALANOBIS_EPN_BUDGET_V1_RESULTS.json,0f58780fc3023df1ff39fdaca1d918b5120d34839a7d416de32c8028053ce44d,EPN612,25,descriptive_users22_31,fixed_evaluation_trials_across_budgets,10,"{""classes"": 6, ""dimension"": 24, ""independent_trial_guard"": true, ""ontology"": ""EPN612 native six classes"", ""scope"": ""Previously inspected EPN users22-31; retrospective native budget experiment. High-dimensional 24/36 cases must remain N/A if trial budgets are insufficient. No dimensionality reduction, window-count inflation, device or blind holdout claim.""}",TD24_euclidean,0.2341269841269841,0.26666666666666666,1.7936296809827303,0.13687418651646002,0.15120466177686964
mahalanobis_epn_budget_v1,benchmarks/new_bank_v3/MAHALANOBIS_EPN_BUDGET_V1_RESULTS.json,0f58780fc3023df1ff39fdaca1d918b5120d34839a7d416de32c8028053ce44d,EPN612,26,descriptive_users22_31,fixed_evaluation_trials_across_budgets,10,"{""classes"": 6, ""dimension"": 24, ""independent_trial_guard"": true, ""ontology"": ""EPN612 native six classes"", ""scope"": ""Previously inspected EPN users22-31; retrospective native budget experiment. High-dimensional 24/36 cases must remain N/A if trial budgets are insufficient. No dimensionality reduction, window-count inflation, device or blind holdout claim.""}",TD24_euclidean,0.25306567071272956,0.3333333333333333,1.8658287548436336,0.1332172770856957,0.21181930669301413
mahalanobis_epn_budget_v1,benchmarks/new_bank_v3/MAHALANOBIS_EPN_BUDGET_V1_RESULTS.json,0f58780fc3023df1ff39fdaca1d918b5120d34839a7d416de32c8028053ce44d,EPN612,27,descriptive_users22_31,fixed_evaluation_trials_across_budgets,10,"{""classes"": 6, ""dimension"": 24, ""independent_trial_guard"": true, ""ontology"": ""EPN612 native six classes"", ""scope"": ""Previously inspected EPN users22-31; retrospective native budget experiment. High-dimensional 24/36 cases must remain N/A if trial budgets are insufficient. No dimensionality reduction, window-count inflation, device or blind holdout claim.""}",TD24_euclidean,0.10833333333333334,0.2,1.7441171099503956,0.13518011456619727,0.17653398711944593
mahalanobis_epn_budget_v1,benchmarks/new_bank_v3/MAHALANOBIS_EPN_BUDGET_V1_RESULTS.json,0f58780fc3023df1ff39fdaca1d918b5120d34839a7d416de32c8028053ce44d,EPN612,28,descriptive_users22_31,fixed_evaluation_trials_across_budgets,10,"{""classes"": 6, ""dimension"": 24, ""independent_trial_guard"": true, ""ontology"": ""EPN612 native six classes"", ""scope"": ""Previously inspected EPN users22-31; retrospective native budget experiment. High-dimensional 24/36 cases must remain N/A if trial budgets are insufficient. No dimensionality reduction, window-count inflation, device or blind holdout claim.""}",TD24_euclidean,0.3452380952380952,0.4,1.5880019978236997,0.12589387673840846,0.2791928797133446
mahalanobis_epn_budget_v1,benchmarks/new_bank_v3/MAHALANOBIS_EPN_BUDGET_V1_RESULTS.json,0f58780fc3023df1ff39fdaca1d918b5120d34839a7d416de32c8028053ce44d,EPN612,29,descriptive_users22_31,fixed_evaluation_trials_across_budgets,10,"{""classes"": 6, ""dimension"": 24, ""independent_trial_guard"": true, ""ontology"": ""EPN612 native six classes"", ""scope"": ""Previously inspected EPN users22-31; retrospective native budget experiment. High-dimensional 24/36 cases must remain N/A if trial budgets are insufficient. No dimensionality reduction, window-count inflation, device or blind holdout claim.""}",TD24_euclidean,0.28156288156288156,0.3333333333333333,1.6693801149885041,0.13103415933070353,0.329589070229076
mahalanobis_epn_budget_v1,benchmarks/new_bank_v3/MAHALANOBIS_EPN_BUDGET_V1_RESULTS.json,0f58780fc3023df1ff39fdaca1d918b5120d34839a7d416de32c8028053ce44d,EPN612,30,descriptive_users22_31,fixed_evaluation_trials_across_budgets,10,"{""classes"": 6, ""dimension"": 24, ""independent_trial_guard"": true, ""ontology"": ""EPN612 native six classes"", ""scope"": ""Previously inspected EPN users22-31; retrospective native budget experiment. High-dimensional 24/36 cases must remain N/A if trial budgets are insufficient. No dimensionality reduction, window-count inflation, device or blind holdout claim.""}",TD24_euclidean,0.17592592592592593,0.3,1.6694902283306223,0.130145048989658,0.06469880749930192
mahalanobis_epn_budget_v1,benchmarks/new_bank_v3/MAHALANOBIS_EPN_BUDGET_V1_RESULTS.json,0f58780fc3023df1ff39fdaca1d918b5120d34839a7d416de32c8028053ce44d,EPN612,31,descriptive_users22_31,fixed_evaluation_trials_across_budgets,10,"{""classes"": 6, ""dimension"": 24, ""independent_trial_guard"": true, ""ontology"": ""EPN612 native six classes"", ""scope"": ""Previously inspected EPN users22-31; retrospective native budget experiment. High-dimensional 24/36 cases must remain N/A if trial budgets are insufficient. No dimensionality reduction, window-count inflation, device or blind holdout claim.""}",TD24_euclidean,0.27777777777777773,0.36666666666666664,1.6414333615467707,0.1299028533082627,0.11873822333747894
mahalanobis_epn_budget_v1,benchmarks/new_bank_v3/MAHALANOBIS_EPN_BUDGET_V1_RESULTS.json,0f58780fc3023df1ff39fdaca1d918b5120d34839a7d416de32c8028053ce44d,EPN612,ALL,descriptive_users22_31,fixed_evaluation_trials_across_budgets,20,"{""classes"": 6, ""dimension"": 24, ""independent_trial_guard"": true, ""ontology"": ""EPN612 native six classes"", ""scope"": ""Previously inspected EPN users22-31; retrospective native budget experiment. High-dimensional 24/36 cases must remain N/A if trial budgets are insufficient. No dimensionality reduction, window-count inflation, device or blind holdout claim.""}",TD24_euclidean,0.25105780979571996,0.30333333333333334,1.6757518457223723,0.13080953783376567,0.1230677507555604
mahalanobis_epn_budget_v1,benchmarks/new_bank_v3/MAHALANOBIS_EPN_BUDGET_V1_RESULTS.json,0f58780fc3023df1ff39fdaca1d918b5120d34839a7d416de32c8028053ce44d,EPN612,22,descriptive_users22_31,fixed_evaluation_trials_across_budgets,20,"{""classes"": 6, ""dimension"": 24, ""independent_trial_guard"": true, ""ontology"": ""EPN612 native six classes"", ""scope"": ""Previously inspected EPN users22-31; retrospective native budget experiment. High-dimensional 24/36 cases must remain N/A if trial budgets are insufficient. No dimensionality reduction, window-count inflation, device or blind holdout claim.""}",TD24_euclidean,0.24963924963924966,0.3333333333333333,1.658588060895693,0.1309858096247057,0.08647000488944814
mahalanobis_epn_budget_v1,benchmarks/new_bank_v3/MAHALANOBIS_EPN_BUDGET_V1_RESULTS.json,0f58780fc3023df1ff39fdaca1d918b5120d34839a7d416de32c8028053ce44d,EPN612,23,descriptive_users22_31,fixed_evaluation_trials_across_budgets,20,"{""classes"": 6, ""dimension"": 24, ""independent_trial_guard"": true, ""ontology"": ""EPN612 native six classes"", ""scope"": ""Previously inspected EPN users22-31; retrospective native budget experiment. High-dimensional 24/36 cases must remain N/A if trial budgets are insufficient. No dimensionality reduction, window-count inflation, device or blind holdout claim.""}",TD24_euclidean,0.1513556618819777,0.23333333333333334,1.6849404169489721,0.13169533481573614,0.2506897792094691
mahalanobis_epn_budget_v1,benchmarks/new_bank_v3/MAHALANOBIS_EPN_BUDGET_V1_RESULTS.json,0f58780fc3023df1ff39fdaca1d918b5120d34839a7d416de32c8028053ce44d,EPN612,24,descriptive_users22_31,fixed_evaluation_trials_across_budgets,20,"{""classes"": 6, ""dimension"": 24, ""independent_trial_guard"": true, ""ontology"": ""EPN612 native six classes"", ""scope"": ""Previously inspected EPN users22-31; retrospective native budget experiment. High-dimensional 24/36 cases must remain N/A if trial budgets are insufficient. No dimensionality reduction, window-count inflation, device or blind holdout claim.""}",TD24_euclidean,0.4545454545454546,0.5,1.524467233762265,0.12204273688921215,0.3347852239566897
mahalanobis_epn_budget_v1,benchmarks/new_bank_v3/MAHALANOBIS_EPN_BUDGET_V1_RESULTS.json,0f58780fc3023df1ff39fdaca1d918b5120d34839a7d416de32c8028053ce44d,EPN612,25,descriptive_users22_31,fixed_evaluation_trials_across_budgets,20,"{""classes"": 6, ""dimension"": 24, ""independent_trial_guard"": true, ""ontology"": ""EPN612 native six classes"", ""scope"": ""Previously inspected EPN users22-31; retrospective native budget experiment. High-dimensional 24/36 cases must remain N/A if trial budgets are insufficient. No dimensionality reduction, window-count inflation, device or blind holdout claim.""}",TD24_euclidean,0.21464646464646464,0.26666666666666666,1.7849737320089076,0.13618438175343683,0.12888697372251987
mahalanobis_epn_budget_v1,benchmarks/new_bank_v3/MAHALANOBIS_EPN_BUDGET_V1_RESULTS.json,0f58780fc3023df1ff39fdaca1d918b5120d34839a7d416de32c8028053ce44d,EPN612,26,descriptive_users22_31,fixed_evaluation_trials_across_budgets,20,"{""classes"": 6, ""dimension"": 24, ""independent_trial_guard"": true, ""ontology"": ""EPN612 native six classes"", ""scope"": ""Previously inspected EPN users22-31; retrospective native budget experiment. High-dimensional 24/36 cases must remain N/A if trial budgets are insufficient. No dimensionality reduction, window-count inflation, device or blind holdout claim.""}",TD24_euclidean,0.1391025641025641,0.23333333333333334,1.7370121745375282,0.13151702550615374,0.2560472745796983
mahalanobis_epn_budget_v1,benchmarks/new_bank_v3/MAHALANOBIS_EPN_BUDGET_V1_RESULTS.json,0f58780fc3023df1ff39fdaca1d918b5120d34839a7d416de32c8028053ce44d,EPN612,27,descriptive_users22_31,fixed_evaluation_trials_across_budgets,20,"{""classes"": 6, ""dimension"": 24, ""independent_trial_guard"": true, ""ontology"": ""EPN612 native six classes"", ""scope"": ""Previously inspected EPN users22-31; retrospective native budget experiment. High-dimensional 24/36 cases must remain N/A if trial budgets are insufficient. No dimensionality reduction, window-count inflation, device or blind holdout claim.""}",TD24_euclidean,0.153416149068323,0.23333333333333334,1.7554542357004952,0.1353790450451835,0.14450517071052407
mahalanobis_epn_budget_v1,benchmarks/new_bank_v3/MAHALANOBIS_EPN_BUDGET_V1_RESULTS.json,0f58780fc3023df1ff39fdaca1d918b5120d34839a7d416de32c8028053ce44d,EPN612,28,descriptive_users22_31,fixed_evaluation_trials_across_budgets,20,"{""classes"": 6, ""dimension"": 24, ""independent_trial_guard"": true, ""ontology"": ""EPN612 native six classes"", ""scope"": ""Previously inspected EPN users22-31; retrospective native budget experiment. High-dimensional 24/36 cases must remain N/A if trial budgets are insufficient. No dimensionality reduction, window-count inflation, device or blind holdout claim.""}",TD24_euclidean,0.2539682539682539,0.3333333333333333,1.602312575363281,0.12722394956293467,0.11606519522414127
mahalanobis_epn_budget_v1,benchmarks/new_bank_v3/MAHALANOBIS_EPN_BUDGET_V1_RESULTS.json,0f58780fc3023df1ff39fdaca1d918b5120d34839a7d416de32c8028053ce44d,EPN612,29,descriptive_users22_31,fixed_evaluation_trials_across_budgets,20,"{""classes"": 6, ""dimension"": 24, ""independent_trial_guard"": true, ""ontology"": ""EPN612 native six classes"", ""scope"": ""Previously inspected EPN users22-31; retrospective native budget experiment. High-dimensional 24/36 cases must remain N/A if trial budgets are insufficient. No dimensionality reduction, window-count inflation, device or blind holdout claim.""}",TD24_euclidean,0.2006105006105006,0.26666666666666666,1.6868644494641107,0.13197272596807244,0.21783690727006172
mahalanobis_epn_budget_v1,benchmarks/new_bank_v3/MAHALANOBIS_EPN_BUDGET_V1_RESULTS.json,0f58780fc3023df1ff39fdaca1d918b5120d34839a7d416de32c8028053ce44d,EPN612,30,descriptive_users22_31,fixed_evaluation_trials_across_budgets,20,"{""classes"": 6, ""dimension"": 24, ""independent_trial_guard"": true, ""ontology"": ""EPN612 native six classes"", ""scope"": ""Previously inspected EPN users22-31; retrospective native budget experiment. High-dimensional 24/36 cases must remain N/A if trial budgets are insufficient. No dimensionality reduction, window-count inflation, device or blind holdout claim.""}",TD24_euclidean,0.28851540616246496,0.3,1.6629587018221559,0.13011056476774022,0.13482775315921347
mahalanobis_epn_budget_v1,benchmarks/new_bank_v3/MAHALANOBIS_EPN_BUDGET_V1_RESULTS.json,0f58780fc3023df1ff39fdaca1d918b5120d34839a7d416de32c8028053ce44d,EPN612,31,descriptive_users22_31,fixed_evaluation_trials_across_budgets,20,"{""classes"": 6, ""dimension"": 24, ""independent_trial_guard"": true, ""ontology"": ""EPN612 native six classes"", ""scope"": ""Previously inspected EPN users22-31; retrospective native budget experiment. High-dimensional 24/36 cases must remain N/A if trial budgets are insufficient. No dimensionality reduction, window-count inflation, device or blind holdout claim.""}",TD24_euclidean,0.28359788359788357,0.3333333333333333,1.6599468767203154,0.13098380440448124,0.0790187699867578
mahalanobis_epn_budget_v1,benchmarks/new_bank_v3/MAHALANOBIS_EPN_BUDGET_V1_RESULTS.json,0f58780fc3023df1ff39fdaca1d918b5120d34839a7d416de32c8028053ce44d,EPN612,ALL,descriptive_users22_31,fixed_evaluation_trials_across_budgets,1,"{""classes"": 6, ""dimension"": 36, ""independent_trial_guard"": true, ""ontology"": ""EPN612 native six classes"", ""scope"": ""Previously inspected EPN users22-31; retrospective native budget experiment. High-dimensional 24/36 cases must remain N/A if trial budgets are insufficient. No dimensionality reduction, window-count inflation, device or blind holdout claim.""}",SPD_euclidean,0.3798615704181549,0.38333333333333336,1.7197347337696898,0.13459401095898754,0.17922422239141517
mahalanobis_epn_budget_v1,benchmarks/new_bank_v3/MAHALANOBIS_EPN_BUDGET_V1_RESULTS.json,0f58780fc3023df1ff39fdaca1d918b5120d34839a7d416de32c8028053ce44d,EPN612,22,descriptive_users22_31,fixed_evaluation_trials_across_budgets,1,"{""classes"": 6, ""dimension"": 36, ""independent_trial_guard"": true, ""ontology"": ""EPN612 native six classes"", ""scope"": ""Previously inspected EPN users22-31; retrospective native budget experiment. High-dimensional 24/36 cases must remain N/A if trial budgets are insufficient. No dimensionality reduction, window-count inflation, device or blind holdout claim.""}",SPD_euclidean,0.29576719576719573,0.3,1.7620788794350373,0.13687458278127496,0.17627635387294235
mahalanobis_epn_budget_v1,benchmarks/new_bank_v3/MAHALANOBIS_EPN_BUDGET_V1_RESULTS.json,0f58780fc3023df1ff39fdaca1d918b5120d34839a7d416de32c8028053ce44d,EPN612,23,descriptive_users22_31,fixed_evaluation_trials_across_budgets,1,"{""classes"": 6, ""dimension"": 36, ""independent_trial_guard"": true, ""ontology"": ""EPN612 native six classes"", ""scope"": ""Previously inspected EPN users22-31; retrospective native budget experiment. High-dimensional 24/36 cases must remain N/A if trial budgets are insufficient. No dimensionality reduction, window-count inflation, device or blind holdout claim.""}",SPD_euclidean,0.6154970760233918,0.6333333333333333,1.7128536777748928,0.13403868436025496,0.43097908127467355
mahalanobis_epn_budget_v1,benchmarks/new_bank_v3/MAHALANOBIS_EPN_BUDGET_V1_RESULTS.json,0f58780fc3023df1ff39fdaca1d918b5120d34839a7d416de32c8028053ce44d,EPN612,24,descriptive_users22_31,fixed_evaluation_trials_across_budgets,1,"{""classes"": 6, ""dimension"": 36, ""independent_trial_guard"": true, ""ontology"": ""EPN612 native six classes"", ""scope"": ""Previously inspected EPN users22-31; retrospective native budget experiment. High-dimensional 24/36 cases must remain N/A if trial budgets are insufficient. No dimensionality reduction, window-count inflation, device or blind holdout claim.""}",SPD_euclidean,0.39352869352869363,0.4,1.6830688870903614,0.13262618269814047,0.1929441591372808
mahalanobis_epn_budget_v1,benchmarks/new_bank_v3/MAHALANOBIS_EPN_BUDGET_V1_RESULTS.json,0f58780fc3023df1ff39fdaca1d918b5120d34839a7d416de32c8028053ce44d,EPN612,25,descriptive_users22_31,fixed_evaluation_trials_across_budgets,1,"{""classes"": 6, ""dimension"": 36, ""independent_trial_guard"": true, ""ontology"": ""EPN612 native six classes"", ""scope"": ""Previously inspected EPN users22-31; retrospective native budget experiment. High-dimensional 24/36 cases must remain N/A if trial budgets are insufficient. No dimensionality reduction, window-count inflation, device or blind holdout claim.""}",SPD_euclidean,0.4178691678691679,0.43333333333333335,1.6879853566897958,0.13301886732025409,0.23238896369183443
mahalanobis_epn_budget_v1,benchmarks/new_bank_v3/MAHALANOBIS_EPN_BUDGET_V1_RESULTS.json,0f58780fc3023df1ff39fdaca1d918b5120d34839a7d416de32c8028053ce44d,EPN612,26,descriptive_users22_31,fixed_evaluation_trials_across_budgets,1,"{""classes"": 6, ""dimension"": 36, ""independent_trial_guard"": true, ""ontology"": ""EPN612 native six classes"", ""scope"": ""Previously inspected EPN users22-31; retrospective native budget experiment. High-dimensional 24/36 cases must remain N/A if trial budgets are insufficient. No dimensionality reduction, window-count inflation, device or blind holdout claim.""}",SPD_euclidean,0.1983766233766234,0.26666666666666666,1.7514452605270563,0.13639628684303073,0.12161905637879535
mahalanobis_epn_budget_v1,benchmarks/new_bank_v3/MAHALANOBIS_EPN_BUDGET_V1_RESULTS.json,0f58780fc3023df1ff39fdaca1d918b5120d34839a7d416de32c8028053ce44d,EPN612,27,descriptive_users22_31,fixed_evaluation_trials_across_budgets,1,"{""classes"": 6, ""dimension"": 36, ""independent_trial_guard"": true, ""ontology"": ""EPN612 native six classes"", ""scope"": ""Previously inspected EPN users22-31; retrospective native budget experiment. High-dimensional 24/36 cases must remain N/A if trial budgets are insufficient. No dimensionality reduction, window-count inflation, device or blind holdout claim.""}",SPD_euclidean,0.2703703703703703,0.3,1.730332089624596,0.13502863890573008,0.15286028839441063
mahalanobis_epn_budget_v1,benchmarks/new_bank_v3/MAHALANOBIS_EPN_BUDGET_V1_RESULTS.json,0f58780fc3023df1ff39fdaca1d918b5120d34839a7d416de32c8028053ce44d,EPN612,28,descriptive_users22_31,fixed_evaluation_trials_across_budgets,1,"{""classes"": 6, ""dimension"": 36, ""independent_trial_guard"": true, ""ontology"": ""EPN612 native six classes"", ""scope"": ""Previously inspected EPN users22-31; retrospective native budget experiment. High-dimensional 24/36 cases must remain N/A if trial budgets are insufficient. No dimensionality reduction, window-count inflation, device or blind holdout claim.""}",SPD_euclidean,0.3881648565859092,0.4,1.7395217922973505,0.13578812561594386,0.19274444951937666
mahalanobis_epn_budget_v1,benchmarks/new_bank_v3/MAHALANOBIS_EPN_BUDGET_V1_RESULTS.json,0f58780fc3023df1ff39fdaca1d918b5120d34839a7d416de32c8028053ce44d,EPN612,29,descriptive_users22_31,fixed_evaluation_trials_across_budgets,1,"{""classes"": 6, ""dimension"": 36, ""independent_trial_guard"": true, ""ontology"": ""EPN612 native six classes"", ""scope"": ""Previously inspected EPN users22-31; retrospective native budget experiment. High-dimensional 24/36 cases must remain N/A if trial budgets are insufficient. No dimensionality reduction, window-count inflation, device or blind holdout claim.""}",SPD_euclidean,0.12902711323763957,0.16666666666666666,1.7763720416505637,0.1380929513284586,0.11666853728119107
mahalanobis_epn_budget_v1,benchmarks/new_bank_v3/MAHALANOBIS_EPN_BUDGET_V1_RESULTS.json,0f58780fc3023df1ff39fdaca1d918b5120d34839a7d416de32c8028053ce44d,EPN612,30,descriptive_users22_31,fixed_evaluation_trials_across_budgets,1,"{""classes"": 6, ""dimension"": 36, ""independent_trial_guard"": true, ""ontology"": ""EPN612 native six classes"", ""scope"": ""Previously inspected EPN users22-31; retrospective native budget experiment. High-dimensional 24/36 cases must remain N/A if trial budgets are insufficient. No dimensionality reduction, window-count inflation, device or blind holdout claim.""}",SPD_euclidean,0.4521284271284271,0.4666666666666667,1.6659461787747907,0.13151558331401533,0.256884442344403
mahalanobis_epn_budget_v1,benchmarks/new_bank_v3/MAHALANOBIS_EPN_BUDGET_V1_RESULTS.json,0f58780fc3023df1ff39fdaca1d918b5120d34839a7d416de32c8028053ce44d,EPN612,31,descriptive_users22_31,fixed_evaluation_trials_across_budgets,1,"{""classes"": 6, ""dimension"": 36, ""independent_trial_guard"": true, ""ontology"": ""EPN612 native six classes"", ""scope"": ""Previously inspected EPN users22-31; retrospective native budget experiment. High-dimensional 24/36 cases must remain N/A if trial budgets are insufficient. No dimensionality reduction, window-count inflation, device or blind holdout claim.""}",SPD_euclidean,0.4148860398860399,0.4666666666666667,1.6877431738324495,0.13256020642277236,0.26736410119480325
mahalanobis_epn_budget_v1,benchmarks/new_bank_v3/MAHALANOBIS_EPN_BUDGET_V1_RESULTS.json,0f58780fc3023df1ff39fdaca1d918b5120d34839a7d416de32c8028053ce44d,EPN612,ALL,descriptive_users22_31,fixed_evaluation_trials_across_budgets,2,"{""classes"": 6, ""dimension"": 36, ""independent_trial_guard"": true, ""ontology"": ""EPN612 native six classes"", ""scope"": ""Previously inspected EPN users22-31; retrospective native budget experiment. High-dimensional 24/36 cases must remain N/A if trial budgets are insufficient. No dimensionality reduction, window-count inflation, device or blind holdout claim.""}",SPD_euclidean,0.47311409595932835,0.48333333333333334,1.6859031175194548,0.13262461932754518,0.2807997006911285
mahalanobis_epn_budget_v1,benchmarks/new_bank_v3/MAHALANOBIS_EPN_BUDGET_V1_RESULTS.json,0f58780fc3023df1ff39fdaca1d918b5120d34839a7d416de32c8028053ce44d,EPN612,22,descriptive_users22_31,fixed_evaluation_trials_across_budgets,2,"{""classes"": 6, ""dimension"": 36, ""independent_trial_guard"": true, ""ontology"": ""EPN612 native six classes"", ""scope"": ""Previously inspected EPN users22-31; retrospective native budget experiment. High-dimensional 24/36 cases must remain N/A if trial budgets are insufficient. No dimensionality reduction, window-count inflation, device or blind holdout claim.""}",SPD_euclidean,0.35512173012173015,0.36666666666666664,1.72095007172643,0.13444672344460057,0.226109235893661
mahalanobis_epn_budget_v1,benchmarks/new_bank_v3/MAHALANOBIS_EPN_BUDGET_V1_RESULTS.json,0f58780fc3023df1ff39fdaca1d918b5120d34839a7d416de32c8028053ce44d,EPN612,23,descriptive_users22_31,fixed_evaluation_trials_across_budgets,2,"{""classes"": 6, ""dimension"": 36, ""independent_trial_guard"": true, ""ontology"": ""EPN612 native six classes"", ""scope"": ""Previously inspected EPN users22-31; retrospective native budget experiment. High-dimensional 24/36 cases must remain N/A if trial budgets are insufficient. No dimensionality reduction, window-count inflation, device or blind holdout claim.""}",SPD_euclidean,0.6068931068931068,0.6333333333333333,1.6566774042682886,0.13101380067169335,0.43439071782620065
mahalanobis_epn_budget_v1,benchmarks/new_bank_v3/MAHALANOBIS_EPN_BUDGET_V1_RESULTS.json,0f58780fc3023df1ff39fdaca1d918b5120d34839a7d416de32c8028053ce44d,EPN612,24,descriptive_users22_31,fixed_evaluation_trials_across_budgets,2,"{""classes"": 6, ""dimension"": 36, ""independent_trial_guard"": true, ""ontology"": ""EPN612 native six classes"", ""scope"": ""Previously inspected EPN users22-31; retrospective native budget experiment. High-dimensional 24/36 cases must remain N/A if trial budgets are insufficient. No dimensionality reduction, window-count inflation, device or blind holdout claim.""}",SPD_euclidean,0.5867003367003367,0.6,1.640619045995965,0.1299494967590449,0.38862420895747846
mahalanobis_epn_budget_v1,benchmarks/new_bank_v3/MAHALANOBIS_EPN_BUDGET_V1_RESULTS.json,0f58780fc3023df1ff39fdaca1d918b5120d34839a7d416de32c8028053ce44d,EPN612,25,descriptive_users22_31,fixed_evaluation_trials_across_budgets,2,"{""classes"": 6, ""dimension"": 36, ""independent_trial_guard"": true, ""ontology"": ""EPN612 native six classes"", ""scope"": ""Previously inspected EPN users22-31; retrospective native budget experiment. High-dimensional 24/36 cases must remain N/A if trial budgets are insufficient. No dimensionality reduction, window-count inflation, device or blind holdout claim.""}",SPD_euclidean,0.2563085063085063,0.26666666666666666,1.7157543855082151,0.13465848862660587,0.10733173019430586
mahalanobis_epn_budget_v1,benchmarks/new_bank_v3/MAHALANOBIS_EPN_BUDGET_V1_RESULTS.json,0f58780fc3023df1ff39fdaca1d918b5120d34839a7d416de32c8028053ce44d,EPN612,26,descriptive_users22_31,fixed_evaluation_trials_across_budgets,2,"{""classes"": 6, ""dimension"": 36, ""independent_trial_guard"": true, ""ontology"": ""EPN612 native six classes"", ""scope"": ""Previously inspected EPN users22-31; retrospective native budget experiment. High-dimensional 24/36 cases must remain N/A if trial budgets are insufficient. No dimensionality reduction, window-count inflation, device or blind holdout claim.""}",SPD_euclidean,0.5857808857808858,0.6,1.6903207309947412,0.13290142743407923,0.4050825131683874
mahalanobis_epn_budget_v1,benchmarks/new_bank_v3/MAHALANOBIS_EPN_BUDGET_V1_RESULTS.json,0f58780fc3023df1ff39fdaca1d918b5120d34839a7d416de32c8028053ce44d,EPN612,27,descriptive_users22_31,fixed_evaluation_trials_across_budgets,2,"{""classes"": 6, ""dimension"": 36, ""independent_trial_guard"": true, ""ontology"": ""EPN612 native six classes"", ""scope"": ""Previously inspected EPN users22-31; retrospective native budget experiment. High-dimensional 24/36 cases must remain N/A if trial budgets are insufficient. No dimensionality reduction, window-count inflation, device or blind holdout claim.""}",SPD_euclidean,0.3666666666666667,0.4,1.683074674915937,0.13254702843680632,0.2565326578459103
mahalanobis_epn_budget_v1,benchmarks/new_bank_v3/MAHALANOBIS_EPN_BUDGET_V1_RESULTS.json,0f58780fc3023df1ff39fdaca1d918b5120d34839a7d416de32c8028053ce44d,EPN612,28,descriptive_users22_31,fixed_evaluation_trials_across_budgets,2,"{""classes"": 6, ""dimension"": 36, ""independent_trial_guard"": true, ""ontology"": ""EPN612 native six classes"", ""scope"": ""Previously inspected EPN users22-31; retrospective native budget experiment. High-dimensional 24/36 cases must remain N/A if trial budgets are insufficient. No dimensionality reduction, window-count inflation, device or blind holdout claim.""}",SPD_euclidean,0.5124579124579125,0.5333333333333333,1.715131698077126,0.1342532463377763,0.33271103933297275
mahalanobis_epn_budget_v1,benchmarks/new_bank_v3/MAHALANOBIS_EPN_BUDGET_V1_RESULTS.json,0f58780fc3023df1ff39fdaca1d918b5120d34839a7d416de32c8028053ce44d,EPN612,29,descriptive_users22_31,fixed_evaluation_trials_across_budgets,2,"{""classes"": 6, ""dimension"": 36, ""independent_trial_guard"": true, ""ontology"": ""EPN612 native six classes"", ""scope"": ""Previously inspected EPN users22-31; retrospective native budget experiment. High-dimensional 24/36 cases must remain N/A if trial budgets are insufficient. No dimensionality reduction, window-count inflation, device or blind holdout claim.""}",SPD_euclidean,0.2984126984126984,0.3333333333333333,1.7377385940415548,0.13578057502826152,0.14481842601944805
mahalanobis_epn_budget_v1,benchmarks/new_bank_v3/MAHALANOBIS_EPN_BUDGET_V1_RESULTS.json,0f58780fc3023df1ff39fdaca1d918b5120d34839a7d416de32c8028053ce44d,EPN612,30,descriptive_users22_31,fixed_evaluation_trials_across_budgets,2,"{""classes"": 6, ""dimension"": 36, ""independent_trial_guard"": true, ""ontology"": ""EPN612 native six classes"", ""scope"": ""Previously inspected EPN users22-31; retrospective native budget experiment. High-dimensional 24/36 cases must remain N/A if trial budgets are insufficient. No dimensionality reduction, window-count inflation, device or blind holdout claim.""}",SPD_euclidean,0.41712454212454214,0.5333333333333333,1.622400939967491,0.1287083600762259,0.38052552994125866
mahalanobis_epn_budget_v1,benchmarks/new_bank_v3/MAHALANOBIS_EPN_BUDGET_V1_RESULTS.json,0f58780fc3023df1ff39fdaca1d918b5120d34839a7d416de32c8028053ce44d,EPN612,31,descriptive_users22_31,fixed_evaluation_trials_across_budgets,2,"{""classes"": 6, ""dimension"": 36, ""independent_trial_guard"": true, ""ontology"": ""EPN612 native six classes"", ""scope"": ""Previously inspected EPN users22-31; retrospective native budget experiment. High-dimensional 24/36 cases must remain N/A if trial budgets are insufficient. No dimensionality reduction, window-count inflation, device or blind holdout claim.""}",SPD_euclidean,0.5852564102564103,0.5666666666666667,1.6763636296988003,0.1319870464603577,0.3678997838446097
mahalanobis_epn_budget_v1,benchmarks/new_bank_v3/MAHALANOBIS_EPN_BUDGET_V1_RESULTS.json,0f58780fc3023df1ff39fdaca1d918b5120d34839a7d416de32c8028053ce44d,EPN612,ALL,descriptive_users22_31,fixed_evaluation_trials_across_budgets,5,"{""classes"": 6, ""dimension"": 36, ""independent_trial_guard"": true, ""ontology"": ""EPN612 native six classes"", ""scope"": ""Previously inspected EPN users22-31; retrospective native budget experiment. High-dimensional 24/36 cases must remain N/A if trial budgets are insufficient. No dimensionality reduction, window-count inflation, device or blind holdout claim.""}",SPD_euclidean,0.5103197819201519,0.5166666666666667,1.6625422534235823,0.13128419391583127,0.3132249143862049
mahalanobis_epn_budget_v1,benchmarks/new_bank_v3/MAHALANOBIS_EPN_BUDGET_V1_RESULTS.json,0f58780fc3023df1ff39fdaca1d918b5120d34839a7d416de32c8028053ce44d,EPN612,22,descriptive_users22_31,fixed_evaluation_trials_across_budgets,5,"{""classes"": 6, ""dimension"": 36, ""independent_trial_guard"": true, ""ontology"": ""EPN612 native six classes"", ""scope"": ""Previously inspected EPN users22-31; retrospective native budget experiment. High-dimensional 24/36 cases must remain N/A if trial budgets are insufficient. No dimensionality reduction, window-count inflation, device or blind holdout claim.""}",SPD_euclidean,0.4692307692307693,0.5,1.6916848325798202,0.1330164727700791,0.28903372140672934
mahalanobis_epn_budget_v1,benchmarks/new_bank_v3/MAHALANOBIS_EPN_BUDGET_V1_RESULTS.json,0f58780fc3023df1ff39fdaca1d918b5120d34839a7d416de32c8028053ce44d,EPN612,23,descriptive_users22_31,fixed_evaluation_trials_across_budgets,5,"{""classes"": 6, ""dimension"": 36, ""independent_trial_guard"": true, ""ontology"": ""EPN612 native six classes"", ""scope"": ""Previously inspected EPN users22-31; retrospective native budget experiment. High-dimensional 24/36 cases must remain N/A if trial budgets are insufficient. No dimensionality reduction, window-count inflation, device or blind holdout claim.""}",SPD_euclidean,0.5264069264069263,0.5333333333333333,1.6496025403385333,0.13071268748980597,0.33329207182741566
mahalanobis_epn_budget_v1,benchmarks/new_bank_v3/MAHALANOBIS_EPN_BUDGET_V1_RESULTS.json,0f58780fc3023df1ff39fdaca1d918b5120d34839a7d416de32c8028053ce44d,EPN612,24,descriptive_users22_31,fixed_evaluation_trials_across_budgets,5,"{""classes"": 6, ""dimension"": 36, ""independent_trial_guard"": true, ""ontology"": ""EPN612 native six classes"", ""scope"": ""Previously inspected EPN users22-31; retrospective native budget experiment. High-dimensional 24/36 cases must remain N/A if trial budgets are insufficient. No dimensionality reduction, window-count inflation, device or blind holdout claim.""}",SPD_euclidean,0.6127576127576128,0.6333333333333333,1.5963058872096123,0.1272074742825631,0.4191982665309753
mahalanobis_epn_budget_v1,benchmarks/new_bank_v3/MAHALANOBIS_EPN_BUDGET_V1_RESULTS.json,0f58780fc3023df1ff39fdaca1d918b5120d34839a7d416de32c8028053ce44d,EPN612,25,descriptive_users22_31,fixed_evaluation_trials_across_budgets,5,"{""classes"": 6, ""dimension"": 36, ""independent_trial_guard"": true, ""ontology"": ""EPN612 native six classes"", ""scope"": ""Previously inspected EPN users22-31; retrospective native budget experiment. High-dimensional 24/36 cases must remain N/A if trial budgets are insufficient. No dimensionality reduction, window-count inflation, device or blind holdout claim.""}",SPD_euclidean,0.4155677655677656,0.4,1.7145411308309657,0.13447265225469054,0.20010509693013417
mahalanobis_epn_budget_v1,benchmarks/new_bank_v3/MAHALANOBIS_EPN_BUDGET_V1_RESULTS.json,0f58780fc3023df1ff39fdaca1d918b5120d34839a7d416de32c8028053ce44d,EPN612,26,descriptive_users22_31,fixed_evaluation_trials_across_budgets,5,"{""classes"": 6, ""dimension"": 36, ""independent_trial_guard"": true, ""ontology"": ""EPN612 native six classes"", ""scope"": ""Previously inspected EPN users22-31; retrospective native budget experiment. High-dimensional 24/36 cases must remain N/A if trial budgets are insufficient. No dimensionality reduction, window-count inflation, device or blind holdout claim.""}",SPD_euclidean,0.6037518037518037,0.6,1.6811610349903245,0.13239923947022006,0.4052565365179372
mahalanobis_epn_budget_v1,benchmarks/new_bank_v3/MAHALANOBIS_EPN_BUDGET_V1_RESULTS.json,0f58780fc3023df1ff39fdaca1d918b5120d34839a7d416de32c8028053ce44d,EPN612,27,descriptive_users22_31,fixed_evaluation_trials_across_budgets,5,"{""classes"": 6, ""dimension"": 36, ""independent_trial_guard"": true, ""ontology"": ""EPN612 native six classes"", ""scope"": ""Previously inspected EPN users22-31; retrospective native budget experiment. High-dimensional 24/36 cases must remain N/A if trial budgets are insufficient. No dimensionality reduction, window-count inflation, device or blind holdout claim.""}",SPD_euclidean,0.40283790283790283,0.43333333333333335,1.6478159220302548,0.130344799739595,0.22554322639432842
mahalanobis_epn_budget_v1,benchmarks/new_bank_v3/MAHALANOBIS_EPN_BUDGET_V1_RESULTS.json,0f58780fc3023df1ff39fdaca1d918b5120d34839a7d416de32c8028053ce44d,EPN612,28,descriptive_users22_31,fixed_evaluation_trials_across_budgets,5,"{""classes"": 6, ""dimension"": 36, ""independent_trial_guard"": true, ""ontology"": ""EPN612 native six classes"", ""scope"": ""Previously inspected EPN users22-31; retrospective native budget experiment. High-dimensional 24/36 cases must remain N/A if trial budgets are insufficient. No dimensionality reduction, window-count inflation, device or blind holdout claim.""}",SPD_euclidean,0.44283216783216783,0.4666666666666667,1.7041289611067525,0.13384237336487478,0.270888196671751
mahalanobis_epn_budget_v1,benchmarks/new_bank_v3/MAHALANOBIS_EPN_BUDGET_V1_RESULTS.json,0f58780fc3023df1ff39fdaca1d918b5120d34839a7d416de32c8028053ce44d,EPN612,29,descriptive_users22_31,fixed_evaluation_trials_across_budgets,5,"{""classes"": 6, ""dimension"": 36, ""independent_trial_guard"": true, ""ontology"": ""EPN612 native six classes"", ""scope"": ""Previously inspected EPN users22-31; retrospective native budget experiment. High-dimensional 24/36 cases must remain N/A if trial budgets are insufficient. No dimensionality reduction, window-count inflation, device or blind holdout claim.""}",SPD_euclidean,0.4701048951048951,0.5,1.685491937192704,0.1326170512612428,0.30454023900877636
mahalanobis_epn_budget_v1,benchmarks/new_bank_v3/MAHALANOBIS_EPN_BUDGET_V1_RESULTS.json,0f58780fc3023df1ff39fdaca1d918b5120d34839a7d416de32c8028053ce44d,EPN612,30,descriptive_users22_31,fixed_evaluation_trials_across_budgets,5,"{""classes"": 6, ""dimension"": 36, ""independent_trial_guard"": true, ""ontology"": ""EPN612 native six classes"", ""scope"": ""Previously inspected EPN users22-31; retrospective native budget experiment. High-dimensional 24/36 cases must remain N/A if trial budgets are insufficient. No dimensionality reduction, window-count inflation, device or blind holdout claim.""}",SPD_euclidean,0.4027421652421653,0.5,1.6071414739559597,0.12791215201382566,0.40075010010681505
mahalanobis_epn_budget_v1,benchmarks/new_bank_v3/MAHALANOBIS_EPN_BUDGET_V1_RESULTS.json,0f58780fc3023df1ff39fdaca1d918b5120d34839a7d416de32c8028053ce44d,EPN612,31,descriptive_users22_31,fixed_evaluation_trials_across_budgets,5,"{""classes"": 6, ""dimension"": 36, ""independent_trial_guard"": true, ""ontology"": ""EPN612 native six classes"", ""scope"": ""Previously inspected EPN users22-31; retrospective native budget experiment. High-dimensional 24/36 cases must remain N/A if trial budgets are insufficient. No dimensionality reduction, window-count inflation, device or blind holdout claim.""}",SPD_euclidean,0.5944444444444444,0.6,1.6475488140008963,0.13031703651141555,0.40009284901992326
mahalanobis_epn_budget_v1,benchmarks/new_bank_v3/MAHALANOBIS_EPN_BUDGET_V1_RESULTS.json,0f58780fc3023df1ff39fdaca1d918b5120d34839a7d416de32c8028053ce44d,EPN612,ALL,descriptive_users22_31,fixed_evaluation_trials_across_budgets,10,"{""classes"": 6, ""dimension"": 36, ""independent_trial_guard"": true, ""ontology"": ""EPN612 native six classes"", ""scope"": ""Previously inspected EPN users22-31; retrospective native budget experiment. High-dimensional 24/36 cases must remain N/A if trial budgets are insufficient. No dimensionality reduction, window-count inflation, device or blind holdout claim.""}",SPD_euclidean,0.5508069160861487,0.56,1.6548998151780905,0.13087311434737345,0.359425110211502
mahalanobis_epn_budget_v1,benchmarks/new_bank_v3/MAHALANOBIS_EPN_BUDGET_V1_RESULTS.json,0f58780fc3023df1ff39fdaca1d918b5120d34839a7d416de32c8028053ce44d,EPN612,22,descriptive_users22_31,fixed_evaluation_trials_across_budgets,10,"{""classes"": 6, ""dimension"": 36, ""independent_trial_guard"": true, ""ontology"": ""EPN612 native six classes"", ""scope"": ""Previously inspected EPN users22-31; retrospective native budget experiment. High-dimensional 24/36 cases must remain N/A if trial budgets are insufficient. No dimensionality reduction, window-count inflation, device or blind holdout claim.""}",SPD_euclidean,0.4523809523809524,0.5,1.679304851430179,0.13233261163732854,0.2944487144503045
mahalanobis_epn_budget_v1,benchmarks/new_bank_v3/MAHALANOBIS_EPN_BUDGET_V1_RESULTS.json,0f58780fc3023df1ff39fdaca1d918b5120d34839a7d416de32c8028053ce44d,EPN612,23,descriptive_users22_31,fixed_evaluation_trials_across_budgets,10,"{""classes"": 6, ""dimension"": 36, ""independent_trial_guard"": true, ""ontology"": ""EPN612 native six classes"", ""scope"": ""Previously inspected EPN users22-31; retrospective native budget experiment. High-dimensional 24/36 cases must remain N/A if trial budgets are insufficient. No dimensionality reduction, window-count inflation, device or blind holdout claim.""}",SPD_euclidean,0.5454545454545455,0.5666666666666667,1.6442265894473338,0.1304284934295391,0.36762209901023324
mahalanobis_epn_budget_v1,benchmarks/new_bank_v3/MAHALANOBIS_EPN_BUDGET_V1_RESULTS.json,0f58780fc3023df1ff39fdaca1d918b5120d34839a7d416de32c8028053ce44d,EPN612,24,descriptive_users22_31,fixed_evaluation_trials_across_budgets,10,"{""classes"": 6, ""dimension"": 36, ""independent_trial_guard"": true, ""ontology"": ""EPN612 native six classes"", ""scope"": ""Previously inspected EPN users22-31; retrospective native budget experiment. High-dimensional 24/36 cases must remain N/A if trial budgets are insufficient. No dimensionality reduction, window-count inflation, device or blind holdout claim.""}",SPD_euclidean,0.6835016835016834,0.7,1.5843062700073147,0.1264348149155149,0.48575262392936636
mahalanobis_epn_budget_v1,benchmarks/new_bank_v3/MAHALANOBIS_EPN_BUDGET_V1_RESULTS.json,0f58780fc3023df1ff39fdaca1d918b5120d34839a7d416de32c8028053ce44d,EPN612,25,descriptive_users22_31,fixed_evaluation_trials_across_budgets,10,"{""classes"": 6, ""dimension"": 36, ""independent_trial_guard"": true, ""ontology"": ""EPN612 native six classes"", ""scope"": ""Previously inspected EPN users22-31; retrospective native budget experiment. High-dimensional 24/36 cases must remain N/A if trial budgets are insufficient. No dimensionality reduction, window-count inflation, device or blind holdout claim.""}",SPD_euclidean,0.3396048396048396,0.36666666666666664,1.7091951615468552,0.13426317533552434,0.172365354003823
mahalanobis_epn_budget_v1,benchmarks/new_bank_v3/MAHALANOBIS_EPN_BUDGET_V1_RESULTS.json,0f58780fc3023df1ff39fdaca1d918b5120d34839a7d416de32c8028053ce44d,EPN612,26,descriptive_users22_31,fixed_evaluation_trials_across_budgets,10,"{""classes"": 6, ""dimension"": 36, ""independent_trial_guard"": true, ""ontology"": ""EPN612 native six classes"", ""scope"": ""Previously inspected EPN users22-31; retrospective native budget experiment. High-dimensional 24/36 cases must remain N/A if trial budgets are insufficient. No dimensionality reduction, window-count inflation, device or blind holdout claim.""}",SPD_euclidean,0.5841450216450216,0.6,1.6864876679282021,0.13272707576142626,0.4087038256293231
mahalanobis_epn_budget_v1,benchmarks/new_bank_v3/MAHALANOBIS_EPN_BUDGET_V1_RESULTS.json,0f58780fc3023df1ff39fdaca1d918b5120d34839a7d416de32c8028053ce44d,EPN612,27,descriptive_users22_31,fixed_evaluation_trials_across_budgets,10,"{""classes"": 6, ""dimension"": 36, ""independent_trial_guard"": true, ""ontology"": ""EPN612 native six classes"", ""scope"": ""Previously inspected EPN users22-31; retrospective native budget experiment. High-dimensional 24/36 cases must remain N/A if trial budgets are insufficient. No dimensionality reduction, window-count inflation, device or blind holdout claim.""}",SPD_euclidean,0.4037555037555037,0.4,1.6427244239959642,0.13020988680153955,0.19415874142789002
mahalanobis_epn_budget_v1,benchmarks/new_bank_v3/MAHALANOBIS_EPN_BUDGET_V1_RESULTS.json,0f58780fc3023df1ff39fdaca1d918b5120d34839a7d416de32c8028053ce44d,EPN612,28,descriptive_users22_31,fixed_evaluation_trials_across_budgets,10,"{""classes"": 6, ""dimension"": 36, ""independent_trial_guard"": true, ""ontology"": ""EPN612 native six classes"", ""scope"": ""Previously inspected EPN users22-31; retrospective native budget experiment. High-dimensional 24/36 cases must remain N/A if trial budgets are insufficient. No dimensionality reduction, window-count inflation, device or blind holdout claim.""}",SPD_euclidean,0.38737373737373737,0.43333333333333335,1.701186470628831,0.13382237766188854,0.2417054903739732
mahalanobis_epn_budget_v1,benchmarks/new_bank_v3/MAHALANOBIS_EPN_BUDGET_V1_RESULTS.json,0f58780fc3023df1ff39fdaca1d918b5120d34839a7d416de32c8028053ce44d,EPN612,29,descriptive_users22_31,fixed_evaluation_trials_across_budgets,10,"{""classes"": 6, ""dimension"": 36, ""independent_trial_guard"": true, ""ontology"": ""EPN612 native six classes"", ""scope"": ""Previously inspected EPN users22-31; retrospective native budget experiment. High-dimensional 24/36 cases must remain N/A if trial budgets are insufficient. No dimensionality reduction, window-count inflation, device or blind holdout claim.""}",SPD_euclidean,0.6479104229104229,0.6666666666666666,1.6739036263894211,0.1320020830547431,0.47361562479436575
mahalanobis_epn_budget_v1,benchmarks/new_bank_v3/MAHALANOBIS_EPN_BUDGET_V1_RESULTS.json,0f58780fc3023df1ff39fdaca1d918b5120d34839a7d416de32c8028053ce44d,EPN612,30,descriptive_users22_31,fixed_evaluation_trials_across_budgets,10,"{""classes"": 6, ""dimension"": 36, ""independent_trial_guard"": true, ""ontology"": ""EPN612 native six classes"", ""scope"": ""Previously inspected EPN users22-31; retrospective native budget experiment. High-dimensional 24/36 cases must remain N/A if trial budgets are insufficient. No dimensionality reduction, window-count inflation, device or blind holdout claim.""}",SPD_euclidean,0.5263532763532764,0.6,1.5919058221759772,0.12688993437381565,0.38693223635144264
mahalanobis_epn_budget_v1,benchmarks/new_bank_v3/MAHALANOBIS_EPN_BUDGET_V1_RESULTS.json,0f58780fc3023df1ff39fdaca1d918b5120d34839a7d416de32c8028053ce44d,EPN612,31,descriptive_users22_31,fixed_evaluation_trials_across_budgets,10,"{""classes"": 6, ""dimension"": 36, ""independent_trial_guard"": true, ""ontology"": ""EPN612 native six classes"", ""scope"": ""Previously inspected EPN users22-31; retrospective native budget experiment. High-dimensional 24/36 cases must remain N/A if trial budgets are insufficient. No dimensionality reduction, window-count inflation, device or blind holdout claim.""}",SPD_euclidean,0.767087542087542,0.7666666666666667,1.6357572682308257,0.12962069050241473,0.5689463921442983
mahalanobis_epn_budget_v1,benchmarks/new_bank_v3/MAHALANOBIS_EPN_BUDGET_V1_RESULTS.json,0f58780fc3023df1ff39fdaca1d918b5120d34839a7d416de32c8028053ce44d,EPN612,ALL,descriptive_users22_31,fixed_evaluation_trials_across_budgets,20,"{""classes"": 6, ""dimension"": 36, ""independent_trial_guard"": true, ""ontology"": ""EPN612 native six classes"", ""scope"": ""Previously inspected EPN users22-31; retrospective native budget experiment. High-dimensional 24/36 cases must remain N/A if trial budgets are insufficient. No dimensionality reduction, window-count inflation, device or blind holdout claim.""}",SPD_euclidean,0.6122727291491389,0.6233333333333333,1.6484294617577413,0.1304485200511381,0.4224429028726032
mahalanobis_epn_budget_v1,benchmarks/new_bank_v3/MAHALANOBIS_EPN_BUDGET_V1_RESULTS.json,0f58780fc3023df1ff39fdaca1d918b5120d34839a7d416de32c8028053ce44d,EPN612,22,descriptive_users22_31,fixed_evaluation_trials_across_budgets,20,"{""classes"": 6, ""dimension"": 36, ""independent_trial_guard"": true, ""ontology"": ""EPN612 native six classes"", ""scope"": ""Previously inspected EPN users22-31; retrospective native budget experiment. High-dimensional 24/36 cases must remain N/A if trial budgets are insufficient. No dimensionality reduction, window-count inflation, device or blind holdout claim.""}",SPD_euclidean,0.48122248122248124,0.5333333333333333,1.6753961177496817,0.13218809633626138,0.3327555114298326
mahalanobis_epn_budget_v1,benchmarks/new_bank_v3/MAHALANOBIS_EPN_BUDGET_V1_RESULTS.json,0f58780fc3023df1ff39fdaca1d918b5120d34839a7d416de32c8028053ce44d,EPN612,23,descriptive_users22_31,fixed_evaluation_trials_across_budgets,20,"{""classes"": 6, ""dimension"": 36, ""independent_trial_guard"": true, ""ontology"": ""EPN612 native six classes"", ""scope"": ""Previously inspected EPN users22-31; retrospective native budget experiment. High-dimensional 24/36 cases must remain N/A if trial budgets are insufficient. No dimensionality reduction, window-count inflation, device or blind holdout claim.""}",SPD_euclidean,0.6990740740740741,0.7,1.6308342258587696,0.129554519345927,0.4994082692776219
mahalanobis_epn_budget_v1,benchmarks/new_bank_v3/MAHALANOBIS_EPN_BUDGET_V1_RESULTS.json,0f58780fc3023df1ff39fdaca1d918b5120d34839a7d416de32c8028053ce44d,EPN612,24,descriptive_users22_31,fixed_evaluation_trials_across_budgets,20,"{""classes"": 6, ""dimension"": 36, ""independent_trial_guard"": true, ""ontology"": ""EPN612 native six classes"", ""scope"": ""Previously inspected EPN users22-31; retrospective native budget experiment. High-dimensional 24/36 cases must remain N/A if trial budgets are insufficient. No dimensionality reduction, window-count inflation, device or blind holdout claim.""}",SPD_euclidean,0.67003367003367,0.6666666666666666,1.5895686386313035,0.1267194219295328,0.45470251632273784
mahalanobis_epn_budget_v1,benchmarks/new_bank_v3/MAHALANOBIS_EPN_BUDGET_V1_RESULTS.json,0f58780fc3023df1ff39fdaca1d918b5120d34839a7d416de32c8028053ce44d,EPN612,25,descriptive_users22_31,fixed_evaluation_trials_across_budgets,20,"{""classes"": 6, ""dimension"": 36, ""independent_trial_guard"": true, ""ontology"": ""EPN612 native six classes"", ""scope"": ""Previously inspected EPN users22-31; retrospective native budget experiment. High-dimensional 24/36 cases must remain N/A if trial budgets are insufficient. No dimensionality reduction, window-count inflation, device or blind holdout claim.""}",SPD_euclidean,0.4476495726495726,0.5,1.6988305777760417,0.13355125679049246,0.30489821262233363
mahalanobis_epn_budget_v1,benchmarks/new_bank_v3/MAHALANOBIS_EPN_BUDGET_V1_RESULTS.json,0f58780fc3023df1ff39fdaca1d918b5120d34839a7d416de32c8028053ce44d,EPN612,26,descriptive_users22_31,fixed_evaluation_trials_across_budgets,20,"{""classes"": 6, ""dimension"": 36, ""independent_trial_guard"": true, ""ontology"": ""EPN612 native six classes"", ""scope"": ""Previously inspected EPN users22-31; retrospective native budget experiment. High-dimensional 24/36 cases must remain N/A if trial budgets are insufficient. No dimensionality reduction, window-count inflation, device or blind holdout claim.""}",SPD_euclidean,0.7011183261183263,0.7333333333333333,1.6842513983727272,0.13261790819737104,0.5421537619521211
mahalanobis_epn_budget_v1,benchmarks/new_bank_v3/MAHALANOBIS_EPN_BUDGET_V1_RESULTS.json,0f58780fc3023df1ff39fdaca1d918b5120d34839a7d416de32c8028053ce44d,EPN612,27,descriptive_users22_31,fixed_evaluation_trials_across_budgets,20,"{""classes"": 6, ""dimension"": 36, ""independent_trial_guard"": true, ""ontology"": ""EPN612 native six classes"", ""scope"": ""Previously inspected EPN users22-31; retrospective native budget experiment. High-dimensional 24/36 cases must remain N/A if trial budgets are insufficient. No dimensionality reduction, window-count inflation, device or blind holdout claim.""}",SPD_euclidean,0.46604506604506607,0.4666666666666667,1.640925724526993,0.1299791097513632,0.2589182907194262
mahalanobis_epn_budget_v1,benchmarks/new_bank_v3/MAHALANOBIS_EPN_BUDGET_V1_RESULTS.json,0f58780fc3023df1ff39fdaca1d918b5120d34839a7d416de32c8028053ce44d,EPN612,28,descriptive_users22_31,fixed_evaluation_trials_across_budgets,20,"{""classes"": 6, ""dimension"": 36, ""independent_trial_guard"": true, ""ontology"": ""EPN612 native six classes"", ""scope"": ""Previously inspected EPN users22-31; retrospective native budget experiment. High-dimensional 24/36 cases must remain N/A if trial budgets are insufficient. No dimensionality reduction, window-count inflation, device or blind holdout claim.""}",SPD_euclidean,0.512097162097162,0.5333333333333333,1.6937324957152482,0.13333865113152146,0.3406882837711437
mahalanobis_epn_budget_v1,benchmarks/new_bank_v3/MAHALANOBIS_EPN_BUDGET_V1_RESULTS.json,0f58780fc3023df1ff39fdaca1d918b5120d34839a7d416de32c8028053ce44d,EPN612,29,descriptive_users22_31,fixed_evaluation_trials_across_budgets,20,"{""classes"": 6, ""dimension"": 36, ""independent_trial_guard"": true, ""ontology"": ""EPN612 native six classes"", ""scope"": ""Previously inspected EPN users22-31; retrospective native budget experiment. High-dimensional 24/36 cases must remain N/A if trial budgets are insufficient. No dimensionality reduction, window-count inflation, device or blind holdout claim.""}",SPD_euclidean,0.6842740592740594,0.7,1.66220437357628,0.1312738235519276,0.5052914387935914
mahalanobis_epn_budget_v1,benchmarks/new_bank_v3/MAHALANOBIS_EPN_BUDGET_V1_RESULTS.json,0f58780fc3023df1ff39fdaca1d918b5120d34839a7d416de32c8028053ce44d,EPN612,30,descriptive_users22_31,fixed_evaluation_trials_across_budgets,20,"{""classes"": 6, ""dimension"": 36, ""independent_trial_guard"": true, ""ontology"": ""EPN612 native six classes"", ""scope"": ""Previously inspected EPN users22-31; retrospective native budget experiment. High-dimensional 24/36 cases must remain N/A if trial budgets are insufficient. No dimensionality reduction, window-count inflation, device or blind holdout claim.""}",SPD_euclidean,0.6286324786324787,0.6666666666666666,1.5868500473232539,0.1265755310624284,0.45360792712906944
mahalanobis_epn_budget_v1,benchmarks/new_bank_v3/MAHALANOBIS_EPN_BUDGET_V1_RESULTS.json,0f58780fc3023df1ff39fdaca1d918b5120d34839a7d416de32c8028053ce44d,EPN612,31,descriptive_users22_31,fixed_evaluation_trials_across_budgets,20,"{""classes"": 6, ""dimension"": 36, ""independent_trial_guard"": true, ""ontology"": ""EPN612 native six classes"", ""scope"": ""Previously inspected EPN users22-31; retrospective native budget experiment. High-dimensional 24/36 cases must remain N/A if trial budgets are insufficient. No dimensionality reduction, window-count inflation, device or blind holdout claim.""}",SPD_euclidean,0.7255291005291005,0.7333333333333333,1.6217010180471125,0.1286868824145558,0.5320048167081556
detected_g5_unibo_v1,benchmarks/new_bank_v3/DETECTED_G5_UNIBO_V1_RESULTS.json,3ecf34f3713f473045d1778fea63a910ac8f1fa71b692983c8dcc90970048a69,UniBo4,ALL,Day6_continuous,detected_supported_matched_active,0,"{""DTW_probability"": ""unavailable; distances are not calibrated probabilities"", ""calibration_budget"": ""zero target-Day6 shots; source Days1-5 model/calibration retained"", ""classes"": 4, ""no_rest_ground_truth"": true, ""scope"": ""Previously inspected public four-channel/200Hz Day6 continuous diagnostic. No new training, live8-channel deployment, threshold selection, or default promotion.""}",DTW,0.3281360071269767,0.4533333333333333,N/A,N/A,N/A
detected_g5_unibo_v1,benchmarks/new_bank_v3/DETECTED_G5_UNIBO_V1_RESULTS.json,3ecf34f3713f473045d1778fea63a910ac8f1fa71b692983c8dcc90970048a69,UniBo4,ALL,Day6_continuous,detected_supported_matched_active,0,"{""DTW_probability"": ""unavailable; distances are not calibrated probabilities"", ""calibration_budget"": ""zero target-Day6 shots; source Days1-5 model/calibration retained"", ""classes"": 4, ""no_rest_ground_truth"": true, ""scope"": ""Previously inspected public four-channel/200Hz Day6 continuous diagnostic. No new training, live8-channel deployment, threshold selection, or default promotion.""}",G5,0.5162421994330482,0.688,0.8885447987139303,0.11076487450751415,0.13432732166609654
detected_g5_unibo_v1,benchmarks/new_bank_v3/DETECTED_G5_UNIBO_V1_RESULTS.json,3ecf34f3713f473045d1778fea63a910ac8f1fa71b692983c8dcc90970048a69,UniBo4,u01,Day6_continuous,detected_supported_matched_active,0,"{""DTW_probability"": ""unavailable; distances are not calibrated probabilities"", ""calibration_budget"": ""zero target-Day6 shots; source Days1-5 model/calibration retained"", ""classes"": 4, ""no_rest_ground_truth"": true, ""scope"": ""Previously inspected public four-channel/200Hz Day6 continuous diagnostic. No new training, live8-channel deployment, threshold selection, or default promotion.""}",DTW,0.4561452343702379,0.6134453781512605,N/A,N/A,N/A
detected_g5_unibo_v1,benchmarks/new_bank_v3/DETECTED_G5_UNIBO_V1_RESULTS.json,3ecf34f3713f473045d1778fea63a910ac8f1fa71b692983c8dcc90970048a69,UniBo4,u01,Day6_continuous,detected_supported_matched_active,0,"{""DTW_probability"": ""unavailable; distances are not calibrated probabilities"", ""calibration_budget"": ""zero target-Day6 shots; source Days1-5 model/calibration retained"", ""classes"": 4, ""no_rest_ground_truth"": true, ""scope"": ""Previously inspected public four-channel/200Hz Day6 continuous diagnostic. No new training, live8-channel deployment, threshold selection, or default promotion.""}",G5,0.5868618114807358,0.7899159663865546,0.5330837934089547,0.08042242816612084,0.13669303109964082
detected_g5_unibo_v1,benchmarks/new_bank_v3/DETECTED_G5_UNIBO_V1_RESULTS.json,3ecf34f3713f473045d1778fea63a910ac8f1fa71b692983c8dcc90970048a69,UniBo4,u02,Day6_continuous,detected_supported_matched_active,0,"{""DTW_probability"": ""unavailable; distances are not calibrated probabilities"", ""calibration_budget"": ""zero target-Day6 shots; source Days1-5 model/calibration retained"", ""classes"": 4, ""no_rest_ground_truth"": true, ""scope"": ""Previously inspected public four-channel/200Hz Day6 continuous diagnostic. No new training, live8-channel deployment, threshold selection, or default promotion.""}",DTW,0.3559427391424281,0.504,N/A,N/A,N/A
detected_g5_unibo_v1,benchmarks/new_bank_v3/DETECTED_G5_UNIBO_V1_RESULTS.json,3ecf34f3713f473045d1778fea63a910ac8f1fa71b692983c8dcc90970048a69,UniBo4,u02,Day6_continuous,detected_supported_matched_active,0,"{""DTW_probability"": ""unavailable; distances are not calibrated probabilities"", ""calibration_budget"": ""zero target-Day6 shots; source Days1-5 model/calibration retained"", ""classes"": 4, ""no_rest_ground_truth"": true, ""scope"": ""Previously inspected public four-channel/200Hz Day6 continuous diagnostic. No new training, live8-channel deployment, threshold selection, or default promotion.""}",G5,0.5289763835538484,0.712,1.5944838352674242,0.12379969300079412,0.23029542730821384
detected_g5_unibo_v1,benchmarks/new_bank_v3/DETECTED_G5_UNIBO_V1_RESULTS.json,3ecf34f3713f473045d1778fea63a910ac8f1fa71b692983c8dcc90970048a69,UniBo4,u03,Day6_continuous,detected_supported_matched_active,0,"{""DTW_probability"": ""unavailable; distances are not calibrated probabilities"", ""calibration_budget"": ""zero target-Day6 shots; source Days1-5 model/calibration retained"", ""classes"": 4, ""no_rest_ground_truth"": true, ""scope"": ""Previously inspected public four-channel/200Hz Day6 continuous diagnostic. No new training, live8-channel deployment, threshold selection, or default promotion.""}",DTW,0.3046296296296296,0.44,N/A,N/A,N/A
detected_g5_unibo_v1,benchmarks/new_bank_v3/DETECTED_G5_UNIBO_V1_RESULTS.json,3ecf34f3713f473045d1778fea63a910ac8f1fa71b692983c8dcc90970048a69,UniBo4,u03,Day6_continuous,detected_supported_matched_active,0,"{""DTW_probability"": ""unavailable; distances are not calibrated probabilities"", ""calibration_budget"": ""zero target-Day6 shots; source Days1-5 model/calibration retained"", ""classes"": 4, ""no_rest_ground_truth"": true, ""scope"": ""Previously inspected public four-channel/200Hz Day6 continuous diagnostic. No new training, live8-channel deployment, threshold selection, or default promotion.""}",G5,0.17167576869301276,0.344,1.3747693154208964,0.20947537701127994,0.37670040467320287
detected_g5_unibo_v1,benchmarks/new_bank_v3/DETECTED_G5_UNIBO_V1_RESULTS.json,3ecf34f3713f473045d1778fea63a910ac8f1fa71b692983c8dcc90970048a69,UniBo4,u04,Day6_continuous,detected_supported_matched_active,0,"{""DTW_probability"": ""unavailable; distances are not calibrated probabilities"", ""calibration_budget"": ""zero target-Day6 shots; source Days1-5 model/calibration retained"", ""classes"": 4, ""no_rest_ground_truth"": true, ""scope"": ""Previously inspected public four-channel/200Hz Day6 continuous diagnostic. No new training, live8-channel deployment, threshold selection, or default promotion.""}",DTW,0.15570273211469227,0.23333333333333334,N/A,N/A,N/A
detected_g5_unibo_v1,benchmarks/new_bank_v3/DETECTED_G5_UNIBO_V1_RESULTS.json,3ecf34f3713f473045d1778fea63a910ac8f1fa71b692983c8dcc90970048a69,UniBo4,u04,Day6_continuous,detected_supported_matched_active,0,"{""DTW_probability"": ""unavailable; distances are not calibrated probabilities"", ""calibration_budget"": ""zero target-Day6 shots; source Days1-5 model/calibration retained"", ""classes"": 4, ""no_rest_ground_truth"": true, ""scope"": ""Previously inspected public four-channel/200Hz Day6 continuous diagnostic. No new training, live8-channel deployment, threshold selection, or default promotion.""}",G5,0.6311448045625261,0.8416666666666667,0.5139431049159155,0.06597308075051193,0.10044745011667483
detected_g5_unibo_v1,benchmarks/new_bank_v3/DETECTED_G5_UNIBO_V1_RESULTS.json,3ecf34f3713f473045d1778fea63a910ac8f1fa71b692983c8dcc90970048a69,UniBo4,u05,Day6_continuous,detected_supported_matched_active,0,"{""DTW_probability"": ""unavailable; distances are not calibrated probabilities"", ""calibration_budget"": ""zero target-Day6 shots; source Days1-5 model/calibration retained"", ""classes"": 4, ""no_rest_ground_truth"": true, ""scope"": ""Previously inspected public four-channel/200Hz Day6 continuous diagnostic. No new training, live8-channel deployment, threshold selection, or default promotion.""}",DTW,0.4082178473006999,0.5596330275229358,N/A,N/A,N/A
detected_g5_unibo_v1,benchmarks/new_bank_v3/DETECTED_G5_UNIBO_V1_RESULTS.json,3ecf34f3713f473045d1778fea63a910ac8f1fa71b692983c8dcc90970048a69,UniBo4,u05,Day6_continuous,detected_supported_matched_active,0,"{""DTW_probability"": ""unavailable; distances are not calibrated probabilities"", ""calibration_budget"": ""zero target-Day6 shots; source Days1-5 model/calibration retained"", ""classes"": 4, ""no_rest_ground_truth"": true, ""scope"": ""Previously inspected public four-channel/200Hz Day6 continuous diagnostic. No new training, live8-channel deployment, threshold selection, or default promotion.""}",G5,0.6540966386554622,0.8715596330275229,0.454382843172866,0.05716915640343824,0.09815536368642003
detected_g5_unibo_v1,benchmarks/new_bank_v3/DETECTED_G5_UNIBO_V1_RESULTS.json,3ecf34f3713f473045d1778fea63a910ac8f1fa71b692983c8dcc90970048a69,UniBo4,u06,Day6_continuous,detected_supported_matched_active,0,"{""DTW_probability"": ""unavailable; distances are not calibrated probabilities"", ""calibration_budget"": ""zero target-Day6 shots; source Days1-5 model/calibration retained"", ""classes"": 4, ""no_rest_ground_truth"": true, ""scope"": ""Previously inspected public four-channel/200Hz Day6 continuous diagnostic. No new training, live8-channel deployment, threshold selection, or default promotion.""}",DTW,0.1837184554575859,0.35,N/A,N/A,N/A
detected_g5_unibo_v1,benchmarks/new_bank_v3/DETECTED_G5_UNIBO_V1_RESULTS.json,3ecf34f3713f473045d1778fea63a910ac8f1fa71b692983c8dcc90970048a69,UniBo4,u06,Day6_continuous,detected_supported_matched_active,0,"{""DTW_probability"": ""unavailable; distances are not calibrated probabilities"", ""calibration_budget"": ""zero target-Day6 shots; source Days1-5 model/calibration retained"", ""classes"": 4, ""no_rest_ground_truth"": true, ""scope"": ""Previously inspected public four-channel/200Hz Day6 continuous diagnostic. No new training, live8-channel deployment, threshold selection, or default promotion.""}",G5,0.3527417528691267,0.5333333333333333,0.9328245172568489,0.13728468982202188,0.18650067734954784
detected_g5_unibo_v1,benchmarks/new_bank_v3/DETECTED_G5_UNIBO_V1_RESULTS.json,3ecf34f3713f473045d1778fea63a910ac8f1fa71b692983c8dcc90970048a69,UniBo4,u07,Day6_continuous,detected_supported_matched_active,0,"{""DTW_probability"": ""unavailable; distances are not calibrated probabilities"", ""calibration_budget"": ""zero target-Day6 shots; source Days1-5 model/calibration retained"", ""classes"": 4, ""no_rest_ground_truth"": true, ""scope"": ""Previously inspected public four-channel/200Hz Day6 continuous diagnostic. No new training, live8-channel deployment, threshold selection, or default promotion.""}",DTW,0.23684210526315788,0.5625,N/A,N/A,N/A
detected_g5_unibo_v1,benchmarks/new_bank_v3/DETECTED_G5_UNIBO_V1_RESULTS.json,3ecf34f3713f473045d1778fea63a910ac8f1fa71b692983c8dcc90970048a69,UniBo4,u07,Day6_continuous,detected_supported_matched_active,0,"{""DTW_probability"": ""unavailable; distances are not calibrated probabilities"", ""calibration_budget"": ""zero target-Day6 shots; source Days1-5 model/calibration retained"", ""classes"": 4, ""no_rest_ground_truth"": true, ""scope"": ""Previously inspected public four-channel/200Hz Day6 continuous diagnostic. No new training, live8-channel deployment, threshold selection, or default promotion.""}",G5,0.4807692307692308,0.9375,0.2710981005364971,0.03817602064622318,0.12576615233930785
detected_g5_unibo_v1,benchmarks/new_bank_v3/DETECTED_G5_UNIBO_V1_RESULTS.json,3ecf34f3713f473045d1778fea63a910ac8f1fa71b692983c8dcc90970048a69,UniBo4,ALL,Day6_continuous,matched_oracle_supported_matched_active,0,"{""DTW_probability"": ""unavailable; distances are not calibrated probabilities"", ""calibration_budget"": ""zero target-Day6 shots; source Days1-5 model/calibration retained"", ""classes"": 4, ""no_rest_ground_truth"": true, ""scope"": ""Previously inspected public four-channel/200Hz Day6 continuous diagnostic. No new training, live8-channel deployment, threshold selection, or default promotion.""}",DTW,0.31498783469084213,0.44133333333333336,N/A,N/A,N/A
detected_g5_unibo_v1,benchmarks/new_bank_v3/DETECTED_G5_UNIBO_V1_RESULTS.json,3ecf34f3713f473045d1778fea63a910ac8f1fa71b692983c8dcc90970048a69,UniBo4,ALL,Day6_continuous,matched_oracle_supported_matched_active,0,"{""DTW_probability"": ""unavailable; distances are not calibrated probabilities"", ""calibration_budget"": ""zero target-Day6 shots; source Days1-5 model/calibration retained"", ""classes"": 4, ""no_rest_ground_truth"": true, ""scope"": ""Previously inspected public four-channel/200Hz Day6 continuous diagnostic. No new training, live8-channel deployment, threshold selection, or default promotion.""}",G5,0.5546112568320332,0.744,0.6973680566124622,0.08304751526600576,0.08219574223384207
detected_g5_unibo_v1,benchmarks/new_bank_v3/DETECTED_G5_UNIBO_V1_RESULTS.json,3ecf34f3713f473045d1778fea63a910ac8f1fa71b692983c8dcc90970048a69,UniBo4,u01,Day6_continuous,matched_oracle_supported_matched_active,0,"{""DTW_probability"": ""unavailable; distances are not calibrated probabilities"", ""calibration_budget"": ""zero target-Day6 shots; source Days1-5 model/calibration retained"", ""classes"": 4, ""no_rest_ground_truth"": true, ""scope"": ""Previously inspected public four-channel/200Hz Day6 continuous diagnostic. No new training, live8-channel deployment, threshold selection, or default promotion.""}",DTW,0.4455059865507627,0.6050420168067226,N/A,N/A,N/A
detected_g5_unibo_v1,benchmarks/new_bank_v3/DETECTED_G5_UNIBO_V1_RESULTS.json,3ecf34f3713f473045d1778fea63a910ac8f1fa71b692983c8dcc90970048a69,UniBo4,u01,Day6_continuous,matched_oracle_supported_matched_active,0,"{""DTW_probability"": ""unavailable; distances are not calibrated probabilities"", ""calibration_budget"": ""zero target-Day6 shots; source Days1-5 model/calibration retained"", ""classes"": 4, ""no_rest_ground_truth"": true, ""scope"": ""Previously inspected public four-channel/200Hz Day6 continuous diagnostic. No new training, live8-channel deployment, threshold selection, or default promotion.""}",G5,0.7246794871794872,0.9663865546218487,0.10973322882877165,0.013997810156110386,0.024005934248438495
detected_g5_unibo_v1,benchmarks/new_bank_v3/DETECTED_G5_UNIBO_V1_RESULTS.json,3ecf34f3713f473045d1778fea63a910ac8f1fa71b692983c8dcc90970048a69,UniBo4,u02,Day6_continuous,matched_oracle_supported_matched_active,0,"{""DTW_probability"": ""unavailable; distances are not calibrated probabilities"", ""calibration_budget"": ""zero target-Day6 shots; source Days1-5 model/calibration retained"", ""classes"": 4, ""no_rest_ground_truth"": true, ""scope"": ""Previously inspected public four-channel/200Hz Day6 continuous diagnostic. No new training, live8-channel deployment, threshold selection, or default promotion.""}",DTW,0.28581488162253993,0.432,N/A,N/A,N/A
detected_g5_unibo_v1,benchmarks/new_bank_v3/DETECTED_G5_UNIBO_V1_RESULTS.json,3ecf34f3713f473045d1778fea63a910ac8f1fa71b692983c8dcc90970048a69,UniBo4,u02,Day6_continuous,matched_oracle_supported_matched_active,0,"{""DTW_probability"": ""unavailable; distances are not calibrated probabilities"", ""calibration_budget"": ""zero target-Day6 shots; source Days1-5 model/calibration retained"", ""classes"": 4, ""no_rest_ground_truth"": true, ""scope"": ""Previously inspected public four-channel/200Hz Day6 continuous diagnostic. No new training, live8-channel deployment, threshold selection, or default promotion.""}",G5,0.5397467426767482,0.728,1.5462391410796346,0.10967878554519357,0.18812313070546482
detected_g5_unibo_v1,benchmarks/new_bank_v3/DETECTED_G5_UNIBO_V1_RESULTS.json,3ecf34f3713f473045d1778fea63a910ac8f1fa71b692983c8dcc90970048a69,UniBo4,u03,Day6_continuous,matched_oracle_supported_matched_active,0,"{""DTW_probability"": ""unavailable; distances are not calibrated probabilities"", ""calibration_budget"": ""zero target-Day6 shots; source Days1-5 model/calibration retained"", ""classes"": 4, ""no_rest_ground_truth"": true, ""scope"": ""Previously inspected public four-channel/200Hz Day6 continuous diagnostic. No new training, live8-channel deployment, threshold selection, or default promotion.""}",DTW,0.3047138047138047,0.44,N/A,N/A,N/A
detected_g5_unibo_v1,benchmarks/new_bank_v3/DETECTED_G5_UNIBO_V1_RESULTS.json,3ecf34f3713f473045d1778fea63a910ac8f1fa71b692983c8dcc90970048a69,UniBo4,u03,Day6_continuous,matched_oracle_supported_matched_active,0,"{""DTW_probability"": ""unavailable; distances are not calibrated probabilities"", ""calibration_budget"": ""zero target-Day6 shots; source Days1-5 model/calibration retained"", ""classes"": 4, ""no_rest_ground_truth"": true, ""scope"": ""Previously inspected public four-channel/200Hz Day6 continuous diagnostic. No new training, live8-channel deployment, threshold selection, or default promotion.""}",G5,0.34358703312191685,0.504,0.9785881389300267,0.15167918044680154,0.18486691996599794
detected_g5_unibo_v1,benchmarks/new_bank_v3/DETECTED_G5_UNIBO_V1_RESULTS.json,3ecf34f3713f473045d1778fea63a910ac8f1fa71b692983c8dcc90970048a69,UniBo4,u04,Day6_continuous,matched_oracle_supported_matched_active,0,"{""DTW_probability"": ""unavailable; distances are not calibrated probabilities"", ""calibration_budget"": ""zero target-Day6 shots; source Days1-5 model/calibration retained"", ""classes"": 4, ""no_rest_ground_truth"": true, ""scope"": ""Previously inspected public four-channel/200Hz Day6 continuous diagnostic. No new training, live8-channel deployment, threshold selection, or default promotion.""}",DTW,0.16412802734845203,0.25,N/A,N/A,N/A
detected_g5_unibo_v1,benchmarks/new_bank_v3/DETECTED_G5_UNIBO_V1_RESULTS.json,3ecf34f3713f473045d1778fea63a910ac8f1fa71b692983c8dcc90970048a69,UniBo4,u04,Day6_continuous,matched_oracle_supported_matched_active,0,"{""DTW_probability"": ""unavailable; distances are not calibrated probabilities"", ""calibration_budget"": ""zero target-Day6 shots; source Days1-5 model/calibration retained"", ""classes"": 4, ""no_rest_ground_truth"": true, ""scope"": ""Previously inspected public four-channel/200Hz Day6 continuous diagnostic. No new training, live8-channel deployment, threshold selection, or default promotion.""}",G5,0.675532581453634,0.9,0.23468135378894717,0.033801472785149556,0.07634017381602966
detected_g5_unibo_v1,benchmarks/new_bank_v3/DETECTED_G5_UNIBO_V1_RESULTS.json,3ecf34f3713f473045d1778fea63a910ac8f1fa71b692983c8dcc90970048a69,UniBo4,u05,Day6_continuous,matched_oracle_supported_matched_active,0,"{""DTW_probability"": ""unavailable; distances are not calibrated probabilities"", ""calibration_budget"": ""zero target-Day6 shots; source Days1-5 model/calibration retained"", ""classes"": 4, ""no_rest_ground_truth"": true, ""scope"": ""Previously inspected public four-channel/200Hz Day6 continuous diagnostic. No new training, live8-channel deployment, threshold selection, or default promotion.""}",DTW,0.3898562356061135,0.5412844036697247,N/A,N/A,N/A
detected_g5_unibo_v1,benchmarks/new_bank_v3/DETECTED_G5_UNIBO_V1_RESULTS.json,3ecf34f3713f473045d1778fea63a910ac8f1fa71b692983c8dcc90970048a69,UniBo4,u05,Day6_continuous,matched_oracle_supported_matched_active,0,"{""DTW_probability"": ""unavailable; distances are not calibrated probabilities"", ""calibration_budget"": ""zero target-Day6 shots; source Days1-5 model/calibration retained"", ""classes"": 4, ""no_rest_ground_truth"": true, ""scope"": ""Previously inspected public four-channel/200Hz Day6 continuous diagnostic. No new training, live8-channel deployment, threshold selection, or default promotion.""}",G5,0.6406948906948907,0.8532110091743119,0.46293813256793,0.05540803066434524,0.07835831949113933
detected_g5_unibo_v1,benchmarks/new_bank_v3/DETECTED_G5_UNIBO_V1_RESULTS.json,3ecf34f3713f473045d1778fea63a910ac8f1fa71b692983c8dcc90970048a69,UniBo4,u06,Day6_continuous,matched_oracle_supported_matched_active,0,"{""DTW_probability"": ""unavailable; distances are not calibrated probabilities"", ""calibration_budget"": ""zero target-Day6 shots; source Days1-5 model/calibration retained"", ""classes"": 4, ""no_rest_ground_truth"": true, ""scope"": ""Previously inspected public four-channel/200Hz Day6 continuous diagnostic. No new training, live8-channel deployment, threshold selection, or default promotion.""}",DTW,0.1941114773748876,0.35833333333333334,N/A,N/A,N/A
detected_g5_unibo_v1,benchmarks/new_bank_v3/DETECTED_G5_UNIBO_V1_RESULTS.json,3ecf34f3713f473045d1778fea63a910ac8f1fa71b692983c8dcc90970048a69,UniBo4,u06,Day6_continuous,matched_oracle_supported_matched_active,0,"{""DTW_probability"": ""unavailable; distances are not calibrated probabilities"", ""calibration_budget"": ""zero target-Day6 shots; source Days1-5 model/calibration retained"", ""classes"": 4, ""no_rest_ground_truth"": true, ""scope"": ""Previously inspected public four-channel/200Hz Day6 continuous diagnostic. No new training, live8-channel deployment, threshold selection, or default promotion.""}",G5,0.37140465942474554,0.525,0.8693595592290537,0.13199326896061034,0.09941146304359705
detected_g5_unibo_v1,benchmarks/new_bank_v3/DETECTED_G5_UNIBO_V1_RESULTS.json,3ecf34f3713f473045d1778fea63a910ac8f1fa71b692983c8dcc90970048a69,UniBo4,u07,Day6_continuous,matched_oracle_supported_matched_active,0,"{""DTW_probability"": ""unavailable; distances are not calibrated probabilities"", ""calibration_budget"": ""zero target-Day6 shots; source Days1-5 model/calibration retained"", ""classes"": 4, ""no_rest_ground_truth"": true, ""scope"": ""Previously inspected public four-channel/200Hz Day6 continuous diagnostic. No new training, live8-channel deployment, threshold selection, or default promotion.""}",DTW,0.23684210526315788,0.5625,N/A,N/A,N/A
detected_g5_unibo_v1,benchmarks/new_bank_v3/DETECTED_G5_UNIBO_V1_RESULTS.json,3ecf34f3713f473045d1778fea63a910ac8f1fa71b692983c8dcc90970048a69,UniBo4,u07,Day6_continuous,matched_oracle_supported_matched_active,0,"{""DTW_probability"": ""unavailable; distances are not calibrated probabilities"", ""calibration_budget"": ""zero target-Day6 shots; source Days1-5 model/calibration retained"", ""classes"": 4, ""no_rest_ground_truth"": true, ""scope"": ""Previously inspected public four-channel/200Hz Day6 continuous diagnostic. No new training, live8-channel deployment, threshold selection, or default promotion.""}",G5,0.41666666666666663,0.78125,0.3568503817328321,0.06297834187571802,0.111366845249424
