member,group_ordinal_zero_based,group_name,channel_count,samples_per_channel,group_property_count
SEMG-01/SEMG-01_Mv1.tdms,0,Group Name,3,50500,0
SEMG-01/SEMG-01_Mv1.tdms,1,Group Name #1,3,15100,0
SEMG-01/SEMG-01_Mv1.tdms,2,Group Name #2,3,15100,0
SEMG-01/SEMG-01_Mv1.tdms,3,Group Name #3,3,107700,0
SEMG-01/SEMG-01_Mv1.tdms,4,Group Name #4,3,15100,0
SEMG-01/SEMG-01_Mv1.tdms,5,Group Name #5,3,35700,0
SEMG-01/SEMG-01_Mv1.tdms,6,Group Name #6,3,15100,0
SEMG-01/SEMG-01_Mv1.tdms,7,Group Name #7,3,15100,0
SEMG-01/SEMG-01_Mv1.tdms,8,Group Name #8,3,15100,0
SEMG-01/SEMG-01_Mv1.tdms,9,Group Name #9,3,15100,0
SEMG-01/SEMG-01_Mv1.tdms,10,Group Name #10,3,15100,0
SEMG-01/SEMG-01_Mv1.tdms,11,Group Name #11,3,15100,0
SEMG-01/SEMG-01_Mv1.tdms,12,Group Name #12,3,15100,0
SEMG-01/SEMG-01_Mv1.tdms,13,Group Name #13,3,15100,0
SEMG-01/SEMG-01_Mv1.tdms,14,Group Name #14,3,15100,0
SEMG-01/SEMG-01_Mv1.tdms,15,Group Name #15,3,15100,0
SEMG-01/SEMG-01_Mv1.tdms,16,Group Name #16,3,15100,0
SEMG-01/SEMG-01_Mv1.tdms,17,Group Name #17,3,15100,0
SEMG-01/SEMG-01_Mv1.tdms,18,Group Name #18,3,15100,0
SEMG-01/SEMG-01_Mv1.tdms,19,Group Name #19,3,15100,0
SEMG-01/SEMG-01_Mv1.tdms,20,Group Name #20,3,15100,0
SEMG-01/SEMG-01_Mv1.tdms,21,Group Name #21,3,15100,0
SEMG-01/SEMG-01_Mv1.tdms,22,Group Name #22,3,15100,0
SEMG-01/SEMG-01_Mv1.tdms,23,Group Name #23,3,15100,0
SEMG-01/SEMG-01_Mv1.tdms,24,Group Name #24,3,15100,0
SEMG-01/SEMG-01_Mv1.tdms,25,Group Name #25,3,15100,0
SEMG-01/SEMG-01_Mv1.tdms,26,Group Name #26,3,99900,0
SEMG-01/SEMG-01_Mv1.tdms,27,Group Name #27,3,15100,0
SEMG-01/SEMG-01_Mv1.tdms,28,Group Name #28,3,15100,0
SEMG-01/SEMG-01_Mv1.tdms,29,Group Name #29,3,15100,0
SEMG-01/SEMG-01_Mv1.tdms,30,Group Name #30,3,15100,0
SEMG-01/SEMG-01_Mv1.tdms,31,Group Name #31,3,15100,0
SEMG-01/SEMG-01_Mv1.tdms,32,Group Name #32,3,15100,0
SEMG-01/SEMG-01_Mv1.tdms,33,Group Name #33,3,15100,0
SEMG-01/SEMG-01_Mv1.tdms,34,Group Name #34,3,15100,0
SEMG-01/SEMG-01_Mv1.tdms,35,Group Name #35,3,15100,0
SEMG-01/SEMG-01_Mv1.tdms,36,Group Name #36,3,15100,0
SEMG-01/SEMG-01_Mv1.tdms,37,Group Name #37,3,15100,0
SEMG-01/SEMG-01_Mv1.tdms,38,Group Name #38,3,15100,0
SEMG-01/SEMG-01_Mv1.tdms,39,Group Name #39,3,15100,0
SEMG-01/SEMG-01_Mv1.tdms,40,Group Name #40,3,15100,0
SEMG-01/SEMG-01_Mv1.tdms,41,Group Name #41,3,15100,0
SEMG-01/SEMG-01_Mv2.tdms,0,Group Name,3,15100,0
SEMG-01/SEMG-01_Mv2.tdms,1,Group Name #1,3,15100,0
SEMG-01/SEMG-01_Mv2.tdms,2,Group Name #2,3,15100,0
SEMG-01/SEMG-01_Mv2.tdms,3,Group Name #3,3,15100,0
SEMG-01/SEMG-01_Mv2.tdms,4,Group Name #4,3,15100,0
SEMG-01/SEMG-01_Mv2.tdms,5,Group Name #5,3,15100,0
SEMG-01/SEMG-01_Mv2.tdms,6,Group Name #6,3,15100,0
SEMG-01/SEMG-01_Mv2.tdms,7,Group Name #7,3,15100,0
SEMG-01/SEMG-01_Mv2.tdms,8,Group Name #8,3,15100,0
SEMG-01/SEMG-01_Mv2.tdms,9,Group Name #9,3,15100,0
SEMG-01/SEMG-01_Mv2.tdms,10,Group Name #10,3,15100,0
SEMG-01/SEMG-01_Mv2.tdms,11,Group Name #11,3,15100,0
SEMG-01/SEMG-01_Mv2.tdms,12,Group Name #12,3,15100,0
SEMG-01/SEMG-01_Mv2.tdms,13,Group Name #13,3,15100,0
SEMG-01/SEMG-01_Mv2.tdms,14,Group Name #14,3,15100,0
SEMG-01/SEMG-01_Mv2.tdms,15,Group Name #15,3,15100,0
SEMG-01/SEMG-01_Mv2.tdms,16,Group Name #16,3,15100,0
SEMG-01/SEMG-01_Mv2.tdms,17,Group Name #17,3,15100,0
SEMG-01/SEMG-01_Mv2.tdms,18,Group Name #18,3,15100,0
SEMG-01/SEMG-01_Mv2.tdms,19,Group Name #19,3,15100,0
SEMG-01/SEMG-01_Mv2.tdms,20,Group Name #20,3,15100,0
SEMG-01/SEMG-01_Mv2.tdms,21,Group Name #21,3,15100,0
SEMG-01/SEMG-01_Mv2.tdms,22,Group Name #22,3,15100,0
SEMG-01/SEMG-01_Mv2.tdms,23,Group Name #23,3,15100,0
SEMG-01/SEMG-01_Mv2.tdms,24,Group Name #24,3,15100,0
SEMG-01/SEMG-01_Mv2.tdms,25,Group Name #25,3,15100,0
SEMG-01/SEMG-01_Mv2.tdms,26,Group Name #26,3,15100,0
SEMG-01/SEMG-01_Mv2.tdms,27,Group Name #27,3,15100,0
SEMG-01/SEMG-01_Mv2.tdms,28,Group Name #28,3,15100,0
SEMG-01/SEMG-01_Mv2.tdms,29,Group Name #29,3,15100,0
SEMG-01/SEMG-01_Mv2.tdms,30,Group Name #30,3,15100,0
SEMG-01/SEMG-01_Mv2.tdms,31,Group Name #31,3,15100,0
SEMG-01/SEMG-01_Mv2.tdms,32,Group Name #32,3,15100,0
SEMG-01/SEMG-01_Mv3.tdms,0,Group Name,3,15100,0
SEMG-01/SEMG-01_Mv3.tdms,1,Group Name #1,3,15100,0
SEMG-01/SEMG-01_Mv3.tdms,2,Group Name #2,3,15100,0
SEMG-01/SEMG-01_Mv3.tdms,3,Group Name #3,3,15100,0
SEMG-01/SEMG-01_Mv3.tdms,4,Group Name #4,3,15100,0
SEMG-01/SEMG-01_Mv3.tdms,5,Group Name #5,3,15100,0
SEMG-01/SEMG-01_Mv3.tdms,6,Group Name #6,3,15100,0
SEMG-01/SEMG-01_Mv3.tdms,7,Group Name #7,3,15100,0
SEMG-01/SEMG-01_Mv3.tdms,8,Group Name #8,3,15100,0
SEMG-01/SEMG-01_Mv3.tdms,9,Group Name #9,3,15100,0
SEMG-01/SEMG-01_Mv3.tdms,10,Group Name #10,3,15100,0
SEMG-01/SEMG-01_Mv3.tdms,11,Group Name #11,3,15100,0
SEMG-01/SEMG-01_Mv3.tdms,12,Group Name #12,3,15100,0
SEMG-01/SEMG-01_Mv3.tdms,13,Group Name #13,3,46100,0
SEMG-01/SEMG-01_Mv3.tdms,14,Group Name #14,3,15100,0
SEMG-01/SEMG-01_Mv3.tdms,15,Group Name #15,3,15100,0
SEMG-01/SEMG-01_Mv3.tdms,16,Group Name #16,3,15100,0
SEMG-01/SEMG-01_Mv3.tdms,17,Group Name #17,3,15100,0
SEMG-01/SEMG-01_Mv3.tdms,18,Group Name #18,3,15100,0
SEMG-01/SEMG-01_Mv3.tdms,19,Group Name #19,3,15100,0
SEMG-01/SEMG-01_Mv3.tdms,20,Group Name #20,3,15100,0
SEMG-01/SEMG-01_Mv3.tdms,21,Group Name #21,3,15100,0
SEMG-01/SEMG-01_Mv3.tdms,22,Group Name #22,3,15100,0
SEMG-01/SEMG-01_Mv3.tdms,23,Group Name #23,3,15100,0
SEMG-01/SEMG-01_Mv3.tdms,24,Group Name #24,3,15100,0
SEMG-01/SEMG-01_Mv3.tdms,25,Group Name #25,3,15100,0
SEMG-01/SEMG-01_Mv3.tdms,26,Group Name #26,3,15100,0
SEMG-01/SEMG-01_Mv3.tdms,27,Group Name #27,3,15100,0
SEMG-01/SEMG-01_Mv3.tdms,28,Group Name #28,3,15100,0
SEMG-01/SEMG-01_Mv3.tdms,29,Group Name #29,3,15100,0
SEMG-01/SEMG-01_Mv3.tdms,30,Group Name #30,3,15100,0
SEMG-01/SEMG-01_Mv3.tdms,31,Group Name #31,3,15100,0
SEMG-01/SEMG-01_Mv3.tdms,32,Group Name #32,3,25600,0
SEMG-01/SEMG-01_Mv3.tdms,33,Group Name #33,3,15100,0
SEMG-01/SEMG-01_Mv3.tdms,34,Group Name #34,3,15100,0
SEMG-01/SEMG-01_Mv3.tdms,35,Group Name #35,3,15100,0
SEMG-01/SEMG-01_Mv3.tdms,36,Group Name #36,3,15100,0
SEMG-01/SEMG-01_Mv3.tdms,37,Group Name #37,3,26200,0
SEMG-01/SEMG-01_Mv3.tdms,38,Group Name #38,3,15100,0
SEMG-01/SEMG-01_Mv3.tdms,39,Group Name #39,3,15100,0
SEMG-01/SEMG-01_Mv3.tdms,40,Group Name #40,3,15100,0
SEMG-01/SEMG-01_Mv3.tdms,41,Group Name #41,3,15100,0
SEMG-01/SEMG-01_Mv3.tdms,42,Group Name #42,3,15100,0
SEMG-01/SEMG-01_Mv3.tdms,43,Group Name #43,3,15100,0
SEMG-01/SEMG-01_Mv3.tdms,44,Group Name #44,3,15100,0
SEMG-01/SEMG-01_Mv3.tdms,45,Group Name #45,3,15100,0
SEMG-01/SEMG-01_Mv3.tdms,46,Group Name #46,3,15100,0
SEMG-01/SEMG-01_Mv3.tdms,47,Group Name #47,3,15100,0
SEMG-01/SEMG-01_Mv3.tdms,48,Group Name #48,3,15100,0
SEMG-01/SEMG-01_Mv3.tdms,49,Group Name #49,3,15100,0
SEMG-01/SEMG-01_Mv3.tdms,50,Group Name #50,3,15100,0
SEMG-01/SEMG-01_Mv4.tdms,0,Group Name,3,15100,0
SEMG-01/SEMG-01_Mv4.tdms,1,Group Name #1,3,15100,0
SEMG-01/SEMG-01_Mv4.tdms,2,Group Name #2,3,15100,0
SEMG-01/SEMG-01_Mv4.tdms,3,Group Name #3,3,15100,0
SEMG-01/SEMG-01_Mv4.tdms,4,Group Name #4,3,15100,0
SEMG-01/SEMG-01_Mv4.tdms,5,Group Name #5,3,15100,0
SEMG-01/SEMG-01_Mv4.tdms,6,Group Name #6,3,15100,0
SEMG-01/SEMG-01_Mv4.tdms,7,Group Name #7,3,52600,0
SEMG-01/SEMG-01_Mv4.tdms,8,Group Name #8,3,15100,0
SEMG-01/SEMG-01_Mv4.tdms,9,Group Name #9,3,15100,0
SEMG-01/SEMG-01_Mv4.tdms,10,Group Name #10,3,15100,0
SEMG-01/SEMG-01_Mv4.tdms,11,Group Name #11,3,15100,0
SEMG-01/SEMG-01_Mv4.tdms,12,Group Name #12,3,15100,0
SEMG-01/SEMG-01_Mv4.tdms,13,Group Name #13,3,15100,0
SEMG-01/SEMG-01_Mv4.tdms,14,Group Name #14,3,15100,0
SEMG-01/SEMG-01_Mv4.tdms,15,Group Name #15,3,15100,0
SEMG-01/SEMG-01_Mv4.tdms,16,Group Name #16,3,15100,0
SEMG-01/SEMG-01_Mv4.tdms,17,Group Name #17,3,15100,0
SEMG-01/SEMG-01_Mv4.tdms,18,Group Name #18,3,15100,0
SEMG-01/SEMG-01_Mv4.tdms,19,Group Name #19,3,15100,0
SEMG-01/SEMG-01_Mv4.tdms,20,Group Name #20,3,15100,0
SEMG-01/SEMG-01_Mv4.tdms,21,Group Name #21,3,15100,0
SEMG-01/SEMG-01_Mv4.tdms,22,Group Name #22,3,15100,0
SEMG-01/SEMG-01_Mv4.tdms,23,Group Name #23,3,15100,0
SEMG-01/SEMG-01_Mv4.tdms,24,Group Name #24,3,15100,0
SEMG-01/SEMG-01_Mv4.tdms,25,Group Name #25,3,15100,0
SEMG-01/SEMG-01_Mv4.tdms,26,Group Name #26,3,44600,0
SEMG-01/SEMG-01_Mv4.tdms,27,Group Name #27,3,15100,0
SEMG-01/SEMG-01_Mv4.tdms,28,Group Name #28,3,15100,0
SEMG-01/SEMG-01_Mv4.tdms,29,Group Name #29,3,15100,0
SEMG-01/SEMG-01_Mv4.tdms,30,Group Name #30,3,15100,0
SEMG-01/SEMG-01_Mv4.tdms,31,Group Name #31,3,15100,0
SEMG-01/SEMG-01_Mv4.tdms,32,Group Name #32,3,15100,0
SEMG-01/SEMG-01_Mv4.tdms,33,Group Name #33,3,15100,0
SEMG-01/SEMG-01_Mv4.tdms,34,Group Name #34,3,15100,0
SEMG-01/SEMG-01_Mv4.tdms,35,Group Name #35,3,15100,0
SEMG-01/SEMG-01_Mv4.tdms,36,Group Name #36,3,5800,0
SEMG-01/SEMG-01_Mv4.tdms,37,Group Name #37,3,13500,0
SEMG-01/SEMG-01_Mv4.tdms,38,Group Name #38,3,15100,0
SEMG-01/SEMG-01_Mv4.tdms,39,Group Name #39,3,15100,0
SEMG-01/SEMG-01_Mv4.tdms,40,Group Name #40,3,15100,0
SEMG-01/SEMG-01_Mv4.tdms,41,Group Name #41,3,15100,0
SEMG-01/SEMG-01_Mv4.tdms,42,Group Name #42,3,15100,0
SEMG-02/SEMG-02_Mv1.tdms,0,Group Name,3,52300,0
SEMG-02/SEMG-02_Mv1.tdms,1,Group Name #1,3,15100,0
SEMG-02/SEMG-02_Mv1.tdms,2,Group Name #2,3,15100,0
SEMG-02/SEMG-02_Mv1.tdms,3,Group Name #3,3,15100,0
SEMG-02/SEMG-02_Mv1.tdms,4,Group Name #4,3,15100,0
SEMG-02/SEMG-02_Mv1.tdms,5,Group Name #5,3,15100,0
SEMG-02/SEMG-02_Mv1.tdms,6,Group Name #6,3,15100,0
SEMG-02/SEMG-02_Mv1.tdms,7,Group Name #7,3,15100,0
SEMG-02/SEMG-02_Mv1.tdms,8,Group Name #8,3,15100,0
SEMG-02/SEMG-02_Mv1.tdms,9,Group Name #9,3,15100,0
SEMG-02/SEMG-02_Mv1.tdms,10,Group Name #10,3,15100,0
SEMG-02/SEMG-02_Mv1.tdms,11,Group Name #11,3,15100,0
SEMG-02/SEMG-02_Mv1.tdms,12,Group Name #12,3,15100,0
SEMG-02/SEMG-02_Mv1.tdms,13,Group Name #13,3,15100,0
SEMG-02/SEMG-02_Mv1.tdms,14,Group Name #14,3,15100,0
SEMG-02/SEMG-02_Mv1.tdms,15,Group Name #15,3,15100,0
SEMG-02/SEMG-02_Mv1.tdms,16,Group Name #16,3,15100,0
SEMG-02/SEMG-02_Mv1.tdms,17,Group Name #17,3,29600,0
SEMG-02/SEMG-02_Mv1.tdms,18,Group Name #18,3,18400,0
SEMG-02/SEMG-02_Mv1.tdms,19,Group Name #19,3,15100,0
SEMG-02/SEMG-02_Mv1.tdms,20,Group Name #20,3,76300,0
SEMG-02/SEMG-02_Mv1.tdms,21,Group Name #21,3,15100,0
SEMG-02/SEMG-02_Mv1.tdms,22,Group Name #22,3,15100,0
SEMG-02/SEMG-02_Mv1.tdms,23,Group Name #23,3,15100,0
SEMG-02/SEMG-02_Mv1.tdms,24,Group Name #24,3,15100,0
SEMG-02/SEMG-02_Mv1.tdms,25,Group Name #25,3,15100,0
SEMG-02/SEMG-02_Mv1.tdms,26,Group Name #26,3,15100,0
SEMG-02/SEMG-02_Mv1.tdms,27,Group Name #27,3,15100,0
SEMG-02/SEMG-02_Mv1.tdms,28,Group Name #28,3,15100,0
SEMG-02/SEMG-02_Mv1.tdms,29,Group Name #29,3,15100,0
SEMG-02/SEMG-02_Mv1.tdms,30,Group Name #30,3,15100,0
SEMG-02/SEMG-02_Mv1.tdms,31,Group Name #31,3,15100,0
SEMG-02/SEMG-02_Mv1.tdms,32,Group Name #32,3,15100,0
SEMG-02/SEMG-02_Mv1.tdms,33,Group Name #33,3,15100,0
SEMG-02/SEMG-02_Mv1.tdms,34,Group Name #34,3,15100,0
SEMG-02/SEMG-02_Mv1.tdms,35,Group Name #35,3,15100,0
SEMG-02/SEMG-02_Mv2.tdms,0,Group Name,3,35900,0
SEMG-02/SEMG-02_Mv2.tdms,1,Group Name #1,3,15100,0
SEMG-02/SEMG-02_Mv2.tdms,2,Group Name #2,3,15100,0
SEMG-02/SEMG-02_Mv2.tdms,3,Group Name #3,3,15100,0
SEMG-02/SEMG-02_Mv2.tdms,4,Group Name #4,3,15100,0
SEMG-02/SEMG-02_Mv2.tdms,5,Group Name #5,3,15100,0
SEMG-02/SEMG-02_Mv2.tdms,6,Group Name #6,3,15100,0
SEMG-02/SEMG-02_Mv2.tdms,7,Group Name #7,3,15100,0
SEMG-02/SEMG-02_Mv2.tdms,8,Group Name #8,3,15100,0
SEMG-02/SEMG-02_Mv2.tdms,9,Group Name #9,3,15100,0
SEMG-02/SEMG-02_Mv2.tdms,10,Group Name #10,3,15100,0
SEMG-02/SEMG-02_Mv2.tdms,11,Group Name #11,3,15100,0
SEMG-02/SEMG-02_Mv2.tdms,12,Group Name #12,3,15100,0
SEMG-02/SEMG-02_Mv2.tdms,13,Group Name #13,3,15100,0
SEMG-02/SEMG-02_Mv2.tdms,14,Group Name #14,3,10100,0
SEMG-02/SEMG-02_Mv2.tdms,15,Group Name #15,3,15100,0
SEMG-02/SEMG-02_Mv2.tdms,16,Group Name #16,3,15100,0
SEMG-02/SEMG-02_Mv2.tdms,17,Group Name #17,3,15100,0
SEMG-02/SEMG-02_Mv2.tdms,18,Group Name #18,3,15100,0
SEMG-02/SEMG-02_Mv2.tdms,19,Group Name #19,3,15100,0
SEMG-02/SEMG-02_Mv2.tdms,20,Group Name #20,3,15100,0
SEMG-02/SEMG-02_Mv2.tdms,21,Group Name #21,3,15100,0
SEMG-02/SEMG-02_Mv2.tdms,22,Group Name #22,3,15100,0
SEMG-02/SEMG-02_Mv2.tdms,23,Group Name #23,3,15100,0
SEMG-02/SEMG-02_Mv2.tdms,24,Group Name #24,3,15100,0
SEMG-02/SEMG-02_Mv2.tdms,25,Group Name #25,3,15100,0
SEMG-02/SEMG-02_Mv2.tdms,26,Group Name #26,3,15100,0
SEMG-02/SEMG-02_Mv2.tdms,27,Group Name #27,3,15100,0
SEMG-02/SEMG-02_Mv2.tdms,28,Group Name #28,3,15100,0
SEMG-02/SEMG-02_Mv2.tdms,29,Group Name #29,3,15100,0
SEMG-02/SEMG-02_Mv2.tdms,30,Group Name #30,3,15100,0
SEMG-02/SEMG-02_Mv2.tdms,31,Group Name #31,3,15100,0
SEMG-02/SEMG-02_Mv2.tdms,32,Group Name #32,3,15100,0
SEMG-02/SEMG-02_Mv2.tdms,33,Group Name #33,3,15100,0
SEMG-02/SEMG-02_Mv2.tdms,34,Group Name #34,3,15100,0
SEMG-02/SEMG-02_Mv3.tdms,0,Group Name,3,28200,0
SEMG-02/SEMG-02_Mv3.tdms,1,Group Name #1,3,15100,0
SEMG-02/SEMG-02_Mv3.tdms,2,Group Name #2,3,15100,0
SEMG-02/SEMG-02_Mv3.tdms,3,Group Name #3,3,15100,0
SEMG-02/SEMG-02_Mv3.tdms,4,Group Name #4,3,15100,0
SEMG-02/SEMG-02_Mv3.tdms,5,Group Name #5,3,15100,0
SEMG-02/SEMG-02_Mv3.tdms,6,Group Name #6,3,15100,0
SEMG-02/SEMG-02_Mv3.tdms,7,Group Name #7,3,15100,0
SEMG-02/SEMG-02_Mv3.tdms,8,Group Name #8,3,15100,0
SEMG-02/SEMG-02_Mv3.tdms,9,Group Name #9,3,15100,0
SEMG-02/SEMG-02_Mv3.tdms,10,Group Name #10,3,15100,0
SEMG-02/SEMG-02_Mv3.tdms,11,Group Name #11,3,15100,0
SEMG-02/SEMG-02_Mv3.tdms,12,Group Name #12,3,15100,0
SEMG-02/SEMG-02_Mv3.tdms,13,Group Name #13,3,15100,0
SEMG-02/SEMG-02_Mv3.tdms,14,Group Name #14,3,15100,0
SEMG-02/SEMG-02_Mv3.tdms,15,Group Name #15,3,15100,0
SEMG-02/SEMG-02_Mv3.tdms,16,Group Name #16,3,15100,0
SEMG-02/SEMG-02_Mv3.tdms,17,Group Name #17,3,15100,0
SEMG-02/SEMG-02_Mv3.tdms,18,Group Name #18,3,15100,0
SEMG-02/SEMG-02_Mv3.tdms,19,Group Name #19,3,15100,0
SEMG-02/SEMG-02_Mv3.tdms,20,Group Name #20,3,15100,0
SEMG-02/SEMG-02_Mv3.tdms,21,Group Name #21,3,15100,0
SEMG-02/SEMG-02_Mv3.tdms,22,Group Name #22,3,15100,0
SEMG-02/SEMG-02_Mv3.tdms,23,Group Name #23,3,15100,0
SEMG-02/SEMG-02_Mv3.tdms,24,Group Name #24,3,15100,0
SEMG-02/SEMG-02_Mv3.tdms,25,Group Name #25,3,15100,0
SEMG-02/SEMG-02_Mv3.tdms,26,Group Name #26,3,15100,0
SEMG-02/SEMG-02_Mv3.tdms,27,Group Name #27,3,15100,0
SEMG-02/SEMG-02_Mv3.tdms,28,Group Name #28,3,15100,0
SEMG-02/SEMG-02_Mv3.tdms,29,Group Name #29,3,15100,0
SEMG-02/SEMG-02_Mv3.tdms,30,Group Name #30,3,15100,0
SEMG-02/SEMG-02_Mv3.tdms,31,Group Name #31,3,15100,0
SEMG-02/SEMG-02_Mv3.tdms,32,Group Name #32,3,15100,0
SEMG-02/SEMG-02_Mv3.tdms,33,Group Name #33,3,15100,0
SEMG-02/SEMG-02_Mv3.tdms,34,Group Name #34,3,15100,0
SEMG-02/SEMG-02_Mv3.tdms,35,Group Name #35,3,15100,0
SEMG-02/SEMG-02_Mv3.tdms,36,Group Name #36,3,15100,0
SEMG-02/SEMG-02_Mv4.tdms,0,Group Name,3,42400,0
SEMG-02/SEMG-02_Mv4.tdms,1,Group Name #1,3,15100,0
SEMG-02/SEMG-02_Mv4.tdms,2,Group Name #2,3,15100,0
SEMG-02/SEMG-02_Mv4.tdms,3,Group Name #3,3,15100,0
SEMG-02/SEMG-02_Mv4.tdms,4,Group Name #4,3,15100,0
SEMG-02/SEMG-02_Mv4.tdms,5,Group Name #5,3,15100,0
SEMG-02/SEMG-02_Mv4.tdms,6,Group Name #6,3,70700,0
SEMG-02/SEMG-02_Mv4.tdms,7,Group Name #7,3,15100,0
SEMG-02/SEMG-02_Mv4.tdms,8,Group Name #8,3,15100,0
SEMG-02/SEMG-02_Mv4.tdms,9,Group Name #9,3,15100,0
SEMG-02/SEMG-02_Mv4.tdms,10,Group Name #10,3,15100,0
SEMG-02/SEMG-02_Mv4.tdms,11,Group Name #11,3,15100,0
SEMG-02/SEMG-02_Mv4.tdms,12,Group Name #12,3,15100,0
SEMG-02/SEMG-02_Mv4.tdms,13,Group Name #13,3,15100,0
SEMG-02/SEMG-02_Mv4.tdms,14,Group Name #14,3,15100,0
SEMG-02/SEMG-02_Mv4.tdms,15,Group Name #15,3,15100,0
SEMG-02/SEMG-02_Mv4.tdms,16,Group Name #16,3,15100,0
SEMG-02/SEMG-02_Mv4.tdms,17,Group Name #17,3,15100,0
SEMG-02/SEMG-02_Mv4.tdms,18,Group Name #18,3,15100,0
SEMG-02/SEMG-02_Mv4.tdms,19,Group Name #19,3,15100,0
SEMG-02/SEMG-02_Mv4.tdms,20,Group Name #20,3,15100,0
SEMG-02/SEMG-02_Mv4.tdms,21,Group Name #21,3,15100,0
SEMG-02/SEMG-02_Mv4.tdms,22,Group Name #22,3,15100,0
SEMG-02/SEMG-02_Mv4.tdms,23,Group Name #23,3,15100,0
SEMG-02/SEMG-02_Mv4.tdms,24,Group Name #24,3,15100,0
SEMG-02/SEMG-02_Mv4.tdms,25,Group Name #25,3,15100,0
SEMG-02/SEMG-02_Mv4.tdms,26,Group Name #26,3,15100,0
SEMG-02/SEMG-02_Mv4.tdms,27,Group Name #27,3,15100,0
SEMG-02/SEMG-02_Mv4.tdms,28,Group Name #28,3,15100,0
SEMG-02/SEMG-02_Mv4.tdms,29,Group Name #29,3,15100,0
SEMG-02/SEMG-02_Mv4.tdms,30,Group Name #30,3,15100,0
SEMG-02/SEMG-02_Mv4.tdms,31,Group Name #31,3,15100,0
SEMG-02/SEMG-02_Mv4.tdms,32,Group Name #32,3,15100,0
SEMG-03/SEMG-03_Mv1.tdms,0,Group Name,3,264800,0
SEMG-03/SEMG-03_Mv1.tdms,1,Group Name #1,3,15100,0
SEMG-03/SEMG-03_Mv1.tdms,2,Group Name #2,3,15100,0
SEMG-03/SEMG-03_Mv1.tdms,3,Group Name #3,3,15100,0
SEMG-03/SEMG-03_Mv1.tdms,4,Group Name #4,3,15100,0
SEMG-03/SEMG-03_Mv1.tdms,5,Group Name #5,3,15100,0
SEMG-03/SEMG-03_Mv1.tdms,6,Group Name #6,3,15100,0
SEMG-03/SEMG-03_Mv1.tdms,7,Group Name #7,3,15100,0
SEMG-03/SEMG-03_Mv1.tdms,8,Group Name #8,3,15100,0
SEMG-03/SEMG-03_Mv1.tdms,9,Group Name #9,3,15100,0
SEMG-03/SEMG-03_Mv1.tdms,10,Group Name #10,3,15100,0
SEMG-03/SEMG-03_Mv1.tdms,11,Group Name #11,3,15100,0
SEMG-03/SEMG-03_Mv1.tdms,12,Group Name #12,3,15100,0
SEMG-03/SEMG-03_Mv1.tdms,13,Group Name #13,3,15100,0
SEMG-03/SEMG-03_Mv1.tdms,14,Group Name #14,3,15000,0
SEMG-03/SEMG-03_Mv1.tdms,15,Group Name #15,3,15100,0
SEMG-03/SEMG-03_Mv1.tdms,16,Group Name #16,3,15100,0
SEMG-03/SEMG-03_Mv1.tdms,17,Group Name #17,3,15000,0
SEMG-03/SEMG-03_Mv1.tdms,18,Group Name #18,3,15000,0
SEMG-03/SEMG-03_Mv1.tdms,19,Group Name #19,3,15000,0
SEMG-03/SEMG-03_Mv1.tdms,20,Group Name #20,3,15000,0
SEMG-03/SEMG-03_Mv1.tdms,21,Group Name #21,3,15000,0
SEMG-03/SEMG-03_Mv1.tdms,22,Group Name #22,3,15000,0
SEMG-03/SEMG-03_Mv1.tdms,23,Group Name #23,3,15000,0
SEMG-03/SEMG-03_Mv1.tdms,24,Group Name #24,3,15000,0
SEMG-03/SEMG-03_Mv1.tdms,25,Group Name #25,3,15000,0
SEMG-03/SEMG-03_Mv1.tdms,26,Group Name #26,3,15000,0
SEMG-03/SEMG-03_Mv1.tdms,27,Group Name #27,3,15000,0
SEMG-03/SEMG-03_Mv1.tdms,28,Group Name #28,3,15000,0
SEMG-03/SEMG-03_Mv1.tdms,29,Group Name #29,3,15000,0
SEMG-03/SEMG-03_Mv1.tdms,30,Group Name #30,3,15000,0
SEMG-03/SEMG-03_Mv1.tdms,31,Group Name #31,3,15000,0
SEMG-03/SEMG-03_Mv2.tdms,0,Group Name,3,32700,0
SEMG-03/SEMG-03_Mv2.tdms,1,Group Name #1,3,15000,0
SEMG-03/SEMG-03_Mv2.tdms,2,Group Name #2,3,15000,0
SEMG-03/SEMG-03_Mv2.tdms,3,Group Name #3,3,15100,0
SEMG-03/SEMG-03_Mv2.tdms,4,Group Name #4,3,15000,0
SEMG-03/SEMG-03_Mv2.tdms,5,Group Name #5,3,15100,0
SEMG-03/SEMG-03_Mv2.tdms,6,Group Name #6,3,15100,0
SEMG-03/SEMG-03_Mv2.tdms,7,Group Name #7,3,15100,0
SEMG-03/SEMG-03_Mv2.tdms,8,Group Name #8,3,15000,0
SEMG-03/SEMG-03_Mv2.tdms,9,Group Name #9,3,15000,0
SEMG-03/SEMG-03_Mv2.tdms,10,Group Name #10,3,15100,0
SEMG-03/SEMG-03_Mv2.tdms,11,Group Name #11,3,15000,0
SEMG-03/SEMG-03_Mv2.tdms,12,Group Name #12,3,15100,0
SEMG-03/SEMG-03_Mv2.tdms,13,Group Name #13,3,15000,0
SEMG-03/SEMG-03_Mv2.tdms,14,Group Name #14,3,15000,0
SEMG-03/SEMG-03_Mv2.tdms,15,Group Name #15,3,15100,0
SEMG-03/SEMG-03_Mv2.tdms,16,Group Name #16,3,15000,0
SEMG-03/SEMG-03_Mv2.tdms,17,Group Name #17,3,15000,0
SEMG-03/SEMG-03_Mv2.tdms,18,Group Name #18,3,15000,0
SEMG-03/SEMG-03_Mv2.tdms,19,Group Name #19,3,15000,0
SEMG-03/SEMG-03_Mv2.tdms,20,Group Name #20,3,15000,0
SEMG-03/SEMG-03_Mv2.tdms,21,Group Name #21,3,15000,0
SEMG-03/SEMG-03_Mv2.tdms,22,Group Name #22,3,15000,0
SEMG-03/SEMG-03_Mv2.tdms,23,Group Name #23,3,15000,0
SEMG-03/SEMG-03_Mv2.tdms,24,Group Name #24,3,15000,0
SEMG-03/SEMG-03_Mv2.tdms,25,Group Name #25,3,15000,0
SEMG-03/SEMG-03_Mv2.tdms,26,Group Name #26,3,15000,0
SEMG-03/SEMG-03_Mv2.tdms,27,Group Name #27,3,15000,0
SEMG-03/SEMG-03_Mv2.tdms,28,Group Name #28,3,15000,0
SEMG-03/SEMG-03_Mv2.tdms,29,Group Name #29,3,15000,0
SEMG-03/SEMG-03_Mv2.tdms,30,Group Name #30,3,15000,0
SEMG-03/SEMG-03_Mv3.tdms,0,Group Name,3,38900,0
SEMG-03/SEMG-03_Mv3.tdms,1,Group Name #1,3,15000,0
SEMG-03/SEMG-03_Mv3.tdms,2,Group Name #2,3,15100,0
SEMG-03/SEMG-03_Mv3.tdms,3,Group Name #3,3,15100,0
SEMG-03/SEMG-03_Mv3.tdms,4,Group Name #4,3,15100,0
SEMG-03/SEMG-03_Mv3.tdms,5,Group Name #5,3,15000,0
SEMG-03/SEMG-03_Mv3.tdms,6,Group Name #6,3,492600,0
SEMG-03/SEMG-03_Mv3.tdms,7,Group Name #7,3,15100,0
SEMG-03/SEMG-03_Mv3.tdms,8,Group Name #8,3,15000,0
SEMG-03/SEMG-03_Mv3.tdms,9,Group Name #9,3,15100,0
SEMG-03/SEMG-03_Mv3.tdms,10,Group Name #10,3,14300,0
SEMG-03/SEMG-03_Mv3.tdms,11,Group Name #11,3,5200,0
SEMG-03/SEMG-03_Mv3.tdms,12,Group Name #12,3,777500,0
SEMG-03/SEMG-03_Mv3.tdms,13,Group Name #13,3,15000,0
SEMG-03/SEMG-03_Mv3.tdms,14,Group Name #14,3,15000,0
SEMG-03/SEMG-03_Mv3.tdms,15,Group Name #15,3,49300,0
SEMG-03/SEMG-03_Mv3.tdms,16,Group Name #16,3,15000,0
SEMG-03/SEMG-03_Mv3.tdms,17,Group Name #17,3,15000,0
SEMG-03/SEMG-03_Mv3.tdms,18,Group Name #18,3,15000,0
SEMG-03/SEMG-03_Mv3.tdms,19,Group Name #19,3,15000,0
SEMG-03/SEMG-03_Mv3.tdms,20,Group Name #20,3,15000,0
SEMG-03/SEMG-03_Mv3.tdms,21,Group Name #21,3,15000,0
SEMG-03/SEMG-03_Mv3.tdms,22,Group Name #22,3,15000,0
SEMG-03/SEMG-03_Mv3.tdms,23,Group Name #23,3,15000,0
SEMG-03/SEMG-03_Mv3.tdms,24,Group Name #24,3,15000,0
SEMG-03/SEMG-03_Mv3.tdms,25,Group Name #25,3,15000,0
SEMG-03/SEMG-03_Mv3.tdms,26,Group Name #26,3,15000,0
SEMG-03/SEMG-03_Mv3.tdms,27,Group Name #27,3,15000,0
SEMG-03/SEMG-03_Mv3.tdms,28,Group Name #28,3,74900,0
SEMG-03/SEMG-03_Mv3.tdms,29,Group Name #29,3,15000,0
SEMG-03/SEMG-03_Mv3.tdms,30,Group Name #30,3,15000,0
SEMG-03/SEMG-03_Mv3.tdms,31,Group Name #31,3,15000,0
SEMG-03/SEMG-03_Mv3.tdms,32,Group Name #32,3,390900,0
SEMG-03/SEMG-03_Mv3.tdms,33,Group Name #33,3,15000,0
SEMG-03/SEMG-03_Mv3.tdms,34,Group Name #34,3,283200,0
SEMG-03/SEMG-03_Mv3.tdms,35,Group Name #35,3,15000,0
SEMG-03/SEMG-03_Mv3.tdms,36,Group Name #36,3,15000,0
SEMG-03/SEMG-03_Mv3.tdms,37,Group Name #37,3,15000,0
SEMG-03/SEMG-03_Mv3.tdms,38,Group Name #38,3,15000,0
SEMG-03/SEMG-03_Mv3.tdms,39,Group Name #39,3,15000,0
SEMG-03/SEMG-03_Mv3.tdms,40,Group Name #40,3,89300,0
SEMG-03/SEMG-03_Mv3.tdms,41,Group Name #41,3,15000,0
SEMG-03/SEMG-03_Mv3.tdms,42,Group Name #42,3,15000,0
SEMG-03/SEMG-03_Mv3.tdms,43,Group Name #43,3,15000,0
SEMG-03/SEMG-03_Mv3.tdms,44,Group Name #44,3,15000,0
SEMG-03/SEMG-03_Mv3.tdms,45,Group Name #45,3,15000,0
SEMG-03/SEMG-03_Mv4.tdms,0,Group Name,3,190100,0
SEMG-03/SEMG-03_Mv4.tdms,1,Group Name #1,3,15000,0
SEMG-03/SEMG-03_Mv4.tdms,2,Group Name #2,3,15100,0
SEMG-03/SEMG-03_Mv4.tdms,3,Group Name #3,3,15000,0
SEMG-03/SEMG-03_Mv4.tdms,4,Group Name #4,3,15100,0
SEMG-03/SEMG-03_Mv4.tdms,5,Group Name #5,3,15100,0
SEMG-03/SEMG-03_Mv4.tdms,6,Group Name #6,3,845000,0
SEMG-03/SEMG-03_Mv4.tdms,7,Group Name #7,3,15100,0
SEMG-03/SEMG-03_Mv4.tdms,8,Group Name #8,3,15100,0
SEMG-03/SEMG-03_Mv4.tdms,9,Group Name #9,3,15100,0
SEMG-03/SEMG-03_Mv4.tdms,10,Group Name #10,3,15000,0
SEMG-03/SEMG-03_Mv4.tdms,11,Group Name #11,3,15000,0
SEMG-03/SEMG-03_Mv4.tdms,12,Group Name #12,3,15100,0
SEMG-03/SEMG-03_Mv4.tdms,13,Group Name #13,3,379500,0
SEMG-03/SEMG-03_Mv4.tdms,14,Group Name #14,3,15000,0
SEMG-03/SEMG-03_Mv4.tdms,15,Group Name #15,3,15000,0
SEMG-03/SEMG-03_Mv4.tdms,16,Group Name #16,3,15000,0
SEMG-03/SEMG-03_Mv4.tdms,17,Group Name #17,3,15000,0
SEMG-03/SEMG-03_Mv4.tdms,18,Group Name #18,3,15000,0
SEMG-03/SEMG-03_Mv4.tdms,19,Group Name #19,3,15000,0
SEMG-03/SEMG-03_Mv4.tdms,20,Group Name #20,3,15000,0
SEMG-03/SEMG-03_Mv4.tdms,21,Group Name #21,3,15000,0
SEMG-03/SEMG-03_Mv4.tdms,22,Group Name #22,3,15000,0
SEMG-03/SEMG-03_Mv4.tdms,23,Group Name #23,3,15000,0
SEMG-03/SEMG-03_Mv4.tdms,24,Group Name #24,3,4400,0
SEMG-03/SEMG-03_Mv4.tdms,25,Group Name #25,3,15000,0
SEMG-03/SEMG-03_Mv4.tdms,26,Group Name #26,3,15000,0
SEMG-03/SEMG-03_Mv4.tdms,27,Group Name #27,3,15000,0
SEMG-03/SEMG-03_Mv4.tdms,28,Group Name #28,3,15000,0
SEMG-03/SEMG-03_Mv4.tdms,29,Group Name #29,3,15000,0
SEMG-03/SEMG-03_Mv4.tdms,30,Group Name #30,3,15000,0
SEMG-03/SEMG-03_Mv4.tdms,31,Group Name #31,3,15000,0
SEMG-03/SEMG-03_Mv4.tdms,32,Group Name #32,3,15000,0
SEMG-03/SEMG-03_Mv4.tdms,33,Group Name #33,3,15000,0
SEMG-03/SEMG-03_Mv4.tdms,34,Group Name #34,3,15000,0
SEMG-03/SEMG-03_Mv5.tdms,0,Group Name,3,6000,0
SEMG-03/SEMG-03_Mv5.tdms,1,Group Name #1,3,657300,0
SEMG-03/SEMG-03_Mv5.tdms,2,Group Name #2,3,15100,0
SEMG-03/SEMG-03_Mv5.tdms,3,Group Name #3,3,15000,0
SEMG-03/SEMG-03_Mv5.tdms,4,Group Name #4,3,15000,0
SEMG-03/SEMG-03_Mv5.tdms,5,Group Name #5,3,100800,0
SEMG-03/SEMG-03_Mv5.tdms,6,Group Name #6,3,15100,0
SEMG-03/SEMG-03_Mv5.tdms,7,Group Name #7,3,15000,0
SEMG-03/SEMG-03_Mv5.tdms,8,Group Name #8,3,15000,0
SEMG-03/SEMG-03_Mv5.tdms,9,Group Name #9,3,15000,0
SEMG-03/SEMG-03_Mv5.tdms,10,Group Name #10,3,15100,0
SEMG-03/SEMG-03_Mv5.tdms,11,Group Name #11,3,15000,0
SEMG-03/SEMG-03_Mv5.tdms,12,Group Name #12,3,15100,0
SEMG-03/SEMG-03_Mv5.tdms,13,Group Name #13,3,15000,0
SEMG-03/SEMG-03_Mv5.tdms,14,Group Name #14,3,15100,0
SEMG-03/SEMG-03_Mv5.tdms,15,Group Name #15,3,15100,0
SEMG-03/SEMG-03_Mv5.tdms,16,Group Name #16,3,15000,0
SEMG-03/SEMG-03_Mv5.tdms,17,Group Name #17,3,15000,0
SEMG-03/SEMG-03_Mv5.tdms,18,Group Name #18,3,15000,0
SEMG-03/SEMG-03_Mv5.tdms,19,Group Name #19,3,15000,0
SEMG-03/SEMG-03_Mv5.tdms,20,Group Name #20,3,15000,0
SEMG-03/SEMG-03_Mv5.tdms,21,Group Name #21,3,15000,0
SEMG-03/SEMG-03_Mv5.tdms,22,Group Name #22,3,15000,0
SEMG-03/SEMG-03_Mv5.tdms,23,Group Name #23,3,15000,0
SEMG-03/SEMG-03_Mv5.tdms,24,Group Name #24,3,15000,0
SEMG-03/SEMG-03_Mv5.tdms,25,Group Name #25,3,15000,0
SEMG-03/SEMG-03_Mv5.tdms,26,Group Name #26,3,15000,0
SEMG-03/SEMG-03_Mv5.tdms,27,Group Name #27,3,15000,0
SEMG-03/SEMG-03_Mv5.tdms,28,Group Name #28,3,15000,0
SEMG-03/SEMG-03_Mv5.tdms,29,Group Name #29,3,15000,0
SEMG-03/SEMG-03_Mv5.tdms,30,Group Name #30,3,15000,0
SEMG-03/SEMG-03_Mv5.tdms,31,Group Name #31,3,15000,0
SEMG-03/SEMG-03_Mv5.tdms,32,Group Name #32,3,15000,0
SEMG-03/SEMG-03_Mv5.tdms,33,Group Name #33,3,15000,0
SEMG-04/SEMG-04_Mv1.tdms,0,Group Name,3,980100,0
SEMG-04/SEMG-04_Mv2.tdms,0,Group Name,3,60400,0
SEMG-04/SEMG-04_Mv2.tdms,1,Group Name #1,3,15100,0
SEMG-04/SEMG-04_Mv2.tdms,2,Group Name #2,3,15100,0
SEMG-04/SEMG-04_Mv2.tdms,3,Group Name #3,3,15100,0
SEMG-04/SEMG-04_Mv2.tdms,4,Group Name #4,3,15100,0
SEMG-04/SEMG-04_Mv2.tdms,5,Group Name #5,3,15100,0
SEMG-04/SEMG-04_Mv2.tdms,6,Group Name #6,3,15100,0
SEMG-04/SEMG-04_Mv2.tdms,7,Group Name #7,3,15100,0
SEMG-04/SEMG-04_Mv2.tdms,8,Group Name #8,3,15100,0
SEMG-04/SEMG-04_Mv2.tdms,9,Group Name #9,3,15100,0
SEMG-04/SEMG-04_Mv2.tdms,10,Group Name #10,3,15100,0
SEMG-04/SEMG-04_Mv2.tdms,11,Group Name #11,3,15100,0
SEMG-04/SEMG-04_Mv2.tdms,12,Group Name #12,3,15100,0
SEMG-04/SEMG-04_Mv2.tdms,13,Group Name #13,3,15100,0
SEMG-04/SEMG-04_Mv2.tdms,14,Group Name #14,3,15000,0
SEMG-04/SEMG-04_Mv2.tdms,15,Group Name #15,3,15100,0
SEMG-04/SEMG-04_Mv2.tdms,16,Group Name #16,3,15100,0
SEMG-04/SEMG-04_Mv2.tdms,17,Group Name #17,3,15100,0
SEMG-04/SEMG-04_Mv2.tdms,18,Group Name #18,3,15100,0
SEMG-04/SEMG-04_Mv2.tdms,19,Group Name #19,3,15000,0
SEMG-04/SEMG-04_Mv2.tdms,20,Group Name #20,3,15100,0
SEMG-04/SEMG-04_Mv2.tdms,21,Group Name #21,3,15100,0
SEMG-04/SEMG-04_Mv2.tdms,22,Group Name #22,3,15100,0
SEMG-04/SEMG-04_Mv2.tdms,23,Group Name #23,3,15100,0
SEMG-04/SEMG-04_Mv2.tdms,24,Group Name #24,3,15100,0
SEMG-04/SEMG-04_Mv2.tdms,25,Group Name #25,3,15100,0
SEMG-04/SEMG-04_Mv2.tdms,26,Group Name #26,3,15100,0
SEMG-04/SEMG-04_Mv2.tdms,27,Group Name #27,3,15100,0
SEMG-04/SEMG-04_Mv2.tdms,28,Group Name #28,3,15000,0
SEMG-04/SEMG-04_Mv2.tdms,29,Group Name #29,3,15100,0
SEMG-04/SEMG-04_Mv2.tdms,30,Group Name #30,3,15100,0
SEMG-04/SEMG-04_Mv3.tdms,0,Group Name,3,40000,0
SEMG-04/SEMG-04_Mv3.tdms,1,Group Name #1,3,15100,0
SEMG-04/SEMG-04_Mv3.tdms,2,Group Name #2,3,15100,0
SEMG-04/SEMG-04_Mv3.tdms,3,Group Name #3,3,15100,0
SEMG-04/SEMG-04_Mv3.tdms,4,Group Name #4,3,15000,0
SEMG-04/SEMG-04_Mv3.tdms,5,Group Name #5,3,15100,0
SEMG-04/SEMG-04_Mv3.tdms,6,Group Name #6,3,15100,0
SEMG-04/SEMG-04_Mv3.tdms,7,Group Name #7,3,15100,0
SEMG-04/SEMG-04_Mv3.tdms,8,Group Name #8,3,15100,0
SEMG-04/SEMG-04_Mv3.tdms,9,Group Name #9,3,15100,0
SEMG-04/SEMG-04_Mv3.tdms,10,Group Name #10,3,15100,0
SEMG-04/SEMG-04_Mv3.tdms,11,Group Name #11,3,15100,0
SEMG-04/SEMG-04_Mv3.tdms,12,Group Name #12,3,15100,0
SEMG-04/SEMG-04_Mv3.tdms,13,Group Name #13,3,15100,0
SEMG-04/SEMG-04_Mv3.tdms,14,Group Name #14,3,15100,0
SEMG-04/SEMG-04_Mv3.tdms,15,Group Name #15,3,15100,0
SEMG-04/SEMG-04_Mv3.tdms,16,Group Name #16,3,15100,0
SEMG-04/SEMG-04_Mv3.tdms,17,Group Name #17,3,15000,0
SEMG-04/SEMG-04_Mv3.tdms,18,Group Name #18,3,15100,0
SEMG-04/SEMG-04_Mv3.tdms,19,Group Name #19,3,15100,0
SEMG-04/SEMG-04_Mv3.tdms,20,Group Name #20,3,15100,0
SEMG-04/SEMG-04_Mv3.tdms,21,Group Name #21,3,15100,0
SEMG-04/SEMG-04_Mv3.tdms,22,Group Name #22,3,15100,0
SEMG-04/SEMG-04_Mv3.tdms,23,Group Name #23,3,15100,0
SEMG-04/SEMG-04_Mv3.tdms,24,Group Name #24,3,15100,0
SEMG-04/SEMG-04_Mv3.tdms,25,Group Name #25,3,15100,0
SEMG-04/SEMG-04_Mv3.tdms,26,Group Name #26,3,15100,0
SEMG-04/SEMG-04_Mv3.tdms,27,Group Name #27,3,15100,0
SEMG-04/SEMG-04_Mv3.tdms,28,Group Name #28,3,15100,0
SEMG-04/SEMG-04_Mv3.tdms,29,Group Name #29,3,15100,0
SEMG-04/SEMG-04_Mv3.tdms,30,Group Name #30,3,15100,0
SEMG-04/SEMG-04_Mv4_Mv5.tdms,0,Group Name,3,59100,0
SEMG-04/SEMG-04_Mv4_Mv5.tdms,1,Group Name #1,3,15100,0
SEMG-04/SEMG-04_Mv4_Mv5.tdms,2,Group Name #2,3,15100,0
SEMG-04/SEMG-04_Mv4_Mv5.tdms,3,Group Name #3,3,15100,0
SEMG-04/SEMG-04_Mv4_Mv5.tdms,4,Group Name #4,3,15100,0
SEMG-04/SEMG-04_Mv4_Mv5.tdms,5,Group Name #5,3,15100,0
SEMG-04/SEMG-04_Mv4_Mv5.tdms,6,Group Name #6,3,15100,0
SEMG-04/SEMG-04_Mv4_Mv5.tdms,7,Group Name #7,3,15100,0
SEMG-04/SEMG-04_Mv4_Mv5.tdms,8,Group Name #8,3,15100,0
SEMG-04/SEMG-04_Mv4_Mv5.tdms,9,Group Name #9,3,15100,0
SEMG-04/SEMG-04_Mv4_Mv5.tdms,10,Group Name #10,3,15100,0
SEMG-04/SEMG-04_Mv4_Mv5.tdms,11,Group Name #11,3,15100,0
SEMG-04/SEMG-04_Mv4_Mv5.tdms,12,Group Name #12,3,15100,0
SEMG-04/SEMG-04_Mv4_Mv5.tdms,13,Group Name #13,3,15100,0
SEMG-04/SEMG-04_Mv4_Mv5.tdms,14,Group Name #14,3,15100,0
SEMG-04/SEMG-04_Mv4_Mv5.tdms,15,Group Name #15,3,15100,0
SEMG-04/SEMG-04_Mv4_Mv5.tdms,16,Group Name #16,3,15100,0
SEMG-04/SEMG-04_Mv4_Mv5.tdms,17,Group Name #17,3,15100,0
SEMG-04/SEMG-04_Mv4_Mv5.tdms,18,Group Name #18,3,15100,0
SEMG-04/SEMG-04_Mv4_Mv5.tdms,19,Group Name #19,3,15100,0
SEMG-04/SEMG-04_Mv4_Mv5.tdms,20,Group Name #20,3,15100,0
SEMG-04/SEMG-04_Mv4_Mv5.tdms,21,Group Name #21,3,15100,0
SEMG-04/SEMG-04_Mv4_Mv5.tdms,22,Group Name #22,3,15100,0
SEMG-04/SEMG-04_Mv4_Mv5.tdms,23,Group Name #23,3,15100,0
SEMG-04/SEMG-04_Mv4_Mv5.tdms,24,Group Name #24,3,15100,0
SEMG-04/SEMG-04_Mv4_Mv5.tdms,25,Group Name #25,3,15100,0
SEMG-04/SEMG-04_Mv4_Mv5.tdms,26,Group Name #26,3,15000,0
SEMG-04/SEMG-04_Mv4_Mv5.tdms,27,Group Name #27,3,15100,0
SEMG-04/SEMG-04_Mv4_Mv5.tdms,28,Group Name #28,3,15100,0
SEMG-04/SEMG-04_Mv4_Mv5.tdms,29,Group Name #29,3,15100,0
SEMG-04/SEMG-04_Mv4_Mv5.tdms,30,Group Name #30,3,15100,0
SEMG-04/SEMG-04_Mv4_Mv5.tdms,31,Group Name #31,3,15100,0
SEMG-04/SEMG-04_Mv4_Mv5.tdms,32,Group Name #32,3,18500,0
SEMG-04/SEMG-04_Mv4_Mv5.tdms,33,Group Name #33,3,22600,0
SEMG-04/SEMG-04_Mv4_Mv5.tdms,34,Group Name #34,3,15100,0
SEMG-04/SEMG-04_Mv4_Mv5.tdms,35,Group Name #35,3,15100,0
SEMG-04/SEMG-04_Mv4_Mv5.tdms,36,Group Name #36,3,15100,0
SEMG-04/SEMG-04_Mv4_Mv5.tdms,37,Group Name #37,3,15100,0
SEMG-04/SEMG-04_Mv4_Mv5.tdms,38,Group Name #38,3,15100,0
SEMG-04/SEMG-04_Mv4_Mv5.tdms,39,Group Name #39,3,15100,0
SEMG-04/SEMG-04_Mv4_Mv5.tdms,40,Group Name #40,3,15000,0
SEMG-04/SEMG-04_Mv4_Mv5.tdms,41,Group Name #41,3,15100,0
SEMG-04/SEMG-04_Mv4_Mv5.tdms,42,Group Name #42,3,15100,0
SEMG-04/SEMG-04_Mv4_Mv5.tdms,43,Group Name #43,3,15100,0
SEMG-04/SEMG-04_Mv4_Mv5.tdms,44,Group Name #44,3,15100,0
SEMG-04/SEMG-04_Mv4_Mv5.tdms,45,Group Name #45,3,15100,0
SEMG-04/SEMG-04_Mv4_Mv5.tdms,46,Group Name #46,3,15100,0
SEMG-04/SEMG-04_Mv4_Mv5.tdms,47,Group Name #47,3,15100,0
SEMG-04/SEMG-04_Mv4_Mv5.tdms,48,Group Name #48,3,15100,0
SEMG-04/SEMG-04_Mv4_Mv5.tdms,49,Group Name #49,3,15100,0
SEMG-04/SEMG-04_Mv4_Mv5.tdms,50,Group Name #50,3,15100,0
SEMG-04/SEMG-04_Mv4_Mv5.tdms,51,Group Name #51,3,15100,0
SEMG-04/SEMG-04_Mv4_Mv5.tdms,52,Group Name #52,3,15100,0
SEMG-04/SEMG-04_Mv4_Mv5.tdms,53,Group Name #53,3,15100,0
SEMG-04/SEMG-04_Mv4_Mv5.tdms,54,Group Name #54,3,15100,0
SEMG-04/SEMG-04_Mv4_Mv5.tdms,55,Group Name #55,3,15100,0
SEMG-04/SEMG-04_Mv4_Mv5.tdms,56,Group Name #56,3,15100,0
SEMG-04/SEMG-04_Mv4_Mv5.tdms,57,Group Name #57,3,15100,0
SEMG-04/SEMG-04_Mv4_Mv5.tdms,58,Group Name #58,3,15100,0
SEMG-04/SEMG-04_Mv4_Mv5.tdms,59,Group Name #59,3,15100,0
SEMG-04/SEMG-04_Mv4_Mv5.tdms,60,Group Name #60,3,15100,0
SEMG-04/SEMG-04_Mv4_Mv5.tdms,61,Group Name #61,3,15100,0
SEMG-04/SEMG-04_Mv4_Mv5.tdms,62,Group Name #62,3,15100,0
SEMG-04/SEMG-04_Mv4_Mv5.tdms,63,Group Name #63,3,15100,0
SEMG-05/SEMG-05_Mv1.tdms,0,Group Name,3,122900,0
SEMG-05/SEMG-05_Mv1.tdms,1,Group Name #1,3,15100,0
SEMG-05/SEMG-05_Mv1.tdms,2,Group Name #2,3,15100,0
SEMG-05/SEMG-05_Mv1.tdms,3,Group Name #3,3,140900,0
SEMG-05/SEMG-05_Mv1.tdms,4,Group Name #4,3,15100,0
SEMG-05/SEMG-05_Mv1.tdms,5,Group Name #5,3,15100,0
SEMG-05/SEMG-05_Mv1.tdms,6,Group Name #6,3,15100,0
SEMG-05/SEMG-05_Mv1.tdms,7,Group Name #7,3,15100,0
SEMG-05/SEMG-05_Mv1.tdms,8,Group Name #8,3,14300,0
SEMG-05/SEMG-05_Mv1.tdms,9,Group Name #9,3,15100,0
SEMG-05/SEMG-05_Mv1.tdms,10,Group Name #10,3,15100,0
SEMG-05/SEMG-05_Mv1.tdms,11,Group Name #11,3,15100,0
SEMG-05/SEMG-05_Mv1.tdms,12,Group Name #12,3,15100,0
SEMG-05/SEMG-05_Mv1.tdms,13,Group Name #13,3,15100,0
SEMG-05/SEMG-05_Mv1.tdms,14,Group Name #14,3,15000,0
SEMG-05/SEMG-05_Mv1.tdms,15,Group Name #15,3,15100,0
SEMG-05/SEMG-05_Mv1.tdms,16,Group Name #16,3,15100,0
SEMG-05/SEMG-05_Mv1.tdms,17,Group Name #17,3,15100,0
SEMG-05/SEMG-05_Mv1.tdms,18,Group Name #18,3,15100,0
SEMG-05/SEMG-05_Mv1.tdms,19,Group Name #19,3,15100,0
SEMG-05/SEMG-05_Mv1.tdms,20,Group Name #20,3,15100,0
SEMG-05/SEMG-05_Mv1.tdms,21,Group Name #21,3,15100,0
SEMG-05/SEMG-05_Mv1.tdms,22,Group Name #22,3,15100,0
SEMG-05/SEMG-05_Mv1.tdms,23,Group Name #23,3,15100,0
SEMG-05/SEMG-05_Mv1.tdms,24,Group Name #24,3,15100,0
SEMG-05/SEMG-05_Mv1.tdms,25,Group Name #25,3,15100,0
SEMG-05/SEMG-05_Mv1.tdms,26,Group Name #26,3,15100,0
SEMG-05/SEMG-05_Mv1.tdms,27,Group Name #27,3,15100,0
SEMG-05/SEMG-05_Mv1.tdms,28,Group Name #28,3,15100,0
SEMG-05/SEMG-05_Mv1.tdms,29,Group Name #29,3,15100,0
SEMG-05/SEMG-05_Mv1.tdms,30,Group Name #30,3,15100,0
SEMG-05/SEMG-05_Mv1.tdms,31,Group Name #31,3,15100,0
SEMG-05/SEMG-05_Mv1.tdms,32,Group Name #32,3,15100,0
SEMG-05/SEMG-05_Mv1.tdms,33,Group Name #33,3,15100,0
SEMG-05/SEMG-05_Mv2.tdms,0,Group Name,3,56700,0
SEMG-05/SEMG-05_Mv2.tdms,1,Group Name #1,3,15100,0
SEMG-05/SEMG-05_Mv2.tdms,2,Group Name #2,3,15100,0
SEMG-05/SEMG-05_Mv2.tdms,3,Group Name #3,3,15000,0
SEMG-05/SEMG-05_Mv2.tdms,4,Group Name #4,3,15100,0
SEMG-05/SEMG-05_Mv2.tdms,5,Group Name #5,3,15100,0
SEMG-05/SEMG-05_Mv2.tdms,6,Group Name #6,3,15100,0
SEMG-05/SEMG-05_Mv2.tdms,7,Group Name #7,3,15100,0
SEMG-05/SEMG-05_Mv2.tdms,8,Group Name #8,3,15100,0
SEMG-05/SEMG-05_Mv2.tdms,9,Group Name #9,3,15100,0
SEMG-05/SEMG-05_Mv2.tdms,10,Group Name #10,3,15100,0
SEMG-05/SEMG-05_Mv2.tdms,11,Group Name #11,3,15000,0
SEMG-05/SEMG-05_Mv2.tdms,12,Group Name #12,3,15100,0
SEMG-05/SEMG-05_Mv2.tdms,13,Group Name #13,3,15100,0
SEMG-05/SEMG-05_Mv2.tdms,14,Group Name #14,3,15000,0
SEMG-05/SEMG-05_Mv2.tdms,15,Group Name #15,3,15100,0
SEMG-05/SEMG-05_Mv2.tdms,16,Group Name #16,3,15100,0
SEMG-05/SEMG-05_Mv2.tdms,17,Group Name #17,3,15100,0
SEMG-05/SEMG-05_Mv2.tdms,18,Group Name #18,3,15100,0
SEMG-05/SEMG-05_Mv2.tdms,19,Group Name #19,3,15100,0
SEMG-05/SEMG-05_Mv2.tdms,20,Group Name #20,3,15100,0
SEMG-05/SEMG-05_Mv2.tdms,21,Group Name #21,3,15100,0
SEMG-05/SEMG-05_Mv2.tdms,22,Group Name #22,3,15000,0
SEMG-05/SEMG-05_Mv2.tdms,23,Group Name #23,3,15100,0
SEMG-05/SEMG-05_Mv2.tdms,24,Group Name #24,3,15100,0
SEMG-05/SEMG-05_Mv2.tdms,25,Group Name #25,3,15000,0
SEMG-05/SEMG-05_Mv2.tdms,26,Group Name #26,3,15100,0
SEMG-05/SEMG-05_Mv2.tdms,27,Group Name #27,3,15100,0
SEMG-05/SEMG-05_Mv2.tdms,28,Group Name #28,3,15100,0
SEMG-05/SEMG-05_Mv2.tdms,29,Group Name #29,3,15100,0
SEMG-05/SEMG-05_Mv2.tdms,30,Group Name #30,3,15100,0
SEMG-05/SEMG-05_Mv3.tdms,0,Group Name,3,56400,0
SEMG-05/SEMG-05_Mv3.tdms,1,Group Name #1,3,15100,0
SEMG-05/SEMG-05_Mv3.tdms,2,Group Name #2,3,15100,0
SEMG-05/SEMG-05_Mv3.tdms,3,Group Name #3,3,15100,0
SEMG-05/SEMG-05_Mv3.tdms,4,Group Name #4,3,15100,0
SEMG-05/SEMG-05_Mv3.tdms,5,Group Name #5,3,15100,0
SEMG-05/SEMG-05_Mv3.tdms,6,Group Name #6,3,15100,0
SEMG-05/SEMG-05_Mv3.tdms,7,Group Name #7,3,15000,0
SEMG-05/SEMG-05_Mv3.tdms,8,Group Name #8,3,15000,0
SEMG-05/SEMG-05_Mv3.tdms,9,Group Name #9,3,15100,0
SEMG-05/SEMG-05_Mv3.tdms,10,Group Name #10,3,15100,0
SEMG-05/SEMG-05_Mv3.tdms,11,Group Name #11,3,15100,0
SEMG-05/SEMG-05_Mv3.tdms,12,Group Name #12,3,15100,0
SEMG-05/SEMG-05_Mv3.tdms,13,Group Name #13,3,15100,0
SEMG-05/SEMG-05_Mv3.tdms,14,Group Name #14,3,15100,0
SEMG-05/SEMG-05_Mv3.tdms,15,Group Name #15,3,15100,0
SEMG-05/SEMG-05_Mv3.tdms,16,Group Name #16,3,15100,0
SEMG-05/SEMG-05_Mv3.tdms,17,Group Name #17,3,15100,0
SEMG-05/SEMG-05_Mv3.tdms,18,Group Name #18,3,15100,0
SEMG-05/SEMG-05_Mv3.tdms,19,Group Name #19,3,15100,0
SEMG-05/SEMG-05_Mv3.tdms,20,Group Name #20,3,15100,0
SEMG-05/SEMG-05_Mv3.tdms,21,Group Name #21,3,15100,0
SEMG-05/SEMG-05_Mv3.tdms,22,Group Name #22,3,15100,0
SEMG-05/SEMG-05_Mv3.tdms,23,Group Name #23,3,15100,0
SEMG-05/SEMG-05_Mv3.tdms,24,Group Name #24,3,15100,0
SEMG-05/SEMG-05_Mv3.tdms,25,Group Name #25,3,15100,0
SEMG-05/SEMG-05_Mv3.tdms,26,Group Name #26,3,15100,0
SEMG-05/SEMG-05_Mv3.tdms,27,Group Name #27,3,15100,0
SEMG-05/SEMG-05_Mv3.tdms,28,Group Name #28,3,15100,0
SEMG-05/SEMG-05_Mv3.tdms,29,Group Name #29,3,15100,0
SEMG-05/SEMG-05_Mv3.tdms,30,Group Name #30,3,15100,0
SEMG-05/SEMG-05_Mv3.tdms,31,Group Name #31,3,15100,0
SEMG-05/SEMG-05_Mv3.tdms,32,Group Name #32,3,15100,0
SEMG-05/SEMG-05_Mv4.tdms,0,Group Name,3,32000,0
SEMG-05/SEMG-05_Mv4.tdms,1,Group Name #1,3,15100,0
SEMG-05/SEMG-05_Mv4.tdms,2,Group Name #2,3,15100,0
SEMG-05/SEMG-05_Mv4.tdms,3,Group Name #3,3,15100,0
SEMG-05/SEMG-05_Mv4.tdms,4,Group Name #4,3,15100,0
SEMG-05/SEMG-05_Mv4.tdms,5,Group Name #5,3,15100,0
SEMG-05/SEMG-05_Mv4.tdms,6,Group Name #6,3,15100,0
SEMG-05/SEMG-05_Mv4.tdms,7,Group Name #7,3,15100,0
SEMG-05/SEMG-05_Mv4.tdms,8,Group Name #8,3,15100,0
SEMG-05/SEMG-05_Mv4.tdms,9,Group Name #9,3,15100,0
SEMG-05/SEMG-05_Mv4.tdms,10,Group Name #10,3,15100,0
SEMG-05/SEMG-05_Mv4.tdms,11,Group Name #11,3,15100,0
SEMG-05/SEMG-05_Mv4.tdms,12,Group Name #12,3,15100,0
SEMG-05/SEMG-05_Mv4.tdms,13,Group Name #13,3,15100,0
SEMG-05/SEMG-05_Mv4.tdms,14,Group Name #14,3,15100,0
SEMG-05/SEMG-05_Mv4.tdms,15,Group Name #15,3,15100,0
SEMG-05/SEMG-05_Mv4.tdms,16,Group Name #16,3,15100,0
SEMG-05/SEMG-05_Mv4.tdms,17,Group Name #17,3,15100,0
SEMG-05/SEMG-05_Mv4.tdms,18,Group Name #18,3,15100,0
SEMG-05/SEMG-05_Mv4.tdms,19,Group Name #19,3,15100,0
SEMG-05/SEMG-05_Mv4.tdms,20,Group Name #20,3,15100,0
SEMG-05/SEMG-05_Mv4.tdms,21,Group Name #21,3,15100,0
SEMG-05/SEMG-05_Mv4.tdms,22,Group Name #22,3,4700,0
SEMG-05/SEMG-05_Mv4.tdms,23,Group Name #23,3,15000,0
SEMG-05/SEMG-05_Mv4.tdms,24,Group Name #24,3,15100,0
SEMG-05/SEMG-05_Mv4.tdms,25,Group Name #25,3,15100,0
SEMG-05/SEMG-05_Mv4.tdms,26,Group Name #26,3,15100,0
SEMG-05/SEMG-05_Mv4.tdms,27,Group Name #27,3,15100,0
SEMG-05/SEMG-05_Mv4.tdms,28,Group Name #28,3,15100,0
SEMG-05/SEMG-05_Mv4.tdms,29,Group Name #29,3,15100,0
SEMG-05/SEMG-05_Mv4.tdms,30,Group Name #30,3,15100,0
SEMG-05/SEMG-05_Mv4.tdms,31,Group Name #31,3,15100,0
SEMG-05/SEMG-05_Mv4.tdms,32,Group Name #32,3,15100,0
SEMG-05/SEMG-05_Mv5.tdms,0,Group Name,3,6100,0
SEMG-05/SEMG-05_Mv5.tdms,1,Group Name #1,3,15100,0
SEMG-05/SEMG-05_Mv5.tdms,2,Group Name #2,3,15100,0
SEMG-05/SEMG-05_Mv5.tdms,3,Group Name #3,3,15100,0
SEMG-05/SEMG-05_Mv5.tdms,4,Group Name #4,3,15100,0
SEMG-05/SEMG-05_Mv5.tdms,5,Group Name #5,3,15100,0
SEMG-05/SEMG-05_Mv5.tdms,6,Group Name #6,3,15100,0
SEMG-05/SEMG-05_Mv5.tdms,7,Group Name #7,3,15100,0
SEMG-05/SEMG-05_Mv5.tdms,8,Group Name #8,3,15100,0
SEMG-05/SEMG-05_Mv5.tdms,9,Group Name #9,3,15100,0
SEMG-05/SEMG-05_Mv5.tdms,10,Group Name #10,3,15100,0
SEMG-05/SEMG-05_Mv5.tdms,11,Group Name #11,3,15100,0
SEMG-05/SEMG-05_Mv5.tdms,12,Group Name #12,3,15100,0
SEMG-05/SEMG-05_Mv5.tdms,13,Group Name #13,3,15100,0
SEMG-05/SEMG-05_Mv5.tdms,14,Group Name #14,3,15100,0
SEMG-05/SEMG-05_Mv5.tdms,15,Group Name #15,3,15000,0
SEMG-05/SEMG-05_Mv5.tdms,16,Group Name #16,3,15100,0
SEMG-05/SEMG-05_Mv5.tdms,17,Group Name #17,3,15100,0
SEMG-05/SEMG-05_Mv5.tdms,18,Group Name #18,3,15100,0
SEMG-05/SEMG-05_Mv5.tdms,19,Group Name #19,3,15100,0
SEMG-05/SEMG-05_Mv5.tdms,20,Group Name #20,3,15100,0
SEMG-05/SEMG-05_Mv5.tdms,21,Group Name #21,3,15100,0
SEMG-05/SEMG-05_Mv5.tdms,22,Group Name #22,3,15100,0
SEMG-05/SEMG-05_Mv5.tdms,23,Group Name #23,3,15100,0
SEMG-05/SEMG-05_Mv5.tdms,24,Group Name #24,3,15100,0
SEMG-05/SEMG-05_Mv5.tdms,25,Group Name #25,3,15100,0
SEMG-05/SEMG-05_Mv5.tdms,26,Group Name #26,3,15100,0
SEMG-05/SEMG-05_Mv5.tdms,27,Group Name #27,3,15100,0
SEMG-05/SEMG-05_Mv5.tdms,28,Group Name #28,3,15100,0
SEMG-05/SEMG-05_Mv5.tdms,29,Group Name #29,3,15100,0
SEMG-05/SEMG-05_Mv5.tdms,30,Group Name #30,3,15000,0
SEMG-06/SEMG-06_Mv1.tdms,0,Group Name,3,99000,0
SEMG-06/SEMG-06_Mv1.tdms,1,Group Name #1,3,14300,0
SEMG-06/SEMG-06_Mv1.tdms,2,Group Name #2,3,15000,0
SEMG-06/SEMG-06_Mv1.tdms,3,Group Name #3,3,15100,0
SEMG-06/SEMG-06_Mv1.tdms,4,Group Name #4,3,15100,0
SEMG-06/SEMG-06_Mv1.tdms,5,Group Name #5,3,15000,0
SEMG-06/SEMG-06_Mv1.tdms,6,Group Name #6,3,15100,0
SEMG-06/SEMG-06_Mv1.tdms,7,Group Name #7,3,15100,0
SEMG-06/SEMG-06_Mv1.tdms,8,Group Name #8,3,15100,0
SEMG-06/SEMG-06_Mv1.tdms,9,Group Name #9,3,15000,0
SEMG-06/SEMG-06_Mv1.tdms,10,Group Name #10,3,15000,0
SEMG-06/SEMG-06_Mv1.tdms,11,Group Name #11,3,15000,0
SEMG-06/SEMG-06_Mv1.tdms,12,Group Name #12,3,7100,0
SEMG-06/SEMG-06_Mv1.tdms,13,Group Name #13,3,80900,0
SEMG-06/SEMG-06_Mv1.tdms,14,Group Name #14,3,15000,0
SEMG-06/SEMG-06_Mv1.tdms,15,Group Name #15,3,15100,0
SEMG-06/SEMG-06_Mv1.tdms,16,Group Name #16,3,15000,0
SEMG-06/SEMG-06_Mv1.tdms,17,Group Name #17,3,15000,0
SEMG-06/SEMG-06_Mv1.tdms,18,Group Name #18,3,15000,0
SEMG-06/SEMG-06_Mv1.tdms,19,Group Name #19,3,15000,0
SEMG-06/SEMG-06_Mv1.tdms,20,Group Name #20,3,15000,0
SEMG-06/SEMG-06_Mv1.tdms,21,Group Name #21,3,15000,0
SEMG-06/SEMG-06_Mv1.tdms,22,Group Name #22,3,15000,0
SEMG-06/SEMG-06_Mv1.tdms,23,Group Name #23,3,15000,0
SEMG-06/SEMG-06_Mv1.tdms,24,Group Name #24,3,15000,0
SEMG-06/SEMG-06_Mv1.tdms,25,Group Name #25,3,96900,0
SEMG-06/SEMG-06_Mv1.tdms,26,Group Name #26,3,15000,0
SEMG-06/SEMG-06_Mv1.tdms,27,Group Name #27,3,15000,0
SEMG-06/SEMG-06_Mv1.tdms,28,Group Name #28,3,15000,0
SEMG-06/SEMG-06_Mv1.tdms,29,Group Name #29,3,15000,0
SEMG-06/SEMG-06_Mv1.tdms,30,Group Name #30,3,15000,0
SEMG-06/SEMG-06_Mv1.tdms,31,Group Name #31,3,15000,0
SEMG-06/SEMG-06_Mv1.tdms,32,Group Name #32,3,15000,0
SEMG-06/SEMG-06_Mv1.tdms,33,Group Name #33,3,15000,0
SEMG-06/SEMG-06_Mv1.tdms,34,Group Name #34,3,15000,0
SEMG-06/SEMG-06_Mv1.tdms,35,Group Name #35,3,15000,0
SEMG-06/SEMG-06_Mv1.tdms,36,Group Name #36,3,14300,0
SEMG-06/SEMG-06_Mv1.tdms,37,Group Name #37,3,15000,0
SEMG-06/SEMG-06_Mv1.tdms,38,Group Name #38,3,15000,0
SEMG-06/SEMG-06_Mv1.tdms,39,Group Name #39,3,15000,0
SEMG-06/SEMG-06_Mv2.tdms,0,Group Name,3,67000,0
SEMG-06/SEMG-06_Mv2.tdms,1,Group Name #1,3,15100,0
SEMG-06/SEMG-06_Mv2.tdms,2,Group Name #2,3,15100,0
SEMG-06/SEMG-06_Mv2.tdms,3,Group Name #3,3,15100,0
SEMG-06/SEMG-06_Mv2.tdms,4,Group Name #4,3,15100,0
SEMG-06/SEMG-06_Mv2.tdms,5,Group Name #5,3,15000,0
SEMG-06/SEMG-06_Mv2.tdms,6,Group Name #6,3,15100,0
SEMG-06/SEMG-06_Mv2.tdms,7,Group Name #7,3,15100,0
SEMG-06/SEMG-06_Mv2.tdms,8,Group Name #8,3,15000,0
SEMG-06/SEMG-06_Mv2.tdms,9,Group Name #9,3,15000,0
SEMG-06/SEMG-06_Mv2.tdms,10,Group Name #10,3,15000,0
SEMG-06/SEMG-06_Mv2.tdms,11,Group Name #11,3,15000,0
SEMG-06/SEMG-06_Mv2.tdms,12,Group Name #12,3,15000,0
SEMG-06/SEMG-06_Mv2.tdms,13,Group Name #13,3,15100,0
SEMG-06/SEMG-06_Mv2.tdms,14,Group Name #14,3,15100,0
SEMG-06/SEMG-06_Mv2.tdms,15,Group Name #15,3,15000,0
SEMG-06/SEMG-06_Mv2.tdms,16,Group Name #16,3,15100,0
SEMG-06/SEMG-06_Mv2.tdms,17,Group Name #17,3,15000,0
SEMG-06/SEMG-06_Mv2.tdms,18,Group Name #18,3,15000,0
SEMG-06/SEMG-06_Mv2.tdms,19,Group Name #19,3,15000,0
SEMG-06/SEMG-06_Mv2.tdms,20,Group Name #20,3,15000,0
SEMG-06/SEMG-06_Mv2.tdms,21,Group Name #21,3,15000,0
SEMG-06/SEMG-06_Mv2.tdms,22,Group Name #22,3,15000,0
SEMG-06/SEMG-06_Mv2.tdms,23,Group Name #23,3,15000,0
SEMG-06/SEMG-06_Mv2.tdms,24,Group Name #24,3,15000,0
SEMG-06/SEMG-06_Mv2.tdms,25,Group Name #25,3,15000,0
SEMG-06/SEMG-06_Mv2.tdms,26,Group Name #26,3,15000,0
SEMG-06/SEMG-06_Mv2.tdms,27,Group Name #27,3,15000,0
SEMG-06/SEMG-06_Mv2.tdms,28,Group Name #28,3,15000,0
SEMG-06/SEMG-06_Mv2.tdms,29,Group Name #29,3,15000,0
SEMG-06/SEMG-06_Mv2.tdms,30,Group Name #30,3,15000,0
SEMG-06/SEMG-06_Mv3.tdms,0,Group Name,3,55300,0
SEMG-06/SEMG-06_Mv3.tdms,1,Group Name #1,3,15100,0
SEMG-06/SEMG-06_Mv3.tdms,2,Group Name #2,3,15100,0
SEMG-06/SEMG-06_Mv3.tdms,3,Group Name #3,3,15000,0
SEMG-06/SEMG-06_Mv3.tdms,4,Group Name #4,3,15000,0
SEMG-06/SEMG-06_Mv3.tdms,5,Group Name #5,3,15100,0
SEMG-06/SEMG-06_Mv3.tdms,6,Group Name #6,3,15100,0
SEMG-06/SEMG-06_Mv3.tdms,7,Group Name #7,3,15100,0
SEMG-06/SEMG-06_Mv3.tdms,8,Group Name #8,3,15100,0
SEMG-06/SEMG-06_Mv3.tdms,9,Group Name #9,3,15000,0
SEMG-06/SEMG-06_Mv3.tdms,10,Group Name #10,3,15100,0
SEMG-06/SEMG-06_Mv3.tdms,11,Group Name #11,3,15100,0
SEMG-06/SEMG-06_Mv3.tdms,12,Group Name #12,3,15000,0
SEMG-06/SEMG-06_Mv3.tdms,13,Group Name #13,3,15100,0
SEMG-06/SEMG-06_Mv3.tdms,14,Group Name #14,3,15100,0
SEMG-06/SEMG-06_Mv3.tdms,15,Group Name #15,3,15100,0
SEMG-06/SEMG-06_Mv3.tdms,16,Group Name #16,3,15100,0
SEMG-06/SEMG-06_Mv3.tdms,17,Group Name #17,3,15000,0
SEMG-06/SEMG-06_Mv3.tdms,18,Group Name #18,3,15000,0
SEMG-06/SEMG-06_Mv3.tdms,19,Group Name #19,3,15000,0
SEMG-06/SEMG-06_Mv3.tdms,20,Group Name #20,3,15000,0
SEMG-06/SEMG-06_Mv3.tdms,21,Group Name #21,3,15000,0
SEMG-06/SEMG-06_Mv3.tdms,22,Group Name #22,3,15000,0
SEMG-06/SEMG-06_Mv3.tdms,23,Group Name #23,3,15000,0
SEMG-06/SEMG-06_Mv3.tdms,24,Group Name #24,3,15000,0
SEMG-06/SEMG-06_Mv3.tdms,25,Group Name #25,3,15000,0
SEMG-06/SEMG-06_Mv3.tdms,26,Group Name #26,3,15000,0
SEMG-06/SEMG-06_Mv3.tdms,27,Group Name #27,3,15000,0
SEMG-06/SEMG-06_Mv3.tdms,28,Group Name #28,3,15000,0
SEMG-06/SEMG-06_Mv3.tdms,29,Group Name #29,3,15000,0
SEMG-06/SEMG-06_Mv3.tdms,30,Group Name #30,3,15000,0
SEMG-06/SEMG-06_Mv3.tdms,31,Group Name #31,3,15000,0
SEMG-06/SEMG-06_Mv4.tdms,0,Group Name,3,84500,0
SEMG-06/SEMG-06_Mv4.tdms,1,Group Name #1,3,15100,0
SEMG-06/SEMG-06_Mv4.tdms,2,Group Name #2,3,15100,0
SEMG-06/SEMG-06_Mv4.tdms,3,Group Name #3,3,15100,0
SEMG-06/SEMG-06_Mv4.tdms,4,Group Name #4,3,15000,0
SEMG-06/SEMG-06_Mv4.tdms,5,Group Name #5,3,15100,0
SEMG-06/SEMG-06_Mv4.tdms,6,Group Name #6,3,15100,0
SEMG-06/SEMG-06_Mv4.tdms,7,Group Name #7,3,15100,0
SEMG-06/SEMG-06_Mv4.tdms,8,Group Name #8,3,15100,0
SEMG-06/SEMG-06_Mv4.tdms,9,Group Name #9,3,15000,0
SEMG-06/SEMG-06_Mv4.tdms,10,Group Name #10,3,15000,0
SEMG-06/SEMG-06_Mv4.tdms,11,Group Name #11,3,15000,0
SEMG-06/SEMG-06_Mv4.tdms,12,Group Name #12,3,15000,0
SEMG-06/SEMG-06_Mv4.tdms,13,Group Name #13,3,15000,0
SEMG-06/SEMG-06_Mv4.tdms,14,Group Name #14,3,15100,0
SEMG-06/SEMG-06_Mv4.tdms,15,Group Name #15,3,15000,0
SEMG-06/SEMG-06_Mv4.tdms,16,Group Name #16,3,15000,0
SEMG-06/SEMG-06_Mv4.tdms,17,Group Name #17,3,15000,0
SEMG-06/SEMG-06_Mv4.tdms,18,Group Name #18,3,15000,0
SEMG-06/SEMG-06_Mv4.tdms,19,Group Name #19,3,15000,0
SEMG-06/SEMG-06_Mv4.tdms,20,Group Name #20,3,15000,0
SEMG-06/SEMG-06_Mv4.tdms,21,Group Name #21,3,5400,0
SEMG-06/SEMG-06_Mv4.tdms,22,Group Name #22,3,15000,0
SEMG-06/SEMG-06_Mv4.tdms,23,Group Name #23,3,15000,0
SEMG-06/SEMG-06_Mv4.tdms,24,Group Name #24,3,15000,0
SEMG-06/SEMG-06_Mv4.tdms,25,Group Name #25,3,15000,0
SEMG-06/SEMG-06_Mv4.tdms,26,Group Name #26,3,15000,0
SEMG-06/SEMG-06_Mv4.tdms,27,Group Name #27,3,15000,0
SEMG-06/SEMG-06_Mv4.tdms,28,Group Name #28,3,15000,0
SEMG-06/SEMG-06_Mv4.tdms,29,Group Name #29,3,15000,0
SEMG-06/SEMG-06_Mv4.tdms,30,Group Name #30,3,15000,0
SEMG-06/SEMG-06_Mv4.tdms,31,Group Name #31,3,15000,0
SEMG-06/SEMG-06_Mv5.tdms,0,Group Name,3,15100,0
SEMG-06/SEMG-06_Mv5.tdms,1,Group Name #1,3,15100,0
SEMG-06/SEMG-06_Mv5.tdms,2,Group Name #2,3,15100,0
SEMG-06/SEMG-06_Mv5.tdms,3,Group Name #3,3,15100,0
SEMG-06/SEMG-06_Mv5.tdms,4,Group Name #4,3,15100,0
SEMG-06/SEMG-06_Mv5.tdms,5,Group Name #5,3,15100,0
SEMG-06/SEMG-06_Mv5.tdms,6,Group Name #6,3,15100,0
SEMG-06/SEMG-06_Mv5.tdms,7,Group Name #7,3,15100,0
SEMG-06/SEMG-06_Mv5.tdms,8,Group Name #8,3,15100,0
SEMG-06/SEMG-06_Mv5.tdms,9,Group Name #9,3,15100,0
SEMG-06/SEMG-06_Mv5.tdms,10,Group Name #10,3,15100,0
SEMG-06/SEMG-06_Mv5.tdms,11,Group Name #11,3,15100,0
SEMG-06/SEMG-06_Mv5.tdms,12,Group Name #12,3,15100,0
SEMG-06/SEMG-06_Mv5.tdms,13,Group Name #13,3,15100,0
SEMG-06/SEMG-06_Mv5.tdms,14,Group Name #14,3,15100,0
SEMG-06/SEMG-06_Mv5.tdms,15,Group Name #15,3,15100,0
SEMG-06/SEMG-06_Mv5.tdms,16,Group Name #16,3,15100,0
SEMG-06/SEMG-06_Mv5.tdms,17,Group Name #17,3,15100,0
SEMG-06/SEMG-06_Mv5.tdms,18,Group Name #18,3,15100,0
SEMG-06/SEMG-06_Mv5.tdms,19,Group Name #19,3,15100,0
SEMG-06/SEMG-06_Mv5.tdms,20,Group Name #20,3,15100,0
SEMG-06/SEMG-06_Mv5.tdms,21,Group Name #21,3,15000,0
SEMG-06/SEMG-06_Mv5.tdms,22,Group Name #22,3,15100,0
SEMG-06/SEMG-06_Mv5.tdms,23,Group Name #23,3,15100,0
SEMG-06/SEMG-06_Mv5.tdms,24,Group Name #24,3,15100,0
SEMG-06/SEMG-06_Mv5.tdms,25,Group Name #25,3,15100,0
SEMG-06/SEMG-06_Mv5.tdms,26,Group Name #26,3,15100,0
SEMG-06/SEMG-06_Mv5.tdms,27,Group Name #27,3,15000,0
SEMG-06/SEMG-06_Mv5.tdms,28,Group Name #28,3,15000,0
SEMG-06/SEMG-06_Mv5.tdms,29,Group Name #29,3,15000,0
SEMG-06/SEMG-06_Mv5.tdms,30,Group Name #30,3,100,0
SEMG-07/SEMG-07_Mv1.tdms,0,Group Name,3,188300,0
SEMG-07/SEMG-07_Mv1.tdms,1,Group Name #1,3,15100,0
SEMG-07/SEMG-07_Mv1.tdms,2,Group Name #2,3,15100,0
SEMG-07/SEMG-07_Mv1.tdms,3,Group Name #3,3,15100,0
SEMG-07/SEMG-07_Mv1.tdms,4,Group Name #4,3,15100,0
SEMG-07/SEMG-07_Mv1.tdms,5,Group Name #5,3,15100,0
SEMG-07/SEMG-07_Mv1.tdms,6,Group Name #6,3,15100,0
SEMG-07/SEMG-07_Mv1.tdms,7,Group Name #7,3,15100,0
SEMG-07/SEMG-07_Mv1.tdms,8,Group Name #8,3,15100,0
SEMG-07/SEMG-07_Mv1.tdms,9,Group Name #9,3,15100,0
SEMG-07/SEMG-07_Mv1.tdms,10,Group Name #10,3,15100,0
SEMG-07/SEMG-07_Mv1.tdms,11,Group Name #11,3,7800,0
SEMG-07/SEMG-07_Mv1.tdms,12,Group Name #12,3,15100,0
SEMG-07/SEMG-07_Mv1.tdms,13,Group Name #13,3,15100,0
SEMG-07/SEMG-07_Mv1.tdms,14,Group Name #14,3,15100,0
SEMG-07/SEMG-07_Mv1.tdms,15,Group Name #15,3,15100,0
SEMG-07/SEMG-07_Mv1.tdms,16,Group Name #16,3,15100,0
SEMG-07/SEMG-07_Mv1.tdms,17,Group Name #17,3,15100,0
SEMG-07/SEMG-07_Mv1.tdms,18,Group Name #18,3,15100,0
SEMG-07/SEMG-07_Mv1.tdms,19,Group Name #19,3,15100,0
SEMG-07/SEMG-07_Mv1.tdms,20,Group Name #20,3,15100,0
SEMG-07/SEMG-07_Mv1.tdms,21,Group Name #21,3,15100,0
SEMG-07/SEMG-07_Mv1.tdms,22,Group Name #22,3,15100,0
SEMG-07/SEMG-07_Mv1.tdms,23,Group Name #23,3,15100,0
SEMG-07/SEMG-07_Mv1.tdms,24,Group Name #24,3,15100,0
SEMG-07/SEMG-07_Mv1.tdms,25,Group Name #25,3,15100,0
SEMG-07/SEMG-07_Mv1.tdms,26,Group Name #26,3,15100,0
SEMG-07/SEMG-07_Mv1.tdms,27,Group Name #27,3,15100,0
SEMG-07/SEMG-07_Mv1.tdms,28,Group Name #28,3,15100,0
SEMG-07/SEMG-07_Mv1.tdms,29,Group Name #29,3,15100,0
SEMG-07/SEMG-07_Mv1.tdms,30,Group Name #30,3,15100,0
SEMG-07/SEMG-07_Mv1.tdms,31,Group Name #31,3,15100,0
SEMG-07/SEMG-07_Mv2.tdms,0,Group Name,3,40100,0
SEMG-07/SEMG-07_Mv2.tdms,1,Group Name #1,3,15100,0
SEMG-07/SEMG-07_Mv2.tdms,2,Group Name #2,3,15100,0
SEMG-07/SEMG-07_Mv2.tdms,3,Group Name #3,3,15100,0
SEMG-07/SEMG-07_Mv2.tdms,4,Group Name #4,3,15100,0
SEMG-07/SEMG-07_Mv2.tdms,5,Group Name #5,3,15100,0
SEMG-07/SEMG-07_Mv2.tdms,6,Group Name #6,3,15100,0
SEMG-07/SEMG-07_Mv2.tdms,7,Group Name #7,3,15100,0
SEMG-07/SEMG-07_Mv2.tdms,8,Group Name #8,3,15100,0
SEMG-07/SEMG-07_Mv2.tdms,9,Group Name #9,3,15100,0
SEMG-07/SEMG-07_Mv2.tdms,10,Group Name #10,3,15100,0
SEMG-07/SEMG-07_Mv2.tdms,11,Group Name #11,3,15100,0
SEMG-07/SEMG-07_Mv2.tdms,12,Group Name #12,3,15100,0
SEMG-07/SEMG-07_Mv2.tdms,13,Group Name #13,3,15100,0
SEMG-07/SEMG-07_Mv2.tdms,14,Group Name #14,3,15100,0
SEMG-07/SEMG-07_Mv2.tdms,15,Group Name #15,3,15100,0
SEMG-07/SEMG-07_Mv2.tdms,16,Group Name #16,3,15100,0
SEMG-07/SEMG-07_Mv2.tdms,17,Group Name #17,3,15100,0
SEMG-07/SEMG-07_Mv2.tdms,18,Group Name #18,3,15100,0
SEMG-07/SEMG-07_Mv2.tdms,19,Group Name #19,3,15100,0
SEMG-07/SEMG-07_Mv2.tdms,20,Group Name #20,3,15100,0
SEMG-07/SEMG-07_Mv2.tdms,21,Group Name #21,3,15100,0
SEMG-07/SEMG-07_Mv2.tdms,22,Group Name #22,3,15100,0
SEMG-07/SEMG-07_Mv2.tdms,23,Group Name #23,3,15100,0
SEMG-07/SEMG-07_Mv2.tdms,24,Group Name #24,3,15100,0
SEMG-07/SEMG-07_Mv2.tdms,25,Group Name #25,3,15100,0
SEMG-07/SEMG-07_Mv2.tdms,26,Group Name #26,3,15100,0
SEMG-07/SEMG-07_Mv2.tdms,27,Group Name #27,3,15100,0
SEMG-07/SEMG-07_Mv2.tdms,28,Group Name #28,3,15100,0
SEMG-07/SEMG-07_Mv2.tdms,29,Group Name #29,3,15100,0
SEMG-07/SEMG-07_Mv2.tdms,30,Group Name #30,3,15100,0
SEMG-07/SEMG-07_Mv3.tdms,0,Group Name,3,69600,0
SEMG-07/SEMG-07_Mv3.tdms,1,Group Name #1,3,15100,0
SEMG-07/SEMG-07_Mv3.tdms,2,Group Name #2,3,15100,0
SEMG-07/SEMG-07_Mv3.tdms,3,Group Name #3,3,15100,0
SEMG-07/SEMG-07_Mv3.tdms,4,Group Name #4,3,15100,0
SEMG-07/SEMG-07_Mv3.tdms,5,Group Name #5,3,15100,0
SEMG-07/SEMG-07_Mv3.tdms,6,Group Name #6,3,15100,0
SEMG-07/SEMG-07_Mv3.tdms,7,Group Name #7,3,15100,0
SEMG-07/SEMG-07_Mv3.tdms,8,Group Name #8,3,15100,0
SEMG-07/SEMG-07_Mv3.tdms,9,Group Name #9,3,15000,0
SEMG-07/SEMG-07_Mv3.tdms,10,Group Name #10,3,15100,0
SEMG-07/SEMG-07_Mv3.tdms,11,Group Name #11,3,15100,0
SEMG-07/SEMG-07_Mv3.tdms,12,Group Name #12,3,15100,0
SEMG-07/SEMG-07_Mv3.tdms,13,Group Name #13,3,15100,0
SEMG-07/SEMG-07_Mv3.tdms,14,Group Name #14,3,15100,0
SEMG-07/SEMG-07_Mv3.tdms,15,Group Name #15,3,15100,0
SEMG-07/SEMG-07_Mv3.tdms,16,Group Name #16,3,15100,0
SEMG-07/SEMG-07_Mv3.tdms,17,Group Name #17,3,15100,0
SEMG-07/SEMG-07_Mv3.tdms,18,Group Name #18,3,15100,0
SEMG-07/SEMG-07_Mv3.tdms,19,Group Name #19,3,15100,0
SEMG-07/SEMG-07_Mv3.tdms,20,Group Name #20,3,15100,0
SEMG-07/SEMG-07_Mv3.tdms,21,Group Name #21,3,15100,0
SEMG-07/SEMG-07_Mv3.tdms,22,Group Name #22,3,15100,0
SEMG-07/SEMG-07_Mv3.tdms,23,Group Name #23,3,15100,0
SEMG-07/SEMG-07_Mv3.tdms,24,Group Name #24,3,15100,0
SEMG-07/SEMG-07_Mv3.tdms,25,Group Name #25,3,15100,0
SEMG-07/SEMG-07_Mv3.tdms,26,Group Name #26,3,15100,0
SEMG-07/SEMG-07_Mv3.tdms,27,Group Name #27,3,15100,0
SEMG-07/SEMG-07_Mv3.tdms,28,Group Name #28,3,15100,0
SEMG-07/SEMG-07_Mv3.tdms,29,Group Name #29,3,15100,0
SEMG-07/SEMG-07_Mv3.tdms,30,Group Name #30,3,15100,0
SEMG-07/SEMG-07_Mv3.tdms,31,Group Name #31,3,15100,0
SEMG-07/SEMG-07_Mv3.tdms,32,Group Name #32,3,15100,0
SEMG-07/SEMG-07_Mv4.tdms,0,Group Name,3,53100,0
SEMG-07/SEMG-07_Mv4.tdms,1,Group Name #1,3,15100,0
SEMG-07/SEMG-07_Mv4.tdms,2,Group Name #2,3,15100,0
SEMG-07/SEMG-07_Mv4.tdms,3,Group Name #3,3,15100,0
SEMG-07/SEMG-07_Mv4.tdms,4,Group Name #4,3,15100,0
SEMG-07/SEMG-07_Mv4.tdms,5,Group Name #5,3,15100,0
SEMG-07/SEMG-07_Mv4.tdms,6,Group Name #6,3,15100,0
SEMG-07/SEMG-07_Mv4.tdms,7,Group Name #7,3,15100,0
SEMG-07/SEMG-07_Mv4.tdms,8,Group Name #8,3,15100,0
SEMG-07/SEMG-07_Mv4.tdms,9,Group Name #9,3,15100,0
SEMG-07/SEMG-07_Mv4.tdms,10,Group Name #10,3,15100,0
SEMG-07/SEMG-07_Mv4.tdms,11,Group Name #11,3,15100,0
SEMG-07/SEMG-07_Mv4.tdms,12,Group Name #12,3,15100,0
SEMG-07/SEMG-07_Mv4.tdms,13,Group Name #13,3,15100,0
SEMG-07/SEMG-07_Mv4.tdms,14,Group Name #14,3,15100,0
SEMG-07/SEMG-07_Mv4.tdms,15,Group Name #15,3,15100,0
SEMG-07/SEMG-07_Mv4.tdms,16,Group Name #16,3,15100,0
SEMG-07/SEMG-07_Mv4.tdms,17,Group Name #17,3,15100,0
SEMG-07/SEMG-07_Mv4.tdms,18,Group Name #18,3,15100,0
SEMG-07/SEMG-07_Mv4.tdms,19,Group Name #19,3,15100,0
SEMG-07/SEMG-07_Mv4.tdms,20,Group Name #20,3,15100,0
SEMG-07/SEMG-07_Mv4.tdms,21,Group Name #21,3,15100,0
SEMG-07/SEMG-07_Mv4.tdms,22,Group Name #22,3,15100,0
SEMG-07/SEMG-07_Mv4.tdms,23,Group Name #23,3,15100,0
SEMG-07/SEMG-07_Mv4.tdms,24,Group Name #24,3,15100,0
SEMG-07/SEMG-07_Mv4.tdms,25,Group Name #25,3,15100,0
SEMG-07/SEMG-07_Mv4.tdms,26,Group Name #26,3,15100,0
SEMG-07/SEMG-07_Mv4.tdms,27,Group Name #27,3,15100,0
SEMG-07/SEMG-07_Mv4.tdms,28,Group Name #28,3,15100,0
SEMG-07/SEMG-07_Mv4.tdms,29,Group Name #29,3,15100,0
SEMG-07/SEMG-07_Mv4.tdms,30,Group Name #30,3,15100,0
SEMG-07/SEMG-07_Mv5.tdms,0,Group Name,3,15100,0
SEMG-07/SEMG-07_Mv5.tdms,1,Group Name #1,3,15100,0
SEMG-07/SEMG-07_Mv5.tdms,2,Group Name #2,3,15100,0
SEMG-07/SEMG-07_Mv5.tdms,3,Group Name #3,3,15100,0
SEMG-07/SEMG-07_Mv5.tdms,4,Group Name #4,3,15100,0
SEMG-07/SEMG-07_Mv5.tdms,5,Group Name #5,3,15100,0
SEMG-07/SEMG-07_Mv5.tdms,6,Group Name #6,3,15100,0
SEMG-07/SEMG-07_Mv5.tdms,7,Group Name #7,3,15100,0
SEMG-07/SEMG-07_Mv5.tdms,8,Group Name #8,3,15100,0
SEMG-07/SEMG-07_Mv5.tdms,9,Group Name #9,3,15100,0
SEMG-07/SEMG-07_Mv5.tdms,10,Group Name #10,3,15100,0
SEMG-07/SEMG-07_Mv5.tdms,11,Group Name #11,3,15100,0
SEMG-07/SEMG-07_Mv5.tdms,12,Group Name #12,3,15100,0
SEMG-07/SEMG-07_Mv5.tdms,13,Group Name #13,3,15100,0
SEMG-07/SEMG-07_Mv5.tdms,14,Group Name #14,3,15100,0
SEMG-07/SEMG-07_Mv5.tdms,15,Group Name #15,3,15100,0
SEMG-07/SEMG-07_Mv5.tdms,16,Group Name #16,3,15100,0
SEMG-07/SEMG-07_Mv5.tdms,17,Group Name #17,3,15100,0
SEMG-07/SEMG-07_Mv5.tdms,18,Group Name #18,3,15100,0
SEMG-07/SEMG-07_Mv5.tdms,19,Group Name #19,3,15100,0
SEMG-07/SEMG-07_Mv5.tdms,20,Group Name #20,3,15100,0
SEMG-07/SEMG-07_Mv5.tdms,21,Group Name #21,3,15100,0
SEMG-07/SEMG-07_Mv5.tdms,22,Group Name #22,3,15100,0
SEMG-07/SEMG-07_Mv5.tdms,23,Group Name #23,3,15100,0
SEMG-07/SEMG-07_Mv5.tdms,24,Group Name #24,3,15100,0
SEMG-07/SEMG-07_Mv5.tdms,25,Group Name #25,3,15100,0
SEMG-07/SEMG-07_Mv5.tdms,26,Group Name #26,3,15100,0
SEMG-07/SEMG-07_Mv5.tdms,27,Group Name #27,3,15100,0
SEMG-07/SEMG-07_Mv5.tdms,28,Group Name #28,3,15100,0
SEMG-07/SEMG-07_Mv5.tdms,29,Group Name #29,3,15100,0
SEMG-07/SEMG-07_Mv5.tdms,30,Group Name #30,3,200,0
SEMG-08/SEMG-08_Mv1.tdms,0,Group Name,3,73200,0
SEMG-08/SEMG-08_Mv1.tdms,1,Group Name #1,3,15100,0
SEMG-08/SEMG-08_Mv1.tdms,2,Group Name #2,3,15100,0
SEMG-08/SEMG-08_Mv1.tdms,3,Group Name #3,3,15100,0
SEMG-08/SEMG-08_Mv1.tdms,4,Group Name #4,3,15100,0
SEMG-08/SEMG-08_Mv1.tdms,5,Group Name #5,3,15100,0
SEMG-08/SEMG-08_Mv1.tdms,6,Group Name #6,3,15100,0
SEMG-08/SEMG-08_Mv1.tdms,7,Group Name #7,3,15100,0
SEMG-08/SEMG-08_Mv1.tdms,8,Group Name #8,3,15100,0
SEMG-08/SEMG-08_Mv1.tdms,9,Group Name #9,3,15100,0
SEMG-08/SEMG-08_Mv1.tdms,10,Group Name #10,3,15100,0
SEMG-08/SEMG-08_Mv1.tdms,11,Group Name #11,3,15100,0
SEMG-08/SEMG-08_Mv1.tdms,12,Group Name #12,3,15100,0
SEMG-08/SEMG-08_Mv1.tdms,13,Group Name #13,3,15100,0
SEMG-08/SEMG-08_Mv1.tdms,14,Group Name #14,3,15100,0
SEMG-08/SEMG-08_Mv1.tdms,15,Group Name #15,3,15100,0
SEMG-08/SEMG-08_Mv1.tdms,16,Group Name #16,3,15100,0
SEMG-08/SEMG-08_Mv1.tdms,17,Group Name #17,3,15100,0
SEMG-08/SEMG-08_Mv1.tdms,18,Group Name #18,3,15100,0
SEMG-08/SEMG-08_Mv1.tdms,19,Group Name #19,3,15100,0
SEMG-08/SEMG-08_Mv1.tdms,20,Group Name #20,3,15100,0
SEMG-08/SEMG-08_Mv1.tdms,21,Group Name #21,3,15100,0
SEMG-08/SEMG-08_Mv1.tdms,22,Group Name #22,3,15100,0
SEMG-08/SEMG-08_Mv1.tdms,23,Group Name #23,3,15100,0
SEMG-08/SEMG-08_Mv1.tdms,24,Group Name #24,3,15100,0
SEMG-08/SEMG-08_Mv1.tdms,25,Group Name #25,3,14300,0
SEMG-08/SEMG-08_Mv1.tdms,26,Group Name #26,3,15100,0
SEMG-08/SEMG-08_Mv1.tdms,27,Group Name #27,3,15100,0
SEMG-08/SEMG-08_Mv1.tdms,28,Group Name #28,3,15100,0
SEMG-08/SEMG-08_Mv1.tdms,29,Group Name #29,3,15100,0
SEMG-08/SEMG-08_Mv1.tdms,30,Group Name #30,3,15100,0
SEMG-08/SEMG-08_Mv2.tdms,0,Group Name,3,40600,0
SEMG-08/SEMG-08_Mv2.tdms,1,Group Name #1,3,15100,0
SEMG-08/SEMG-08_Mv2.tdms,2,Group Name #2,3,15100,0
SEMG-08/SEMG-08_Mv2.tdms,3,Group Name #3,3,15100,0
SEMG-08/SEMG-08_Mv2.tdms,4,Group Name #4,3,15100,0
SEMG-08/SEMG-08_Mv2.tdms,5,Group Name #5,3,15100,0
SEMG-08/SEMG-08_Mv2.tdms,6,Group Name #6,3,15100,0
SEMG-08/SEMG-08_Mv2.tdms,7,Group Name #7,3,15100,0
SEMG-08/SEMG-08_Mv2.tdms,8,Group Name #8,3,15100,0
SEMG-08/SEMG-08_Mv2.tdms,9,Group Name #9,3,15100,0
SEMG-08/SEMG-08_Mv2.tdms,10,Group Name #10,3,15100,0
SEMG-08/SEMG-08_Mv2.tdms,11,Group Name #11,3,15100,0
SEMG-08/SEMG-08_Mv2.tdms,12,Group Name #12,3,15100,0
SEMG-08/SEMG-08_Mv2.tdms,13,Group Name #13,3,15100,0
SEMG-08/SEMG-08_Mv2.tdms,14,Group Name #14,3,15100,0
SEMG-08/SEMG-08_Mv2.tdms,15,Group Name #15,3,15100,0
SEMG-08/SEMG-08_Mv2.tdms,16,Group Name #16,3,15100,0
SEMG-08/SEMG-08_Mv2.tdms,17,Group Name #17,3,15100,0
SEMG-08/SEMG-08_Mv2.tdms,18,Group Name #18,3,15100,0
SEMG-08/SEMG-08_Mv2.tdms,19,Group Name #19,3,15100,0
SEMG-08/SEMG-08_Mv2.tdms,20,Group Name #20,3,15100,0
SEMG-08/SEMG-08_Mv2.tdms,21,Group Name #21,3,15100,0
SEMG-08/SEMG-08_Mv2.tdms,22,Group Name #22,3,15100,0
SEMG-08/SEMG-08_Mv2.tdms,23,Group Name #23,3,15100,0
SEMG-08/SEMG-08_Mv2.tdms,24,Group Name #24,3,15100,0
SEMG-08/SEMG-08_Mv2.tdms,25,Group Name #25,3,15100,0
SEMG-08/SEMG-08_Mv2.tdms,26,Group Name #26,3,15100,0
SEMG-08/SEMG-08_Mv2.tdms,27,Group Name #27,3,15100,0
SEMG-08/SEMG-08_Mv2.tdms,28,Group Name #28,3,15100,0
SEMG-08/SEMG-08_Mv2.tdms,29,Group Name #29,3,15100,0
SEMG-08/SEMG-08_Mv2.tdms,30,Group Name #30,3,15100,0
SEMG-08/SEMG-08_Mv3.tdms,0,Group Name,3,34000,0
SEMG-08/SEMG-08_Mv3.tdms,1,Group Name #1,3,30700,0
SEMG-08/SEMG-08_Mv3.tdms,2,Group Name #2,3,15100,0
SEMG-08/SEMG-08_Mv3.tdms,3,Group Name #3,3,15100,0
SEMG-08/SEMG-08_Mv3.tdms,4,Group Name #4,3,15100,0
SEMG-08/SEMG-08_Mv3.tdms,5,Group Name #5,3,15100,0
SEMG-08/SEMG-08_Mv3.tdms,6,Group Name #6,3,15100,0
SEMG-08/SEMG-08_Mv3.tdms,7,Group Name #7,3,15100,0
SEMG-08/SEMG-08_Mv3.tdms,8,Group Name #8,3,15100,0
SEMG-08/SEMG-08_Mv3.tdms,9,Group Name #9,3,15100,0
SEMG-08/SEMG-08_Mv3.tdms,10,Group Name #10,3,15100,0
SEMG-08/SEMG-08_Mv3.tdms,11,Group Name #11,3,15100,0
SEMG-08/SEMG-08_Mv3.tdms,12,Group Name #12,3,15100,0
SEMG-08/SEMG-08_Mv3.tdms,13,Group Name #13,3,15100,0
SEMG-08/SEMG-08_Mv3.tdms,14,Group Name #14,3,15100,0
SEMG-08/SEMG-08_Mv3.tdms,15,Group Name #15,3,15100,0
SEMG-08/SEMG-08_Mv3.tdms,16,Group Name #16,3,15100,0
SEMG-08/SEMG-08_Mv3.tdms,17,Group Name #17,3,15100,0
SEMG-08/SEMG-08_Mv3.tdms,18,Group Name #18,3,15100,0
SEMG-08/SEMG-08_Mv3.tdms,19,Group Name #19,3,15100,0
SEMG-08/SEMG-08_Mv3.tdms,20,Group Name #20,3,15100,0
SEMG-08/SEMG-08_Mv3.tdms,21,Group Name #21,3,15100,0
SEMG-08/SEMG-08_Mv3.tdms,22,Group Name #22,3,15100,0
SEMG-08/SEMG-08_Mv3.tdms,23,Group Name #23,3,15100,0
SEMG-08/SEMG-08_Mv3.tdms,24,Group Name #24,3,15100,0
SEMG-08/SEMG-08_Mv3.tdms,25,Group Name #25,3,15100,0
SEMG-08/SEMG-08_Mv3.tdms,26,Group Name #26,3,15100,0
SEMG-08/SEMG-08_Mv3.tdms,27,Group Name #27,3,15100,0
SEMG-08/SEMG-08_Mv3.tdms,28,Group Name #28,3,15100,0
SEMG-08/SEMG-08_Mv3.tdms,29,Group Name #29,3,15100,0
SEMG-08/SEMG-08_Mv3.tdms,30,Group Name #30,3,15100,0
SEMG-08/SEMG-08_Mv3.tdms,31,Group Name #31,3,15100,0
SEMG-08/SEMG-08_Mv3.tdms,32,Group Name #32,3,15100,0
SEMG-08/SEMG-08_Mv4.tdms,0,Group Name,3,97900,0
SEMG-08/SEMG-08_Mv4.tdms,1,Group Name #1,3,15100,0
SEMG-08/SEMG-08_Mv4.tdms,2,Group Name #2,3,15100,0
SEMG-08/SEMG-08_Mv4.tdms,3,Group Name #3,3,15100,0
SEMG-08/SEMG-08_Mv4.tdms,4,Group Name #4,3,15100,0
SEMG-08/SEMG-08_Mv4.tdms,5,Group Name #5,3,15100,0
SEMG-08/SEMG-08_Mv4.tdms,6,Group Name #6,3,15100,0
SEMG-08/SEMG-08_Mv4.tdms,7,Group Name #7,3,15100,0
SEMG-08/SEMG-08_Mv4.tdms,8,Group Name #8,3,15100,0
SEMG-08/SEMG-08_Mv4.tdms,9,Group Name #9,3,15100,0
SEMG-08/SEMG-08_Mv4.tdms,10,Group Name #10,3,15100,0
SEMG-08/SEMG-08_Mv4.tdms,11,Group Name #11,3,15100,0
SEMG-08/SEMG-08_Mv4.tdms,12,Group Name #12,3,15100,0
SEMG-08/SEMG-08_Mv4.tdms,13,Group Name #13,3,15100,0
SEMG-08/SEMG-08_Mv4.tdms,14,Group Name #14,3,15100,0
SEMG-08/SEMG-08_Mv4.tdms,15,Group Name #15,3,15100,0
SEMG-08/SEMG-08_Mv4.tdms,16,Group Name #16,3,15100,0
SEMG-08/SEMG-08_Mv4.tdms,17,Group Name #17,3,15100,0
SEMG-08/SEMG-08_Mv4.tdms,18,Group Name #18,3,15100,0
SEMG-08/SEMG-08_Mv4.tdms,19,Group Name #19,3,15100,0
SEMG-08/SEMG-08_Mv4.tdms,20,Group Name #20,3,15100,0
SEMG-08/SEMG-08_Mv4.tdms,21,Group Name #21,3,15100,0
SEMG-08/SEMG-08_Mv4.tdms,22,Group Name #22,3,15100,0
SEMG-08/SEMG-08_Mv4.tdms,23,Group Name #23,3,15100,0
SEMG-08/SEMG-08_Mv4.tdms,24,Group Name #24,3,15100,0
SEMG-08/SEMG-08_Mv4.tdms,25,Group Name #25,3,15100,0
SEMG-08/SEMG-08_Mv4.tdms,26,Group Name #26,3,15100,0
SEMG-08/SEMG-08_Mv4.tdms,27,Group Name #27,3,15100,0
SEMG-08/SEMG-08_Mv4.tdms,28,Group Name #28,3,15100,0
SEMG-08/SEMG-08_Mv4.tdms,29,Group Name #29,3,15100,0
SEMG-08/SEMG-08_Mv4.tdms,30,Group Name #30,3,15100,0
SEMG-08/SEMG-08_Mv4.tdms,31,Group Name #31,3,15100,0
SEMG-08/SEMG-08_Mv4.tdms,32,Group Name #32,3,15100,0
SEMG-08/SEMG-08_Mv4.tdms,33,Group Name #33,3,15100,0
SEMG-08/SEMG-08_Mv5.tdms,0,Group Name,3,15100,0
SEMG-08/SEMG-08_Mv5.tdms,1,Group Name #1,3,15100,0
SEMG-08/SEMG-08_Mv5.tdms,2,Group Name #2,3,15100,0
SEMG-08/SEMG-08_Mv5.tdms,3,Group Name #3,3,15100,0
SEMG-08/SEMG-08_Mv5.tdms,4,Group Name #4,3,15100,0
SEMG-08/SEMG-08_Mv5.tdms,5,Group Name #5,3,15100,0
SEMG-08/SEMG-08_Mv5.tdms,6,Group Name #6,3,15100,0
SEMG-08/SEMG-08_Mv5.tdms,7,Group Name #7,3,15100,0
SEMG-08/SEMG-08_Mv5.tdms,8,Group Name #8,3,15100,0
SEMG-08/SEMG-08_Mv5.tdms,9,Group Name #9,3,15100,0
SEMG-08/SEMG-08_Mv5.tdms,10,Group Name #10,3,15100,0
SEMG-08/SEMG-08_Mv5.tdms,11,Group Name #11,3,15100,0
SEMG-08/SEMG-08_Mv5.tdms,12,Group Name #12,3,15100,0
SEMG-08/SEMG-08_Mv5.tdms,13,Group Name #13,3,15100,0
SEMG-08/SEMG-08_Mv5.tdms,14,Group Name #14,3,15100,0
SEMG-08/SEMG-08_Mv5.tdms,15,Group Name #15,3,15100,0
SEMG-08/SEMG-08_Mv5.tdms,16,Group Name #16,3,15100,0
SEMG-08/SEMG-08_Mv5.tdms,17,Group Name #17,3,15100,0
SEMG-08/SEMG-08_Mv5.tdms,18,Group Name #18,3,15100,0
SEMG-08/SEMG-08_Mv5.tdms,19,Group Name #19,3,15100,0
SEMG-08/SEMG-08_Mv5.tdms,20,Group Name #20,3,15100,0
SEMG-08/SEMG-08_Mv5.tdms,21,Group Name #21,3,15100,0
SEMG-08/SEMG-08_Mv5.tdms,22,Group Name #22,3,15100,0
SEMG-08/SEMG-08_Mv5.tdms,23,Group Name #23,3,15100,0
SEMG-08/SEMG-08_Mv5.tdms,24,Group Name #24,3,15100,0
SEMG-08/SEMG-08_Mv5.tdms,25,Group Name #25,3,15100,0
SEMG-08/SEMG-08_Mv5.tdms,26,Group Name #26,3,15100,0
SEMG-08/SEMG-08_Mv5.tdms,27,Group Name #27,3,15100,0
SEMG-08/SEMG-08_Mv5.tdms,28,Group Name #28,3,15100,0
SEMG-08/SEMG-08_Mv5.tdms,29,Group Name #29,3,15100,0
SEMG-08/SEMG-08_Mv5.tdms,30,Group Name #30,3,15100,0
SEMG-08/SEMG-08_Mv5.tdms,31,Group Name #31,3,800,0
SEMG-09/SEMG-09_Mv1.tdms,0,Group Name,3,568400,0
SEMG-09/SEMG-09_Mv1.tdms,1,Group Name #1,3,14300,0
SEMG-09/SEMG-09_Mv1.tdms,2,Group Name #2,3,15100,0
SEMG-09/SEMG-09_Mv1.tdms,3,Group Name #3,3,15100,0
SEMG-09/SEMG-09_Mv1.tdms,4,Group Name #4,3,15100,0
SEMG-09/SEMG-09_Mv1.tdms,5,Group Name #5,3,15100,0
SEMG-09/SEMG-09_Mv1.tdms,6,Group Name #6,3,15100,0
SEMG-09/SEMG-09_Mv1.tdms,7,Group Name #7,3,15100,0
SEMG-09/SEMG-09_Mv1.tdms,8,Group Name #8,3,15100,0
SEMG-09/SEMG-09_Mv1.tdms,9,Group Name #9,3,15000,0
SEMG-09/SEMG-09_Mv1.tdms,10,Group Name #10,3,15000,0
SEMG-09/SEMG-09_Mv1.tdms,11,Group Name #11,3,15100,0
SEMG-09/SEMG-09_Mv1.tdms,12,Group Name #12,3,15100,0
SEMG-09/SEMG-09_Mv1.tdms,13,Group Name #13,3,15000,0
SEMG-09/SEMG-09_Mv1.tdms,14,Group Name #14,3,15100,0
SEMG-09/SEMG-09_Mv1.tdms,15,Group Name #15,3,14300,0
SEMG-09/SEMG-09_Mv1.tdms,16,Group Name #16,3,15100,0
SEMG-09/SEMG-09_Mv1.tdms,17,Group Name #17,3,15000,0
SEMG-09/SEMG-09_Mv1.tdms,18,Group Name #18,3,15000,0
SEMG-09/SEMG-09_Mv1.tdms,19,Group Name #19,3,15000,0
SEMG-09/SEMG-09_Mv1.tdms,20,Group Name #20,3,15000,0
SEMG-09/SEMG-09_Mv1.tdms,21,Group Name #21,3,15000,0
SEMG-09/SEMG-09_Mv1.tdms,22,Group Name #22,3,15000,0
SEMG-09/SEMG-09_Mv1.tdms,23,Group Name #23,3,15000,0
SEMG-09/SEMG-09_Mv1.tdms,24,Group Name #24,3,15000,0
SEMG-09/SEMG-09_Mv1.tdms,25,Group Name #25,3,15000,0
SEMG-09/SEMG-09_Mv1.tdms,26,Group Name #26,3,15000,0
SEMG-09/SEMG-09_Mv1.tdms,27,Group Name #27,3,15000,0
SEMG-09/SEMG-09_Mv1.tdms,28,Group Name #28,3,15000,0
SEMG-09/SEMG-09_Mv1.tdms,29,Group Name #29,3,15000,0
SEMG-09/SEMG-09_Mv1.tdms,30,Group Name #30,3,15000,0
SEMG-09/SEMG-09_Mv1.tdms,31,Group Name #31,3,15000,0
SEMG-09/SEMG-09_Mv1.tdms,32,Group Name #32,3,15000,0
SEMG-09/SEMG-09_Mv2.tdms,0,Group Name,3,46200,0
SEMG-09/SEMG-09_Mv2.tdms,1,Group Name #1,3,15100,0
SEMG-09/SEMG-09_Mv2.tdms,2,Group Name #2,3,15100,0
SEMG-09/SEMG-09_Mv2.tdms,3,Group Name #3,3,15100,0
SEMG-09/SEMG-09_Mv2.tdms,4,Group Name #4,3,15100,0
SEMG-09/SEMG-09_Mv2.tdms,5,Group Name #5,3,15100,0
SEMG-09/SEMG-09_Mv2.tdms,6,Group Name #6,3,15000,0
SEMG-09/SEMG-09_Mv2.tdms,7,Group Name #7,3,15000,0
SEMG-09/SEMG-09_Mv2.tdms,8,Group Name #8,3,15000,0
SEMG-09/SEMG-09_Mv2.tdms,9,Group Name #9,3,15000,0
SEMG-09/SEMG-09_Mv2.tdms,10,Group Name #10,3,15000,0
SEMG-09/SEMG-09_Mv2.tdms,11,Group Name #11,3,15100,0
SEMG-09/SEMG-09_Mv2.tdms,12,Group Name #12,3,15000,0
SEMG-09/SEMG-09_Mv2.tdms,13,Group Name #13,3,15000,0
SEMG-09/SEMG-09_Mv2.tdms,14,Group Name #14,3,15000,0
SEMG-09/SEMG-09_Mv2.tdms,15,Group Name #15,3,14300,0
SEMG-09/SEMG-09_Mv2.tdms,16,Group Name #16,3,15000,0
SEMG-09/SEMG-09_Mv2.tdms,17,Group Name #17,3,15000,0
SEMG-09/SEMG-09_Mv2.tdms,18,Group Name #18,3,15000,0
SEMG-09/SEMG-09_Mv2.tdms,19,Group Name #19,3,15000,0
SEMG-09/SEMG-09_Mv2.tdms,20,Group Name #20,3,15000,0
SEMG-09/SEMG-09_Mv2.tdms,21,Group Name #21,3,15000,0
SEMG-09/SEMG-09_Mv2.tdms,22,Group Name #22,3,15000,0
SEMG-09/SEMG-09_Mv2.tdms,23,Group Name #23,3,15000,0
SEMG-09/SEMG-09_Mv2.tdms,24,Group Name #24,3,15000,0
SEMG-09/SEMG-09_Mv2.tdms,25,Group Name #25,3,14300,0
SEMG-09/SEMG-09_Mv2.tdms,26,Group Name #26,3,15000,0
SEMG-09/SEMG-09_Mv2.tdms,27,Group Name #27,3,15000,0
SEMG-09/SEMG-09_Mv2.tdms,28,Group Name #28,3,15000,0
SEMG-09/SEMG-09_Mv2.tdms,29,Group Name #29,3,15000,0
SEMG-09/SEMG-09_Mv2.tdms,30,Group Name #30,3,15000,0
SEMG-09/SEMG-09_Mv2.tdms,31,Group Name #31,3,15000,0
SEMG-09/SEMG-09_Mv2.tdms,32,Group Name #32,3,67900,0
SEMG-09/SEMG-09_Mv2.tdms,33,Group Name #33,3,15000,0
SEMG-09/SEMG-09_Mv2.tdms,34,Group Name #34,3,15000,0
SEMG-09/SEMG-09_Mv2.tdms,35,Group Name #35,3,15000,0
SEMG-09/SEMG-09_Mv2.tdms,36,Group Name #36,3,15000,0
SEMG-09/SEMG-09_Mv3.tdms,0,Group Name,3,16800,0
SEMG-09/SEMG-09_Mv3.tdms,1,Group Name #1,3,15100,0
SEMG-09/SEMG-09_Mv3.tdms,2,Group Name #2,3,15100,0
SEMG-09/SEMG-09_Mv3.tdms,3,Group Name #3,3,15100,0
SEMG-09/SEMG-09_Mv3.tdms,4,Group Name #4,3,15100,0
SEMG-09/SEMG-09_Mv3.tdms,5,Group Name #5,3,14300,0
SEMG-09/SEMG-09_Mv3.tdms,6,Group Name #6,3,15100,0
SEMG-09/SEMG-09_Mv3.tdms,7,Group Name #7,3,15100,0
SEMG-09/SEMG-09_Mv3.tdms,8,Group Name #8,3,15000,0
SEMG-09/SEMG-09_Mv3.tdms,9,Group Name #9,3,15100,0
SEMG-09/SEMG-09_Mv3.tdms,10,Group Name #10,3,15000,0
SEMG-09/SEMG-09_Mv3.tdms,11,Group Name #11,3,15100,0
SEMG-09/SEMG-09_Mv3.tdms,12,Group Name #12,3,15000,0
SEMG-09/SEMG-09_Mv3.tdms,13,Group Name #13,3,15100,0
SEMG-09/SEMG-09_Mv3.tdms,14,Group Name #14,3,15000,0
SEMG-09/SEMG-09_Mv3.tdms,15,Group Name #15,3,15100,0
SEMG-09/SEMG-09_Mv3.tdms,16,Group Name #16,3,15100,0
SEMG-09/SEMG-09_Mv3.tdms,17,Group Name #17,3,15000,0
SEMG-09/SEMG-09_Mv3.tdms,18,Group Name #18,3,15000,0
SEMG-09/SEMG-09_Mv3.tdms,19,Group Name #19,3,15000,0
SEMG-09/SEMG-09_Mv3.tdms,20,Group Name #20,3,15000,0
SEMG-09/SEMG-09_Mv3.tdms,21,Group Name #21,3,15000,0
SEMG-09/SEMG-09_Mv3.tdms,22,Group Name #22,3,15000,0
SEMG-09/SEMG-09_Mv3.tdms,23,Group Name #23,3,15000,0
SEMG-09/SEMG-09_Mv3.tdms,24,Group Name #24,3,15000,0
SEMG-09/SEMG-09_Mv3.tdms,25,Group Name #25,3,15000,0
SEMG-09/SEMG-09_Mv3.tdms,26,Group Name #26,3,15000,0
SEMG-09/SEMG-09_Mv3.tdms,27,Group Name #27,3,15000,0
SEMG-09/SEMG-09_Mv3.tdms,28,Group Name #28,3,15000,0
SEMG-09/SEMG-09_Mv3.tdms,29,Group Name #29,3,15000,0
SEMG-09/SEMG-09_Mv3.tdms,30,Group Name #30,3,15000,0
SEMG-09/SEMG-09_Mv3.tdms,31,Group Name #31,3,15000,0
SEMG-09/SEMG-09_Mv4.tdms,0,Group Name,3,45200,0
SEMG-09/SEMG-09_Mv4.tdms,1,Group Name #1,3,15100,0
SEMG-09/SEMG-09_Mv4.tdms,2,Group Name #2,3,15100,0
SEMG-09/SEMG-09_Mv4.tdms,3,Group Name #3,3,15100,0
SEMG-09/SEMG-09_Mv4.tdms,4,Group Name #4,3,15100,0
SEMG-09/SEMG-09_Mv4.tdms,5,Group Name #5,3,15000,0
SEMG-09/SEMG-09_Mv4.tdms,6,Group Name #6,3,15000,0
SEMG-09/SEMG-09_Mv4.tdms,7,Group Name #7,3,15000,0
SEMG-09/SEMG-09_Mv4.tdms,8,Group Name #8,3,15000,0
SEMG-09/SEMG-09_Mv4.tdms,9,Group Name #9,3,15100,0
SEMG-09/SEMG-09_Mv4.tdms,10,Group Name #10,3,15100,0
SEMG-09/SEMG-09_Mv4.tdms,11,Group Name #11,3,15000,0
SEMG-09/SEMG-09_Mv4.tdms,12,Group Name #12,3,15000,0
SEMG-09/SEMG-09_Mv4.tdms,13,Group Name #13,3,15000,0
SEMG-09/SEMG-09_Mv4.tdms,14,Group Name #14,3,15000,0
SEMG-09/SEMG-09_Mv4.tdms,15,Group Name #15,3,15100,0
SEMG-09/SEMG-09_Mv4.tdms,16,Group Name #16,3,15000,0
SEMG-09/SEMG-09_Mv4.tdms,17,Group Name #17,3,15000,0
SEMG-09/SEMG-09_Mv4.tdms,18,Group Name #18,3,15000,0
SEMG-09/SEMG-09_Mv4.tdms,19,Group Name #19,3,15000,0
SEMG-09/SEMG-09_Mv4.tdms,20,Group Name #20,3,15000,0
SEMG-09/SEMG-09_Mv4.tdms,21,Group Name #21,3,15000,0
SEMG-09/SEMG-09_Mv4.tdms,22,Group Name #22,3,15000,0
SEMG-09/SEMG-09_Mv4.tdms,23,Group Name #23,3,15000,0
SEMG-09/SEMG-09_Mv4.tdms,24,Group Name #24,3,15000,0
SEMG-09/SEMG-09_Mv4.tdms,25,Group Name #25,3,15000,0
SEMG-09/SEMG-09_Mv4.tdms,26,Group Name #26,3,14300,0
SEMG-09/SEMG-09_Mv4.tdms,27,Group Name #27,3,15000,0
SEMG-09/SEMG-09_Mv4.tdms,28,Group Name #28,3,15000,0
SEMG-09/SEMG-09_Mv4.tdms,29,Group Name #29,3,15000,0
SEMG-09/SEMG-09_Mv4.tdms,30,Group Name #30,3,15000,0
SEMG-09/SEMG-09_Mv4.tdms,31,Group Name #31,3,15000,0
SEMG-09/SEMG-09_Mv5.tdms,0,Group Name,3,15100,0
SEMG-09/SEMG-09_Mv5.tdms,1,Group Name #1,3,15100,0
SEMG-09/SEMG-09_Mv5.tdms,2,Group Name #2,3,15100,0
SEMG-09/SEMG-09_Mv5.tdms,3,Group Name #3,3,15100,0
SEMG-09/SEMG-09_Mv5.tdms,4,Group Name #4,3,15100,0
SEMG-09/SEMG-09_Mv5.tdms,5,Group Name #5,3,15100,0
SEMG-09/SEMG-09_Mv5.tdms,6,Group Name #6,3,15100,0
SEMG-09/SEMG-09_Mv5.tdms,7,Group Name #7,3,15100,0
SEMG-09/SEMG-09_Mv5.tdms,8,Group Name #8,3,15100,0
SEMG-09/SEMG-09_Mv5.tdms,9,Group Name #9,3,15100,0
SEMG-09/SEMG-09_Mv5.tdms,10,Group Name #10,3,15100,0
SEMG-09/SEMG-09_Mv5.tdms,11,Group Name #11,3,15100,0
SEMG-09/SEMG-09_Mv5.tdms,12,Group Name #12,3,15100,0
SEMG-09/SEMG-09_Mv5.tdms,13,Group Name #13,3,15100,0
SEMG-09/SEMG-09_Mv5.tdms,14,Group Name #14,3,15100,0
SEMG-09/SEMG-09_Mv5.tdms,15,Group Name #15,3,15100,0
SEMG-09/SEMG-09_Mv5.tdms,16,Group Name #16,3,15100,0
SEMG-09/SEMG-09_Mv5.tdms,17,Group Name #17,3,15100,0
SEMG-09/SEMG-09_Mv5.tdms,18,Group Name #18,3,15100,0
SEMG-09/SEMG-09_Mv5.tdms,19,Group Name #19,3,15100,0
SEMG-09/SEMG-09_Mv5.tdms,20,Group Name #20,3,15100,0
SEMG-09/SEMG-09_Mv5.tdms,21,Group Name #21,3,15100,0
SEMG-09/SEMG-09_Mv5.tdms,22,Group Name #22,3,15100,0
SEMG-09/SEMG-09_Mv5.tdms,23,Group Name #23,3,15100,0
SEMG-09/SEMG-09_Mv5.tdms,24,Group Name #24,3,15000,0
SEMG-09/SEMG-09_Mv5.tdms,25,Group Name #25,3,15100,0
SEMG-09/SEMG-09_Mv5.tdms,26,Group Name #26,3,15000,0
SEMG-09/SEMG-09_Mv5.tdms,27,Group Name #27,3,15100,0
SEMG-09/SEMG-09_Mv5.tdms,28,Group Name #28,3,15100,0
SEMG-09/SEMG-09_Mv5.tdms,29,Group Name #29,3,15000,0
SEMG-09/SEMG-09_Mv5.tdms,30,Group Name #30,3,300,0
SEMG-10/SEMG-10_Mv1.tdms,0,Group Name,3,271000,0
SEMG-10/SEMG-10_Mv1.tdms,1,Group Name #1,3,15100,0
SEMG-10/SEMG-10_Mv1.tdms,2,Group Name #2,3,15100,0
SEMG-10/SEMG-10_Mv1.tdms,3,Group Name #3,3,15100,0
SEMG-10/SEMG-10_Mv1.tdms,4,Group Name #4,3,15100,0
SEMG-10/SEMG-10_Mv1.tdms,5,Group Name #5,3,15100,0
SEMG-10/SEMG-10_Mv1.tdms,6,Group Name #6,3,15100,0
SEMG-10/SEMG-10_Mv1.tdms,7,Group Name #7,3,15100,0
SEMG-10/SEMG-10_Mv1.tdms,8,Group Name #8,3,15100,0
SEMG-10/SEMG-10_Mv1.tdms,9,Group Name #9,3,15100,0
SEMG-10/SEMG-10_Mv1.tdms,10,Group Name #10,3,15100,0
SEMG-10/SEMG-10_Mv1.tdms,11,Group Name #11,3,15100,0
SEMG-10/SEMG-10_Mv1.tdms,12,Group Name #12,3,15100,0
SEMG-10/SEMG-10_Mv1.tdms,13,Group Name #13,3,15100,0
SEMG-10/SEMG-10_Mv1.tdms,14,Group Name #14,3,15100,0
SEMG-10/SEMG-10_Mv1.tdms,15,Group Name #15,3,15100,0
SEMG-10/SEMG-10_Mv1.tdms,16,Group Name #16,3,15100,0
SEMG-10/SEMG-10_Mv1.tdms,17,Group Name #17,3,15100,0
SEMG-10/SEMG-10_Mv1.tdms,18,Group Name #18,3,15100,0
SEMG-10/SEMG-10_Mv1.tdms,19,Group Name #19,3,15100,0
SEMG-10/SEMG-10_Mv1.tdms,20,Group Name #20,3,15100,0
SEMG-10/SEMG-10_Mv1.tdms,21,Group Name #21,3,15100,0
SEMG-10/SEMG-10_Mv1.tdms,22,Group Name #22,3,15100,0
SEMG-10/SEMG-10_Mv1.tdms,23,Group Name #23,3,15100,0
SEMG-10/SEMG-10_Mv1.tdms,24,Group Name #24,3,15100,0
SEMG-10/SEMG-10_Mv1.tdms,25,Group Name #25,3,15100,0
SEMG-10/SEMG-10_Mv1.tdms,26,Group Name #26,3,15100,0
SEMG-10/SEMG-10_Mv1.tdms,27,Group Name #27,3,15100,0
SEMG-10/SEMG-10_Mv1.tdms,28,Group Name #28,3,15100,0
SEMG-10/SEMG-10_Mv1.tdms,29,Group Name #29,3,15100,0
SEMG-10/SEMG-10_Mv1.tdms,30,Group Name #30,3,15100,0
SEMG-10/SEMG-10_Mv2.tdms,0,Group Name,3,33000,0
SEMG-10/SEMG-10_Mv2.tdms,1,Group Name #1,3,15100,0
SEMG-10/SEMG-10_Mv2.tdms,2,Group Name #2,3,15100,0
SEMG-10/SEMG-10_Mv2.tdms,3,Group Name #3,3,15100,0
SEMG-10/SEMG-10_Mv2.tdms,4,Group Name #4,3,15100,0
SEMG-10/SEMG-10_Mv2.tdms,5,Group Name #5,3,15100,0
SEMG-10/SEMG-10_Mv2.tdms,6,Group Name #6,3,15100,0
SEMG-10/SEMG-10_Mv2.tdms,7,Group Name #7,3,15100,0
SEMG-10/SEMG-10_Mv2.tdms,8,Group Name #8,3,15100,0
SEMG-10/SEMG-10_Mv2.tdms,9,Group Name #9,3,15100,0
SEMG-10/SEMG-10_Mv2.tdms,10,Group Name #10,3,15100,0
SEMG-10/SEMG-10_Mv2.tdms,11,Group Name #11,3,15100,0
SEMG-10/SEMG-10_Mv2.tdms,12,Group Name #12,3,15100,0
SEMG-10/SEMG-10_Mv2.tdms,13,Group Name #13,3,15100,0
SEMG-10/SEMG-10_Mv2.tdms,14,Group Name #14,3,15100,0
SEMG-10/SEMG-10_Mv2.tdms,15,Group Name #15,3,15100,0
SEMG-10/SEMG-10_Mv2.tdms,16,Group Name #16,3,15100,0
SEMG-10/SEMG-10_Mv2.tdms,17,Group Name #17,3,15100,0
SEMG-10/SEMG-10_Mv2.tdms,18,Group Name #18,3,15100,0
SEMG-10/SEMG-10_Mv2.tdms,19,Group Name #19,3,15100,0
SEMG-10/SEMG-10_Mv2.tdms,20,Group Name #20,3,15100,0
SEMG-10/SEMG-10_Mv2.tdms,21,Group Name #21,3,15100,0
SEMG-10/SEMG-10_Mv2.tdms,22,Group Name #22,3,15100,0
SEMG-10/SEMG-10_Mv2.tdms,23,Group Name #23,3,15100,0
SEMG-10/SEMG-10_Mv2.tdms,24,Group Name #24,3,15100,0
SEMG-10/SEMG-10_Mv2.tdms,25,Group Name #25,3,15100,0
SEMG-10/SEMG-10_Mv2.tdms,26,Group Name #26,3,15100,0
SEMG-10/SEMG-10_Mv2.tdms,27,Group Name #27,3,15100,0
SEMG-10/SEMG-10_Mv2.tdms,28,Group Name #28,3,15100,0
SEMG-10/SEMG-10_Mv2.tdms,29,Group Name #29,3,15100,0
SEMG-10/SEMG-10_Mv2.tdms,30,Group Name #30,3,15100,0
SEMG-10/SEMG-10_Mv3.tdms,0,Group Name,3,33400,0
SEMG-10/SEMG-10_Mv3.tdms,1,Group Name #1,3,15100,0
SEMG-10/SEMG-10_Mv3.tdms,2,Group Name #2,3,15100,0
SEMG-10/SEMG-10_Mv3.tdms,3,Group Name #3,3,15100,0
SEMG-10/SEMG-10_Mv3.tdms,4,Group Name #4,3,15100,0
SEMG-10/SEMG-10_Mv3.tdms,5,Group Name #5,3,15100,0
SEMG-10/SEMG-10_Mv3.tdms,6,Group Name #6,3,15100,0
SEMG-10/SEMG-10_Mv3.tdms,7,Group Name #7,3,15100,0
SEMG-10/SEMG-10_Mv3.tdms,8,Group Name #8,3,15100,0
SEMG-10/SEMG-10_Mv3.tdms,9,Group Name #9,3,15100,0
SEMG-10/SEMG-10_Mv3.tdms,10,Group Name #10,3,15100,0
SEMG-10/SEMG-10_Mv3.tdms,11,Group Name #11,3,15100,0
SEMG-10/SEMG-10_Mv3.tdms,12,Group Name #12,3,15100,0
SEMG-10/SEMG-10_Mv3.tdms,13,Group Name #13,3,15100,0
SEMG-10/SEMG-10_Mv3.tdms,14,Group Name #14,3,15100,0
SEMG-10/SEMG-10_Mv3.tdms,15,Group Name #15,3,15100,0
SEMG-10/SEMG-10_Mv3.tdms,16,Group Name #16,3,14300,0
SEMG-10/SEMG-10_Mv3.tdms,17,Group Name #17,3,15100,0
SEMG-10/SEMG-10_Mv3.tdms,18,Group Name #18,3,15100,0
SEMG-10/SEMG-10_Mv3.tdms,19,Group Name #19,3,15100,0
SEMG-10/SEMG-10_Mv3.tdms,20,Group Name #20,3,15100,0
SEMG-10/SEMG-10_Mv3.tdms,21,Group Name #21,3,14300,0
SEMG-10/SEMG-10_Mv3.tdms,22,Group Name #22,3,15100,0
SEMG-10/SEMG-10_Mv3.tdms,23,Group Name #23,3,15100,0
SEMG-10/SEMG-10_Mv3.tdms,24,Group Name #24,3,15100,0
SEMG-10/SEMG-10_Mv3.tdms,25,Group Name #25,3,15100,0
SEMG-10/SEMG-10_Mv3.tdms,26,Group Name #26,3,14300,0
SEMG-10/SEMG-10_Mv3.tdms,27,Group Name #27,3,15100,0
SEMG-10/SEMG-10_Mv3.tdms,28,Group Name #28,3,15100,0
SEMG-10/SEMG-10_Mv3.tdms,29,Group Name #29,3,15100,0
SEMG-10/SEMG-10_Mv3.tdms,30,Group Name #30,3,15100,0
SEMG-10/SEMG-10_Mv3.tdms,31,Group Name #31,3,14300,0
SEMG-10/SEMG-10_Mv3.tdms,32,Group Name #32,3,15100,0
SEMG-10/SEMG-10_Mv3.tdms,33,Group Name #33,3,15100,0
SEMG-10/SEMG-10_Mv3.tdms,34,Group Name #34,3,15100,0
SEMG-10/SEMG-10_Mv3.tdms,35,Group Name #35,3,15100,0
SEMG-10/SEMG-10_Mv3.tdms,36,Group Name #36,3,15100,0
SEMG-10/SEMG-10_Mv3.tdms,37,Group Name #37,3,15100,0
SEMG-10/SEMG-10_Mv3.tdms,38,Group Name #38,3,15100,0
SEMG-10/SEMG-10_Mv3.tdms,39,Group Name #39,3,15100,0
SEMG-10/SEMG-10_Mv3.tdms,40,Group Name #40,3,15100,0
SEMG-10/SEMG-10_Mv4.tdms,0,Group Name,3,14400,0
SEMG-10/SEMG-10_Mv4.tdms,1,Group Name #1,3,15100,0
SEMG-10/SEMG-10_Mv4.tdms,2,Group Name #2,3,15100,0
SEMG-10/SEMG-10_Mv4.tdms,3,Group Name #3,3,15100,0
SEMG-10/SEMG-10_Mv4.tdms,4,Group Name #4,3,15100,0
SEMG-10/SEMG-10_Mv4.tdms,5,Group Name #5,3,15100,0
SEMG-10/SEMG-10_Mv4.tdms,6,Group Name #6,3,15100,0
SEMG-10/SEMG-10_Mv4.tdms,7,Group Name #7,3,15100,0
SEMG-10/SEMG-10_Mv4.tdms,8,Group Name #8,3,15100,0
SEMG-10/SEMG-10_Mv4.tdms,9,Group Name #9,3,15100,0
SEMG-10/SEMG-10_Mv4.tdms,10,Group Name #10,3,15100,0
SEMG-10/SEMG-10_Mv4.tdms,11,Group Name #11,3,15100,0
SEMG-10/SEMG-10_Mv4.tdms,12,Group Name #12,3,15100,0
SEMG-10/SEMG-10_Mv4.tdms,13,Group Name #13,3,15100,0
SEMG-10/SEMG-10_Mv4.tdms,14,Group Name #14,3,15100,0
SEMG-10/SEMG-10_Mv4.tdms,15,Group Name #15,3,15100,0
SEMG-10/SEMG-10_Mv4.tdms,16,Group Name #16,3,15100,0
SEMG-10/SEMG-10_Mv4.tdms,17,Group Name #17,3,15100,0
SEMG-10/SEMG-10_Mv4.tdms,18,Group Name #18,3,15100,0
SEMG-10/SEMG-10_Mv4.tdms,19,Group Name #19,3,15100,0
SEMG-10/SEMG-10_Mv4.tdms,20,Group Name #20,3,15100,0
SEMG-10/SEMG-10_Mv4.tdms,21,Group Name #21,3,15100,0
SEMG-10/SEMG-10_Mv4.tdms,22,Group Name #22,3,15100,0
SEMG-10/SEMG-10_Mv4.tdms,23,Group Name #23,3,15100,0
SEMG-10/SEMG-10_Mv4.tdms,24,Group Name #24,3,15100,0
SEMG-10/SEMG-10_Mv4.tdms,25,Group Name #25,3,15100,0
SEMG-10/SEMG-10_Mv4.tdms,26,Group Name #26,3,15100,0
SEMG-10/SEMG-10_Mv4.tdms,27,Group Name #27,3,15100,0
SEMG-10/SEMG-10_Mv4.tdms,28,Group Name #28,3,15100,0
SEMG-10/SEMG-10_Mv4.tdms,29,Group Name #29,3,15100,0
SEMG-10/SEMG-10_Mv4.tdms,30,Group Name #30,3,15100,0
SEMG-10/SEMG-10_Mv4.tdms,31,Group Name #31,3,15100,0
SEMG-10/SEMG-10_Mv5.tdms,0,Group Name,3,5500,0
SEMG-10/SEMG-10_Mv5.tdms,1,Group Name #1,3,15100,0
SEMG-10/SEMG-10_Mv5.tdms,2,Group Name #2,3,15100,0
SEMG-10/SEMG-10_Mv5.tdms,3,Group Name #3,3,15100,0
SEMG-10/SEMG-10_Mv5.tdms,4,Group Name #4,3,15100,0
SEMG-10/SEMG-10_Mv5.tdms,5,Group Name #5,3,15100,0
SEMG-10/SEMG-10_Mv5.tdms,6,Group Name #6,3,15100,0
SEMG-10/SEMG-10_Mv5.tdms,7,Group Name #7,3,15100,0
SEMG-10/SEMG-10_Mv5.tdms,8,Group Name #8,3,15100,0
SEMG-10/SEMG-10_Mv5.tdms,9,Group Name #9,3,15100,0
SEMG-10/SEMG-10_Mv5.tdms,10,Group Name #10,3,15100,0
SEMG-10/SEMG-10_Mv5.tdms,11,Group Name #11,3,15100,0
SEMG-10/SEMG-10_Mv5.tdms,12,Group Name #12,3,15100,0
SEMG-10/SEMG-10_Mv5.tdms,13,Group Name #13,3,15100,0
SEMG-10/SEMG-10_Mv5.tdms,14,Group Name #14,3,15100,0
SEMG-10/SEMG-10_Mv5.tdms,15,Group Name #15,3,15100,0
SEMG-10/SEMG-10_Mv5.tdms,16,Group Name #16,3,15100,0
SEMG-10/SEMG-10_Mv5.tdms,17,Group Name #17,3,15100,0
SEMG-10/SEMG-10_Mv5.tdms,18,Group Name #18,3,15100,0
SEMG-10/SEMG-10_Mv5.tdms,19,Group Name #19,3,15100,0
SEMG-10/SEMG-10_Mv5.tdms,20,Group Name #20,3,15100,0
SEMG-10/SEMG-10_Mv5.tdms,21,Group Name #21,3,15100,0
SEMG-10/SEMG-10_Mv5.tdms,22,Group Name #22,3,15100,0
SEMG-10/SEMG-10_Mv5.tdms,23,Group Name #23,3,15100,0
SEMG-10/SEMG-10_Mv5.tdms,24,Group Name #24,3,15100,0
SEMG-10/SEMG-10_Mv5.tdms,25,Group Name #25,3,15100,0
SEMG-10/SEMG-10_Mv5.tdms,26,Group Name #26,3,15100,0
SEMG-10/SEMG-10_Mv5.tdms,27,Group Name #27,3,15100,0
SEMG-10/SEMG-10_Mv5.tdms,28,Group Name #28,3,15100,0
SEMG-10/SEMG-10_Mv5.tdms,29,Group Name #29,3,15100,0
SEMG-10/SEMG-10_Mv5.tdms,30,Group Name #30,3,15100,0
SEMG-11/SEMG-11_Mv1.tdms,0,Group Name,3,99100,0
SEMG-11/SEMG-11_Mv1.tdms,1,Group Name #1,3,15000,0
SEMG-11/SEMG-11_Mv1.tdms,2,Group Name #2,3,15100,0
SEMG-11/SEMG-11_Mv1.tdms,3,Group Name #3,3,15000,0
SEMG-11/SEMG-11_Mv1.tdms,4,Group Name #4,3,15100,0
SEMG-11/SEMG-11_Mv1.tdms,5,Group Name #5,3,15100,0
SEMG-11/SEMG-11_Mv1.tdms,6,Group Name #6,3,15100,0
SEMG-11/SEMG-11_Mv1.tdms,7,Group Name #7,3,15100,0
SEMG-11/SEMG-11_Mv1.tdms,8,Group Name #8,3,15100,0
SEMG-11/SEMG-11_Mv1.tdms,9,Group Name #9,3,15100,0
SEMG-11/SEMG-11_Mv1.tdms,10,Group Name #10,3,15000,0
SEMG-11/SEMG-11_Mv1.tdms,11,Group Name #11,3,15100,0
SEMG-11/SEMG-11_Mv1.tdms,12,Group Name #12,3,15100,0
SEMG-11/SEMG-11_Mv1.tdms,13,Group Name #13,3,15000,0
SEMG-11/SEMG-11_Mv1.tdms,14,Group Name #14,3,15100,0
SEMG-11/SEMG-11_Mv1.tdms,15,Group Name #15,3,15000,0
SEMG-11/SEMG-11_Mv1.tdms,16,Group Name #16,3,15000,0
SEMG-11/SEMG-11_Mv1.tdms,17,Group Name #17,3,15000,0
SEMG-11/SEMG-11_Mv1.tdms,18,Group Name #18,3,15000,0
SEMG-11/SEMG-11_Mv1.tdms,19,Group Name #19,3,15000,0
SEMG-11/SEMG-11_Mv1.tdms,20,Group Name #20,3,15000,0
SEMG-11/SEMG-11_Mv1.tdms,21,Group Name #21,3,15000,0
SEMG-11/SEMG-11_Mv1.tdms,22,Group Name #22,3,15000,0
SEMG-11/SEMG-11_Mv1.tdms,23,Group Name #23,3,15000,0
SEMG-11/SEMG-11_Mv1.tdms,24,Group Name #24,3,15000,0
SEMG-11/SEMG-11_Mv1.tdms,25,Group Name #25,3,15000,0
SEMG-11/SEMG-11_Mv1.tdms,26,Group Name #26,3,15000,0
SEMG-11/SEMG-11_Mv1.tdms,27,Group Name #27,3,15000,0
SEMG-11/SEMG-11_Mv1.tdms,28,Group Name #28,3,15000,0
SEMG-11/SEMG-11_Mv1.tdms,29,Group Name #29,3,15000,0
SEMG-11/SEMG-11_Mv1.tdms,30,Group Name #30,3,15000,0
SEMG-11/SEMG-11_Mv2.tdms,0,Group Name,3,49100,0
SEMG-11/SEMG-11_Mv2.tdms,1,Group Name #1,3,15100,0
SEMG-11/SEMG-11_Mv2.tdms,2,Group Name #2,3,15100,0
SEMG-11/SEMG-11_Mv2.tdms,3,Group Name #3,3,15100,0
SEMG-11/SEMG-11_Mv2.tdms,4,Group Name #4,3,15100,0
SEMG-11/SEMG-11_Mv2.tdms,5,Group Name #5,3,129800,0
SEMG-11/SEMG-11_Mv2.tdms,6,Group Name #6,3,15100,0
SEMG-11/SEMG-11_Mv2.tdms,7,Group Name #7,3,15000,0
SEMG-11/SEMG-11_Mv2.tdms,8,Group Name #8,3,15100,0
SEMG-11/SEMG-11_Mv2.tdms,9,Group Name #9,3,15000,0
SEMG-11/SEMG-11_Mv2.tdms,10,Group Name #10,3,15100,0
SEMG-11/SEMG-11_Mv2.tdms,11,Group Name #11,3,15000,0
SEMG-11/SEMG-11_Mv2.tdms,12,Group Name #12,3,15100,0
SEMG-11/SEMG-11_Mv2.tdms,13,Group Name #13,3,15000,0
SEMG-11/SEMG-11_Mv2.tdms,14,Group Name #14,3,15000,0
SEMG-11/SEMG-11_Mv2.tdms,15,Group Name #15,3,15000,0
SEMG-11/SEMG-11_Mv2.tdms,16,Group Name #16,3,15000,0
SEMG-11/SEMG-11_Mv2.tdms,17,Group Name #17,3,15000,0
SEMG-11/SEMG-11_Mv2.tdms,18,Group Name #18,3,15000,0
SEMG-11/SEMG-11_Mv2.tdms,19,Group Name #19,3,15000,0
SEMG-11/SEMG-11_Mv2.tdms,20,Group Name #20,3,15000,0
SEMG-11/SEMG-11_Mv2.tdms,21,Group Name #21,3,15000,0
SEMG-11/SEMG-11_Mv2.tdms,22,Group Name #22,3,15000,0
SEMG-11/SEMG-11_Mv2.tdms,23,Group Name #23,3,15000,0
SEMG-11/SEMG-11_Mv2.tdms,24,Group Name #24,3,15000,0
SEMG-11/SEMG-11_Mv2.tdms,25,Group Name #25,3,15000,0
SEMG-11/SEMG-11_Mv2.tdms,26,Group Name #26,3,15000,0
SEMG-11/SEMG-11_Mv2.tdms,27,Group Name #27,3,15000,0
SEMG-11/SEMG-11_Mv2.tdms,28,Group Name #28,3,15000,0
SEMG-11/SEMG-11_Mv2.tdms,29,Group Name #29,3,15000,0
SEMG-11/SEMG-11_Mv2.tdms,30,Group Name #30,3,15000,0
SEMG-11/SEMG-11_Mv2.tdms,31,Group Name #31,3,15000,0
SEMG-11/SEMG-11_Mv2.tdms,32,Group Name #32,3,15000,0
SEMG-11/SEMG-11_Mv2.tdms,33,Group Name #33,3,15000,0
SEMG-11/SEMG-11_Mv2.tdms,34,Group Name #34,3,15000,0
SEMG-11/SEMG-11_Mv3.tdms,0,Group Name,3,61600,0
SEMG-11/SEMG-11_Mv3.tdms,1,Group Name #1,3,15000,0
SEMG-11/SEMG-11_Mv3.tdms,2,Group Name #2,3,15100,0
SEMG-11/SEMG-11_Mv3.tdms,3,Group Name #3,3,15100,0
SEMG-11/SEMG-11_Mv3.tdms,4,Group Name #4,3,15100,0
SEMG-11/SEMG-11_Mv3.tdms,5,Group Name #5,3,14300,0
SEMG-11/SEMG-11_Mv3.tdms,6,Group Name #6,3,15100,0
SEMG-11/SEMG-11_Mv3.tdms,7,Group Name #7,3,15000,0
SEMG-11/SEMG-11_Mv3.tdms,8,Group Name #8,3,15100,0
SEMG-11/SEMG-11_Mv3.tdms,9,Group Name #9,3,15100,0
SEMG-11/SEMG-11_Mv3.tdms,10,Group Name #10,3,15100,0
SEMG-11/SEMG-11_Mv3.tdms,11,Group Name #11,3,14300,0
SEMG-11/SEMG-11_Mv3.tdms,12,Group Name #12,3,15000,0
SEMG-11/SEMG-11_Mv3.tdms,13,Group Name #13,3,15000,0
SEMG-11/SEMG-11_Mv3.tdms,14,Group Name #14,3,15100,0
SEMG-11/SEMG-11_Mv3.tdms,15,Group Name #15,3,15000,0
SEMG-11/SEMG-11_Mv3.tdms,16,Group Name #16,3,15100,0
SEMG-11/SEMG-11_Mv3.tdms,17,Group Name #17,3,15000,0
SEMG-11/SEMG-11_Mv3.tdms,18,Group Name #18,3,15000,0
SEMG-11/SEMG-11_Mv3.tdms,19,Group Name #19,3,15000,0
SEMG-11/SEMG-11_Mv3.tdms,20,Group Name #20,3,15000,0
SEMG-11/SEMG-11_Mv3.tdms,21,Group Name #21,3,15000,0
SEMG-11/SEMG-11_Mv3.tdms,22,Group Name #22,3,15000,0
SEMG-11/SEMG-11_Mv3.tdms,23,Group Name #23,3,15000,0
SEMG-11/SEMG-11_Mv3.tdms,24,Group Name #24,3,15000,0
SEMG-11/SEMG-11_Mv3.tdms,25,Group Name #25,3,15000,0
SEMG-11/SEMG-11_Mv3.tdms,26,Group Name #26,3,15000,0
SEMG-11/SEMG-11_Mv3.tdms,27,Group Name #27,3,15000,0
SEMG-11/SEMG-11_Mv3.tdms,28,Group Name #28,3,15000,0
SEMG-11/SEMG-11_Mv3.tdms,29,Group Name #29,3,15000,0
SEMG-11/SEMG-11_Mv3.tdms,30,Group Name #30,3,15000,0
SEMG-11/SEMG-11_Mv3.tdms,31,Group Name #31,3,15000,0
SEMG-11/SEMG-11_Mv4.tdms,0,Group Name,3,77200,0
SEMG-11/SEMG-11_Mv4.tdms,1,Group Name #1,3,19800,0
SEMG-11/SEMG-11_Mv4.tdms,2,Group Name #2,3,15100,0
SEMG-11/SEMG-11_Mv4.tdms,3,Group Name #3,3,15100,0
SEMG-11/SEMG-11_Mv4.tdms,4,Group Name #4,3,15100,0
SEMG-11/SEMG-11_Mv4.tdms,5,Group Name #5,3,15100,0
SEMG-11/SEMG-11_Mv4.tdms,6,Group Name #6,3,15000,0
SEMG-11/SEMG-11_Mv4.tdms,7,Group Name #7,3,15100,0
SEMG-11/SEMG-11_Mv4.tdms,8,Group Name #8,3,15000,0
SEMG-11/SEMG-11_Mv4.tdms,9,Group Name #9,3,15100,0
SEMG-11/SEMG-11_Mv4.tdms,10,Group Name #10,3,15100,0
SEMG-11/SEMG-11_Mv4.tdms,11,Group Name #11,3,15000,0
SEMG-11/SEMG-11_Mv4.tdms,12,Group Name #12,3,15100,0
SEMG-11/SEMG-11_Mv4.tdms,13,Group Name #13,3,15000,0
SEMG-11/SEMG-11_Mv4.tdms,14,Group Name #14,3,15100,0
SEMG-11/SEMG-11_Mv4.tdms,15,Group Name #15,3,15000,0
SEMG-11/SEMG-11_Mv4.tdms,16,Group Name #16,3,14300,0
SEMG-11/SEMG-11_Mv4.tdms,17,Group Name #17,3,15000,0
SEMG-11/SEMG-11_Mv4.tdms,18,Group Name #18,3,15000,0
SEMG-11/SEMG-11_Mv4.tdms,19,Group Name #19,3,15000,0
SEMG-11/SEMG-11_Mv4.tdms,20,Group Name #20,3,15000,0
SEMG-11/SEMG-11_Mv4.tdms,21,Group Name #21,3,15000,0
SEMG-11/SEMG-11_Mv4.tdms,22,Group Name #22,3,15000,0
SEMG-11/SEMG-11_Mv4.tdms,23,Group Name #23,3,15000,0
SEMG-11/SEMG-11_Mv4.tdms,24,Group Name #24,3,15000,0
SEMG-11/SEMG-11_Mv4.tdms,25,Group Name #25,3,15000,0
SEMG-11/SEMG-11_Mv4.tdms,26,Group Name #26,3,15000,0
SEMG-11/SEMG-11_Mv4.tdms,27,Group Name #27,3,15000,0
SEMG-11/SEMG-11_Mv4.tdms,28,Group Name #28,3,15000,0
SEMG-11/SEMG-11_Mv4.tdms,29,Group Name #29,3,15000,0
SEMG-11/SEMG-11_Mv4.tdms,30,Group Name #30,3,15000,0
SEMG-11/SEMG-11_Mv4.tdms,31,Group Name #31,3,15000,0
SEMG-11/SEMG-11_Mv5.tdms,0,Group Name,3,15100,0
SEMG-11/SEMG-11_Mv5.tdms,1,Group Name #1,3,15100,0
SEMG-11/SEMG-11_Mv5.tdms,2,Group Name #2,3,15100,0
SEMG-11/SEMG-11_Mv5.tdms,3,Group Name #3,3,15100,0
SEMG-11/SEMG-11_Mv5.tdms,4,Group Name #4,3,15100,0
SEMG-11/SEMG-11_Mv5.tdms,5,Group Name #5,3,15100,0
SEMG-11/SEMG-11_Mv5.tdms,6,Group Name #6,3,15100,0
SEMG-11/SEMG-11_Mv5.tdms,7,Group Name #7,3,15100,0
SEMG-11/SEMG-11_Mv5.tdms,8,Group Name #8,3,15100,0
SEMG-11/SEMG-11_Mv5.tdms,9,Group Name #9,3,15100,0
SEMG-11/SEMG-11_Mv5.tdms,10,Group Name #10,3,15100,0
SEMG-11/SEMG-11_Mv5.tdms,11,Group Name #11,3,15100,0
SEMG-11/SEMG-11_Mv5.tdms,12,Group Name #12,3,15000,0
SEMG-11/SEMG-11_Mv5.tdms,13,Group Name #13,3,15100,0
SEMG-11/SEMG-11_Mv5.tdms,14,Group Name #14,3,15100,0
SEMG-11/SEMG-11_Mv5.tdms,15,Group Name #15,3,15100,0
SEMG-11/SEMG-11_Mv5.tdms,16,Group Name #16,3,15100,0
SEMG-11/SEMG-11_Mv5.tdms,17,Group Name #17,3,15000,0
SEMG-11/SEMG-11_Mv5.tdms,18,Group Name #18,3,15100,0
SEMG-11/SEMG-11_Mv5.tdms,19,Group Name #19,3,15100,0
SEMG-11/SEMG-11_Mv5.tdms,20,Group Name #20,3,15000,0
SEMG-11/SEMG-11_Mv5.tdms,21,Group Name #21,3,15100,0
SEMG-11/SEMG-11_Mv5.tdms,22,Group Name #22,3,15000,0
SEMG-11/SEMG-11_Mv5.tdms,23,Group Name #23,3,15100,0
SEMG-11/SEMG-11_Mv5.tdms,24,Group Name #24,3,15100,0
SEMG-11/SEMG-11_Mv5.tdms,25,Group Name #25,3,15100,0
SEMG-11/SEMG-11_Mv5.tdms,26,Group Name #26,3,15000,0
SEMG-11/SEMG-11_Mv5.tdms,27,Group Name #27,3,15000,0
SEMG-11/SEMG-11_Mv5.tdms,28,Group Name #28,3,15000,0
SEMG-11/SEMG-11_Mv5.tdms,29,Group Name #29,3,15100,0
SEMG-11/SEMG-11_Mv5.tdms,30,Group Name #30,3,500,0
SEMG-12/SEMG-12_Mv1.tdms,0,Group Name,3,17100,0
SEMG-12/SEMG-12_Mv1.tdms,1,Group Name #1,3,15100,0
SEMG-12/SEMG-12_Mv1.tdms,2,Group Name #2,3,15100,0
SEMG-12/SEMG-12_Mv1.tdms,3,Group Name #3,3,15100,0
SEMG-12/SEMG-12_Mv1.tdms,4,Group Name #4,3,15100,0
SEMG-12/SEMG-12_Mv1.tdms,5,Group Name #5,3,15000,0
SEMG-12/SEMG-12_Mv1.tdms,6,Group Name #6,3,15000,0
SEMG-12/SEMG-12_Mv1.tdms,7,Group Name #7,3,12800,0
SEMG-12/SEMG-12_Mv1.tdms,8,Group Name #8,3,15100,0
SEMG-12/SEMG-12_Mv1.tdms,9,Group Name #9,3,15000,0
SEMG-12/SEMG-12_Mv1.tdms,10,Group Name #10,3,14800,0
SEMG-12/SEMG-12_Mv1.tdms,11,Group Name #11,3,15100,0
SEMG-12/SEMG-12_Mv1.tdms,12,Group Name #12,3,15100,0
SEMG-12/SEMG-12_Mv1.tdms,13,Group Name #13,3,15000,0
SEMG-12/SEMG-12_Mv1.tdms,14,Group Name #14,3,15100,0
SEMG-12/SEMG-12_Mv1.tdms,15,Group Name #15,3,15000,0
SEMG-12/SEMG-12_Mv1.tdms,16,Group Name #16,3,15100,0
SEMG-12/SEMG-12_Mv1.tdms,17,Group Name #17,3,15000,0
SEMG-12/SEMG-12_Mv1.tdms,18,Group Name #18,3,15000,0
SEMG-12/SEMG-12_Mv1.tdms,19,Group Name #19,3,15000,0
SEMG-12/SEMG-12_Mv1.tdms,20,Group Name #20,3,15000,0
SEMG-12/SEMG-12_Mv1.tdms,21,Group Name #21,3,15000,0
SEMG-12/SEMG-12_Mv1.tdms,22,Group Name #22,3,15000,0
SEMG-12/SEMG-12_Mv1.tdms,23,Group Name #23,3,15000,0
SEMG-12/SEMG-12_Mv1.tdms,24,Group Name #24,3,15000,0
SEMG-12/SEMG-12_Mv1.tdms,25,Group Name #25,3,15000,0
SEMG-12/SEMG-12_Mv1.tdms,26,Group Name #26,3,14900,0
SEMG-12/SEMG-12_Mv1.tdms,27,Group Name #27,3,15000,0
SEMG-12/SEMG-12_Mv1.tdms,28,Group Name #28,3,15000,0
SEMG-12/SEMG-12_Mv1.tdms,29,Group Name #29,3,15000,0
SEMG-12/SEMG-12_Mv1.tdms,30,Group Name #30,3,15000,0
SEMG-12/SEMG-12_Mv2.tdms,0,Group Name,3,47300,0
SEMG-12/SEMG-12_Mv2.tdms,1,Group Name #1,3,15100,0
SEMG-12/SEMG-12_Mv2.tdms,2,Group Name #2,3,15100,0
SEMG-12/SEMG-12_Mv2.tdms,3,Group Name #3,3,14300,0
SEMG-12/SEMG-12_Mv2.tdms,4,Group Name #4,3,15100,0
SEMG-12/SEMG-12_Mv2.tdms,5,Group Name #5,3,15100,0
SEMG-12/SEMG-12_Mv2.tdms,6,Group Name #6,3,15000,0
SEMG-12/SEMG-12_Mv2.tdms,7,Group Name #7,3,15100,0
SEMG-12/SEMG-12_Mv2.tdms,8,Group Name #8,3,15100,0
SEMG-12/SEMG-12_Mv2.tdms,9,Group Name #9,3,15000,0
SEMG-12/SEMG-12_Mv2.tdms,10,Group Name #10,3,15100,0
SEMG-12/SEMG-12_Mv2.tdms,11,Group Name #11,3,15100,0
SEMG-12/SEMG-12_Mv2.tdms,12,Group Name #12,3,15000,0
SEMG-12/SEMG-12_Mv2.tdms,13,Group Name #13,3,15000,0
SEMG-12/SEMG-12_Mv2.tdms,14,Group Name #14,3,15000,0
SEMG-12/SEMG-12_Mv2.tdms,15,Group Name #15,3,15000,0
SEMG-12/SEMG-12_Mv2.tdms,16,Group Name #16,3,15000,0
SEMG-12/SEMG-12_Mv2.tdms,17,Group Name #17,3,15000,0
SEMG-12/SEMG-12_Mv2.tdms,18,Group Name #18,3,15000,0
SEMG-12/SEMG-12_Mv2.tdms,19,Group Name #19,3,15000,0
SEMG-12/SEMG-12_Mv2.tdms,20,Group Name #20,3,15000,0
SEMG-12/SEMG-12_Mv2.tdms,21,Group Name #21,3,15000,0
SEMG-12/SEMG-12_Mv2.tdms,22,Group Name #22,3,15000,0
SEMG-12/SEMG-12_Mv2.tdms,23,Group Name #23,3,15000,0
SEMG-12/SEMG-12_Mv2.tdms,24,Group Name #24,3,15000,0
SEMG-12/SEMG-12_Mv2.tdms,25,Group Name #25,3,15000,0
SEMG-12/SEMG-12_Mv2.tdms,26,Group Name #26,3,14900,0
SEMG-12/SEMG-12_Mv2.tdms,27,Group Name #27,3,12700,0
SEMG-12/SEMG-12_Mv2.tdms,28,Group Name #28,3,15000,0
SEMG-12/SEMG-12_Mv2.tdms,29,Group Name #29,3,15000,0
SEMG-12/SEMG-12_Mv2.tdms,30,Group Name #30,3,15000,0
SEMG-12/SEMG-12_Mv2.tdms,31,Group Name #31,3,15000,0
SEMG-12/SEMG-12_Mv3.tdms,0,Group Name,3,87800,0
SEMG-12/SEMG-12_Mv3.tdms,1,Group Name #1,3,15100,0
SEMG-12/SEMG-12_Mv3.tdms,2,Group Name #2,3,15100,0
SEMG-12/SEMG-12_Mv3.tdms,3,Group Name #3,3,15100,0
SEMG-12/SEMG-12_Mv3.tdms,4,Group Name #4,3,15000,0
SEMG-12/SEMG-12_Mv3.tdms,5,Group Name #5,3,15100,0
SEMG-12/SEMG-12_Mv3.tdms,6,Group Name #6,3,15100,0
SEMG-12/SEMG-12_Mv3.tdms,7,Group Name #7,3,15100,0
SEMG-12/SEMG-12_Mv3.tdms,8,Group Name #8,3,15100,0
SEMG-12/SEMG-12_Mv3.tdms,9,Group Name #9,3,15000,0
SEMG-12/SEMG-12_Mv3.tdms,10,Group Name #10,3,15100,0
SEMG-12/SEMG-12_Mv3.tdms,11,Group Name #11,3,15100,0
SEMG-12/SEMG-12_Mv3.tdms,12,Group Name #12,3,15000,0
SEMG-12/SEMG-12_Mv3.tdms,13,Group Name #13,3,15000,0
SEMG-12/SEMG-12_Mv3.tdms,14,Group Name #14,3,15100,0
SEMG-12/SEMG-12_Mv3.tdms,15,Group Name #15,3,15000,0
SEMG-12/SEMG-12_Mv3.tdms,16,Group Name #16,3,15000,0
SEMG-12/SEMG-12_Mv3.tdms,17,Group Name #17,3,15000,0
SEMG-12/SEMG-12_Mv3.tdms,18,Group Name #18,3,15000,0
SEMG-12/SEMG-12_Mv3.tdms,19,Group Name #19,3,15000,0
SEMG-12/SEMG-12_Mv3.tdms,20,Group Name #20,3,15000,0
SEMG-12/SEMG-12_Mv3.tdms,21,Group Name #21,3,15000,0
SEMG-12/SEMG-12_Mv3.tdms,22,Group Name #22,3,15000,0
SEMG-12/SEMG-12_Mv3.tdms,23,Group Name #23,3,15000,0
SEMG-12/SEMG-12_Mv3.tdms,24,Group Name #24,3,15000,0
SEMG-12/SEMG-12_Mv3.tdms,25,Group Name #25,3,12700,0
SEMG-12/SEMG-12_Mv3.tdms,26,Group Name #26,3,15000,0
SEMG-12/SEMG-12_Mv3.tdms,27,Group Name #27,3,15000,0
SEMG-12/SEMG-12_Mv3.tdms,28,Group Name #28,3,15000,0
SEMG-12/SEMG-12_Mv3.tdms,29,Group Name #29,3,15000,0
SEMG-12/SEMG-12_Mv3.tdms,30,Group Name #30,3,15000,0
SEMG-12/SEMG-12_Mv4.tdms,0,Group Name,3,31600,0
SEMG-12/SEMG-12_Mv4.tdms,1,Group Name #1,3,15100,0
SEMG-12/SEMG-12_Mv4.tdms,2,Group Name #2,3,15000,0
SEMG-12/SEMG-12_Mv4.tdms,3,Group Name #3,3,15100,0
SEMG-12/SEMG-12_Mv4.tdms,4,Group Name #4,3,15000,0
SEMG-12/SEMG-12_Mv4.tdms,5,Group Name #5,3,15100,0
SEMG-12/SEMG-12_Mv4.tdms,6,Group Name #6,3,15100,0
SEMG-12/SEMG-12_Mv4.tdms,7,Group Name #7,3,15100,0
SEMG-12/SEMG-12_Mv4.tdms,8,Group Name #8,3,15100,0
SEMG-12/SEMG-12_Mv4.tdms,9,Group Name #9,3,15100,0
SEMG-12/SEMG-12_Mv4.tdms,10,Group Name #10,3,15100,0
SEMG-12/SEMG-12_Mv4.tdms,11,Group Name #11,3,15000,0
SEMG-12/SEMG-12_Mv4.tdms,12,Group Name #12,3,15000,0
SEMG-12/SEMG-12_Mv4.tdms,13,Group Name #13,3,15100,0
SEMG-12/SEMG-12_Mv4.tdms,14,Group Name #14,3,15000,0
SEMG-12/SEMG-12_Mv4.tdms,15,Group Name #15,3,15100,0
SEMG-12/SEMG-12_Mv4.tdms,16,Group Name #16,3,15100,0
SEMG-12/SEMG-12_Mv4.tdms,17,Group Name #17,3,15000,0
SEMG-12/SEMG-12_Mv4.tdms,18,Group Name #18,3,15000,0
SEMG-12/SEMG-12_Mv4.tdms,19,Group Name #19,3,15000,0
SEMG-12/SEMG-12_Mv4.tdms,20,Group Name #20,3,15000,0
SEMG-12/SEMG-12_Mv4.tdms,21,Group Name #21,3,15000,0
SEMG-12/SEMG-12_Mv4.tdms,22,Group Name #22,3,15000,0
SEMG-12/SEMG-12_Mv4.tdms,23,Group Name #23,3,15000,0
SEMG-12/SEMG-12_Mv4.tdms,24,Group Name #24,3,15000,0
SEMG-12/SEMG-12_Mv4.tdms,25,Group Name #25,3,15000,0
SEMG-12/SEMG-12_Mv4.tdms,26,Group Name #26,3,15000,0
SEMG-12/SEMG-12_Mv4.tdms,27,Group Name #27,3,15000,0
SEMG-12/SEMG-12_Mv4.tdms,28,Group Name #28,3,15000,0
SEMG-12/SEMG-12_Mv4.tdms,29,Group Name #29,3,15000,0
SEMG-12/SEMG-12_Mv4.tdms,30,Group Name #30,3,15000,0
SEMG-12/SEMG-12_Mv5.tdms,0,Group Name,3,15100,0
SEMG-12/SEMG-12_Mv5.tdms,1,Group Name #1,3,15100,0
SEMG-12/SEMG-12_Mv5.tdms,2,Group Name #2,3,15100,0
SEMG-12/SEMG-12_Mv5.tdms,3,Group Name #3,3,15100,0
SEMG-12/SEMG-12_Mv5.tdms,4,Group Name #4,3,15100,0
SEMG-12/SEMG-12_Mv5.tdms,5,Group Name #5,3,15100,0
SEMG-12/SEMG-12_Mv5.tdms,6,Group Name #6,3,15100,0
SEMG-12/SEMG-12_Mv5.tdms,7,Group Name #7,3,15100,0
SEMG-12/SEMG-12_Mv5.tdms,8,Group Name #8,3,15100,0
SEMG-12/SEMG-12_Mv5.tdms,9,Group Name #9,3,15100,0
SEMG-12/SEMG-12_Mv5.tdms,10,Group Name #10,3,15100,0
SEMG-12/SEMG-12_Mv5.tdms,11,Group Name #11,3,15100,0
SEMG-12/SEMG-12_Mv5.tdms,12,Group Name #12,3,15100,0
SEMG-12/SEMG-12_Mv5.tdms,13,Group Name #13,3,15100,0
SEMG-12/SEMG-12_Mv5.tdms,14,Group Name #14,3,15100,0
SEMG-12/SEMG-12_Mv5.tdms,15,Group Name #15,3,15100,0
SEMG-12/SEMG-12_Mv5.tdms,16,Group Name #16,3,15100,0
SEMG-12/SEMG-12_Mv5.tdms,17,Group Name #17,3,15100,0
SEMG-12/SEMG-12_Mv5.tdms,18,Group Name #18,3,15100,0
SEMG-12/SEMG-12_Mv5.tdms,19,Group Name #19,3,15100,0
SEMG-12/SEMG-12_Mv5.tdms,20,Group Name #20,3,15100,0
SEMG-12/SEMG-12_Mv5.tdms,21,Group Name #21,3,15100,0
SEMG-12/SEMG-12_Mv5.tdms,22,Group Name #22,3,15100,0
SEMG-12/SEMG-12_Mv5.tdms,23,Group Name #23,3,15100,0
SEMG-12/SEMG-12_Mv5.tdms,24,Group Name #24,3,15000,0
SEMG-12/SEMG-12_Mv5.tdms,25,Group Name #25,3,15000,0
SEMG-12/SEMG-12_Mv5.tdms,26,Group Name #26,3,15000,0
SEMG-12/SEMG-12_Mv5.tdms,27,Group Name #27,3,15000,0
SEMG-12/SEMG-12_Mv5.tdms,28,Group Name #28,3,15000,0
SEMG-12/SEMG-12_Mv5.tdms,29,Group Name #29,3,15000,0
SEMG-12/SEMG-12_Mv5.tdms,30,Group Name #30,3,1200,0
SEMG-13/SEMG-13_Mv1.tdms,0,Group Name,3,72900,0
SEMG-13/SEMG-13_Mv1.tdms,1,Group Name #1,3,37100,0
SEMG-13/SEMG-13_Mv1.tdms,2,Group Name #2,3,15000,0
SEMG-13/SEMG-13_Mv1.tdms,3,Group Name #3,3,15100,0
SEMG-13/SEMG-13_Mv1.tdms,4,Group Name #4,3,15100,0
SEMG-13/SEMG-13_Mv1.tdms,5,Group Name #5,3,15000,0
SEMG-13/SEMG-13_Mv1.tdms,6,Group Name #6,3,15000,0
SEMG-13/SEMG-13_Mv1.tdms,7,Group Name #7,3,15100,0
SEMG-13/SEMG-13_Mv1.tdms,8,Group Name #8,3,15100,0
SEMG-13/SEMG-13_Mv1.tdms,9,Group Name #9,3,15100,0
SEMG-13/SEMG-13_Mv1.tdms,10,Group Name #10,3,15000,0
SEMG-13/SEMG-13_Mv1.tdms,11,Group Name #11,3,15000,0
SEMG-13/SEMG-13_Mv1.tdms,12,Group Name #12,3,15000,0
SEMG-13/SEMG-13_Mv1.tdms,13,Group Name #13,3,2300,0
SEMG-13/SEMG-13_Mv1.tdms,14,Group Name #14,3,15000,0
SEMG-13/SEMG-13_Mv1.tdms,15,Group Name #15,3,15000,0
SEMG-13/SEMG-13_Mv1.tdms,16,Group Name #16,3,15000,0
SEMG-13/SEMG-13_Mv1.tdms,17,Group Name #17,3,15000,0
SEMG-13/SEMG-13_Mv1.tdms,18,Group Name #18,3,15000,0
SEMG-13/SEMG-13_Mv1.tdms,19,Group Name #19,3,15000,0
SEMG-13/SEMG-13_Mv1.tdms,20,Group Name #20,3,15000,0
SEMG-13/SEMG-13_Mv1.tdms,21,Group Name #21,3,15000,0
SEMG-13/SEMG-13_Mv1.tdms,22,Group Name #22,3,15000,0
SEMG-13/SEMG-13_Mv1.tdms,23,Group Name #23,3,15000,0
SEMG-13/SEMG-13_Mv1.tdms,24,Group Name #24,3,15000,0
SEMG-13/SEMG-13_Mv1.tdms,25,Group Name #25,3,15000,0
SEMG-13/SEMG-13_Mv1.tdms,26,Group Name #26,3,15000,0
SEMG-13/SEMG-13_Mv1.tdms,27,Group Name #27,3,15000,0
SEMG-13/SEMG-13_Mv1.tdms,28,Group Name #28,3,15000,0
SEMG-13/SEMG-13_Mv1.tdms,29,Group Name #29,3,15000,0
SEMG-13/SEMG-13_Mv1.tdms,30,Group Name #30,3,15000,0
SEMG-13/SEMG-13_Mv1.tdms,31,Group Name #31,3,15000,0
SEMG-13/SEMG-13_Mv1.tdms,32,Group Name #32,3,15000,0
SEMG-13/SEMG-13_Mv1.tdms,33,Group Name #33,3,15000,0
SEMG-13/SEMG-13_Mv1.tdms,34,Group Name #34,3,15000,0
SEMG-13/SEMG-13_Mv2.tdms,0,Group Name,3,52600,0
SEMG-13/SEMG-13_Mv2.tdms,1,Group Name #1,3,15000,0
SEMG-13/SEMG-13_Mv2.tdms,2,Group Name #2,3,15100,0
SEMG-13/SEMG-13_Mv2.tdms,3,Group Name #3,3,15100,0
SEMG-13/SEMG-13_Mv2.tdms,4,Group Name #4,3,15100,0
SEMG-13/SEMG-13_Mv2.tdms,5,Group Name #5,3,15000,0
SEMG-13/SEMG-13_Mv2.tdms,6,Group Name #6,3,15100,0
SEMG-13/SEMG-13_Mv2.tdms,7,Group Name #7,3,15000,0
SEMG-13/SEMG-13_Mv2.tdms,8,Group Name #8,3,15100,0
SEMG-13/SEMG-13_Mv2.tdms,9,Group Name #9,3,15000,0
SEMG-13/SEMG-13_Mv2.tdms,10,Group Name #10,3,15000,0
SEMG-13/SEMG-13_Mv2.tdms,11,Group Name #11,3,15000,0
SEMG-13/SEMG-13_Mv2.tdms,12,Group Name #12,3,15000,0
SEMG-13/SEMG-13_Mv2.tdms,13,Group Name #13,3,15000,0
SEMG-13/SEMG-13_Mv2.tdms,14,Group Name #14,3,15100,0
SEMG-13/SEMG-13_Mv2.tdms,15,Group Name #15,3,6200,0
SEMG-13/SEMG-13_Mv2.tdms,16,Group Name #16,3,15000,0
SEMG-13/SEMG-13_Mv2.tdms,17,Group Name #17,3,15000,0
SEMG-13/SEMG-13_Mv2.tdms,18,Group Name #18,3,15000,0
SEMG-13/SEMG-13_Mv2.tdms,19,Group Name #19,3,15000,0
SEMG-13/SEMG-13_Mv2.tdms,20,Group Name #20,3,15000,0
SEMG-13/SEMG-13_Mv2.tdms,21,Group Name #21,3,15000,0
SEMG-13/SEMG-13_Mv2.tdms,22,Group Name #22,3,15000,0
SEMG-13/SEMG-13_Mv2.tdms,23,Group Name #23,3,15000,0
SEMG-13/SEMG-13_Mv2.tdms,24,Group Name #24,3,15000,0
SEMG-13/SEMG-13_Mv2.tdms,25,Group Name #25,3,15000,0
SEMG-13/SEMG-13_Mv2.tdms,26,Group Name #26,3,15000,0
SEMG-13/SEMG-13_Mv2.tdms,27,Group Name #27,3,15000,0
SEMG-13/SEMG-13_Mv2.tdms,28,Group Name #28,3,15000,0
SEMG-13/SEMG-13_Mv2.tdms,29,Group Name #29,3,15000,0
SEMG-13/SEMG-13_Mv2.tdms,30,Group Name #30,3,15000,0
SEMG-13/SEMG-13_Mv2.tdms,31,Group Name #31,3,15000,0
SEMG-13/SEMG-13_Mv3.tdms,0,Group Name,3,88300,0
SEMG-13/SEMG-13_Mv3.tdms,1,Group Name #1,3,15100,0
SEMG-13/SEMG-13_Mv3.tdms,2,Group Name #2,3,15100,0
SEMG-13/SEMG-13_Mv3.tdms,3,Group Name #3,3,15000,0
SEMG-13/SEMG-13_Mv3.tdms,4,Group Name #4,3,15000,0
SEMG-13/SEMG-13_Mv3.tdms,5,Group Name #5,3,15000,0
SEMG-13/SEMG-13_Mv3.tdms,6,Group Name #6,3,15100,0
SEMG-13/SEMG-13_Mv3.tdms,7,Group Name #7,3,15000,0
SEMG-13/SEMG-13_Mv3.tdms,8,Group Name #8,3,15000,0
SEMG-13/SEMG-13_Mv3.tdms,9,Group Name #9,3,15100,0
SEMG-13/SEMG-13_Mv3.tdms,10,Group Name #10,3,15100,0
SEMG-13/SEMG-13_Mv3.tdms,11,Group Name #11,3,15000,0
SEMG-13/SEMG-13_Mv3.tdms,12,Group Name #12,3,15100,0
SEMG-13/SEMG-13_Mv3.tdms,13,Group Name #13,3,15100,0
SEMG-13/SEMG-13_Mv3.tdms,14,Group Name #14,3,15000,0
SEMG-13/SEMG-13_Mv3.tdms,15,Group Name #15,3,15100,0
SEMG-13/SEMG-13_Mv3.tdms,16,Group Name #16,3,15100,0
SEMG-13/SEMG-13_Mv3.tdms,17,Group Name #17,3,15000,0
SEMG-13/SEMG-13_Mv3.tdms,18,Group Name #18,3,15000,0
SEMG-13/SEMG-13_Mv3.tdms,19,Group Name #19,3,15000,0
SEMG-13/SEMG-13_Mv3.tdms,20,Group Name #20,3,15000,0
SEMG-13/SEMG-13_Mv3.tdms,21,Group Name #21,3,15000,0
SEMG-13/SEMG-13_Mv3.tdms,22,Group Name #22,3,15000,0
SEMG-13/SEMG-13_Mv3.tdms,23,Group Name #23,3,15000,0
SEMG-13/SEMG-13_Mv3.tdms,24,Group Name #24,3,15000,0
SEMG-13/SEMG-13_Mv3.tdms,25,Group Name #25,3,15000,0
SEMG-13/SEMG-13_Mv3.tdms,26,Group Name #26,3,15000,0
SEMG-13/SEMG-13_Mv3.tdms,27,Group Name #27,3,15000,0
SEMG-13/SEMG-13_Mv3.tdms,28,Group Name #28,3,15000,0
SEMG-13/SEMG-13_Mv3.tdms,29,Group Name #29,3,15000,0
SEMG-13/SEMG-13_Mv3.tdms,30,Group Name #30,3,15000,0
SEMG-13/SEMG-13_Mv3.tdms,31,Group Name #31,3,14900,0
SEMG-13/SEMG-13_Mv3.tdms,32,Group Name #32,3,15000,0
SEMG-13/SEMG-13_Mv3.tdms,33,Group Name #33,3,15000,0
SEMG-13/SEMG-13_Mv3.tdms,34,Group Name #34,3,15000,0
SEMG-13/SEMG-13_Mv3.tdms,35,Group Name #35,3,15000,0
SEMG-13/SEMG-13_Mv3.tdms,36,Group Name #36,3,15000,0
SEMG-13/SEMG-13_Mv4.tdms,0,Group Name,3,33200,0
SEMG-13/SEMG-13_Mv4.tdms,1,Group Name #1,3,15100,0
SEMG-13/SEMG-13_Mv4.tdms,2,Group Name #2,3,15000,0
SEMG-13/SEMG-13_Mv4.tdms,3,Group Name #3,3,15100,0
SEMG-13/SEMG-13_Mv4.tdms,4,Group Name #4,3,12700,0
SEMG-13/SEMG-13_Mv4.tdms,5,Group Name #5,3,15000,0
SEMG-13/SEMG-13_Mv4.tdms,6,Group Name #6,3,15100,0
SEMG-13/SEMG-13_Mv4.tdms,7,Group Name #7,3,15100,0
SEMG-13/SEMG-13_Mv4.tdms,8,Group Name #8,3,15000,0
SEMG-13/SEMG-13_Mv4.tdms,9,Group Name #9,3,15100,0
SEMG-13/SEMG-13_Mv4.tdms,10,Group Name #10,3,15100,0
SEMG-13/SEMG-13_Mv4.tdms,11,Group Name #11,3,15000,0
SEMG-13/SEMG-13_Mv4.tdms,12,Group Name #12,3,15100,0
SEMG-13/SEMG-13_Mv4.tdms,13,Group Name #13,3,15100,0
SEMG-13/SEMG-13_Mv4.tdms,14,Group Name #14,3,15100,0
SEMG-13/SEMG-13_Mv4.tdms,15,Group Name #15,3,15000,0
SEMG-13/SEMG-13_Mv4.tdms,16,Group Name #16,3,15000,0
SEMG-13/SEMG-13_Mv4.tdms,17,Group Name #17,3,15000,0
SEMG-13/SEMG-13_Mv4.tdms,18,Group Name #18,3,15000,0
SEMG-13/SEMG-13_Mv4.tdms,19,Group Name #19,3,15000,0
SEMG-13/SEMG-13_Mv4.tdms,20,Group Name #20,3,15000,0
SEMG-13/SEMG-13_Mv4.tdms,21,Group Name #21,3,15000,0
SEMG-13/SEMG-13_Mv4.tdms,22,Group Name #22,3,15000,0
SEMG-13/SEMG-13_Mv4.tdms,23,Group Name #23,3,15000,0
SEMG-13/SEMG-13_Mv4.tdms,24,Group Name #24,3,15000,0
SEMG-13/SEMG-13_Mv4.tdms,25,Group Name #25,3,15000,0
SEMG-13/SEMG-13_Mv4.tdms,26,Group Name #26,3,15000,0
SEMG-13/SEMG-13_Mv4.tdms,27,Group Name #27,3,15000,0
SEMG-13/SEMG-13_Mv4.tdms,28,Group Name #28,3,15000,0
SEMG-13/SEMG-13_Mv4.tdms,29,Group Name #29,3,15000,0
SEMG-13/SEMG-13_Mv4.tdms,30,Group Name #30,3,15000,0
SEMG-13/SEMG-13_Mv5.tdms,0,Group Name,3,15000,0
SEMG-13/SEMG-13_Mv5.tdms,1,Group Name #1,3,15100,0
SEMG-13/SEMG-13_Mv5.tdms,2,Group Name #2,3,15100,0
SEMG-13/SEMG-13_Mv5.tdms,3,Group Name #3,3,15100,0
SEMG-13/SEMG-13_Mv5.tdms,4,Group Name #4,3,15100,0
SEMG-13/SEMG-13_Mv5.tdms,5,Group Name #5,3,15100,0
SEMG-13/SEMG-13_Mv5.tdms,6,Group Name #6,3,15100,0
SEMG-13/SEMG-13_Mv5.tdms,7,Group Name #7,3,15100,0
SEMG-13/SEMG-13_Mv5.tdms,8,Group Name #8,3,15100,0
SEMG-13/SEMG-13_Mv5.tdms,9,Group Name #9,3,15100,0
SEMG-13/SEMG-13_Mv5.tdms,10,Group Name #10,3,15100,0
SEMG-13/SEMG-13_Mv5.tdms,11,Group Name #11,3,15100,0
SEMG-13/SEMG-13_Mv5.tdms,12,Group Name #12,3,15100,0
SEMG-13/SEMG-13_Mv5.tdms,13,Group Name #13,3,15100,0
SEMG-13/SEMG-13_Mv5.tdms,14,Group Name #14,3,15100,0
SEMG-13/SEMG-13_Mv5.tdms,15,Group Name #15,3,15100,0
SEMG-13/SEMG-13_Mv5.tdms,16,Group Name #16,3,15100,0
SEMG-13/SEMG-13_Mv5.tdms,17,Group Name #17,3,15100,0
SEMG-13/SEMG-13_Mv5.tdms,18,Group Name #18,3,15000,0
SEMG-13/SEMG-13_Mv5.tdms,19,Group Name #19,3,15100,0
SEMG-13/SEMG-13_Mv5.tdms,20,Group Name #20,3,15000,0
SEMG-13/SEMG-13_Mv5.tdms,21,Group Name #21,3,15000,0
SEMG-13/SEMG-13_Mv5.tdms,22,Group Name #22,3,15100,0
SEMG-13/SEMG-13_Mv5.tdms,23,Group Name #23,3,15000,0
SEMG-13/SEMG-13_Mv5.tdms,24,Group Name #24,3,15000,0
SEMG-13/SEMG-13_Mv5.tdms,25,Group Name #25,3,15100,0
SEMG-13/SEMG-13_Mv5.tdms,26,Group Name #26,3,15100,0
SEMG-13/SEMG-13_Mv5.tdms,27,Group Name #27,3,15100,0
SEMG-13/SEMG-13_Mv5.tdms,28,Group Name #28,3,15100,0
SEMG-13/SEMG-13_Mv5.tdms,29,Group Name #29,3,14600,0
SEMG-14/SEMG-14_Mv1.tdms,0,Group Name,3,157300,0
SEMG-14/SEMG-14_Mv1.tdms,1,Group Name #1,3,25000,0
SEMG-14/SEMG-14_Mv1.tdms,2,Group Name #2,3,15000,0
SEMG-14/SEMG-14_Mv1.tdms,3,Group Name #3,3,15100,0
SEMG-14/SEMG-14_Mv1.tdms,4,Group Name #4,3,15100,0
SEMG-14/SEMG-14_Mv1.tdms,5,Group Name #5,3,15100,0
SEMG-14/SEMG-14_Mv1.tdms,6,Group Name #6,3,15000,0
SEMG-14/SEMG-14_Mv1.tdms,7,Group Name #7,3,15000,0
SEMG-14/SEMG-14_Mv1.tdms,8,Group Name #8,3,15100,0
SEMG-14/SEMG-14_Mv1.tdms,9,Group Name #9,3,15000,0
SEMG-14/SEMG-14_Mv1.tdms,10,Group Name #10,3,15100,0
SEMG-14/SEMG-14_Mv1.tdms,11,Group Name #11,3,15000,0
SEMG-14/SEMG-14_Mv1.tdms,12,Group Name #12,3,15100,0
SEMG-14/SEMG-14_Mv1.tdms,13,Group Name #13,3,15100,0
SEMG-14/SEMG-14_Mv1.tdms,14,Group Name #14,3,15000,0
SEMG-14/SEMG-14_Mv1.tdms,15,Group Name #15,3,15100,0
SEMG-14/SEMG-14_Mv1.tdms,16,Group Name #16,3,15000,0
SEMG-14/SEMG-14_Mv1.tdms,17,Group Name #17,3,15000,0
SEMG-14/SEMG-14_Mv1.tdms,18,Group Name #18,3,15000,0
SEMG-14/SEMG-14_Mv1.tdms,19,Group Name #19,3,15000,0
SEMG-14/SEMG-14_Mv1.tdms,20,Group Name #20,3,15000,0
SEMG-14/SEMG-14_Mv1.tdms,21,Group Name #21,3,15000,0
SEMG-14/SEMG-14_Mv1.tdms,22,Group Name #22,3,15000,0
SEMG-14/SEMG-14_Mv1.tdms,23,Group Name #23,3,15000,0
SEMG-14/SEMG-14_Mv1.tdms,24,Group Name #24,3,15000,0
SEMG-14/SEMG-14_Mv1.tdms,25,Group Name #25,3,15000,0
SEMG-14/SEMG-14_Mv1.tdms,26,Group Name #26,3,15000,0
SEMG-14/SEMG-14_Mv1.tdms,27,Group Name #27,3,15000,0
SEMG-14/SEMG-14_Mv1.tdms,28,Group Name #28,3,15000,0
SEMG-14/SEMG-14_Mv1.tdms,29,Group Name #29,3,15000,0
SEMG-14/SEMG-14_Mv1.tdms,30,Group Name #30,3,15000,0
SEMG-14/SEMG-14_Mv1.tdms,31,Group Name #31,3,15000,0
SEMG-14/SEMG-14_Mv2.tdms,0,Group Name,3,41300,0
SEMG-14/SEMG-14_Mv2.tdms,1,Group Name #1,3,15000,0
SEMG-14/SEMG-14_Mv2.tdms,2,Group Name #2,3,15000,0
SEMG-14/SEMG-14_Mv2.tdms,3,Group Name #3,3,15100,0
SEMG-14/SEMG-14_Mv2.tdms,4,Group Name #4,3,15000,0
SEMG-14/SEMG-14_Mv2.tdms,5,Group Name #5,3,15000,0
SEMG-14/SEMG-14_Mv2.tdms,6,Group Name #6,3,15000,0
SEMG-14/SEMG-14_Mv2.tdms,7,Group Name #7,3,15000,0
SEMG-14/SEMG-14_Mv2.tdms,8,Group Name #8,3,15100,0
SEMG-14/SEMG-14_Mv2.tdms,9,Group Name #9,3,15100,0
SEMG-14/SEMG-14_Mv2.tdms,10,Group Name #10,3,15100,0
SEMG-14/SEMG-14_Mv2.tdms,11,Group Name #11,3,15000,0
SEMG-14/SEMG-14_Mv2.tdms,12,Group Name #12,3,15000,0
SEMG-14/SEMG-14_Mv2.tdms,13,Group Name #13,3,15100,0
SEMG-14/SEMG-14_Mv2.tdms,14,Group Name #14,3,15000,0
SEMG-14/SEMG-14_Mv2.tdms,15,Group Name #15,3,15000,0
SEMG-14/SEMG-14_Mv2.tdms,16,Group Name #16,3,15000,0
SEMG-14/SEMG-14_Mv2.tdms,17,Group Name #17,3,15000,0
SEMG-14/SEMG-14_Mv2.tdms,18,Group Name #18,3,15000,0
SEMG-14/SEMG-14_Mv2.tdms,19,Group Name #19,3,15000,0
SEMG-14/SEMG-14_Mv2.tdms,20,Group Name #20,3,15000,0
SEMG-14/SEMG-14_Mv2.tdms,21,Group Name #21,3,15000,0
SEMG-14/SEMG-14_Mv2.tdms,22,Group Name #22,3,15000,0
SEMG-14/SEMG-14_Mv2.tdms,23,Group Name #23,3,15000,0
SEMG-14/SEMG-14_Mv2.tdms,24,Group Name #24,3,15000,0
SEMG-14/SEMG-14_Mv2.tdms,25,Group Name #25,3,15000,0
SEMG-14/SEMG-14_Mv2.tdms,26,Group Name #26,3,15000,0
SEMG-14/SEMG-14_Mv2.tdms,27,Group Name #27,3,15000,0
SEMG-14/SEMG-14_Mv2.tdms,28,Group Name #28,3,15000,0
SEMG-14/SEMG-14_Mv2.tdms,29,Group Name #29,3,15000,0
SEMG-14/SEMG-14_Mv2.tdms,30,Group Name #30,3,15000,0
SEMG-14/SEMG-14_Mv2.tdms,31,Group Name #31,3,15000,0
SEMG-14/SEMG-14_Mv3.tdms,0,Group Name,3,62900,0
SEMG-14/SEMG-14_Mv3.tdms,1,Group Name #1,3,15000,0
SEMG-14/SEMG-14_Mv3.tdms,2,Group Name #2,3,15000,0
SEMG-14/SEMG-14_Mv3.tdms,3,Group Name #3,3,15000,0
SEMG-14/SEMG-14_Mv3.tdms,4,Group Name #4,3,15100,0
SEMG-14/SEMG-14_Mv3.tdms,5,Group Name #5,3,15000,0
SEMG-14/SEMG-14_Mv3.tdms,6,Group Name #6,3,15100,0
SEMG-14/SEMG-14_Mv3.tdms,7,Group Name #7,3,15000,0
SEMG-14/SEMG-14_Mv3.tdms,8,Group Name #8,3,15000,0
SEMG-14/SEMG-14_Mv3.tdms,9,Group Name #9,3,15100,0
SEMG-14/SEMG-14_Mv3.tdms,10,Group Name #10,3,15100,0
SEMG-14/SEMG-14_Mv3.tdms,11,Group Name #11,3,15000,0
SEMG-14/SEMG-14_Mv3.tdms,12,Group Name #12,3,15000,0
SEMG-14/SEMG-14_Mv3.tdms,13,Group Name #13,3,15000,0
SEMG-14/SEMG-14_Mv3.tdms,14,Group Name #14,3,15000,0
SEMG-14/SEMG-14_Mv3.tdms,15,Group Name #15,3,15100,0
SEMG-14/SEMG-14_Mv3.tdms,16,Group Name #16,3,15000,0
SEMG-14/SEMG-14_Mv3.tdms,17,Group Name #17,3,15000,0
SEMG-14/SEMG-14_Mv3.tdms,18,Group Name #18,3,15000,0
SEMG-14/SEMG-14_Mv3.tdms,19,Group Name #19,3,15000,0
SEMG-14/SEMG-14_Mv3.tdms,20,Group Name #20,3,15000,0
SEMG-14/SEMG-14_Mv3.tdms,21,Group Name #21,3,15000,0
SEMG-14/SEMG-14_Mv3.tdms,22,Group Name #22,3,15000,0
SEMG-14/SEMG-14_Mv3.tdms,23,Group Name #23,3,15000,0
SEMG-14/SEMG-14_Mv3.tdms,24,Group Name #24,3,15000,0
SEMG-14/SEMG-14_Mv3.tdms,25,Group Name #25,3,15000,0
SEMG-14/SEMG-14_Mv3.tdms,26,Group Name #26,3,15000,0
SEMG-14/SEMG-14_Mv3.tdms,27,Group Name #27,3,15000,0
SEMG-14/SEMG-14_Mv3.tdms,28,Group Name #28,3,15000,0
SEMG-14/SEMG-14_Mv3.tdms,29,Group Name #29,3,15000,0
SEMG-14/SEMG-14_Mv3.tdms,30,Group Name #30,3,15000,0
SEMG-14/SEMG-14_Mv3.tdms,31,Group Name #31,3,15000,0
SEMG-14/SEMG-14_Mv4.tdms,0,Group Name,3,40400,0
SEMG-14/SEMG-14_Mv4.tdms,1,Group Name #1,3,15100,0
SEMG-14/SEMG-14_Mv4.tdms,2,Group Name #2,3,15000,0
SEMG-14/SEMG-14_Mv4.tdms,3,Group Name #3,3,15000,0
SEMG-14/SEMG-14_Mv4.tdms,4,Group Name #4,3,15000,0
SEMG-14/SEMG-14_Mv4.tdms,5,Group Name #5,3,15000,0
SEMG-14/SEMG-14_Mv4.tdms,6,Group Name #6,3,15000,0
SEMG-14/SEMG-14_Mv4.tdms,7,Group Name #7,3,15000,0
SEMG-14/SEMG-14_Mv4.tdms,8,Group Name #8,3,15000,0
SEMG-14/SEMG-14_Mv4.tdms,9,Group Name #9,3,15000,0
SEMG-14/SEMG-14_Mv4.tdms,10,Group Name #10,3,15100,0
SEMG-14/SEMG-14_Mv4.tdms,11,Group Name #11,3,15000,0
SEMG-14/SEMG-14_Mv4.tdms,12,Group Name #12,3,15000,0
SEMG-14/SEMG-14_Mv4.tdms,13,Group Name #13,3,15000,0
SEMG-14/SEMG-14_Mv4.tdms,14,Group Name #14,3,15100,0
SEMG-14/SEMG-14_Mv4.tdms,15,Group Name #15,3,15100,0
SEMG-14/SEMG-14_Mv4.tdms,16,Group Name #16,3,15000,0
SEMG-14/SEMG-14_Mv4.tdms,17,Group Name #17,3,15000,0
SEMG-14/SEMG-14_Mv4.tdms,18,Group Name #18,3,15000,0
SEMG-14/SEMG-14_Mv4.tdms,19,Group Name #19,3,15000,0
SEMG-14/SEMG-14_Mv4.tdms,20,Group Name #20,3,15000,0
SEMG-14/SEMG-14_Mv4.tdms,21,Group Name #21,3,15000,0
SEMG-14/SEMG-14_Mv4.tdms,22,Group Name #22,3,15000,0
SEMG-14/SEMG-14_Mv4.tdms,23,Group Name #23,3,15000,0
SEMG-14/SEMG-14_Mv4.tdms,24,Group Name #24,3,15000,0
SEMG-14/SEMG-14_Mv4.tdms,25,Group Name #25,3,15000,0
SEMG-14/SEMG-14_Mv4.tdms,26,Group Name #26,3,15000,0
SEMG-14/SEMG-14_Mv4.tdms,27,Group Name #27,3,15000,0
SEMG-14/SEMG-14_Mv4.tdms,28,Group Name #28,3,15000,0
SEMG-14/SEMG-14_Mv4.tdms,29,Group Name #29,3,15000,0
SEMG-14/SEMG-14_Mv4.tdms,30,Group Name #30,3,15000,0
SEMG-14/SEMG-14_Mv4.tdms,31,Group Name #31,3,14900,0
SEMG-14/SEMG-14_Mv4.tdms,32,Group Name #32,3,15000,0
SEMG-14/SEMG-14_Mv5.tdms,0,Group Name,3,15100,0
SEMG-14/SEMG-14_Mv5.tdms,1,Group Name #1,3,15100,0
SEMG-14/SEMG-14_Mv5.tdms,2,Group Name #2,3,15100,0
SEMG-14/SEMG-14_Mv5.tdms,3,Group Name #3,3,15100,0
SEMG-14/SEMG-14_Mv5.tdms,4,Group Name #4,3,15100,0
SEMG-14/SEMG-14_Mv5.tdms,5,Group Name #5,3,15100,0
SEMG-14/SEMG-14_Mv5.tdms,6,Group Name #6,3,15100,0
SEMG-14/SEMG-14_Mv5.tdms,7,Group Name #7,3,15100,0
SEMG-14/SEMG-14_Mv5.tdms,8,Group Name #8,3,15100,0
SEMG-14/SEMG-14_Mv5.tdms,9,Group Name #9,3,15100,0
SEMG-14/SEMG-14_Mv5.tdms,10,Group Name #10,3,15100,0
SEMG-14/SEMG-14_Mv5.tdms,11,Group Name #11,3,15100,0
SEMG-14/SEMG-14_Mv5.tdms,12,Group Name #12,3,15100,0
SEMG-14/SEMG-14_Mv5.tdms,13,Group Name #13,3,15100,0
SEMG-14/SEMG-14_Mv5.tdms,14,Group Name #14,3,15100,0
SEMG-14/SEMG-14_Mv5.tdms,15,Group Name #15,3,15100,0
SEMG-14/SEMG-14_Mv5.tdms,16,Group Name #16,3,15100,0
SEMG-14/SEMG-14_Mv5.tdms,17,Group Name #17,3,15000,0
SEMG-14/SEMG-14_Mv5.tdms,18,Group Name #18,3,15000,0
SEMG-14/SEMG-14_Mv5.tdms,19,Group Name #19,3,15100,0
SEMG-14/SEMG-14_Mv5.tdms,20,Group Name #20,3,15100,0
SEMG-14/SEMG-14_Mv5.tdms,21,Group Name #21,3,15100,0
SEMG-14/SEMG-14_Mv5.tdms,22,Group Name #22,3,15000,0
SEMG-14/SEMG-14_Mv5.tdms,23,Group Name #23,3,15100,0
SEMG-14/SEMG-14_Mv5.tdms,24,Group Name #24,3,15000,0
SEMG-14/SEMG-14_Mv5.tdms,25,Group Name #25,3,15000,0
SEMG-14/SEMG-14_Mv5.tdms,26,Group Name #26,3,15100,0
SEMG-14/SEMG-14_Mv5.tdms,27,Group Name #27,3,14800,0
SEMG-14/SEMG-14_Mv5.tdms,28,Group Name #28,3,15000,0
SEMG-14/SEMG-14_Mv5.tdms,29,Group Name #29,3,15000,0
SEMG-14/SEMG-14_Mv5.tdms,30,Group Name #30,3,800,0
SEMG-15/SEMG-15_Mv1.tdms,0,Group Name,3,146100,0
SEMG-15/SEMG-15_Mv1.tdms,1,Group Name #1,3,15100,0
SEMG-15/SEMG-15_Mv1.tdms,2,Group Name #2,3,15100,0
SEMG-15/SEMG-15_Mv1.tdms,3,Group Name #3,3,15100,0
SEMG-15/SEMG-15_Mv1.tdms,4,Group Name #4,3,15100,0
SEMG-15/SEMG-15_Mv1.tdms,5,Group Name #5,3,15000,0
SEMG-15/SEMG-15_Mv1.tdms,6,Group Name #6,3,15000,0
SEMG-15/SEMG-15_Mv1.tdms,7,Group Name #7,3,15100,0
SEMG-15/SEMG-15_Mv1.tdms,8,Group Name #8,3,15100,0
SEMG-15/SEMG-15_Mv1.tdms,9,Group Name #9,3,15100,0
SEMG-15/SEMG-15_Mv1.tdms,10,Group Name #10,3,15100,0
SEMG-15/SEMG-15_Mv1.tdms,11,Group Name #11,3,15100,0
SEMG-15/SEMG-15_Mv1.tdms,12,Group Name #12,3,15100,0
SEMG-15/SEMG-15_Mv1.tdms,13,Group Name #13,3,15100,0
SEMG-15/SEMG-15_Mv1.tdms,14,Group Name #14,3,15000,0
SEMG-15/SEMG-15_Mv1.tdms,15,Group Name #15,3,15100,0
SEMG-15/SEMG-15_Mv1.tdms,16,Group Name #16,3,15100,0
SEMG-15/SEMG-15_Mv1.tdms,17,Group Name #17,3,15100,0
SEMG-15/SEMG-15_Mv1.tdms,18,Group Name #18,3,15000,0
SEMG-15/SEMG-15_Mv1.tdms,19,Group Name #19,3,15100,0
SEMG-15/SEMG-15_Mv1.tdms,20,Group Name #20,3,15100,0
SEMG-15/SEMG-15_Mv1.tdms,21,Group Name #21,3,15000,0
SEMG-15/SEMG-15_Mv1.tdms,22,Group Name #22,3,15000,0
SEMG-15/SEMG-15_Mv1.tdms,23,Group Name #23,3,15000,0
SEMG-15/SEMG-15_Mv1.tdms,24,Group Name #24,3,15000,0
SEMG-15/SEMG-15_Mv1.tdms,25,Group Name #25,3,15000,0
SEMG-15/SEMG-15_Mv1.tdms,26,Group Name #26,3,15000,0
SEMG-15/SEMG-15_Mv1.tdms,27,Group Name #27,3,15000,0
SEMG-15/SEMG-15_Mv1.tdms,28,Group Name #28,3,15000,0
SEMG-15/SEMG-15_Mv1.tdms,29,Group Name #29,3,15000,0
SEMG-15/SEMG-15_Mv1.tdms,30,Group Name #30,3,15000,0
SEMG-15/SEMG-15_Mv1.tdms,31,Group Name #31,3,15000,0
SEMG-15/SEMG-15_Mv2.tdms,0,Group Name,3,72600,0
SEMG-15/SEMG-15_Mv2.tdms,1,Group Name #1,3,15000,0
SEMG-15/SEMG-15_Mv2.tdms,2,Group Name #2,3,15100,0
SEMG-15/SEMG-15_Mv2.tdms,3,Group Name #3,3,15000,0
SEMG-15/SEMG-15_Mv2.tdms,4,Group Name #4,3,15000,0
SEMG-15/SEMG-15_Mv2.tdms,5,Group Name #5,3,15000,0
SEMG-15/SEMG-15_Mv2.tdms,6,Group Name #6,3,15100,0
SEMG-15/SEMG-15_Mv2.tdms,7,Group Name #7,3,15100,0
SEMG-15/SEMG-15_Mv2.tdms,8,Group Name #8,3,15100,0
SEMG-15/SEMG-15_Mv2.tdms,9,Group Name #9,3,15000,0
SEMG-15/SEMG-15_Mv2.tdms,10,Group Name #10,3,15000,0
SEMG-15/SEMG-15_Mv2.tdms,11,Group Name #11,3,15100,0
SEMG-15/SEMG-15_Mv2.tdms,12,Group Name #12,3,15100,0
SEMG-15/SEMG-15_Mv2.tdms,13,Group Name #13,3,15100,0
SEMG-15/SEMG-15_Mv2.tdms,14,Group Name #14,3,15000,0
SEMG-15/SEMG-15_Mv2.tdms,15,Group Name #15,3,15100,0
SEMG-15/SEMG-15_Mv2.tdms,16,Group Name #16,3,15000,0
SEMG-15/SEMG-15_Mv2.tdms,17,Group Name #17,3,15100,0
SEMG-15/SEMG-15_Mv2.tdms,18,Group Name #18,3,15000,0
SEMG-15/SEMG-15_Mv2.tdms,19,Group Name #19,3,15000,0
SEMG-15/SEMG-15_Mv2.tdms,20,Group Name #20,3,15000,0
SEMG-15/SEMG-15_Mv2.tdms,21,Group Name #21,3,15000,0
SEMG-15/SEMG-15_Mv2.tdms,22,Group Name #22,3,15000,0
SEMG-15/SEMG-15_Mv2.tdms,23,Group Name #23,3,15000,0
SEMG-15/SEMG-15_Mv2.tdms,24,Group Name #24,3,15000,0
SEMG-15/SEMG-15_Mv2.tdms,25,Group Name #25,3,15000,0
SEMG-15/SEMG-15_Mv2.tdms,26,Group Name #26,3,15000,0
SEMG-15/SEMG-15_Mv2.tdms,27,Group Name #27,3,15000,0
SEMG-15/SEMG-15_Mv2.tdms,28,Group Name #28,3,15000,0
SEMG-15/SEMG-15_Mv2.tdms,29,Group Name #29,3,15000,0
SEMG-15/SEMG-15_Mv2.tdms,30,Group Name #30,3,15000,0
SEMG-15/SEMG-15_Mv2.tdms,31,Group Name #31,3,15000,0
SEMG-15/SEMG-15_Mv2.tdms,32,Group Name #32,3,15000,0
SEMG-15/SEMG-15_Mv3.tdms,0,Group Name,3,61300,0
SEMG-15/SEMG-15_Mv3.tdms,1,Group Name #1,3,15100,0
SEMG-15/SEMG-15_Mv3.tdms,2,Group Name #2,3,15100,0
SEMG-15/SEMG-15_Mv3.tdms,3,Group Name #3,3,15100,0
SEMG-15/SEMG-15_Mv3.tdms,4,Group Name #4,3,15100,0
SEMG-15/SEMG-15_Mv3.tdms,5,Group Name #5,3,15000,0
SEMG-15/SEMG-15_Mv3.tdms,6,Group Name #6,3,15000,0
SEMG-15/SEMG-15_Mv3.tdms,7,Group Name #7,3,15100,0
SEMG-15/SEMG-15_Mv3.tdms,8,Group Name #8,3,15100,0
SEMG-15/SEMG-15_Mv3.tdms,9,Group Name #9,3,15100,0
SEMG-15/SEMG-15_Mv3.tdms,10,Group Name #10,3,15100,0
SEMG-15/SEMG-15_Mv3.tdms,11,Group Name #11,3,15000,0
SEMG-15/SEMG-15_Mv3.tdms,12,Group Name #12,3,15100,0
SEMG-15/SEMG-15_Mv3.tdms,13,Group Name #13,3,15000,0
SEMG-15/SEMG-15_Mv3.tdms,14,Group Name #14,3,15100,0
SEMG-15/SEMG-15_Mv3.tdms,15,Group Name #15,3,15100,0
SEMG-15/SEMG-15_Mv3.tdms,16,Group Name #16,3,15000,0
SEMG-15/SEMG-15_Mv3.tdms,17,Group Name #17,3,15000,0
SEMG-15/SEMG-15_Mv3.tdms,18,Group Name #18,3,15000,0
SEMG-15/SEMG-15_Mv3.tdms,19,Group Name #19,3,15000,0
SEMG-15/SEMG-15_Mv3.tdms,20,Group Name #20,3,15000,0
SEMG-15/SEMG-15_Mv3.tdms,21,Group Name #21,3,15000,0
SEMG-15/SEMG-15_Mv3.tdms,22,Group Name #22,3,15000,0
SEMG-15/SEMG-15_Mv3.tdms,23,Group Name #23,3,15000,0
SEMG-15/SEMG-15_Mv3.tdms,24,Group Name #24,3,15000,0
SEMG-15/SEMG-15_Mv3.tdms,25,Group Name #25,3,15000,0
SEMG-15/SEMG-15_Mv3.tdms,26,Group Name #26,3,15000,0
SEMG-15/SEMG-15_Mv3.tdms,27,Group Name #27,3,15000,0
SEMG-15/SEMG-15_Mv3.tdms,28,Group Name #28,3,15000,0
SEMG-15/SEMG-15_Mv3.tdms,29,Group Name #29,3,15000,0
SEMG-15/SEMG-15_Mv3.tdms,30,Group Name #30,3,15000,0
SEMG-15/SEMG-15_Mv4.tdms,0,Group Name,3,36400,0
SEMG-15/SEMG-15_Mv4.tdms,1,Group Name #1,3,15100,0
SEMG-15/SEMG-15_Mv4.tdms,2,Group Name #2,3,15100,0
SEMG-15/SEMG-15_Mv4.tdms,3,Group Name #3,3,15000,0
SEMG-15/SEMG-15_Mv4.tdms,4,Group Name #4,3,15100,0
SEMG-15/SEMG-15_Mv4.tdms,5,Group Name #5,3,15000,0
SEMG-15/SEMG-15_Mv4.tdms,6,Group Name #6,3,15000,0
SEMG-15/SEMG-15_Mv4.tdms,7,Group Name #7,3,15100,0
SEMG-15/SEMG-15_Mv4.tdms,8,Group Name #8,3,15100,0
SEMG-15/SEMG-15_Mv4.tdms,9,Group Name #9,3,15100,0
SEMG-15/SEMG-15_Mv4.tdms,10,Group Name #10,3,15100,0
SEMG-15/SEMG-15_Mv4.tdms,11,Group Name #11,3,15000,0
SEMG-15/SEMG-15_Mv4.tdms,12,Group Name #12,3,15000,0
SEMG-15/SEMG-15_Mv4.tdms,13,Group Name #13,3,15000,0
SEMG-15/SEMG-15_Mv4.tdms,14,Group Name #14,3,15000,0
SEMG-15/SEMG-15_Mv4.tdms,15,Group Name #15,3,15000,0
SEMG-15/SEMG-15_Mv4.tdms,16,Group Name #16,3,15100,0
SEMG-15/SEMG-15_Mv4.tdms,17,Group Name #17,3,15000,0
SEMG-15/SEMG-15_Mv4.tdms,18,Group Name #18,3,15000,0
SEMG-15/SEMG-15_Mv4.tdms,19,Group Name #19,3,15000,0
SEMG-15/SEMG-15_Mv4.tdms,20,Group Name #20,3,15000,0
SEMG-15/SEMG-15_Mv4.tdms,21,Group Name #21,3,15000,0
SEMG-15/SEMG-15_Mv4.tdms,22,Group Name #22,3,15000,0
SEMG-15/SEMG-15_Mv4.tdms,23,Group Name #23,3,15000,0
SEMG-15/SEMG-15_Mv4.tdms,24,Group Name #24,3,15000,0
SEMG-15/SEMG-15_Mv4.tdms,25,Group Name #25,3,15000,0
SEMG-15/SEMG-15_Mv4.tdms,26,Group Name #26,3,15000,0
SEMG-15/SEMG-15_Mv4.tdms,27,Group Name #27,3,15000,0
SEMG-15/SEMG-15_Mv4.tdms,28,Group Name #28,3,15000,0
SEMG-15/SEMG-15_Mv4.tdms,29,Group Name #29,3,15000,0
SEMG-15/SEMG-15_Mv4.tdms,30,Group Name #30,3,15000,0
SEMG-15/SEMG-15_Mv4.tdms,31,Group Name #31,3,15000,0
SEMG-15/SEMG-15_Mv4.tdms,32,Group Name #32,3,2300,0
SEMG-15/SEMG-15_Mv4.tdms,33,Group Name #33,3,15000,0
SEMG-15/SEMG-15_Mv4.tdms,34,Group Name #34,3,15000,0
SEMG-15/SEMG-15_Mv4.tdms,35,Group Name #35,3,15000,0
SEMG-15/SEMG-15_Mv4.tdms,36,Group Name #36,3,15000,0
SEMG-15/SEMG-15_Mv4.tdms,37,Group Name #37,3,15000,0
SEMG-15/SEMG-15_Mv4.tdms,38,Group Name #38,3,15000,0
SEMG-15/SEMG-15_Mv4.tdms,39,Group Name #39,3,15000,0
SEMG-15/SEMG-15_Mv5.tdms,0,Group Name,3,15100,0
SEMG-15/SEMG-15_Mv5.tdms,1,Group Name #1,3,15100,0
SEMG-15/SEMG-15_Mv5.tdms,2,Group Name #2,3,15100,0
SEMG-15/SEMG-15_Mv5.tdms,3,Group Name #3,3,15100,0
SEMG-15/SEMG-15_Mv5.tdms,4,Group Name #4,3,15100,0
SEMG-15/SEMG-15_Mv5.tdms,5,Group Name #5,3,15100,0
SEMG-15/SEMG-15_Mv5.tdms,6,Group Name #6,3,15100,0
SEMG-15/SEMG-15_Mv5.tdms,7,Group Name #7,3,15100,0
SEMG-15/SEMG-15_Mv5.tdms,8,Group Name #8,3,15100,0
SEMG-15/SEMG-15_Mv5.tdms,9,Group Name #9,3,15100,0
SEMG-15/SEMG-15_Mv5.tdms,10,Group Name #10,3,15000,0
SEMG-15/SEMG-15_Mv5.tdms,11,Group Name #11,3,15100,0
SEMG-15/SEMG-15_Mv5.tdms,12,Group Name #12,3,15100,0
SEMG-15/SEMG-15_Mv5.tdms,13,Group Name #13,3,15100,0
SEMG-15/SEMG-15_Mv5.tdms,14,Group Name #14,3,15100,0
SEMG-15/SEMG-15_Mv5.tdms,15,Group Name #15,3,15100,0
SEMG-15/SEMG-15_Mv5.tdms,16,Group Name #16,3,15100,0
SEMG-15/SEMG-15_Mv5.tdms,17,Group Name #17,3,15100,0
SEMG-15/SEMG-15_Mv5.tdms,18,Group Name #18,3,15100,0
SEMG-15/SEMG-15_Mv5.tdms,19,Group Name #19,3,15100,0
SEMG-15/SEMG-15_Mv5.tdms,20,Group Name #20,3,15100,0
SEMG-15/SEMG-15_Mv5.tdms,21,Group Name #21,3,15000,0
SEMG-15/SEMG-15_Mv5.tdms,22,Group Name #22,3,15000,0
SEMG-15/SEMG-15_Mv5.tdms,23,Group Name #23,3,15000,0
SEMG-15/SEMG-15_Mv5.tdms,24,Group Name #24,3,15100,0
SEMG-15/SEMG-15_Mv5.tdms,25,Group Name #25,3,15100,0
SEMG-15/SEMG-15_Mv5.tdms,26,Group Name #26,3,15100,0
SEMG-15/SEMG-15_Mv5.tdms,27,Group Name #27,3,15100,0
SEMG-15/SEMG-15_Mv5.tdms,28,Group Name #28,3,15100,0
SEMG-15/SEMG-15_Mv5.tdms,29,Group Name #29,3,15000,0
SEMG-15/SEMG-15_Mv5.tdms,30,Group Name #30,3,100,0
SEMG-16/SEMG-16_Mv1.tdms,0,Group Name,3,115200,0
SEMG-16/SEMG-16_Mv1.tdms,1,Group Name #1,3,86300,0
SEMG-16/SEMG-16_Mv1.tdms,2,Group Name #2,3,19700,0
SEMG-16/SEMG-16_Mv1.tdms,3,Group Name #3,3,15000,0
SEMG-16/SEMG-16_Mv1.tdms,4,Group Name #4,3,15000,0
SEMG-16/SEMG-16_Mv1.tdms,5,Group Name #5,3,15100,0
SEMG-16/SEMG-16_Mv1.tdms,6,Group Name #6,3,15000,0
SEMG-16/SEMG-16_Mv1.tdms,7,Group Name #7,3,15000,0
SEMG-16/SEMG-16_Mv1.tdms,8,Group Name #8,3,15000,0
SEMG-16/SEMG-16_Mv1.tdms,9,Group Name #9,3,15100,0
SEMG-16/SEMG-16_Mv1.tdms,10,Group Name #10,3,15000,0
SEMG-16/SEMG-16_Mv1.tdms,11,Group Name #11,3,15000,0
SEMG-16/SEMG-16_Mv1.tdms,12,Group Name #12,3,15100,0
SEMG-16/SEMG-16_Mv1.tdms,13,Group Name #13,3,15000,0
SEMG-16/SEMG-16_Mv1.tdms,14,Group Name #14,3,15000,0
SEMG-16/SEMG-16_Mv1.tdms,15,Group Name #15,3,15000,0
SEMG-16/SEMG-16_Mv1.tdms,16,Group Name #16,3,15100,0
SEMG-16/SEMG-16_Mv1.tdms,17,Group Name #17,3,15000,0
SEMG-16/SEMG-16_Mv1.tdms,18,Group Name #18,3,15100,0
SEMG-16/SEMG-16_Mv1.tdms,19,Group Name #19,3,15000,0
SEMG-16/SEMG-16_Mv1.tdms,20,Group Name #20,3,15000,0
SEMG-16/SEMG-16_Mv1.tdms,21,Group Name #21,3,15000,0
SEMG-16/SEMG-16_Mv1.tdms,22,Group Name #22,3,15000,0
SEMG-16/SEMG-16_Mv1.tdms,23,Group Name #23,3,15000,0
SEMG-16/SEMG-16_Mv1.tdms,24,Group Name #24,3,15000,0
SEMG-16/SEMG-16_Mv1.tdms,25,Group Name #25,3,15100,0
SEMG-16/SEMG-16_Mv1.tdms,26,Group Name #26,3,15100,0
SEMG-16/SEMG-16_Mv1.tdms,27,Group Name #27,3,15000,0
SEMG-16/SEMG-16_Mv1.tdms,28,Group Name #28,3,15000,0
SEMG-16/SEMG-16_Mv1.tdms,29,Group Name #29,3,15100,0
SEMG-16/SEMG-16_Mv1.tdms,30,Group Name #30,3,15100,0
SEMG-16/SEMG-16_Mv1.tdms,31,Group Name #31,3,15000,0
SEMG-16/SEMG-16_Mv1.tdms,32,Group Name #32,3,15100,0
SEMG-16/SEMG-16_Mv2.tdms,0,Group Name,3,72800,0
SEMG-16/SEMG-16_Mv2.tdms,1,Group Name #1,3,15100,0
SEMG-16/SEMG-16_Mv2.tdms,2,Group Name #2,3,15100,0
SEMG-16/SEMG-16_Mv2.tdms,3,Group Name #3,3,15100,0
SEMG-16/SEMG-16_Mv2.tdms,4,Group Name #4,3,15000,0
SEMG-16/SEMG-16_Mv2.tdms,5,Group Name #5,3,15000,0
SEMG-16/SEMG-16_Mv2.tdms,6,Group Name #6,3,15000,0
SEMG-16/SEMG-16_Mv2.tdms,7,Group Name #7,3,15000,0
SEMG-16/SEMG-16_Mv2.tdms,8,Group Name #8,3,15000,0
SEMG-16/SEMG-16_Mv2.tdms,9,Group Name #9,3,15100,0
SEMG-16/SEMG-16_Mv2.tdms,10,Group Name #10,3,15000,0
SEMG-16/SEMG-16_Mv2.tdms,11,Group Name #11,3,15100,0
SEMG-16/SEMG-16_Mv2.tdms,12,Group Name #12,3,15100,0
SEMG-16/SEMG-16_Mv2.tdms,13,Group Name #13,3,15000,0
SEMG-16/SEMG-16_Mv2.tdms,14,Group Name #14,3,15100,0
SEMG-16/SEMG-16_Mv2.tdms,15,Group Name #15,3,15000,0
SEMG-16/SEMG-16_Mv2.tdms,16,Group Name #16,3,15100,0
SEMG-16/SEMG-16_Mv2.tdms,17,Group Name #17,3,15000,0
SEMG-16/SEMG-16_Mv2.tdms,18,Group Name #18,3,15100,0
SEMG-16/SEMG-16_Mv2.tdms,19,Group Name #19,3,15000,0
SEMG-16/SEMG-16_Mv2.tdms,20,Group Name #20,3,15000,0
SEMG-16/SEMG-16_Mv2.tdms,21,Group Name #21,3,15100,0
SEMG-16/SEMG-16_Mv2.tdms,22,Group Name #22,3,15100,0
SEMG-16/SEMG-16_Mv2.tdms,23,Group Name #23,3,15100,0
SEMG-16/SEMG-16_Mv2.tdms,24,Group Name #24,3,15100,0
SEMG-16/SEMG-16_Mv2.tdms,25,Group Name #25,3,14900,0
SEMG-16/SEMG-16_Mv2.tdms,26,Group Name #26,3,15100,0
SEMG-16/SEMG-16_Mv2.tdms,27,Group Name #27,3,15000,0
SEMG-16/SEMG-16_Mv2.tdms,28,Group Name #28,3,15000,0
SEMG-16/SEMG-16_Mv2.tdms,29,Group Name #29,3,15000,0
SEMG-16/SEMG-16_Mv2.tdms,30,Group Name #30,3,15100,0
SEMG-16/SEMG-16_Mv3.tdms,0,Group Name,3,35100,0
SEMG-16/SEMG-16_Mv3.tdms,1,Group Name #1,3,15100,0
SEMG-16/SEMG-16_Mv3.tdms,2,Group Name #2,3,15100,0
SEMG-16/SEMG-16_Mv3.tdms,3,Group Name #3,3,15100,0
SEMG-16/SEMG-16_Mv3.tdms,4,Group Name #4,3,15000,0
SEMG-16/SEMG-16_Mv3.tdms,5,Group Name #5,3,15100,0
SEMG-16/SEMG-16_Mv3.tdms,6,Group Name #6,3,15000,0
SEMG-16/SEMG-16_Mv3.tdms,7,Group Name #7,3,15100,0
SEMG-16/SEMG-16_Mv3.tdms,8,Group Name #8,3,15000,0
SEMG-16/SEMG-16_Mv3.tdms,9,Group Name #9,3,15100,0
SEMG-16/SEMG-16_Mv3.tdms,10,Group Name #10,3,15000,0
SEMG-16/SEMG-16_Mv3.tdms,11,Group Name #11,3,15000,0
SEMG-16/SEMG-16_Mv3.tdms,12,Group Name #12,3,15100,0
SEMG-16/SEMG-16_Mv3.tdms,13,Group Name #13,3,15000,0
SEMG-16/SEMG-16_Mv3.tdms,14,Group Name #14,3,15000,0
SEMG-16/SEMG-16_Mv3.tdms,15,Group Name #15,3,15100,0
SEMG-16/SEMG-16_Mv3.tdms,16,Group Name #16,3,15100,0
SEMG-16/SEMG-16_Mv3.tdms,17,Group Name #17,3,15100,0
SEMG-16/SEMG-16_Mv3.tdms,18,Group Name #18,3,15100,0
SEMG-16/SEMG-16_Mv3.tdms,19,Group Name #19,3,15100,0
SEMG-16/SEMG-16_Mv3.tdms,20,Group Name #20,3,14700,0
SEMG-16/SEMG-16_Mv3.tdms,21,Group Name #21,3,15100,0
SEMG-16/SEMG-16_Mv3.tdms,22,Group Name #22,3,15100,0
SEMG-16/SEMG-16_Mv3.tdms,23,Group Name #23,3,15000,0
SEMG-16/SEMG-16_Mv3.tdms,24,Group Name #24,3,15100,0
SEMG-16/SEMG-16_Mv3.tdms,25,Group Name #25,3,15000,0
SEMG-16/SEMG-16_Mv3.tdms,26,Group Name #26,3,15100,0
SEMG-16/SEMG-16_Mv3.tdms,27,Group Name #27,3,15100,0
SEMG-16/SEMG-16_Mv3.tdms,28,Group Name #28,3,15100,0
SEMG-16/SEMG-16_Mv3.tdms,29,Group Name #29,3,15100,0
SEMG-16/SEMG-16_Mv3.tdms,30,Group Name #30,3,15000,0
SEMG-16/SEMG-16_Mv4.tdms,0,Group Name,3,40500,0
SEMG-16/SEMG-16_Mv4.tdms,1,Group Name #1,3,15100,0
SEMG-16/SEMG-16_Mv4.tdms,2,Group Name #2,3,15100,0
SEMG-16/SEMG-16_Mv4.tdms,3,Group Name #3,3,15100,0
SEMG-16/SEMG-16_Mv4.tdms,4,Group Name #4,3,15100,0
SEMG-16/SEMG-16_Mv4.tdms,5,Group Name #5,3,15100,0
SEMG-16/SEMG-16_Mv4.tdms,6,Group Name #6,3,15100,0
SEMG-16/SEMG-16_Mv4.tdms,7,Group Name #7,3,15100,0
SEMG-16/SEMG-16_Mv4.tdms,8,Group Name #8,3,15100,0
SEMG-16/SEMG-16_Mv4.tdms,9,Group Name #9,3,15100,0
SEMG-16/SEMG-16_Mv4.tdms,10,Group Name #10,3,15100,0
SEMG-16/SEMG-16_Mv4.tdms,11,Group Name #11,3,15100,0
SEMG-16/SEMG-16_Mv4.tdms,12,Group Name #12,3,15100,0
SEMG-16/SEMG-16_Mv4.tdms,13,Group Name #13,3,15100,0
SEMG-16/SEMG-16_Mv4.tdms,14,Group Name #14,3,15100,0
SEMG-16/SEMG-16_Mv4.tdms,15,Group Name #15,3,15100,0
SEMG-16/SEMG-16_Mv4.tdms,16,Group Name #16,3,15100,0
SEMG-16/SEMG-16_Mv4.tdms,17,Group Name #17,3,15100,0
SEMG-16/SEMG-16_Mv4.tdms,18,Group Name #18,3,15100,0
SEMG-16/SEMG-16_Mv4.tdms,19,Group Name #19,3,15100,0
SEMG-16/SEMG-16_Mv4.tdms,20,Group Name #20,3,15100,0
SEMG-16/SEMG-16_Mv4.tdms,21,Group Name #21,3,15100,0
SEMG-16/SEMG-16_Mv4.tdms,22,Group Name #22,3,15100,0
SEMG-16/SEMG-16_Mv4.tdms,23,Group Name #23,3,15100,0
SEMG-16/SEMG-16_Mv4.tdms,24,Group Name #24,3,15100,0
SEMG-16/SEMG-16_Mv4.tdms,25,Group Name #25,3,14900,0
SEMG-16/SEMG-16_Mv4.tdms,26,Group Name #26,3,14800,0
SEMG-16/SEMG-16_Mv4.tdms,27,Group Name #27,3,14300,0
SEMG-16/SEMG-16_Mv4.tdms,28,Group Name #28,3,14900,0
SEMG-16/SEMG-16_Mv4.tdms,29,Group Name #29,3,15100,0
SEMG-16/SEMG-16_Mv4.tdms,30,Group Name #30,3,15100,0
SEMG-16/SEMG-16_Mv4.tdms,31,Group Name #31,3,15000,0
SEMG-16/SEMG-16_Mv5.tdms,0,Group Name,3,3200,0
SEMG-16/SEMG-16_Mv5.tdms,1,Group Name #1,3,15100,0
SEMG-16/SEMG-16_Mv5.tdms,2,Group Name #2,3,15100,0
SEMG-16/SEMG-16_Mv5.tdms,3,Group Name #3,3,15100,0
SEMG-16/SEMG-16_Mv5.tdms,4,Group Name #4,3,14300,0
SEMG-16/SEMG-16_Mv5.tdms,5,Group Name #5,3,15100,0
SEMG-16/SEMG-16_Mv5.tdms,6,Group Name #6,3,15100,0
SEMG-16/SEMG-16_Mv5.tdms,7,Group Name #7,3,15100,0
SEMG-16/SEMG-16_Mv5.tdms,8,Group Name #8,3,15100,0
SEMG-16/SEMG-16_Mv5.tdms,9,Group Name #9,3,15100,0
SEMG-16/SEMG-16_Mv5.tdms,10,Group Name #10,3,15100,0
SEMG-16/SEMG-16_Mv5.tdms,11,Group Name #11,3,15100,0
SEMG-16/SEMG-16_Mv5.tdms,12,Group Name #12,3,15100,0
SEMG-16/SEMG-16_Mv5.tdms,13,Group Name #13,3,15100,0
SEMG-16/SEMG-16_Mv5.tdms,14,Group Name #14,3,15100,0
SEMG-16/SEMG-16_Mv5.tdms,15,Group Name #15,3,15100,0
SEMG-16/SEMG-16_Mv5.tdms,16,Group Name #16,3,15100,0
SEMG-16/SEMG-16_Mv5.tdms,17,Group Name #17,3,15100,0
SEMG-16/SEMG-16_Mv5.tdms,18,Group Name #18,3,15100,0
SEMG-16/SEMG-16_Mv5.tdms,19,Group Name #19,3,15100,0
SEMG-16/SEMG-16_Mv5.tdms,20,Group Name #20,3,15100,0
SEMG-16/SEMG-16_Mv5.tdms,21,Group Name #21,3,15100,0
SEMG-16/SEMG-16_Mv5.tdms,22,Group Name #22,3,15100,0
SEMG-16/SEMG-16_Mv5.tdms,23,Group Name #23,3,15100,0
SEMG-16/SEMG-16_Mv5.tdms,24,Group Name #24,3,15100,0
SEMG-16/SEMG-16_Mv5.tdms,25,Group Name #25,3,15100,0
SEMG-16/SEMG-16_Mv5.tdms,26,Group Name #26,3,15100,0
SEMG-16/SEMG-16_Mv5.tdms,27,Group Name #27,3,15100,0
SEMG-16/SEMG-16_Mv5.tdms,28,Group Name #28,3,15100,0
SEMG-16/SEMG-16_Mv5.tdms,29,Group Name #29,3,15100,0
SEMG-16/SEMG-16_Mv5.tdms,30,Group Name #30,3,15100,0
SEMG-16/SEMG-16_Mv5.tdms,31,Group Name #31,3,700,0
SEMG-17/SEMG-17_Mv1.tdms,0,Group Name,3,46200,0
SEMG-17/SEMG-17_Mv1.tdms,1,Group Name #1,3,15000,0
SEMG-17/SEMG-17_Mv1.tdms,2,Group Name #2,3,15100,0
SEMG-17/SEMG-17_Mv1.tdms,3,Group Name #3,3,15000,0
SEMG-17/SEMG-17_Mv1.tdms,4,Group Name #4,3,15100,0
SEMG-17/SEMG-17_Mv1.tdms,5,Group Name #5,3,15000,0
SEMG-17/SEMG-17_Mv1.tdms,6,Group Name #6,3,15000,0
SEMG-17/SEMG-17_Mv1.tdms,7,Group Name #7,3,15100,0
SEMG-17/SEMG-17_Mv1.tdms,8,Group Name #8,3,15100,0
SEMG-17/SEMG-17_Mv1.tdms,9,Group Name #9,3,15000,0
SEMG-17/SEMG-17_Mv1.tdms,10,Group Name #10,3,14900,0
SEMG-17/SEMG-17_Mv1.tdms,11,Group Name #11,3,14900,0
SEMG-17/SEMG-17_Mv1.tdms,12,Group Name #12,3,15000,0
SEMG-17/SEMG-17_Mv1.tdms,13,Group Name #13,3,15100,0
SEMG-17/SEMG-17_Mv1.tdms,14,Group Name #14,3,15100,0
SEMG-17/SEMG-17_Mv1.tdms,15,Group Name #15,3,15000,0
SEMG-17/SEMG-17_Mv1.tdms,16,Group Name #16,3,14900,0
SEMG-17/SEMG-17_Mv1.tdms,17,Group Name #17,3,15000,0
SEMG-17/SEMG-17_Mv1.tdms,18,Group Name #18,3,15000,0
SEMG-17/SEMG-17_Mv1.tdms,19,Group Name #19,3,15000,0
SEMG-17/SEMG-17_Mv1.tdms,20,Group Name #20,3,15000,0
SEMG-17/SEMG-17_Mv1.tdms,21,Group Name #21,3,15000,0
SEMG-17/SEMG-17_Mv1.tdms,22,Group Name #22,3,15000,0
SEMG-17/SEMG-17_Mv1.tdms,23,Group Name #23,3,15000,0
SEMG-17/SEMG-17_Mv1.tdms,24,Group Name #24,3,15000,0
SEMG-17/SEMG-17_Mv1.tdms,25,Group Name #25,3,15000,0
SEMG-17/SEMG-17_Mv1.tdms,26,Group Name #26,3,15000,0
SEMG-17/SEMG-17_Mv1.tdms,27,Group Name #27,3,15000,0
SEMG-17/SEMG-17_Mv1.tdms,28,Group Name #28,3,15000,0
SEMG-17/SEMG-17_Mv1.tdms,29,Group Name #29,3,15000,0
SEMG-17/SEMG-17_Mv1.tdms,30,Group Name #30,3,15000,0
SEMG-17/SEMG-17_Mv2.tdms,0,Group Name,3,25800,0
SEMG-17/SEMG-17_Mv2.tdms,1,Group Name #1,3,15000,0
SEMG-17/SEMG-17_Mv2.tdms,2,Group Name #2,3,15000,0
SEMG-17/SEMG-17_Mv2.tdms,3,Group Name #3,3,15000,0
SEMG-17/SEMG-17_Mv2.tdms,4,Group Name #4,3,15100,0
SEMG-17/SEMG-17_Mv2.tdms,5,Group Name #5,3,15100,0
SEMG-17/SEMG-17_Mv2.tdms,6,Group Name #6,3,15100,0
SEMG-17/SEMG-17_Mv2.tdms,7,Group Name #7,3,15100,0
SEMG-17/SEMG-17_Mv2.tdms,8,Group Name #8,3,15000,0
SEMG-17/SEMG-17_Mv2.tdms,9,Group Name #9,3,15100,0
SEMG-17/SEMG-17_Mv2.tdms,10,Group Name #10,3,15000,0
SEMG-17/SEMG-17_Mv2.tdms,11,Group Name #11,3,15000,0
SEMG-17/SEMG-17_Mv2.tdms,12,Group Name #12,3,15000,0
SEMG-17/SEMG-17_Mv2.tdms,13,Group Name #13,3,15000,0
SEMG-17/SEMG-17_Mv2.tdms,14,Group Name #14,3,15100,0
SEMG-17/SEMG-17_Mv2.tdms,15,Group Name #15,3,15000,0
SEMG-17/SEMG-17_Mv2.tdms,16,Group Name #16,3,15000,0
SEMG-17/SEMG-17_Mv2.tdms,17,Group Name #17,3,15000,0
SEMG-17/SEMG-17_Mv2.tdms,18,Group Name #18,3,15000,0
SEMG-17/SEMG-17_Mv2.tdms,19,Group Name #19,3,15000,0
SEMG-17/SEMG-17_Mv2.tdms,20,Group Name #20,3,15000,0
SEMG-17/SEMG-17_Mv2.tdms,21,Group Name #21,3,6800,0
SEMG-17/SEMG-17_Mv2.tdms,22,Group Name #22,3,15000,0
SEMG-17/SEMG-17_Mv2.tdms,23,Group Name #23,3,15000,0
SEMG-17/SEMG-17_Mv2.tdms,24,Group Name #24,3,15000,0
SEMG-17/SEMG-17_Mv2.tdms,25,Group Name #25,3,15000,0
SEMG-17/SEMG-17_Mv2.tdms,26,Group Name #26,3,15000,0
SEMG-17/SEMG-17_Mv2.tdms,27,Group Name #27,3,15000,0
SEMG-17/SEMG-17_Mv2.tdms,28,Group Name #28,3,14900,0
SEMG-17/SEMG-17_Mv2.tdms,29,Group Name #29,3,15000,0
SEMG-17/SEMG-17_Mv2.tdms,30,Group Name #30,3,15000,0
SEMG-17/SEMG-17_Mv2.tdms,31,Group Name #31,3,15000,0
SEMG-17/SEMG-17_Mv3.tdms,0,Group Name,3,76000,0
SEMG-17/SEMG-17_Mv3.tdms,1,Group Name #1,3,15100,0
SEMG-17/SEMG-17_Mv3.tdms,2,Group Name #2,3,15000,0
SEMG-17/SEMG-17_Mv3.tdms,3,Group Name #3,3,15100,0
SEMG-17/SEMG-17_Mv3.tdms,4,Group Name #4,3,15100,0
SEMG-17/SEMG-17_Mv3.tdms,5,Group Name #5,3,15000,0
SEMG-17/SEMG-17_Mv3.tdms,6,Group Name #6,3,15100,0
SEMG-17/SEMG-17_Mv3.tdms,7,Group Name #7,3,15100,0
SEMG-17/SEMG-17_Mv3.tdms,8,Group Name #8,3,15000,0
SEMG-17/SEMG-17_Mv3.tdms,9,Group Name #9,3,15100,0
SEMG-17/SEMG-17_Mv3.tdms,10,Group Name #10,3,15000,0
SEMG-17/SEMG-17_Mv3.tdms,11,Group Name #11,3,14300,0
SEMG-17/SEMG-17_Mv3.tdms,12,Group Name #12,3,15000,0
SEMG-17/SEMG-17_Mv3.tdms,13,Group Name #13,3,15000,0
SEMG-17/SEMG-17_Mv3.tdms,14,Group Name #14,3,15000,0
SEMG-17/SEMG-17_Mv3.tdms,15,Group Name #15,3,15000,0
SEMG-17/SEMG-17_Mv3.tdms,16,Group Name #16,3,15000,0
SEMG-17/SEMG-17_Mv3.tdms,17,Group Name #17,3,14900,0
SEMG-17/SEMG-17_Mv3.tdms,18,Group Name #18,3,15000,0
SEMG-17/SEMG-17_Mv3.tdms,19,Group Name #19,3,15000,0
SEMG-17/SEMG-17_Mv3.tdms,20,Group Name #20,3,15000,0
SEMG-17/SEMG-17_Mv3.tdms,21,Group Name #21,3,15000,0
SEMG-17/SEMG-17_Mv3.tdms,22,Group Name #22,3,15000,0
SEMG-17/SEMG-17_Mv3.tdms,23,Group Name #23,3,15000,0
SEMG-17/SEMG-17_Mv3.tdms,24,Group Name #24,3,15000,0
SEMG-17/SEMG-17_Mv3.tdms,25,Group Name #25,3,15000,0
SEMG-17/SEMG-17_Mv3.tdms,26,Group Name #26,3,15000,0
SEMG-17/SEMG-17_Mv3.tdms,27,Group Name #27,3,15000,0
SEMG-17/SEMG-17_Mv3.tdms,28,Group Name #28,3,15000,0
SEMG-17/SEMG-17_Mv3.tdms,29,Group Name #29,3,15000,0
SEMG-17/SEMG-17_Mv3.tdms,30,Group Name #30,3,15000,0
SEMG-17/SEMG-17_Mv3.tdms,31,Group Name #31,3,15000,0
SEMG-17/SEMG-17_Mv3.tdms,32,Group Name #32,3,15000,0
SEMG-17/SEMG-17_Mv3.tdms,33,Group Name #33,3,15000,0
SEMG-17/SEMG-17_Mv3.tdms,34,Group Name #34,3,15000,0
SEMG-17/SEMG-17_Mv3.tdms,35,Group Name #35,3,15000,0
SEMG-17/SEMG-17_Mv3.tdms,36,Group Name #36,3,15000,0
SEMG-17/SEMG-17_Mv4.tdms,0,Group Name,3,45000,0
SEMG-17/SEMG-17_Mv4.tdms,1,Group Name #1,3,15100,0
SEMG-17/SEMG-17_Mv4.tdms,2,Group Name #2,3,15100,0
SEMG-17/SEMG-17_Mv4.tdms,3,Group Name #3,3,15000,0
SEMG-17/SEMG-17_Mv4.tdms,4,Group Name #4,3,15100,0
SEMG-17/SEMG-17_Mv4.tdms,5,Group Name #5,3,15000,0
SEMG-17/SEMG-17_Mv4.tdms,6,Group Name #6,3,15000,0
SEMG-17/SEMG-17_Mv4.tdms,7,Group Name #7,3,15100,0
SEMG-17/SEMG-17_Mv4.tdms,8,Group Name #8,3,15000,0
SEMG-17/SEMG-17_Mv4.tdms,9,Group Name #9,3,15000,0
SEMG-17/SEMG-17_Mv4.tdms,10,Group Name #10,3,15000,0
SEMG-17/SEMG-17_Mv4.tdms,11,Group Name #11,3,15000,0
SEMG-17/SEMG-17_Mv4.tdms,12,Group Name #12,3,15000,0
SEMG-17/SEMG-17_Mv4.tdms,13,Group Name #13,3,15100,0
SEMG-17/SEMG-17_Mv4.tdms,14,Group Name #14,3,15000,0
SEMG-17/SEMG-17_Mv4.tdms,15,Group Name #15,3,2300,0
SEMG-17/SEMG-17_Mv4.tdms,16,Group Name #16,3,15000,0
SEMG-17/SEMG-17_Mv4.tdms,17,Group Name #17,3,15000,0
SEMG-17/SEMG-17_Mv4.tdms,18,Group Name #18,3,15000,0
SEMG-17/SEMG-17_Mv4.tdms,19,Group Name #19,3,15000,0
SEMG-17/SEMG-17_Mv4.tdms,20,Group Name #20,3,15000,0
SEMG-17/SEMG-17_Mv4.tdms,21,Group Name #21,3,15000,0
SEMG-17/SEMG-17_Mv4.tdms,22,Group Name #22,3,1900,0
SEMG-17/SEMG-17_Mv4.tdms,23,Group Name #23,3,14900,0
SEMG-17/SEMG-17_Mv4.tdms,24,Group Name #24,3,15000,0
SEMG-17/SEMG-17_Mv4.tdms,25,Group Name #25,3,15000,0
SEMG-17/SEMG-17_Mv4.tdms,26,Group Name #26,3,15000,0
SEMG-17/SEMG-17_Mv4.tdms,27,Group Name #27,3,15000,0
SEMG-17/SEMG-17_Mv4.tdms,28,Group Name #28,3,15000,0
SEMG-17/SEMG-17_Mv4.tdms,29,Group Name #29,3,15000,0
SEMG-17/SEMG-17_Mv4.tdms,30,Group Name #30,3,15000,0
SEMG-17/SEMG-17_Mv4.tdms,31,Group Name #31,3,15000,0
SEMG-17/SEMG-17_Mv4.tdms,32,Group Name #32,3,14900,0
SEMG-17/SEMG-17_Mv5.tdms,0,Group Name,3,10800,0
SEMG-17/SEMG-17_Mv5.tdms,1,Group Name #1,3,15100,0
SEMG-17/SEMG-17_Mv5.tdms,2,Group Name #2,3,15100,0
SEMG-17/SEMG-17_Mv5.tdms,3,Group Name #3,3,15000,0
SEMG-17/SEMG-17_Mv5.tdms,4,Group Name #4,3,15100,0
SEMG-17/SEMG-17_Mv5.tdms,5,Group Name #5,3,15000,0
SEMG-17/SEMG-17_Mv5.tdms,6,Group Name #6,3,15100,0
SEMG-17/SEMG-17_Mv5.tdms,7,Group Name #7,3,15000,0
SEMG-17/SEMG-17_Mv5.tdms,8,Group Name #8,3,15100,0
SEMG-17/SEMG-17_Mv5.tdms,9,Group Name #9,3,15100,0
SEMG-17/SEMG-17_Mv5.tdms,10,Group Name #10,3,15100,0
SEMG-17/SEMG-17_Mv5.tdms,11,Group Name #11,3,15100,0
SEMG-17/SEMG-17_Mv5.tdms,12,Group Name #12,3,15100,0
SEMG-17/SEMG-17_Mv5.tdms,13,Group Name #13,3,15000,0
SEMG-17/SEMG-17_Mv5.tdms,14,Group Name #14,3,15100,0
SEMG-17/SEMG-17_Mv5.tdms,15,Group Name #15,3,15100,0
SEMG-17/SEMG-17_Mv5.tdms,16,Group Name #16,3,15100,0
SEMG-17/SEMG-17_Mv5.tdms,17,Group Name #17,3,15000,0
SEMG-17/SEMG-17_Mv5.tdms,18,Group Name #18,3,15000,0
SEMG-17/SEMG-17_Mv5.tdms,19,Group Name #19,3,15000,0
SEMG-17/SEMG-17_Mv5.tdms,20,Group Name #20,3,15000,0
SEMG-17/SEMG-17_Mv5.tdms,21,Group Name #21,3,15000,0
SEMG-17/SEMG-17_Mv5.tdms,22,Group Name #22,3,15000,0
SEMG-17/SEMG-17_Mv5.tdms,23,Group Name #23,3,15000,0
SEMG-17/SEMG-17_Mv5.tdms,24,Group Name #24,3,15000,0
SEMG-17/SEMG-17_Mv5.tdms,25,Group Name #25,3,15000,0
SEMG-17/SEMG-17_Mv5.tdms,26,Group Name #26,3,15000,0
SEMG-17/SEMG-17_Mv5.tdms,27,Group Name #27,3,15000,0
SEMG-17/SEMG-17_Mv5.tdms,28,Group Name #28,3,15000,0
SEMG-17/SEMG-17_Mv5.tdms,29,Group Name #29,3,15000,0
SEMG-17/SEMG-17_Mv5.tdms,30,Group Name #30,3,15000,0
SEMG-18/SEMG-18_Mv1.tdms,0,Group Name,3,117600,0
SEMG-18/SEMG-18_Mv1.tdms,1,Group Name #1,3,9900,0
SEMG-18/SEMG-18_Mv1.tdms,2,Group Name #2,3,14600,0
SEMG-18/SEMG-18_Mv1.tdms,3,Group Name #3,3,14700,0
SEMG-18/SEMG-18_Mv1.tdms,4,Group Name #4,3,14300,0
SEMG-18/SEMG-18_Mv1.tdms,5,Group Name #5,3,14300,0
SEMG-18/SEMG-18_Mv1.tdms,6,Group Name #6,3,14700,0
SEMG-18/SEMG-18_Mv1.tdms,7,Group Name #7,3,15000,0
SEMG-18/SEMG-18_Mv1.tdms,8,Group Name #8,3,15100,0
SEMG-18/SEMG-18_Mv1.tdms,9,Group Name #9,3,15000,0
SEMG-18/SEMG-18_Mv1.tdms,10,Group Name #10,3,15100,0
SEMG-18/SEMG-18_Mv1.tdms,11,Group Name #11,3,15100,0
SEMG-18/SEMG-18_Mv1.tdms,12,Group Name #12,3,15100,0
SEMG-18/SEMG-18_Mv1.tdms,13,Group Name #13,3,14300,0
SEMG-18/SEMG-18_Mv1.tdms,14,Group Name #14,3,15100,0
SEMG-18/SEMG-18_Mv1.tdms,15,Group Name #15,3,15000,0
SEMG-18/SEMG-18_Mv1.tdms,16,Group Name #16,3,15000,0
SEMG-18/SEMG-18_Mv1.tdms,17,Group Name #17,3,15000,0
SEMG-18/SEMG-18_Mv1.tdms,18,Group Name #18,3,15000,0
SEMG-18/SEMG-18_Mv1.tdms,19,Group Name #19,3,15000,0
SEMG-18/SEMG-18_Mv1.tdms,20,Group Name #20,3,15000,0
SEMG-18/SEMG-18_Mv1.tdms,21,Group Name #21,3,15000,0
SEMG-18/SEMG-18_Mv1.tdms,22,Group Name #22,3,15000,0
SEMG-18/SEMG-18_Mv1.tdms,23,Group Name #23,3,15000,0
SEMG-18/SEMG-18_Mv1.tdms,24,Group Name #24,3,15000,0
SEMG-18/SEMG-18_Mv1.tdms,25,Group Name #25,3,15000,0
SEMG-18/SEMG-18_Mv1.tdms,26,Group Name #26,3,15000,0
SEMG-18/SEMG-18_Mv1.tdms,27,Group Name #27,3,15000,0
SEMG-18/SEMG-18_Mv1.tdms,28,Group Name #28,3,15000,0
SEMG-18/SEMG-18_Mv1.tdms,29,Group Name #29,3,15000,0
SEMG-18/SEMG-18_Mv1.tdms,30,Group Name #30,3,15000,0
SEMG-18/SEMG-18_Mv1.tdms,31,Group Name #31,3,15000,0
SEMG-18/SEMG-18_Mv1.tdms,32,Group Name #32,3,15000,0
SEMG-18/SEMG-18_Mv1.tdms,33,Group Name #33,3,15000,0
SEMG-18/SEMG-18_Mv1.tdms,34,Group Name #34,3,15000,0
SEMG-18/SEMG-18_Mv2.tdms,0,Group Name,3,41200,0
SEMG-18/SEMG-18_Mv2.tdms,1,Group Name #1,3,10900,0
SEMG-18/SEMG-18_Mv2.tdms,2,Group Name #2,3,15100,0
SEMG-18/SEMG-18_Mv2.tdms,3,Group Name #3,3,15100,0
SEMG-18/SEMG-18_Mv2.tdms,4,Group Name #4,3,15000,0
SEMG-18/SEMG-18_Mv2.tdms,5,Group Name #5,3,15000,0
SEMG-18/SEMG-18_Mv2.tdms,6,Group Name #6,3,15000,0
SEMG-18/SEMG-18_Mv2.tdms,7,Group Name #7,3,15100,0
SEMG-18/SEMG-18_Mv2.tdms,8,Group Name #8,3,15000,0
SEMG-18/SEMG-18_Mv2.tdms,9,Group Name #9,3,15000,0
SEMG-18/SEMG-18_Mv2.tdms,10,Group Name #10,3,15100,0
SEMG-18/SEMG-18_Mv2.tdms,11,Group Name #11,3,15100,0
SEMG-18/SEMG-18_Mv2.tdms,12,Group Name #12,3,15000,0
SEMG-18/SEMG-18_Mv2.tdms,13,Group Name #13,3,15100,0
SEMG-18/SEMG-18_Mv2.tdms,14,Group Name #14,3,15000,0
SEMG-18/SEMG-18_Mv2.tdms,15,Group Name #15,3,15000,0
SEMG-18/SEMG-18_Mv2.tdms,16,Group Name #16,3,15000,0
SEMG-18/SEMG-18_Mv2.tdms,17,Group Name #17,3,15000,0
SEMG-18/SEMG-18_Mv2.tdms,18,Group Name #18,3,15000,0
SEMG-18/SEMG-18_Mv2.tdms,19,Group Name #19,3,15000,0
SEMG-18/SEMG-18_Mv2.tdms,20,Group Name #20,3,15000,0
SEMG-18/SEMG-18_Mv2.tdms,21,Group Name #21,3,15000,0
SEMG-18/SEMG-18_Mv2.tdms,22,Group Name #22,3,8100,0
SEMG-18/SEMG-18_Mv2.tdms,23,Group Name #23,3,15000,0
SEMG-18/SEMG-18_Mv2.tdms,24,Group Name #24,3,15000,0
SEMG-18/SEMG-18_Mv2.tdms,25,Group Name #25,3,15000,0
SEMG-18/SEMG-18_Mv2.tdms,26,Group Name #26,3,15000,0
SEMG-18/SEMG-18_Mv2.tdms,27,Group Name #27,3,15000,0
SEMG-18/SEMG-18_Mv2.tdms,28,Group Name #28,3,15000,0
SEMG-18/SEMG-18_Mv2.tdms,29,Group Name #29,3,15000,0
SEMG-18/SEMG-18_Mv2.tdms,30,Group Name #30,3,15000,0
SEMG-18/SEMG-18_Mv2.tdms,31,Group Name #31,3,15000,0
SEMG-18/SEMG-18_Mv2.tdms,32,Group Name #32,3,15000,0
SEMG-18/SEMG-18_Mv3.tdms,0,Group Name,3,76000,0
SEMG-18/SEMG-18_Mv3.tdms,1,Group Name #1,3,15000,0
SEMG-18/SEMG-18_Mv3.tdms,2,Group Name #2,3,15100,0
SEMG-18/SEMG-18_Mv3.tdms,3,Group Name #3,3,15100,0
SEMG-18/SEMG-18_Mv3.tdms,4,Group Name #4,3,15100,0
SEMG-18/SEMG-18_Mv3.tdms,5,Group Name #5,3,10900,0
SEMG-18/SEMG-18_Mv3.tdms,6,Group Name #6,3,15000,0
SEMG-18/SEMG-18_Mv3.tdms,7,Group Name #7,3,15000,0
SEMG-18/SEMG-18_Mv3.tdms,8,Group Name #8,3,15100,0
SEMG-18/SEMG-18_Mv3.tdms,9,Group Name #9,3,15100,0
SEMG-18/SEMG-18_Mv3.tdms,10,Group Name #10,3,15000,0
SEMG-18/SEMG-18_Mv3.tdms,11,Group Name #11,3,15000,0
SEMG-18/SEMG-18_Mv3.tdms,12,Group Name #12,3,15000,0
SEMG-18/SEMG-18_Mv3.tdms,13,Group Name #13,3,15100,0
SEMG-18/SEMG-18_Mv3.tdms,14,Group Name #14,3,15100,0
SEMG-18/SEMG-18_Mv3.tdms,15,Group Name #15,3,15100,0
SEMG-18/SEMG-18_Mv3.tdms,16,Group Name #16,3,15100,0
SEMG-18/SEMG-18_Mv3.tdms,17,Group Name #17,3,15000,0
SEMG-18/SEMG-18_Mv3.tdms,18,Group Name #18,3,15000,0
SEMG-18/SEMG-18_Mv3.tdms,19,Group Name #19,3,15000,0
SEMG-18/SEMG-18_Mv3.tdms,20,Group Name #20,3,15000,0
SEMG-18/SEMG-18_Mv3.tdms,21,Group Name #21,3,15000,0
SEMG-18/SEMG-18_Mv3.tdms,22,Group Name #22,3,15000,0
SEMG-18/SEMG-18_Mv3.tdms,23,Group Name #23,3,15000,0
SEMG-18/SEMG-18_Mv3.tdms,24,Group Name #24,3,15000,0
SEMG-18/SEMG-18_Mv3.tdms,25,Group Name #25,3,15000,0
SEMG-18/SEMG-18_Mv3.tdms,26,Group Name #26,3,15000,0
SEMG-18/SEMG-18_Mv3.tdms,27,Group Name #27,3,15000,0
SEMG-18/SEMG-18_Mv3.tdms,28,Group Name #28,3,15000,0
SEMG-18/SEMG-18_Mv3.tdms,29,Group Name #29,3,15000,0
SEMG-18/SEMG-18_Mv3.tdms,30,Group Name #30,3,15000,0
SEMG-18/SEMG-18_Mv3.tdms,31,Group Name #31,3,15000,0
SEMG-18/SEMG-18_Mv4.tdms,0,Group Name,3,47000,0
SEMG-18/SEMG-18_Mv4.tdms,1,Group Name #1,3,9700,0
SEMG-18/SEMG-18_Mv4.tdms,2,Group Name #2,3,15000,0
SEMG-18/SEMG-18_Mv4.tdms,3,Group Name #3,3,15100,0
SEMG-18/SEMG-18_Mv4.tdms,4,Group Name #4,3,15000,0
SEMG-18/SEMG-18_Mv4.tdms,5,Group Name #5,3,15000,0
SEMG-18/SEMG-18_Mv4.tdms,6,Group Name #6,3,15000,0
SEMG-18/SEMG-18_Mv4.tdms,7,Group Name #7,3,15100,0
SEMG-18/SEMG-18_Mv4.tdms,8,Group Name #8,3,15000,0
SEMG-18/SEMG-18_Mv4.tdms,9,Group Name #9,3,15100,0
SEMG-18/SEMG-18_Mv4.tdms,10,Group Name #10,3,15000,0
SEMG-18/SEMG-18_Mv4.tdms,11,Group Name #11,3,15000,0
SEMG-18/SEMG-18_Mv4.tdms,12,Group Name #12,3,15000,0
SEMG-18/SEMG-18_Mv4.tdms,13,Group Name #13,3,15000,0
SEMG-18/SEMG-18_Mv4.tdms,14,Group Name #14,3,15000,0
SEMG-18/SEMG-18_Mv4.tdms,15,Group Name #15,3,15000,0
SEMG-18/SEMG-18_Mv4.tdms,16,Group Name #16,3,15000,0
SEMG-18/SEMG-18_Mv4.tdms,17,Group Name #17,3,15000,0
SEMG-18/SEMG-18_Mv4.tdms,18,Group Name #18,3,15000,0
SEMG-18/SEMG-18_Mv4.tdms,19,Group Name #19,3,14900,0
SEMG-18/SEMG-18_Mv4.tdms,20,Group Name #20,3,15000,0
SEMG-18/SEMG-18_Mv4.tdms,21,Group Name #21,3,15000,0
SEMG-18/SEMG-18_Mv4.tdms,22,Group Name #22,3,15000,0
SEMG-18/SEMG-18_Mv4.tdms,23,Group Name #23,3,15000,0
SEMG-18/SEMG-18_Mv4.tdms,24,Group Name #24,3,15000,0
SEMG-18/SEMG-18_Mv4.tdms,25,Group Name #25,3,15000,0
SEMG-18/SEMG-18_Mv4.tdms,26,Group Name #26,3,15000,0
SEMG-18/SEMG-18_Mv4.tdms,27,Group Name #27,3,15000,0
SEMG-18/SEMG-18_Mv4.tdms,28,Group Name #28,3,15000,0
SEMG-18/SEMG-18_Mv4.tdms,29,Group Name #29,3,15000,0
SEMG-18/SEMG-18_Mv4.tdms,30,Group Name #30,3,15000,0
SEMG-18/SEMG-18_Mv4.tdms,31,Group Name #31,3,15000,0
SEMG-18/SEMG-18_Mv5.tdms,0,Group Name,3,15100,0
SEMG-18/SEMG-18_Mv5.tdms,1,Group Name #1,3,15100,0
SEMG-18/SEMG-18_Mv5.tdms,2,Group Name #2,3,15100,0
SEMG-18/SEMG-18_Mv5.tdms,3,Group Name #3,3,15100,0
SEMG-18/SEMG-18_Mv5.tdms,4,Group Name #4,3,15100,0
SEMG-18/SEMG-18_Mv5.tdms,5,Group Name #5,3,15000,0
SEMG-18/SEMG-18_Mv5.tdms,6,Group Name #6,3,15100,0
SEMG-18/SEMG-18_Mv5.tdms,7,Group Name #7,3,15100,0
SEMG-18/SEMG-18_Mv5.tdms,8,Group Name #8,3,15100,0
SEMG-18/SEMG-18_Mv5.tdms,9,Group Name #9,3,15000,0
SEMG-18/SEMG-18_Mv5.tdms,10,Group Name #10,3,15100,0
SEMG-18/SEMG-18_Mv5.tdms,11,Group Name #11,3,15100,0
SEMG-18/SEMG-18_Mv5.tdms,12,Group Name #12,3,15100,0
SEMG-18/SEMG-18_Mv5.tdms,13,Group Name #13,3,15000,0
SEMG-18/SEMG-18_Mv5.tdms,14,Group Name #14,3,15100,0
SEMG-18/SEMG-18_Mv5.tdms,15,Group Name #15,3,15000,0
SEMG-18/SEMG-18_Mv5.tdms,16,Group Name #16,3,15100,0
SEMG-18/SEMG-18_Mv5.tdms,17,Group Name #17,3,15100,0
SEMG-18/SEMG-18_Mv5.tdms,18,Group Name #18,3,15000,0
SEMG-18/SEMG-18_Mv5.tdms,19,Group Name #19,3,15000,0
SEMG-18/SEMG-18_Mv5.tdms,20,Group Name #20,3,15000,0
SEMG-18/SEMG-18_Mv5.tdms,21,Group Name #21,3,15000,0
SEMG-18/SEMG-18_Mv5.tdms,22,Group Name #22,3,15000,0
SEMG-18/SEMG-18_Mv5.tdms,23,Group Name #23,3,15000,0
SEMG-18/SEMG-18_Mv5.tdms,24,Group Name #24,3,15000,0
SEMG-18/SEMG-18_Mv5.tdms,25,Group Name #25,3,15000,0
SEMG-18/SEMG-18_Mv5.tdms,26,Group Name #26,3,15000,0
SEMG-18/SEMG-18_Mv5.tdms,27,Group Name #27,3,15000,0
SEMG-18/SEMG-18_Mv5.tdms,28,Group Name #28,3,15000,0
SEMG-18/SEMG-18_Mv5.tdms,29,Group Name #29,3,15000,0
SEMG-18/SEMG-18_Mv5.tdms,30,Group Name #30,3,100,0
SEMG-19/SEMG-19_Mv1.tdms,0,Group Name,3,41700,0
SEMG-19/SEMG-19_Mv1.tdms,1,Group Name #1,3,15000,0
SEMG-19/SEMG-19_Mv1.tdms,2,Group Name #2,3,15000,0
SEMG-19/SEMG-19_Mv1.tdms,3,Group Name #3,3,15000,0
SEMG-19/SEMG-19_Mv1.tdms,4,Group Name #4,3,15000,0
SEMG-19/SEMG-19_Mv1.tdms,5,Group Name #5,3,15100,0
SEMG-19/SEMG-19_Mv1.tdms,6,Group Name #6,3,15100,0
SEMG-19/SEMG-19_Mv1.tdms,7,Group Name #7,3,15100,0
SEMG-19/SEMG-19_Mv1.tdms,8,Group Name #8,3,15000,0
SEMG-19/SEMG-19_Mv1.tdms,9,Group Name #9,3,15000,0
SEMG-19/SEMG-19_Mv1.tdms,10,Group Name #10,3,15000,0
SEMG-19/SEMG-19_Mv1.tdms,11,Group Name #11,3,15000,0
SEMG-19/SEMG-19_Mv1.tdms,12,Group Name #12,3,15000,0
SEMG-19/SEMG-19_Mv1.tdms,13,Group Name #13,3,14900,0
SEMG-19/SEMG-19_Mv1.tdms,14,Group Name #14,3,15000,0
SEMG-19/SEMG-19_Mv1.tdms,15,Group Name #15,3,14900,0
SEMG-19/SEMG-19_Mv1.tdms,16,Group Name #16,3,15000,0
SEMG-19/SEMG-19_Mv1.tdms,17,Group Name #17,3,15000,0
SEMG-19/SEMG-19_Mv1.tdms,18,Group Name #18,3,15000,0
SEMG-19/SEMG-19_Mv1.tdms,19,Group Name #19,3,15000,0
SEMG-19/SEMG-19_Mv1.tdms,20,Group Name #20,3,15000,0
SEMG-19/SEMG-19_Mv1.tdms,21,Group Name #21,3,15000,0
SEMG-19/SEMG-19_Mv1.tdms,22,Group Name #22,3,15000,0
SEMG-19/SEMG-19_Mv1.tdms,23,Group Name #23,3,15000,0
SEMG-19/SEMG-19_Mv1.tdms,24,Group Name #24,3,15000,0
SEMG-19/SEMG-19_Mv1.tdms,25,Group Name #25,3,15000,0
SEMG-19/SEMG-19_Mv1.tdms,26,Group Name #26,3,15000,0
SEMG-19/SEMG-19_Mv1.tdms,27,Group Name #27,3,15000,0
SEMG-19/SEMG-19_Mv1.tdms,28,Group Name #28,3,15000,0
SEMG-19/SEMG-19_Mv1.tdms,29,Group Name #29,3,15000,0
SEMG-19/SEMG-19_Mv1.tdms,30,Group Name #30,3,14900,0
SEMG-19/SEMG-19_Mv2.tdms,0,Group Name,3,46200,0
SEMG-19/SEMG-19_Mv2.tdms,1,Group Name #1,3,14900,0
SEMG-19/SEMG-19_Mv2.tdms,2,Group Name #2,3,15100,0
SEMG-19/SEMG-19_Mv2.tdms,3,Group Name #3,3,15000,0
SEMG-19/SEMG-19_Mv2.tdms,4,Group Name #4,3,15000,0
SEMG-19/SEMG-19_Mv2.tdms,5,Group Name #5,3,15000,0
SEMG-19/SEMG-19_Mv2.tdms,6,Group Name #6,3,15000,0
SEMG-19/SEMG-19_Mv2.tdms,7,Group Name #7,3,15000,0
SEMG-19/SEMG-19_Mv2.tdms,8,Group Name #8,3,15100,0
SEMG-19/SEMG-19_Mv2.tdms,9,Group Name #9,3,15000,0
SEMG-19/SEMG-19_Mv2.tdms,10,Group Name #10,3,15000,0
SEMG-19/SEMG-19_Mv2.tdms,11,Group Name #11,3,1800,0
SEMG-19/SEMG-19_Mv2.tdms,12,Group Name #12,3,15000,0
SEMG-19/SEMG-19_Mv2.tdms,13,Group Name #13,3,15100,0
SEMG-19/SEMG-19_Mv2.tdms,14,Group Name #14,3,15000,0
SEMG-19/SEMG-19_Mv2.tdms,15,Group Name #15,3,15000,0
SEMG-19/SEMG-19_Mv2.tdms,16,Group Name #16,3,14900,0
SEMG-19/SEMG-19_Mv2.tdms,17,Group Name #17,3,15000,0
SEMG-19/SEMG-19_Mv2.tdms,18,Group Name #18,3,15000,0
SEMG-19/SEMG-19_Mv2.tdms,19,Group Name #19,3,15000,0
SEMG-19/SEMG-19_Mv2.tdms,20,Group Name #20,3,15000,0
SEMG-19/SEMG-19_Mv2.tdms,21,Group Name #21,3,15000,0
SEMG-19/SEMG-19_Mv2.tdms,22,Group Name #22,3,15000,0
SEMG-19/SEMG-19_Mv2.tdms,23,Group Name #23,3,15000,0
SEMG-19/SEMG-19_Mv2.tdms,24,Group Name #24,3,15000,0
SEMG-19/SEMG-19_Mv2.tdms,25,Group Name #25,3,15000,0
SEMG-19/SEMG-19_Mv2.tdms,26,Group Name #26,3,4700,0
SEMG-19/SEMG-19_Mv2.tdms,27,Group Name #27,3,15000,0
SEMG-19/SEMG-19_Mv2.tdms,28,Group Name #28,3,15000,0
SEMG-19/SEMG-19_Mv2.tdms,29,Group Name #29,3,15000,0
SEMG-19/SEMG-19_Mv2.tdms,30,Group Name #30,3,14900,0
SEMG-19/SEMG-19_Mv2.tdms,31,Group Name #31,3,15000,0
SEMG-19/SEMG-19_Mv2.tdms,32,Group Name #32,3,15000,0
SEMG-19/SEMG-19_Mv3.tdms,0,Group Name,3,32500,0
SEMG-19/SEMG-19_Mv3.tdms,1,Group Name #1,3,15100,0
SEMG-19/SEMG-19_Mv3.tdms,2,Group Name #2,3,15000,0
SEMG-19/SEMG-19_Mv3.tdms,3,Group Name #3,3,15100,0
SEMG-19/SEMG-19_Mv3.tdms,4,Group Name #4,3,15000,0
SEMG-19/SEMG-19_Mv3.tdms,5,Group Name #5,3,15000,0
SEMG-19/SEMG-19_Mv3.tdms,6,Group Name #6,3,15000,0
SEMG-19/SEMG-19_Mv3.tdms,7,Group Name #7,3,15100,0
SEMG-19/SEMG-19_Mv3.tdms,8,Group Name #8,3,15000,0
SEMG-19/SEMG-19_Mv3.tdms,9,Group Name #9,3,15000,0
SEMG-19/SEMG-19_Mv3.tdms,10,Group Name #10,3,15000,0
SEMG-19/SEMG-19_Mv3.tdms,11,Group Name #11,3,6300,0
SEMG-19/SEMG-19_Mv3.tdms,12,Group Name #12,3,15100,0
SEMG-19/SEMG-19_Mv3.tdms,13,Group Name #13,3,15000,0
SEMG-19/SEMG-19_Mv3.tdms,14,Group Name #14,3,15000,0
SEMG-19/SEMG-19_Mv3.tdms,15,Group Name #15,3,15000,0
SEMG-19/SEMG-19_Mv3.tdms,16,Group Name #16,3,1600,0
SEMG-19/SEMG-19_Mv3.tdms,17,Group Name #17,3,14900,0
SEMG-19/SEMG-19_Mv3.tdms,18,Group Name #18,3,14900,0
SEMG-19/SEMG-19_Mv3.tdms,19,Group Name #19,3,14900,0
SEMG-19/SEMG-19_Mv3.tdms,20,Group Name #20,3,14900,0
SEMG-19/SEMG-19_Mv3.tdms,21,Group Name #21,3,14900,0
SEMG-19/SEMG-19_Mv3.tdms,22,Group Name #22,3,15000,0
SEMG-19/SEMG-19_Mv3.tdms,23,Group Name #23,3,15000,0
SEMG-19/SEMG-19_Mv3.tdms,24,Group Name #24,3,15000,0
SEMG-19/SEMG-19_Mv3.tdms,25,Group Name #25,3,15000,0
SEMG-19/SEMG-19_Mv3.tdms,26,Group Name #26,3,15000,0
SEMG-19/SEMG-19_Mv3.tdms,27,Group Name #27,3,15000,0
SEMG-19/SEMG-19_Mv3.tdms,28,Group Name #28,3,15000,0
SEMG-19/SEMG-19_Mv3.tdms,29,Group Name #29,3,15000,0
SEMG-19/SEMG-19_Mv3.tdms,30,Group Name #30,3,15000,0
SEMG-19/SEMG-19_Mv3.tdms,31,Group Name #31,3,15000,0
SEMG-19/SEMG-19_Mv3.tdms,32,Group Name #32,3,14900,0
SEMG-19/SEMG-19_Mv4.tdms,0,Group Name,3,45700,0
SEMG-19/SEMG-19_Mv4.tdms,1,Group Name #1,3,15000,0
SEMG-19/SEMG-19_Mv4.tdms,2,Group Name #2,3,15000,0
SEMG-19/SEMG-19_Mv4.tdms,3,Group Name #3,3,15000,0
SEMG-19/SEMG-19_Mv4.tdms,4,Group Name #4,3,15100,0
SEMG-19/SEMG-19_Mv4.tdms,5,Group Name #5,3,15000,0
SEMG-19/SEMG-19_Mv4.tdms,6,Group Name #6,3,15100,0
SEMG-19/SEMG-19_Mv4.tdms,7,Group Name #7,3,15000,0
SEMG-19/SEMG-19_Mv4.tdms,8,Group Name #8,3,15000,0
SEMG-19/SEMG-19_Mv4.tdms,9,Group Name #9,3,15000,0
SEMG-19/SEMG-19_Mv4.tdms,10,Group Name #10,3,15000,0
SEMG-19/SEMG-19_Mv4.tdms,11,Group Name #11,3,15000,0
SEMG-19/SEMG-19_Mv4.tdms,12,Group Name #12,3,15000,0
SEMG-19/SEMG-19_Mv4.tdms,13,Group Name #13,3,15000,0
SEMG-19/SEMG-19_Mv4.tdms,14,Group Name #14,3,15000,0
SEMG-19/SEMG-19_Mv4.tdms,15,Group Name #15,3,15000,0
SEMG-19/SEMG-19_Mv4.tdms,16,Group Name #16,3,15000,0
SEMG-19/SEMG-19_Mv4.tdms,17,Group Name #17,3,15000,0
SEMG-19/SEMG-19_Mv4.tdms,18,Group Name #18,3,15000,0
SEMG-19/SEMG-19_Mv4.tdms,19,Group Name #19,3,15000,0
SEMG-19/SEMG-19_Mv4.tdms,20,Group Name #20,3,15000,0
SEMG-19/SEMG-19_Mv4.tdms,21,Group Name #21,3,15000,0
SEMG-19/SEMG-19_Mv4.tdms,22,Group Name #22,3,15000,0
SEMG-19/SEMG-19_Mv4.tdms,23,Group Name #23,3,15000,0
SEMG-19/SEMG-19_Mv4.tdms,24,Group Name #24,3,15000,0
SEMG-19/SEMG-19_Mv4.tdms,25,Group Name #25,3,14900,0
SEMG-19/SEMG-19_Mv4.tdms,26,Group Name #26,3,15000,0
SEMG-19/SEMG-19_Mv4.tdms,27,Group Name #27,3,14800,0
SEMG-19/SEMG-19_Mv4.tdms,28,Group Name #28,3,15000,0
SEMG-19/SEMG-19_Mv4.tdms,29,Group Name #29,3,15000,0
SEMG-19/SEMG-19_Mv4.tdms,30,Group Name #30,3,15000,0
SEMG-19/SEMG-19_Mv5.tdms,0,Group Name,3,16600,0
SEMG-19/SEMG-19_Mv5.tdms,1,Group Name #1,3,15000,0
SEMG-19/SEMG-19_Mv5.tdms,2,Group Name #2,3,15100,0
SEMG-19/SEMG-19_Mv5.tdms,3,Group Name #3,3,15100,0
SEMG-19/SEMG-19_Mv5.tdms,4,Group Name #4,3,15100,0
SEMG-19/SEMG-19_Mv5.tdms,5,Group Name #5,3,15100,0
SEMG-19/SEMG-19_Mv5.tdms,6,Group Name #6,3,15100,0
SEMG-19/SEMG-19_Mv5.tdms,7,Group Name #7,3,15100,0
SEMG-19/SEMG-19_Mv5.tdms,8,Group Name #8,3,15100,0
SEMG-19/SEMG-19_Mv5.tdms,9,Group Name #9,3,15100,0
SEMG-19/SEMG-19_Mv5.tdms,10,Group Name #10,3,15100,0
SEMG-19/SEMG-19_Mv5.tdms,11,Group Name #11,3,15000,0
SEMG-19/SEMG-19_Mv5.tdms,12,Group Name #12,3,15100,0
SEMG-19/SEMG-19_Mv5.tdms,13,Group Name #13,3,15100,0
SEMG-19/SEMG-19_Mv5.tdms,14,Group Name #14,3,15100,0
SEMG-19/SEMG-19_Mv5.tdms,15,Group Name #15,3,15100,0
SEMG-19/SEMG-19_Mv5.tdms,16,Group Name #16,3,15100,0
SEMG-19/SEMG-19_Mv5.tdms,17,Group Name #17,3,15100,0
SEMG-19/SEMG-19_Mv5.tdms,18,Group Name #18,3,15000,0
SEMG-19/SEMG-19_Mv5.tdms,19,Group Name #19,3,15000,0
SEMG-19/SEMG-19_Mv5.tdms,20,Group Name #20,3,15000,0
SEMG-19/SEMG-19_Mv5.tdms,21,Group Name #21,3,15000,0
SEMG-19/SEMG-19_Mv5.tdms,22,Group Name #22,3,15000,0
SEMG-19/SEMG-19_Mv5.tdms,23,Group Name #23,3,15000,0
SEMG-19/SEMG-19_Mv5.tdms,24,Group Name #24,3,15000,0
SEMG-19/SEMG-19_Mv5.tdms,25,Group Name #25,3,15000,0
SEMG-19/SEMG-19_Mv5.tdms,26,Group Name #26,3,15000,0
SEMG-19/SEMG-19_Mv5.tdms,27,Group Name #27,3,15000,0
SEMG-19/SEMG-19_Mv5.tdms,28,Group Name #28,3,15000,0
SEMG-19/SEMG-19_Mv5.tdms,29,Group Name #29,3,15000,0
SEMG-19/SEMG-19_Mv5.tdms,30,Group Name #30,3,15000,0
SEMG-19/SEMG-19_Mv5.tdms,31,Group Name #31,3,200,0
SEMG-20/SEMG-20_Mv1.tdms,0,Group Name,3,102500,0
SEMG-20/SEMG-20_Mv1.tdms,1,Group Name #1,3,15000,0
SEMG-20/SEMG-20_Mv1.tdms,2,Group Name #2,3,15000,0
SEMG-20/SEMG-20_Mv1.tdms,3,Group Name #3,3,15000,0
SEMG-20/SEMG-20_Mv1.tdms,4,Group Name #4,3,15000,0
SEMG-20/SEMG-20_Mv1.tdms,5,Group Name #5,3,15000,0
SEMG-20/SEMG-20_Mv1.tdms,6,Group Name #6,3,15000,0
SEMG-20/SEMG-20_Mv1.tdms,7,Group Name #7,3,10100,0
SEMG-20/SEMG-20_Mv1.tdms,8,Group Name #8,3,15000,0
SEMG-20/SEMG-20_Mv1.tdms,9,Group Name #9,3,15000,0
SEMG-20/SEMG-20_Mv1.tdms,10,Group Name #10,3,15000,0
SEMG-20/SEMG-20_Mv1.tdms,11,Group Name #11,3,15000,0
SEMG-20/SEMG-20_Mv1.tdms,12,Group Name #12,3,14800,0
SEMG-20/SEMG-20_Mv1.tdms,13,Group Name #13,3,14700,0
SEMG-20/SEMG-20_Mv1.tdms,14,Group Name #14,3,14700,0
SEMG-20/SEMG-20_Mv1.tdms,15,Group Name #15,3,14700,0
SEMG-20/SEMG-20_Mv1.tdms,16,Group Name #16,3,15000,0
SEMG-20/SEMG-20_Mv1.tdms,17,Group Name #17,3,15000,0
SEMG-20/SEMG-20_Mv1.tdms,18,Group Name #18,3,15000,0
SEMG-20/SEMG-20_Mv1.tdms,19,Group Name #19,3,15000,0
SEMG-20/SEMG-20_Mv1.tdms,20,Group Name #20,3,15000,0
SEMG-20/SEMG-20_Mv1.tdms,21,Group Name #21,3,15000,0
SEMG-20/SEMG-20_Mv1.tdms,22,Group Name #22,3,15000,0
SEMG-20/SEMG-20_Mv1.tdms,23,Group Name #23,3,15000,0
SEMG-20/SEMG-20_Mv1.tdms,24,Group Name #24,3,15000,0
SEMG-20/SEMG-20_Mv1.tdms,25,Group Name #25,3,15000,0
SEMG-20/SEMG-20_Mv1.tdms,26,Group Name #26,3,15000,0
SEMG-20/SEMG-20_Mv1.tdms,27,Group Name #27,3,15000,0
SEMG-20/SEMG-20_Mv1.tdms,28,Group Name #28,3,15000,0
SEMG-20/SEMG-20_Mv1.tdms,29,Group Name #29,3,14800,0
SEMG-20/SEMG-20_Mv1.tdms,30,Group Name #30,3,15000,0
SEMG-20/SEMG-20_Mv1.tdms,31,Group Name #31,3,15000,0
SEMG-20/SEMG-20_Mv1.tdms,32,Group Name #32,3,15000,0
SEMG-20/SEMG-20_Mv2.tdms,0,Group Name,3,45000,0
SEMG-20/SEMG-20_Mv2.tdms,1,Group Name #1,3,15000,0
SEMG-20/SEMG-20_Mv2.tdms,2,Group Name #2,3,15100,0
SEMG-20/SEMG-20_Mv2.tdms,3,Group Name #3,3,15100,0
SEMG-20/SEMG-20_Mv2.tdms,4,Group Name #4,3,15000,0
SEMG-20/SEMG-20_Mv2.tdms,5,Group Name #5,3,15100,0
SEMG-20/SEMG-20_Mv2.tdms,6,Group Name #6,3,15000,0
SEMG-20/SEMG-20_Mv2.tdms,7,Group Name #7,3,15100,0
SEMG-20/SEMG-20_Mv2.tdms,8,Group Name #8,3,15100,0
SEMG-20/SEMG-20_Mv2.tdms,9,Group Name #9,3,15100,0
SEMG-20/SEMG-20_Mv2.tdms,10,Group Name #10,3,15000,0
SEMG-20/SEMG-20_Mv2.tdms,11,Group Name #11,3,15100,0
SEMG-20/SEMG-20_Mv2.tdms,12,Group Name #12,3,15000,0
SEMG-20/SEMG-20_Mv2.tdms,13,Group Name #13,3,15100,0
SEMG-20/SEMG-20_Mv2.tdms,14,Group Name #14,3,15000,0
SEMG-20/SEMG-20_Mv2.tdms,15,Group Name #15,3,15000,0
SEMG-20/SEMG-20_Mv2.tdms,16,Group Name #16,3,15000,0
SEMG-20/SEMG-20_Mv2.tdms,17,Group Name #17,3,15000,0
SEMG-20/SEMG-20_Mv2.tdms,18,Group Name #18,3,15000,0
SEMG-20/SEMG-20_Mv2.tdms,19,Group Name #19,3,15000,0
SEMG-20/SEMG-20_Mv2.tdms,20,Group Name #20,3,15000,0
SEMG-20/SEMG-20_Mv2.tdms,21,Group Name #21,3,15000,0
SEMG-20/SEMG-20_Mv2.tdms,22,Group Name #22,3,14100,0
SEMG-20/SEMG-20_Mv2.tdms,23,Group Name #23,3,14400,0
SEMG-20/SEMG-20_Mv2.tdms,24,Group Name #24,3,14700,0
SEMG-20/SEMG-20_Mv2.tdms,25,Group Name #25,3,14200,0
SEMG-20/SEMG-20_Mv2.tdms,26,Group Name #26,3,15000,0
SEMG-20/SEMG-20_Mv2.tdms,27,Group Name #27,3,15000,0
SEMG-20/SEMG-20_Mv2.tdms,28,Group Name #28,3,15000,0
SEMG-20/SEMG-20_Mv2.tdms,29,Group Name #29,3,15000,0
SEMG-20/SEMG-20_Mv2.tdms,30,Group Name #30,3,15000,0
SEMG-20/SEMG-20_Mv2.tdms,31,Group Name #31,3,15000,0
SEMG-20/SEMG-20_Mv3.tdms,0,Group Name,3,36600,0
SEMG-20/SEMG-20_Mv3.tdms,1,Group Name #1,3,15000,0
SEMG-20/SEMG-20_Mv3.tdms,2,Group Name #2,3,15100,0
SEMG-20/SEMG-20_Mv3.tdms,3,Group Name #3,3,15000,0
SEMG-20/SEMG-20_Mv3.tdms,4,Group Name #4,3,15000,0
SEMG-20/SEMG-20_Mv3.tdms,5,Group Name #5,3,15000,0
SEMG-20/SEMG-20_Mv3.tdms,6,Group Name #6,3,15100,0
SEMG-20/SEMG-20_Mv3.tdms,7,Group Name #7,3,15000,0
SEMG-20/SEMG-20_Mv3.tdms,8,Group Name #8,3,15000,0
SEMG-20/SEMG-20_Mv3.tdms,9,Group Name #9,3,15000,0
SEMG-20/SEMG-20_Mv3.tdms,10,Group Name #10,3,14900,0
SEMG-20/SEMG-20_Mv3.tdms,11,Group Name #11,3,15000,0
SEMG-20/SEMG-20_Mv3.tdms,12,Group Name #12,3,15100,0
SEMG-20/SEMG-20_Mv3.tdms,13,Group Name #13,3,15000,0
SEMG-20/SEMG-20_Mv3.tdms,14,Group Name #14,3,15000,0
SEMG-20/SEMG-20_Mv3.tdms,15,Group Name #15,3,15000,0
SEMG-20/SEMG-20_Mv3.tdms,16,Group Name #16,3,15000,0
SEMG-20/SEMG-20_Mv3.tdms,17,Group Name #17,3,14900,0
SEMG-20/SEMG-20_Mv3.tdms,18,Group Name #18,3,15000,0
SEMG-20/SEMG-20_Mv3.tdms,19,Group Name #19,3,15000,0
SEMG-20/SEMG-20_Mv3.tdms,20,Group Name #20,3,15000,0
SEMG-20/SEMG-20_Mv3.tdms,21,Group Name #21,3,15000,0
SEMG-20/SEMG-20_Mv3.tdms,22,Group Name #22,3,8600,0
SEMG-20/SEMG-20_Mv3.tdms,23,Group Name #23,3,15000,0
SEMG-20/SEMG-20_Mv3.tdms,24,Group Name #24,3,15000,0
SEMG-20/SEMG-20_Mv3.tdms,25,Group Name #25,3,15000,0
SEMG-20/SEMG-20_Mv3.tdms,26,Group Name #26,3,15000,0
SEMG-20/SEMG-20_Mv3.tdms,27,Group Name #27,3,15000,0
SEMG-20/SEMG-20_Mv3.tdms,28,Group Name #28,3,15000,0
SEMG-20/SEMG-20_Mv3.tdms,29,Group Name #29,3,15000,0
SEMG-20/SEMG-20_Mv3.tdms,30,Group Name #30,3,15000,0
SEMG-20/SEMG-20_Mv3.tdms,31,Group Name #31,3,15000,0
SEMG-20/SEMG-20_Mv3.tdms,32,Group Name #32,3,15000,0
SEMG-20/SEMG-20_Mv4.tdms,0,Group Name,3,36600,0
SEMG-20/SEMG-20_Mv4.tdms,1,Group Name #1,3,15000,0
SEMG-20/SEMG-20_Mv4.tdms,2,Group Name #2,3,15000,0
SEMG-20/SEMG-20_Mv4.tdms,3,Group Name #3,3,14900,0
SEMG-20/SEMG-20_Mv4.tdms,4,Group Name #4,3,15100,0
SEMG-20/SEMG-20_Mv4.tdms,5,Group Name #5,3,15000,0
SEMG-20/SEMG-20_Mv4.tdms,6,Group Name #6,3,15100,0
SEMG-20/SEMG-20_Mv4.tdms,7,Group Name #7,3,14900,0
SEMG-20/SEMG-20_Mv4.tdms,8,Group Name #8,3,15000,0
SEMG-20/SEMG-20_Mv4.tdms,9,Group Name #9,3,15100,0
SEMG-20/SEMG-20_Mv4.tdms,10,Group Name #10,3,15100,0
SEMG-20/SEMG-20_Mv4.tdms,11,Group Name #11,3,15000,0
SEMG-20/SEMG-20_Mv4.tdms,12,Group Name #12,3,15000,0
SEMG-20/SEMG-20_Mv4.tdms,13,Group Name #13,3,15100,0
SEMG-20/SEMG-20_Mv4.tdms,14,Group Name #14,3,15000,0
SEMG-20/SEMG-20_Mv4.tdms,15,Group Name #15,3,15000,0
SEMG-20/SEMG-20_Mv4.tdms,16,Group Name #16,3,15000,0
SEMG-20/SEMG-20_Mv4.tdms,17,Group Name #17,3,15000,0
SEMG-20/SEMG-20_Mv4.tdms,18,Group Name #18,3,15000,0
SEMG-20/SEMG-20_Mv4.tdms,19,Group Name #19,3,15000,0
SEMG-20/SEMG-20_Mv4.tdms,20,Group Name #20,3,15000,0
SEMG-20/SEMG-20_Mv4.tdms,21,Group Name #21,3,15000,0
SEMG-20/SEMG-20_Mv4.tdms,22,Group Name #22,3,15000,0
SEMG-20/SEMG-20_Mv4.tdms,23,Group Name #23,3,15000,0
SEMG-20/SEMG-20_Mv4.tdms,24,Group Name #24,3,15000,0
SEMG-20/SEMG-20_Mv4.tdms,25,Group Name #25,3,15000,0
SEMG-20/SEMG-20_Mv4.tdms,26,Group Name #26,3,15000,0
SEMG-20/SEMG-20_Mv4.tdms,27,Group Name #27,3,15000,0
SEMG-20/SEMG-20_Mv4.tdms,28,Group Name #28,3,14900,0
SEMG-20/SEMG-20_Mv4.tdms,29,Group Name #29,3,15000,0
SEMG-20/SEMG-20_Mv4.tdms,30,Group Name #30,3,15000,0
SEMG-20/SEMG-20_Mv4.tdms,31,Group Name #31,3,15000,0
SEMG-20/SEMG-20_Mv5.tdms,0,Group Name,3,10600,0
SEMG-20/SEMG-20_Mv5.tdms,1,Group Name #1,3,15000,0
SEMG-20/SEMG-20_Mv5.tdms,2,Group Name #2,3,15100,0
SEMG-20/SEMG-20_Mv5.tdms,3,Group Name #3,3,15100,0
SEMG-20/SEMG-20_Mv5.tdms,4,Group Name #4,3,15100,0
SEMG-20/SEMG-20_Mv5.tdms,5,Group Name #5,3,15100,0
SEMG-20/SEMG-20_Mv5.tdms,6,Group Name #6,3,15100,0
SEMG-20/SEMG-20_Mv5.tdms,7,Group Name #7,3,15100,0
SEMG-20/SEMG-20_Mv5.tdms,8,Group Name #8,3,15100,0
SEMG-20/SEMG-20_Mv5.tdms,9,Group Name #9,3,15100,0
SEMG-20/SEMG-20_Mv5.tdms,10,Group Name #10,3,15100,0
SEMG-20/SEMG-20_Mv5.tdms,11,Group Name #11,3,15100,0
SEMG-20/SEMG-20_Mv5.tdms,12,Group Name #12,3,15100,0
SEMG-20/SEMG-20_Mv5.tdms,13,Group Name #13,3,15100,0
SEMG-20/SEMG-20_Mv5.tdms,14,Group Name #14,3,15100,0
SEMG-20/SEMG-20_Mv5.tdms,15,Group Name #15,3,15100,0
SEMG-20/SEMG-20_Mv5.tdms,16,Group Name #16,3,15100,0
SEMG-20/SEMG-20_Mv5.tdms,17,Group Name #17,3,15000,0
SEMG-20/SEMG-20_Mv5.tdms,18,Group Name #18,3,15000,0
SEMG-20/SEMG-20_Mv5.tdms,19,Group Name #19,3,15000,0
SEMG-20/SEMG-20_Mv5.tdms,20,Group Name #20,3,15000,0
SEMG-20/SEMG-20_Mv5.tdms,21,Group Name #21,3,15000,0
SEMG-20/SEMG-20_Mv5.tdms,22,Group Name #22,3,15000,0
SEMG-20/SEMG-20_Mv5.tdms,23,Group Name #23,3,15100,0
SEMG-20/SEMG-20_Mv5.tdms,24,Group Name #24,3,15000,0
SEMG-20/SEMG-20_Mv5.tdms,25,Group Name #25,3,15000,0
SEMG-20/SEMG-20_Mv5.tdms,26,Group Name #26,3,15000,0
SEMG-20/SEMG-20_Mv5.tdms,27,Group Name #27,3,15000,0
SEMG-20/SEMG-20_Mv5.tdms,28,Group Name #28,3,15000,0
SEMG-20/SEMG-20_Mv5.tdms,29,Group Name #29,3,15000,0
SEMG-20/SEMG-20_Mv5.tdms,30,Group Name #30,3,15000,0
SEMG-20/SEMG-20_Mv5.tdms,31,Group Name #31,3,100,0
