run_id,source_artifact,source_row_1based,source_record_sha256,dataset,subject,session/domain,family_a,family_b,error_correlation,disagreement_rate,a_correct_b_wrong,a_wrong_b_correct,metadata_notes_json
feature_bank_force_concat_core_calibration_validation_20260915,error_complementarity.csv,1,e5380025daa256202b17920c35638534c18d79ba9b4c83d05d67edcfc3a54978,libemg_contraction_intensity,7,"{""source_condition"": ""Ramp""}",Core,F3_Ring,0.3785646739173576,0.5476190476190477,0.2312925170068027,0.08843537414965985,"{""session/domain"": ""run manifest evaluation domain""}"
feature_bank_force_concat_core_calibration_validation_20260915,error_complementarity.csv,2,aa1dafe0cbcd3974f99bfbd460545bbb3619ede624cd5c2541a3f65153a8d9d8,libemg_contraction_intensity,7,"{""source_condition"": ""Ramp""}",Core,F4_Spectral,0.5108455128010676,0.4727891156462585,0.10544217687074829,0.13945578231292516,"{""session/domain"": ""run manifest evaluation domain""}"
feature_bank_force_concat_core_calibration_validation_20260915,error_complementarity.csv,3,5a95c3900f13669655af848cd9891fecd521af9b09c0f35e2acd67432080573e,libemg_contraction_intensity,7,"{""source_condition"": ""Ramp""}",Core,F5_Temporal,0.5980581474171286,0.46258503401360546,0.13605442176870747,0.06802721088435373,"{""session/domain"": ""run manifest evaluation domain""}"
feature_bank_force_concat_core_calibration_validation_20260915,error_complementarity.csv,4,4fb1d2e765b48b0bbbb15d4438061cf58dad4ff98423b07c749f6c134d7d29dc,libemg_contraction_intensity,7,"{""source_condition"": ""Ramp""}",Core,F9_Quality,0.5318459472016257,0.44217687074829926,0.19047619047619047,0.05442176870748299,"{""session/domain"": ""run manifest evaluation domain""}"
feature_bank_force_concat_core_calibration_validation_20260915,error_complementarity.csv,5,c301f9f9f457ebb27563336d9ac3b4fb88289796de347c523b0fb0bb1eee32ab,libemg_contraction_intensity,7,20P,Core,F3_Ring,0.5330017908890261,0.6785714285714285,0.03571428571428571,0.10714285714285714,"{""session/domain"": ""recorded condition/domain; not an inferred session ID""}"
feature_bank_force_concat_core_calibration_validation_20260915,error_complementarity.csv,6,24ce25612eefdc8bf31d2a3d2530668eef5c17ac7ac3a50e0582dbb17f9d5728,libemg_contraction_intensity,7,20P,Core,F4_Spectral,-0.11941628680530646,0.7857142857142856,0.10714285714285714,0.35714285714285715,"{""session/domain"": ""recorded condition/domain; not an inferred session ID""}"
feature_bank_force_concat_core_calibration_validation_20260915,error_complementarity.csv,7,c937a3d91d0a7b99a0ab838e9dabba660f1b0ccb073d84ec7016ee7584379f74,libemg_contraction_intensity,7,20P,Core,F5_Temporal,0.7817359599705717,0.3928571428571428,0.0,0.07142857142857142,"{""session/domain"": ""recorded condition/domain; not an inferred session ID""}"
feature_bank_force_concat_core_calibration_validation_20260915,error_complementarity.csv,8,bda09230029394d8a21897ead12d400003f052df33ad4baf1784908b7a65b371,libemg_contraction_intensity,7,20P,Core,F9_Quality,0.8755950357709131,0.3928571428571428,0.0,0.03571428571428571,"{""session/domain"": ""recorded condition/domain; not an inferred session ID""}"
feature_bank_force_concat_core_calibration_validation_20260915,error_complementarity.csv,9,91233ec985137ed5341ffaf541e21185e145b753528e63a51784a9db1e669a21,libemg_contraction_intensity,7,30P,Core,F3_Ring,0.48566186425718266,0.5714285714285714,0.07142857142857142,0.14285714285714285,"{""session/domain"": ""recorded condition/domain; not an inferred session ID""}"
feature_bank_force_concat_core_calibration_validation_20260915,error_complementarity.csv,10,95daee3063bd9610a0a768aa61c57c1821dd320865f9fc6f30254fd63b42b14a,libemg_contraction_intensity,7,30P,Core,F4_Spectral,0.33333333333333326,0.6428571428571428,0.03571428571428571,0.3571428571428571,"{""session/domain"": ""recorded condition/domain; not an inferred session ID""}"
feature_bank_force_concat_core_calibration_validation_20260915,error_complementarity.csv,11,6ff79bbf1f0b5aca2319c08271b431327757af0d505e080cc0f7445644938882,libemg_contraction_intensity,7,30P,Core,F5_Temporal,0.6024640760767092,0.46428571428571425,0.03571428571428571,0.14285714285714285,"{""session/domain"": ""recorded condition/domain; not an inferred session ID""}"
feature_bank_force_concat_core_calibration_validation_20260915,error_complementarity.csv,12,3cb17e4e9493e2873ffd62c4d8e96ee15de9dc127affe8c0e03c8983574125cf,libemg_contraction_intensity,7,30P,Core,F9_Quality,0.3333333333333333,0.5714285714285714,0.07142857142857142,0.25,"{""session/domain"": ""recorded condition/domain; not an inferred session ID""}"
feature_bank_force_concat_core_calibration_validation_20260915,error_complementarity.csv,13,00c1c4dc9cec160d5e9f21248892cf65559fd2c37cec987d93188a9011c53aed,libemg_contraction_intensity,7,40P,Core,F3_Ring,0.5168113941217017,0.4285714285714285,0.17857142857142855,0.07142857142857142,"{""session/domain"": ""recorded condition/domain; not an inferred session ID""}"
feature_bank_force_concat_core_calibration_validation_20260915,error_complementarity.csv,14,8dee8463ac8d4a7f9aa43b37b1530ad24667723eca145456f8a3f84ccc492cdd,libemg_contraction_intensity,7,40P,Core,F4_Spectral,0.49613893835683387,0.4285714285714285,0.14285714285714285,0.10714285714285714,"{""session/domain"": ""recorded condition/domain; not an inferred session ID""}"
feature_bank_force_concat_core_calibration_validation_20260915,error_complementarity.csv,15,130ca30be325847f775d5b8469e56faac579ac2867221ed8c661a26766deffb9,libemg_contraction_intensity,7,40P,Core,F5_Temporal,0.22739701341354873,0.6428571428571428,0.25,0.14285714285714285,"{""session/domain"": ""recorded condition/domain; not an inferred session ID""}"
feature_bank_force_concat_core_calibration_validation_20260915,error_complementarity.csv,16,e0b2446af84b3b76c73506f136e26477e42901c2d286f1fd5a383e9ce0705c31,libemg_contraction_intensity,7,40P,Core,F9_Quality,0.37210420376762526,0.46428571428571425,0.21428571428571427,0.10714285714285714,"{""session/domain"": ""recorded condition/domain; not an inferred session ID""}"
feature_bank_force_concat_core_calibration_validation_20260915,error_complementarity.csv,17,023ac4f5f333b65e7ab07f0e9c123c0e08ceec4fc5a5babcdf94f68fd5e8d5d2,libemg_contraction_intensity,7,50P,Core,F3_Ring,0.512989176042577,0.5714285714285714,0.3214285714285714,0.0,"{""session/domain"": ""recorded condition/domain; not an inferred session ID""}"
feature_bank_force_concat_core_calibration_validation_20260915,error_complementarity.csv,18,e9f8589c05a92497885747850adce1269f078315077b1f886851cc39757f3da7,libemg_contraction_intensity,7,50P,Core,F4_Spectral,0.6511878254740209,0.4285714285714285,0.14285714285714285,0.03571428571428571,"{""session/domain"": ""recorded condition/domain; not an inferred session ID""}"
feature_bank_force_concat_core_calibration_validation_20260915,error_complementarity.csv,19,11b7934ae78d11b90d38293fb43f2a96ebe7796c99bdcad5976df12dcadf5df1,libemg_contraction_intensity,7,50P,Core,F5_Temporal,0.39498277938588156,0.5357142857142856,0.25,0.07142857142857142,"{""session/domain"": ""recorded condition/domain; not an inferred session ID""}"
feature_bank_force_concat_core_calibration_validation_20260915,error_complementarity.csv,20,e40d44bd419c528e1e6506087936a1033d7907d95123deb86c6a422c8bcc9972,libemg_contraction_intensity,7,50P,Core,F9_Quality,0.44694779244794786,0.3571428571428571,0.2857142857142857,0.03571428571428571,"{""session/domain"": ""recorded condition/domain; not an inferred session ID""}"
feature_bank_force_concat_core_calibration_validation_20260915,error_complementarity.csv,21,69c894567eed7a0524d441a26b2e481dd58de2c211fb25398c1a6be10f5bcd27,libemg_contraction_intensity,7,60P,Core,F3_Ring,0.3879701448994927,0.3928571428571428,0.3214285714285714,0.03571428571428571,"{""session/domain"": ""recorded condition/domain; not an inferred session ID""}"
feature_bank_force_concat_core_calibration_validation_20260915,error_complementarity.csv,22,1f6bf7dfbe4d37f553729b22c4c360edb4a3688bae4a53f2bd9eca5f4754b305,libemg_contraction_intensity,7,60P,Core,F4_Spectral,0.848528137423857,0.24999999999999994,0.07142857142857142,0.0,"{""session/domain"": ""recorded condition/domain; not an inferred session ID""}"
feature_bank_force_concat_core_calibration_validation_20260915,error_complementarity.csv,23,8f6483bfe8413a0dd4dfff9eeb6b0ddf17a6a8e5be024a80d8f80e9343ccb66e,libemg_contraction_intensity,7,60P,Core,F5_Temporal,0.6793662204867575,0.3928571428571428,0.17857142857142855,0.0,"{""session/domain"": ""recorded condition/domain; not an inferred session ID""}"
feature_bank_force_concat_core_calibration_validation_20260915,error_complementarity.csv,24,a619f9fbb30d894490dce474136b76c2420dee6f199ca2197a3e2101f409fa5e,libemg_contraction_intensity,7,60P,Core,F9_Quality,0.4714045207910317,0.3928571428571428,0.3571428571428571,0.0,"{""session/domain"": ""recorded condition/domain; not an inferred session ID""}"
feature_bank_force_concat_core_calibration_validation_20260915,error_complementarity.csv,25,262c2e47dd6e1db51bde2add7506614394d0987f2c7d878a8812ac787e27b612,libemg_contraction_intensity,7,70P,Core,F3_Ring,0.1132277034144596,0.4999999999999999,0.3571428571428571,0.10714285714285714,"{""session/domain"": ""recorded condition/domain; not an inferred session ID""}"
feature_bank_force_concat_core_calibration_validation_20260915,error_complementarity.csv,26,df977b9c31889b48b1caf884d4002eee5a00fb8cef18666ad9f49bf9d411083a,libemg_contraction_intensity,7,70P,Core,F4_Spectral,0.65,0.24999999999999994,0.07142857142857142,0.07142857142857142,"{""session/domain"": ""recorded condition/domain; not an inferred session ID""}"
feature_bank_force_concat_core_calibration_validation_20260915,error_complementarity.csv,27,42c5202387a6502d015d4b5562e404342e6a03f7b45cfe0f35c32addd9151278,libemg_contraction_intensity,7,70P,Core,F5_Temporal,0.570544330734548,0.4285714285714285,0.17857142857142855,0.03571428571428571,"{""session/domain"": ""recorded condition/domain; not an inferred session ID""}"
feature_bank_force_concat_core_calibration_validation_20260915,error_complementarity.csv,28,74ded98c55fc0d7a0fe4a6deb18a6e6bb87ee84d054f5d5be1763fcb2f8f7a98,libemg_contraction_intensity,7,70P,Core,F9_Quality,0.4714045207910317,0.4999999999999999,0.3571428571428571,0.0,"{""session/domain"": ""recorded condition/domain; not an inferred session ID""}"
feature_bank_force_concat_core_calibration_validation_20260915,error_complementarity.csv,29,ab963c6687e08e309a2a3136a6c112ba2c72f960aa51f131d47ea5928f844669,libemg_contraction_intensity,7,80P,Core,F3_Ring,0.09673016668133488,0.7142857142857142,0.46428571428571425,0.07142857142857142,"{""session/domain"": ""recorded condition/domain; not an inferred session ID""}"
feature_bank_force_concat_core_calibration_validation_20260915,error_complementarity.csv,30,501e93f447ef6952fef26d05930dc25c625ca306ef97c6f80f0f24da2d3b8ac4,libemg_contraction_intensity,7,80P,Core,F4_Spectral,0.9189365834726816,0.24999999999999994,0.03571428571428571,0.0,"{""session/domain"": ""recorded condition/domain; not an inferred session ID""}"
feature_bank_force_concat_core_calibration_validation_20260915,error_complementarity.csv,31,2da0afde90a51ea45a4c56aeed7236f9c94913ec3298e9c5046090a82eabb7fa,libemg_contraction_intensity,7,80P,Core,F5_Temporal,0.570544330734548,0.4285714285714285,0.17857142857142855,0.03571428571428571,"{""session/domain"": ""recorded condition/domain; not an inferred session ID""}"
feature_bank_force_concat_core_calibration_validation_20260915,error_complementarity.csv,32,aaad0995330c01979da41e4df724c4ee6ce71f1e6e04def018b326b4ccdd541f,libemg_contraction_intensity,7,80P,Core,F9_Quality,0.4714045207910317,0.6071428571428571,0.3571428571428571,0.0,"{""session/domain"": ""recorded condition/domain; not an inferred session ID""}"
feature_bank_force_concat_core_calibration_validation_20260915,error_complementarity.csv,33,c739ac6c51f1bf697daf339b542578f344dc592832a8e0f3dac662d57916a11a,libemg_contraction_intensity,7,MVC,Core,F3_Ring,0.0,0.7142857142857142,0.2857142857142857,0.21428571428571427,"{""session/domain"": ""recorded condition/domain; not an inferred session ID""}"
feature_bank_force_concat_core_calibration_validation_20260915,error_complementarity.csv,34,4331aebaa40dff8e1d665f15a2a32daa2ac4bd2fa4135a8eb3e2ad838f0123a0,libemg_contraction_intensity,7,MVC,Core,F4_Spectral,0.5773502691896258,0.4285714285714285,0.14285714285714285,0.07142857142857142,"{""session/domain"": ""recorded condition/domain; not an inferred session ID""}"
feature_bank_force_concat_core_calibration_validation_20260915,error_complementarity.csv,35,68aa7b3b1aaf6e803c92b1ecf4ac4d202aaa7cfd07488c304b01f8dbee29022c,libemg_contraction_intensity,7,MVC,Core,F5_Temporal,0.5773502691896258,0.4285714285714285,0.14285714285714285,0.07142857142857142,"{""session/domain"": ""recorded condition/domain; not an inferred session ID""}"
feature_bank_force_concat_core_calibration_validation_20260915,error_complementarity.csv,36,bc2ac1797273bf458e9318418d6e711fe025cec782784aba3be2083b4443ba5f,libemg_contraction_intensity,7,MVC,Core,F9_Quality,0.5477225575051662,0.5714285714285713,0.2857142857142857,0.0,"{""session/domain"": ""recorded condition/domain; not an inferred session ID""}"
feature_bank_force_concat_core_calibration_validation_20260915,error_complementarity.csv,37,5fb911e189c1db747c2c5b76ed0bdb7604a1b99a7bb568f99002ec7bc6f33da4,libemg_contraction_intensity,7,Light,Core,F3_Ring,0.3426241444320965,0.5357142857142857,0.07142857142857142,0.10714285714285714,"{""session/domain"": ""recorded condition/domain; not an inferred session ID""}"
feature_bank_force_concat_core_calibration_validation_20260915,error_complementarity.csv,38,b83b4e5e530d51076e79b3611f57e61e8552abd8926b7216e765d1a52a4ee339,libemg_contraction_intensity,7,Light,Core,F4_Spectral,-0.1754116038614058,0.857142857142857,0.10714285714285714,0.4285714285714285,"{""session/domain"": ""recorded condition/domain; not an inferred session ID""}"
feature_bank_force_concat_core_calibration_validation_20260915,error_complementarity.csv,39,a3b851711e1c5dfb2aa97547debb635fe1b706e50587efff9a8107426d95f6b1,libemg_contraction_intensity,7,Light,Core,F5_Temporal,0.7071067811865476,0.3571428571428571,0.0,0.10714285714285714,"{""session/domain"": ""recorded condition/domain; not an inferred session ID""}"
feature_bank_force_concat_core_calibration_validation_20260915,error_complementarity.csv,40,4d674c25ac2ee82ad6c60f507de9cc8d0c257ab234d4e5e660b5ef3f253258cf,libemg_contraction_intensity,7,Light,Core,F9_Quality,0.5330017908890261,0.4642857142857142,0.03571428571428571,0.10714285714285714,"{""session/domain"": ""recorded condition/domain; not an inferred session ID""}"
feature_bank_force_concat_core_calibration_validation_20260915,error_complementarity.csv,41,57fcc65ec596655ae7e2351f39937f64430f3eefe7c70bba833f41d9128df644,libemg_contraction_intensity,7,Medium,Core,F3_Ring,0.7174348320524658,0.39285714285714285,0.10714285714285714,0.03571428571428571,"{""session/domain"": ""recorded condition/domain; not an inferred session ID""}"
feature_bank_force_concat_core_calibration_validation_20260915,error_complementarity.csv,42,c394e9717eecb156f7fbbfdb7e28c4257cfa43f90fc840db2e1872d8b8ad679d,libemg_contraction_intensity,7,Medium,Core,F4_Spectral,0.5708058152826189,0.4999999999999999,0.14285714285714285,0.07142857142857142,"{""session/domain"": ""recorded condition/domain; not an inferred session ID""}"
feature_bank_force_concat_core_calibration_validation_20260915,error_complementarity.csv,43,56b8332665f6117a97d3d48fa1d95faedb78e57ae65e16aea494061508fb7d98,libemg_contraction_intensity,7,Medium,Core,F5_Temporal,0.7855533190649866,0.5714285714285713,0.07142857142857142,0.03571428571428571,"{""session/domain"": ""recorded condition/domain; not an inferred session ID""}"
feature_bank_force_concat_core_calibration_validation_20260915,error_complementarity.csv,44,47795948e42621ea90369cda8436ead5059c7c5cc4df32841ee32ff8300a1f15,libemg_contraction_intensity,7,Medium,Core,F9_Quality,0.9309493362512627,0.2857142857142857,0.0,0.03571428571428571,"{""session/domain"": ""recorded condition/domain; not an inferred session ID""}"
feature_bank_force_concat_core_calibration_validation_20260915,error_complementarity.csv,45,b34a597fcb83b0dfb990c7985c38c219d6f704a42264d28a54a44b056460cd26,libemg_contraction_intensity,7,Hard,Core,F3_Ring,0.027381336560563577,0.6071428571428571,0.3571428571428571,0.14285714285714285,"{""session/domain"": ""recorded condition/domain; not an inferred session ID""}"
feature_bank_force_concat_core_calibration_validation_20260915,error_complementarity.csv,46,acda071eb8746292c7e3b44ebe643c69a5f2eea81d029d1309f1fc27573abdd8,libemg_contraction_intensity,7,Hard,Core,F4_Spectral,0.6882472016116853,0.3571428571428571,0.17857142857142855,0.0,"{""session/domain"": ""recorded condition/domain; not an inferred session ID""}"
feature_bank_force_concat_core_calibration_validation_20260915,error_complementarity.csv,47,b73ba477758c26bda42fe16c37c16afd34d2fba00a1d3ed545ee72122094be64,libemg_contraction_intensity,7,Hard,Core,F5_Temporal,0.5353033790313109,0.4285714285714285,0.21428571428571425,0.03571428571428571,"{""session/domain"": ""recorded condition/domain; not an inferred session ID""}"
feature_bank_force_concat_core_calibration_validation_20260915,error_complementarity.csv,48,5c7306ca1f29171e85a2150873c19df846a859d46959441be9fd7119041d2697,libemg_contraction_intensity,7,Hard,Core,F9_Quality,0.6882472016116854,0.3214285714285714,0.17857142857142855,0.0,"{""session/domain"": ""recorded condition/domain; not an inferred session ID""}"
feature_bank_force_concat_core_calibration_validation_20260915,error_complementarity.csv,49,c5dcd9df60d167326d7d2126cda8e214b081a5ee54d94bee49d1f603e7e13d1f,libemg_contraction_intensity,7,"{""source_condition"": ""Ramp""}",Core,F3_Ring,0.3785646739173576,0.5476190476190477,0.2312925170068027,0.08843537414965985,"{""session/domain"": ""run manifest evaluation domain""}"
feature_bank_force_concat_core_calibration_validation_20260915,error_complementarity.csv,50,b7fe685ee35c5e2577e89e9fbf96bf33728a096accc8168870869f3ea506cf79,libemg_contraction_intensity,7,"{""source_condition"": ""Ramp""}",Core,F4_Spectral,0.5108455128010676,0.4727891156462585,0.10544217687074829,0.13945578231292516,"{""session/domain"": ""run manifest evaluation domain""}"
feature_bank_force_concat_core_calibration_validation_20260915,error_complementarity.csv,51,b53f6c2d6091f76781276aa6ef2b8816537ae758b5f78fae45da42fe6136bd4a,libemg_contraction_intensity,7,"{""source_condition"": ""Ramp""}",Core,F5_Temporal,0.5980581474171286,0.46258503401360546,0.13605442176870747,0.06802721088435373,"{""session/domain"": ""run manifest evaluation domain""}"
feature_bank_force_concat_core_calibration_validation_20260915,error_complementarity.csv,52,95f4851a8459a21ae189573c0e7b3f749d0db382d1395c6ae125e06f66efc824,libemg_contraction_intensity,7,"{""source_condition"": ""Ramp""}",Core,F9_Quality,0.5318459472016257,0.44217687074829926,0.19047619047619047,0.05442176870748299,"{""session/domain"": ""run manifest evaluation domain""}"
feature_bank_force_concat_core_calibration_validation_20260915,error_complementarity.csv,53,5a5f137f4b21b4915c128d64569d2c0f15dccd4a8f507d38572be71498d59ce5,libemg_contraction_intensity,7,20P,Core,F3_Ring,0.5330017908890261,0.6785714285714285,0.03571428571428571,0.10714285714285714,"{""session/domain"": ""recorded condition/domain; not an inferred session ID""}"
feature_bank_force_concat_core_calibration_validation_20260915,error_complementarity.csv,54,5de612acf00679246430631fd8fd8489aadd58b9d930b219efd125cf0159300a,libemg_contraction_intensity,7,20P,Core,F4_Spectral,-0.11941628680530646,0.7857142857142856,0.10714285714285714,0.35714285714285715,"{""session/domain"": ""recorded condition/domain; not an inferred session ID""}"
feature_bank_force_concat_core_calibration_validation_20260915,error_complementarity.csv,55,b976149880342c2337f0c0deb9d1d364268eae5a9a0744f243a6853b350aee32,libemg_contraction_intensity,7,20P,Core,F5_Temporal,0.7817359599705717,0.3928571428571428,0.0,0.07142857142857142,"{""session/domain"": ""recorded condition/domain; not an inferred session ID""}"
feature_bank_force_concat_core_calibration_validation_20260915,error_complementarity.csv,56,b5398d5e536dba197cbf5e4f0dae06f78f567bb8fd6017e36a98c405be3f5dee,libemg_contraction_intensity,7,20P,Core,F9_Quality,0.8755950357709131,0.3928571428571428,0.0,0.03571428571428571,"{""session/domain"": ""recorded condition/domain; not an inferred session ID""}"
feature_bank_force_concat_core_calibration_validation_20260915,error_complementarity.csv,57,8b10504d7d1285a1557739c4c8a76af5c4eaa6c8fc5dd627debc4dcfee5b79e4,libemg_contraction_intensity,7,30P,Core,F3_Ring,0.48566186425718266,0.5714285714285714,0.07142857142857142,0.14285714285714285,"{""session/domain"": ""recorded condition/domain; not an inferred session ID""}"
feature_bank_force_concat_core_calibration_validation_20260915,error_complementarity.csv,58,5665fc7396099bfcdba9ec3e21088bc91acb5d06dd8cb8e163aae7accf06dce2,libemg_contraction_intensity,7,30P,Core,F4_Spectral,0.33333333333333326,0.6428571428571428,0.03571428571428571,0.3571428571428571,"{""session/domain"": ""recorded condition/domain; not an inferred session ID""}"
feature_bank_force_concat_core_calibration_validation_20260915,error_complementarity.csv,59,e143906f80e8c6e2225ffffb1fbe55d7ed5dfd1142ee69011edc742eda88b158,libemg_contraction_intensity,7,30P,Core,F5_Temporal,0.6024640760767092,0.46428571428571425,0.03571428571428571,0.14285714285714285,"{""session/domain"": ""recorded condition/domain; not an inferred session ID""}"
feature_bank_force_concat_core_calibration_validation_20260915,error_complementarity.csv,60,c4d9995fceaf3a66d85d736f1457626b3638f67c508d5408ba98f43b920be7f6,libemg_contraction_intensity,7,30P,Core,F9_Quality,0.3333333333333333,0.5714285714285714,0.07142857142857142,0.25,"{""session/domain"": ""recorded condition/domain; not an inferred session ID""}"
feature_bank_force_concat_core_calibration_validation_20260915,error_complementarity.csv,61,bb13f352b8062c3f696006ea9dd9b87a8c6a478e7eab2f2b60bfe7ab7ea9823e,libemg_contraction_intensity,7,40P,Core,F3_Ring,0.5168113941217017,0.4285714285714285,0.17857142857142855,0.07142857142857142,"{""session/domain"": ""recorded condition/domain; not an inferred session ID""}"
feature_bank_force_concat_core_calibration_validation_20260915,error_complementarity.csv,62,2f68bc16aca1ad8dd9dd7974e8f5d70ed5d7b8b35fddd8085a2c4d9d5d26e1f2,libemg_contraction_intensity,7,40P,Core,F4_Spectral,0.49613893835683387,0.4285714285714285,0.14285714285714285,0.10714285714285714,"{""session/domain"": ""recorded condition/domain; not an inferred session ID""}"
feature_bank_force_concat_core_calibration_validation_20260915,error_complementarity.csv,63,18607f127cc81c4fae057a9abf15facf6f7b75e7b3a0cbf49d6fa0a35903cdab,libemg_contraction_intensity,7,40P,Core,F5_Temporal,0.22739701341354873,0.6428571428571428,0.25,0.14285714285714285,"{""session/domain"": ""recorded condition/domain; not an inferred session ID""}"
feature_bank_force_concat_core_calibration_validation_20260915,error_complementarity.csv,64,cc248f72a56d5c1da1b9c492464069e0b3bd1cf870f8700b1d44b917bb58ae9f,libemg_contraction_intensity,7,40P,Core,F9_Quality,0.37210420376762526,0.46428571428571425,0.21428571428571427,0.10714285714285714,"{""session/domain"": ""recorded condition/domain; not an inferred session ID""}"
feature_bank_force_concat_core_calibration_validation_20260915,error_complementarity.csv,65,cf491454fbafd9ed7487929b36f21a8bc0d8399107970bafc0dab19d279196e5,libemg_contraction_intensity,7,50P,Core,F3_Ring,0.512989176042577,0.5714285714285714,0.3214285714285714,0.0,"{""session/domain"": ""recorded condition/domain; not an inferred session ID""}"
feature_bank_force_concat_core_calibration_validation_20260915,error_complementarity.csv,66,e3a4050d624531b77336a07cbc2956711c43f2af80f69c27ece0bf8fcc009929,libemg_contraction_intensity,7,50P,Core,F4_Spectral,0.6511878254740209,0.4285714285714285,0.14285714285714285,0.03571428571428571,"{""session/domain"": ""recorded condition/domain; not an inferred session ID""}"
feature_bank_force_concat_core_calibration_validation_20260915,error_complementarity.csv,67,63428e20892e4492cb65f608538fff930f3b8106ab46bbc5cd83f1a4543fee38,libemg_contraction_intensity,7,50P,Core,F5_Temporal,0.39498277938588156,0.5357142857142856,0.25,0.07142857142857142,"{""session/domain"": ""recorded condition/domain; not an inferred session ID""}"
feature_bank_force_concat_core_calibration_validation_20260915,error_complementarity.csv,68,40cccfd11c92ab6331ccbda989b0f3d096b4b2a8e011de2275117669f6f8823a,libemg_contraction_intensity,7,50P,Core,F9_Quality,0.44694779244794786,0.3571428571428571,0.2857142857142857,0.03571428571428571,"{""session/domain"": ""recorded condition/domain; not an inferred session ID""}"
feature_bank_force_concat_core_calibration_validation_20260915,error_complementarity.csv,69,0244a019f85ae1d512512348017df06a8ca80c7f2eca6a5c160e8ebcaac47cf8,libemg_contraction_intensity,7,60P,Core,F3_Ring,0.3879701448994927,0.3928571428571428,0.3214285714285714,0.03571428571428571,"{""session/domain"": ""recorded condition/domain; not an inferred session ID""}"
feature_bank_force_concat_core_calibration_validation_20260915,error_complementarity.csv,70,c054f26d5e3a31d4e4a86982e13eec16e32ba3a95f094131587ac4b057de8b51,libemg_contraction_intensity,7,60P,Core,F4_Spectral,0.848528137423857,0.24999999999999994,0.07142857142857142,0.0,"{""session/domain"": ""recorded condition/domain; not an inferred session ID""}"
feature_bank_force_concat_core_calibration_validation_20260915,error_complementarity.csv,71,10c4e67093c4236b9d99336dc99ba546134fe1de5c336f79e857084c4461a58a,libemg_contraction_intensity,7,60P,Core,F5_Temporal,0.6793662204867575,0.3928571428571428,0.17857142857142855,0.0,"{""session/domain"": ""recorded condition/domain; not an inferred session ID""}"
feature_bank_force_concat_core_calibration_validation_20260915,error_complementarity.csv,72,f6d4a178ca3f050e5ca93f98fa18d8d609111477827fe2ff9b9bbeba54c08a3e,libemg_contraction_intensity,7,60P,Core,F9_Quality,0.4714045207910317,0.3928571428571428,0.3571428571428571,0.0,"{""session/domain"": ""recorded condition/domain; not an inferred session ID""}"
feature_bank_force_concat_core_calibration_validation_20260915,error_complementarity.csv,73,e57bcd86ba609a1c1a1ca890fc19df4f60f99802b883ddad982a8f56707a2aa0,libemg_contraction_intensity,7,70P,Core,F3_Ring,0.1132277034144596,0.4999999999999999,0.3571428571428571,0.10714285714285714,"{""session/domain"": ""recorded condition/domain; not an inferred session ID""}"
feature_bank_force_concat_core_calibration_validation_20260915,error_complementarity.csv,74,c7496d31119e536db7d8303333fd0ffd06f827dac12399763cc138639e7e3f0e,libemg_contraction_intensity,7,70P,Core,F4_Spectral,0.65,0.24999999999999994,0.07142857142857142,0.07142857142857142,"{""session/domain"": ""recorded condition/domain; not an inferred session ID""}"
feature_bank_force_concat_core_calibration_validation_20260915,error_complementarity.csv,75,ceafe115b9f2c7ac824e7dda319085956b741ed49b5a45103d9ab45f74d84506,libemg_contraction_intensity,7,70P,Core,F5_Temporal,0.570544330734548,0.4285714285714285,0.17857142857142855,0.03571428571428571,"{""session/domain"": ""recorded condition/domain; not an inferred session ID""}"
feature_bank_force_concat_core_calibration_validation_20260915,error_complementarity.csv,76,b3c6aa7b30f5b5c41dc8c9b303cb5935f4f6ca09a724c5e33e49f3ad90e10714,libemg_contraction_intensity,7,70P,Core,F9_Quality,0.4714045207910317,0.4999999999999999,0.3571428571428571,0.0,"{""session/domain"": ""recorded condition/domain; not an inferred session ID""}"
feature_bank_force_concat_core_calibration_validation_20260915,error_complementarity.csv,77,de2d0ec3b6077159553866c9639accc6668ee2b9b4a4f471fba64bcb7da5003c,libemg_contraction_intensity,7,80P,Core,F3_Ring,0.09673016668133488,0.7142857142857142,0.46428571428571425,0.07142857142857142,"{""session/domain"": ""recorded condition/domain; not an inferred session ID""}"
feature_bank_force_concat_core_calibration_validation_20260915,error_complementarity.csv,78,ccd7cc8c1045dde8884490a8293b56a2946360e675ee051455feaaea38a51d16,libemg_contraction_intensity,7,80P,Core,F4_Spectral,0.9189365834726816,0.24999999999999994,0.03571428571428571,0.0,"{""session/domain"": ""recorded condition/domain; not an inferred session ID""}"
feature_bank_force_concat_core_calibration_validation_20260915,error_complementarity.csv,79,cf8a1cb67c8698c5837bf34c4aff7af89a98e2047a9be52568c4e719ceabf74b,libemg_contraction_intensity,7,80P,Core,F5_Temporal,0.570544330734548,0.4285714285714285,0.17857142857142855,0.03571428571428571,"{""session/domain"": ""recorded condition/domain; not an inferred session ID""}"
feature_bank_force_concat_core_calibration_validation_20260915,error_complementarity.csv,80,08ed10bffd261d77f1934d895885258e8167e3ae5f251ddf9801e9e500374878,libemg_contraction_intensity,7,80P,Core,F9_Quality,0.4714045207910317,0.6071428571428571,0.3571428571428571,0.0,"{""session/domain"": ""recorded condition/domain; not an inferred session ID""}"
feature_bank_force_concat_core_calibration_validation_20260915,error_complementarity.csv,81,44653c985046659d41618782bb342d9609ebb3a1ae109d82b3642e6507e7f9e3,libemg_contraction_intensity,7,MVC,Core,F3_Ring,0.0,0.7142857142857142,0.2857142857142857,0.21428571428571427,"{""session/domain"": ""recorded condition/domain; not an inferred session ID""}"
feature_bank_force_concat_core_calibration_validation_20260915,error_complementarity.csv,82,98c75c92d08a343b876a39c44dcc1345da3c221f2d48b1524cacfb7091c281d4,libemg_contraction_intensity,7,MVC,Core,F4_Spectral,0.5773502691896258,0.4285714285714285,0.14285714285714285,0.07142857142857142,"{""session/domain"": ""recorded condition/domain; not an inferred session ID""}"
feature_bank_force_concat_core_calibration_validation_20260915,error_complementarity.csv,83,de310608e47bd60c2f9c4c3b33db39920b6f524ea1586ee0549f8e1426864710,libemg_contraction_intensity,7,MVC,Core,F5_Temporal,0.5773502691896258,0.4285714285714285,0.14285714285714285,0.07142857142857142,"{""session/domain"": ""recorded condition/domain; not an inferred session ID""}"
feature_bank_force_concat_core_calibration_validation_20260915,error_complementarity.csv,84,5bcd807584879702cd7be4c46e54aebd4309c6d16e050bd53c7ad26241ab1923,libemg_contraction_intensity,7,MVC,Core,F9_Quality,0.5477225575051662,0.5714285714285713,0.2857142857142857,0.0,"{""session/domain"": ""recorded condition/domain; not an inferred session ID""}"
feature_bank_force_concat_core_calibration_validation_20260915,error_complementarity.csv,85,2f982dd5665d6bfdb2e0a0937c117cd8fdfdfa70c91a0b1d684ebd6339901a7a,libemg_contraction_intensity,7,Light,Core,F3_Ring,0.3426241444320965,0.5357142857142857,0.07142857142857142,0.10714285714285714,"{""session/domain"": ""recorded condition/domain; not an inferred session ID""}"
feature_bank_force_concat_core_calibration_validation_20260915,error_complementarity.csv,86,f4d6713bf6859d1f4c7a83e17bcecd526aea4166f5ff0bd1717ec2e8a0150598,libemg_contraction_intensity,7,Light,Core,F4_Spectral,-0.1754116038614058,0.857142857142857,0.10714285714285714,0.4285714285714285,"{""session/domain"": ""recorded condition/domain; not an inferred session ID""}"
feature_bank_force_concat_core_calibration_validation_20260915,error_complementarity.csv,87,2302b21c10d498ef5655e833376030d57f88742d6ef8b51199dbd3f86f0ae3e7,libemg_contraction_intensity,7,Light,Core,F5_Temporal,0.7071067811865476,0.3571428571428571,0.0,0.10714285714285714,"{""session/domain"": ""recorded condition/domain; not an inferred session ID""}"
feature_bank_force_concat_core_calibration_validation_20260915,error_complementarity.csv,88,56e7bcdab08c3426d36e84b33a0775cb8472d2ceb6724a5ad1862fc27e91e065,libemg_contraction_intensity,7,Light,Core,F9_Quality,0.5330017908890261,0.4642857142857142,0.03571428571428571,0.10714285714285714,"{""session/domain"": ""recorded condition/domain; not an inferred session ID""}"
feature_bank_force_concat_core_calibration_validation_20260915,error_complementarity.csv,89,bd2b09ca6f16461bdf2f59453a726b481e6e173b9e95fd74db44571d6f03f6e4,libemg_contraction_intensity,7,Medium,Core,F3_Ring,0.7174348320524658,0.39285714285714285,0.10714285714285714,0.03571428571428571,"{""session/domain"": ""recorded condition/domain; not an inferred session ID""}"
feature_bank_force_concat_core_calibration_validation_20260915,error_complementarity.csv,90,d011f04df8bd02cb687fa260d1e52209823660d60e2fb2f346d34de294c14317,libemg_contraction_intensity,7,Medium,Core,F4_Spectral,0.5708058152826189,0.4999999999999999,0.14285714285714285,0.07142857142857142,"{""session/domain"": ""recorded condition/domain; not an inferred session ID""}"
feature_bank_force_concat_core_calibration_validation_20260915,error_complementarity.csv,91,4c2f2b944e7fcd5d87f9fff33eb187380b716e27dfc1b5ab5e67ccd2482b0040,libemg_contraction_intensity,7,Medium,Core,F5_Temporal,0.7855533190649866,0.5714285714285713,0.07142857142857142,0.03571428571428571,"{""session/domain"": ""recorded condition/domain; not an inferred session ID""}"
feature_bank_force_concat_core_calibration_validation_20260915,error_complementarity.csv,92,4b7806cdc06880b91380bd8268bd632d89742d6d319b3374179109575c2f71d8,libemg_contraction_intensity,7,Medium,Core,F9_Quality,0.9309493362512627,0.2857142857142857,0.0,0.03571428571428571,"{""session/domain"": ""recorded condition/domain; not an inferred session ID""}"
feature_bank_force_concat_core_calibration_validation_20260915,error_complementarity.csv,93,ca99dea1f071cce55c8ecd01b98aaa4f9b285d02d56f9f10c4fef40d53ec0430,libemg_contraction_intensity,7,Hard,Core,F3_Ring,0.027381336560563577,0.6071428571428571,0.3571428571428571,0.14285714285714285,"{""session/domain"": ""recorded condition/domain; not an inferred session ID""}"
feature_bank_force_concat_core_calibration_validation_20260915,error_complementarity.csv,94,9b5aeb26bc43d332c94c36d12f4b8f854feecf599cc990d7541755c66dd6588b,libemg_contraction_intensity,7,Hard,Core,F4_Spectral,0.6882472016116853,0.3571428571428571,0.17857142857142855,0.0,"{""session/domain"": ""recorded condition/domain; not an inferred session ID""}"
feature_bank_force_concat_core_calibration_validation_20260915,error_complementarity.csv,95,70757f643eaba0ae7f6ada1052805ad015992c220600902a6d1e516f34e680f3,libemg_contraction_intensity,7,Hard,Core,F5_Temporal,0.5353033790313109,0.4285714285714285,0.21428571428571425,0.03571428571428571,"{""session/domain"": ""recorded condition/domain; not an inferred session ID""}"
feature_bank_force_concat_core_calibration_validation_20260915,error_complementarity.csv,96,0f03624905231c834290c86dd96ed4947adbffcbb48cb3b52b5a4465331b298a,libemg_contraction_intensity,7,Hard,Core,F9_Quality,0.6882472016116854,0.3214285714285714,0.17857142857142855,0.0,"{""session/domain"": ""recorded condition/domain; not an inferred session ID""}"
feature_bank_force_concat_core_calibration_validation_20260915,error_complementarity.csv,97,60e408dec8e2a4da1dec83bc2a7b6d6c9e8fffde1c7502a18d4c66b3f12818f5,libemg_contraction_intensity,7,"{""source_condition"": ""Ramp""}",Core,F3_Ring,0.3785646739173576,0.5476190476190477,0.2312925170068027,0.08843537414965985,"{""session/domain"": ""run manifest evaluation domain""}"
feature_bank_force_concat_core_calibration_validation_20260915,error_complementarity.csv,98,bdf1a5ddaa095ef7b7dd241ff9d1ed2d98b6eeac65da8896011fc35b2e7f850d,libemg_contraction_intensity,7,"{""source_condition"": ""Ramp""}",Core,F4_Spectral,0.5108455128010676,0.4727891156462585,0.10544217687074829,0.13945578231292516,"{""session/domain"": ""run manifest evaluation domain""}"
feature_bank_force_concat_core_calibration_validation_20260915,error_complementarity.csv,99,2fbfad7aa34aa17b6a01be04481066398edfce553108d9f21a4406f4b3c09ab8,libemg_contraction_intensity,7,"{""source_condition"": ""Ramp""}",Core,F5_Temporal,0.5980581474171286,0.46258503401360546,0.13605442176870747,0.06802721088435373,"{""session/domain"": ""run manifest evaluation domain""}"
feature_bank_force_concat_core_calibration_validation_20260915,error_complementarity.csv,100,f646eb1dc91f72ffc4b5fbe1e26be524993424b803d50f7e0af151d8952eee75,libemg_contraction_intensity,7,"{""source_condition"": ""Ramp""}",Core,F9_Quality,0.5318459472016257,0.44217687074829926,0.19047619047619047,0.05442176870748299,"{""session/domain"": ""run manifest evaluation domain""}"
feature_bank_force_concat_core_calibration_validation_20260915,error_complementarity.csv,101,3ef6d76c80ea361cc2d849814f7eea06b0923eb1356e6296c8a4638407443b04,libemg_contraction_intensity,7,20P,Core,F3_Ring,0.5330017908890261,0.6785714285714285,0.03571428571428571,0.10714285714285714,"{""session/domain"": ""recorded condition/domain; not an inferred session ID""}"
feature_bank_force_concat_core_calibration_validation_20260915,error_complementarity.csv,102,89371130958caa2902e63cc6aa2d4d5c3b8cb9f744d9a4ddb76886627a715abb,libemg_contraction_intensity,7,20P,Core,F4_Spectral,-0.11941628680530646,0.7857142857142856,0.10714285714285714,0.35714285714285715,"{""session/domain"": ""recorded condition/domain; not an inferred session ID""}"
feature_bank_force_concat_core_calibration_validation_20260915,error_complementarity.csv,103,821b7a26db7ffe4aa9258689ffcbb49616a342d3c5e98ff385e6bf1550483e96,libemg_contraction_intensity,7,20P,Core,F5_Temporal,0.7817359599705717,0.3928571428571428,0.0,0.07142857142857142,"{""session/domain"": ""recorded condition/domain; not an inferred session ID""}"
feature_bank_force_concat_core_calibration_validation_20260915,error_complementarity.csv,104,f75a5f460eb2827a24bdfb5b48ec115321a801b0d043b2c1e0872382e8b7a4f9,libemg_contraction_intensity,7,20P,Core,F9_Quality,0.8755950357709131,0.3928571428571428,0.0,0.03571428571428571,"{""session/domain"": ""recorded condition/domain; not an inferred session ID""}"
feature_bank_force_concat_core_calibration_validation_20260915,error_complementarity.csv,105,ca4acc8089ae65064f5579a2ce3fa52a5e41afb639a287fe4559f8acfc66e672,libemg_contraction_intensity,7,30P,Core,F3_Ring,0.48566186425718266,0.5714285714285714,0.07142857142857142,0.14285714285714285,"{""session/domain"": ""recorded condition/domain; not an inferred session ID""}"
feature_bank_force_concat_core_calibration_validation_20260915,error_complementarity.csv,106,296093c641479b7defe7b2f260d5cfbc3872327e64fd4a51f991ec26739d45db,libemg_contraction_intensity,7,30P,Core,F4_Spectral,0.33333333333333326,0.6428571428571428,0.03571428571428571,0.3571428571428571,"{""session/domain"": ""recorded condition/domain; not an inferred session ID""}"
feature_bank_force_concat_core_calibration_validation_20260915,error_complementarity.csv,107,e18a9fde44d483a172e61328114ef53bcbc25c795cb1094afc4b848b1815913c,libemg_contraction_intensity,7,30P,Core,F5_Temporal,0.6024640760767092,0.46428571428571425,0.03571428571428571,0.14285714285714285,"{""session/domain"": ""recorded condition/domain; not an inferred session ID""}"
feature_bank_force_concat_core_calibration_validation_20260915,error_complementarity.csv,108,032f072b2ce668a4f72e74a5f91055e1d0a6a703ccb304b7f5cef2095bf294c7,libemg_contraction_intensity,7,30P,Core,F9_Quality,0.3333333333333333,0.5714285714285714,0.07142857142857142,0.25,"{""session/domain"": ""recorded condition/domain; not an inferred session ID""}"
feature_bank_force_concat_core_calibration_validation_20260915,error_complementarity.csv,109,8ba3050bb46509bc2da687891ca39e04fabfd706c19aa85cc66c08e961978fe4,libemg_contraction_intensity,7,40P,Core,F3_Ring,0.5168113941217017,0.4285714285714285,0.17857142857142855,0.07142857142857142,"{""session/domain"": ""recorded condition/domain; not an inferred session ID""}"
feature_bank_force_concat_core_calibration_validation_20260915,error_complementarity.csv,110,07a0ead22f24562e6d9c174ceeaa53bb8ef6e2ce6f63ea24db640c1fb3a21c88,libemg_contraction_intensity,7,40P,Core,F4_Spectral,0.49613893835683387,0.4285714285714285,0.14285714285714285,0.10714285714285714,"{""session/domain"": ""recorded condition/domain; not an inferred session ID""}"
feature_bank_force_concat_core_calibration_validation_20260915,error_complementarity.csv,111,c0af6b420c432fc8ca3af69d0a947f3080144fd20fcba6f6f0e77b7006f87bea,libemg_contraction_intensity,7,40P,Core,F5_Temporal,0.22739701341354873,0.6428571428571428,0.25,0.14285714285714285,"{""session/domain"": ""recorded condition/domain; not an inferred session ID""}"
feature_bank_force_concat_core_calibration_validation_20260915,error_complementarity.csv,112,50d1eab815085cac675d89180f3abd1c6e73432c323546b263177b8b5e8a9953,libemg_contraction_intensity,7,40P,Core,F9_Quality,0.37210420376762526,0.46428571428571425,0.21428571428571427,0.10714285714285714,"{""session/domain"": ""recorded condition/domain; not an inferred session ID""}"
feature_bank_force_concat_core_calibration_validation_20260915,error_complementarity.csv,113,5fcfd165022f659b24859e6f303ac572012c7677c2eb3c8899de1d2af82ba503,libemg_contraction_intensity,7,50P,Core,F3_Ring,0.512989176042577,0.5714285714285714,0.3214285714285714,0.0,"{""session/domain"": ""recorded condition/domain; not an inferred session ID""}"
feature_bank_force_concat_core_calibration_validation_20260915,error_complementarity.csv,114,6aa016aaf23f038d79a7a9d22bb461c54e74aa1fee4be32b0a420990148e7c88,libemg_contraction_intensity,7,50P,Core,F4_Spectral,0.6511878254740209,0.4285714285714285,0.14285714285714285,0.03571428571428571,"{""session/domain"": ""recorded condition/domain; not an inferred session ID""}"
feature_bank_force_concat_core_calibration_validation_20260915,error_complementarity.csv,115,22293d030ad33e158af02321fc0ce8b383bb8da61be8c079e96e92ad18112c98,libemg_contraction_intensity,7,50P,Core,F5_Temporal,0.39498277938588156,0.5357142857142856,0.25,0.07142857142857142,"{""session/domain"": ""recorded condition/domain; not an inferred session ID""}"
feature_bank_force_concat_core_calibration_validation_20260915,error_complementarity.csv,116,f4822c6ff7afa9e56aa2aa059fda5f24e4a8e6c1bab5dbe12111b13dfa997f88,libemg_contraction_intensity,7,50P,Core,F9_Quality,0.44694779244794786,0.3571428571428571,0.2857142857142857,0.03571428571428571,"{""session/domain"": ""recorded condition/domain; not an inferred session ID""}"
feature_bank_force_concat_core_calibration_validation_20260915,error_complementarity.csv,117,3fd8b631d20e1455a927e6073f7e8affcd5a09ff68eb29c86103af9d1d16d488,libemg_contraction_intensity,7,60P,Core,F3_Ring,0.3879701448994927,0.3928571428571428,0.3214285714285714,0.03571428571428571,"{""session/domain"": ""recorded condition/domain; not an inferred session ID""}"
feature_bank_force_concat_core_calibration_validation_20260915,error_complementarity.csv,118,6dd08b1123d301695c699b1eeeb8b4a80f1d9ccb76345ac8bbb814822a364b6d,libemg_contraction_intensity,7,60P,Core,F4_Spectral,0.848528137423857,0.24999999999999994,0.07142857142857142,0.0,"{""session/domain"": ""recorded condition/domain; not an inferred session ID""}"
feature_bank_force_concat_core_calibration_validation_20260915,error_complementarity.csv,119,aa3365c3b6d3d7074556da6a5562bba66bbe373f2fb48d701c2eb43bfe7ecc96,libemg_contraction_intensity,7,60P,Core,F5_Temporal,0.6793662204867575,0.3928571428571428,0.17857142857142855,0.0,"{""session/domain"": ""recorded condition/domain; not an inferred session ID""}"
feature_bank_force_concat_core_calibration_validation_20260915,error_complementarity.csv,120,893094deb0e5b9a6537789b62e4a768d2d4bf8958ade1f032f2455577722923e,libemg_contraction_intensity,7,60P,Core,F9_Quality,0.4714045207910317,0.3928571428571428,0.3571428571428571,0.0,"{""session/domain"": ""recorded condition/domain; not an inferred session ID""}"
feature_bank_force_concat_core_calibration_validation_20260915,error_complementarity.csv,121,ff237d47da0224baeb649a628a9e5616886a9b32910095626d839b16661ac335,libemg_contraction_intensity,7,70P,Core,F3_Ring,0.1132277034144596,0.4999999999999999,0.3571428571428571,0.10714285714285714,"{""session/domain"": ""recorded condition/domain; not an inferred session ID""}"
feature_bank_force_concat_core_calibration_validation_20260915,error_complementarity.csv,122,422bf75577acf30b788ffeaf5f6e6a63d47a918d6398dee85cc8f748f5eb50cf,libemg_contraction_intensity,7,70P,Core,F4_Spectral,0.65,0.24999999999999994,0.07142857142857142,0.07142857142857142,"{""session/domain"": ""recorded condition/domain; not an inferred session ID""}"
feature_bank_force_concat_core_calibration_validation_20260915,error_complementarity.csv,123,1b725f720664c8591f6b6b5357aa3b3539617502f9ed92e0b1bc6f80461ae53f,libemg_contraction_intensity,7,70P,Core,F5_Temporal,0.570544330734548,0.4285714285714285,0.17857142857142855,0.03571428571428571,"{""session/domain"": ""recorded condition/domain; not an inferred session ID""}"
feature_bank_force_concat_core_calibration_validation_20260915,error_complementarity.csv,124,37b7d317399827c41a9ed293a2fb093ecbd067bfed55f53f23d0c69d6d20a9b7,libemg_contraction_intensity,7,70P,Core,F9_Quality,0.4714045207910317,0.4999999999999999,0.3571428571428571,0.0,"{""session/domain"": ""recorded condition/domain; not an inferred session ID""}"
feature_bank_force_concat_core_calibration_validation_20260915,error_complementarity.csv,125,2450efd44f5eb3b22aa36acca148294a76ef308c9a88831169043fdf09581c85,libemg_contraction_intensity,7,80P,Core,F3_Ring,0.09673016668133488,0.7142857142857142,0.46428571428571425,0.07142857142857142,"{""session/domain"": ""recorded condition/domain; not an inferred session ID""}"
feature_bank_force_concat_core_calibration_validation_20260915,error_complementarity.csv,126,3a6371fdfa77bda51cf4607815c6f5519599e30d7d73a331f64e52c012cc081c,libemg_contraction_intensity,7,80P,Core,F4_Spectral,0.9189365834726816,0.24999999999999994,0.03571428571428571,0.0,"{""session/domain"": ""recorded condition/domain; not an inferred session ID""}"
feature_bank_force_concat_core_calibration_validation_20260915,error_complementarity.csv,127,3e882f704f4e2cdd9816044d318330c9a687d052cbcec3dc52cd8db0097015fe,libemg_contraction_intensity,7,80P,Core,F5_Temporal,0.570544330734548,0.4285714285714285,0.17857142857142855,0.03571428571428571,"{""session/domain"": ""recorded condition/domain; not an inferred session ID""}"
feature_bank_force_concat_core_calibration_validation_20260915,error_complementarity.csv,128,75c431336dfdb617f7f5bf0e9f3ce65877ee91b0316e1c5e91a94c6b643a77e7,libemg_contraction_intensity,7,80P,Core,F9_Quality,0.4714045207910317,0.6071428571428571,0.3571428571428571,0.0,"{""session/domain"": ""recorded condition/domain; not an inferred session ID""}"
feature_bank_force_concat_core_calibration_validation_20260915,error_complementarity.csv,129,abd847cec962479bc0b291f280d2904d0726cd1b2a3966ff43caced7ddeabf44,libemg_contraction_intensity,7,MVC,Core,F3_Ring,0.0,0.7142857142857142,0.2857142857142857,0.21428571428571427,"{""session/domain"": ""recorded condition/domain; not an inferred session ID""}"
feature_bank_force_concat_core_calibration_validation_20260915,error_complementarity.csv,130,3956a3e42dbe51eedbedcb405c8135be2c6b3729b171202f697b40f65377b751,libemg_contraction_intensity,7,MVC,Core,F4_Spectral,0.5773502691896258,0.4285714285714285,0.14285714285714285,0.07142857142857142,"{""session/domain"": ""recorded condition/domain; not an inferred session ID""}"
feature_bank_force_concat_core_calibration_validation_20260915,error_complementarity.csv,131,f9bded5759ada09208de16bbd2b9afd4b41ce64a2060b2486692c35e0efe34cf,libemg_contraction_intensity,7,MVC,Core,F5_Temporal,0.5773502691896258,0.4285714285714285,0.14285714285714285,0.07142857142857142,"{""session/domain"": ""recorded condition/domain; not an inferred session ID""}"
feature_bank_force_concat_core_calibration_validation_20260915,error_complementarity.csv,132,83aad12b0688cd285c01062e16463cb7c020a83bec9400504352e7ddff667d66,libemg_contraction_intensity,7,MVC,Core,F9_Quality,0.5477225575051662,0.5714285714285713,0.2857142857142857,0.0,"{""session/domain"": ""recorded condition/domain; not an inferred session ID""}"
feature_bank_force_concat_core_calibration_validation_20260915,error_complementarity.csv,133,ca292b4ee8ad303eec18a76630cf19dd5ca077d9b2c03af0c6d0e42f498c2517,libemg_contraction_intensity,7,Light,Core,F3_Ring,0.3426241444320965,0.5357142857142857,0.07142857142857142,0.10714285714285714,"{""session/domain"": ""recorded condition/domain; not an inferred session ID""}"
feature_bank_force_concat_core_calibration_validation_20260915,error_complementarity.csv,134,16e5c8a46c7e93905fc93921a794ed72f29bba5d5657aad33e4764fd5d2ec180,libemg_contraction_intensity,7,Light,Core,F4_Spectral,-0.1754116038614058,0.857142857142857,0.10714285714285714,0.4285714285714285,"{""session/domain"": ""recorded condition/domain; not an inferred session ID""}"
feature_bank_force_concat_core_calibration_validation_20260915,error_complementarity.csv,135,2f39c619a014fff3278089c75e99fc6b4568f7924a74e0293f5ea12f93052da0,libemg_contraction_intensity,7,Light,Core,F5_Temporal,0.7071067811865476,0.3571428571428571,0.0,0.10714285714285714,"{""session/domain"": ""recorded condition/domain; not an inferred session ID""}"
feature_bank_force_concat_core_calibration_validation_20260915,error_complementarity.csv,136,258be7faa75b5dc1740e0a546e7080610ff72199c623601428aee710b1719989,libemg_contraction_intensity,7,Light,Core,F9_Quality,0.5330017908890261,0.4642857142857142,0.03571428571428571,0.10714285714285714,"{""session/domain"": ""recorded condition/domain; not an inferred session ID""}"
feature_bank_force_concat_core_calibration_validation_20260915,error_complementarity.csv,137,73bc7bc019861677ddb2606ad9a2f14e5743473c83accab17c453a28a9eb2656,libemg_contraction_intensity,7,Medium,Core,F3_Ring,0.7174348320524658,0.39285714285714285,0.10714285714285714,0.03571428571428571,"{""session/domain"": ""recorded condition/domain; not an inferred session ID""}"
feature_bank_force_concat_core_calibration_validation_20260915,error_complementarity.csv,138,f2670dd68e9a982e77a488ebb74f4c2ff69ec58f6813904ad1343e1636d509f7,libemg_contraction_intensity,7,Medium,Core,F4_Spectral,0.5708058152826189,0.4999999999999999,0.14285714285714285,0.07142857142857142,"{""session/domain"": ""recorded condition/domain; not an inferred session ID""}"
feature_bank_force_concat_core_calibration_validation_20260915,error_complementarity.csv,139,8a3fcfb8cc8187d7b5f97dd452c6cb317b1eb341c1fb3d387559fa1668dcbf76,libemg_contraction_intensity,7,Medium,Core,F5_Temporal,0.7855533190649866,0.5714285714285713,0.07142857142857142,0.03571428571428571,"{""session/domain"": ""recorded condition/domain; not an inferred session ID""}"
feature_bank_force_concat_core_calibration_validation_20260915,error_complementarity.csv,140,acc9636c1f04d4b0659dc64586a5fc0fe8b3208ba0710e8620acee0dba469367,libemg_contraction_intensity,7,Medium,Core,F9_Quality,0.9309493362512627,0.2857142857142857,0.0,0.03571428571428571,"{""session/domain"": ""recorded condition/domain; not an inferred session ID""}"
feature_bank_force_concat_core_calibration_validation_20260915,error_complementarity.csv,141,25a8bf1d1bb42521e2426ff7cbb5dcf0c7ba039c00fca33d1bad39c311718132,libemg_contraction_intensity,7,Hard,Core,F3_Ring,0.027381336560563577,0.6071428571428571,0.3571428571428571,0.14285714285714285,"{""session/domain"": ""recorded condition/domain; not an inferred session ID""}"
feature_bank_force_concat_core_calibration_validation_20260915,error_complementarity.csv,142,1a524c3cd139ec42ed3415fb4de406fc54558cfed473d5ef4bf096c24fcdf8fe,libemg_contraction_intensity,7,Hard,Core,F4_Spectral,0.6882472016116853,0.3571428571428571,0.17857142857142855,0.0,"{""session/domain"": ""recorded condition/domain; not an inferred session ID""}"
feature_bank_force_concat_core_calibration_validation_20260915,error_complementarity.csv,143,33c8d2736fbcd5a82a5cbfb16ea619f2ae9424bdbc9013258ef48f85443d0984,libemg_contraction_intensity,7,Hard,Core,F5_Temporal,0.5353033790313109,0.4285714285714285,0.21428571428571425,0.03571428571428571,"{""session/domain"": ""recorded condition/domain; not an inferred session ID""}"
feature_bank_force_concat_core_calibration_validation_20260915,error_complementarity.csv,144,2c7ad5413b919466d304354a52a25e9103f684fa15453670eec0a9619ea0b981,libemg_contraction_intensity,7,Hard,Core,F9_Quality,0.6882472016116854,0.3214285714285714,0.17857142857142855,0.0,"{""session/domain"": ""recorded condition/domain; not an inferred session ID""}"
feature_bank_force_concat_core_calibration_validation_20260915,error_complementarity.csv,145,c49c247ea1c8e0662d635b51350cd920101c082a8376c5b8ef2297941bcef5e7,libemg_contraction_intensity,7,"{""source_condition"": ""Ramp""}",Core,F3_Ring,0.37888150380527436,0.5476190476190477,0.227891156462585,0.09183673469387754,"{""session/domain"": ""run manifest evaluation domain""}"
feature_bank_force_concat_core_calibration_validation_20260915,error_complementarity.csv,146,52cf2e6a37276efa8458b553a0ef11a9f701acbfc8dd8e002871500f10e6d74f,libemg_contraction_intensity,7,"{""source_condition"": ""Ramp""}",Core,F4_Spectral,0.4967711344966755,0.4659863945578231,0.10544217687074829,0.14625850340136054,"{""session/domain"": ""run manifest evaluation domain""}"
feature_bank_force_concat_core_calibration_validation_20260915,error_complementarity.csv,147,681abd2eafea42d74b4503738b34bc68853bfb1188ebe2de84a7723a1fe3a7ea,libemg_contraction_intensity,7,"{""source_condition"": ""Ramp""}",Core,F5_Temporal,0.6184776579631818,0.4489795918367347,0.12925170068027209,0.06462585034013606,"{""session/domain"": ""run manifest evaluation domain""}"
feature_bank_force_concat_core_calibration_validation_20260915,error_complementarity.csv,148,665a343313a60b5115ecc3325feb946c2aabddf05796a1158a2ad64524354216,libemg_contraction_intensity,7,"{""source_condition"": ""Ramp""}",Core,F9_Quality,0.5290049966819658,0.4353741496598639,0.18367346938775508,0.06122448979591836,"{""session/domain"": ""run manifest evaluation domain""}"
feature_bank_force_concat_core_calibration_validation_20260915,error_complementarity.csv,149,65edd515e35ad7a6a5396e680c0f74d3b51892b31b14672b4500da5ea49a8b83,libemg_contraction_intensity,7,20P,Core,F3_Ring,0.5330017908890261,0.6428571428571428,0.03571428571428571,0.10714285714285714,"{""session/domain"": ""recorded condition/domain; not an inferred session ID""}"
feature_bank_force_concat_core_calibration_validation_20260915,error_complementarity.csv,150,3d356a95a55f4de63bc4db1e935308a8a0e6fc8e7892441ea59d3ac2abff8704,libemg_contraction_intensity,7,20P,Core,F4_Spectral,-0.11941628680530646,0.7857142857142856,0.10714285714285714,0.35714285714285715,"{""session/domain"": ""recorded condition/domain; not an inferred session ID""}"
feature_bank_force_concat_core_calibration_validation_20260915,error_complementarity.csv,151,257d41b860a334f0ca4f62399daa1abc3089ed7d1747acc5195960db04035ed8,libemg_contraction_intensity,7,20P,Core,F5_Temporal,0.7817359599705717,0.3928571428571428,0.0,0.07142857142857142,"{""session/domain"": ""recorded condition/domain; not an inferred session ID""}"
feature_bank_force_concat_core_calibration_validation_20260915,error_complementarity.csv,152,376cfc343b5c029d3744047e6589356912c0d590bd1fa9f5112d52d43b5a8b46,libemg_contraction_intensity,7,20P,Core,F9_Quality,0.8755950357709131,0.3571428571428571,0.0,0.03571428571428571,"{""session/domain"": ""recorded condition/domain; not an inferred session ID""}"
feature_bank_force_concat_core_calibration_validation_20260915,error_complementarity.csv,153,2e13cb0fda03f84dfe2b8fbdf4673772ef8229bbe0da562da102f25d4cb20a45,libemg_contraction_intensity,7,30P,Core,F3_Ring,0.48566186425718266,0.5714285714285714,0.07142857142857142,0.14285714285714285,"{""session/domain"": ""recorded condition/domain; not an inferred session ID""}"
feature_bank_force_concat_core_calibration_validation_20260915,error_complementarity.csv,154,e9b19667f85218552e5c07f8be1b27801e1d634734e77b55ac49f5282f64754d,libemg_contraction_intensity,7,30P,Core,F4_Spectral,0.33333333333333326,0.6428571428571428,0.03571428571428571,0.3571428571428571,"{""session/domain"": ""recorded condition/domain; not an inferred session ID""}"
feature_bank_force_concat_core_calibration_validation_20260915,error_complementarity.csv,155,199baa5baaee0d41c59784774444be2097988f180026ed83c96cd5a2efc934df,libemg_contraction_intensity,7,30P,Core,F5_Temporal,0.6024640760767092,0.46428571428571425,0.03571428571428571,0.14285714285714285,"{""session/domain"": ""recorded condition/domain; not an inferred session ID""}"
feature_bank_force_concat_core_calibration_validation_20260915,error_complementarity.csv,156,0c61a566e42b9eace9c46d14337c602f83b7de1b6eef4151b30d19b0bd706535,libemg_contraction_intensity,7,30P,Core,F9_Quality,0.3333333333333333,0.5714285714285714,0.07142857142857142,0.25,"{""session/domain"": ""recorded condition/domain; not an inferred session ID""}"
feature_bank_force_concat_core_calibration_validation_20260915,error_complementarity.csv,157,3ae3135c3d81f320b6a93d6451155ad723e01564d549153433300805a54e8263,libemg_contraction_intensity,7,40P,Core,F3_Ring,0.4961389383568338,0.4285714285714285,0.14285714285714285,0.10714285714285714,"{""session/domain"": ""recorded condition/domain; not an inferred session ID""}"
feature_bank_force_concat_core_calibration_validation_20260915,error_complementarity.csv,158,74ea1df4c1d5102798d9077d6acbcab0b9899d4156225ad268096a64a7b86763,libemg_contraction_intensity,7,40P,Core,F4_Spectral,0.41666666666666663,0.4285714285714285,0.14285714285714285,0.14285714285714285,"{""session/domain"": ""recorded condition/domain; not an inferred session ID""}"
feature_bank_force_concat_core_calibration_validation_20260915,error_complementarity.csv,159,67c843d4f8710d35f70dbdf5ef24de82eb2bf5d9770f22d2d74e6f7fb0c49443,libemg_contraction_intensity,7,40P,Core,F5_Temporal,0.22739701341354873,0.6428571428571428,0.25,0.14285714285714285,"{""session/domain"": ""recorded condition/domain; not an inferred session ID""}"
feature_bank_force_concat_core_calibration_validation_20260915,error_complementarity.csv,160,41657be0c507ae13a7218834e547d290ef3e885e515ebce166991131b3bb903d,libemg_contraction_intensity,7,40P,Core,F9_Quality,0.2886751345948129,0.46428571428571425,0.21428571428571427,0.14285714285714285,"{""session/domain"": ""recorded condition/domain; not an inferred session ID""}"
feature_bank_force_concat_core_calibration_validation_20260915,error_complementarity.csv,161,34f7b822618ed89f7aafb0a82ac2cbf98f7c22d1bbcb7d2a71b821f28b0ba87d,libemg_contraction_intensity,7,50P,Core,F3_Ring,0.4736842105263156,0.5714285714285714,0.35714285714285715,0.0,"{""session/domain"": ""recorded condition/domain; not an inferred session ID""}"
feature_bank_force_concat_core_calibration_validation_20260915,error_complementarity.csv,162,1cbc020d7c345de88df66a6135edde9edc71f46364d12f3656fa88358d46f7f2,libemg_contraction_intensity,7,50P,Core,F4_Spectral,0.5859606023960601,0.4285714285714285,0.17857142857142855,0.03571428571428571,"{""session/domain"": ""recorded condition/domain; not an inferred session ID""}"
feature_bank_force_concat_core_calibration_validation_20260915,error_complementarity.csv,163,48232e3595d4b7c4efef4b6e61472b43052992f37606dc36208521825e4bf965,libemg_contraction_intensity,7,50P,Core,F5_Temporal,0.5353033790313109,0.4642857142857142,0.21428571428571425,0.03571428571428571,"{""session/domain"": ""recorded condition/domain; not an inferred session ID""}"
feature_bank_force_concat_core_calibration_validation_20260915,error_complementarity.csv,164,bffe8218b8e19b50748f59168f205d008280e99f37fecbb02e23ed2d53660653,libemg_contraction_intensity,7,50P,Core,F9_Quality,0.4415107856883479,0.3571428571428571,0.2857142857142857,0.03571428571428571,"{""session/domain"": ""recorded condition/domain; not an inferred session ID""}"
feature_bank_force_concat_core_calibration_validation_20260915,error_complementarity.csv,165,68603bb91ebb4452a752250535147bfc1a1e8b7537f4ffb0ecff9f5865fa00cb,libemg_contraction_intensity,7,60P,Core,F3_Ring,0.3879701448994927,0.3928571428571428,0.3214285714285714,0.03571428571428571,"{""session/domain"": ""recorded condition/domain; not an inferred session ID""}"
feature_bank_force_concat_core_calibration_validation_20260915,error_complementarity.csv,166,7db2b0ef11b0101e38598c676c664f9de8e0bf4062394f78e288b51da8f4df99,libemg_contraction_intensity,7,60P,Core,F4_Spectral,0.7496587917803454,0.24999999999999994,0.07142857142857142,0.03571428571428571,"{""session/domain"": ""recorded condition/domain; not an inferred session ID""}"
feature_bank_force_concat_core_calibration_validation_20260915,error_complementarity.csv,167,e7ceeb8405c5a859a618a6f59400147bae6a9eb935f8bc3de0108b1603830c2e,libemg_contraction_intensity,7,60P,Core,F5_Temporal,0.7302967433402214,0.3571428571428571,0.14285714285714285,0.0,"{""session/domain"": ""recorded condition/domain; not an inferred session ID""}"
feature_bank_force_concat_core_calibration_validation_20260915,error_complementarity.csv,168,c20308777015a015cb0f0457fe003d612b65eb9e1182899f84415a4df2e40d97,libemg_contraction_intensity,7,60P,Core,F9_Quality,0.4714045207910317,0.3928571428571428,0.3571428571428571,0.0,"{""session/domain"": ""recorded condition/domain; not an inferred session ID""}"
feature_bank_force_concat_core_calibration_validation_20260915,error_complementarity.csv,169,f3335ac33184da0032d2041e0833c06d037fedbd9b7186913d6777ea00cecb36,libemg_contraction_intensity,7,70P,Core,F3_Ring,0.1132277034144596,0.5714285714285713,0.3571428571428571,0.10714285714285714,"{""session/domain"": ""recorded condition/domain; not an inferred session ID""}"
feature_bank_force_concat_core_calibration_validation_20260915,error_complementarity.csv,170,b68fe69cc18f5660999eb574232316acb8fc849ebf75d7ccf0d9fcf637f446cd,libemg_contraction_intensity,7,70P,Core,F4_Spectral,0.65,0.24999999999999994,0.07142857142857142,0.07142857142857142,"{""session/domain"": ""recorded condition/domain; not an inferred session ID""}"
feature_bank_force_concat_core_calibration_validation_20260915,error_complementarity.csv,171,32271bd6cbcd4ad845870443c638581d1d9cee6b1b5dfbdd6f8190f370f707a8,libemg_contraction_intensity,7,70P,Core,F5_Temporal,0.6243713415848885,0.3928571428571428,0.14285714285714285,0.03571428571428571,"{""session/domain"": ""recorded condition/domain; not an inferred session ID""}"
feature_bank_force_concat_core_calibration_validation_20260915,error_complementarity.csv,172,e45db081cd12c0fea86484ac0a46601ca8543fcc7dbac7b89c41f0375442b681,libemg_contraction_intensity,7,70P,Core,F9_Quality,0.3879701448994927,0.4999999999999999,0.3214285714285714,0.03571428571428571,"{""session/domain"": ""recorded condition/domain; not an inferred session ID""}"
feature_bank_force_concat_core_calibration_validation_20260915,error_complementarity.csv,173,5312bc3c9c7b3a8f25e4b0b2fd927bac78e1847ed30d54e549709aec47b8a402,libemg_contraction_intensity,7,80P,Core,F3_Ring,0.14142135623730953,0.6785714285714285,0.42857142857142855,0.07142857142857142,"{""session/domain"": ""recorded condition/domain; not an inferred session ID""}"
feature_bank_force_concat_core_calibration_validation_20260915,error_complementarity.csv,174,90f5dd1a685d0640be6f3e5bf0dd12195c519338e063052f3f1e4931e6c1fd23,libemg_contraction_intensity,7,80P,Core,F4_Spectral,0.9189365834726816,0.24999999999999994,0.03571428571428571,0.0,"{""session/domain"": ""recorded condition/domain; not an inferred session ID""}"
feature_bank_force_concat_core_calibration_validation_20260915,error_complementarity.csv,175,bf2b113c304e613638b2d5ae76c95420880bce0825763524ae94e72335f51acf,libemg_contraction_intensity,7,80P,Core,F5_Temporal,0.570544330734548,0.4285714285714285,0.17857142857142855,0.03571428571428571,"{""session/domain"": ""recorded condition/domain; not an inferred session ID""}"
feature_bank_force_concat_core_calibration_validation_20260915,error_complementarity.csv,176,4178729e412e260c53b268db33d80cd51ff00b856b0e286c1e5f219b2b907dae,libemg_contraction_intensity,7,80P,Core,F9_Quality,0.5087470190691683,0.5714285714285713,0.3214285714285714,0.0,"{""session/domain"": ""recorded condition/domain; not an inferred session ID""}"
feature_bank_force_concat_core_calibration_validation_20260915,error_complementarity.csv,177,3b2efb2dc8ae55268e1436ec89db4a0605b8baab318e2808792d1ea901b87ea0,libemg_contraction_intensity,7,MVC,Core,F3_Ring,0.12500000000000006,0.6428571428571427,0.21428571428571427,0.21428571428571427,"{""session/domain"": ""recorded condition/domain; not an inferred session ID""}"
feature_bank_force_concat_core_calibration_validation_20260915,error_complementarity.csv,178,30294623d56fb6276c11a55a84fd1a243ee7d422a73400273e7b1a8f90f4abf5,libemg_contraction_intensity,7,MVC,Core,F4_Spectral,0.5773502691896258,0.4285714285714285,0.14285714285714285,0.07142857142857142,"{""session/domain"": ""recorded condition/domain; not an inferred session ID""}"
feature_bank_force_concat_core_calibration_validation_20260915,error_complementarity.csv,179,86dcfe5f371bead41eac39f5b382cee0b02d97a221d705cea369953dc84943da,libemg_contraction_intensity,7,MVC,Core,F5_Temporal,0.5773502691896258,0.4285714285714285,0.14285714285714285,0.07142857142857142,"{""session/domain"": ""recorded condition/domain; not an inferred session ID""}"
feature_bank_force_concat_core_calibration_validation_20260915,error_complementarity.csv,180,988c9271af8074d03929bea27557b3fd571c5a57add2023c5dfde2c227687160,libemg_contraction_intensity,7,MVC,Core,F9_Quality,0.6454972243679028,0.4999999999999999,0.21428571428571427,0.0,"{""session/domain"": ""recorded condition/domain; not an inferred session ID""}"
feature_bank_force_concat_core_calibration_validation_20260915,error_complementarity.csv,181,8a9218582ed93596176727e5d2a698f087191639305504d0698113cd009658b0,libemg_contraction_intensity,7,Light,Core,F3_Ring,0.3426241444320965,0.5357142857142857,0.07142857142857142,0.10714285714285714,"{""session/domain"": ""recorded condition/domain; not an inferred session ID""}"
feature_bank_force_concat_core_calibration_validation_20260915,error_complementarity.csv,182,be4c9258f9767f5f1569f4587304261447ec52ba95a9cf66fc3cecdbdca74f3d,libemg_contraction_intensity,7,Light,Core,F4_Spectral,-0.1754116038614058,0.857142857142857,0.10714285714285714,0.4285714285714285,"{""session/domain"": ""recorded condition/domain; not an inferred session ID""}"
feature_bank_force_concat_core_calibration_validation_20260915,error_complementarity.csv,183,1e2505dbd1329bb5b9ea3dbe3607446e7da6bccb6562e6e10b693064b7611b71,libemg_contraction_intensity,7,Light,Core,F5_Temporal,0.7071067811865476,0.3571428571428571,0.0,0.10714285714285714,"{""session/domain"": ""recorded condition/domain; not an inferred session ID""}"
feature_bank_force_concat_core_calibration_validation_20260915,error_complementarity.csv,184,715ec40eb1f10d0399e49966ea9b2a6625bea274851407922267cbc5b09eed94,libemg_contraction_intensity,7,Light,Core,F9_Quality,0.5330017908890261,0.4642857142857142,0.03571428571428571,0.10714285714285714,"{""session/domain"": ""recorded condition/domain; not an inferred session ID""}"
feature_bank_force_concat_core_calibration_validation_20260915,error_complementarity.csv,185,6b26c3556f4a07aa0aa69438cdca0491eec69fc782e923cdac64249de342add4,libemg_contraction_intensity,7,Medium,Core,F3_Ring,0.7174348320524658,0.39285714285714285,0.10714285714285714,0.03571428571428571,"{""session/domain"": ""recorded condition/domain; not an inferred session ID""}"
feature_bank_force_concat_core_calibration_validation_20260915,error_complementarity.csv,186,895ae4c1e833f11c14f4f2e2598fb6318a86835c23b512e6ffb38941b2a0ee50,libemg_contraction_intensity,7,Medium,Core,F4_Spectral,0.6408461287109102,0.4642857142857142,0.10714285714285714,0.07142857142857142,"{""session/domain"": ""recorded condition/domain; not an inferred session ID""}"
feature_bank_force_concat_core_calibration_validation_20260915,error_complementarity.csv,187,28ea14dd33212f374ba565612209d49b38cd5179089064167e7c89d24be91a73,libemg_contraction_intensity,7,Medium,Core,F5_Temporal,0.7855533190649866,0.5714285714285713,0.07142857142857142,0.03571428571428571,"{""session/domain"": ""recorded condition/domain; not an inferred session ID""}"
feature_bank_force_concat_core_calibration_validation_20260915,error_complementarity.csv,188,e1bffd5421dcc291b5af58844b5e707470a5b3ae4efa3e70bc6f76847610cf0c,libemg_contraction_intensity,7,Medium,Core,F9_Quality,0.9309493362512627,0.2857142857142857,0.0,0.03571428571428571,"{""session/domain"": ""recorded condition/domain; not an inferred session ID""}"
feature_bank_force_concat_core_calibration_validation_20260915,error_complementarity.csv,189,b7223a0b5d8ce35755d9a6af118afc2de759cf393470a30f72cae37eb50b2ec7,libemg_contraction_intensity,7,Hard,Core,F3_Ring,-0.045291081365783775,0.6428571428571427,0.3928571428571428,0.14285714285714285,"{""session/domain"": ""recorded condition/domain; not an inferred session ID""}"
feature_bank_force_concat_core_calibration_validation_20260915,error_complementarity.csv,190,4824e352636a92f04a6a38f0dbd96ea506f2c7cfc74d7154ad3864231fec78a0,libemg_contraction_intensity,7,Hard,Core,F4_Spectral,0.6793662204867575,0.3214285714285714,0.17857142857142855,0.0,"{""session/domain"": ""recorded condition/domain; not an inferred session ID""}"
feature_bank_force_concat_core_calibration_validation_20260915,error_complementarity.csv,191,5ba699bf19bb84494c719a1c1fce02a64e02788a69c12626820ed88b75026166,libemg_contraction_intensity,7,Hard,Core,F5_Temporal,0.4743416490252569,0.4285714285714285,0.25,0.03571428571428571,"{""session/domain"": ""recorded condition/domain; not an inferred session ID""}"
feature_bank_force_concat_core_calibration_validation_20260915,error_complementarity.csv,192,2057e5b8a203d812f28d8016c11751a8b27e1d25c331ced2b5a62931a6c94682,libemg_contraction_intensity,7,Hard,Core,F9_Quality,0.632455532033676,0.3571428571428571,0.21428571428571427,0.0,"{""session/domain"": ""recorded condition/domain; not an inferred session ID""}"
feature_bank_force_concat_core_calibration_validation_20260915,error_complementarity.csv,193,f108c985d865cb289fe29ea3be8956cea5a00babb298d2f890db46f41a9b5d86,libemg_contraction_intensity,7,"{""source_condition"": ""Ramp""}",Core,F3_Ring,0.3785646739173576,0.5476190476190477,0.2312925170068027,0.08843537414965985,"{""session/domain"": ""run manifest evaluation domain""}"
feature_bank_force_concat_core_calibration_validation_20260915,error_complementarity.csv,194,581a69e4237d13955fc4b465793fa96ffb78bd5fd93e5270132589815c3bf179,libemg_contraction_intensity,7,"{""source_condition"": ""Ramp""}",Core,F4_Spectral,0.5108455128010676,0.4727891156462585,0.10544217687074829,0.13945578231292516,"{""session/domain"": ""run manifest evaluation domain""}"
feature_bank_force_concat_core_calibration_validation_20260915,error_complementarity.csv,195,daaef25a1e0aaa869ef625c1df2dbb57ba8720a15aa0a971df45a564548ef921,libemg_contraction_intensity,7,"{""source_condition"": ""Ramp""}",Core,F5_Temporal,0.5980581474171286,0.46258503401360546,0.13605442176870747,0.06802721088435373,"{""session/domain"": ""run manifest evaluation domain""}"
feature_bank_force_concat_core_calibration_validation_20260915,error_complementarity.csv,196,0efa0dc5622b22c2a4360ca9fc902b718b3ec32bd3f078e62627797c78c3b290,libemg_contraction_intensity,7,"{""source_condition"": ""Ramp""}",Core,F9_Quality,0.5318459472016257,0.44217687074829926,0.19047619047619047,0.05442176870748299,"{""session/domain"": ""run manifest evaluation domain""}"
feature_bank_force_concat_core_calibration_validation_20260915,error_complementarity.csv,197,6459bc78c2710d7492051d311a09cd82a8c2ede898a8257f57cb5aa47e265db8,libemg_contraction_intensity,7,20P,Core,F3_Ring,0.5330017908890261,0.6785714285714285,0.03571428571428571,0.10714285714285714,"{""session/domain"": ""recorded condition/domain; not an inferred session ID""}"
feature_bank_force_concat_core_calibration_validation_20260915,error_complementarity.csv,198,73995da972b2483985baffb71bafd4744003c98661bc18a919e219d3dd790f3d,libemg_contraction_intensity,7,20P,Core,F4_Spectral,-0.11941628680530646,0.7857142857142856,0.10714285714285714,0.35714285714285715,"{""session/domain"": ""recorded condition/domain; not an inferred session ID""}"
feature_bank_force_concat_core_calibration_validation_20260915,error_complementarity.csv,199,72064a97c4fc3ba0aaa57812e9885a853a3492e6b4e17280bd06a199e18ec5f4,libemg_contraction_intensity,7,20P,Core,F5_Temporal,0.7817359599705717,0.3928571428571428,0.0,0.07142857142857142,"{""session/domain"": ""recorded condition/domain; not an inferred session ID""}"
feature_bank_force_concat_core_calibration_validation_20260915,error_complementarity.csv,200,99a653db5c9cb9acc72eed1fc09afc6d969c3327bcaa8edd64bc5fd6d4987f70,libemg_contraction_intensity,7,20P,Core,F9_Quality,0.8755950357709131,0.3928571428571428,0.0,0.03571428571428571,"{""session/domain"": ""recorded condition/domain; not an inferred session ID""}"
feature_bank_force_concat_core_calibration_validation_20260915,error_complementarity.csv,201,4f8d7834f86b67986b46db48ff42ed1c88e57857dcfea2257c315ce7cad73b86,libemg_contraction_intensity,7,30P,Core,F3_Ring,0.48566186425718266,0.5714285714285714,0.07142857142857142,0.14285714285714285,"{""session/domain"": ""recorded condition/domain; not an inferred session ID""}"
feature_bank_force_concat_core_calibration_validation_20260915,error_complementarity.csv,202,2c85489166e87536130aed9b62840f7e91d922fd458fafbf590575993eb70f64,libemg_contraction_intensity,7,30P,Core,F4_Spectral,0.33333333333333326,0.6428571428571428,0.03571428571428571,0.3571428571428571,"{""session/domain"": ""recorded condition/domain; not an inferred session ID""}"
feature_bank_force_concat_core_calibration_validation_20260915,error_complementarity.csv,203,a9a27e6504d8a47bd8f5774ace408f6e220dfba7620f776df494396276e23aab,libemg_contraction_intensity,7,30P,Core,F5_Temporal,0.6024640760767092,0.46428571428571425,0.03571428571428571,0.14285714285714285,"{""session/domain"": ""recorded condition/domain; not an inferred session ID""}"
feature_bank_force_concat_core_calibration_validation_20260915,error_complementarity.csv,204,476332a154448ddd981b83ccd488b8245d5f34b811904275adb9c86d29ad7693,libemg_contraction_intensity,7,30P,Core,F9_Quality,0.3333333333333333,0.5714285714285714,0.07142857142857142,0.25,"{""session/domain"": ""recorded condition/domain; not an inferred session ID""}"
feature_bank_force_concat_core_calibration_validation_20260915,error_complementarity.csv,205,79dfd462da4227f83128502fc2cd7d3e36e24a836c3ce56e256b7475a2150807,libemg_contraction_intensity,7,40P,Core,F3_Ring,0.5168113941217017,0.4285714285714285,0.17857142857142855,0.07142857142857142,"{""session/domain"": ""recorded condition/domain; not an inferred session ID""}"
feature_bank_force_concat_core_calibration_validation_20260915,error_complementarity.csv,206,0a41174d8d6ccf55c8470943718d86d77038ba5f03e83d8eabb49ec8e223bbf4,libemg_contraction_intensity,7,40P,Core,F4_Spectral,0.49613893835683387,0.4285714285714285,0.14285714285714285,0.10714285714285714,"{""session/domain"": ""recorded condition/domain; not an inferred session ID""}"
feature_bank_force_concat_core_calibration_validation_20260915,error_complementarity.csv,207,73c2c1e814fc0af4d6ad303f854fca0f705081b13b1068a82371f18c15972008,libemg_contraction_intensity,7,40P,Core,F5_Temporal,0.22739701341354873,0.6428571428571428,0.25,0.14285714285714285,"{""session/domain"": ""recorded condition/domain; not an inferred session ID""}"
feature_bank_force_concat_core_calibration_validation_20260915,error_complementarity.csv,208,f38f74dc0484deb413bfabbc83b6381f8d4a98516aaff04045c7de749550cd6d,libemg_contraction_intensity,7,40P,Core,F9_Quality,0.37210420376762526,0.46428571428571425,0.21428571428571427,0.10714285714285714,"{""session/domain"": ""recorded condition/domain; not an inferred session ID""}"
feature_bank_force_concat_core_calibration_validation_20260915,error_complementarity.csv,209,4be16d137755f1f471eb7d9eec0e99cb55f7c71923a0f1168339fea00511bde6,libemg_contraction_intensity,7,50P,Core,F3_Ring,0.512989176042577,0.5714285714285714,0.3214285714285714,0.0,"{""session/domain"": ""recorded condition/domain; not an inferred session ID""}"
feature_bank_force_concat_core_calibration_validation_20260915,error_complementarity.csv,210,be37782bb1e62479d3778faf3109ecfffc11a7fabaad8bdb5121402135db5fe7,libemg_contraction_intensity,7,50P,Core,F4_Spectral,0.6511878254740209,0.4285714285714285,0.14285714285714285,0.03571428571428571,"{""session/domain"": ""recorded condition/domain; not an inferred session ID""}"
feature_bank_force_concat_core_calibration_validation_20260915,error_complementarity.csv,211,2412de9e88df028da1654a8af2984ce09d705e9f98791e2c3e0bb7f7880d4652,libemg_contraction_intensity,7,50P,Core,F5_Temporal,0.39498277938588156,0.5357142857142856,0.25,0.07142857142857142,"{""session/domain"": ""recorded condition/domain; not an inferred session ID""}"
feature_bank_force_concat_core_calibration_validation_20260915,error_complementarity.csv,212,8c7934069d04d8fbf11d1170788bf768e84b32f2d94cae2320cd17ab9bef98d7,libemg_contraction_intensity,7,50P,Core,F9_Quality,0.44694779244794786,0.3571428571428571,0.2857142857142857,0.03571428571428571,"{""session/domain"": ""recorded condition/domain; not an inferred session ID""}"
feature_bank_force_concat_core_calibration_validation_20260915,error_complementarity.csv,213,cd58aa61136495d67231fdd8ad5af50a3e837b0ab3b4fda62592dfa9c9a7bca3,libemg_contraction_intensity,7,60P,Core,F3_Ring,0.3879701448994927,0.3928571428571428,0.3214285714285714,0.03571428571428571,"{""session/domain"": ""recorded condition/domain; not an inferred session ID""}"
feature_bank_force_concat_core_calibration_validation_20260915,error_complementarity.csv,214,e78241cc45447928f29e5aee331187897797d155555c57527d451abf61448478,libemg_contraction_intensity,7,60P,Core,F4_Spectral,0.848528137423857,0.24999999999999994,0.07142857142857142,0.0,"{""session/domain"": ""recorded condition/domain; not an inferred session ID""}"
feature_bank_force_concat_core_calibration_validation_20260915,error_complementarity.csv,215,428f7790d39ae080fdc82e94e143603abc18e4d4f91dbd62de5bfa147d0f7041,libemg_contraction_intensity,7,60P,Core,F5_Temporal,0.6793662204867575,0.3928571428571428,0.17857142857142855,0.0,"{""session/domain"": ""recorded condition/domain; not an inferred session ID""}"
feature_bank_force_concat_core_calibration_validation_20260915,error_complementarity.csv,216,589f45ad1fad0ec0a2cc90617cc03b51cef012249dd7a4f1f39e9a84851d41e1,libemg_contraction_intensity,7,60P,Core,F9_Quality,0.4714045207910317,0.3928571428571428,0.3571428571428571,0.0,"{""session/domain"": ""recorded condition/domain; not an inferred session ID""}"
feature_bank_force_concat_core_calibration_validation_20260915,error_complementarity.csv,217,848c221f991ff47a7e186c76bb4c74fb67a339d0b3b9b2681bd583de5bccaf36,libemg_contraction_intensity,7,70P,Core,F3_Ring,0.1132277034144596,0.4999999999999999,0.3571428571428571,0.10714285714285714,"{""session/domain"": ""recorded condition/domain; not an inferred session ID""}"
feature_bank_force_concat_core_calibration_validation_20260915,error_complementarity.csv,218,d5c478d1b24f2e9d1e096dc9a3634fdc0d27b7b1cccc5eb9af258f214870c424,libemg_contraction_intensity,7,70P,Core,F4_Spectral,0.65,0.24999999999999994,0.07142857142857142,0.07142857142857142,"{""session/domain"": ""recorded condition/domain; not an inferred session ID""}"
feature_bank_force_concat_core_calibration_validation_20260915,error_complementarity.csv,219,54bb8c41b6a15c4d148d2dee5a304fcab8f22c3a2ebfb43d753c819690695d51,libemg_contraction_intensity,7,70P,Core,F5_Temporal,0.570544330734548,0.4285714285714285,0.17857142857142855,0.03571428571428571,"{""session/domain"": ""recorded condition/domain; not an inferred session ID""}"
feature_bank_force_concat_core_calibration_validation_20260915,error_complementarity.csv,220,b465247a1b92d4909fd030a5fff5fbc13907f4bdf2cd652e4416a42fd9cafddf,libemg_contraction_intensity,7,70P,Core,F9_Quality,0.4714045207910317,0.4999999999999999,0.3571428571428571,0.0,"{""session/domain"": ""recorded condition/domain; not an inferred session ID""}"
feature_bank_force_concat_core_calibration_validation_20260915,error_complementarity.csv,221,8d173d7d0b4336bc5a7da0108eef6b595d360c013baa4db966baeabbe785c0fb,libemg_contraction_intensity,7,80P,Core,F3_Ring,0.09673016668133488,0.7142857142857142,0.46428571428571425,0.07142857142857142,"{""session/domain"": ""recorded condition/domain; not an inferred session ID""}"
feature_bank_force_concat_core_calibration_validation_20260915,error_complementarity.csv,222,b038ed1cee6b27a3360261504a0db2bb814aa1f0a071352e09b5315326f9239f,libemg_contraction_intensity,7,80P,Core,F4_Spectral,0.9189365834726816,0.24999999999999994,0.03571428571428571,0.0,"{""session/domain"": ""recorded condition/domain; not an inferred session ID""}"
feature_bank_force_concat_core_calibration_validation_20260915,error_complementarity.csv,223,051166e9e27378998962e84d0f1cb09327307a56d528b77875161f04bad30700,libemg_contraction_intensity,7,80P,Core,F5_Temporal,0.570544330734548,0.4285714285714285,0.17857142857142855,0.03571428571428571,"{""session/domain"": ""recorded condition/domain; not an inferred session ID""}"
feature_bank_force_concat_core_calibration_validation_20260915,error_complementarity.csv,224,cb64595ce5acc1486fbe20b35a1e1f6bcb8e732eb31d2f5d79c3df07077c3f91,libemg_contraction_intensity,7,80P,Core,F9_Quality,0.4714045207910317,0.6071428571428571,0.3571428571428571,0.0,"{""session/domain"": ""recorded condition/domain; not an inferred session ID""}"
feature_bank_force_concat_core_calibration_validation_20260915,error_complementarity.csv,225,7719492f3bb59907aa00699a4381d625b135187a02ee5061e58a2c793f7c23c9,libemg_contraction_intensity,7,MVC,Core,F3_Ring,0.0,0.7142857142857142,0.2857142857142857,0.21428571428571427,"{""session/domain"": ""recorded condition/domain; not an inferred session ID""}"
feature_bank_force_concat_core_calibration_validation_20260915,error_complementarity.csv,226,b7c5e3b5424ad6e6d101f4cf5a816c0ea6e97a22ce906e8dfc261aee97effa97,libemg_contraction_intensity,7,MVC,Core,F4_Spectral,0.5773502691896258,0.4285714285714285,0.14285714285714285,0.07142857142857142,"{""session/domain"": ""recorded condition/domain; not an inferred session ID""}"
feature_bank_force_concat_core_calibration_validation_20260915,error_complementarity.csv,227,c47a37703a1af8179411abeae3aa3c423f7c73a77ec760a14e6a2d8192798d58,libemg_contraction_intensity,7,MVC,Core,F5_Temporal,0.5773502691896258,0.4285714285714285,0.14285714285714285,0.07142857142857142,"{""session/domain"": ""recorded condition/domain; not an inferred session ID""}"
feature_bank_force_concat_core_calibration_validation_20260915,error_complementarity.csv,228,ac67b1d408ecff4a2476d37f71d463b3714d8737e3e1ca3a719cc3433383285d,libemg_contraction_intensity,7,MVC,Core,F9_Quality,0.5477225575051662,0.5714285714285713,0.2857142857142857,0.0,"{""session/domain"": ""recorded condition/domain; not an inferred session ID""}"
feature_bank_force_concat_core_calibration_validation_20260915,error_complementarity.csv,229,ad70343a4ee588b873b5dc7170622e5d4efbd4ba71559b0276cb59c4433d6858,libemg_contraction_intensity,7,Light,Core,F3_Ring,0.3426241444320965,0.5357142857142857,0.07142857142857142,0.10714285714285714,"{""session/domain"": ""recorded condition/domain; not an inferred session ID""}"
feature_bank_force_concat_core_calibration_validation_20260915,error_complementarity.csv,230,dc6a31d60258b454da77b40e4344f3d8d8fd3d648848fda4e8e3bbe4c7d8d769,libemg_contraction_intensity,7,Light,Core,F4_Spectral,-0.1754116038614058,0.857142857142857,0.10714285714285714,0.4285714285714285,"{""session/domain"": ""recorded condition/domain; not an inferred session ID""}"
feature_bank_force_concat_core_calibration_validation_20260915,error_complementarity.csv,231,e777baafb4f7f7c81a74b25d5578be25c9df1cd0b4f285077bf83fc23b907908,libemg_contraction_intensity,7,Light,Core,F5_Temporal,0.7071067811865476,0.3571428571428571,0.0,0.10714285714285714,"{""session/domain"": ""recorded condition/domain; not an inferred session ID""}"
feature_bank_force_concat_core_calibration_validation_20260915,error_complementarity.csv,232,2e6237d89e564eb5f742f5450fb87669818a3118fbfd531275f64a2b07a903dd,libemg_contraction_intensity,7,Light,Core,F9_Quality,0.5330017908890261,0.4642857142857142,0.03571428571428571,0.10714285714285714,"{""session/domain"": ""recorded condition/domain; not an inferred session ID""}"
feature_bank_force_concat_core_calibration_validation_20260915,error_complementarity.csv,233,f02f387a541da3e307ac1f3dbc6004103feebea2b9266afaa660a6e73250fccc,libemg_contraction_intensity,7,Medium,Core,F3_Ring,0.7174348320524658,0.39285714285714285,0.10714285714285714,0.03571428571428571,"{""session/domain"": ""recorded condition/domain; not an inferred session ID""}"
feature_bank_force_concat_core_calibration_validation_20260915,error_complementarity.csv,234,384281c134351c67676afd9ceb55fb93b7f9d6845af0b53bdcec8350a2950911,libemg_contraction_intensity,7,Medium,Core,F4_Spectral,0.5708058152826189,0.4999999999999999,0.14285714285714285,0.07142857142857142,"{""session/domain"": ""recorded condition/domain; not an inferred session ID""}"
feature_bank_force_concat_core_calibration_validation_20260915,error_complementarity.csv,235,2613df82a9b607498059d757682a0874db4aaef17afcfff02a094bc9f274ffa9,libemg_contraction_intensity,7,Medium,Core,F5_Temporal,0.7855533190649866,0.5714285714285713,0.07142857142857142,0.03571428571428571,"{""session/domain"": ""recorded condition/domain; not an inferred session ID""}"
feature_bank_force_concat_core_calibration_validation_20260915,error_complementarity.csv,236,5462fdfffca25616eeb5c69374f4cbf4c633094c89dc3d07ac328b4ec1fbde38,libemg_contraction_intensity,7,Medium,Core,F9_Quality,0.9309493362512627,0.2857142857142857,0.0,0.03571428571428571,"{""session/domain"": ""recorded condition/domain; not an inferred session ID""}"
feature_bank_force_concat_core_calibration_validation_20260915,error_complementarity.csv,237,2a7f7e26a7a7a18c70ec64469adeda6550944a847ab2507d0811c21ac49e96db,libemg_contraction_intensity,7,Hard,Core,F3_Ring,0.027381336560563577,0.6071428571428571,0.3571428571428571,0.14285714285714285,"{""session/domain"": ""recorded condition/domain; not an inferred session ID""}"
feature_bank_force_concat_core_calibration_validation_20260915,error_complementarity.csv,238,30f1eaa3b490feb0ee6c9b5e6f580baeb76abd82c71c9446ca37777f832b4210,libemg_contraction_intensity,7,Hard,Core,F4_Spectral,0.6882472016116853,0.3571428571428571,0.17857142857142855,0.0,"{""session/domain"": ""recorded condition/domain; not an inferred session ID""}"
feature_bank_force_concat_core_calibration_validation_20260915,error_complementarity.csv,239,d4da340803d9473474fc3c7f365bc3b762686c3134ab405f138b1f90e2ad06d8,libemg_contraction_intensity,7,Hard,Core,F5_Temporal,0.5353033790313109,0.4285714285714285,0.21428571428571425,0.03571428571428571,"{""session/domain"": ""recorded condition/domain; not an inferred session ID""}"
feature_bank_force_concat_core_calibration_validation_20260915,error_complementarity.csv,240,12ffcd867aaeb972fe79cceafa565430bd169b14484bc268223cb31c1d74e7f7,libemg_contraction_intensity,7,Hard,Core,F9_Quality,0.6882472016116854,0.3214285714285714,0.17857142857142855,0.0,"{""session/domain"": ""recorded condition/domain; not an inferred session ID""}"
feature_bank_force_concat_core_calibration_validation_20260915,error_complementarity.csv,241,02a62b7e4007182ba2ecbfee6cd1336bac0f319c68517d4a3650440c6ef75d74,libemg_contraction_intensity,7,"{""source_condition"": ""Ramp""}",Core,F3_Ring,0.38618671045544756,0.5442176870748299,0.2346938775510204,0.08503401360544216,"{""session/domain"": ""run manifest evaluation domain""}"
feature_bank_force_concat_core_calibration_validation_20260915,error_complementarity.csv,242,c963c2cea78c3fce4c1fdc37515b58e7c7441e21943611260b3cd9308cde86b2,libemg_contraction_intensity,7,"{""source_condition"": ""Ramp""}",Core,F4_Spectral,0.47380891812080356,0.4659863945578231,0.11904761904761904,0.14285714285714285,"{""session/domain"": ""run manifest evaluation domain""}"
feature_bank_force_concat_core_calibration_validation_20260915,error_complementarity.csv,243,cee14e5fea9990dff1f297e0ff0c5e11c9748986452dac6c4a089f9682eb9e1c,libemg_contraction_intensity,7,"{""source_condition"": ""Ramp""}",Core,F5_Temporal,0.6006360121727053,0.44217687074829926,0.13945578231292516,0.06462585034013604,"{""session/domain"": ""run manifest evaluation domain""}"
feature_bank_force_concat_core_calibration_validation_20260915,error_complementarity.csv,244,ab953e5926918e804c7475fd20268640ddf53f35e27383da03246672c7478930,libemg_contraction_intensity,7,"{""source_condition"": ""Ramp""}",Core,F9_Quality,0.5545518153160143,0.4115646258503401,0.17006802721088435,0.06122448979591836,"{""session/domain"": ""run manifest evaluation domain""}"
feature_bank_force_concat_core_calibration_validation_20260915,error_complementarity.csv,245,cf51a8d8e4a9f04aa4bffcf468a9800aa9c90e785ce6cbe0ec38b0cc6d8a5433,libemg_contraction_intensity,7,20P,Core,F3_Ring,0.5330017908890261,0.6428571428571428,0.03571428571428571,0.10714285714285714,"{""session/domain"": ""recorded condition/domain; not an inferred session ID""}"
feature_bank_force_concat_core_calibration_validation_20260915,error_complementarity.csv,246,b0b2890caa867086b6dea407c32a0d2cd0ef66535776f7953293771472d96f9d,libemg_contraction_intensity,7,20P,Core,F4_Spectral,-0.11941628680530646,0.7857142857142856,0.10714285714285714,0.35714285714285715,"{""session/domain"": ""recorded condition/domain; not an inferred session ID""}"
feature_bank_force_concat_core_calibration_validation_20260915,error_complementarity.csv,247,7dd5d7115db67bcab750391b9523b4f7cfc2638fdc023d6b074df98f8828822c,libemg_contraction_intensity,7,20P,Core,F5_Temporal,0.7817359599705717,0.3928571428571428,0.0,0.07142857142857142,"{""session/domain"": ""recorded condition/domain; not an inferred session ID""}"
feature_bank_force_concat_core_calibration_validation_20260915,error_complementarity.csv,248,95f2f1c022f14b07a3ea8553f93faeb5e9e7eaf43bf4e469bbb8fa7a75ef053b,libemg_contraction_intensity,7,20P,Core,F9_Quality,0.8755950357709131,0.3571428571428571,0.0,0.03571428571428571,"{""session/domain"": ""recorded condition/domain; not an inferred session ID""}"
feature_bank_force_concat_core_calibration_validation_20260915,error_complementarity.csv,249,b513992d1408d35cafb3d4fd54f56f35be311ee57ab8d79cb542fe8362371735,libemg_contraction_intensity,7,30P,Core,F3_Ring,0.48566186425718266,0.5357142857142857,0.07142857142857142,0.14285714285714285,"{""session/domain"": ""recorded condition/domain; not an inferred session ID""}"
feature_bank_force_concat_core_calibration_validation_20260915,error_complementarity.csv,250,b3913a2973e369e7d4230e210dff4e87515821230385a393082b25155e753798,libemg_contraction_intensity,7,30P,Core,F4_Spectral,0.33333333333333326,0.6428571428571428,0.03571428571428571,0.3571428571428571,"{""session/domain"": ""recorded condition/domain; not an inferred session ID""}"
feature_bank_force_concat_core_calibration_validation_20260915,error_complementarity.csv,251,4b6e64a8cf8d054259c8956f5baaf5c8bdfd681193b371fa6db09687fa8cae29,libemg_contraction_intensity,7,30P,Core,F5_Temporal,0.548860430196974,0.46428571428571425,0.03571428571428571,0.17857142857142855,"{""session/domain"": ""recorded condition/domain; not an inferred session ID""}"
feature_bank_force_concat_core_calibration_validation_20260915,error_complementarity.csv,252,8c64177530965ad91d5f6323d750dd0ed82a3846b432cb0a5c77d5297e603684,libemg_contraction_intensity,7,30P,Core,F9_Quality,0.3333333333333333,0.5714285714285714,0.07142857142857142,0.25,"{""session/domain"": ""recorded condition/domain; not an inferred session ID""}"
feature_bank_force_concat_core_calibration_validation_20260915,error_complementarity.csv,253,b9b326b4126efb33aaaa3f8b5f6b410422278c36a8f7fd130effcbf73e853113,libemg_contraction_intensity,7,40P,Core,F3_Ring,0.4961389383568338,0.4285714285714285,0.14285714285714285,0.10714285714285714,"{""session/domain"": ""recorded condition/domain; not an inferred session ID""}"
feature_bank_force_concat_core_calibration_validation_20260915,error_complementarity.csv,254,914deca0cc1299a1d819ef2033c53c8ec49117ea75298f9805b91c8a0995f65d,libemg_contraction_intensity,7,40P,Core,F4_Spectral,0.41666666666666663,0.4285714285714285,0.14285714285714285,0.14285714285714285,"{""session/domain"": ""recorded condition/domain; not an inferred session ID""}"
feature_bank_force_concat_core_calibration_validation_20260915,error_complementarity.csv,255,5ad2abd0b5d6a1c8f50b64baef205c637fe7efeef6ff64ca72121b9e5af71644,libemg_contraction_intensity,7,40P,Core,F5_Temporal,0.22739701341354873,0.6428571428571428,0.25,0.14285714285714285,"{""session/domain"": ""recorded condition/domain; not an inferred session ID""}"
feature_bank_force_concat_core_calibration_validation_20260915,error_complementarity.csv,256,c9d6c353824624f5add4f9c0a542e4ab00a883e27371b60713f8f6b1d4ddd1cf,libemg_contraction_intensity,7,40P,Core,F9_Quality,0.35143174800275734,0.42857142857142855,0.17857142857142855,0.14285714285714285,"{""session/domain"": ""recorded condition/domain; not an inferred session ID""}"
feature_bank_force_concat_core_calibration_validation_20260915,error_complementarity.csv,257,0baf8b82d6c73488c9144dc8ecb3212a6f9f7e594fce75f894390475e1979d7b,libemg_contraction_intensity,7,50P,Core,F3_Ring,0.4303314829119352,0.5714285714285714,0.39285714285714285,0.0,"{""session/domain"": ""recorded condition/domain; not an inferred session ID""}"
feature_bank_force_concat_core_calibration_validation_20260915,error_complementarity.csv,258,9fdc6ee2b6e9697d738de4b6377144e758ddb1325eecbda7f21aaadeb4e0eddb,libemg_contraction_intensity,7,50P,Core,F4_Spectral,0.5000000000000001,0.3928571428571428,0.21428571428571427,0.03571428571428571,"{""session/domain"": ""recorded condition/domain; not an inferred session ID""}"
feature_bank_force_concat_core_calibration_validation_20260915,error_complementarity.csv,259,0f856a01a638d730645d7c69f1e7df583ddb6ae1da82fbc5076297d99c977906,libemg_contraction_intensity,7,50P,Core,F5_Temporal,0.41239304942116134,0.4642857142857142,0.2857142857142857,0.03571428571428571,"{""session/domain"": ""recorded condition/domain; not an inferred session ID""}"
feature_bank_force_concat_core_calibration_validation_20260915,error_complementarity.csv,260,18ba70387c0553f42689cd17f349034b1c7d16dd8a3c0218d2d92c07d57e72f1,libemg_contraction_intensity,7,50P,Core,F9_Quality,0.3721042037676254,0.3928571428571428,0.3214285714285714,0.03571428571428571,"{""session/domain"": ""recorded condition/domain; not an inferred session ID""}"
feature_bank_force_concat_core_calibration_validation_20260915,error_complementarity.csv,261,6d6c9d6fd671ebac155a36d2c645bfc7cf7931afe5ef89a8a16064cf185b9daf,libemg_contraction_intensity,7,60P,Core,F3_Ring,0.3879701448994927,0.3928571428571428,0.3214285714285714,0.03571428571428571,"{""session/domain"": ""recorded condition/domain; not an inferred session ID""}"
feature_bank_force_concat_core_calibration_validation_20260915,error_complementarity.csv,262,b65a08d469ee986d542e07f3efb0c3b6a300fe8004b2c36cfe6623015ef01227,libemg_contraction_intensity,7,60P,Core,F4_Spectral,0.7496587917803454,0.24999999999999994,0.07142857142857142,0.03571428571428571,"{""session/domain"": ""recorded condition/domain; not an inferred session ID""}"
feature_bank_force_concat_core_calibration_validation_20260915,error_complementarity.csv,263,8e76ba4f592d2715ffa5a7d1b9ce598c7a06251f79294ae53bbfe9250e73fbb7,libemg_contraction_intensity,7,60P,Core,F5_Temporal,0.7862453931068965,0.3214285714285714,0.10714285714285714,0.0,"{""session/domain"": ""recorded condition/domain; not an inferred session ID""}"
feature_bank_force_concat_core_calibration_validation_20260915,error_complementarity.csv,264,4b73f23a120270706cc1dd568faab378c08af693a994a6647397b330513880f7,libemg_contraction_intensity,7,60P,Core,F9_Quality,0.5887840577551897,0.2857142857142857,0.24999999999999997,0.0,"{""session/domain"": ""recorded condition/domain; not an inferred session ID""}"
feature_bank_force_concat_core_calibration_validation_20260915,error_complementarity.csv,265,302de026040e8399f2b656a4da80affa628240c0488c5617a41dd5c861871e35,libemg_contraction_intensity,7,70P,Core,F3_Ring,0.22821773229381923,0.607142857142857,0.3571428571428571,0.07142857142857142,"{""session/domain"": ""recorded condition/domain; not an inferred session ID""}"
feature_bank_force_concat_core_calibration_validation_20260915,error_complementarity.csv,266,9769e1531a026244a6e4d68e933766e4b75e5d0536e0202ff3005b5acf875953,libemg_contraction_intensity,7,70P,Core,F4_Spectral,0.65,0.21428571428571425,0.07142857142857142,0.07142857142857142,"{""session/domain"": ""recorded condition/domain; not an inferred session ID""}"
feature_bank_force_concat_core_calibration_validation_20260915,error_complementarity.csv,267,b5a50be85fd5ef3c887bc473ea7126492ff1dae146ed9d97d1f9975f8559209b,libemg_contraction_intensity,7,70P,Core,F5_Temporal,0.6243713415848885,0.3571428571428571,0.14285714285714285,0.03571428571428571,"{""session/domain"": ""recorded condition/domain; not an inferred session ID""}"
feature_bank_force_concat_core_calibration_validation_20260915,error_complementarity.csv,268,664811c2f88d451338b4fb61fe176bd84493b679aa87741a36c45686914fb044,libemg_contraction_intensity,7,70P,Core,F9_Quality,0.47434164902525694,0.3928571428571428,0.24999999999999997,0.03571428571428571,"{""session/domain"": ""recorded condition/domain; not an inferred session ID""}"
feature_bank_force_concat_core_calibration_validation_20260915,error_complementarity.csv,269,3085ffe067acbab5f520af23dc0ef20cb0c3f8dc7029e6e3063052c1bed5027b,libemg_contraction_intensity,7,80P,Core,F3_Ring,0.14142135623730953,0.6785714285714285,0.42857142857142855,0.07142857142857142,"{""session/domain"": ""recorded condition/domain; not an inferred session ID""}"
feature_bank_force_concat_core_calibration_validation_20260915,error_complementarity.csv,270,26e90904ed6d0b3c3495697541058b2ec5134319ad2f469dc3eaae6ef22cae0d,libemg_contraction_intensity,7,80P,Core,F4_Spectral,0.9189365834726816,0.28571428571428564,0.03571428571428571,0.0,"{""session/domain"": ""recorded condition/domain; not an inferred session ID""}"
feature_bank_force_concat_core_calibration_validation_20260915,error_complementarity.csv,271,1d2935bbd6da3de089ef5359e165bfdbe690cd2e22e7777fa8e6a3c03353521b,libemg_contraction_intensity,7,80P,Core,F5_Temporal,0.570544330734548,0.4285714285714285,0.17857142857142855,0.03571428571428571,"{""session/domain"": ""recorded condition/domain; not an inferred session ID""}"
feature_bank_force_concat_core_calibration_validation_20260915,error_complementarity.csv,272,6a670d650d50316cdce270e24073b42c84c023e924a61ed0d57407ee61d1db4b,libemg_contraction_intensity,7,80P,Core,F9_Quality,0.5477225575051663,0.5357142857142856,0.2857142857142857,0.0,"{""session/domain"": ""recorded condition/domain; not an inferred session ID""}"
feature_bank_force_concat_core_calibration_validation_20260915,error_complementarity.csv,273,e74a7aa49c6600e8e78b702a5c1f2b9318d23769a89b6411b7fbf6bf6918f6c5,libemg_contraction_intensity,7,MVC,Core,F3_Ring,6.143958570009227e-17,0.6428571428571427,0.3571428571428571,0.14285714285714285,"{""session/domain"": ""recorded condition/domain; not an inferred session ID""}"
feature_bank_force_concat_core_calibration_validation_20260915,error_complementarity.csv,274,a1e77bd06723d9890e94446bfdbe5e33201c3f745d40251274b1f4d9ef554b66,libemg_contraction_intensity,7,MVC,Core,F4_Spectral,0.316227766016838,0.4285714285714285,0.2857142857142857,0.07142857142857142,"{""session/domain"": ""recorded condition/domain; not an inferred session ID""}"
feature_bank_force_concat_core_calibration_validation_20260915,error_complementarity.csv,275,858b084a2b37ab79b5e361fe32ed287f5ead376493efbd65048419df0206dcac,libemg_contraction_intensity,7,MVC,Core,F5_Temporal,0.6324555320336759,0.3571428571428571,0.21428571428571427,0.0,"{""session/domain"": ""recorded condition/domain; not an inferred session ID""}"
feature_bank_force_concat_core_calibration_validation_20260915,error_complementarity.csv,276,5750412a1b6b341585ebfe9c33d932cc46e74e783b2444aafb67bfe30e1a4fbf,libemg_contraction_intensity,7,MVC,Core,F9_Quality,0.4714045207910317,0.4999999999999999,0.3571428571428571,0.0,"{""session/domain"": ""recorded condition/domain; not an inferred session ID""}"
feature_bank_force_concat_core_calibration_validation_20260915,error_complementarity.csv,277,ba0442db5b0e1cecb12503a6360942f4e93968ca51355034ee4d6cb644e56c78,libemg_contraction_intensity,7,Light,Core,F3_Ring,0.3426241444320965,0.5357142857142857,0.07142857142857142,0.10714285714285714,"{""session/domain"": ""recorded condition/domain; not an inferred session ID""}"
feature_bank_force_concat_core_calibration_validation_20260915,error_complementarity.csv,278,9a741b9cabc2e96ce21079d19b5dce47574ee89bbcb97ffb54856dd88b0bf1ba,libemg_contraction_intensity,7,Light,Core,F4_Spectral,-0.14731391274719732,0.857142857142857,0.10714285714285714,0.3928571428571428,"{""session/domain"": ""recorded condition/domain; not an inferred session ID""}"
feature_bank_force_concat_core_calibration_validation_20260915,error_complementarity.csv,279,477f2079d91df17c00f432a76a40628da6974639ea0b5782570499a0d962f8d8,libemg_contraction_intensity,7,Light,Core,F5_Temporal,0.7071067811865476,0.3571428571428571,0.0,0.10714285714285714,"{""session/domain"": ""recorded condition/domain; not an inferred session ID""}"
feature_bank_force_concat_core_calibration_validation_20260915,error_complementarity.csv,280,66b805e62ddaf2cfa6a5576fbd68f2669c0eda612f9d7b82372d5465c21facf3,libemg_contraction_intensity,7,Light,Core,F9_Quality,0.5330017908890261,0.4642857142857142,0.03571428571428571,0.10714285714285714,"{""session/domain"": ""recorded condition/domain; not an inferred session ID""}"
feature_bank_force_concat_core_calibration_validation_20260915,error_complementarity.csv,281,4349217cd5d3c16eb0456f5afb51c06afe5ad6b9225ffd476e0e036bf6ff4232,libemg_contraction_intensity,7,Medium,Core,F3_Ring,0.785553319064987,0.3571428571428571,0.07142857142857142,0.03571428571428571,"{""session/domain"": ""recorded condition/domain; not an inferred session ID""}"
feature_bank_force_concat_core_calibration_validation_20260915,error_complementarity.csv,282,02c7e20c66c046a49d784c4672dfaca54e0b0f5f96e0b78b687be2a841bfbfcc,libemg_contraction_intensity,7,Medium,Core,F4_Spectral,0.5708058152826189,0.4999999999999999,0.14285714285714285,0.07142857142857142,"{""session/domain"": ""recorded condition/domain; not an inferred session ID""}"
feature_bank_force_concat_core_calibration_validation_20260915,error_complementarity.csv,283,f99f48edda138fbda22c0d9ceaa1aea5ad8fd7fed6ef2f444c6c1603039db5a1,libemg_contraction_intensity,7,Medium,Core,F5_Temporal,0.7174348320524658,0.607142857142857,0.10714285714285714,0.03571428571428571,"{""session/domain"": ""recorded condition/domain; not an inferred session ID""}"
feature_bank_force_concat_core_calibration_validation_20260915,error_complementarity.csv,284,27f63278dc52568df704bf404006c6b0eb8c43164797b8ca873a79fbc373f386,libemg_contraction_intensity,7,Medium,Core,F9_Quality,0.8564102564102565,0.3214285714285714,0.03571428571428571,0.03571428571428571,"{""session/domain"": ""recorded condition/domain; not an inferred session ID""}"
feature_bank_force_concat_core_calibration_validation_20260915,error_complementarity.csv,285,c5429d201e2229e581f48185793c4da3a53123de92c80ab0d249ce59fa48defb,libemg_contraction_intensity,7,Hard,Core,F3_Ring,-0.045291081365783775,0.6428571428571427,0.3928571428571428,0.14285714285714285,"{""session/domain"": ""recorded condition/domain; not an inferred session ID""}"
feature_bank_force_concat_core_calibration_validation_20260915,error_complementarity.csv,286,6122910e11b5bd7a264cbfdd8c3c49ad5640f69a42292db71d79b023db368254,libemg_contraction_intensity,7,Hard,Core,F4_Spectral,0.6793662204867575,0.3214285714285714,0.17857142857142855,0.0,"{""session/domain"": ""recorded condition/domain; not an inferred session ID""}"
feature_bank_force_concat_core_calibration_validation_20260915,error_complementarity.csv,287,ce3688c8dbf0e7ae3e623fd98ca816b2e2087900ffe094ecc1d186b4deeb0a40,libemg_contraction_intensity,7,Hard,Core,F5_Temporal,0.4743416490252569,0.4285714285714285,0.25,0.03571428571428571,"{""session/domain"": ""recorded condition/domain; not an inferred session ID""}"
feature_bank_force_concat_core_calibration_validation_20260915,error_complementarity.csv,288,0f13f7a8a9f96afcf9d43b5a1b4d115ff58896bcf7021f9fef0fb5b9f15f32c7,libemg_contraction_intensity,7,Hard,Core,F9_Quality,0.6793662204867575,0.3214285714285714,0.17857142857142855,0.0,"{""session/domain"": ""recorded condition/domain; not an inferred session ID""}"
feature_bank_force_concat_core_calibration_validation_20260915,error_complementarity.csv,289,e0ac04a56696050a98391ab7e898bedd16a96194e857fc8c3f005424d6eb48df,libemg_contraction_intensity,8,"{""source_condition"": ""Ramp""}",Core,F3_Ring,0.22381254620263832,0.7346938775510203,0.43537414965986393,0.044217687074829926,"{""session/domain"": ""run manifest evaluation domain""}"
feature_bank_force_concat_core_calibration_validation_20260915,error_complementarity.csv,290,c85dad5c6479df99fc40cb94eb25c0826d3ccaefa97384d3b221fd6aefa52353,libemg_contraction_intensity,8,"{""source_condition"": ""Ramp""}",Core,F4_Spectral,0.6054645867779279,0.21768707482993196,0.06122448979591836,0.11224489795918367,"{""session/domain"": ""run manifest evaluation domain""}"
feature_bank_force_concat_core_calibration_validation_20260915,error_complementarity.csv,291,4cba3d21039a19c9893dc9e1e9ff6b20800cba41ab900b2e2d7d5e4a88597a22,libemg_contraction_intensity,8,"{""source_condition"": ""Ramp""}",Core,F5_Temporal,0.4680021294145333,0.3197278911564626,0.1462585034013605,0.1020408163265306,"{""session/domain"": ""run manifest evaluation domain""}"
feature_bank_force_concat_core_calibration_validation_20260915,error_complementarity.csv,292,fdebd3ee8b21b75b2fceec8807de1c9b649e746d0efa03651e4fa3198a3152dc,libemg_contraction_intensity,8,"{""source_condition"": ""Ramp""}",Core,F9_Quality,0.5385778540944486,0.26870748299319724,0.13605442176870747,0.08163265306122448,"{""session/domain"": ""run manifest evaluation domain""}"
feature_bank_force_concat_core_calibration_validation_20260915,error_complementarity.csv,293,a891a27a11e961bea626f9bd981bda106decf04d17e497f8a66ad357c86d34f7,libemg_contraction_intensity,8,20P,Core,F3_Ring,-0.21739130434782608,0.9285714285714284,0.17857142857142855,0.17857142857142855,"{""session/domain"": ""recorded condition/domain; not an inferred session ID""}"
feature_bank_force_concat_core_calibration_validation_20260915,error_complementarity.csv,294,0bf497ef1bea03dadee3ad3f0cbbaed616879f5df7898d658854e42d990bc38d,libemg_contraction_intensity,8,20P,Core,F4_Spectral,0.5307910421576297,0.3928571428571428,0.03571428571428571,0.14285714285714285,"{""session/domain"": ""recorded condition/domain; not an inferred session ID""}"
feature_bank_force_concat_core_calibration_validation_20260915,error_complementarity.csv,295,0604b22a20c8569e61c184fa3b19a7f11eac041eb1e7132ae461b1723a2ad2da,libemg_contraction_intensity,8,20P,Core,F5_Temporal,0.6655458298621545,0.3928571428571428,0.03571428571428571,0.07142857142857142,"{""session/domain"": ""recorded condition/domain; not an inferred session ID""}"
feature_bank_force_concat_core_calibration_validation_20260915,error_complementarity.csv,296,dc3b980905e30f97d3dca03f827d8aba0d2267605fa621d2ee14fce0548e1093,libemg_contraction_intensity,8,20P,Core,F9_Quality,0.6655458298621545,0.4642857142857142,0.03571428571428571,0.07142857142857142,"{""session/domain"": ""recorded condition/domain; not an inferred session ID""}"
feature_bank_force_concat_core_calibration_validation_20260915,error_complementarity.csv,297,6932e7ee9dc74a6023ee622e2419f432cd95731b4862eb0c31d29e6136fec3a7,libemg_contraction_intensity,8,30P,Core,F3_Ring,0.26516504294495535,0.7857142857142856,0.3214285714285714,0.03571428571428571,"{""session/domain"": ""recorded condition/domain; not an inferred session ID""}"
feature_bank_force_concat_core_calibration_validation_20260915,error_complementarity.csv,298,330dc062d8f902310a9acd326dde83b2089ebba2e4b5f46a470d79d01953065d,libemg_contraction_intensity,8,30P,Core,F4_Spectral,0.4010903143747116,0.4999999999999999,0.07142857142857142,0.25,"{""session/domain"": ""recorded condition/domain; not an inferred session ID""}"
feature_bank_force_concat_core_calibration_validation_20260915,error_complementarity.csv,299,dd21fe6c431c1d2af87e7eab20642825bf501837bf3c8b02c1fc107ec52db2c9,libemg_contraction_intensity,8,30P,Core,F5_Temporal,0.3514317480027572,0.4642857142857142,0.14285714285714285,0.17857142857142855,"{""session/domain"": ""recorded condition/domain; not an inferred session ID""}"
feature_bank_force_concat_core_calibration_validation_20260915,error_complementarity.csv,300,ee011d7728e5ed9a79d841a3141b013ce63427c217c8aadad44cd1a9e974f2eb,libemg_contraction_intensity,8,30P,Core,F9_Quality,0.37210420376762526,0.4285714285714285,0.10714285714285714,0.21428571428571425,"{""session/domain"": ""recorded condition/domain; not an inferred session ID""}"
feature_bank_force_concat_core_calibration_validation_20260915,error_complementarity.csv,301,d48585f142b22e2476e547c21f31ca93cd46d0f12f2425ff2d86556f8a353a3c,libemg_contraction_intensity,8,40P,Core,F3_Ring,0.2955402316445244,0.7499999999999999,0.3928571428571428,0.03571428571428571,"{""session/domain"": ""recorded condition/domain; not an inferred session ID""}"
feature_bank_force_concat_core_calibration_validation_20260915,error_complementarity.csv,302,9d3b4776c4a65ea3777c96d5cf54db7e11679585ab8a69393ac8656db4320d1f,libemg_contraction_intensity,8,40P,Core,F4_Spectral,0.6213664431593421,0.21428571428571427,0.07142857142857142,0.10714285714285714,"{""session/domain"": ""recorded condition/domain; not an inferred session ID""}"
feature_bank_force_concat_core_calibration_validation_20260915,error_complementarity.csv,303,d6f56172b46777f594c348de8f19e7ef95e06f8df3b87c887ebfdfc9c2d16beb,libemg_contraction_intensity,8,40P,Core,F5_Temporal,0.27754778174292477,0.49999999999999994,0.21428571428571427,0.14285714285714285,"{""session/domain"": ""recorded condition/domain; not an inferred session ID""}"
feature_bank_force_concat_core_calibration_validation_20260915,error_complementarity.csv,304,2dd5370e2bf4cf8b4d8dd72f19d3953f933c6d44eca04b3414a12010bdeb8123,libemg_contraction_intensity,8,40P,Core,F9_Quality,0.4555973021063105,0.2857142857142857,0.21428571428571425,0.07142857142857142,"{""session/domain"": ""recorded condition/domain; not an inferred session ID""}"
feature_bank_force_concat_core_calibration_validation_20260915,error_complementarity.csv,305,ce84e35c14a86de5e990c6e90acb7e1b2e4c864add308d0874d3994d40f01353,libemg_contraction_intensity,8,50P,Core,F3_Ring,0.464420364012824,0.5714285714285714,0.3571428571428571,0.0,"{""session/domain"": ""recorded condition/domain; not an inferred session ID""}"
feature_bank_force_concat_core_calibration_validation_20260915,error_complementarity.csv,306,e6441c1882813429e46c43a6d5c94ee867fe5587e6d3a6ae8b2a379974854099,libemg_contraction_intensity,8,50P,Core,F4_Spectral,0.6190476190476191,0.17857142857142855,0.07142857142857142,0.07142857142857142,"{""session/domain"": ""recorded condition/domain; not an inferred session ID""}"
feature_bank_force_concat_core_calibration_validation_20260915,error_complementarity.csv,307,5d62a0364b5e555fad15e3c96ddfed99d87eb5c21cec6032e98fed666ba14535,libemg_contraction_intensity,8,50P,Core,F5_Temporal,0.10050378152592122,0.3214285714285714,0.14285714285714285,0.17857142857142855,"{""session/domain"": ""recorded condition/domain; not an inferred session ID""}"
feature_bank_force_concat_core_calibration_validation_20260915,error_complementarity.csv,308,8c15e51d89e3554abe448406fc7822c7d149e96df7af8fb5bfa7a6d71bfac307,libemg_contraction_intensity,8,50P,Core,F9_Quality,0.2581988897471612,0.3214285714285714,0.21428571428571427,0.10714285714285714,"{""session/domain"": ""recorded condition/domain; not an inferred session ID""}"
feature_bank_force_concat_core_calibration_validation_20260915,error_complementarity.csv,309,a3552118800c84a9806d51efb806ac5078de34a307a1f7a1382f0ac746eeba8d,libemg_contraction_intensity,8,60P,Core,F3_Ring,0.3333333333333334,0.7142857142857142,0.5,0.0,"{""session/domain"": ""recorded condition/domain; not an inferred session ID""}"
feature_bank_force_concat_core_calibration_validation_20260915,error_complementarity.csv,310,455acff289443c8825dd13c5bb93337c48ea29620a75b2a39b2430f2a2c19e01,libemg_contraction_intensity,8,60P,Core,F4_Spectral,0.42857142857142866,0.21428571428571425,0.10714285714285714,0.10714285714285714,"{""session/domain"": ""recorded condition/domain; not an inferred session ID""}"
feature_bank_force_concat_core_calibration_validation_20260915,error_complementarity.csv,311,ef7f8855b793cc903d1611ea6b1c7e0a3b76dbebfdfe4677ee10eafd8ec067d5,libemg_contraction_intensity,8,60P,Core,F5_Temporal,0.4285714285714286,0.21428571428571427,0.10714285714285714,0.10714285714285714,"{""session/domain"": ""recorded condition/domain; not an inferred session ID""}"
feature_bank_force_concat_core_calibration_validation_20260915,error_complementarity.csv,312,0a36591a2054de082c486aa27870bef881fb1c3f198370c17b1b679ab1cab1bd,libemg_contraction_intensity,8,60P,Core,F9_Quality,0.7302967433402218,0.10714285714285714,0.07142857142857142,0.03571428571428571,"{""session/domain"": ""recorded condition/domain; not an inferred session ID""}"
feature_bank_force_concat_core_calibration_validation_20260915,error_complementarity.csv,313,df04fdea68cd1a6aa04c7ee80492072a20e325b0f6bec2dc8d0f347e17442fd0,libemg_contraction_intensity,8,70P,Core,F3_Ring,0.2357022603955158,0.7499999999999999,0.6071428571428571,0.0,"{""session/domain"": ""recorded condition/domain; not an inferred session ID""}"
feature_bank_force_concat_core_calibration_validation_20260915,error_complementarity.csv,314,f8e9d84080f8b70057cf3f3c5f02f50fc04344b3af8ea36b13c8e078331bf93f,libemg_contraction_intensity,8,70P,Core,F4_Spectral,0.7817359599705718,0.07142857142857142,0.07142857142857142,0.0,"{""session/domain"": ""recorded condition/domain; not an inferred session ID""}"
feature_bank_force_concat_core_calibration_validation_20260915,error_complementarity.csv,315,91917e7b276e8dc15751e6fbac90e0bdf626e6bb35ea4aad68f7017dad19e792,libemg_contraction_intensity,8,70P,Core,F5_Temporal,0.5931710140017395,0.17857142857142855,0.17857142857142855,0.0,"{""session/domain"": ""recorded condition/domain; not an inferred session ID""}"
feature_bank_force_concat_core_calibration_validation_20260915,error_complementarity.csv,316,8cadce83e240890388850854c33f1928029afceb5405ac9806f80fbeabece547,libemg_contraction_intensity,8,70P,Core,F9_Quality,0.5931710140017395,0.17857142857142855,0.17857142857142855,0.0,"{""session/domain"": ""recorded condition/domain; not an inferred session ID""}"
feature_bank_force_concat_core_calibration_validation_20260915,error_complementarity.csv,317,0aeeaf03356e9b5ffd247fd41822a140d88e0d2b11d8b3445c80f1128b79ef7c,libemg_contraction_intensity,8,80P,Core,F3_Ring,0.2581988897471611,0.6428571428571428,0.5714285714285714,0.0,"{""session/domain"": ""recorded condition/domain; not an inferred session ID""}"
feature_bank_force_concat_core_calibration_validation_20260915,error_complementarity.csv,318,0362fd7ee607fa1991297624c9d357f172f5d5fec30b48ffcea6d3297a797a43,libemg_contraction_intensity,8,80P,Core,F4_Spectral,0.8755950357709132,0.03571428571428571,0.03571428571428571,0.0,"{""session/domain"": ""recorded condition/domain; not an inferred session ID""}"
feature_bank_force_concat_core_calibration_validation_20260915,error_complementarity.csv,319,177d6bf6c9c32c008978737508f7ce48cf13179538e651fbdd80310ea4a45b76,libemg_contraction_intensity,8,80P,Core,F5_Temporal,0.8755950357709132,0.03571428571428571,0.03571428571428571,0.0,"{""session/domain"": ""recorded condition/domain; not an inferred session ID""}"
feature_bank_force_concat_core_calibration_validation_20260915,error_complementarity.csv,320,03462acfb5bc70ec0e2be016466e23df6faca2590597ff8c7895a4a7dc4bbf4f,libemg_contraction_intensity,8,80P,Core,F9_Quality,0.4714045207910316,0.2857142857142857,0.2857142857142857,0.0,"{""session/domain"": ""recorded condition/domain; not an inferred session ID""}"
feature_bank_force_concat_core_calibration_validation_20260915,error_complementarity.csv,321,8b7b7a0c6e435c480ab292f76a953675273e7f03af777dd96b087f2742f9d699,libemg_contraction_intensity,8,MVC,Core,F3_Ring,0.4522670168666454,0.7142857142857142,0.3571428571428571,0.0,"{""session/domain"": ""recorded condition/domain; not an inferred session ID""}"
feature_bank_force_concat_core_calibration_validation_20260915,error_complementarity.csv,322,465145a4cdaf7aae3b2d6f561322701b6829da1e827dbbf439854df9d494c2cf,libemg_contraction_intensity,8,MVC,Core,F4_Spectral,0.25125945381480297,0.3571428571428571,0.07142857142857142,0.2857142857142857,"{""session/domain"": ""recorded condition/domain; not an inferred session ID""}"
feature_bank_force_concat_core_calibration_validation_20260915,error_complementarity.csv,323,1ab9ff07462fc74903dbbb244b8776e002e592a9584218583fda4cda634a7f53,libemg_contraction_intensity,8,MVC,Core,F5_Temporal,0.7302967433402213,0.21428571428571427,0.0,0.14285714285714285,"{""session/domain"": ""recorded condition/domain; not an inferred session ID""}"
feature_bank_force_concat_core_calibration_validation_20260915,error_complementarity.csv,324,3a33d43e95df658502d935f64310468992eac805b910558d4bf6583b297d48f7,libemg_contraction_intensity,8,MVC,Core,F9_Quality,1.0000000000000002,0.07142857142857142,0.0,0.0,"{""session/domain"": ""recorded condition/domain; not an inferred session ID""}"
feature_bank_force_concat_core_calibration_validation_20260915,error_complementarity.csv,325,879afeb19daa4cf1187b502445037611b608b5c2e83b85eb4900661f326fda73,libemg_contraction_intensity,8,Light,Core,F3_Ring,0.24046373977128352,0.6785714285714285,0.3571428571428571,0.07142857142857142,"{""session/domain"": ""recorded condition/domain; not an inferred session ID""}"
feature_bank_force_concat_core_calibration_validation_20260915,error_complementarity.csv,326,3fda019293b557a14c2e36f74238164333c716c0efb98b0e8a34ac4bc7e4c95d,libemg_contraction_intensity,8,Light,Core,F4_Spectral,0.1387491870188641,0.3928571428571428,0.14285714285714285,0.25,"{""session/domain"": ""recorded condition/domain; not an inferred session ID""}"
feature_bank_force_concat_core_calibration_validation_20260915,error_complementarity.csv,327,7056182741e07c0398b47b15211416ff00b62fe98b868f68b96d78aef0b399af,libemg_contraction_intensity,8,Light,Core,F5_Temporal,0.1899901489143371,0.4285714285714285,0.21428571428571425,0.17857142857142855,"{""session/domain"": ""recorded condition/domain; not an inferred session ID""}"
feature_bank_force_concat_core_calibration_validation_20260915,error_complementarity.csv,328,54bf8248ac5f3dc67f9d6eeb0781d02e26136a827332be5fc805aef3c55a2acb,libemg_contraction_intensity,8,Light,Core,F9_Quality,0.08956221510397985,0.4285714285714285,0.07142857142857142,0.3214285714285714,"{""session/domain"": ""recorded condition/domain; not an inferred session ID""}"
feature_bank_force_concat_core_calibration_validation_20260915,error_complementarity.csv,329,ca129ce3c7d3449d27db738e3f2b5050de90ff707630182c1d41d3c3fb870b93,libemg_contraction_intensity,8,Medium,Core,F3_Ring,-0.11795356492391769,0.7857142857142856,0.6071428571428571,0.07142857142857142,"{""session/domain"": ""recorded condition/domain; not an inferred session ID""}"
feature_bank_force_concat_core_calibration_validation_20260915,error_complementarity.csv,330,ac7f4640ad35e2743b55eb0a68248ddff5f79565d1a69632b895bc9a67f3461d,libemg_contraction_intensity,8,Medium,Core,F4_Spectral,0.8755950357709132,0.03571428571428571,0.0,0.03571428571428571,"{""session/domain"": ""recorded condition/domain; not an inferred session ID""}"
feature_bank_force_concat_core_calibration_validation_20260915,error_complementarity.csv,331,33479a5dd6bc048e9d15dacc5489a5e4b03ac1bd269a5ad375ec0489bc4b5773,libemg_contraction_intensity,8,Medium,Core,F5_Temporal,0.23631633593135148,0.3928571428571428,0.25,0.07142857142857142,"{""session/domain"": ""recorded condition/domain; not an inferred session ID""}"
feature_bank_force_concat_core_calibration_validation_20260915,error_complementarity.csv,332,3a24c0127679b67332a3ac1edcdb80d5ff4e1569aec7ed3017f469f44a1a8889,libemg_contraction_intensity,8,Medium,Core,F9_Quality,0.5922200922639821,0.14285714285714285,0.10714285714285714,0.03571428571428571,"{""session/domain"": ""recorded condition/domain; not an inferred session ID""}"
feature_bank_force_concat_core_calibration_validation_20260915,error_complementarity.csv,333,efe68409cd4c6e05e807a0660cea77edfc42c8337eb455f0068bdbcaeceedaee,libemg_contraction_intensity,8,Hard,Core,F3_Ring,0.04415107856883477,0.7499999999999999,0.49999999999999994,0.07142857142857142,"{""session/domain"": ""recorded condition/domain; not an inferred session ID""}"
feature_bank_force_concat_core_calibration_validation_20260915,error_complementarity.csv,334,8b43a7db41aa92c105081dcd6ff7421e424f8379161ec5e5ca6b64b0717a23dd,libemg_contraction_intensity,8,Hard,Core,F4_Spectral,0.8075728530872482,0.07142857142857142,0.0,0.07142857142857142,"{""session/domain"": ""recorded condition/domain; not an inferred session ID""}"
feature_bank_force_concat_core_calibration_validation_20260915,error_complementarity.csv,335,8b981c4beeef07dd3c3e2f2d75eef8a30c38b416deb2cedfcc152dcc38c9cd41,libemg_contraction_intensity,8,Hard,Core,F5_Temporal,0.3799802978286742,0.3214285714285714,0.21428571428571427,0.07142857142857142,"{""session/domain"": ""recorded condition/domain; not an inferred session ID""}"
feature_bank_force_concat_core_calibration_validation_20260915,error_complementarity.csv,336,b85f6aed40ecd0070f0aaa3a4a1e892f52ba36aea3f16c39727afe1dc97e8850,libemg_contraction_intensity,8,Hard,Core,F9_Quality,0.7177405625652733,0.14285714285714285,0.14285714285714285,0.0,"{""session/domain"": ""recorded condition/domain; not an inferred session ID""}"
feature_bank_force_concat_core_calibration_validation_20260915,error_complementarity.csv,337,624afbede72270a9e7c7c244259d307bcfe3d391388eed0145c69db60b6c51dd,libemg_contraction_intensity,8,"{""source_condition"": ""Ramp""}",Core,F3_Ring,0.22381254620263832,0.7346938775510203,0.43537414965986393,0.044217687074829926,"{""session/domain"": ""run manifest evaluation domain""}"
feature_bank_force_concat_core_calibration_validation_20260915,error_complementarity.csv,338,daa7df17182f53def828e88424717b9f3616132da4922d0da5ad8bf53981b447,libemg_contraction_intensity,8,"{""source_condition"": ""Ramp""}",Core,F4_Spectral,0.6054645867779279,0.21768707482993196,0.06122448979591836,0.11224489795918367,"{""session/domain"": ""run manifest evaluation domain""}"
feature_bank_force_concat_core_calibration_validation_20260915,error_complementarity.csv,339,e0aad53a0457375f6c5ae76d79e3dffb4fa990c4445959ce6590b5209fab7e7c,libemg_contraction_intensity,8,"{""source_condition"": ""Ramp""}",Core,F5_Temporal,0.4680021294145333,0.3197278911564626,0.1462585034013605,0.1020408163265306,"{""session/domain"": ""run manifest evaluation domain""}"
feature_bank_force_concat_core_calibration_validation_20260915,error_complementarity.csv,340,6e2232116eecf5fb5634f8cf1928ede2c427c03b529e29aa7e44481d97fbfbcc,libemg_contraction_intensity,8,"{""source_condition"": ""Ramp""}",Core,F9_Quality,0.5385778540944486,0.26870748299319724,0.13605442176870747,0.08163265306122448,"{""session/domain"": ""run manifest evaluation domain""}"
feature_bank_force_concat_core_calibration_validation_20260915,error_complementarity.csv,341,7a74ee3ca125d7f08601cc9c5c3d615aec656fbd4a46716a7a6655e427ff862f,libemg_contraction_intensity,8,20P,Core,F3_Ring,-0.21739130434782608,0.9285714285714284,0.17857142857142855,0.17857142857142855,"{""session/domain"": ""recorded condition/domain; not an inferred session ID""}"
feature_bank_force_concat_core_calibration_validation_20260915,error_complementarity.csv,342,b9568be554d859b752fee373eb3de53a445f33020dbeb5b3d7d938a05ff45651,libemg_contraction_intensity,8,20P,Core,F4_Spectral,0.5307910421576297,0.3928571428571428,0.03571428571428571,0.14285714285714285,"{""session/domain"": ""recorded condition/domain; not an inferred session ID""}"
feature_bank_force_concat_core_calibration_validation_20260915,error_complementarity.csv,343,b68db294c152fe30516650c096d78257a8ddcc31ed380e0d66e235a5ffeead35,libemg_contraction_intensity,8,20P,Core,F5_Temporal,0.6655458298621545,0.3928571428571428,0.03571428571428571,0.07142857142857142,"{""session/domain"": ""recorded condition/domain; not an inferred session ID""}"
feature_bank_force_concat_core_calibration_validation_20260915,error_complementarity.csv,344,a7b52717ca6b82887b2774608c0ed293515cf5af93acbe9c6193c97ca1e75cdd,libemg_contraction_intensity,8,20P,Core,F9_Quality,0.6655458298621545,0.4642857142857142,0.03571428571428571,0.07142857142857142,"{""session/domain"": ""recorded condition/domain; not an inferred session ID""}"
feature_bank_force_concat_core_calibration_validation_20260915,error_complementarity.csv,345,b1577a1d5701eafdcfd43944403e59c77a2f91dc079adaf738cc739930a7bfb1,libemg_contraction_intensity,8,30P,Core,F3_Ring,0.26516504294495535,0.7857142857142856,0.3214285714285714,0.03571428571428571,"{""session/domain"": ""recorded condition/domain; not an inferred session ID""}"
feature_bank_force_concat_core_calibration_validation_20260915,error_complementarity.csv,346,bccf2617d0d3d4844150427ae5e8e575bc699bc67090ada4daff59a931cc0542,libemg_contraction_intensity,8,30P,Core,F4_Spectral,0.4010903143747116,0.4999999999999999,0.07142857142857142,0.25,"{""session/domain"": ""recorded condition/domain; not an inferred session ID""}"
feature_bank_force_concat_core_calibration_validation_20260915,error_complementarity.csv,347,fa0c0a8b140a35ba43dcae158a663d903792e56bc4647cd20b686326e928aa1e,libemg_contraction_intensity,8,30P,Core,F5_Temporal,0.3514317480027572,0.4642857142857142,0.14285714285714285,0.17857142857142855,"{""session/domain"": ""recorded condition/domain; not an inferred session ID""}"
feature_bank_force_concat_core_calibration_validation_20260915,error_complementarity.csv,348,385aa289bf0c5cf8acda685a1b21d120114ad3823b568796ae429a94109e5406,libemg_contraction_intensity,8,30P,Core,F9_Quality,0.37210420376762526,0.4285714285714285,0.10714285714285714,0.21428571428571425,"{""session/domain"": ""recorded condition/domain; not an inferred session ID""}"
feature_bank_force_concat_core_calibration_validation_20260915,error_complementarity.csv,349,dc92d58255c0c0f95aedf91c961fd619d2ef795b615ee705378e6b3d69668f7d,libemg_contraction_intensity,8,40P,Core,F3_Ring,0.2955402316445244,0.7499999999999999,0.3928571428571428,0.03571428571428571,"{""session/domain"": ""recorded condition/domain; not an inferred session ID""}"
feature_bank_force_concat_core_calibration_validation_20260915,error_complementarity.csv,350,b22551630f263a77fcd29fcb564dda029f40b2a981f261be0bb0186150757e55,libemg_contraction_intensity,8,40P,Core,F4_Spectral,0.6213664431593421,0.21428571428571427,0.07142857142857142,0.10714285714285714,"{""session/domain"": ""recorded condition/domain; not an inferred session ID""}"
feature_bank_force_concat_core_calibration_validation_20260915,error_complementarity.csv,351,52f970afc5780eda623224561be0949b910ebff1cf2fd9dafbc2015700e4e180,libemg_contraction_intensity,8,40P,Core,F5_Temporal,0.27754778174292477,0.49999999999999994,0.21428571428571427,0.14285714285714285,"{""session/domain"": ""recorded condition/domain; not an inferred session ID""}"
feature_bank_force_concat_core_calibration_validation_20260915,error_complementarity.csv,352,831b1a0edd10e10a275a48e1664cc55dec3f04ac9b3a44a6c46c40457fcd6e29,libemg_contraction_intensity,8,40P,Core,F9_Quality,0.4555973021063105,0.2857142857142857,0.21428571428571425,0.07142857142857142,"{""session/domain"": ""recorded condition/domain; not an inferred session ID""}"
feature_bank_force_concat_core_calibration_validation_20260915,error_complementarity.csv,353,51935b378f28e826796f164138db1be4ca9996fec8cc07619dc93a3d1dedf380,libemg_contraction_intensity,8,50P,Core,F3_Ring,0.464420364012824,0.5714285714285714,0.3571428571428571,0.0,"{""session/domain"": ""recorded condition/domain; not an inferred session ID""}"
feature_bank_force_concat_core_calibration_validation_20260915,error_complementarity.csv,354,21f45b09340c0491d63130df0a74db05d502448d227be7402e56314b1f640ab1,libemg_contraction_intensity,8,50P,Core,F4_Spectral,0.6190476190476191,0.17857142857142855,0.07142857142857142,0.07142857142857142,"{""session/domain"": ""recorded condition/domain; not an inferred session ID""}"
feature_bank_force_concat_core_calibration_validation_20260915,error_complementarity.csv,355,e0b52ee796b3b26ac035360a19776e2fb29d407a37e68a9b48561ff598ce7c6b,libemg_contraction_intensity,8,50P,Core,F5_Temporal,0.10050378152592122,0.3214285714285714,0.14285714285714285,0.17857142857142855,"{""session/domain"": ""recorded condition/domain; not an inferred session ID""}"
feature_bank_force_concat_core_calibration_validation_20260915,error_complementarity.csv,356,555539146dc44430ad3f511ff2a4b5a4b9b94ce84692f38c9adabb0ef7fd23f6,libemg_contraction_intensity,8,50P,Core,F9_Quality,0.2581988897471612,0.3214285714285714,0.21428571428571427,0.10714285714285714,"{""session/domain"": ""recorded condition/domain; not an inferred session ID""}"
feature_bank_force_concat_core_calibration_validation_20260915,error_complementarity.csv,357,c13d69ca367dbe89d959db1f1085b1776b03c6110bbc34a43ce0eb026de184e6,libemg_contraction_intensity,8,60P,Core,F3_Ring,0.3333333333333334,0.7142857142857142,0.5,0.0,"{""session/domain"": ""recorded condition/domain; not an inferred session ID""}"
feature_bank_force_concat_core_calibration_validation_20260915,error_complementarity.csv,358,f2cc8823a1e15cd27bbda62c6f02652db11ad682df1d41e2b345dfd4524c3728,libemg_contraction_intensity,8,60P,Core,F4_Spectral,0.42857142857142866,0.21428571428571425,0.10714285714285714,0.10714285714285714,"{""session/domain"": ""recorded condition/domain; not an inferred session ID""}"
feature_bank_force_concat_core_calibration_validation_20260915,error_complementarity.csv,359,87fa28bc486b815c558e137bf5be15041c72b1d1d880ba3a9643a60beb25a383,libemg_contraction_intensity,8,60P,Core,F5_Temporal,0.4285714285714286,0.21428571428571427,0.10714285714285714,0.10714285714285714,"{""session/domain"": ""recorded condition/domain; not an inferred session ID""}"
feature_bank_force_concat_core_calibration_validation_20260915,error_complementarity.csv,360,c1aa3bd900d5030c31b08986d15d53ab6311ff763f55f21d92a20904197c156c,libemg_contraction_intensity,8,60P,Core,F9_Quality,0.7302967433402218,0.10714285714285714,0.07142857142857142,0.03571428571428571,"{""session/domain"": ""recorded condition/domain; not an inferred session ID""}"
feature_bank_force_concat_core_calibration_validation_20260915,error_complementarity.csv,361,e2c1b9745966bfc746685088dd85faebfe054fcb80d8e98d33f266ae59bcc92f,libemg_contraction_intensity,8,70P,Core,F3_Ring,0.2357022603955158,0.7499999999999999,0.6071428571428571,0.0,"{""session/domain"": ""recorded condition/domain; not an inferred session ID""}"
feature_bank_force_concat_core_calibration_validation_20260915,error_complementarity.csv,362,543026c7595949babbe8b36bd776daaa3044c17737f44d0d6ebb6cd9b4048f71,libemg_contraction_intensity,8,70P,Core,F4_Spectral,0.7817359599705718,0.07142857142857142,0.07142857142857142,0.0,"{""session/domain"": ""recorded condition/domain; not an inferred session ID""}"
feature_bank_force_concat_core_calibration_validation_20260915,error_complementarity.csv,363,41e0daa152496ef37a5fcac35006029eca81c896965f14edbe4b94993958c690,libemg_contraction_intensity,8,70P,Core,F5_Temporal,0.5931710140017395,0.17857142857142855,0.17857142857142855,0.0,"{""session/domain"": ""recorded condition/domain; not an inferred session ID""}"
feature_bank_force_concat_core_calibration_validation_20260915,error_complementarity.csv,364,95bce73ca06fe919e8582eff03aa9fde7ed07dce63cb88684bd38f3cea7e04c0,libemg_contraction_intensity,8,70P,Core,F9_Quality,0.5931710140017395,0.17857142857142855,0.17857142857142855,0.0,"{""session/domain"": ""recorded condition/domain; not an inferred session ID""}"
feature_bank_force_concat_core_calibration_validation_20260915,error_complementarity.csv,365,ec17680c5bf2d23c4dfb424b6822e07043cdc704fe168f2b0e57e2f67b41efe9,libemg_contraction_intensity,8,80P,Core,F3_Ring,0.2581988897471611,0.6428571428571428,0.5714285714285714,0.0,"{""session/domain"": ""recorded condition/domain; not an inferred session ID""}"
feature_bank_force_concat_core_calibration_validation_20260915,error_complementarity.csv,366,7875605a59901de05f1d4cd4e8a6bf6a9d5f8acf1606ba5d198c77d8288dca9a,libemg_contraction_intensity,8,80P,Core,F4_Spectral,0.8755950357709132,0.03571428571428571,0.03571428571428571,0.0,"{""session/domain"": ""recorded condition/domain; not an inferred session ID""}"
feature_bank_force_concat_core_calibration_validation_20260915,error_complementarity.csv,367,b0069c31d1a8d175dc142bdeb766814cd460c5d07b61e1b7fa17b72ef642309f,libemg_contraction_intensity,8,80P,Core,F5_Temporal,0.8755950357709132,0.03571428571428571,0.03571428571428571,0.0,"{""session/domain"": ""recorded condition/domain; not an inferred session ID""}"
feature_bank_force_concat_core_calibration_validation_20260915,error_complementarity.csv,368,dd6496fa741cf5c48396411a478bc92257be5b22055e1ad41e41900c33708f19,libemg_contraction_intensity,8,80P,Core,F9_Quality,0.4714045207910316,0.2857142857142857,0.2857142857142857,0.0,"{""session/domain"": ""recorded condition/domain; not an inferred session ID""}"
feature_bank_force_concat_core_calibration_validation_20260915,error_complementarity.csv,369,625bd1bb2bf7460271fb1e57a8eaead9199a2961ecf5a5d32d25a88258fb40f9,libemg_contraction_intensity,8,MVC,Core,F3_Ring,0.4522670168666454,0.7142857142857142,0.3571428571428571,0.0,"{""session/domain"": ""recorded condition/domain; not an inferred session ID""}"
feature_bank_force_concat_core_calibration_validation_20260915,error_complementarity.csv,370,75e40278d14531cc941f0285a88bc549a5a41a07c46912e0a619b935902d17d4,libemg_contraction_intensity,8,MVC,Core,F4_Spectral,0.25125945381480297,0.3571428571428571,0.07142857142857142,0.2857142857142857,"{""session/domain"": ""recorded condition/domain; not an inferred session ID""}"
feature_bank_force_concat_core_calibration_validation_20260915,error_complementarity.csv,371,2b2fa358a46b26dc434cc8645c617bff3404810e1d3db619e424533b34c8d236,libemg_contraction_intensity,8,MVC,Core,F5_Temporal,0.7302967433402213,0.21428571428571427,0.0,0.14285714285714285,"{""session/domain"": ""recorded condition/domain; not an inferred session ID""}"
feature_bank_force_concat_core_calibration_validation_20260915,error_complementarity.csv,372,6255fd7d5c60305ad4654aba75840a03a3337efafbcb92421dcc766b39827895,libemg_contraction_intensity,8,MVC,Core,F9_Quality,1.0000000000000002,0.07142857142857142,0.0,0.0,"{""session/domain"": ""recorded condition/domain; not an inferred session ID""}"
feature_bank_force_concat_core_calibration_validation_20260915,error_complementarity.csv,373,d3610c52390d2f3e0e2d53b206a88c1abcfdbfbd48e85e01c361a7c9eb0403ca,libemg_contraction_intensity,8,Light,Core,F3_Ring,0.24046373977128352,0.6785714285714285,0.3571428571428571,0.07142857142857142,"{""session/domain"": ""recorded condition/domain; not an inferred session ID""}"
feature_bank_force_concat_core_calibration_validation_20260915,error_complementarity.csv,374,ec81c0b4754b29c3c01e2260c54ca448a48c2142113e1c301b2e12f9bddb834d,libemg_contraction_intensity,8,Light,Core,F4_Spectral,0.1387491870188641,0.3928571428571428,0.14285714285714285,0.25,"{""session/domain"": ""recorded condition/domain; not an inferred session ID""}"
feature_bank_force_concat_core_calibration_validation_20260915,error_complementarity.csv,375,619bd2001fcec1064edc0273c0792ec6da576cc6105f767555a74c2ba0fa739f,libemg_contraction_intensity,8,Light,Core,F5_Temporal,0.1899901489143371,0.4285714285714285,0.21428571428571425,0.17857142857142855,"{""session/domain"": ""recorded condition/domain; not an inferred session ID""}"
feature_bank_force_concat_core_calibration_validation_20260915,error_complementarity.csv,376,45ca96b05ced3f1f052066a813b21110a103d7993186a860802bf842de76122a,libemg_contraction_intensity,8,Light,Core,F9_Quality,0.08956221510397985,0.4285714285714285,0.07142857142857142,0.3214285714285714,"{""session/domain"": ""recorded condition/domain; not an inferred session ID""}"
feature_bank_force_concat_core_calibration_validation_20260915,error_complementarity.csv,377,fdc0ca9b024ea3dcdbf80732b7f255759b4b009cf4a09b25d7bd0c54a0f8c684,libemg_contraction_intensity,8,Medium,Core,F3_Ring,-0.11795356492391769,0.7857142857142856,0.6071428571428571,0.07142857142857142,"{""session/domain"": ""recorded condition/domain; not an inferred session ID""}"
feature_bank_force_concat_core_calibration_validation_20260915,error_complementarity.csv,378,5d96255fa2a1d344de8b22360fa4bf661e5c2b3682e17bcdb6648b654bef22af,libemg_contraction_intensity,8,Medium,Core,F4_Spectral,0.8755950357709132,0.03571428571428571,0.0,0.03571428571428571,"{""session/domain"": ""recorded condition/domain; not an inferred session ID""}"
feature_bank_force_concat_core_calibration_validation_20260915,error_complementarity.csv,379,306d0f19e852b747ec6acba4a341e4e886f942ce8c0f85985c833a1304549480,libemg_contraction_intensity,8,Medium,Core,F5_Temporal,0.23631633593135148,0.3928571428571428,0.25,0.07142857142857142,"{""session/domain"": ""recorded condition/domain; not an inferred session ID""}"
feature_bank_force_concat_core_calibration_validation_20260915,error_complementarity.csv,380,698805f020ce1a4ad524106ba14c356c45e4f85fd8a4ee6e514f0d0c3a569cfd,libemg_contraction_intensity,8,Medium,Core,F9_Quality,0.5922200922639821,0.14285714285714285,0.10714285714285714,0.03571428571428571,"{""session/domain"": ""recorded condition/domain; not an inferred session ID""}"
feature_bank_force_concat_core_calibration_validation_20260915,error_complementarity.csv,381,02e82db0e3ff1ab78666e1b82f04ee41d913f77d28306fd85e1b539c53280a97,libemg_contraction_intensity,8,Hard,Core,F3_Ring,0.04415107856883477,0.7499999999999999,0.49999999999999994,0.07142857142857142,"{""session/domain"": ""recorded condition/domain; not an inferred session ID""}"
feature_bank_force_concat_core_calibration_validation_20260915,error_complementarity.csv,382,f087b4083a8c12f10c0ec2220da63185926efa3078a85e2a8564970da97de667,libemg_contraction_intensity,8,Hard,Core,F4_Spectral,0.8075728530872482,0.07142857142857142,0.0,0.07142857142857142,"{""session/domain"": ""recorded condition/domain; not an inferred session ID""}"
feature_bank_force_concat_core_calibration_validation_20260915,error_complementarity.csv,383,db2f8b6b6729c9a63aaa790f88405544bf19014c8444d1d74a83f329263c0a3d,libemg_contraction_intensity,8,Hard,Core,F5_Temporal,0.3799802978286742,0.3214285714285714,0.21428571428571427,0.07142857142857142,"{""session/domain"": ""recorded condition/domain; not an inferred session ID""}"
feature_bank_force_concat_core_calibration_validation_20260915,error_complementarity.csv,384,1482dc2e253f9a9e600b60504c6e4903cdba1022a1cfed7374b5f67402521d62,libemg_contraction_intensity,8,Hard,Core,F9_Quality,0.7177405625652733,0.14285714285714285,0.14285714285714285,0.0,"{""session/domain"": ""recorded condition/domain; not an inferred session ID""}"
feature_bank_force_concat_core_calibration_validation_20260915,error_complementarity.csv,385,1e3cecc760dde15ed141feb57aa5c20705019b7ed49a31d058f35dd3c84ccd67,libemg_contraction_intensity,8,"{""source_condition"": ""Ramp""}",Core,F3_Ring,0.22381254620263832,0.7346938775510203,0.43537414965986393,0.044217687074829926,"{""session/domain"": ""run manifest evaluation domain""}"
feature_bank_force_concat_core_calibration_validation_20260915,error_complementarity.csv,386,0b5d80452657b8e217123055d1c4fa6926e204ee08d5edc1c089404eb262d3fe,libemg_contraction_intensity,8,"{""source_condition"": ""Ramp""}",Core,F4_Spectral,0.6054645867779279,0.21768707482993196,0.06122448979591836,0.11224489795918367,"{""session/domain"": ""run manifest evaluation domain""}"
feature_bank_force_concat_core_calibration_validation_20260915,error_complementarity.csv,387,29574d5f2fe4ef575169f7b6cf797d13c0fd74b9dc14cd9e93471a63a0ad95dd,libemg_contraction_intensity,8,"{""source_condition"": ""Ramp""}",Core,F5_Temporal,0.4680021294145333,0.3197278911564626,0.1462585034013605,0.1020408163265306,"{""session/domain"": ""run manifest evaluation domain""}"
feature_bank_force_concat_core_calibration_validation_20260915,error_complementarity.csv,388,bc3e0c8c1708f6fa90bf41be8de075d835b4a5c7b183825edce1a1e4804dea08,libemg_contraction_intensity,8,"{""source_condition"": ""Ramp""}",Core,F9_Quality,0.5385778540944486,0.26870748299319724,0.13605442176870747,0.08163265306122448,"{""session/domain"": ""run manifest evaluation domain""}"
feature_bank_force_concat_core_calibration_validation_20260915,error_complementarity.csv,389,5b846e08f4e8ff506aa2d4a8ab990e436ba1f34edba2a7b70b9a86a4e7f138e3,libemg_contraction_intensity,8,20P,Core,F3_Ring,-0.21739130434782608,0.9285714285714284,0.17857142857142855,0.17857142857142855,"{""session/domain"": ""recorded condition/domain; not an inferred session ID""}"
feature_bank_force_concat_core_calibration_validation_20260915,error_complementarity.csv,390,a86fbe52a2b6ce8bc898037cdc3c4633e8e965657df3d6df8e7bb830cf555fa1,libemg_contraction_intensity,8,20P,Core,F4_Spectral,0.5307910421576297,0.3928571428571428,0.03571428571428571,0.14285714285714285,"{""session/domain"": ""recorded condition/domain; not an inferred session ID""}"
feature_bank_force_concat_core_calibration_validation_20260915,error_complementarity.csv,391,6fbcf389b44bdea8723b21a4486d5ae98bca0f50806b303842c5b73bee0d0847,libemg_contraction_intensity,8,20P,Core,F5_Temporal,0.6655458298621545,0.3928571428571428,0.03571428571428571,0.07142857142857142,"{""session/domain"": ""recorded condition/domain; not an inferred session ID""}"
feature_bank_force_concat_core_calibration_validation_20260915,error_complementarity.csv,392,1553f8516b4a2a9784b910688e2c2790113c86d03e04d392a8f6d0ee7399a67b,libemg_contraction_intensity,8,20P,Core,F9_Quality,0.6655458298621545,0.4642857142857142,0.03571428571428571,0.07142857142857142,"{""session/domain"": ""recorded condition/domain; not an inferred session ID""}"
feature_bank_force_concat_core_calibration_validation_20260915,error_complementarity.csv,393,bb628ff6293ef1aa97e66dc1f3155c18b42e19f1a3d25ded67b6d9000b864f78,libemg_contraction_intensity,8,30P,Core,F3_Ring,0.26516504294495535,0.7857142857142856,0.3214285714285714,0.03571428571428571,"{""session/domain"": ""recorded condition/domain; not an inferred session ID""}"
feature_bank_force_concat_core_calibration_validation_20260915,error_complementarity.csv,394,6d36a187001b8d64435b47a11fb017eba082309833ba49c7ca75248396a8b43d,libemg_contraction_intensity,8,30P,Core,F4_Spectral,0.4010903143747116,0.4999999999999999,0.07142857142857142,0.25,"{""session/domain"": ""recorded condition/domain; not an inferred session ID""}"
feature_bank_force_concat_core_calibration_validation_20260915,error_complementarity.csv,395,fde0ba3fb46eddc8176cdbae628246ec686124aa8c44d29459383ecd606a56ef,libemg_contraction_intensity,8,30P,Core,F5_Temporal,0.3514317480027572,0.4642857142857142,0.14285714285714285,0.17857142857142855,"{""session/domain"": ""recorded condition/domain; not an inferred session ID""}"
feature_bank_force_concat_core_calibration_validation_20260915,error_complementarity.csv,396,af8a6dfbe9f98e2dcecc42fb47e54dd53361fbc470813ac75c1f50a59f2e5a52,libemg_contraction_intensity,8,30P,Core,F9_Quality,0.37210420376762526,0.4285714285714285,0.10714285714285714,0.21428571428571425,"{""session/domain"": ""recorded condition/domain; not an inferred session ID""}"
feature_bank_force_concat_core_calibration_validation_20260915,error_complementarity.csv,397,573e98ace5a3ad8580c8c73b3094a0b700bd34b9b567f877df9d0260af9ef325,libemg_contraction_intensity,8,40P,Core,F3_Ring,0.2955402316445244,0.7499999999999999,0.3928571428571428,0.03571428571428571,"{""session/domain"": ""recorded condition/domain; not an inferred session ID""}"
feature_bank_force_concat_core_calibration_validation_20260915,error_complementarity.csv,398,ff03142ff3bd13bf0634676e235457caee21ffbf83cb6d47a68c94275262861f,libemg_contraction_intensity,8,40P,Core,F4_Spectral,0.6213664431593421,0.21428571428571427,0.07142857142857142,0.10714285714285714,"{""session/domain"": ""recorded condition/domain; not an inferred session ID""}"
feature_bank_force_concat_core_calibration_validation_20260915,error_complementarity.csv,399,18da05ea8613013925f67e80d6ec4b6a5b273bb3f5f511682a2e516c61bc1975,libemg_contraction_intensity,8,40P,Core,F5_Temporal,0.27754778174292477,0.49999999999999994,0.21428571428571427,0.14285714285714285,"{""session/domain"": ""recorded condition/domain; not an inferred session ID""}"
feature_bank_force_concat_core_calibration_validation_20260915,error_complementarity.csv,400,c30a7e7925c661ab3808f04ba676d9c54c9630822eceffae83f3a370da9308f3,libemg_contraction_intensity,8,40P,Core,F9_Quality,0.4555973021063105,0.2857142857142857,0.21428571428571425,0.07142857142857142,"{""session/domain"": ""recorded condition/domain; not an inferred session ID""}"
feature_bank_force_concat_core_calibration_validation_20260915,error_complementarity.csv,401,0bb92bc781d743e3293aae5b4912e4daacdc40d440ffbb1bf8153336ae7ce799,libemg_contraction_intensity,8,50P,Core,F3_Ring,0.464420364012824,0.5714285714285714,0.3571428571428571,0.0,"{""session/domain"": ""recorded condition/domain; not an inferred session ID""}"
feature_bank_force_concat_core_calibration_validation_20260915,error_complementarity.csv,402,56f2d7108ad7374a240f6ace336ef19a14e00f870d9eca05587b262a3cf7215a,libemg_contraction_intensity,8,50P,Core,F4_Spectral,0.6190476190476191,0.17857142857142855,0.07142857142857142,0.07142857142857142,"{""session/domain"": ""recorded condition/domain; not an inferred session ID""}"
feature_bank_force_concat_core_calibration_validation_20260915,error_complementarity.csv,403,5841ed38fa9a50e468fbcd3b15d624c4e26809141e088bb3477f91cd4a0bc05b,libemg_contraction_intensity,8,50P,Core,F5_Temporal,0.10050378152592122,0.3214285714285714,0.14285714285714285,0.17857142857142855,"{""session/domain"": ""recorded condition/domain; not an inferred session ID""}"
feature_bank_force_concat_core_calibration_validation_20260915,error_complementarity.csv,404,b9118cea4c59a6a6a914c821a3a56d7a61e4bf47a35e86541e9dc0c37f644b4a,libemg_contraction_intensity,8,50P,Core,F9_Quality,0.2581988897471612,0.3214285714285714,0.21428571428571427,0.10714285714285714,"{""session/domain"": ""recorded condition/domain; not an inferred session ID""}"
feature_bank_force_concat_core_calibration_validation_20260915,error_complementarity.csv,405,7bdad415ccd0409445fd5f108b8177b7091e1a2c975ff94608fecb0df9ea0d04,libemg_contraction_intensity,8,60P,Core,F3_Ring,0.3333333333333334,0.7142857142857142,0.5,0.0,"{""session/domain"": ""recorded condition/domain; not an inferred session ID""}"
feature_bank_force_concat_core_calibration_validation_20260915,error_complementarity.csv,406,23f089b76c80bfbc79ef39b65a90388c992e624e5a75ba3ecf93d7e8e79f58aa,libemg_contraction_intensity,8,60P,Core,F4_Spectral,0.42857142857142866,0.21428571428571425,0.10714285714285714,0.10714285714285714,"{""session/domain"": ""recorded condition/domain; not an inferred session ID""}"
feature_bank_force_concat_core_calibration_validation_20260915,error_complementarity.csv,407,8b26217c96c561ab23f71ae4b60df8e580f2cd7ba95b0dd1643191f956e89f62,libemg_contraction_intensity,8,60P,Core,F5_Temporal,0.4285714285714286,0.21428571428571427,0.10714285714285714,0.10714285714285714,"{""session/domain"": ""recorded condition/domain; not an inferred session ID""}"
feature_bank_force_concat_core_calibration_validation_20260915,error_complementarity.csv,408,195eab6e1ec2f9e57a84fa64696cc22384d9a9fc029a7b223fb007c897a7d4d4,libemg_contraction_intensity,8,60P,Core,F9_Quality,0.7302967433402218,0.10714285714285714,0.07142857142857142,0.03571428571428571,"{""session/domain"": ""recorded condition/domain; not an inferred session ID""}"
feature_bank_force_concat_core_calibration_validation_20260915,error_complementarity.csv,409,e1d0e59472356b584a1374d3ef1dee8f42b01cce487f367152b6413cb747ab49,libemg_contraction_intensity,8,70P,Core,F3_Ring,0.2357022603955158,0.7499999999999999,0.6071428571428571,0.0,"{""session/domain"": ""recorded condition/domain; not an inferred session ID""}"
feature_bank_force_concat_core_calibration_validation_20260915,error_complementarity.csv,410,57902183eab693a5bab62432a1d430b525a095cf237017e4a754e1a45ff8957a,libemg_contraction_intensity,8,70P,Core,F4_Spectral,0.7817359599705718,0.07142857142857142,0.07142857142857142,0.0,"{""session/domain"": ""recorded condition/domain; not an inferred session ID""}"
feature_bank_force_concat_core_calibration_validation_20260915,error_complementarity.csv,411,a54b1127fb16843ecb75454289cd35f4c4e0882a34ca57562bfcddf0b85a1fd9,libemg_contraction_intensity,8,70P,Core,F5_Temporal,0.5931710140017395,0.17857142857142855,0.17857142857142855,0.0,"{""session/domain"": ""recorded condition/domain; not an inferred session ID""}"
feature_bank_force_concat_core_calibration_validation_20260915,error_complementarity.csv,412,9d11f5a800681db47790b21587169b551d1af93b901c220e25e1fb6852c7ceb0,libemg_contraction_intensity,8,70P,Core,F9_Quality,0.5931710140017395,0.17857142857142855,0.17857142857142855,0.0,"{""session/domain"": ""recorded condition/domain; not an inferred session ID""}"
feature_bank_force_concat_core_calibration_validation_20260915,error_complementarity.csv,413,751708c6e890ba34a68c89e2df7b101be7be942888108ac0365303ae9873c7ba,libemg_contraction_intensity,8,80P,Core,F3_Ring,0.2581988897471611,0.6428571428571428,0.5714285714285714,0.0,"{""session/domain"": ""recorded condition/domain; not an inferred session ID""}"
feature_bank_force_concat_core_calibration_validation_20260915,error_complementarity.csv,414,c291d7df358de25076016e651508fdd5a89debe5457f8a51921f9eccd49d9c5a,libemg_contraction_intensity,8,80P,Core,F4_Spectral,0.8755950357709132,0.03571428571428571,0.03571428571428571,0.0,"{""session/domain"": ""recorded condition/domain; not an inferred session ID""}"
feature_bank_force_concat_core_calibration_validation_20260915,error_complementarity.csv,415,e8cb5fafd73f159d1cecdaebf0e4490a160143124176020b7931d71bbf7c8a8b,libemg_contraction_intensity,8,80P,Core,F5_Temporal,0.8755950357709132,0.03571428571428571,0.03571428571428571,0.0,"{""session/domain"": ""recorded condition/domain; not an inferred session ID""}"
feature_bank_force_concat_core_calibration_validation_20260915,error_complementarity.csv,416,05ddb065678b35b2dc8a82a6fee338c48c7cefc1061563d229d28dd5d1f9360d,libemg_contraction_intensity,8,80P,Core,F9_Quality,0.4714045207910316,0.2857142857142857,0.2857142857142857,0.0,"{""session/domain"": ""recorded condition/domain; not an inferred session ID""}"
feature_bank_force_concat_core_calibration_validation_20260915,error_complementarity.csv,417,865f4e6548f31c3ef0ce1f3c530e7cb1c4757f13f651c5d88306188b0f92cb91,libemg_contraction_intensity,8,MVC,Core,F3_Ring,0.4522670168666454,0.7142857142857142,0.3571428571428571,0.0,"{""session/domain"": ""recorded condition/domain; not an inferred session ID""}"
feature_bank_force_concat_core_calibration_validation_20260915,error_complementarity.csv,418,fdf0ccc878aaa9b003a2daa691cd7ef5a1addb7ec8d99bdccef7727654134b5f,libemg_contraction_intensity,8,MVC,Core,F4_Spectral,0.25125945381480297,0.3571428571428571,0.07142857142857142,0.2857142857142857,"{""session/domain"": ""recorded condition/domain; not an inferred session ID""}"
feature_bank_force_concat_core_calibration_validation_20260915,error_complementarity.csv,419,4bac1a587582d713dfc1bcc5b4bef9a2ee761f18ebd46a72d2e9a426783fc438,libemg_contraction_intensity,8,MVC,Core,F5_Temporal,0.7302967433402213,0.21428571428571427,0.0,0.14285714285714285,"{""session/domain"": ""recorded condition/domain; not an inferred session ID""}"
feature_bank_force_concat_core_calibration_validation_20260915,error_complementarity.csv,420,4b7b62a4adea5c4ebb4c9f648079694cee17dae45ee4ae8f5ee879e249313c4d,libemg_contraction_intensity,8,MVC,Core,F9_Quality,1.0000000000000002,0.07142857142857142,0.0,0.0,"{""session/domain"": ""recorded condition/domain; not an inferred session ID""}"
feature_bank_force_concat_core_calibration_validation_20260915,error_complementarity.csv,421,d739643cf1cf50fd6f2b45ee2c43fc26eba9bd7e6c14545555e6f5ca2e896fa3,libemg_contraction_intensity,8,Light,Core,F3_Ring,0.24046373977128352,0.6785714285714285,0.3571428571428571,0.07142857142857142,"{""session/domain"": ""recorded condition/domain; not an inferred session ID""}"
feature_bank_force_concat_core_calibration_validation_20260915,error_complementarity.csv,422,0393bc477a13010b33c0fe87b4e3b1f10abc43f598799bb84127825891396855,libemg_contraction_intensity,8,Light,Core,F4_Spectral,0.1387491870188641,0.3928571428571428,0.14285714285714285,0.25,"{""session/domain"": ""recorded condition/domain; not an inferred session ID""}"
feature_bank_force_concat_core_calibration_validation_20260915,error_complementarity.csv,423,eb2a37c3a737791949bbb6b8f2b00b7f416b0ebc3d63fc90206c91d8772665b4,libemg_contraction_intensity,8,Light,Core,F5_Temporal,0.1899901489143371,0.4285714285714285,0.21428571428571425,0.17857142857142855,"{""session/domain"": ""recorded condition/domain; not an inferred session ID""}"
feature_bank_force_concat_core_calibration_validation_20260915,error_complementarity.csv,424,aab50186494efdb97c7327b55210bee120faa9523062add4d58f38cba1ea2b7f,libemg_contraction_intensity,8,Light,Core,F9_Quality,0.08956221510397985,0.4285714285714285,0.07142857142857142,0.3214285714285714,"{""session/domain"": ""recorded condition/domain; not an inferred session ID""}"
feature_bank_force_concat_core_calibration_validation_20260915,error_complementarity.csv,425,0d0e50c7dae2e7b48d2c402c5bd64297b7e1d8ea64927f87222ddfe7d7e507cf,libemg_contraction_intensity,8,Medium,Core,F3_Ring,-0.11795356492391769,0.7857142857142856,0.6071428571428571,0.07142857142857142,"{""session/domain"": ""recorded condition/domain; not an inferred session ID""}"
feature_bank_force_concat_core_calibration_validation_20260915,error_complementarity.csv,426,4e450b746a110c990a1251711a11c1586064e18e68ec7143a2d55f94e8377fc9,libemg_contraction_intensity,8,Medium,Core,F4_Spectral,0.8755950357709132,0.03571428571428571,0.0,0.03571428571428571,"{""session/domain"": ""recorded condition/domain; not an inferred session ID""}"
feature_bank_force_concat_core_calibration_validation_20260915,error_complementarity.csv,427,ecaad32ad62587a457e5280fac2e1fe8fa234408aa2f3130805beeef68ea4c7b,libemg_contraction_intensity,8,Medium,Core,F5_Temporal,0.23631633593135148,0.3928571428571428,0.25,0.07142857142857142,"{""session/domain"": ""recorded condition/domain; not an inferred session ID""}"
feature_bank_force_concat_core_calibration_validation_20260915,error_complementarity.csv,428,3687fda0ea7951523640cfe880ba674168d2f51c059bebdb4cd590c2b3363d98,libemg_contraction_intensity,8,Medium,Core,F9_Quality,0.5922200922639821,0.14285714285714285,0.10714285714285714,0.03571428571428571,"{""session/domain"": ""recorded condition/domain; not an inferred session ID""}"
feature_bank_force_concat_core_calibration_validation_20260915,error_complementarity.csv,429,d1800acb1b07e7a64e2e28f697b88a1f65e7129c93454447a4d047159c1742df,libemg_contraction_intensity,8,Hard,Core,F3_Ring,0.04415107856883477,0.7499999999999999,0.49999999999999994,0.07142857142857142,"{""session/domain"": ""recorded condition/domain; not an inferred session ID""}"
feature_bank_force_concat_core_calibration_validation_20260915,error_complementarity.csv,430,d541a69321839635dcffb2cb931ad359ff6e22f32e915dfe7532c60f45a7de49,libemg_contraction_intensity,8,Hard,Core,F4_Spectral,0.8075728530872482,0.07142857142857142,0.0,0.07142857142857142,"{""session/domain"": ""recorded condition/domain; not an inferred session ID""}"
feature_bank_force_concat_core_calibration_validation_20260915,error_complementarity.csv,431,8c5556a2c05f0a143112dc63e89d511c30dc78772beba3066a8e4a8ec625755b,libemg_contraction_intensity,8,Hard,Core,F5_Temporal,0.3799802978286742,0.3214285714285714,0.21428571428571427,0.07142857142857142,"{""session/domain"": ""recorded condition/domain; not an inferred session ID""}"
feature_bank_force_concat_core_calibration_validation_20260915,error_complementarity.csv,432,285588b58197a2209445d93e0dd7ea438a84b20729c318dcae314b58fd3e6e42,libemg_contraction_intensity,8,Hard,Core,F9_Quality,0.7177405625652733,0.14285714285714285,0.14285714285714285,0.0,"{""session/domain"": ""recorded condition/domain; not an inferred session ID""}"
feature_bank_force_concat_core_calibration_validation_20260915,error_complementarity.csv,433,12625a552fae5a900264c7cbc0dc18423f9fb63ed4688f7152dec575dcf9af3e,libemg_contraction_intensity,8,"{""source_condition"": ""Ramp""}",Core,F3_Ring,0.23629590867027964,0.7312925170068028,0.43537414965986393,0.04081632653061224,"{""session/domain"": ""run manifest evaluation domain""}"
feature_bank_force_concat_core_calibration_validation_20260915,error_complementarity.csv,434,5c38ae87249554822733c4ad307367b42a7e4454984b5f1564a0b98e374b9f97,libemg_contraction_intensity,8,"{""source_condition"": ""Ramp""}",Core,F4_Spectral,0.6190306410376479,0.21088435374149658,0.057823129251700675,0.10884353741496598,"{""session/domain"": ""run manifest evaluation domain""}"
feature_bank_force_concat_core_calibration_validation_20260915,error_complementarity.csv,435,24e1010cadb35cd0feba2589aa9f3a965bf34158ecb0d793e795e884e20aff42,libemg_contraction_intensity,8,"{""source_condition"": ""Ramp""}",Core,F5_Temporal,0.4960057206326581,0.3129251700680272,0.1496598639455782,0.08843537414965985,"{""session/domain"": ""run manifest evaluation domain""}"
feature_bank_force_concat_core_calibration_validation_20260915,error_complementarity.csv,436,17411321ec4ef4ff1cc845d4700ac055ceb838bf52641f9c371d7039554e8d6a,libemg_contraction_intensity,8,"{""source_condition"": ""Ramp""}",Core,F9_Quality,0.5396710110081735,0.26530612244897955,0.12925170068027209,0.08503401360544217,"{""session/domain"": ""run manifest evaluation domain""}"
feature_bank_force_concat_core_calibration_validation_20260915,error_complementarity.csv,437,07bba1e3642f577e2fb54700d610287127296d955da0d806cce994910c4c2289,libemg_contraction_intensity,8,20P,Core,F3_Ring,-0.19034674690672027,0.9285714285714284,0.17857142857142855,0.14285714285714285,"{""session/domain"": ""recorded condition/domain; not an inferred session ID""}"
feature_bank_force_concat_core_calibration_validation_20260915,error_complementarity.csv,438,c8226a3c4e237696ffa2c3826263487a8deb56c122e4c79a9eddabb4df40bf0b,libemg_contraction_intensity,8,20P,Core,F4_Spectral,0.5307910421576297,0.3928571428571428,0.03571428571428571,0.14285714285714285,"{""session/domain"": ""recorded condition/domain; not an inferred session ID""}"
feature_bank_force_concat_core_calibration_validation_20260915,error_complementarity.csv,439,7e5f88eb3c3784e6832ba0c7e51e586acad6642dbb9bcc5fb6ed8c0929e4e5c6,libemg_contraction_intensity,8,20P,Core,F5_Temporal,0.6655458298621545,0.3928571428571428,0.03571428571428571,0.07142857142857142,"{""session/domain"": ""recorded condition/domain; not an inferred session ID""}"
feature_bank_force_concat_core_calibration_validation_20260915,error_complementarity.csv,440,82d815b5228df2d7ef6d38c8a41b99d3f6e4f4717674cd8394c0965cbef67642,libemg_contraction_intensity,8,20P,Core,F9_Quality,0.6655458298621545,0.4642857142857142,0.03571428571428571,0.07142857142857142,"{""session/domain"": ""recorded condition/domain; not an inferred session ID""}"
feature_bank_force_concat_core_calibration_validation_20260915,error_complementarity.csv,441,ba6306b54e505ca493847438dda4e3a9fcd8b9e3d37e2b3e094138d4cad61e77,libemg_contraction_intensity,8,30P,Core,F3_Ring,0.26516504294495535,0.7857142857142856,0.3214285714285714,0.03571428571428571,"{""session/domain"": ""recorded condition/domain; not an inferred session ID""}"
feature_bank_force_concat_core_calibration_validation_20260915,error_complementarity.csv,442,a3e3543a03751f09e160480d1972e17466f18c2aba80b658c4a115ed2a059066,libemg_contraction_intensity,8,30P,Core,F4_Spectral,0.4010903143747116,0.4999999999999999,0.07142857142857142,0.25,"{""session/domain"": ""recorded condition/domain; not an inferred session ID""}"
feature_bank_force_concat_core_calibration_validation_20260915,error_complementarity.csv,443,ad5688e05cc94999db5d04a52ebae2df74f0252d18c36d7779ec1f390a485b43,libemg_contraction_intensity,8,30P,Core,F5_Temporal,0.3514317480027572,0.4285714285714285,0.14285714285714285,0.17857142857142855,"{""session/domain"": ""recorded condition/domain; not an inferred session ID""}"
feature_bank_force_concat_core_calibration_validation_20260915,error_complementarity.csv,444,a969f4c8fd9283073ad4061e030410d17611c9ec5e93c9366987c465a162e391,libemg_contraction_intensity,8,30P,Core,F9_Quality,0.37210420376762526,0.4285714285714285,0.10714285714285714,0.21428571428571425,"{""session/domain"": ""recorded condition/domain; not an inferred session ID""}"
feature_bank_force_concat_core_calibration_validation_20260915,error_complementarity.csv,445,256a2b8b7cc28ee01e827abf5a6562d651e26d547b119426222611001247607e,libemg_contraction_intensity,8,40P,Core,F3_Ring,0.2955402316445244,0.7499999999999999,0.3928571428571428,0.03571428571428571,"{""session/domain"": ""recorded condition/domain; not an inferred session ID""}"
feature_bank_force_concat_core_calibration_validation_20260915,error_complementarity.csv,446,dbf74c68221df7c9df672b9f1265e804127731700ab3881632fd4a982c1b1ab2,libemg_contraction_intensity,8,40P,Core,F4_Spectral,0.6213664431593421,0.21428571428571427,0.07142857142857142,0.10714285714285714,"{""session/domain"": ""recorded condition/domain; not an inferred session ID""}"
feature_bank_force_concat_core_calibration_validation_20260915,error_complementarity.csv,447,f36f17c7e5c8faaecbe0f25c99875786f942c57bd517086ca3e64e600a77a1f4,libemg_contraction_intensity,8,40P,Core,F5_Temporal,0.36563621206356534,0.46428571428571425,0.21428571428571427,0.10714285714285714,"{""session/domain"": ""recorded condition/domain; not an inferred session ID""}"
feature_bank_force_concat_core_calibration_validation_20260915,error_complementarity.csv,448,19efb055fa78627ad8948827fdba4b25478b2cf3a8d06c5e31dc763915ca0b6a,libemg_contraction_intensity,8,40P,Core,F9_Quality,0.4555973021063105,0.2857142857142857,0.21428571428571425,0.07142857142857142,"{""session/domain"": ""recorded condition/domain; not an inferred session ID""}"
feature_bank_force_concat_core_calibration_validation_20260915,error_complementarity.csv,449,94207e07354ea6ac0bcb76423f6fc3f16fb6c438af187fd5cdb89483cf1e7110,libemg_contraction_intensity,8,50P,Core,F3_Ring,0.464420364012824,0.5714285714285714,0.3571428571428571,0.0,"{""session/domain"": ""recorded condition/domain; not an inferred session ID""}"
feature_bank_force_concat_core_calibration_validation_20260915,error_complementarity.csv,450,bc91d259d5f8268c788a478c7011007afcda28adb824b7b79a5c1314f4dd5fe1,libemg_contraction_intensity,8,50P,Core,F4_Spectral,0.6190476190476191,0.17857142857142855,0.07142857142857142,0.07142857142857142,"{""session/domain"": ""recorded condition/domain; not an inferred session ID""}"
feature_bank_force_concat_core_calibration_validation_20260915,error_complementarity.csv,451,b86cb095d61363543b91b43bcc80d1ee74aeacbaf0635dfb1e085ed5d26a0bfd,libemg_contraction_intensity,8,50P,Core,F5_Temporal,0.04761904761904761,0.3928571428571428,0.17857142857142855,0.17857142857142855,"{""session/domain"": ""recorded condition/domain; not an inferred session ID""}"
feature_bank_force_concat_core_calibration_validation_20260915,error_complementarity.csv,452,2699cb535f97e082e8c07ac772490a05907cea4338063a4c545e7dd2f1dbe2c0,libemg_contraction_intensity,8,50P,Core,F9_Quality,0.2581988897471612,0.3214285714285714,0.21428571428571427,0.10714285714285714,"{""session/domain"": ""recorded condition/domain; not an inferred session ID""}"
feature_bank_force_concat_core_calibration_validation_20260915,error_complementarity.csv,453,86249318e927e20c2a13a6c35021513819731d10d751718aae70ae5a931135b1,libemg_contraction_intensity,8,60P,Core,F3_Ring,0.30151134457776363,0.7142857142857142,0.5357142857142857,0.0,"{""session/domain"": ""recorded condition/domain; not an inferred session ID""}"
feature_bank_force_concat_core_calibration_validation_20260915,error_complementarity.csv,454,fa6075a18c14ddb3edceda932600a13ae7b1d0d7a9b3e74bf73c23191c05cac1,libemg_contraction_intensity,8,60P,Core,F4_Spectral,0.5025189076296062,0.17857142857142855,0.10714285714285714,0.07142857142857142,"{""session/domain"": ""recorded condition/domain; not an inferred session ID""}"
feature_bank_force_concat_core_calibration_validation_20260915,error_complementarity.csv,455,06ac7c3a6227edb7db563ce16a7ed412c1c2a39241f2763d879084026c723294,libemg_contraction_intensity,8,60P,Core,F5_Temporal,0.6330541649476574,0.17857142857142855,0.10714285714285714,0.03571428571428571,"{""session/domain"": ""recorded condition/domain; not an inferred session ID""}"
feature_bank_force_concat_core_calibration_validation_20260915,error_complementarity.csv,456,593fdd91ccd13a79cb491847ba2af34b57d44782119743cf66dafc16ee212bd7,libemg_contraction_intensity,8,60P,Core,F9_Quality,0.6655458298621545,0.10714285714285714,0.03571428571428571,0.07142857142857142,"{""session/domain"": ""recorded condition/domain; not an inferred session ID""}"
feature_bank_force_concat_core_calibration_validation_20260915,error_complementarity.csv,457,d2dc97aa8f625bab57b8ec98a21d16db6c7c43383b955977f2084bc748ec4716,libemg_contraction_intensity,8,70P,Core,F3_Ring,0.2581988897471611,0.7142857142857142,0.5714285714285714,0.0,"{""session/domain"": ""recorded condition/domain; not an inferred session ID""}"
feature_bank_force_concat_core_calibration_validation_20260915,error_complementarity.csv,458,906ab6593d7d28fcfc223a1f5139bed1ede3b680fae24b06975aa04d2db8c151,libemg_contraction_intensity,8,70P,Core,F4_Spectral,0.8755950357709132,0.03571428571428571,0.03571428571428571,0.0,"{""session/domain"": ""recorded condition/domain; not an inferred session ID""}"
feature_bank_force_concat_core_calibration_validation_20260915,error_complementarity.csv,459,fe5740d887f834d446a9f67abc80590d048438610a6989b3ce6120a952973604,libemg_contraction_intensity,8,70P,Core,F5_Temporal,0.5931710140017395,0.17857142857142855,0.17857142857142855,0.0,"{""session/domain"": ""recorded condition/domain; not an inferred session ID""}"
feature_bank_force_concat_core_calibration_validation_20260915,error_complementarity.csv,460,bb34439b116c6747cc30bf5c5829644a312686489a7131ba14b1b89aef7649b9,libemg_contraction_intensity,8,70P,Core,F9_Quality,0.5931710140017395,0.17857142857142855,0.17857142857142855,0.0,"{""session/domain"": ""recorded condition/domain; not an inferred session ID""}"
feature_bank_force_concat_core_calibration_validation_20260915,error_complementarity.csv,461,7f0a3214c8942c12a68de404c2dd2f948fac352491c10b770d76bac6800297a5,libemg_contraction_intensity,8,80P,Core,F3_Ring,0.2581988897471611,0.6428571428571428,0.5714285714285714,0.0,"{""session/domain"": ""recorded condition/domain; not an inferred session ID""}"
feature_bank_force_concat_core_calibration_validation_20260915,error_complementarity.csv,462,8305cb7df757860e824d2ab7c9ea663a6eb8da609150996c2c6ee85d6230bd54,libemg_contraction_intensity,8,80P,Core,F4_Spectral,0.8755950357709132,0.03571428571428571,0.03571428571428571,0.0,"{""session/domain"": ""recorded condition/domain; not an inferred session ID""}"
feature_bank_force_concat_core_calibration_validation_20260915,error_complementarity.csv,463,c0b7d98aae35cfb785bc6028265899a3392388d497ff23a311b6f9d591516e0a,libemg_contraction_intensity,8,80P,Core,F5_Temporal,0.8755950357709132,0.03571428571428571,0.03571428571428571,0.0,"{""session/domain"": ""recorded condition/domain; not an inferred session ID""}"
feature_bank_force_concat_core_calibration_validation_20260915,error_complementarity.csv,464,6f553c0677ca6cdf48bdad46039de678a9815cb4175fb87bd448f7ba3c1870d7,libemg_contraction_intensity,8,80P,Core,F9_Quality,0.4714045207910316,0.2857142857142857,0.2857142857142857,0.0,"{""session/domain"": ""recorded condition/domain; not an inferred session ID""}"
feature_bank_force_concat_core_calibration_validation_20260915,error_complementarity.csv,465,a7f7916aed45ee9ac2f20799a5db58137a0d238901bc4a6b830de809d273dbe1,libemg_contraction_intensity,8,MVC,Core,F3_Ring,0.4522670168666454,0.7142857142857142,0.3571428571428571,0.0,"{""session/domain"": ""recorded condition/domain; not an inferred session ID""}"
feature_bank_force_concat_core_calibration_validation_20260915,error_complementarity.csv,466,ef7cf0710366fdc1a5ab9a1683668bc10baa0f6f9e3ee29e1ef14522e3464243,libemg_contraction_intensity,8,MVC,Core,F4_Spectral,0.25125945381480297,0.3571428571428571,0.07142857142857142,0.2857142857142857,"{""session/domain"": ""recorded condition/domain; not an inferred session ID""}"
feature_bank_force_concat_core_calibration_validation_20260915,error_complementarity.csv,467,06af2d02fc1af35bd1898c7b7486e8dd3b7e3e2322073f773a972bf488ae0f60,libemg_contraction_intensity,8,MVC,Core,F5_Temporal,0.7302967433402213,0.21428571428571427,0.0,0.14285714285714285,"{""session/domain"": ""recorded condition/domain; not an inferred session ID""}"
feature_bank_force_concat_core_calibration_validation_20260915,error_complementarity.csv,468,ad552c91da961e255b06e0898e4bd19bee3ba0e9ea2217b2007ef459dd29de1b,libemg_contraction_intensity,8,MVC,Core,F9_Quality,1.0000000000000002,0.07142857142857142,0.0,0.0,"{""session/domain"": ""recorded condition/domain; not an inferred session ID""}"
feature_bank_force_concat_core_calibration_validation_20260915,error_complementarity.csv,469,54740368cd1eff792581891fcdfac779ba781e7c8fbff9cc27d6d3bca58b0767,libemg_contraction_intensity,8,Light,Core,F3_Ring,0.24046373977128352,0.6785714285714285,0.3571428571428571,0.07142857142857142,"{""session/domain"": ""recorded condition/domain; not an inferred session ID""}"
feature_bank_force_concat_core_calibration_validation_20260915,error_complementarity.csv,470,1d7c1578f50d7a1269bfde7aa8f81ef620c6ab5cbf0900f462d263a64aa30020,libemg_contraction_intensity,8,Light,Core,F4_Spectral,0.1387491870188641,0.3928571428571428,0.14285714285714285,0.25,"{""session/domain"": ""recorded condition/domain; not an inferred session ID""}"
feature_bank_force_concat_core_calibration_validation_20260915,error_complementarity.csv,471,eebd675a4b8e1739a848043e976f7afba1362b1980c9302a1ae97ad5f9943bd4,libemg_contraction_intensity,8,Light,Core,F5_Temporal,0.27754778174292477,0.3928571428571428,0.21428571428571425,0.14285714285714285,"{""session/domain"": ""recorded condition/domain; not an inferred session ID""}"
feature_bank_force_concat_core_calibration_validation_20260915,error_complementarity.csv,472,bbb9a9daa10af9e995cfd075eec80238eaea055c12984dee9c3785089b396b4d,libemg_contraction_intensity,8,Light,Core,F9_Quality,0.08956221510397985,0.4285714285714285,0.07142857142857142,0.3214285714285714,"{""session/domain"": ""recorded condition/domain; not an inferred session ID""}"
feature_bank_force_concat_core_calibration_validation_20260915,error_complementarity.csv,473,e89fb798b509ae304cb1e9fdaa34d08fe6ce8f8b1943d5450ae1f4aa361deae3,libemg_contraction_intensity,8,Medium,Core,F3_Ring,-0.11795356492391769,0.7857142857142856,0.6071428571428571,0.07142857142857142,"{""session/domain"": ""recorded condition/domain; not an inferred session ID""}"
feature_bank_force_concat_core_calibration_validation_20260915,error_complementarity.csv,474,ab9d5aa7dd706b5dc2afb2c75e7baeb0e0b7b9532b338edf0968167813c39ea4,libemg_contraction_intensity,8,Medium,Core,F4_Spectral,0.8755950357709132,0.03571428571428571,0.0,0.03571428571428571,"{""session/domain"": ""recorded condition/domain; not an inferred session ID""}"
feature_bank_force_concat_core_calibration_validation_20260915,error_complementarity.csv,475,e43cc3de1346329376a47773b785ff6a374281720da144012841cf77c4dd7dfd,libemg_contraction_intensity,8,Medium,Core,F5_Temporal,0.23631633593135148,0.3928571428571428,0.25,0.07142857142857142,"{""session/domain"": ""recorded condition/domain; not an inferred session ID""}"
feature_bank_force_concat_core_calibration_validation_20260915,error_complementarity.csv,476,c2cfed27a6e485d9d610f4e9e05d6800faed3a7d7d6c16c0251f00d1f190532d,libemg_contraction_intensity,8,Medium,Core,F9_Quality,0.6655458298621546,0.10714285714285714,0.07142857142857142,0.03571428571428571,"{""session/domain"": ""recorded condition/domain; not an inferred session ID""}"
feature_bank_force_concat_core_calibration_validation_20260915,error_complementarity.csv,477,791d5e4c58ed35ac17198b07b7904515bdf7e224571a14a8a805a27dadd1f419,libemg_contraction_intensity,8,Hard,Core,F3_Ring,0.04415107856883477,0.7499999999999999,0.49999999999999994,0.07142857142857142,"{""session/domain"": ""recorded condition/domain; not an inferred session ID""}"
feature_bank_force_concat_core_calibration_validation_20260915,error_complementarity.csv,478,75cb4396f97753777e3a08cc01d28330b6b1c62cc9afb6822bc5b8648fde3b14,libemg_contraction_intensity,8,Hard,Core,F4_Spectral,0.8075728530872482,0.07142857142857142,0.0,0.07142857142857142,"{""session/domain"": ""recorded condition/domain; not an inferred session ID""}"
feature_bank_force_concat_core_calibration_validation_20260915,error_complementarity.csv,479,bae4a63944ab46415eb69dc1aa37c474a66a3958ccf3722778125ef3e8dd22f6,libemg_contraction_intensity,8,Hard,Core,F5_Temporal,0.3799802978286742,0.3214285714285714,0.21428571428571427,0.07142857142857142,"{""session/domain"": ""recorded condition/domain; not an inferred session ID""}"
feature_bank_force_concat_core_calibration_validation_20260915,error_complementarity.csv,480,3969b7818268534301966a049f9656b9b8fa6ea7888ff8d0df8b35f5c7697b41,libemg_contraction_intensity,8,Hard,Core,F9_Quality,0.7177405625652733,0.14285714285714285,0.14285714285714285,0.0,"{""session/domain"": ""recorded condition/domain; not an inferred session ID""}"
feature_bank_force_concat_core_calibration_validation_20260915,error_complementarity.csv,481,448c11c9237985da00dfb8ff635e66047878483cc116b0bbbfc975d633ee6407,libemg_contraction_intensity,8,"{""source_condition"": ""Ramp""}",Core,F3_Ring,0.22381254620263832,0.7346938775510203,0.43537414965986393,0.044217687074829926,"{""session/domain"": ""run manifest evaluation domain""}"
feature_bank_force_concat_core_calibration_validation_20260915,error_complementarity.csv,482,d96dd415683703af73c64a2a2cc3342d970fd7b5c581bf4bd3e9f83d246fe4f1,libemg_contraction_intensity,8,"{""source_condition"": ""Ramp""}",Core,F4_Spectral,0.6054645867779279,0.21768707482993196,0.06122448979591836,0.11224489795918367,"{""session/domain"": ""run manifest evaluation domain""}"
feature_bank_force_concat_core_calibration_validation_20260915,error_complementarity.csv,483,0a71326233db10de4a4595204ff920e6543f83cfd1698d5303b0510ca7653524,libemg_contraction_intensity,8,"{""source_condition"": ""Ramp""}",Core,F5_Temporal,0.4680021294145333,0.3197278911564626,0.1462585034013605,0.1020408163265306,"{""session/domain"": ""run manifest evaluation domain""}"
feature_bank_force_concat_core_calibration_validation_20260915,error_complementarity.csv,484,bafc83a18a253b3306e98aabd8f5b1f0efeb686c353b68ef46fb416983424f40,libemg_contraction_intensity,8,"{""source_condition"": ""Ramp""}",Core,F9_Quality,0.5385778540944486,0.26870748299319724,0.13605442176870747,0.08163265306122448,"{""session/domain"": ""run manifest evaluation domain""}"
feature_bank_force_concat_core_calibration_validation_20260915,error_complementarity.csv,485,ae772853639157b99dab91cd5b6120c1309a7f0f5e9f81082f89932ae4a40d00,libemg_contraction_intensity,8,20P,Core,F3_Ring,-0.21739130434782608,0.9285714285714284,0.17857142857142855,0.17857142857142855,"{""session/domain"": ""recorded condition/domain; not an inferred session ID""}"
feature_bank_force_concat_core_calibration_validation_20260915,error_complementarity.csv,486,82a244714184f4af6ed03e7e4368c6fd43044d7ecbca40239e4e45cbd22072e8,libemg_contraction_intensity,8,20P,Core,F4_Spectral,0.5307910421576297,0.3928571428571428,0.03571428571428571,0.14285714285714285,"{""session/domain"": ""recorded condition/domain; not an inferred session ID""}"
feature_bank_force_concat_core_calibration_validation_20260915,error_complementarity.csv,487,5e4990d77673a8d0ec3ea5b62556d25ffd210dd8c4bea22193b1a4a33f96525c,libemg_contraction_intensity,8,20P,Core,F5_Temporal,0.6655458298621545,0.3928571428571428,0.03571428571428571,0.07142857142857142,"{""session/domain"": ""recorded condition/domain; not an inferred session ID""}"
feature_bank_force_concat_core_calibration_validation_20260915,error_complementarity.csv,488,a4d89824975defbebaa9e0d653e7b2d6f58c93d2a22301b0ad76d2d85635facc,libemg_contraction_intensity,8,20P,Core,F9_Quality,0.6655458298621545,0.4642857142857142,0.03571428571428571,0.07142857142857142,"{""session/domain"": ""recorded condition/domain; not an inferred session ID""}"
feature_bank_force_concat_core_calibration_validation_20260915,error_complementarity.csv,489,bf5dff3df24f2d49f50d16c516e8c8e7af9a42491c6d0234e858b758c5f60b8a,libemg_contraction_intensity,8,30P,Core,F3_Ring,0.26516504294495535,0.7857142857142856,0.3214285714285714,0.03571428571428571,"{""session/domain"": ""recorded condition/domain; not an inferred session ID""}"
feature_bank_force_concat_core_calibration_validation_20260915,error_complementarity.csv,490,08cf54cd155c0b65f9a2aff7ae2c8c912a343691e35c26b85f3ee9c4193f7c90,libemg_contraction_intensity,8,30P,Core,F4_Spectral,0.4010903143747116,0.4999999999999999,0.07142857142857142,0.25,"{""session/domain"": ""recorded condition/domain; not an inferred session ID""}"
feature_bank_force_concat_core_calibration_validation_20260915,error_complementarity.csv,491,06c5753e35d8de384ba23ea77b0cb1a37dfa293186ceea1bad7c1ec77d578a0f,libemg_contraction_intensity,8,30P,Core,F5_Temporal,0.3514317480027572,0.4642857142857142,0.14285714285714285,0.17857142857142855,"{""session/domain"": ""recorded condition/domain; not an inferred session ID""}"
feature_bank_force_concat_core_calibration_validation_20260915,error_complementarity.csv,492,2ab6263fb0dda34397cef2412f76defe4f1a0bb8ef43ccc5b596037c3f515a8e,libemg_contraction_intensity,8,30P,Core,F9_Quality,0.37210420376762526,0.4285714285714285,0.10714285714285714,0.21428571428571425,"{""session/domain"": ""recorded condition/domain; not an inferred session ID""}"
feature_bank_force_concat_core_calibration_validation_20260915,error_complementarity.csv,493,cd1ae2a617a264a24f8889a66f63f756c361b33b1ed500e095296243fb1d860f,libemg_contraction_intensity,8,40P,Core,F3_Ring,0.2955402316445244,0.7499999999999999,0.3928571428571428,0.03571428571428571,"{""session/domain"": ""recorded condition/domain; not an inferred session ID""}"
feature_bank_force_concat_core_calibration_validation_20260915,error_complementarity.csv,494,9635afe6eabb33ccd73dfa9c05d5b2eed0459cf6d7bd0f93addc3871565e6355,libemg_contraction_intensity,8,40P,Core,F4_Spectral,0.6213664431593421,0.21428571428571427,0.07142857142857142,0.10714285714285714,"{""session/domain"": ""recorded condition/domain; not an inferred session ID""}"
feature_bank_force_concat_core_calibration_validation_20260915,error_complementarity.csv,495,06b8d66bf2a73eec653fd7e1ca45628145e3ef9cd7bc44a5f8f56ef348db42b6,libemg_contraction_intensity,8,40P,Core,F5_Temporal,0.27754778174292477,0.49999999999999994,0.21428571428571427,0.14285714285714285,"{""session/domain"": ""recorded condition/domain; not an inferred session ID""}"
feature_bank_force_concat_core_calibration_validation_20260915,error_complementarity.csv,496,8b2bc09bd58916c1ed17b88126fa3f23b916a41a076b36d6a38722d0cd81587c,libemg_contraction_intensity,8,40P,Core,F9_Quality,0.4555973021063105,0.2857142857142857,0.21428571428571425,0.07142857142857142,"{""session/domain"": ""recorded condition/domain; not an inferred session ID""}"
feature_bank_force_concat_core_calibration_validation_20260915,error_complementarity.csv,497,d6e4f6e34311f271d0e9bb230ae378e920a7d75692b0e8c93e6da405e104fe32,libemg_contraction_intensity,8,50P,Core,F3_Ring,0.464420364012824,0.5714285714285714,0.3571428571428571,0.0,"{""session/domain"": ""recorded condition/domain; not an inferred session ID""}"
feature_bank_force_concat_core_calibration_validation_20260915,error_complementarity.csv,498,95d9ce58aaa70bcfb7e8c0b64a39ee309f239254da9b1760fe461510bc07a8d5,libemg_contraction_intensity,8,50P,Core,F4_Spectral,0.6190476190476191,0.17857142857142855,0.07142857142857142,0.07142857142857142,"{""session/domain"": ""recorded condition/domain; not an inferred session ID""}"
feature_bank_force_concat_core_calibration_validation_20260915,error_complementarity.csv,499,390fdd6e06fc4012cafacc35be1da9cae42b98b65abfa03ff758164aa2347d7b,libemg_contraction_intensity,8,50P,Core,F5_Temporal,0.10050378152592122,0.3214285714285714,0.14285714285714285,0.17857142857142855,"{""session/domain"": ""recorded condition/domain; not an inferred session ID""}"
feature_bank_force_concat_core_calibration_validation_20260915,error_complementarity.csv,500,e3f8683f97cb7f6595cc65ae660c95ee80ff977c18770cf85fd63f022abf332c,libemg_contraction_intensity,8,50P,Core,F9_Quality,0.2581988897471612,0.3214285714285714,0.21428571428571427,0.10714285714285714,"{""session/domain"": ""recorded condition/domain; not an inferred session ID""}"
feature_bank_force_concat_core_calibration_validation_20260915,error_complementarity.csv,501,56eae7a9f47421104e8122d78ba7a9888d49dd6ec3b783808ba055bd13c05b45,libemg_contraction_intensity,8,60P,Core,F3_Ring,0.3333333333333334,0.7142857142857142,0.5,0.0,"{""session/domain"": ""recorded condition/domain; not an inferred session ID""}"
feature_bank_force_concat_core_calibration_validation_20260915,error_complementarity.csv,502,f0853e8ccab94a803891a2b2c6f400fcb9fac6d18960c4831b1effa0f4c97ab2,libemg_contraction_intensity,8,60P,Core,F4_Spectral,0.42857142857142866,0.21428571428571425,0.10714285714285714,0.10714285714285714,"{""session/domain"": ""recorded condition/domain; not an inferred session ID""}"
feature_bank_force_concat_core_calibration_validation_20260915,error_complementarity.csv,503,ef06ff5719a6adaf2bc31fabd714e5d86df8a389dc9958e5bf4c33d406f2ae86,libemg_contraction_intensity,8,60P,Core,F5_Temporal,0.4285714285714286,0.21428571428571427,0.10714285714285714,0.10714285714285714,"{""session/domain"": ""recorded condition/domain; not an inferred session ID""}"
feature_bank_force_concat_core_calibration_validation_20260915,error_complementarity.csv,504,fa89ffc2ce1de6181adc500be37dec9f59dcd013a6129c99b9d619e70c2686c0,libemg_contraction_intensity,8,60P,Core,F9_Quality,0.7302967433402218,0.10714285714285714,0.07142857142857142,0.03571428571428571,"{""session/domain"": ""recorded condition/domain; not an inferred session ID""}"
feature_bank_force_concat_core_calibration_validation_20260915,error_complementarity.csv,505,cb857511516029ec33cd385b07859611308bbf061df694f2f8c1b317ddbe31f5,libemg_contraction_intensity,8,70P,Core,F3_Ring,0.2357022603955158,0.7499999999999999,0.6071428571428571,0.0,"{""session/domain"": ""recorded condition/domain; not an inferred session ID""}"
feature_bank_force_concat_core_calibration_validation_20260915,error_complementarity.csv,506,54bcaafbb05b55673e6b5cfa744de4db00cbd31a4f7b5a0334e55e700d518c85,libemg_contraction_intensity,8,70P,Core,F4_Spectral,0.7817359599705718,0.07142857142857142,0.07142857142857142,0.0,"{""session/domain"": ""recorded condition/domain; not an inferred session ID""}"
feature_bank_force_concat_core_calibration_validation_20260915,error_complementarity.csv,507,0bced4b48cd8ace9d0d1fb69a270e1461bc81814bddacb718eeeee71cf725404,libemg_contraction_intensity,8,70P,Core,F5_Temporal,0.5931710140017395,0.17857142857142855,0.17857142857142855,0.0,"{""session/domain"": ""recorded condition/domain; not an inferred session ID""}"
feature_bank_force_concat_core_calibration_validation_20260915,error_complementarity.csv,508,0edcb708879724b1121e581ce2c1ac32d5df3a805d9a76b897e55ccaf809ea6d,libemg_contraction_intensity,8,70P,Core,F9_Quality,0.5931710140017395,0.17857142857142855,0.17857142857142855,0.0,"{""session/domain"": ""recorded condition/domain; not an inferred session ID""}"
feature_bank_force_concat_core_calibration_validation_20260915,error_complementarity.csv,509,db112d88f21377e194e77893102d3154ef9e79442325aacdce1d380e1e81f5a6,libemg_contraction_intensity,8,80P,Core,F3_Ring,0.2581988897471611,0.6428571428571428,0.5714285714285714,0.0,"{""session/domain"": ""recorded condition/domain; not an inferred session ID""}"
feature_bank_force_concat_core_calibration_validation_20260915,error_complementarity.csv,510,19901f23bec924fe20ec66afab2f1d7f8d71b3cbc54d46c7f71d3f48626af005,libemg_contraction_intensity,8,80P,Core,F4_Spectral,0.8755950357709132,0.03571428571428571,0.03571428571428571,0.0,"{""session/domain"": ""recorded condition/domain; not an inferred session ID""}"
feature_bank_force_concat_core_calibration_validation_20260915,error_complementarity.csv,511,8c04ef36695e6ae36d91d6e85e460edb1f4c90616fe9bdfcb14747b7e8088c7d,libemg_contraction_intensity,8,80P,Core,F5_Temporal,0.8755950357709132,0.03571428571428571,0.03571428571428571,0.0,"{""session/domain"": ""recorded condition/domain; not an inferred session ID""}"
feature_bank_force_concat_core_calibration_validation_20260915,error_complementarity.csv,512,23431d9321c5a583532755b8e90397b2fcf53436e85e4f7e84eb120586cdb004,libemg_contraction_intensity,8,80P,Core,F9_Quality,0.4714045207910316,0.2857142857142857,0.2857142857142857,0.0,"{""session/domain"": ""recorded condition/domain; not an inferred session ID""}"
feature_bank_force_concat_core_calibration_validation_20260915,error_complementarity.csv,513,f2e0f02bbd38f2d201ce92a2ebad1d6824532bac1db0820cf03b0b1c2def6a53,libemg_contraction_intensity,8,MVC,Core,F3_Ring,0.4522670168666454,0.7142857142857142,0.3571428571428571,0.0,"{""session/domain"": ""recorded condition/domain; not an inferred session ID""}"
feature_bank_force_concat_core_calibration_validation_20260915,error_complementarity.csv,514,933b1a447291ef4c5e69a232fef51972e818d5d46808762d5f8092b22e03090b,libemg_contraction_intensity,8,MVC,Core,F4_Spectral,0.25125945381480297,0.3571428571428571,0.07142857142857142,0.2857142857142857,"{""session/domain"": ""recorded condition/domain; not an inferred session ID""}"
feature_bank_force_concat_core_calibration_validation_20260915,error_complementarity.csv,515,3cece4170fe0d74927a8671951946145a8c4d4ff9d39560451a0c277ad7c130a,libemg_contraction_intensity,8,MVC,Core,F5_Temporal,0.7302967433402213,0.21428571428571427,0.0,0.14285714285714285,"{""session/domain"": ""recorded condition/domain; not an inferred session ID""}"
feature_bank_force_concat_core_calibration_validation_20260915,error_complementarity.csv,516,20d0521bfa281327940a673bbd7c9bbed6bb0e38e14377e49c099beeecaae364,libemg_contraction_intensity,8,MVC,Core,F9_Quality,1.0000000000000002,0.07142857142857142,0.0,0.0,"{""session/domain"": ""recorded condition/domain; not an inferred session ID""}"
feature_bank_force_concat_core_calibration_validation_20260915,error_complementarity.csv,517,945d8a9618a7b0f74205a38163981a92e4fd399688703f80d56479441a56090e,libemg_contraction_intensity,8,Light,Core,F3_Ring,0.24046373977128352,0.6785714285714285,0.3571428571428571,0.07142857142857142,"{""session/domain"": ""recorded condition/domain; not an inferred session ID""}"
feature_bank_force_concat_core_calibration_validation_20260915,error_complementarity.csv,518,4cc59cea6ffb70225edb455c55bdb5402d2958c607d4af482a7019395051bce0,libemg_contraction_intensity,8,Light,Core,F4_Spectral,0.1387491870188641,0.3928571428571428,0.14285714285714285,0.25,"{""session/domain"": ""recorded condition/domain; not an inferred session ID""}"
feature_bank_force_concat_core_calibration_validation_20260915,error_complementarity.csv,519,8830e5fc07e6f7d223f87d35268dad18705421990caaeb82361b5bf9ca449fd2,libemg_contraction_intensity,8,Light,Core,F5_Temporal,0.1899901489143371,0.4285714285714285,0.21428571428571425,0.17857142857142855,"{""session/domain"": ""recorded condition/domain; not an inferred session ID""}"
feature_bank_force_concat_core_calibration_validation_20260915,error_complementarity.csv,520,5ec1c44a25bbdfbe0c11b01bf5d225a645fe587970d188339e2c07548043ae3e,libemg_contraction_intensity,8,Light,Core,F9_Quality,0.08956221510397985,0.4285714285714285,0.07142857142857142,0.3214285714285714,"{""session/domain"": ""recorded condition/domain; not an inferred session ID""}"
feature_bank_force_concat_core_calibration_validation_20260915,error_complementarity.csv,521,e8054cfbfd7983ba9d155a205095f549a67e7ae5353a1232349c9107b662fe9b,libemg_contraction_intensity,8,Medium,Core,F3_Ring,-0.11795356492391769,0.7857142857142856,0.6071428571428571,0.07142857142857142,"{""session/domain"": ""recorded condition/domain; not an inferred session ID""}"
feature_bank_force_concat_core_calibration_validation_20260915,error_complementarity.csv,522,a2f873c5e8e663e0e70c90de3eb1fd3bdb7adc9850b375cb7ba54b5e764fd7bd,libemg_contraction_intensity,8,Medium,Core,F4_Spectral,0.8755950357709132,0.03571428571428571,0.0,0.03571428571428571,"{""session/domain"": ""recorded condition/domain; not an inferred session ID""}"
feature_bank_force_concat_core_calibration_validation_20260915,error_complementarity.csv,523,41f1879d409299a11586b7f0c531b353cf873867f5670119f45decc53aa42202,libemg_contraction_intensity,8,Medium,Core,F5_Temporal,0.23631633593135148,0.3928571428571428,0.25,0.07142857142857142,"{""session/domain"": ""recorded condition/domain; not an inferred session ID""}"
feature_bank_force_concat_core_calibration_validation_20260915,error_complementarity.csv,524,409758389cbca9ebd16c3ae5b18bac641ff93c97b0a78cb66544e04e7d63e6db,libemg_contraction_intensity,8,Medium,Core,F9_Quality,0.5922200922639821,0.14285714285714285,0.10714285714285714,0.03571428571428571,"{""session/domain"": ""recorded condition/domain; not an inferred session ID""}"
feature_bank_force_concat_core_calibration_validation_20260915,error_complementarity.csv,525,9739016d8a3812d22561dbf686ab6168c4eeb73f8705f15a0c7a41f41a4a5b4b,libemg_contraction_intensity,8,Hard,Core,F3_Ring,0.04415107856883477,0.7499999999999999,0.49999999999999994,0.07142857142857142,"{""session/domain"": ""recorded condition/domain; not an inferred session ID""}"
feature_bank_force_concat_core_calibration_validation_20260915,error_complementarity.csv,526,9e3d72a78c3a7e95e51759acccfc839b88fac7872739f40138495cb998fe08bf,libemg_contraction_intensity,8,Hard,Core,F4_Spectral,0.8075728530872482,0.07142857142857142,0.0,0.07142857142857142,"{""session/domain"": ""recorded condition/domain; not an inferred session ID""}"
feature_bank_force_concat_core_calibration_validation_20260915,error_complementarity.csv,527,e89d9bfb97dfd384f9feb7aaed326ac43ba0e99e7d732e5a2ce7f03dbe0d6e44,libemg_contraction_intensity,8,Hard,Core,F5_Temporal,0.3799802978286742,0.3214285714285714,0.21428571428571427,0.07142857142857142,"{""session/domain"": ""recorded condition/domain; not an inferred session ID""}"
feature_bank_force_concat_core_calibration_validation_20260915,error_complementarity.csv,528,674bcba75ee10ce720d1d22c0f5aaefa58821c041693e9bd0209f50ebfefc83a,libemg_contraction_intensity,8,Hard,Core,F9_Quality,0.7177405625652733,0.14285714285714285,0.14285714285714285,0.0,"{""session/domain"": ""recorded condition/domain; not an inferred session ID""}"
feature_bank_force_concat_core_calibration_validation_20260915,error_complementarity.csv,529,96226304d5345464b02c512e0b3e885b925068dbd6201272e3eab77eca25e308,libemg_contraction_intensity,8,"{""source_condition"": ""Ramp""}",Core,F3_Ring,0.23061024707532743,0.727891156462585,0.4319727891156462,0.044217687074829926,"{""session/domain"": ""run manifest evaluation domain""}"
feature_bank_force_concat_core_calibration_validation_20260915,error_complementarity.csv,530,e08151cf16e73aca270185abec9240bc536be67b0a129216592a7e46139003ed,libemg_contraction_intensity,8,"{""source_condition"": ""Ramp""}",Core,F4_Spectral,0.6313197235168843,0.2040816326530612,0.057823129251700675,0.1020408163265306,"{""session/domain"": ""run manifest evaluation domain""}"
feature_bank_force_concat_core_calibration_validation_20260915,error_complementarity.csv,531,8fdda246f610d93ba8bf4a62c8bb9ea92e374ec4c147571507c3238debee6468,libemg_contraction_intensity,8,"{""source_condition"": ""Ramp""}",Core,F5_Temporal,0.5068544118464531,0.30612244897959184,0.14625850340136054,0.08503401360544217,"{""session/domain"": ""run manifest evaluation domain""}"
feature_bank_force_concat_core_calibration_validation_20260915,error_complementarity.csv,532,69644a926f3230523e4c182dd8925d02431ba7842376406096a8674d773c7b4a,libemg_contraction_intensity,8,"{""source_condition"": ""Ramp""}",Core,F9_Quality,0.517868181595041,0.27210884353741494,0.1292517006802721,0.09183673469387754,"{""session/domain"": ""run manifest evaluation domain""}"
feature_bank_force_concat_core_calibration_validation_20260915,error_complementarity.csv,533,334c36b97d410dee01e52da85e137462f8afb3fc12dddde99195d7b63d2f6fc9,libemg_contraction_intensity,8,20P,Core,F3_Ring,-0.19034674690672027,0.9285714285714284,0.17857142857142855,0.14285714285714285,"{""session/domain"": ""recorded condition/domain; not an inferred session ID""}"
feature_bank_force_concat_core_calibration_validation_20260915,error_complementarity.csv,534,1cfc59eaf4a8b6a115103742c550f7b83656ea3c2d999efb2ec38e6a77e09990,libemg_contraction_intensity,8,20P,Core,F4_Spectral,0.5307910421576297,0.3928571428571428,0.03571428571428571,0.14285714285714285,"{""session/domain"": ""recorded condition/domain; not an inferred session ID""}"
feature_bank_force_concat_core_calibration_validation_20260915,error_complementarity.csv,535,2bc734ef54d4d2d6037a27724a192172d84d85b599dc954b4bba2dbcb5c93bf7,libemg_contraction_intensity,8,20P,Core,F5_Temporal,0.7565217391304345,0.3571428571428571,0.03571428571428571,0.03571428571428571,"{""session/domain"": ""recorded condition/domain; not an inferred session ID""}"
feature_bank_force_concat_core_calibration_validation_20260915,error_complementarity.csv,536,e543cc8cc6f9fa3adae372acc105ffb4e30050c2a44133797a4fc2c0105f12aa,libemg_contraction_intensity,8,20P,Core,F9_Quality,0.6655458298621545,0.4642857142857142,0.03571428571428571,0.07142857142857142,"{""session/domain"": ""recorded condition/domain; not an inferred session ID""}"
feature_bank_force_concat_core_calibration_validation_20260915,error_complementarity.csv,537,a9073274fc9279a793c329acf8037677e7db71e53f3e60e7c5dfe3f5bab1da92,libemg_contraction_intensity,8,30P,Core,F3_Ring,0.26516504294495535,0.7857142857142856,0.3214285714285714,0.03571428571428571,"{""session/domain"": ""recorded condition/domain; not an inferred session ID""}"
feature_bank_force_concat_core_calibration_validation_20260915,error_complementarity.csv,538,e08476cd648c3e5a1c6807214130e4fd8b03077bfcbab83c81d79a5fd1158ead,libemg_contraction_intensity,8,30P,Core,F4_Spectral,0.45833333333333304,0.4642857142857142,0.07142857142857142,0.21428571428571427,"{""session/domain"": ""recorded condition/domain; not an inferred session ID""}"
feature_bank_force_concat_core_calibration_validation_20260915,error_complementarity.csv,539,3c53920cfaaa3920861063ddfc83010f0d0357a303bec21ec3ea1b0b9417ec6f,libemg_contraction_intensity,8,30P,Core,F5_Temporal,0.3514317480027572,0.4285714285714285,0.14285714285714285,0.17857142857142855,"{""session/domain"": ""recorded condition/domain; not an inferred session ID""}"
feature_bank_force_concat_core_calibration_validation_20260915,error_complementarity.csv,540,d6fcd5871b822aae26c9e5795c401fe955caf21bb1340a4e267dccee51a964f3,libemg_contraction_intensity,8,30P,Core,F9_Quality,0.37210420376762526,0.46428571428571425,0.10714285714285714,0.21428571428571425,"{""session/domain"": ""recorded condition/domain; not an inferred session ID""}"
feature_bank_force_concat_core_calibration_validation_20260915,error_complementarity.csv,541,277e127aa290ef618f0bfa18b72974bf10a9d734c15d2a078b079fe89c366ced,libemg_contraction_intensity,8,40P,Core,F3_Ring,0.1849989160251521,0.7857142857142856,0.3928571428571428,0.07142857142857142,"{""session/domain"": ""recorded condition/domain; not an inferred session ID""}"
feature_bank_force_concat_core_calibration_validation_20260915,error_complementarity.csv,542,c0011774f45390462bf7d10f2d8b24407c3d0acec6633d9687f8ac966ac73f10,libemg_contraction_intensity,8,40P,Core,F4_Spectral,0.6213664431593421,0.21428571428571427,0.07142857142857142,0.10714285714285714,"{""session/domain"": ""recorded condition/domain; not an inferred session ID""}"
feature_bank_force_concat_core_calibration_validation_20260915,error_complementarity.csv,543,ec8a0163240a9d347527b7146997c3712d36ede47f0d4ad98b449d630f4d9de9,libemg_contraction_intensity,8,40P,Core,F5_Temporal,0.36563621206356534,0.46428571428571425,0.21428571428571427,0.10714285714285714,"{""session/domain"": ""recorded condition/domain; not an inferred session ID""}"
feature_bank_force_concat_core_calibration_validation_20260915,error_complementarity.csv,544,4a79521a4963b4ace5dc5f45afdce79fb63a680b34bdf11e84fd702c9b119c1e,libemg_contraction_intensity,8,40P,Core,F9_Quality,0.4555973021063105,0.2857142857142857,0.21428571428571425,0.07142857142857142,"{""session/domain"": ""recorded condition/domain; not an inferred session ID""}"
feature_bank_force_concat_core_calibration_validation_20260915,error_complementarity.csv,545,d2cb33feab7aed6ef6009dfc32b5aa267e635223d2c6da3910b75fbb51b7761d,libemg_contraction_intensity,8,50P,Core,F3_Ring,0.5,0.5357142857142857,0.3214285714285714,0.0,"{""session/domain"": ""recorded condition/domain; not an inferred session ID""}"
feature_bank_force_concat_core_calibration_validation_20260915,error_complementarity.csv,546,50f3f16e54d191ff6c392e036f634de4ea5a774a4cfdfd264c1b64d725359402,libemg_contraction_intensity,8,50P,Core,F4_Spectral,0.6190476190476191,0.17857142857142855,0.07142857142857142,0.07142857142857142,"{""session/domain"": ""recorded condition/domain; not an inferred session ID""}"
feature_bank_force_concat_core_calibration_validation_20260915,error_complementarity.csv,547,24e0eaf1d549b52b42dcb4f5cb960ee49bf0fb8ef0978ed5d5179e6bbf4c0ca0,libemg_contraction_intensity,8,50P,Core,F5_Temporal,0.10050378152592122,0.3571428571428571,0.14285714285714285,0.17857142857142855,"{""session/domain"": ""recorded condition/domain; not an inferred session ID""}"
feature_bank_force_concat_core_calibration_validation_20260915,error_complementarity.csv,548,a2d80de777a7b74269f21b99b0340d163aa1dae97ce658e7b3003dc42c2c857d,libemg_contraction_intensity,8,50P,Core,F9_Quality,0.30905754998184354,0.2857142857142857,0.17857142857142855,0.10714285714285714,"{""session/domain"": ""recorded condition/domain; not an inferred session ID""}"
feature_bank_force_concat_core_calibration_validation_20260915,error_complementarity.csv,549,860dad64a7327ea2a102aa0c8ee1ccb9d5108b3199e666627dcfce7b824a59e3,libemg_contraction_intensity,8,60P,Core,F3_Ring,0.30151134457776363,0.7142857142857142,0.5357142857142857,0.0,"{""session/domain"": ""recorded condition/domain; not an inferred session ID""}"
feature_bank_force_concat_core_calibration_validation_20260915,error_complementarity.csv,550,3ff37fd3397e43d021646a755620f3dde4cc7500908f5ec0d8f2978fa97ef053,libemg_contraction_intensity,8,60P,Core,F4_Spectral,0.5025189076296062,0.17857142857142855,0.10714285714285714,0.07142857142857142,"{""session/domain"": ""recorded condition/domain; not an inferred session ID""}"
feature_bank_force_concat_core_calibration_validation_20260915,error_complementarity.csv,551,45dbfb837e5ee69d68f48f5d24743dce6bd9c9e7734534406d54ffb329a86ba8,libemg_contraction_intensity,8,60P,Core,F5_Temporal,0.5757575757575758,0.14285714285714285,0.07142857142857142,0.07142857142857142,"{""session/domain"": ""recorded condition/domain; not an inferred session ID""}"
feature_bank_force_concat_core_calibration_validation_20260915,error_complementarity.csv,552,55bb655e41bdfb9cf31b0b1904d409f7d4b2005df3fd2132b8a0bac1a2eced9e,libemg_contraction_intensity,8,60P,Core,F9_Quality,0.6655458298621545,0.10714285714285714,0.03571428571428571,0.07142857142857142,"{""session/domain"": ""recorded condition/domain; not an inferred session ID""}"
feature_bank_force_concat_core_calibration_validation_20260915,error_complementarity.csv,553,c0c0931ed02ca6b393307cbc9d246b96fcef24337b11229a0123deae26bbfafa,libemg_contraction_intensity,8,70P,Core,F3_Ring,0.2581988897471611,0.7142857142857142,0.5714285714285714,0.0,"{""session/domain"": ""recorded condition/domain; not an inferred session ID""}"
feature_bank_force_concat_core_calibration_validation_20260915,error_complementarity.csv,554,af4202541bece9b434c26c4786865e1c884aa4f577a57d047e3725e6e585773b,libemg_contraction_intensity,8,70P,Core,F4_Spectral,0.8755950357709132,0.03571428571428571,0.03571428571428571,0.0,"{""session/domain"": ""recorded condition/domain; not an inferred session ID""}"
feature_bank_force_concat_core_calibration_validation_20260915,error_complementarity.csv,555,55dd8f4d6d221889316830a2127a9e11da20347c250ea72e1e7e203c1982904f,libemg_contraction_intensity,8,70P,Core,F5_Temporal,0.5931710140017395,0.17857142857142855,0.17857142857142855,0.0,"{""session/domain"": ""recorded condition/domain; not an inferred session ID""}"
feature_bank_force_concat_core_calibration_validation_20260915,error_complementarity.csv,556,0c97fc2c617c0db1e16c46e3c238d6be07504e408d0fc4463ab0a5add5a5073d,libemg_contraction_intensity,8,70P,Core,F9_Quality,0.6454972243679028,0.14285714285714285,0.14285714285714285,0.0,"{""session/domain"": ""recorded condition/domain; not an inferred session ID""}"
feature_bank_force_concat_core_calibration_validation_20260915,error_complementarity.csv,557,0a79cd1c020c7703572c956f3b0bf17af84d9c33a951189321ef747aeeb4fea9,libemg_contraction_intensity,8,80P,Core,F3_Ring,0.30429030972509225,0.5714285714285714,0.5,0.0,"{""session/domain"": ""recorded condition/domain; not an inferred session ID""}"
feature_bank_force_concat_core_calibration_validation_20260915,error_complementarity.csv,558,6e8c8c4ef8b4079831e6a18ee3439a73600f6a945c249110f2a03d11b85b45e7,libemg_contraction_intensity,8,80P,Core,F4_Spectral,0.8755950357709132,0.03571428571428571,0.03571428571428571,0.0,"{""session/domain"": ""recorded condition/domain; not an inferred session ID""}"
feature_bank_force_concat_core_calibration_validation_20260915,error_complementarity.csv,559,e85494b512bdb8f0cbb2023a1e86666ccfb8073ebdbcf91e81d6444b6be43018,libemg_contraction_intensity,8,80P,Core,F5_Temporal,0.8755950357709132,0.03571428571428571,0.03571428571428571,0.0,"{""session/domain"": ""recorded condition/domain; not an inferred session ID""}"
feature_bank_force_concat_core_calibration_validation_20260915,error_complementarity.csv,560,4c08a65ae100efd44887ee1e98717078bd8e6044d9a11773d5d01eb431aefd55,libemg_contraction_intensity,8,80P,Core,F9_Quality,0.4714045207910316,0.2857142857142857,0.2857142857142857,0.0,"{""session/domain"": ""recorded condition/domain; not an inferred session ID""}"
feature_bank_force_concat_core_calibration_validation_20260915,error_complementarity.csv,561,d5e5e96adecea0951d1ec39de051e88bc86b41ea1a01950953479b3ffd45079f,libemg_contraction_intensity,8,MVC,Core,F3_Ring,0.4522670168666454,0.7142857142857142,0.3571428571428571,0.0,"{""session/domain"": ""recorded condition/domain; not an inferred session ID""}"
feature_bank_force_concat_core_calibration_validation_20260915,error_complementarity.csv,562,bc0985623b9714883a62f4163e03bb0bbd31e2e1c41b01a0ce3b905c860537c0,libemg_contraction_intensity,8,MVC,Core,F4_Spectral,0.4714045207910317,0.2857142857142857,0.0,0.2857142857142857,"{""session/domain"": ""recorded condition/domain; not an inferred session ID""}"
feature_bank_force_concat_core_calibration_validation_20260915,error_complementarity.csv,563,43faeddc9e9e938ccfab9cb5814639c8bcfcf6cb67f9fe7c616aa3d337bd74ab,libemg_contraction_intensity,8,MVC,Core,F5_Temporal,0.7302967433402213,0.2857142857142857,0.0,0.14285714285714285,"{""session/domain"": ""recorded condition/domain; not an inferred session ID""}"
feature_bank_force_concat_core_calibration_validation_20260915,error_complementarity.csv,564,ee7904ce13ecf136b7ed2f580b7eb7881d3fb3076a871acb021dbf20d74967ed,libemg_contraction_intensity,8,MVC,Core,F9_Quality,0.8606629658238705,0.07142857142857142,0.0,0.07142857142857142,"{""session/domain"": ""recorded condition/domain; not an inferred session ID""}"
feature_bank_force_concat_core_calibration_validation_20260915,error_complementarity.csv,565,00bc8e88e074bcbd2cea0c580517956c36e9302c2d41db0c1d313c682cdbaf60,libemg_contraction_intensity,8,Light,Core,F3_Ring,0.19379591094941803,0.7142857142857142,0.3928571428571428,0.07142857142857142,"{""session/domain"": ""recorded condition/domain; not an inferred session ID""}"
feature_bank_force_concat_core_calibration_validation_20260915,error_complementarity.csv,566,53b464df980e75a362b1184db66bbf16697c97e9588c840268cdd7ab8145b15b,libemg_contraction_intensity,8,Light,Core,F4_Spectral,0.023570226039551594,0.4285714285714285,0.17857142857142855,0.25,"{""session/domain"": ""recorded condition/domain; not an inferred session ID""}"
feature_bank_force_concat_core_calibration_validation_20260915,error_complementarity.csv,567,708d5dca099c9d3388a8c4e85bd2a7ccef0ab5e0c32b49ec85915cccd3f5bc61,libemg_contraction_intensity,8,Light,Core,F5_Temporal,0.20282899481977698,0.4285714285714285,0.24999999999999994,0.14285714285714285,"{""session/domain"": ""recorded condition/domain; not an inferred session ID""}"
feature_bank_force_concat_core_calibration_validation_20260915,error_complementarity.csv,568,ff75503be29f74bd336a18aa3efb2adc2637b7859ec16fac10d89bbeb8296915,libemg_contraction_intensity,8,Light,Core,F9_Quality,-0.09128709291752769,0.4642857142857142,0.10714285714285714,0.3214285714285714,"{""session/domain"": ""recorded condition/domain; not an inferred session ID""}"
feature_bank_force_concat_core_calibration_validation_20260915,error_complementarity.csv,569,a99a68445b192f2b0e8a660097fa0e3d9be088b66337efa55e4e40cb40147d26,libemg_contraction_intensity,8,Medium,Core,F3_Ring,-0.11795356492391769,0.7857142857142856,0.6071428571428571,0.07142857142857142,"{""session/domain"": ""recorded condition/domain; not an inferred session ID""}"
feature_bank_force_concat_core_calibration_validation_20260915,error_complementarity.csv,570,e1f7a9661404ecef4838321f43940fbb160c05d6dd2c425586d47b7aeda394ce,libemg_contraction_intensity,8,Medium,Core,F4_Spectral,0.8755950357709132,0.03571428571428571,0.0,0.03571428571428571,"{""session/domain"": ""recorded condition/domain; not an inferred session ID""}"
feature_bank_force_concat_core_calibration_validation_20260915,error_complementarity.csv,571,b93e59e120e1dafa167f6186e20dd4fbcf29f61fbe9a9766945428e2d3e067ad,libemg_contraction_intensity,8,Medium,Core,F5_Temporal,0.23631633593135148,0.3928571428571428,0.25,0.07142857142857142,"{""session/domain"": ""recorded condition/domain; not an inferred session ID""}"
feature_bank_force_concat_core_calibration_validation_20260915,error_complementarity.csv,572,3112576991357fdecd5a77edb9d6f0477a15a5f18e8d1a3e7ca32051f74a22c1,libemg_contraction_intensity,8,Medium,Core,F9_Quality,0.6655458298621546,0.10714285714285714,0.07142857142857142,0.03571428571428571,"{""session/domain"": ""recorded condition/domain; not an inferred session ID""}"
feature_bank_force_concat_core_calibration_validation_20260915,error_complementarity.csv,573,3d00e5645bcf00af821a268a4f017b6461d10abb427b2dc66ec30d6ea688539d,libemg_contraction_intensity,8,Hard,Core,F3_Ring,-0.013312051063847877,0.7499999999999999,0.5357142857142857,0.07142857142857142,"{""session/domain"": ""recorded condition/domain; not an inferred session ID""}"
feature_bank_force_concat_core_calibration_validation_20260915,error_complementarity.csv,574,f8f55713f57c7128b38a04a630e81439294a4c5ab6ad02d18dcafdc5d5493865,libemg_contraction_intensity,8,Hard,Core,F4_Spectral,0.8928053815224025,0.03571428571428571,0.0,0.03571428571428571,"{""session/domain"": ""recorded condition/domain; not an inferred session ID""}"
feature_bank_force_concat_core_calibration_validation_20260915,error_complementarity.csv,575,b057691fa21980e7530e6fe71da0349a2b2b9457019a1c245ef5a03bf959dc43,libemg_contraction_intensity,8,Hard,Core,F5_Temporal,0.4710033009912397,0.2857142857142857,0.21428571428571427,0.03571428571428571,"{""session/domain"": ""recorded condition/domain; not an inferred session ID""}"
feature_bank_force_concat_core_calibration_validation_20260915,error_complementarity.csv,576,928dffe5a5a69c002da7c6b86baef458e3773ef47a34c00618d881b282b5e5be,libemg_contraction_intensity,8,Hard,Core,F9_Quality,0.518999296107682,0.21428571428571425,0.17857142857142855,0.03571428571428571,"{""session/domain"": ""recorded condition/domain; not an inferred session ID""}"
feature_bank_force_concat_core_calibration_final_20260915,error_complementarity.csv,577,c4329d858951840ed7cfdfc0e13a99d3b6e1da92ed0aca3b22430ea53156f5e6,libemg_contraction_intensity,9,"{""source_condition"": ""Ramp""}",Core,F3_Ring,0.32572900715992675,0.5680272108843537,0.3571428571428571,0.044217687074829926,"{""session/domain"": ""run manifest evaluation domain""}"
feature_bank_force_concat_core_calibration_final_20260915,error_complementarity.csv,578,b6a55d883efbf9f22b20a57e23e605d26eddbf6d42bb8bb95a188a7448b6c2fd,libemg_contraction_intensity,9,"{""source_condition"": ""Ramp""}",Core,F4_Spectral,0.5085227796230177,0.30272108843537415,0.16326530612244897,0.07142857142857142,"{""session/domain"": ""run manifest evaluation domain""}"
feature_bank_force_concat_core_calibration_final_20260915,error_complementarity.csv,579,d63fad8b6b6aa09863ad09ee5c24f108e0a53aeb6e99b4c33a7c361325af2808,libemg_contraction_intensity,9,"{""source_condition"": ""Ramp""}",Core,F5_Temporal,0.6161372311654734,0.24829931972789113,0.14285714285714285,0.044217687074829926,"{""session/domain"": ""run manifest evaluation domain""}"
feature_bank_force_concat_core_calibration_final_20260915,error_complementarity.csv,580,6d334147df17d2c7b8350106171f21e39ec704083cb9694196810be58886a766,libemg_contraction_intensity,9,"{""source_condition"": ""Ramp""}",Core,F9_Quality,0.5587584713407165,0.2789115646258503,0.1802721088435374,0.044217687074829926,"{""session/domain"": ""run manifest evaluation domain""}"
feature_bank_force_concat_core_calibration_final_20260915,error_complementarity.csv,581,aa5ba2c1e4a8a28115c3e1e57c087dd7283925e6aea290bb7d67cd104f65b981,libemg_contraction_intensity,9,20P,Core,F3_Ring,0.30151134457776363,0.7499999999999999,0.5357142857142857,0.0,"{""session/domain"": ""recorded condition/domain; not an inferred session ID""}"
feature_bank_force_concat_core_calibration_final_20260915,error_complementarity.csv,582,4526968bec398590c7061fb03a69eee577c2a70f5311b9201f01f44452ab58d7,libemg_contraction_intensity,9,20P,Core,F4_Spectral,0.10050378152592118,0.3214285714285714,0.17857142857142855,0.14285714285714285,"{""session/domain"": ""recorded condition/domain; not an inferred session ID""}"
feature_bank_force_concat_core_calibration_final_20260915,error_complementarity.csv,583,f8bfe1185d52175daf80bd14b475474452af53e949811b472f36ce82957c2e98,libemg_contraction_intensity,9,20P,Core,F5_Temporal,0.3373495424699932,0.3571428571428571,0.21428571428571425,0.07142857142857142,"{""session/domain"": ""recorded condition/domain; not an inferred session ID""}"
feature_bank_force_concat_core_calibration_final_20260915,error_complementarity.csv,584,dac8caa52095b92358ea5ca5e9be50d37c95b55ecf4c2d1aba6287fee020c002,libemg_contraction_intensity,9,20P,Core,F9_Quality,-0.06060606060606062,0.3571428571428571,0.17857142857142855,0.17857142857142855,"{""session/domain"": ""recorded condition/domain; not an inferred session ID""}"
feature_bank_force_concat_core_calibration_final_20260915,error_complementarity.csv,585,af9125cb0085faf0b4348613644611a4303b7ddd684fee81174842314805892b,libemg_contraction_intensity,9,30P,Core,F3_Ring,-0.09325048082403142,0.5714285714285714,0.4285714285714285,0.10714285714285714,"{""session/domain"": ""recorded condition/domain; not an inferred session ID""}"
feature_bank_force_concat_core_calibration_final_20260915,error_complementarity.csv,586,35e806d4a65df75a48cc1938b2e5f78a64b68c42ecbc135446390316f35511b5,libemg_contraction_intensity,9,30P,Core,F4_Spectral,0.592220092263982,0.17857142857142855,0.10714285714285714,0.03571428571428571,"{""session/domain"": ""recorded condition/domain; not an inferred session ID""}"
feature_bank_force_concat_core_calibration_final_20260915,error_complementarity.csv,587,160c40c7e95c2109d0f04a60e88b9c35b126bcf5f213158b39273e8982be0c37,libemg_contraction_intensity,9,30P,Core,F5_Temporal,0.47777984732195655,0.24999999999999994,0.17857142857142855,0.03571428571428571,"{""session/domain"": ""recorded condition/domain; not an inferred session ID""}"
feature_bank_force_concat_core_calibration_final_20260915,error_complementarity.csv,588,ce8964a04368cfe41bf74357b98a2d29fa467f3c89d35829c4a3cb1fa0d92c0f,libemg_contraction_intensity,9,30P,Core,F9_Quality,0.27811065739636276,0.3928571428571428,0.21428571428571425,0.07142857142857142,"{""session/domain"": ""recorded condition/domain; not an inferred session ID""}"
feature_bank_force_concat_core_calibration_final_20260915,error_complementarity.csv,589,3fa6878babd3711c42ead6c8b4155c52fa55713af1d0ea8f6cbbbf6040b59c6e,libemg_contraction_intensity,9,40P,Core,F3_Ring,0.548860430196974,0.4642857142857142,0.21428571428571425,0.03571428571428571,"{""session/domain"": ""recorded condition/domain; not an inferred session ID""}"
feature_bank_force_concat_core_calibration_final_20260915,error_complementarity.csv,590,62d2c3f2910fd4afe52990d47ce1a722c6e99f3dc80696b36abaa63302b73683,libemg_contraction_intensity,9,40P,Core,F4_Spectral,0.7177405625652736,0.17857142857142855,0.0,0.14285714285714285,"{""session/domain"": ""recorded condition/domain; not an inferred session ID""}"
feature_bank_force_concat_core_calibration_final_20260915,error_complementarity.csv,591,5b0ddd6611e7a62701ed304a9824f9480330e20446656aa9e2a63e15d4967d88,libemg_contraction_intensity,9,40P,Core,F5_Temporal,0.6333004963811236,0.21428571428571425,0.10714285714285714,0.07142857142857142,"{""session/domain"": ""recorded condition/domain; not an inferred session ID""}"
feature_bank_force_concat_core_calibration_final_20260915,error_complementarity.csv,592,bcfa47856cf228be2f1f4d887e4eeb2021e9575b88f515aa073625b7e9339388,libemg_contraction_intensity,9,40P,Core,F9_Quality,0.7488553356460047,0.17857142857142855,0.14285714285714285,0.0,"{""session/domain"": ""recorded condition/domain; not an inferred session ID""}"
feature_bank_force_concat_core_calibration_final_20260915,error_complementarity.csv,593,37c2f488de266ef08b7620d515a4e391650347175dcd91985be3b2bd5a11b990,libemg_contraction_intensity,9,50P,Core,F3_Ring,0.2660079583736709,0.5357142857142856,0.4285714285714285,0.03571428571428571,"{""session/domain"": ""recorded condition/domain; not an inferred session ID""}"
feature_bank_force_concat_core_calibration_final_20260915,error_complementarity.csv,594,acc7186f4f7964046703a53aad0b7de5acd3bdc5b19d04a2f6c0c6cb33fe7663,libemg_contraction_intensity,9,50P,Core,F4_Spectral,0.5208474357065142,0.3571428571428571,0.21428571428571427,0.03571428571428571,"{""session/domain"": ""recorded condition/domain; not an inferred session ID""}"
feature_bank_force_concat_core_calibration_final_20260915,error_complementarity.csv,595,72da31d4448275073465fd54d24105038a827ba2f5e075124178794c72503db5,libemg_contraction_intensity,9,50P,Core,F5_Temporal,0.6793662204867574,0.21428571428571425,0.17857142857142855,0.0,"{""session/domain"": ""recorded condition/domain; not an inferred session ID""}"
feature_bank_force_concat_core_calibration_final_20260915,error_complementarity.csv,596,b8d71f6607d850cd31253cd604462995e0faef3b589ba3bd8cd8672d501ee7f5,libemg_contraction_intensity,9,50P,Core,F9_Quality,0.7862453931068967,0.14285714285714285,0.10714285714285714,0.0,"{""session/domain"": ""recorded condition/domain; not an inferred session ID""}"
feature_bank_force_concat_core_calibration_final_20260915,error_complementarity.csv,597,4b38123bbd45021231081046da612be247db3f63c56c48e32f818c2db406e93a,libemg_contraction_intensity,9,60P,Core,F3_Ring,0.3340523060388755,0.6785714285714285,0.2857142857142857,0.07142857142857142,"{""session/domain"": ""recorded condition/domain; not an inferred session ID""}"
feature_bank_force_concat_core_calibration_final_20260915,error_complementarity.csv,598,b75f16f1652cd814bb6d44859cbad79416e567bb710eddc3114c3b8a34854d30,libemg_contraction_intensity,9,60P,Core,F4_Spectral,0.5444357229372961,0.3571428571428571,0.21428571428571425,0.03571428571428571,"{""session/domain"": ""recorded condition/domain; not an inferred session ID""}"
feature_bank_force_concat_core_calibration_final_20260915,error_complementarity.csv,599,5f0735d080de7faedc22b96614bb9979ce196ba5a768be4c4478e10e7acadd56,libemg_contraction_intensity,9,60P,Core,F5_Temporal,0.6938886664887107,0.21428571428571425,0.17857142857142855,0.0,"{""session/domain"": ""recorded condition/domain; not an inferred session ID""}"
feature_bank_force_concat_core_calibration_final_20260915,error_complementarity.csv,600,3165584c027dbe3fede7519c08ab5cdddf7b8f114d6414e80810dca135c17ede,libemg_contraction_intensity,9,60P,Core,F9_Quality,0.7488553356460046,0.14285714285714285,0.14285714285714285,0.0,"{""session/domain"": ""recorded condition/domain; not an inferred session ID""}"
feature_bank_force_concat_core_calibration_final_20260915,error_complementarity.csv,601,00eb392dea42f099b5350631a09b5e08dccd6d8c60c0e7e7aff007f7dd0acd54,libemg_contraction_intensity,9,70P,Core,F3_Ring,0.464420364012824,0.5357142857142857,0.3571428571428571,0.0,"{""session/domain"": ""recorded condition/domain; not an inferred session ID""}"
feature_bank_force_concat_core_calibration_final_20260915,error_complementarity.csv,602,116d045a6f68d97161b56daba2e8f04f08dcadf05b318b78b71e743f565799ba,libemg_contraction_intensity,9,70P,Core,F4_Spectral,0.6470588235294119,0.2857142857142857,0.21428571428571425,0.0,"{""session/domain"": ""recorded condition/domain; not an inferred session ID""}"
feature_bank_force_concat_core_calibration_final_20260915,error_complementarity.csv,603,c4eb449df7ba9c7934c584c810ed60f5cb54743d483b9084f77c81348e0173a0,libemg_contraction_intensity,9,70P,Core,F5_Temporal,0.8640638488223129,0.14285714285714285,0.07142857142857142,0.0,"{""session/domain"": ""recorded condition/domain; not an inferred session ID""}"
feature_bank_force_concat_core_calibration_final_20260915,error_complementarity.csv,604,543fce4fbf99c1c38cd71a7769382801edf71dfcf0d56b64487e538cdd00c965,libemg_contraction_intensity,9,70P,Core,F9_Quality,0.647058823529412,0.3214285714285714,0.21428571428571425,0.0,"{""session/domain"": ""recorded condition/domain; not an inferred session ID""}"
feature_bank_force_concat_core_calibration_final_20260915,error_complementarity.csv,605,7d0dca15c714a0b5013a6e3401e10a122e4d9144cc0774d5a9215dbf5b67f31a,libemg_contraction_intensity,9,80P,Core,F3_Ring,0.5488604301969737,0.4285714285714285,0.21428571428571425,0.03571428571428571,"{""session/domain"": ""recorded condition/domain; not an inferred session ID""}"
feature_bank_force_concat_core_calibration_final_20260915,error_complementarity.csv,606,d37cd5e69ba59c406377d778430342a11ea6320ce06acde78bbe570a9f1a20ee,libemg_contraction_intensity,9,80P,Core,F4_Spectral,0.6454972243679028,0.4642857142857142,0.21428571428571425,0.0,"{""session/domain"": ""recorded condition/domain; not an inferred session ID""}"
feature_bank_force_concat_core_calibration_final_20260915,error_complementarity.csv,607,ba783b8f620d6877cb0fd60a339a558d024c18311fcbf5cb25fc9c0c8eccf788,libemg_contraction_intensity,9,80P,Core,F5_Temporal,0.7855533190649868,0.21428571428571425,0.07142857142857142,0.03571428571428571,"{""session/domain"": ""recorded condition/domain; not an inferred session ID""}"
feature_bank_force_concat_core_calibration_final_20260915,error_complementarity.csv,608,93fee16c2c858c8ac92188c291aa63a5c79dd3303b23de04badad4ff2fc0791d,libemg_contraction_intensity,9,80P,Core,F9_Quality,0.75,0.17857142857142855,0.14285714285714285,0.0,"{""session/domain"": ""recorded condition/domain; not an inferred session ID""}"
feature_bank_force_concat_core_calibration_final_20260915,error_complementarity.csv,609,6f010a195a298aad7f09d90ab42427bf3f13073a301804597cfe42cf56f25b42,libemg_contraction_intensity,9,MVC,Core,F3_Ring,0.34426518632954817,0.4999999999999999,0.2857142857142857,0.07142857142857142,"{""session/domain"": ""recorded condition/domain; not an inferred session ID""}"
feature_bank_force_concat_core_calibration_final_20260915,error_complementarity.csv,610,4fde77e937eed716ceea6474ffaa3f632400398786d5609a6b8198a15b2dd92a,libemg_contraction_intensity,9,MVC,Core,F4_Spectral,0.8660254037844386,0.14285714285714285,0.07142857142857142,0.0,"{""session/domain"": ""recorded condition/domain; not an inferred session ID""}"
feature_bank_force_concat_core_calibration_final_20260915,error_complementarity.csv,611,43d7220c251aade52ea7e04437a32c1af93bfc468b6546bb7421ab358a2025cf,libemg_contraction_intensity,9,MVC,Core,F5_Temporal,0.8606629658238704,0.21428571428571427,0.0,0.07142857142857142,"{""session/domain"": ""recorded condition/domain; not an inferred session ID""}"
feature_bank_force_concat_core_calibration_final_20260915,error_complementarity.csv,612,52a2e29c0a8089d138020896e3d7c82a06399d711ce1b8bb7756188479a559f3,libemg_contraction_intensity,9,MVC,Core,F9_Quality,0.75,0.2857142857142857,0.14285714285714285,0.0,"{""session/domain"": ""recorded condition/domain; not an inferred session ID""}"
feature_bank_force_concat_core_calibration_final_20260915,error_complementarity.csv,613,34395a3ca0fe896b1ca0452417ffe8c897e7811aace7730630945c61ead05d8a,libemg_contraction_intensity,9,Light,Core,F3_Ring,0.441510785688348,0.6071428571428571,0.2857142857142857,0.03571428571428571,"{""session/domain"": ""recorded condition/domain; not an inferred session ID""}"
feature_bank_force_concat_core_calibration_final_20260915,error_complementarity.csv,614,caf0f7245328cb2adc809e7599c3a15c437ba56929c3510c23947c0c5372f3a6,libemg_contraction_intensity,9,Light,Core,F4_Spectral,0.30905754998184365,0.2857142857142857,0.10714285714285714,0.17857142857142855,"{""session/domain"": ""recorded condition/domain; not an inferred session ID""}"
feature_bank_force_concat_core_calibration_final_20260915,error_complementarity.csv,615,d649afb87c4e5031f8d580531b7faf9ec59bef673ebce330aa21a505314235ba,libemg_contraction_intensity,9,Light,Core,F5_Temporal,0.2292793797819215,0.4285714285714285,0.21428571428571425,0.14285714285714285,"{""session/domain"": ""recorded condition/domain; not an inferred session ID""}"
feature_bank_force_concat_core_calibration_final_20260915,error_complementarity.csv,616,76f72df6c349bec773ee5101b919a028ad56da00c4ea64f1f1331c1f2e172aa1,libemg_contraction_intensity,9,Light,Core,F9_Quality,0.12595414817859238,0.5357142857142857,0.2857142857142857,0.14285714285714285,"{""session/domain"": ""recorded condition/domain; not an inferred session ID""}"
feature_bank_force_concat_core_calibration_final_20260915,error_complementarity.csv,617,415d7521b79b78a787cb93b191bd052abed9d1631b215f71647f7ca60bab796b,libemg_contraction_intensity,9,Medium,Core,F3_Ring,0.3721042037676254,0.5,0.3214285714285714,0.03571428571428571,"{""session/domain"": ""recorded condition/domain; not an inferred session ID""}"
feature_bank_force_concat_core_calibration_final_20260915,error_complementarity.csv,618,07c95b918c7eaf86709c15d19afef3cda06b05d7676d4833e50621ceea52ed27,libemg_contraction_intensity,9,Medium,Core,F4_Spectral,0.16151457061744962,0.2857142857142857,0.10714285714285714,0.17857142857142855,"{""session/domain"": ""recorded condition/domain; not an inferred session ID""}"
feature_bank_force_concat_core_calibration_final_20260915,error_complementarity.csv,619,03e7bab6fd6e1acfcdf5efed7f552ce0962366db1c020c7f9882a7c3d02fc983,libemg_contraction_intensity,9,Medium,Core,F5_Temporal,0.6190476190476192,0.21428571428571425,0.07142857142857142,0.07142857142857142,"{""session/domain"": ""recorded condition/domain; not an inferred session ID""}"
feature_bank_force_concat_core_calibration_final_20260915,error_complementarity.csv,620,33f5f9ab36000b550ed26be94b31a0dccf2de2b1b290a542f5a13c0100095f2d,libemg_contraction_intensity,9,Medium,Core,F9_Quality,0.5477225575051663,0.24999999999999994,0.10714285714285714,0.07142857142857142,"{""session/domain"": ""recorded condition/domain; not an inferred session ID""}"
feature_bank_force_concat_core_calibration_final_20260915,error_complementarity.csv,621,a3e18292b63356b4a4edc75f09e7c33d3c5c3270a42a44951fb2d038929cf097,libemg_contraction_intensity,9,Hard,Core,F3_Ring,-0.013312051063847866,0.6428571428571427,0.5357142857142857,0.07142857142857142,"{""session/domain"": ""recorded condition/domain; not an inferred session ID""}"
feature_bank_force_concat_core_calibration_final_20260915,error_complementarity.csv,622,5bef2b0492562588326e58123236e454774115c3de24348590b1b36690f98b0b,libemg_contraction_intensity,9,Hard,Core,F4_Spectral,0.4861724348043978,0.3928571428571428,0.32142857142857134,0.0,"{""session/domain"": ""recorded condition/domain; not an inferred session ID""}"
feature_bank_force_concat_core_calibration_final_20260915,error_complementarity.csv,623,44f1e5597edfd5c737a5da82824fd1f84eac9df752c524588297517e37cc6890,libemg_contraction_intensity,9,Hard,Core,F5_Temporal,0.6030226891555271,0.24999999999999994,0.21428571428571425,0.0,"{""session/domain"": ""recorded condition/domain; not an inferred session ID""}"
feature_bank_force_concat_core_calibration_final_20260915,error_complementarity.csv,624,d22efc6e2755df703427f0c7f863889e1278d1c533b4b17cca16a61375f4053b,libemg_contraction_intensity,9,Hard,Core,F9_Quality,0.5222329678670935,0.28571428571428564,0.28571428571428564,0.0,"{""session/domain"": ""recorded condition/domain; not an inferred session ID""}"
feature_bank_force_concat_core_calibration_final_20260915,error_complementarity.csv,625,63a86be87a585a64cf5976c94b26ddf700ec028ede04941e42a6645fe9f27b65,libemg_contraction_intensity,9,"{""source_condition"": ""Ramp""}",Core,F3_Ring,0.32572900715992675,0.5680272108843537,0.3571428571428571,0.044217687074829926,"{""session/domain"": ""run manifest evaluation domain""}"
feature_bank_force_concat_core_calibration_final_20260915,error_complementarity.csv,626,47cd10564ab2b92f61510f11560926c1bb01018c902b3f631998552910212a40,libemg_contraction_intensity,9,"{""source_condition"": ""Ramp""}",Core,F4_Spectral,0.5085227796230177,0.30272108843537415,0.16326530612244897,0.07142857142857142,"{""session/domain"": ""run manifest evaluation domain""}"
feature_bank_force_concat_core_calibration_final_20260915,error_complementarity.csv,627,3e72cc8d0d75108f6d37ae174c5d2ae5cc1eab67ea2f7197bc7f01735249dd3b,libemg_contraction_intensity,9,"{""source_condition"": ""Ramp""}",Core,F5_Temporal,0.6161372311654734,0.24829931972789113,0.14285714285714285,0.044217687074829926,"{""session/domain"": ""run manifest evaluation domain""}"
feature_bank_force_concat_core_calibration_final_20260915,error_complementarity.csv,628,f0328d5c666fc6668a5cf9a2d34aa8f6763ac2e1737af775961ec6665ba0e6b3,libemg_contraction_intensity,9,"{""source_condition"": ""Ramp""}",Core,F9_Quality,0.5587584713407165,0.2789115646258503,0.1802721088435374,0.044217687074829926,"{""session/domain"": ""run manifest evaluation domain""}"
feature_bank_force_concat_core_calibration_final_20260915,error_complementarity.csv,629,1142937116ea19b907545f48c981637cf629801aaa49a4a9ade51f48e5c7ba48,libemg_contraction_intensity,9,20P,Core,F3_Ring,0.30151134457776363,0.7499999999999999,0.5357142857142857,0.0,"{""session/domain"": ""recorded condition/domain; not an inferred session ID""}"
feature_bank_force_concat_core_calibration_final_20260915,error_complementarity.csv,630,79664629288fdc623890b57de70bdc4a722753cf684d75f4cbde757b0cd4f498,libemg_contraction_intensity,9,20P,Core,F4_Spectral,0.10050378152592118,0.3214285714285714,0.17857142857142855,0.14285714285714285,"{""session/domain"": ""recorded condition/domain; not an inferred session ID""}"
feature_bank_force_concat_core_calibration_final_20260915,error_complementarity.csv,631,2aeebcadfaf4fe26173a9b404265955d0edc87f48b1372bb6a2905cdeb1b98a3,libemg_contraction_intensity,9,20P,Core,F5_Temporal,0.3373495424699932,0.3571428571428571,0.21428571428571425,0.07142857142857142,"{""session/domain"": ""recorded condition/domain; not an inferred session ID""}"
feature_bank_force_concat_core_calibration_final_20260915,error_complementarity.csv,632,42dc702378c6c52d0e3f52023d3d13739c1bdb6fac79857d3ca35773742ab108,libemg_contraction_intensity,9,20P,Core,F9_Quality,-0.06060606060606062,0.3571428571428571,0.17857142857142855,0.17857142857142855,"{""session/domain"": ""recorded condition/domain; not an inferred session ID""}"
feature_bank_force_concat_core_calibration_final_20260915,error_complementarity.csv,633,14d6dc8c4a476e099cf2986b973ec4ca42b39d98b8c7f2d7568d43b15e92ac90,libemg_contraction_intensity,9,30P,Core,F3_Ring,-0.09325048082403142,0.5714285714285714,0.4285714285714285,0.10714285714285714,"{""session/domain"": ""recorded condition/domain; not an inferred session ID""}"
feature_bank_force_concat_core_calibration_final_20260915,error_complementarity.csv,634,c47ade3d76809f8a5c16872ab6c10cc041f6c584587a305c128173bc99af977c,libemg_contraction_intensity,9,30P,Core,F4_Spectral,0.592220092263982,0.17857142857142855,0.10714285714285714,0.03571428571428571,"{""session/domain"": ""recorded condition/domain; not an inferred session ID""}"
feature_bank_force_concat_core_calibration_final_20260915,error_complementarity.csv,635,ad3bdac85c83e3044bf6227d6db16a0f66e7216fabe3a40bee3c7162502b4d67,libemg_contraction_intensity,9,30P,Core,F5_Temporal,0.47777984732195655,0.24999999999999994,0.17857142857142855,0.03571428571428571,"{""session/domain"": ""recorded condition/domain; not an inferred session ID""}"
feature_bank_force_concat_core_calibration_final_20260915,error_complementarity.csv,636,236308a0d13dfeba53f2cc14c68f82ca43e01cd0c3dc43d261e8f766928fecc5,libemg_contraction_intensity,9,30P,Core,F9_Quality,0.27811065739636276,0.3928571428571428,0.21428571428571425,0.07142857142857142,"{""session/domain"": ""recorded condition/domain; not an inferred session ID""}"
feature_bank_force_concat_core_calibration_final_20260915,error_complementarity.csv,637,b399fdedc25832b858580269c9e4c2d47e8a447dc7e7b7c1c96054f127b69f48,libemg_contraction_intensity,9,40P,Core,F3_Ring,0.548860430196974,0.4642857142857142,0.21428571428571425,0.03571428571428571,"{""session/domain"": ""recorded condition/domain; not an inferred session ID""}"
feature_bank_force_concat_core_calibration_final_20260915,error_complementarity.csv,638,485b21dddd0562950f8ad00c88324caef0f71215de70bc7eb9fbf9b9cdedccd9,libemg_contraction_intensity,9,40P,Core,F4_Spectral,0.7177405625652736,0.17857142857142855,0.0,0.14285714285714285,"{""session/domain"": ""recorded condition/domain; not an inferred session ID""}"
feature_bank_force_concat_core_calibration_final_20260915,error_complementarity.csv,639,efa19953dc1bda3c7645333b76d2ccfcf57b60df4eac0e10cff819922b4085ce,libemg_contraction_intensity,9,40P,Core,F5_Temporal,0.6333004963811236,0.21428571428571425,0.10714285714285714,0.07142857142857142,"{""session/domain"": ""recorded condition/domain; not an inferred session ID""}"
feature_bank_force_concat_core_calibration_final_20260915,error_complementarity.csv,640,04461d037d84af51d0b31bd4f7151e7d4da9364ac260e2b33fc0c22aae2f44d6,libemg_contraction_intensity,9,40P,Core,F9_Quality,0.7488553356460047,0.17857142857142855,0.14285714285714285,0.0,"{""session/domain"": ""recorded condition/domain; not an inferred session ID""}"
feature_bank_force_concat_core_calibration_final_20260915,error_complementarity.csv,641,e924e6602ccbf298f764a2469176ee18af264a01394782c2d088c10d331b3f91,libemg_contraction_intensity,9,50P,Core,F3_Ring,0.2660079583736709,0.5357142857142856,0.4285714285714285,0.03571428571428571,"{""session/domain"": ""recorded condition/domain; not an inferred session ID""}"
feature_bank_force_concat_core_calibration_final_20260915,error_complementarity.csv,642,ddbe9a5063168b2e08638cbdbd4a1b1d346e9427caeef4b17eb42c32a43f2c3f,libemg_contraction_intensity,9,50P,Core,F4_Spectral,0.5208474357065142,0.3571428571428571,0.21428571428571427,0.03571428571428571,"{""session/domain"": ""recorded condition/domain; not an inferred session ID""}"
feature_bank_force_concat_core_calibration_final_20260915,error_complementarity.csv,643,22c03463745ddbaf06feef22b9605d3e4690e9fbc2301e2f0c731b0c23afd751,libemg_contraction_intensity,9,50P,Core,F5_Temporal,0.6793662204867574,0.21428571428571425,0.17857142857142855,0.0,"{""session/domain"": ""recorded condition/domain; not an inferred session ID""}"
feature_bank_force_concat_core_calibration_final_20260915,error_complementarity.csv,644,b888ed74bbb4fdec6937c0405ab584c1ba7e1c3ae4cd82e882146b26b94572fd,libemg_contraction_intensity,9,50P,Core,F9_Quality,0.7862453931068967,0.14285714285714285,0.10714285714285714,0.0,"{""session/domain"": ""recorded condition/domain; not an inferred session ID""}"
feature_bank_force_concat_core_calibration_final_20260915,error_complementarity.csv,645,072c40b68f71c353d984c6b5412f47896e9598309d6a67a6b7957f08e1719a2d,libemg_contraction_intensity,9,60P,Core,F3_Ring,0.3340523060388755,0.6785714285714285,0.2857142857142857,0.07142857142857142,"{""session/domain"": ""recorded condition/domain; not an inferred session ID""}"
feature_bank_force_concat_core_calibration_final_20260915,error_complementarity.csv,646,c170ae85c1086cff93fa36c2e4f523c9582250bbdf2c36c9c0ff92ded8966a02,libemg_contraction_intensity,9,60P,Core,F4_Spectral,0.5444357229372961,0.3571428571428571,0.21428571428571425,0.03571428571428571,"{""session/domain"": ""recorded condition/domain; not an inferred session ID""}"
feature_bank_force_concat_core_calibration_final_20260915,error_complementarity.csv,647,37699c545b02a9f7cbc363df606591e94bab29caa1f9022b423229a8e94698bf,libemg_contraction_intensity,9,60P,Core,F5_Temporal,0.6938886664887107,0.21428571428571425,0.17857142857142855,0.0,"{""session/domain"": ""recorded condition/domain; not an inferred session ID""}"
feature_bank_force_concat_core_calibration_final_20260915,error_complementarity.csv,648,69eb9b27d8aec666ee8402fe62c252da1899b0bed4d00f49eef977ddb3c8f459,libemg_contraction_intensity,9,60P,Core,F9_Quality,0.7488553356460046,0.14285714285714285,0.14285714285714285,0.0,"{""session/domain"": ""recorded condition/domain; not an inferred session ID""}"
feature_bank_force_concat_core_calibration_final_20260915,error_complementarity.csv,649,fec2e9952d79c156f2aa541054744449cf581f367e473e210aaf9aff8c13902d,libemg_contraction_intensity,9,70P,Core,F3_Ring,0.464420364012824,0.5357142857142857,0.3571428571428571,0.0,"{""session/domain"": ""recorded condition/domain; not an inferred session ID""}"
feature_bank_force_concat_core_calibration_final_20260915,error_complementarity.csv,650,bfac22e192e0d2d40fc57540a6138bdc110edc46eede3ab83485c269e026f7a4,libemg_contraction_intensity,9,70P,Core,F4_Spectral,0.6470588235294119,0.2857142857142857,0.21428571428571425,0.0,"{""session/domain"": ""recorded condition/domain; not an inferred session ID""}"
feature_bank_force_concat_core_calibration_final_20260915,error_complementarity.csv,651,9575607ac883b2b36261295de36ff43481815bc4705b5e4877ba8a85e045ff32,libemg_contraction_intensity,9,70P,Core,F5_Temporal,0.8640638488223129,0.14285714285714285,0.07142857142857142,0.0,"{""session/domain"": ""recorded condition/domain; not an inferred session ID""}"
feature_bank_force_concat_core_calibration_final_20260915,error_complementarity.csv,652,56e40cf8c556019cb5675e5e4ead2ffea7f471b6c16cebe7513cee2ce6e9e00e,libemg_contraction_intensity,9,70P,Core,F9_Quality,0.647058823529412,0.3214285714285714,0.21428571428571425,0.0,"{""session/domain"": ""recorded condition/domain; not an inferred session ID""}"
feature_bank_force_concat_core_calibration_final_20260915,error_complementarity.csv,653,89dd346b2f9e547066af8756d11398a812f0832a77ba0c5c9f8c8879d6e9642a,libemg_contraction_intensity,9,80P,Core,F3_Ring,0.5488604301969737,0.4285714285714285,0.21428571428571425,0.03571428571428571,"{""session/domain"": ""recorded condition/domain; not an inferred session ID""}"
feature_bank_force_concat_core_calibration_final_20260915,error_complementarity.csv,654,d6f4fb62ff8715a3364500f31c1419a4849f194b43eb1273d7c8e945cedcaa6f,libemg_contraction_intensity,9,80P,Core,F4_Spectral,0.6454972243679028,0.4642857142857142,0.21428571428571425,0.0,"{""session/domain"": ""recorded condition/domain; not an inferred session ID""}"
feature_bank_force_concat_core_calibration_final_20260915,error_complementarity.csv,655,622bf776b2f2ec6027c3ca347f863665f03f22233826116e2d99968c9ee2a1c4,libemg_contraction_intensity,9,80P,Core,F5_Temporal,0.7855533190649868,0.21428571428571425,0.07142857142857142,0.03571428571428571,"{""session/domain"": ""recorded condition/domain; not an inferred session ID""}"
feature_bank_force_concat_core_calibration_final_20260915,error_complementarity.csv,656,37352f17e36734c8fb8278dc555436e2cdde080b3d31ec46eecdb23d16f2a463,libemg_contraction_intensity,9,80P,Core,F9_Quality,0.75,0.17857142857142855,0.14285714285714285,0.0,"{""session/domain"": ""recorded condition/domain; not an inferred session ID""}"
feature_bank_force_concat_core_calibration_final_20260915,error_complementarity.csv,657,8ddcab41262e59aa36ef743365fcab771a0ae6d81912ff7f98f797e050883599,libemg_contraction_intensity,9,MVC,Core,F3_Ring,0.34426518632954817,0.4999999999999999,0.2857142857142857,0.07142857142857142,"{""session/domain"": ""recorded condition/domain; not an inferred session ID""}"
feature_bank_force_concat_core_calibration_final_20260915,error_complementarity.csv,658,6208e8118181cb31f7b711231e579ecc7e2f9f1eebd403bbf3630512c271adbf,libemg_contraction_intensity,9,MVC,Core,F4_Spectral,0.8660254037844386,0.14285714285714285,0.07142857142857142,0.0,"{""session/domain"": ""recorded condition/domain; not an inferred session ID""}"
feature_bank_force_concat_core_calibration_final_20260915,error_complementarity.csv,659,397d4622496479dec6b75aed2c0366fc3db5068e9d663b09e786ade245052df4,libemg_contraction_intensity,9,MVC,Core,F5_Temporal,0.8606629658238704,0.21428571428571427,0.0,0.07142857142857142,"{""session/domain"": ""recorded condition/domain; not an inferred session ID""}"
feature_bank_force_concat_core_calibration_final_20260915,error_complementarity.csv,660,25d6a1d565c8d8121c706b99997d0822a6838552366206f8df83a9db1a5a2d9f,libemg_contraction_intensity,9,MVC,Core,F9_Quality,0.75,0.2857142857142857,0.14285714285714285,0.0,"{""session/domain"": ""recorded condition/domain; not an inferred session ID""}"
feature_bank_force_concat_core_calibration_final_20260915,error_complementarity.csv,661,f982791cceeafe7507f3a80c2a784437ac3d84c5aa84bd7416b3d947d4713cfa,libemg_contraction_intensity,9,Light,Core,F3_Ring,0.441510785688348,0.6071428571428571,0.2857142857142857,0.03571428571428571,"{""session/domain"": ""recorded condition/domain; not an inferred session ID""}"
feature_bank_force_concat_core_calibration_final_20260915,error_complementarity.csv,662,e1261d9e743fec9d64ffcf2f3df4154164b5bc55830a6dff9936363cbce21d5b,libemg_contraction_intensity,9,Light,Core,F4_Spectral,0.30905754998184365,0.2857142857142857,0.10714285714285714,0.17857142857142855,"{""session/domain"": ""recorded condition/domain; not an inferred session ID""}"
feature_bank_force_concat_core_calibration_final_20260915,error_complementarity.csv,663,89802c7789d58a651debc4d8f682a3624e5483c8cebea53129c2c836f289883a,libemg_contraction_intensity,9,Light,Core,F5_Temporal,0.2292793797819215,0.4285714285714285,0.21428571428571425,0.14285714285714285,"{""session/domain"": ""recorded condition/domain; not an inferred session ID""}"
feature_bank_force_concat_core_calibration_final_20260915,error_complementarity.csv,664,26a9765963fb9a03a9dbd5046fc84e12d2c0abaa00bbf0f225a759c7e4e62419,libemg_contraction_intensity,9,Light,Core,F9_Quality,0.12595414817859238,0.5357142857142857,0.2857142857142857,0.14285714285714285,"{""session/domain"": ""recorded condition/domain; not an inferred session ID""}"
feature_bank_force_concat_core_calibration_final_20260915,error_complementarity.csv,665,24114adca9708e793c61a167c4c37e765e55ee51faeba5a5d5028794479ccba4,libemg_contraction_intensity,9,Medium,Core,F3_Ring,0.3721042037676254,0.5,0.3214285714285714,0.03571428571428571,"{""session/domain"": ""recorded condition/domain; not an inferred session ID""}"
feature_bank_force_concat_core_calibration_final_20260915,error_complementarity.csv,666,38cec7f3c2b7601ca163d0da889c21dadadd46dd3b3d3495f8d8122c55b8d7dd,libemg_contraction_intensity,9,Medium,Core,F4_Spectral,0.16151457061744962,0.2857142857142857,0.10714285714285714,0.17857142857142855,"{""session/domain"": ""recorded condition/domain; not an inferred session ID""}"
feature_bank_force_concat_core_calibration_final_20260915,error_complementarity.csv,667,9776bfdf75ad639fafe909173651e2fced12a0cd9b892ca4e9111c1343e0b372,libemg_contraction_intensity,9,Medium,Core,F5_Temporal,0.6190476190476192,0.21428571428571425,0.07142857142857142,0.07142857142857142,"{""session/domain"": ""recorded condition/domain; not an inferred session ID""}"
feature_bank_force_concat_core_calibration_final_20260915,error_complementarity.csv,668,ce56e599e1bfdd7e9ba80475c02acd6bab5b731e1bc0a1f82104f573c66942c6,libemg_contraction_intensity,9,Medium,Core,F9_Quality,0.5477225575051663,0.24999999999999994,0.10714285714285714,0.07142857142857142,"{""session/domain"": ""recorded condition/domain; not an inferred session ID""}"
feature_bank_force_concat_core_calibration_final_20260915,error_complementarity.csv,669,0f049c463cc9c62920560f148994ff7ef6cafe1fc8497e39fcb7639acc831762,libemg_contraction_intensity,9,Hard,Core,F3_Ring,-0.013312051063847866,0.6428571428571427,0.5357142857142857,0.07142857142857142,"{""session/domain"": ""recorded condition/domain; not an inferred session ID""}"
feature_bank_force_concat_core_calibration_final_20260915,error_complementarity.csv,670,0f89688a86324aa7460db6f4f5d277251fac882ba556fbeded5cf90128f42f97,libemg_contraction_intensity,9,Hard,Core,F4_Spectral,0.4861724348043978,0.3928571428571428,0.32142857142857134,0.0,"{""session/domain"": ""recorded condition/domain; not an inferred session ID""}"
feature_bank_force_concat_core_calibration_final_20260915,error_complementarity.csv,671,30b82778973c346dad7c3c066ce90463c75b768c63f07fecbf9aa238a17cf03c,libemg_contraction_intensity,9,Hard,Core,F5_Temporal,0.6030226891555271,0.24999999999999994,0.21428571428571425,0.0,"{""session/domain"": ""recorded condition/domain; not an inferred session ID""}"
feature_bank_force_concat_core_calibration_final_20260915,error_complementarity.csv,672,257e8ef07ebd80d251297b03b2d9d7b03e40b99e59fe3347e939b3043afa24f4,libemg_contraction_intensity,9,Hard,Core,F9_Quality,0.5222329678670935,0.28571428571428564,0.28571428571428564,0.0,"{""session/domain"": ""recorded condition/domain; not an inferred session ID""}"
feature_bank_force_concat_core_calibration_final_20260915,error_complementarity.csv,673,00d9bb03f54abac397d22c123f354057b4debd0459d66dec202e6ee3ad9ae951,libemg_contraction_intensity,9,"{""source_condition"": ""Ramp""}",Core,F3_Ring,0.32572900715992675,0.5680272108843537,0.3571428571428571,0.044217687074829926,"{""session/domain"": ""run manifest evaluation domain""}"
feature_bank_force_concat_core_calibration_final_20260915,error_complementarity.csv,674,f16ec2a0d2363ba1591264e2d3593b5f90c5511816422b283b04c9dcfc99be09,libemg_contraction_intensity,9,"{""source_condition"": ""Ramp""}",Core,F4_Spectral,0.5085227796230177,0.30272108843537415,0.16326530612244897,0.07142857142857142,"{""session/domain"": ""run manifest evaluation domain""}"
feature_bank_force_concat_core_calibration_final_20260915,error_complementarity.csv,675,aed0af24d5bfeebccaaccccae1e1117fc14636b637ddf4295b1d51dab845c55a,libemg_contraction_intensity,9,"{""source_condition"": ""Ramp""}",Core,F5_Temporal,0.6161372311654734,0.24829931972789113,0.14285714285714285,0.044217687074829926,"{""session/domain"": ""run manifest evaluation domain""}"
feature_bank_force_concat_core_calibration_final_20260915,error_complementarity.csv,676,0e3f6f5e2351cecf2b74056a348afb53e7bd9b757751cb1dcd263a1b666e96d4,libemg_contraction_intensity,9,"{""source_condition"": ""Ramp""}",Core,F9_Quality,0.5587584713407165,0.2789115646258503,0.1802721088435374,0.044217687074829926,"{""session/domain"": ""run manifest evaluation domain""}"
feature_bank_force_concat_core_calibration_final_20260915,error_complementarity.csv,677,cba2647338ab03881325da269db4e250028d264b1bfec76cfb7579045c4c36a7,libemg_contraction_intensity,9,20P,Core,F3_Ring,0.30151134457776363,0.7499999999999999,0.5357142857142857,0.0,"{""session/domain"": ""recorded condition/domain; not an inferred session ID""}"
feature_bank_force_concat_core_calibration_final_20260915,error_complementarity.csv,678,1ed21252172eb856be1d10e54fb7fd64ae66c608868c653fb2267d2446955fc9,libemg_contraction_intensity,9,20P,Core,F4_Spectral,0.10050378152592118,0.3214285714285714,0.17857142857142855,0.14285714285714285,"{""session/domain"": ""recorded condition/domain; not an inferred session ID""}"
feature_bank_force_concat_core_calibration_final_20260915,error_complementarity.csv,679,e9d1b3fb37e8b7f8429d83e7f9a7a97d4c3e745c4ae7e37dc67016256c3edb3c,libemg_contraction_intensity,9,20P,Core,F5_Temporal,0.3373495424699932,0.3571428571428571,0.21428571428571425,0.07142857142857142,"{""session/domain"": ""recorded condition/domain; not an inferred session ID""}"
feature_bank_force_concat_core_calibration_final_20260915,error_complementarity.csv,680,e61dd899324610bc5a38e86bc8c10df421ceebf67ad1115187f702142f918002,libemg_contraction_intensity,9,20P,Core,F9_Quality,-0.06060606060606062,0.3571428571428571,0.17857142857142855,0.17857142857142855,"{""session/domain"": ""recorded condition/domain; not an inferred session ID""}"
feature_bank_force_concat_core_calibration_final_20260915,error_complementarity.csv,681,8abc10f37c7db0a9d76690191a887fe510cb1f030c607251e3d570063e86d069,libemg_contraction_intensity,9,30P,Core,F3_Ring,-0.09325048082403142,0.5714285714285714,0.4285714285714285,0.10714285714285714,"{""session/domain"": ""recorded condition/domain; not an inferred session ID""}"
feature_bank_force_concat_core_calibration_final_20260915,error_complementarity.csv,682,4144353ee2faacb8f80dadb6d1f2008424ed853612d55b6d2fb51f5bf05f432e,libemg_contraction_intensity,9,30P,Core,F4_Spectral,0.592220092263982,0.17857142857142855,0.10714285714285714,0.03571428571428571,"{""session/domain"": ""recorded condition/domain; not an inferred session ID""}"
feature_bank_force_concat_core_calibration_final_20260915,error_complementarity.csv,683,a4a5066c7214caa2b46c75c213d5ae138a7831cecc7a009bbcc0f3be60c25d6c,libemg_contraction_intensity,9,30P,Core,F5_Temporal,0.47777984732195655,0.24999999999999994,0.17857142857142855,0.03571428571428571,"{""session/domain"": ""recorded condition/domain; not an inferred session ID""}"
feature_bank_force_concat_core_calibration_final_20260915,error_complementarity.csv,684,01734cc83b4d467101448d84d5f2bb80cb5147effb1ac8b2a9b5d7d778c8cc99,libemg_contraction_intensity,9,30P,Core,F9_Quality,0.27811065739636276,0.3928571428571428,0.21428571428571425,0.07142857142857142,"{""session/domain"": ""recorded condition/domain; not an inferred session ID""}"
feature_bank_force_concat_core_calibration_final_20260915,error_complementarity.csv,685,557c66b3f6b8497a15f2ab859a4ac95795d3904d320975b7b70bcccc6227b23b,libemg_contraction_intensity,9,40P,Core,F3_Ring,0.548860430196974,0.4642857142857142,0.21428571428571425,0.03571428571428571,"{""session/domain"": ""recorded condition/domain; not an inferred session ID""}"
feature_bank_force_concat_core_calibration_final_20260915,error_complementarity.csv,686,b9479197f36c7a464ade49ba0ac53abab8de831cd8bd481f6c7d191a4efae6b0,libemg_contraction_intensity,9,40P,Core,F4_Spectral,0.7177405625652736,0.17857142857142855,0.0,0.14285714285714285,"{""session/domain"": ""recorded condition/domain; not an inferred session ID""}"
feature_bank_force_concat_core_calibration_final_20260915,error_complementarity.csv,687,4116492212360a70af86bf56c0088a6c13aae2c9458ccfcd6b271d4295e42db9,libemg_contraction_intensity,9,40P,Core,F5_Temporal,0.6333004963811236,0.21428571428571425,0.10714285714285714,0.07142857142857142,"{""session/domain"": ""recorded condition/domain; not an inferred session ID""}"
feature_bank_force_concat_core_calibration_final_20260915,error_complementarity.csv,688,4d7ca273e6e6c6e262faaf1425eaffa8a57de6f756267a2887dc77381c7a00e4,libemg_contraction_intensity,9,40P,Core,F9_Quality,0.7488553356460047,0.17857142857142855,0.14285714285714285,0.0,"{""session/domain"": ""recorded condition/domain; not an inferred session ID""}"
feature_bank_force_concat_core_calibration_final_20260915,error_complementarity.csv,689,69b3818f4bd1392e6a52cdd655c25b2ff301573b49155e9ec522f9c8ee86468b,libemg_contraction_intensity,9,50P,Core,F3_Ring,0.2660079583736709,0.5357142857142856,0.4285714285714285,0.03571428571428571,"{""session/domain"": ""recorded condition/domain; not an inferred session ID""}"
feature_bank_force_concat_core_calibration_final_20260915,error_complementarity.csv,690,23d98ecfef20af16cf21464c2f373ad36f957900f73d57aba400f6d168a09662,libemg_contraction_intensity,9,50P,Core,F4_Spectral,0.5208474357065142,0.3571428571428571,0.21428571428571427,0.03571428571428571,"{""session/domain"": ""recorded condition/domain; not an inferred session ID""}"
feature_bank_force_concat_core_calibration_final_20260915,error_complementarity.csv,691,2a00b66d687fb828be271122784594e4d1cd9ac84e1ff65fd058fd5a07b3c8e8,libemg_contraction_intensity,9,50P,Core,F5_Temporal,0.6793662204867574,0.21428571428571425,0.17857142857142855,0.0,"{""session/domain"": ""recorded condition/domain; not an inferred session ID""}"
feature_bank_force_concat_core_calibration_final_20260915,error_complementarity.csv,692,8716ebba312b168aea62381754d71df74358ae5b13ca8e3bc984aef4f3afef06,libemg_contraction_intensity,9,50P,Core,F9_Quality,0.7862453931068967,0.14285714285714285,0.10714285714285714,0.0,"{""session/domain"": ""recorded condition/domain; not an inferred session ID""}"
feature_bank_force_concat_core_calibration_final_20260915,error_complementarity.csv,693,99876b2f47406039df5dbc5959ac2ad6ed7edbacd7588aac264522174bf88816,libemg_contraction_intensity,9,60P,Core,F3_Ring,0.3340523060388755,0.6785714285714285,0.2857142857142857,0.07142857142857142,"{""session/domain"": ""recorded condition/domain; not an inferred session ID""}"
feature_bank_force_concat_core_calibration_final_20260915,error_complementarity.csv,694,1551460ba341e1b526afb1328f8ee4a4e116c5cb20b5bea4e7a1fdb677bf524c,libemg_contraction_intensity,9,60P,Core,F4_Spectral,0.5444357229372961,0.3571428571428571,0.21428571428571425,0.03571428571428571,"{""session/domain"": ""recorded condition/domain; not an inferred session ID""}"
feature_bank_force_concat_core_calibration_final_20260915,error_complementarity.csv,695,0b47d2bbf38be25277b1ad8d8c683a26cab45db05adb7d8b71292839cb3919dd,libemg_contraction_intensity,9,60P,Core,F5_Temporal,0.6938886664887107,0.21428571428571425,0.17857142857142855,0.0,"{""session/domain"": ""recorded condition/domain; not an inferred session ID""}"
feature_bank_force_concat_core_calibration_final_20260915,error_complementarity.csv,696,b32675cfe1a397b3722e5566ea7cf086455c45661c727a56de69dfbea02986da,libemg_contraction_intensity,9,60P,Core,F9_Quality,0.7488553356460046,0.14285714285714285,0.14285714285714285,0.0,"{""session/domain"": ""recorded condition/domain; not an inferred session ID""}"
feature_bank_force_concat_core_calibration_final_20260915,error_complementarity.csv,697,ec39901c2f27dc414f4413157ce24eaf716b58e413be101665022412525a0bf0,libemg_contraction_intensity,9,70P,Core,F3_Ring,0.464420364012824,0.5357142857142857,0.3571428571428571,0.0,"{""session/domain"": ""recorded condition/domain; not an inferred session ID""}"
feature_bank_force_concat_core_calibration_final_20260915,error_complementarity.csv,698,61e6be507f5171c4e8176ba639a8e9200cdceede032db9f6234ef489752dff52,libemg_contraction_intensity,9,70P,Core,F4_Spectral,0.6470588235294119,0.2857142857142857,0.21428571428571425,0.0,"{""session/domain"": ""recorded condition/domain; not an inferred session ID""}"
feature_bank_force_concat_core_calibration_final_20260915,error_complementarity.csv,699,b5b9e317ddd9213b4ef31ed8ef4be13d82cc9e1d362f67b58cf4066ff13981fd,libemg_contraction_intensity,9,70P,Core,F5_Temporal,0.8640638488223129,0.14285714285714285,0.07142857142857142,0.0,"{""session/domain"": ""recorded condition/domain; not an inferred session ID""}"
feature_bank_force_concat_core_calibration_final_20260915,error_complementarity.csv,700,91602514663c8323252431ed3800b1c3494b7d81dfe920b57ed502824eaff8f8,libemg_contraction_intensity,9,70P,Core,F9_Quality,0.647058823529412,0.3214285714285714,0.21428571428571425,0.0,"{""session/domain"": ""recorded condition/domain; not an inferred session ID""}"
feature_bank_force_concat_core_calibration_final_20260915,error_complementarity.csv,701,889178af0706a4dd406dd52187923ff490c7b6c82864b6934cff93bc4b93c9e1,libemg_contraction_intensity,9,80P,Core,F3_Ring,0.5488604301969737,0.4285714285714285,0.21428571428571425,0.03571428571428571,"{""session/domain"": ""recorded condition/domain; not an inferred session ID""}"
feature_bank_force_concat_core_calibration_final_20260915,error_complementarity.csv,702,1204b849209f7093cf0131a082e7ef54f1657b3b41a5c7834123fa0ac732757f,libemg_contraction_intensity,9,80P,Core,F4_Spectral,0.6454972243679028,0.4642857142857142,0.21428571428571425,0.0,"{""session/domain"": ""recorded condition/domain; not an inferred session ID""}"
feature_bank_force_concat_core_calibration_final_20260915,error_complementarity.csv,703,da969e7d3df666b4fb6348fca8960bb6beaeb7c04f69e5f143c8f01d1f17310f,libemg_contraction_intensity,9,80P,Core,F5_Temporal,0.7855533190649868,0.21428571428571425,0.07142857142857142,0.03571428571428571,"{""session/domain"": ""recorded condition/domain; not an inferred session ID""}"
feature_bank_force_concat_core_calibration_final_20260915,error_complementarity.csv,704,d483c5c1fe2c700746ad4d93f77ef8414beb59c8a342437db4eb71539f3c0507,libemg_contraction_intensity,9,80P,Core,F9_Quality,0.75,0.17857142857142855,0.14285714285714285,0.0,"{""session/domain"": ""recorded condition/domain; not an inferred session ID""}"
feature_bank_force_concat_core_calibration_final_20260915,error_complementarity.csv,705,909c603d9f09a4b497fde9b7b7ceebaa8ff1c4b6cd172c99c10553bbf91e27e8,libemg_contraction_intensity,9,MVC,Core,F3_Ring,0.34426518632954817,0.4999999999999999,0.2857142857142857,0.07142857142857142,"{""session/domain"": ""recorded condition/domain; not an inferred session ID""}"
feature_bank_force_concat_core_calibration_final_20260915,error_complementarity.csv,706,0d0a3e6cd45fce285ed7d73c98c280d2fb5ece3e5f1dca07a2187f70b9c3255c,libemg_contraction_intensity,9,MVC,Core,F4_Spectral,0.8660254037844386,0.14285714285714285,0.07142857142857142,0.0,"{""session/domain"": ""recorded condition/domain; not an inferred session ID""}"
feature_bank_force_concat_core_calibration_final_20260915,error_complementarity.csv,707,f2ee106ec21e3147d100d4996346d46f8d07ca1228291bdf141149578081cfc1,libemg_contraction_intensity,9,MVC,Core,F5_Temporal,0.8606629658238704,0.21428571428571427,0.0,0.07142857142857142,"{""session/domain"": ""recorded condition/domain; not an inferred session ID""}"
feature_bank_force_concat_core_calibration_final_20260915,error_complementarity.csv,708,8e7884e8acaff2338fbe57222be9b61e46f5a1fae863622ae50c21bf3ce5d67e,libemg_contraction_intensity,9,MVC,Core,F9_Quality,0.75,0.2857142857142857,0.14285714285714285,0.0,"{""session/domain"": ""recorded condition/domain; not an inferred session ID""}"
feature_bank_force_concat_core_calibration_final_20260915,error_complementarity.csv,709,b50560f3c9585fdd3ad4f4b0ebf8b8e2e185d965b90765f184c2f9916d39ba44,libemg_contraction_intensity,9,Light,Core,F3_Ring,0.441510785688348,0.6071428571428571,0.2857142857142857,0.03571428571428571,"{""session/domain"": ""recorded condition/domain; not an inferred session ID""}"
feature_bank_force_concat_core_calibration_final_20260915,error_complementarity.csv,710,e1dcd924a7d4b2f513b6dfa2092f9f0941079b88db5da68f54bf88e12c4bea45,libemg_contraction_intensity,9,Light,Core,F4_Spectral,0.30905754998184365,0.2857142857142857,0.10714285714285714,0.17857142857142855,"{""session/domain"": ""recorded condition/domain; not an inferred session ID""}"
feature_bank_force_concat_core_calibration_final_20260915,error_complementarity.csv,711,791c4dd506c8cd0edd9ee8344e1be6e5a27493d8e833b9252b8bee610877f515,libemg_contraction_intensity,9,Light,Core,F5_Temporal,0.2292793797819215,0.4285714285714285,0.21428571428571425,0.14285714285714285,"{""session/domain"": ""recorded condition/domain; not an inferred session ID""}"
feature_bank_force_concat_core_calibration_final_20260915,error_complementarity.csv,712,c7f0ee8250c9b009b9093e5e084523fc1d37853cb2c0ea81a3b62b5e5579d6e9,libemg_contraction_intensity,9,Light,Core,F9_Quality,0.12595414817859238,0.5357142857142857,0.2857142857142857,0.14285714285714285,"{""session/domain"": ""recorded condition/domain; not an inferred session ID""}"
feature_bank_force_concat_core_calibration_final_20260915,error_complementarity.csv,713,ccda1b0e986f8fe502ef47332a2bfdefe2d02fd5af0457af10531f68ed4531d4,libemg_contraction_intensity,9,Medium,Core,F3_Ring,0.3721042037676254,0.5,0.3214285714285714,0.03571428571428571,"{""session/domain"": ""recorded condition/domain; not an inferred session ID""}"
feature_bank_force_concat_core_calibration_final_20260915,error_complementarity.csv,714,6aa94ff0d842a314ea4e3a42677622e95f03c6ed79f4c8cc773b9a44983d27b5,libemg_contraction_intensity,9,Medium,Core,F4_Spectral,0.16151457061744962,0.2857142857142857,0.10714285714285714,0.17857142857142855,"{""session/domain"": ""recorded condition/domain; not an inferred session ID""}"
feature_bank_force_concat_core_calibration_final_20260915,error_complementarity.csv,715,1d55441d29f27a2087f79bb122f03af6f99153992bbd0d45e0b2ef3035c537d0,libemg_contraction_intensity,9,Medium,Core,F5_Temporal,0.6190476190476192,0.21428571428571425,0.07142857142857142,0.07142857142857142,"{""session/domain"": ""recorded condition/domain; not an inferred session ID""}"
feature_bank_force_concat_core_calibration_final_20260915,error_complementarity.csv,716,c6bdd8d46a4924eb8c0f316740d8a495d8406833fc7c3437db1fb55ccaa91dbf,libemg_contraction_intensity,9,Medium,Core,F9_Quality,0.5477225575051663,0.24999999999999994,0.10714285714285714,0.07142857142857142,"{""session/domain"": ""recorded condition/domain; not an inferred session ID""}"
feature_bank_force_concat_core_calibration_final_20260915,error_complementarity.csv,717,d4067f6e71ae2d19295d91c4d4564a678b456c5fd7cc3c20d7b1c6147b43a69b,libemg_contraction_intensity,9,Hard,Core,F3_Ring,-0.013312051063847866,0.6428571428571427,0.5357142857142857,0.07142857142857142,"{""session/domain"": ""recorded condition/domain; not an inferred session ID""}"
feature_bank_force_concat_core_calibration_final_20260915,error_complementarity.csv,718,1e11b4cfe18ea2cf40e35fb7803243eca19ad38b736fc5a4f9f55ff86d2d9923,libemg_contraction_intensity,9,Hard,Core,F4_Spectral,0.4861724348043978,0.3928571428571428,0.32142857142857134,0.0,"{""session/domain"": ""recorded condition/domain; not an inferred session ID""}"
feature_bank_force_concat_core_calibration_final_20260915,error_complementarity.csv,719,b9b4362f91583d0787659f5cd82595a1c943072a2d5e4526bc387e49ed4809b9,libemg_contraction_intensity,9,Hard,Core,F5_Temporal,0.6030226891555271,0.24999999999999994,0.21428571428571425,0.0,"{""session/domain"": ""recorded condition/domain; not an inferred session ID""}"
feature_bank_force_concat_core_calibration_final_20260915,error_complementarity.csv,720,a2252422244d33d1f02ea53bb8951daa703b72c2579b7ea779d7977b78a919e0,libemg_contraction_intensity,9,Hard,Core,F9_Quality,0.5222329678670935,0.28571428571428564,0.28571428571428564,0.0,"{""session/domain"": ""recorded condition/domain; not an inferred session ID""}"
feature_bank_force_concat_core_calibration_final_20260915,error_complementarity.csv,721,55895cc56cdcb1855f84ae5c87a1d0c6ca9a1ffeedb72c4ff6a3e0cfbf61ee6e,libemg_contraction_intensity,9,"{""source_condition"": ""Ramp""}",Core,F3_Ring,0.3215248096380892,0.5748299319727891,0.3605442176870748,0.044217687074829926,"{""session/domain"": ""run manifest evaluation domain""}"
feature_bank_force_concat_core_calibration_final_20260915,error_complementarity.csv,722,09eeff251c6e1bd785738d0800893baa707886477522b8f1022ebd06722995f3,libemg_contraction_intensity,9,"{""source_condition"": ""Ramp""}",Core,F4_Spectral,0.5139121919282248,0.30272108843537415,0.15986394557823128,0.07142857142857142,"{""session/domain"": ""run manifest evaluation domain""}"
feature_bank_force_concat_core_calibration_final_20260915,error_complementarity.csv,723,ee0d046d37a956894df07cf7256af0627bda6ab93027071a0df4583126fd50cc,libemg_contraction_intensity,9,"{""source_condition"": ""Ramp""}",Core,F5_Temporal,0.6161372311654734,0.2517006802721088,0.14285714285714285,0.044217687074829926,"{""session/domain"": ""run manifest evaluation domain""}"
feature_bank_force_concat_core_calibration_final_20260915,error_complementarity.csv,724,be755ef8549ceb7ee66ebcf89208f5258b9a87dc7e3508c84512f0e002b4b864,libemg_contraction_intensity,9,"{""source_condition"": ""Ramp""}",Core,F9_Quality,0.5587584713407165,0.2789115646258503,0.1802721088435374,0.044217687074829926,"{""session/domain"": ""run manifest evaluation domain""}"
feature_bank_force_concat_core_calibration_final_20260915,error_complementarity.csv,725,f377e996886f49d9afdcb0838ed79907c522767a4c7982116ac2aa259cdf3302,libemg_contraction_intensity,9,20P,Core,F3_Ring,0.3015113445777636,0.7499999999999999,0.5357142857142857,0.0,"{""session/domain"": ""recorded condition/domain; not an inferred session ID""}"
feature_bank_force_concat_core_calibration_final_20260915,error_complementarity.csv,726,052624f6de54a691af8d873ff9130a744201294915e847dc9df4c528863ab37f,libemg_contraction_intensity,9,20P,Core,F4_Spectral,0.10050378152592118,0.3214285714285714,0.17857142857142855,0.14285714285714285,"{""session/domain"": ""recorded condition/domain; not an inferred session ID""}"
feature_bank_force_concat_core_calibration_final_20260915,error_complementarity.csv,727,961c05cf2e9a860495c72febc3bb68d27f17c46e076dd62a988ed4ec9631861b,libemg_contraction_intensity,9,20P,Core,F5_Temporal,0.3373495424699932,0.3571428571428571,0.21428571428571425,0.07142857142857142,"{""session/domain"": ""recorded condition/domain; not an inferred session ID""}"
feature_bank_force_concat_core_calibration_final_20260915,error_complementarity.csv,728,d476edd3fe594daaf40f8d94ad1d9a6f741de2041f356c4c31b99ebe664a0e32,libemg_contraction_intensity,9,20P,Core,F9_Quality,-0.06060606060606062,0.3571428571428571,0.17857142857142855,0.17857142857142855,"{""session/domain"": ""recorded condition/domain; not an inferred session ID""}"
feature_bank_force_concat_core_calibration_final_20260915,error_complementarity.csv,729,a04eee4f97d63c43a3e13d65303becabbd6f5de02fe967e07decec7122cada79,libemg_contraction_intensity,9,30P,Core,F3_Ring,-0.09325048082403142,0.5714285714285714,0.4285714285714285,0.10714285714285714,"{""session/domain"": ""recorded condition/domain; not an inferred session ID""}"
feature_bank_force_concat_core_calibration_final_20260915,error_complementarity.csv,730,56034d40b2bf250107a400902460ae0126bddeb06dcd842b10efca3e64c26e6f,libemg_contraction_intensity,9,30P,Core,F4_Spectral,0.592220092263982,0.17857142857142855,0.10714285714285714,0.03571428571428571,"{""session/domain"": ""recorded condition/domain; not an inferred session ID""}"
feature_bank_force_concat_core_calibration_final_20260915,error_complementarity.csv,731,fa194d23f5cd8f70b333f2f870a8802bc3b0d204ee2678cf4e67de771208b4c1,libemg_contraction_intensity,9,30P,Core,F5_Temporal,0.47777984732195655,0.24999999999999994,0.17857142857142855,0.03571428571428571,"{""session/domain"": ""recorded condition/domain; not an inferred session ID""}"
feature_bank_force_concat_core_calibration_final_20260915,error_complementarity.csv,732,12aab1ecca8bf3e7ef16507a58f097be7622cd8958a5cc6df0e443f8a67f911a,libemg_contraction_intensity,9,30P,Core,F9_Quality,0.27811065739636276,0.3928571428571428,0.21428571428571425,0.07142857142857142,"{""session/domain"": ""recorded condition/domain; not an inferred session ID""}"
feature_bank_force_concat_core_calibration_final_20260915,error_complementarity.csv,733,8320cf8afeb93f2dd23ca68b4c2ddefb47e0fcc372aa52a535d7a5f7fac378ba,libemg_contraction_intensity,9,40P,Core,F3_Ring,0.548860430196974,0.4642857142857142,0.21428571428571425,0.03571428571428571,"{""session/domain"": ""recorded condition/domain; not an inferred session ID""}"
feature_bank_force_concat_core_calibration_final_20260915,error_complementarity.csv,734,443fcd5de7423b4f16959f8bf8b73ce1c3b4e2cc2e4c6095254623c8ad397695,libemg_contraction_intensity,9,40P,Core,F4_Spectral,0.7177405625652736,0.17857142857142855,0.0,0.14285714285714285,"{""session/domain"": ""recorded condition/domain; not an inferred session ID""}"
feature_bank_force_concat_core_calibration_final_20260915,error_complementarity.csv,735,625916d359c4ae40b16ed8c9dc2138b80d2f10b6ad16ded05034c902bae6e3fb,libemg_contraction_intensity,9,40P,Core,F5_Temporal,0.6333004963811236,0.21428571428571425,0.10714285714285714,0.07142857142857142,"{""session/domain"": ""recorded condition/domain; not an inferred session ID""}"
feature_bank_force_concat_core_calibration_final_20260915,error_complementarity.csv,736,b6e9a1a370ab1e074795b23fbde67bea0ab29161f3f7ab758c53a64715a6815f,libemg_contraction_intensity,9,40P,Core,F9_Quality,0.7488553356460047,0.17857142857142855,0.14285714285714285,0.0,"{""session/domain"": ""recorded condition/domain; not an inferred session ID""}"
feature_bank_force_concat_core_calibration_final_20260915,error_complementarity.csv,737,e4e2b174798a8633cc31c319148a2c4c1e5c9db4c79de2ab4fb0fe71c20cf042,libemg_contraction_intensity,9,50P,Core,F3_Ring,0.2660079583736709,0.5357142857142856,0.4285714285714285,0.03571428571428571,"{""session/domain"": ""recorded condition/domain; not an inferred session ID""}"
feature_bank_force_concat_core_calibration_final_20260915,error_complementarity.csv,738,d344ae736d51330edf0aad89f563caecedce3649a2ad5536b2cfd9f4ca4c7e58,libemg_contraction_intensity,9,50P,Core,F4_Spectral,0.5208474357065142,0.3571428571428571,0.21428571428571427,0.03571428571428571,"{""session/domain"": ""recorded condition/domain; not an inferred session ID""}"
feature_bank_force_concat_core_calibration_final_20260915,error_complementarity.csv,739,206f8629e4db409a9244543bb3a8f42dbdbebf29688688b70ae25000263fdbd3,libemg_contraction_intensity,9,50P,Core,F5_Temporal,0.6793662204867574,0.21428571428571425,0.17857142857142855,0.0,"{""session/domain"": ""recorded condition/domain; not an inferred session ID""}"
feature_bank_force_concat_core_calibration_final_20260915,error_complementarity.csv,740,81eef87f04c22093c555b43b14de530ada06bdf70360437520df4e9c2ff25a0e,libemg_contraction_intensity,9,50P,Core,F9_Quality,0.7862453931068967,0.14285714285714285,0.10714285714285714,0.0,"{""session/domain"": ""recorded condition/domain; not an inferred session ID""}"
feature_bank_force_concat_core_calibration_final_20260915,error_complementarity.csv,741,f098a677a2c50cc08ee31572c170ce75c63c9f5cc1ad8f6d42cecdc2200f146e,libemg_contraction_intensity,9,60P,Core,F3_Ring,0.3340523060388755,0.6785714285714285,0.2857142857142857,0.07142857142857142,"{""session/domain"": ""recorded condition/domain; not an inferred session ID""}"
feature_bank_force_concat_core_calibration_final_20260915,error_complementarity.csv,742,ae324a4636382ada65f146c46a071aa9a829e16ca5409f06e3ca66ab671f2645,libemg_contraction_intensity,9,60P,Core,F4_Spectral,0.5444357229372961,0.3571428571428571,0.21428571428571425,0.03571428571428571,"{""session/domain"": ""recorded condition/domain; not an inferred session ID""}"
feature_bank_force_concat_core_calibration_final_20260915,error_complementarity.csv,743,6b8b412a81e3462ee705cc7ff1c318743d5b8495bfbed5ddb36a76a777b713d4,libemg_contraction_intensity,9,60P,Core,F5_Temporal,0.6938886664887107,0.21428571428571425,0.17857142857142855,0.0,"{""session/domain"": ""recorded condition/domain; not an inferred session ID""}"
feature_bank_force_concat_core_calibration_final_20260915,error_complementarity.csv,744,4a1a222f37df2639566ca13ef147f84a75bc64cb656df221ad6fa1398359a23c,libemg_contraction_intensity,9,60P,Core,F9_Quality,0.7488553356460046,0.14285714285714285,0.14285714285714285,0.0,"{""session/domain"": ""recorded condition/domain; not an inferred session ID""}"
feature_bank_force_concat_core_calibration_final_20260915,error_complementarity.csv,745,f0cc926767b9f57a1b0ce8792a89606a3e7208dacfb1ca6486d392f14f86e302,libemg_contraction_intensity,9,70P,Core,F3_Ring,0.464420364012824,0.5714285714285714,0.3571428571428571,0.0,"{""session/domain"": ""recorded condition/domain; not an inferred session ID""}"
feature_bank_force_concat_core_calibration_final_20260915,error_complementarity.csv,746,1c28b4e02c3ab5f5ba8434687b8b80cd554c614007a96bce0b137ec06f221982,libemg_contraction_intensity,9,70P,Core,F4_Spectral,0.696630546019236,0.25,0.17857142857142855,0.0,"{""session/domain"": ""recorded condition/domain; not an inferred session ID""}"
feature_bank_force_concat_core_calibration_final_20260915,error_complementarity.csv,747,d4605918f474534e5bd91cab3ab71f68b3c6311ff6d3cad1dbf513a1aca9360b,libemg_contraction_intensity,9,70P,Core,F5_Temporal,0.8640638488223129,0.14285714285714285,0.07142857142857142,0.0,"{""session/domain"": ""recorded condition/domain; not an inferred session ID""}"
feature_bank_force_concat_core_calibration_final_20260915,error_complementarity.csv,748,d383af7aff47cb8f5faba1d73510b837a6ba7100aa16149b35c69ee30bc1e2bf,libemg_contraction_intensity,9,70P,Core,F9_Quality,0.647058823529412,0.3214285714285714,0.21428571428571425,0.0,"{""session/domain"": ""recorded condition/domain; not an inferred session ID""}"
feature_bank_force_concat_core_calibration_final_20260915,error_complementarity.csv,749,91dade305eaf27b7b69b978d99d0cf964c5d27fc2d357c5a11c2d34f00ba62f1,libemg_contraction_intensity,9,80P,Core,F3_Ring,0.5488604301969737,0.4285714285714285,0.21428571428571425,0.03571428571428571,"{""session/domain"": ""recorded condition/domain; not an inferred session ID""}"
feature_bank_force_concat_core_calibration_final_20260915,error_complementarity.csv,750,804d51bcb66919af0be608954740cb57a7087639d4cf345cbb9a196c10435b4c,libemg_contraction_intensity,9,80P,Core,F4_Spectral,0.6454972243679028,0.4642857142857142,0.21428571428571425,0.0,"{""session/domain"": ""recorded condition/domain; not an inferred session ID""}"
feature_bank_force_concat_core_calibration_final_20260915,error_complementarity.csv,751,458ea20f69767b2f65699cdd08c52bd99d70bc04b2e2b18dd635287b23e0564f,libemg_contraction_intensity,9,80P,Core,F5_Temporal,0.7855533190649868,0.21428571428571425,0.07142857142857142,0.03571428571428571,"{""session/domain"": ""recorded condition/domain; not an inferred session ID""}"
feature_bank_force_concat_core_calibration_final_20260915,error_complementarity.csv,752,2a1f38e51065576897cbc36d953815a9c1153679a26c0f9ee686e5e65bb5c75f,libemg_contraction_intensity,9,80P,Core,F9_Quality,0.75,0.17857142857142855,0.14285714285714285,0.0,"{""session/domain"": ""recorded condition/domain; not an inferred session ID""}"
feature_bank_force_concat_core_calibration_final_20260915,error_complementarity.csv,753,b26985f7965841d8511d757796dfeb608552beba8bfcae61be37e01245333fb1,libemg_contraction_intensity,9,MVC,Core,F3_Ring,0.34426518632954817,0.4999999999999999,0.2857142857142857,0.07142857142857142,"{""session/domain"": ""recorded condition/domain; not an inferred session ID""}"
feature_bank_force_concat_core_calibration_final_20260915,error_complementarity.csv,754,fcb3991d5807c27710918e8878de33a93e9241aee3248287cad638fd1072f548,libemg_contraction_intensity,9,MVC,Core,F4_Spectral,0.8660254037844386,0.14285714285714285,0.07142857142857142,0.0,"{""session/domain"": ""recorded condition/domain; not an inferred session ID""}"
feature_bank_force_concat_core_calibration_final_20260915,error_complementarity.csv,755,28c7b0c4365dee665a125c7d6357dcba879dfab4cb985941fce9434e312c1cf4,libemg_contraction_intensity,9,MVC,Core,F5_Temporal,0.8606629658238704,0.21428571428571427,0.0,0.07142857142857142,"{""session/domain"": ""recorded condition/domain; not an inferred session ID""}"
feature_bank_force_concat_core_calibration_final_20260915,error_complementarity.csv,756,d1031b3d8fe6ea160198c614fdcaf51cd3fe8c3751923fa54d82a115b04e24e5,libemg_contraction_intensity,9,MVC,Core,F9_Quality,0.75,0.2857142857142857,0.14285714285714285,0.0,"{""session/domain"": ""recorded condition/domain; not an inferred session ID""}"
feature_bank_force_concat_core_calibration_final_20260915,error_complementarity.csv,757,5aa13056c976018f97d86c6a549f4ce88fede8651598c50f49a6ee903e955e58,libemg_contraction_intensity,9,Light,Core,F3_Ring,0.441510785688348,0.6071428571428571,0.2857142857142857,0.03571428571428571,"{""session/domain"": ""recorded condition/domain; not an inferred session ID""}"
feature_bank_force_concat_core_calibration_final_20260915,error_complementarity.csv,758,d1d0d77b1177d06d39cca9fb1d3bf0b8db0b253541fefdfc8deab1d174b91846,libemg_contraction_intensity,9,Light,Core,F4_Spectral,0.30905754998184365,0.3214285714285714,0.10714285714285714,0.17857142857142855,"{""session/domain"": ""recorded condition/domain; not an inferred session ID""}"
feature_bank_force_concat_core_calibration_final_20260915,error_complementarity.csv,759,7e0b5e496402902d5b43a07214ea7925c448e3476f84c81d29671496c5803a0b,libemg_contraction_intensity,9,Light,Core,F5_Temporal,0.2292793797819215,0.4285714285714285,0.21428571428571425,0.14285714285714285,"{""session/domain"": ""recorded condition/domain; not an inferred session ID""}"
feature_bank_force_concat_core_calibration_final_20260915,error_complementarity.csv,760,1e7a8a517cad6e9a912d00220064f890228930ac064472c1698b2ca1a8483bca,libemg_contraction_intensity,9,Light,Core,F9_Quality,0.12595414817859238,0.5357142857142857,0.2857142857142857,0.14285714285714285,"{""session/domain"": ""recorded condition/domain; not an inferred session ID""}"
feature_bank_force_concat_core_calibration_final_20260915,error_complementarity.csv,761,7511df2849bfdbf13e973bba6ca93f079c67fcfe0117b8738ed55a8c2cbc54c6,libemg_contraction_intensity,9,Medium,Core,F3_Ring,0.3333333333333333,0.5357142857142857,0.3571428571428571,0.03571428571428571,"{""session/domain"": ""recorded condition/domain; not an inferred session ID""}"
feature_bank_force_concat_core_calibration_final_20260915,error_complementarity.csv,762,fc6e5f4d9cd04162639aa1c56e516b2bc6434fca4fb1d89719b8b50a26e3c880,libemg_contraction_intensity,9,Medium,Core,F4_Spectral,0.16151457061744962,0.2857142857142857,0.10714285714285714,0.17857142857142855,"{""session/domain"": ""recorded condition/domain; not an inferred session ID""}"
feature_bank_force_concat_core_calibration_final_20260915,error_complementarity.csv,763,d34d2a29a374d9d7c92c695af01efbd22f146cd6a34ccc2677e7a2b8a73a339f,libemg_contraction_intensity,9,Medium,Core,F5_Temporal,0.6190476190476191,0.25,0.07142857142857142,0.07142857142857142,"{""session/domain"": ""recorded condition/domain; not an inferred session ID""}"
feature_bank_force_concat_core_calibration_final_20260915,error_complementarity.csv,764,81a4c8802dccfa03c554f78619bb58dba33d7c05b581a362f41a651e9fd07ea7,libemg_contraction_intensity,9,Medium,Core,F9_Quality,0.5477225575051663,0.24999999999999994,0.10714285714285714,0.07142857142857142,"{""session/domain"": ""recorded condition/domain; not an inferred session ID""}"
feature_bank_force_concat_core_calibration_final_20260915,error_complementarity.csv,765,39083b8dab5b91f238cc24ad9188f609dacab4728306af3f3a3c34e7d74e448a,libemg_contraction_intensity,9,Hard,Core,F3_Ring,-0.013312051063847866,0.6428571428571427,0.5357142857142857,0.07142857142857142,"{""session/domain"": ""recorded condition/domain; not an inferred session ID""}"
feature_bank_force_concat_core_calibration_final_20260915,error_complementarity.csv,766,37018b566dced4d0ea724de644ea3ef663fadadd8e1c0d89a5743602fe7fa601,libemg_contraction_intensity,9,Hard,Core,F4_Spectral,0.4861724348043978,0.3928571428571428,0.32142857142857134,0.0,"{""session/domain"": ""recorded condition/domain; not an inferred session ID""}"
feature_bank_force_concat_core_calibration_final_20260915,error_complementarity.csv,767,c870b6345dc7285f5728a294db87d3f6a8b1e3605e8a57783489d07cbb93ea52,libemg_contraction_intensity,9,Hard,Core,F5_Temporal,0.6030226891555271,0.24999999999999994,0.21428571428571425,0.0,"{""session/domain"": ""recorded condition/domain; not an inferred session ID""}"
feature_bank_force_concat_core_calibration_final_20260915,error_complementarity.csv,768,51d6c3cf4093e1b2886ecd482a3f02d4ea684a5f52ddbf07fd53e07843587238,libemg_contraction_intensity,9,Hard,Core,F9_Quality,0.5222329678670935,0.28571428571428564,0.28571428571428564,0.0,"{""session/domain"": ""recorded condition/domain; not an inferred session ID""}"
feature_bank_force_concat_core_calibration_final_20260915,error_complementarity.csv,769,e9b4e65b49ae59628505c5084d8f71ddbe28bf287002f20161cdbb5f5315a595,libemg_contraction_intensity,9,"{""source_condition"": ""Ramp""}",Core,F3_Ring,0.32572900715992675,0.5680272108843537,0.3571428571428571,0.044217687074829926,"{""session/domain"": ""run manifest evaluation domain""}"
feature_bank_force_concat_core_calibration_final_20260915,error_complementarity.csv,770,eb5e361d52f72b7a245402e77c0ef77d338609d19f0ca048bb1547d3b35148ad,libemg_contraction_intensity,9,"{""source_condition"": ""Ramp""}",Core,F4_Spectral,0.5085227796230177,0.30272108843537415,0.16326530612244897,0.07142857142857142,"{""session/domain"": ""run manifest evaluation domain""}"
feature_bank_force_concat_core_calibration_final_20260915,error_complementarity.csv,771,697f94361c42cb263d1020cc7e4ba72d281b017745e91b0be9d08f31ba220126,libemg_contraction_intensity,9,"{""source_condition"": ""Ramp""}",Core,F5_Temporal,0.6161372311654734,0.24829931972789113,0.14285714285714285,0.044217687074829926,"{""session/domain"": ""run manifest evaluation domain""}"
feature_bank_force_concat_core_calibration_final_20260915,error_complementarity.csv,772,1c986c948e551f71b6a0f565d56d33b938b0e464f6b3c028668396e2c19f59fe,libemg_contraction_intensity,9,"{""source_condition"": ""Ramp""}",Core,F9_Quality,0.5587584713407165,0.2789115646258503,0.1802721088435374,0.044217687074829926,"{""session/domain"": ""run manifest evaluation domain""}"
feature_bank_force_concat_core_calibration_final_20260915,error_complementarity.csv,773,791a32acfb951aebad0f491a3964861aff6c94e7be9705b38d1b339f3e1478f2,libemg_contraction_intensity,9,20P,Core,F3_Ring,0.30151134457776363,0.7499999999999999,0.5357142857142857,0.0,"{""session/domain"": ""recorded condition/domain; not an inferred session ID""}"
feature_bank_force_concat_core_calibration_final_20260915,error_complementarity.csv,774,da55b8d338646558bda201eaf96252334d78685c4a01f0e299b7ff98817510f6,libemg_contraction_intensity,9,20P,Core,F4_Spectral,0.10050378152592118,0.3214285714285714,0.17857142857142855,0.14285714285714285,"{""session/domain"": ""recorded condition/domain; not an inferred session ID""}"
feature_bank_force_concat_core_calibration_final_20260915,error_complementarity.csv,775,46ae58ec3887a071f33aa679540b560130e9c31cec15c5cc70adfd0988bc4c11,libemg_contraction_intensity,9,20P,Core,F5_Temporal,0.3373495424699932,0.3571428571428571,0.21428571428571425,0.07142857142857142,"{""session/domain"": ""recorded condition/domain; not an inferred session ID""}"
feature_bank_force_concat_core_calibration_final_20260915,error_complementarity.csv,776,d2ce9ff95e8d80d13020fda7098604649ef3cabe972afde86299b3a646be263e,libemg_contraction_intensity,9,20P,Core,F9_Quality,-0.06060606060606062,0.3571428571428571,0.17857142857142855,0.17857142857142855,"{""session/domain"": ""recorded condition/domain; not an inferred session ID""}"
feature_bank_force_concat_core_calibration_final_20260915,error_complementarity.csv,777,a76c24ddd0505c08eab1bbf222fbce8b7baa7c6e7c819e14a7ba07586b55ff59,libemg_contraction_intensity,9,30P,Core,F3_Ring,-0.09325048082403142,0.5714285714285714,0.4285714285714285,0.10714285714285714,"{""session/domain"": ""recorded condition/domain; not an inferred session ID""}"
feature_bank_force_concat_core_calibration_final_20260915,error_complementarity.csv,778,a70c4bb65ee11a293c204f467d43a4ca06c02070c79c1081d0907ac4aa0917ef,libemg_contraction_intensity,9,30P,Core,F4_Spectral,0.592220092263982,0.17857142857142855,0.10714285714285714,0.03571428571428571,"{""session/domain"": ""recorded condition/domain; not an inferred session ID""}"
feature_bank_force_concat_core_calibration_final_20260915,error_complementarity.csv,779,ad0dfaa18a5e8c161cffcf59f8276c151c04c8e0806f08b496ba6d18bb92e0a0,libemg_contraction_intensity,9,30P,Core,F5_Temporal,0.47777984732195655,0.24999999999999994,0.17857142857142855,0.03571428571428571,"{""session/domain"": ""recorded condition/domain; not an inferred session ID""}"
feature_bank_force_concat_core_calibration_final_20260915,error_complementarity.csv,780,6728df36c55b4b279aaa4dc0610e04b03f3d87563b13cdf836be5c673d4a1505,libemg_contraction_intensity,9,30P,Core,F9_Quality,0.27811065739636276,0.3928571428571428,0.21428571428571425,0.07142857142857142,"{""session/domain"": ""recorded condition/domain; not an inferred session ID""}"
feature_bank_force_concat_core_calibration_final_20260915,error_complementarity.csv,781,98202c4702d7e10c42cfbc8f00c438fa1fad0b32d65f3737c2ef7c0010c4c685,libemg_contraction_intensity,9,40P,Core,F3_Ring,0.548860430196974,0.4642857142857142,0.21428571428571425,0.03571428571428571,"{""session/domain"": ""recorded condition/domain; not an inferred session ID""}"
feature_bank_force_concat_core_calibration_final_20260915,error_complementarity.csv,782,3047d5b97d3d81e8afae5a2ebd10ceb8529f076ead615d29877325f1e1fad44f,libemg_contraction_intensity,9,40P,Core,F4_Spectral,0.7177405625652736,0.17857142857142855,0.0,0.14285714285714285,"{""session/domain"": ""recorded condition/domain; not an inferred session ID""}"
feature_bank_force_concat_core_calibration_final_20260915,error_complementarity.csv,783,5175b5007fd51284b0ef8ce3939b5676cc50fed5111a7500ecb189a1f2aa3f1c,libemg_contraction_intensity,9,40P,Core,F5_Temporal,0.6333004963811236,0.21428571428571425,0.10714285714285714,0.07142857142857142,"{""session/domain"": ""recorded condition/domain; not an inferred session ID""}"
feature_bank_force_concat_core_calibration_final_20260915,error_complementarity.csv,784,ecc9e3a1c332f007c17b0b812c24a1cbadc72bc9b2bafa80dc5769864dd30c3d,libemg_contraction_intensity,9,40P,Core,F9_Quality,0.7488553356460047,0.17857142857142855,0.14285714285714285,0.0,"{""session/domain"": ""recorded condition/domain; not an inferred session ID""}"
feature_bank_force_concat_core_calibration_final_20260915,error_complementarity.csv,785,d77369d720d64b591cacb3c9a98173627de95969943eff45c5d43fb9db13eaa9,libemg_contraction_intensity,9,50P,Core,F3_Ring,0.2660079583736709,0.5357142857142856,0.4285714285714285,0.03571428571428571,"{""session/domain"": ""recorded condition/domain; not an inferred session ID""}"
feature_bank_force_concat_core_calibration_final_20260915,error_complementarity.csv,786,b45639cc49d1cdd29ef54a8d838054a85a4d827a7c019f54c3c5e3d1647632ab,libemg_contraction_intensity,9,50P,Core,F4_Spectral,0.5208474357065142,0.3571428571428571,0.21428571428571427,0.03571428571428571,"{""session/domain"": ""recorded condition/domain; not an inferred session ID""}"
feature_bank_force_concat_core_calibration_final_20260915,error_complementarity.csv,787,6f43a67d65f5302692a83b75399e9494b33447bf8cdb60d1631ae2f6940d48c9,libemg_contraction_intensity,9,50P,Core,F5_Temporal,0.6793662204867574,0.21428571428571425,0.17857142857142855,0.0,"{""session/domain"": ""recorded condition/domain; not an inferred session ID""}"
feature_bank_force_concat_core_calibration_final_20260915,error_complementarity.csv,788,3addfd1f327e1833738b1d8d25f3bb6b69f8ec46d6acc798b73981d3dcccda05,libemg_contraction_intensity,9,50P,Core,F9_Quality,0.7862453931068967,0.14285714285714285,0.10714285714285714,0.0,"{""session/domain"": ""recorded condition/domain; not an inferred session ID""}"
feature_bank_force_concat_core_calibration_final_20260915,error_complementarity.csv,789,ae0dfd1f2b5c01abe7ca60f1083897c68fe8dc6ac4012f725dcd7a5585d17466,libemg_contraction_intensity,9,60P,Core,F3_Ring,0.3340523060388755,0.6785714285714285,0.2857142857142857,0.07142857142857142,"{""session/domain"": ""recorded condition/domain; not an inferred session ID""}"
feature_bank_force_concat_core_calibration_final_20260915,error_complementarity.csv,790,5f9ad9a7ba542ce94f5afa9c882d3ea7a132ff448db5701134bdcbb3eb29b002,libemg_contraction_intensity,9,60P,Core,F4_Spectral,0.5444357229372961,0.3571428571428571,0.21428571428571425,0.03571428571428571,"{""session/domain"": ""recorded condition/domain; not an inferred session ID""}"
feature_bank_force_concat_core_calibration_final_20260915,error_complementarity.csv,791,cc33f71e2092c10c81b4508132a21985300e69fcc29998b7cbc8597ffda17ceb,libemg_contraction_intensity,9,60P,Core,F5_Temporal,0.6938886664887107,0.21428571428571425,0.17857142857142855,0.0,"{""session/domain"": ""recorded condition/domain; not an inferred session ID""}"
feature_bank_force_concat_core_calibration_final_20260915,error_complementarity.csv,792,cbbcaa5b9c8f693b0d249330bfe9df969e811b54609f7f6a684c8944b742cdb7,libemg_contraction_intensity,9,60P,Core,F9_Quality,0.7488553356460046,0.14285714285714285,0.14285714285714285,0.0,"{""session/domain"": ""recorded condition/domain; not an inferred session ID""}"
feature_bank_force_concat_core_calibration_final_20260915,error_complementarity.csv,793,d00d7822e2de08ea5331c2d8127fd85a311adb07fa086ef29cdcca9822879c96,libemg_contraction_intensity,9,70P,Core,F3_Ring,0.464420364012824,0.5357142857142857,0.3571428571428571,0.0,"{""session/domain"": ""recorded condition/domain; not an inferred session ID""}"
feature_bank_force_concat_core_calibration_final_20260915,error_complementarity.csv,794,ba0434b02af2c3edc9f466b45e3f697da382a58a62422b1c9b727f3eb6ce57f3,libemg_contraction_intensity,9,70P,Core,F4_Spectral,0.6470588235294119,0.2857142857142857,0.21428571428571425,0.0,"{""session/domain"": ""recorded condition/domain; not an inferred session ID""}"
feature_bank_force_concat_core_calibration_final_20260915,error_complementarity.csv,795,543bc16574244837345ca361bcdf7ec0d9d538be583803793de649e906cfe38b,libemg_contraction_intensity,9,70P,Core,F5_Temporal,0.8640638488223129,0.14285714285714285,0.07142857142857142,0.0,"{""session/domain"": ""recorded condition/domain; not an inferred session ID""}"
feature_bank_force_concat_core_calibration_final_20260915,error_complementarity.csv,796,9e79282026076c814f43b03658e3f547ac2ff318858f78f67c8d1f4fbc30ff4c,libemg_contraction_intensity,9,70P,Core,F9_Quality,0.647058823529412,0.3214285714285714,0.21428571428571425,0.0,"{""session/domain"": ""recorded condition/domain; not an inferred session ID""}"
feature_bank_force_concat_core_calibration_final_20260915,error_complementarity.csv,797,bc727766eefed3f336a7fd8cd9320d4658256334f473561f2400d3d10291babd,libemg_contraction_intensity,9,80P,Core,F3_Ring,0.5488604301969737,0.4285714285714285,0.21428571428571425,0.03571428571428571,"{""session/domain"": ""recorded condition/domain; not an inferred session ID""}"
feature_bank_force_concat_core_calibration_final_20260915,error_complementarity.csv,798,14d50a500b17a1020976d9c0a8f578c62ed8080a53a57fe9e7a5265712831392,libemg_contraction_intensity,9,80P,Core,F4_Spectral,0.6454972243679028,0.4642857142857142,0.21428571428571425,0.0,"{""session/domain"": ""recorded condition/domain; not an inferred session ID""}"
feature_bank_force_concat_core_calibration_final_20260915,error_complementarity.csv,799,51cb0837bab778eb5d05e8e8701adbbc50e556300dd28f2b35f1d63048a9e6a5,libemg_contraction_intensity,9,80P,Core,F5_Temporal,0.7855533190649868,0.21428571428571425,0.07142857142857142,0.03571428571428571,"{""session/domain"": ""recorded condition/domain; not an inferred session ID""}"
feature_bank_force_concat_core_calibration_final_20260915,error_complementarity.csv,800,540ee77f9dfdf7fd1b6838166e3412b7f242a68f2f4828b21f9d661fc0856a22,libemg_contraction_intensity,9,80P,Core,F9_Quality,0.75,0.17857142857142855,0.14285714285714285,0.0,"{""session/domain"": ""recorded condition/domain; not an inferred session ID""}"
feature_bank_force_concat_core_calibration_final_20260915,error_complementarity.csv,801,8f85064c065ed44ab726787c788053748051a956c28e9e9c685647a550109cbb,libemg_contraction_intensity,9,MVC,Core,F3_Ring,0.34426518632954817,0.4999999999999999,0.2857142857142857,0.07142857142857142,"{""session/domain"": ""recorded condition/domain; not an inferred session ID""}"
feature_bank_force_concat_core_calibration_final_20260915,error_complementarity.csv,802,ee5bae71d8dc04c717a9c6a64c89f9a6e157317f1ad42f67bf4e68c109a13658,libemg_contraction_intensity,9,MVC,Core,F4_Spectral,0.8660254037844386,0.14285714285714285,0.07142857142857142,0.0,"{""session/domain"": ""recorded condition/domain; not an inferred session ID""}"
feature_bank_force_concat_core_calibration_final_20260915,error_complementarity.csv,803,1dffbd84a18766c2772025a2cb90772f7fda3cdce78f85f0e8245616c4ca2bbc,libemg_contraction_intensity,9,MVC,Core,F5_Temporal,0.8606629658238704,0.21428571428571427,0.0,0.07142857142857142,"{""session/domain"": ""recorded condition/domain; not an inferred session ID""}"
feature_bank_force_concat_core_calibration_final_20260915,error_complementarity.csv,804,d04576bbc664f7919643706632a71b02159a2a3ee2cd5a2cf8051a7551c77a3a,libemg_contraction_intensity,9,MVC,Core,F9_Quality,0.75,0.2857142857142857,0.14285714285714285,0.0,"{""session/domain"": ""recorded condition/domain; not an inferred session ID""}"
feature_bank_force_concat_core_calibration_final_20260915,error_complementarity.csv,805,e6241be8d0c26f6baee5d9f904739a31be6760621a0ab8d466d1660f3bde10df,libemg_contraction_intensity,9,Light,Core,F3_Ring,0.441510785688348,0.6071428571428571,0.2857142857142857,0.03571428571428571,"{""session/domain"": ""recorded condition/domain; not an inferred session ID""}"
feature_bank_force_concat_core_calibration_final_20260915,error_complementarity.csv,806,1ad729e9b0737fe1e91fcfa44a75e595b4027c27e48c2b7cee7a356951a46c15,libemg_contraction_intensity,9,Light,Core,F4_Spectral,0.30905754998184365,0.2857142857142857,0.10714285714285714,0.17857142857142855,"{""session/domain"": ""recorded condition/domain; not an inferred session ID""}"
feature_bank_force_concat_core_calibration_final_20260915,error_complementarity.csv,807,e9de2f253a87d072094913bb6e484b3c91432a3e42a29a41b643fcbb7b84b1f2,libemg_contraction_intensity,9,Light,Core,F5_Temporal,0.2292793797819215,0.4285714285714285,0.21428571428571425,0.14285714285714285,"{""session/domain"": ""recorded condition/domain; not an inferred session ID""}"
feature_bank_force_concat_core_calibration_final_20260915,error_complementarity.csv,808,bc685b8a8d60de2a890f2d2c92cf63cf1eb27ff67779f8093c8435044056a0df,libemg_contraction_intensity,9,Light,Core,F9_Quality,0.12595414817859238,0.5357142857142857,0.2857142857142857,0.14285714285714285,"{""session/domain"": ""recorded condition/domain; not an inferred session ID""}"
feature_bank_force_concat_core_calibration_final_20260915,error_complementarity.csv,809,cd7944e0fadbf06a2e4ca0146a4e7b7cd660bb061f2798769ec01a93740d464f,libemg_contraction_intensity,9,Medium,Core,F3_Ring,0.3721042037676254,0.5,0.3214285714285714,0.03571428571428571,"{""session/domain"": ""recorded condition/domain; not an inferred session ID""}"
feature_bank_force_concat_core_calibration_final_20260915,error_complementarity.csv,810,82b9dbac600616380d442a58856d487e50215eb60ea964ac0e9e70c9985e13c1,libemg_contraction_intensity,9,Medium,Core,F4_Spectral,0.16151457061744962,0.2857142857142857,0.10714285714285714,0.17857142857142855,"{""session/domain"": ""recorded condition/domain; not an inferred session ID""}"
feature_bank_force_concat_core_calibration_final_20260915,error_complementarity.csv,811,fe6ba2046e13c39a411dbc60b811fd4167f947d782b12767c14db298f285b944,libemg_contraction_intensity,9,Medium,Core,F5_Temporal,0.6190476190476192,0.21428571428571425,0.07142857142857142,0.07142857142857142,"{""session/domain"": ""recorded condition/domain; not an inferred session ID""}"
feature_bank_force_concat_core_calibration_final_20260915,error_complementarity.csv,812,7367eb2cad50a4655c85c3fe0d949351c86b4ffedc941c847c99c85635f2d4d3,libemg_contraction_intensity,9,Medium,Core,F9_Quality,0.5477225575051663,0.24999999999999994,0.10714285714285714,0.07142857142857142,"{""session/domain"": ""recorded condition/domain; not an inferred session ID""}"
feature_bank_force_concat_core_calibration_final_20260915,error_complementarity.csv,813,0a93984b67dde902d390732875325cf1bb4e49feecbe6800638db147feac8136,libemg_contraction_intensity,9,Hard,Core,F3_Ring,-0.013312051063847866,0.6428571428571427,0.5357142857142857,0.07142857142857142,"{""session/domain"": ""recorded condition/domain; not an inferred session ID""}"
feature_bank_force_concat_core_calibration_final_20260915,error_complementarity.csv,814,fe5208f16090ac02d1b67e17aaf75e57097f40eaa2d2bbab48edf81446fa74a7,libemg_contraction_intensity,9,Hard,Core,F4_Spectral,0.4861724348043978,0.3928571428571428,0.32142857142857134,0.0,"{""session/domain"": ""recorded condition/domain; not an inferred session ID""}"
feature_bank_force_concat_core_calibration_final_20260915,error_complementarity.csv,815,37e8086be10d9d7ac38c31786513ece7b5b0293a5b7a2c8136e1bbc7bcb86c80,libemg_contraction_intensity,9,Hard,Core,F5_Temporal,0.6030226891555271,0.24999999999999994,0.21428571428571425,0.0,"{""session/domain"": ""recorded condition/domain; not an inferred session ID""}"
feature_bank_force_concat_core_calibration_final_20260915,error_complementarity.csv,816,9985a5dcfbed5023f8756510ebc5ab99db168c50220fac7ebd4f07bcc73768d1,libemg_contraction_intensity,9,Hard,Core,F9_Quality,0.5222329678670935,0.28571428571428564,0.28571428571428564,0.0,"{""session/domain"": ""recorded condition/domain; not an inferred session ID""}"
feature_bank_force_concat_core_calibration_final_20260915,error_complementarity.csv,817,783ac3a3633403ecbc7739f5a39883acaf9f0b98be8eac4eda3521f8455cdf00,libemg_contraction_intensity,9,"{""source_condition"": ""Ramp""}",Core,F3_Ring,0.3210865796874088,0.5714285714285714,0.3605442176870748,0.044217687074829926,"{""session/domain"": ""run manifest evaluation domain""}"
feature_bank_force_concat_core_calibration_final_20260915,error_complementarity.csv,818,6ecfb27b92a1a4c63e2b6b6b941dd0df302c9a2b31dd9c156e12567482873623,libemg_contraction_intensity,9,"{""source_condition"": ""Ramp""}",Core,F4_Spectral,0.5322992302356111,0.2925170068027211,0.15306122448979592,0.06802721088435373,"{""session/domain"": ""run manifest evaluation domain""}"
feature_bank_force_concat_core_calibration_final_20260915,error_complementarity.csv,819,1372adf717810e029856cea0509dff104cb20ba402399515002a2b254f3f2f4d,libemg_contraction_intensity,9,"{""source_condition"": ""Ramp""}",Core,F5_Temporal,0.6146808110519582,0.24829931972789113,0.14285714285714285,0.044217687074829926,"{""session/domain"": ""run manifest evaluation domain""}"
feature_bank_force_concat_core_calibration_final_20260915,error_complementarity.csv,820,0447ba408cbed69bf84fbd64bc80df28c0e9a64dd1f26bbe7a3c483a657856b3,libemg_contraction_intensity,9,"{""source_condition"": ""Ramp""}",Core,F9_Quality,0.5380208544587914,0.2857142857142857,0.1802721088435374,0.05102040816326531,"{""session/domain"": ""run manifest evaluation domain""}"
feature_bank_force_concat_core_calibration_final_20260915,error_complementarity.csv,821,196dad16f3fe4883ac534dd4f358a53538c94766f741fd9ebfd7c642adc4cbc5,libemg_contraction_intensity,9,20P,Core,F3_Ring,0.3302891295379083,0.7142857142857142,0.49999999999999994,0.0,"{""session/domain"": ""recorded condition/domain; not an inferred session ID""}"
feature_bank_force_concat_core_calibration_final_20260915,error_complementarity.csv,822,5ce1d3910a4b7701ec71125d3f1180e1364ae8ca768bfb7badbdd976a4b9cb80,libemg_contraction_intensity,9,20P,Core,F4_Spectral,0.10050378152592118,0.3214285714285714,0.17857142857142855,0.14285714285714285,"{""session/domain"": ""recorded condition/domain; not an inferred session ID""}"
feature_bank_force_concat_core_calibration_final_20260915,error_complementarity.csv,823,1ba74fc26b67ab8dd01376359d46e6761d0173a96b3d8dbb7eb8bcecdf00b7d7,libemg_contraction_intensity,9,20P,Core,F5_Temporal,0.3373495424699932,0.3571428571428571,0.21428571428571425,0.07142857142857142,"{""session/domain"": ""recorded condition/domain; not an inferred session ID""}"
feature_bank_force_concat_core_calibration_final_20260915,error_complementarity.csv,824,71dbde4bccb7cb41b1c1693a34b9e7ec774e5969586419dbb4b42f2db4aa23f4,libemg_contraction_intensity,9,20P,Core,F9_Quality,-0.06060606060606062,0.3571428571428571,0.17857142857142855,0.17857142857142855,"{""session/domain"": ""recorded condition/domain; not an inferred session ID""}"
feature_bank_force_concat_core_calibration_final_20260915,error_complementarity.csv,825,725d2b14ce45d62555c417bf6a22a9063cd62571ebc8137723893c1e676b7b24,libemg_contraction_intensity,9,30P,Core,F3_Ring,-0.09325048082403142,0.5714285714285714,0.4285714285714285,0.10714285714285714,"{""session/domain"": ""recorded condition/domain; not an inferred session ID""}"
feature_bank_force_concat_core_calibration_final_20260915,error_complementarity.csv,826,201250efcaedef74447a2dd471d75e286b05d8330f7024409f6316d391cfb25b,libemg_contraction_intensity,9,30P,Core,F4_Spectral,0.592220092263982,0.17857142857142855,0.10714285714285714,0.03571428571428571,"{""session/domain"": ""recorded condition/domain; not an inferred session ID""}"
feature_bank_force_concat_core_calibration_final_20260915,error_complementarity.csv,827,fbed8ef963d115e197b7b570f71ce7614b6f911f71e10d14fa5ff1eae5c100a9,libemg_contraction_intensity,9,30P,Core,F5_Temporal,0.47777984732195655,0.24999999999999994,0.17857142857142855,0.03571428571428571,"{""session/domain"": ""recorded condition/domain; not an inferred session ID""}"
feature_bank_force_concat_core_calibration_final_20260915,error_complementarity.csv,828,960d74f8bcf6b514a5aaf5eff8ea17759bab136fa4c0371d8fb952643e3caed4,libemg_contraction_intensity,9,30P,Core,F9_Quality,0.3243723035407737,0.3571428571428571,0.17857142857142855,0.07142857142857142,"{""session/domain"": ""recorded condition/domain; not an inferred session ID""}"
feature_bank_force_concat_core_calibration_final_20260915,error_complementarity.csv,829,4248ed1cc53ffc9e3c0b1ac7b5ed60df869a0ec5c027e739666cf10b3f322a70,libemg_contraction_intensity,9,40P,Core,F3_Ring,0.548860430196974,0.4642857142857142,0.21428571428571425,0.03571428571428571,"{""session/domain"": ""recorded condition/domain; not an inferred session ID""}"
feature_bank_force_concat_core_calibration_final_20260915,error_complementarity.csv,830,3852f2088fb7eda71d1bf5f9a00f65d2369d2e0a36cdda21c363216ffd15d33c,libemg_contraction_intensity,9,40P,Core,F4_Spectral,0.7177405625652736,0.17857142857142855,0.0,0.14285714285714285,"{""session/domain"": ""recorded condition/domain; not an inferred session ID""}"
feature_bank_force_concat_core_calibration_final_20260915,error_complementarity.csv,831,cfde19ad208ef501809f19bf54d31f89494bd0320c166b1677330370635bb8d9,libemg_contraction_intensity,9,40P,Core,F5_Temporal,0.6333004963811236,0.21428571428571425,0.10714285714285714,0.07142857142857142,"{""session/domain"": ""recorded condition/domain; not an inferred session ID""}"
feature_bank_force_concat_core_calibration_final_20260915,error_complementarity.csv,832,e8b7b69741026adb9a51457b26d54adc0bf9a5bb9f6071a96f22aca0c375367e,libemg_contraction_intensity,9,40P,Core,F9_Quality,0.5708058152826188,0.24999999999999994,0.14285714285714285,0.07142857142857142,"{""session/domain"": ""recorded condition/domain; not an inferred session ID""}"
feature_bank_force_concat_core_calibration_final_20260915,error_complementarity.csv,833,259e32d57d19164b734311d774bc006b6794b4520a6fc76c2ed78c13a9bcedcc,libemg_contraction_intensity,9,50P,Core,F3_Ring,0.2660079583736709,0.5357142857142856,0.4285714285714285,0.03571428571428571,"{""session/domain"": ""recorded condition/domain; not an inferred session ID""}"
feature_bank_force_concat_core_calibration_final_20260915,error_complementarity.csv,834,bc5ebe3925b7f53225b9915a279d660e9bc4611364de6c0ba437c4fb582501ee,libemg_contraction_intensity,9,50P,Core,F4_Spectral,0.5208474357065142,0.3571428571428571,0.21428571428571427,0.03571428571428571,"{""session/domain"": ""recorded condition/domain; not an inferred session ID""}"
feature_bank_force_concat_core_calibration_final_20260915,error_complementarity.csv,835,131036e03c255145b6fd89d34420e836cf9b0c00a76d00907da863e429bd0727,libemg_contraction_intensity,9,50P,Core,F5_Temporal,0.6793662204867574,0.21428571428571425,0.17857142857142855,0.0,"{""session/domain"": ""recorded condition/domain; not an inferred session ID""}"
feature_bank_force_concat_core_calibration_final_20260915,error_complementarity.csv,836,62a0721bfd9fd23978fc36c4ea493a3e1a971982bd431d2ccd350579156367bc,libemg_contraction_intensity,9,50P,Core,F9_Quality,0.7862453931068967,0.14285714285714285,0.10714285714285714,0.0,"{""session/domain"": ""recorded condition/domain; not an inferred session ID""}"
feature_bank_force_concat_core_calibration_final_20260915,error_complementarity.csv,837,eb8bf7051e9b485d8a103e8103b012dab0b0536a8f015b733dd3de06d6b80717,libemg_contraction_intensity,9,60P,Core,F3_Ring,0.3340523060388755,0.6785714285714285,0.2857142857142857,0.07142857142857142,"{""session/domain"": ""recorded condition/domain; not an inferred session ID""}"
feature_bank_force_concat_core_calibration_final_20260915,error_complementarity.csv,838,efb3afa339d9a00f9545268627b00354ed9984d2f5d93a46640e7bbba4a9e76f,libemg_contraction_intensity,9,60P,Core,F4_Spectral,0.5444357229372961,0.3571428571428571,0.21428571428571425,0.03571428571428571,"{""session/domain"": ""recorded condition/domain; not an inferred session ID""}"
feature_bank_force_concat_core_calibration_final_20260915,error_complementarity.csv,839,6c5a2a6c46e1628fe5d1c79533374caa7695813b319ac6e38daf0106d540c136,libemg_contraction_intensity,9,60P,Core,F5_Temporal,0.6938886664887107,0.21428571428571425,0.17857142857142855,0.0,"{""session/domain"": ""recorded condition/domain; not an inferred session ID""}"
feature_bank_force_concat_core_calibration_final_20260915,error_complementarity.csv,840,b5521655dab1a6424b4877f7a244b10fd0d3eaeb4b97c9f256d4f93e96d7e6a2,libemg_contraction_intensity,9,60P,Core,F9_Quality,0.7488553356460046,0.14285714285714285,0.14285714285714285,0.0,"{""session/domain"": ""recorded condition/domain; not an inferred session ID""}"
feature_bank_force_concat_core_calibration_final_20260915,error_complementarity.csv,841,77df16c6146ddb402dd9035095df741a1fe4c4cbae1527eba0d3b2e0928c46ed,libemg_contraction_intensity,9,70P,Core,F3_Ring,0.464420364012824,0.5714285714285714,0.3571428571428571,0.0,"{""session/domain"": ""recorded condition/domain; not an inferred session ID""}"
feature_bank_force_concat_core_calibration_final_20260915,error_complementarity.csv,842,341022b650b90f12484e1803dc95b71dc852ab94c3f077df02f84ccc047d056a,libemg_contraction_intensity,9,70P,Core,F4_Spectral,0.696630546019236,0.25,0.17857142857142855,0.0,"{""session/domain"": ""recorded condition/domain; not an inferred session ID""}"
feature_bank_force_concat_core_calibration_final_20260915,error_complementarity.csv,843,a4585dda443700b65f5c735c9b0fe03b94ef176da8af52d4985e7fafd9e25b14,libemg_contraction_intensity,9,70P,Core,F5_Temporal,0.8640638488223129,0.14285714285714285,0.07142857142857142,0.0,"{""session/domain"": ""recorded condition/domain; not an inferred session ID""}"
feature_bank_force_concat_core_calibration_final_20260915,error_complementarity.csv,844,c2623fa6fcfa45b88e52531497fa73561f57ae47cbe8603a4ba928b7aab8b991,libemg_contraction_intensity,9,70P,Core,F9_Quality,0.647058823529412,0.3214285714285714,0.21428571428571425,0.0,"{""session/domain"": ""recorded condition/domain; not an inferred session ID""}"
feature_bank_force_concat_core_calibration_final_20260915,error_complementarity.csv,845,8ae59828e40f9843b2eac1d00c2e649fbb965c27893f11e25f612c7bf144d7f4,libemg_contraction_intensity,9,80P,Core,F3_Ring,0.4948812053487255,0.4642857142857142,0.24999999999999994,0.03571428571428571,"{""session/domain"": ""recorded condition/domain; not an inferred session ID""}"
feature_bank_force_concat_core_calibration_final_20260915,error_complementarity.csv,846,5cd75b9d93dbccd718984dabef1b26c505e6f5f6282c9e6f11925d24052f411c,libemg_contraction_intensity,9,80P,Core,F4_Spectral,0.6454972243679028,0.4642857142857142,0.21428571428571425,0.0,"{""session/domain"": ""recorded condition/domain; not an inferred session ID""}"
feature_bank_force_concat_core_calibration_final_20260915,error_complementarity.csv,847,6eaa0fbda12a66c3d9caaaa89260602622ed9fb5ad2eb1401a530be0467b0f0f,libemg_contraction_intensity,9,80P,Core,F5_Temporal,0.7855533190649868,0.21428571428571425,0.07142857142857142,0.03571428571428571,"{""session/domain"": ""recorded condition/domain; not an inferred session ID""}"
feature_bank_force_concat_core_calibration_final_20260915,error_complementarity.csv,848,5a99f0d81425131e51d3084ccbfc059d4ddf84cbe8be403a670f6e0f227a4764,libemg_contraction_intensity,9,80P,Core,F9_Quality,0.75,0.17857142857142855,0.14285714285714285,0.0,"{""session/domain"": ""recorded condition/domain; not an inferred session ID""}"
feature_bank_force_concat_core_calibration_final_20260915,error_complementarity.csv,849,c3267b34a30940737528e403a2040de639f01b621d4dfdf76375f057b23062e3,libemg_contraction_intensity,9,MVC,Core,F3_Ring,0.34426518632954817,0.4999999999999999,0.2857142857142857,0.07142857142857142,"{""session/domain"": ""recorded condition/domain; not an inferred session ID""}"
feature_bank_force_concat_core_calibration_final_20260915,error_complementarity.csv,850,6877a9e0df583e93bd2068b5ee3dfb1a775af6ec91958c347b3be7cf37b8a97a,libemg_contraction_intensity,9,MVC,Core,F4_Spectral,0.8660254037844386,0.14285714285714285,0.07142857142857142,0.0,"{""session/domain"": ""recorded condition/domain; not an inferred session ID""}"
feature_bank_force_concat_core_calibration_final_20260915,error_complementarity.csv,851,078d40c1d230e50165b31864d9e844d5a76643909641d24cb2dc1db0d1e45479,libemg_contraction_intensity,9,MVC,Core,F5_Temporal,0.8606629658238704,0.21428571428571427,0.0,0.07142857142857142,"{""session/domain"": ""recorded condition/domain; not an inferred session ID""}"
feature_bank_force_concat_core_calibration_final_20260915,error_complementarity.csv,852,c0f8fd2ce9d633777bfa5ee88dd12cd7f90e5f384d38187efcaa9e505d3bd8dc,libemg_contraction_intensity,9,MVC,Core,F9_Quality,0.75,0.2857142857142857,0.14285714285714285,0.0,"{""session/domain"": ""recorded condition/domain; not an inferred session ID""}"
feature_bank_force_concat_core_calibration_final_20260915,error_complementarity.csv,853,a04e2000f5f6be7c3a1066a39fd2312cb7cb371ee91b49e1f27c9c319a74e3ab,libemg_contraction_intensity,9,Light,Core,F3_Ring,0.4873877907780315,0.5714285714285714,0.24999999999999994,0.03571428571428571,"{""session/domain"": ""recorded condition/domain; not an inferred session ID""}"
feature_bank_force_concat_core_calibration_final_20260915,error_complementarity.csv,854,ef81717b059e36396c13158eb75a60bb1a562b6e0b4757b40fa91f40b4cfa75b,libemg_contraction_intensity,9,Light,Core,F4_Spectral,0.47777984732195655,0.25,0.03571428571428571,0.17857142857142855,"{""session/domain"": ""recorded condition/domain; not an inferred session ID""}"
feature_bank_force_concat_core_calibration_final_20260915,error_complementarity.csv,855,6a847566c20b1b95181cb808c4b0dc6df5258a56d3a6a99eafaaa97029d136c9,libemg_contraction_intensity,9,Light,Core,F5_Temporal,0.2292793797819215,0.4285714285714285,0.21428571428571425,0.14285714285714285,"{""session/domain"": ""recorded condition/domain; not an inferred session ID""}"
feature_bank_force_concat_core_calibration_final_20260915,error_complementarity.csv,856,dd11dec8849c5329fbfc7d5eb636f54df359a53f09fe5686e36eb27502444e38,libemg_contraction_intensity,9,Light,Core,F9_Quality,0.12595414817859238,0.5357142857142857,0.2857142857142857,0.14285714285714285,"{""session/domain"": ""recorded condition/domain; not an inferred session ID""}"
feature_bank_force_concat_core_calibration_final_20260915,error_complementarity.csv,857,294df1a6bda93852835aab388cd68548eb8b5928150716f8a7f96d5c3c60e0cb,libemg_contraction_intensity,9,Medium,Core,F3_Ring,0.2763853991962833,0.5357142857142857,0.3928571428571428,0.03571428571428571,"{""session/domain"": ""recorded condition/domain; not an inferred session ID""}"
feature_bank_force_concat_core_calibration_final_20260915,error_complementarity.csv,858,8344f37a4cf080ef50f74bba0536cb8eaf7d6bc8b87b2c6102bfcfd8fbb1fa34,libemg_contraction_intensity,9,Medium,Core,F4_Spectral,0.21102672654165874,0.25,0.10714285714285714,0.14285714285714285,"{""session/domain"": ""recorded condition/domain; not an inferred session ID""}"
feature_bank_force_concat_core_calibration_final_20260915,error_complementarity.csv,859,821fc33fb6152e90a9e1c59cdbeb55590a402879e4454d2cf5261797901167d2,libemg_contraction_intensity,9,Medium,Core,F5_Temporal,0.5757575757575759,0.21428571428571425,0.07142857142857142,0.07142857142857142,"{""session/domain"": ""recorded condition/domain; not an inferred session ID""}"
feature_bank_force_concat_core_calibration_final_20260915,error_complementarity.csv,860,5c2ace71cbab2605022c4df998fbb2194aec3bf8d869cdcb4cf68c10001bb123,libemg_contraction_intensity,9,Medium,Core,F9_Quality,0.4403855060505443,0.2857142857142857,0.14285714285714285,0.07142857142857142,"{""session/domain"": ""recorded condition/domain; not an inferred session ID""}"
feature_bank_force_concat_core_calibration_final_20260915,error_complementarity.csv,861,b031ce6267dba73ed51c11a53037f0c1775cecea75416799b80cbc8c8bb7afb8,libemg_contraction_intensity,9,Hard,Core,F3_Ring,-0.013312051063847866,0.6428571428571427,0.5357142857142857,0.07142857142857142,"{""session/domain"": ""recorded condition/domain; not an inferred session ID""}"
feature_bank_force_concat_core_calibration_final_20260915,error_complementarity.csv,862,4f2e791e596d2c8de0398b76715e977cde6d2ecbc923e8b66d9634cde58f05cc,libemg_contraction_intensity,9,Hard,Core,F4_Spectral,0.4861724348043978,0.3928571428571428,0.32142857142857134,0.0,"{""session/domain"": ""recorded condition/domain; not an inferred session ID""}"
feature_bank_force_concat_core_calibration_final_20260915,error_complementarity.csv,863,33b7cc37c9e852ea56559e6e33a7d255b0a144e8c004a6f90b765b47bc6f4249,libemg_contraction_intensity,9,Hard,Core,F5_Temporal,0.6030226891555271,0.24999999999999994,0.21428571428571425,0.0,"{""session/domain"": ""recorded condition/domain; not an inferred session ID""}"
feature_bank_force_concat_core_calibration_final_20260915,error_complementarity.csv,864,c8be00b79359296515f7a2c1831143a8e1cfc8dc2c3f483dd790632a8f68731a,libemg_contraction_intensity,9,Hard,Core,F9_Quality,0.5222329678670935,0.28571428571428564,0.28571428571428564,0.0,"{""session/domain"": ""recorded condition/domain; not an inferred session ID""}"
feature_bank_force_concat_core_calibration_final_20260915,error_complementarity.csv,865,54b3633185b57b4025eb84247b78a0449a07f560ea4b18f3e9aa5dcebc569da4,libemg_contraction_intensity,10,"{""source_condition"": ""Ramp""}",Core,F3_Ring,0.00462180699673586,0.8299319727891157,0.3333333333333333,0.11904761904761904,"{""session/domain"": ""run manifest evaluation domain""}"
feature_bank_force_concat_core_calibration_final_20260915,error_complementarity.csv,866,fe16a23cf2a49adfb02660352634314632fdcc96b069b7b5d61918a62aee39e4,libemg_contraction_intensity,10,"{""source_condition"": ""Ramp""}",Core,F4_Spectral,0.6069772634423873,0.4965986394557823,0.12925170068027209,0.061224489795918366,"{""session/domain"": ""run manifest evaluation domain""}"
feature_bank_force_concat_core_calibration_final_20260915,error_complementarity.csv,867,b9904f9ecf81e00e648d3ddfccfef7c21749ae8db1378aa7d3a5d5568cc2ba28,libemg_contraction_intensity,10,"{""source_condition"": ""Ramp""}",Core,F5_Temporal,0.4153743095981831,0.564625850340136,0.24149659863945577,0.044217687074829926,"{""session/domain"": ""run manifest evaluation domain""}"
feature_bank_force_concat_core_calibration_final_20260915,error_complementarity.csv,868,bcadcffa2a1195930d4c0a0f72edac853affe749167e30c18a820937357e5ce1,libemg_contraction_intensity,10,"{""source_condition"": ""Ramp""}",Core,F9_Quality,0.3968048464682824,0.4625850340136054,0.19047619047619044,0.09863945578231292,"{""session/domain"": ""run manifest evaluation domain""}"
feature_bank_force_concat_core_calibration_final_20260915,error_complementarity.csv,869,c767e18ec63a1cc5c5e21b163496857547c8a5baa1ff9d0bd36a82c798d99491,libemg_contraction_intensity,10,20P,Core,F3_Ring,0.16151457061744967,0.7499999999999999,0.17857142857142855,0.10714285714285714,"{""session/domain"": ""recorded condition/domain; not an inferred session ID""}"
feature_bank_force_concat_core_calibration_final_20260915,error_complementarity.csv,870,6cd58837b3b6bfddcf8b556f7c147556423eade89ef9dd244f972814a4421024,libemg_contraction_intensity,10,20P,Core,F4_Spectral,0.4285714285714288,0.4642857142857142,0.10714285714285714,0.10714285714285714,"{""session/domain"": ""recorded condition/domain; not an inferred session ID""}"
feature_bank_force_concat_core_calibration_final_20260915,error_complementarity.csv,871,d91a7a5147e962373a1cdff4d22f8dc7bfc011b29ac7b67d036f1cd15e11ff00,libemg_contraction_intensity,10,20P,Core,F5_Temporal,0.30151134457776363,0.6785714285714285,0.14285714285714285,0.10714285714285714,"{""session/domain"": ""recorded condition/domain; not an inferred session ID""}"
feature_bank_force_concat_core_calibration_final_20260915,error_complementarity.csv,872,1dfbf002f070ccb53c2bf7d3c0ffaf3648f72f6ae18d0a271a5c9e4349972175,libemg_contraction_intensity,10,20P,Core,F9_Quality,0.36514837167011066,0.4285714285714285,0.10714285714285714,0.14285714285714285,"{""session/domain"": ""recorded condition/domain; not an inferred session ID""}"
feature_bank_force_concat_core_calibration_final_20260915,error_complementarity.csv,873,153183ac4dd318c6d32257d63163d6792c17caf85f8da436e234b693ca9618f3,libemg_contraction_intensity,10,30P,Core,F3_Ring,0.33471934069760145,0.7857142857142856,0.25,0.03571428571428571,"{""session/domain"": ""recorded condition/domain; not an inferred session ID""}"
feature_bank_force_concat_core_calibration_final_20260915,error_complementarity.csv,874,f97111f1f5884a18cc5aece626b51aa8bc49f6cb89b8093f794b0ef4ca1fced8,libemg_contraction_intensity,10,30P,Core,F4_Spectral,0.4445906192368999,0.6071428571428571,0.14285714285714285,0.10714285714285714,"{""session/domain"": ""recorded condition/domain; not an inferred session ID""}"
feature_bank_force_concat_core_calibration_final_20260915,error_complementarity.csv,875,1f85a69a477c89e1eeb9636f513a104459a8e702738a66eb61e8e1ea8d26ff15,libemg_contraction_intensity,10,30P,Core,F5_Temporal,0.3373495424699932,0.49999999999999994,0.21428571428571427,0.07142857142857142,"{""session/domain"": ""recorded condition/domain; not an inferred session ID""}"
feature_bank_force_concat_core_calibration_final_20260915,error_complementarity.csv,876,cb0bb17642c35c6f826b39d9ae34a010d122da9555aadd80e600074f0465f98d,libemg_contraction_intensity,10,30P,Core,F9_Quality,0.125397354143741,0.5714285714285714,0.21428571428571427,0.17857142857142855,"{""session/domain"": ""recorded condition/domain; not an inferred session ID""}"
feature_bank_force_concat_core_calibration_final_20260915,error_complementarity.csv,877,5df950568bf7267a553709351aa24b7202eafc70071bd7de2ada74fc625c24a6,libemg_contraction_intensity,10,40P,Core,F3_Ring,0.08247860988423224,0.857142857142857,0.3571428571428571,0.10714285714285714,"{""session/domain"": ""recorded condition/domain; not an inferred session ID""}"
feature_bank_force_concat_core_calibration_final_20260915,error_complementarity.csv,878,a68ed72638a8b814b6db87e6d62b3bfc114f0b277051cdbf4a7d03a8a7e37370,libemg_contraction_intensity,10,40P,Core,F4_Spectral,0.8043996665398441,0.3571428571428571,0.10714285714285714,0.0,"{""session/domain"": ""recorded condition/domain; not an inferred session ID""}"
feature_bank_force_concat_core_calibration_final_20260915,error_complementarity.csv,879,0c554b08a07b0e00b1913566145908be3411c8e3ab2a182340d19f20ca4f05c3,libemg_contraction_intensity,10,40P,Core,F5_Temporal,0.5222329678670936,0.46428571428571425,0.2857142857142857,0.0,"{""session/domain"": ""recorded condition/domain; not an inferred session ID""}"
feature_bank_force_concat_core_calibration_final_20260915,error_complementarity.csv,880,9b4a6f1d2a3df662152c222281db86e2ed34951aa52cef6b96e533cea248f7e4,libemg_contraction_intensity,10,40P,Core,F9_Quality,0.447213595499958,0.5357142857142856,0.21428571428571427,0.07142857142857142,"{""session/domain"": ""recorded condition/domain; not an inferred session ID""}"
feature_bank_force_concat_core_calibration_final_20260915,error_complementarity.csv,881,b925e0033ab92bc43265bdb13d627be6c18b3a64e6e2cc6e37c16af86297cabf,libemg_contraction_intensity,10,50P,Core,F3_Ring,0.13712555853457373,0.7857142857142856,0.3928571428571428,0.07142857142857142,"{""session/domain"": ""recorded condition/domain; not an inferred session ID""}"
feature_bank_force_concat_core_calibration_final_20260915,error_complementarity.csv,882,a81540fc9c042329639ccf8e1a97d94f60b6cb72e513530cd8d7a4c95b41d2a6,libemg_contraction_intensity,10,50P,Core,F4_Spectral,0.8666666666666664,0.21428571428571425,0.07142857142857142,0.0,"{""session/domain"": ""recorded condition/domain; not an inferred session ID""}"
feature_bank_force_concat_core_calibration_final_20260915,error_complementarity.csv,883,8629cbcf0703ffe48d44caace5631aaa57307785087983f3cd5c8bfe3a7a8c1f,libemg_contraction_intensity,10,50P,Core,F5_Temporal,0.4340573661412155,0.6071428571428571,0.35714285714285715,0.0,"{""session/domain"": ""recorded condition/domain; not an inferred session ID""}"
feature_bank_force_concat_core_calibration_final_20260915,error_complementarity.csv,884,949bed8458639ab2b68bf1bb3ab92e380f7b4b57d5ee35eee062d14a1496faee,libemg_contraction_intensity,10,50P,Core,F9_Quality,0.3089682853364634,0.3928571428571428,0.25,0.10714285714285714,"{""session/domain"": ""recorded condition/domain; not an inferred session ID""}"
feature_bank_force_concat_core_calibration_final_20260915,error_complementarity.csv,885,a9897674c32ab140ac33120fe7560ae4933c7b1177646e1bc066dc8afd227386,libemg_contraction_intensity,10,60P,Core,F3_Ring,-0.16151457061744964,0.9285714285714284,0.5,0.10714285714285714,"{""session/domain"": ""recorded condition/domain; not an inferred session ID""}"
feature_bank_force_concat_core_calibration_final_20260915,error_complementarity.csv,886,ad9072537f5e0e96b33af379d28821511fac143c70832ba1ff100baf1f506e62,libemg_contraction_intensity,10,60P,Core,F4_Spectral,0.6041666666666665,0.4642857142857142,0.17857142857142855,0.03571428571428571,"{""session/domain"": ""recorded condition/domain; not an inferred session ID""}"
feature_bank_force_concat_core_calibration_final_20260915,error_complementarity.csv,887,756e04fc59ad56e9ce4643c549d406557545f412a89216a6e3cd541e2e55d712,libemg_contraction_intensity,10,60P,Core,F5_Temporal,0.40378642654362396,0.6071428571428571,0.39285714285714285,0.0,"{""session/domain"": ""recorded condition/domain; not an inferred session ID""}"
feature_bank_force_concat_core_calibration_final_20260915,error_complementarity.csv,888,eff56f366c38395da3c6f9bc57b201a5c554262ab52829a6714ea03068c6cb8d,libemg_contraction_intensity,10,60P,Core,F9_Quality,0.34426518632954806,0.5357142857142857,0.2857142857142857,0.07142857142857142,"{""session/domain"": ""recorded condition/domain; not an inferred session ID""}"
feature_bank_force_concat_core_calibration_final_20260915,error_complementarity.csv,889,f5dd55fa150e3f04a34f61bdc20b190ea6be40ee12c58a073b211b004ba9b001,libemg_contraction_intensity,10,70P,Core,F3_Ring,-0.3823595564509362,0.8928571428571427,0.42857142857142855,0.24999999999999994,"{""session/domain"": ""recorded condition/domain; not an inferred session ID""}"
feature_bank_force_concat_core_calibration_final_20260915,error_complementarity.csv,890,df28d7657d07b8a60ecf0e9d391ead89f1488e1e55e06159ef1d60a2995535a8,libemg_contraction_intensity,10,70P,Core,F4_Spectral,0.577350269189626,0.4642857142857142,0.14285714285714285,0.07142857142857142,"{""session/domain"": ""recorded condition/domain; not an inferred session ID""}"
feature_bank_force_concat_core_calibration_final_20260915,error_complementarity.csv,891,22527816215b730e124ed00e0527b04c855dc2151b0cd43b983fddef0c575589,libemg_contraction_intensity,10,70P,Core,F5_Temporal,0.31622776601683794,0.5714285714285714,0.2857142857142857,0.07142857142857142,"{""session/domain"": ""recorded condition/domain; not an inferred session ID""}"
feature_bank_force_concat_core_calibration_final_20260915,error_complementarity.csv,892,95f80c49ab7a1b0ce746e1a777f408635e7845940bd7928b2d4e266def8222a6,libemg_contraction_intensity,10,70P,Core,F9_Quality,0.5353033790313108,0.3928571428571428,0.21428571428571425,0.03571428571428571,"{""session/domain"": ""recorded condition/domain; not an inferred session ID""}"
feature_bank_force_concat_core_calibration_final_20260915,error_complementarity.csv,893,11719d4183298bd2d4818df42895ff26f14d24ae4eff7f872a26aa7f71a188ea,libemg_contraction_intensity,10,80P,Core,F3_Ring,0.02207553928441741,0.7857142857142856,0.2857142857142857,0.17857142857142855,"{""session/domain"": ""recorded condition/domain; not an inferred session ID""}"
feature_bank_force_concat_core_calibration_final_20260915,error_complementarity.csv,894,ab0dfdd359fd4c738670a762da31d56501e604e40a63c2983d46e95a99af7609,libemg_contraction_intensity,10,80P,Core,F4_Spectral,0.5625,0.5357142857142857,0.10714285714285714,0.10714285714285714,"{""session/domain"": ""recorded condition/domain; not an inferred session ID""}"
feature_bank_force_concat_core_calibration_final_20260915,error_complementarity.csv,895,19f5b5e92e6da6b87fb8ca32a536dcd4e69d19a974a88a90585fe674283289f5,libemg_contraction_intensity,10,80P,Core,F5_Temporal,0.09128709291752767,0.6428571428571428,0.2857142857142857,0.14285714285714285,"{""session/domain"": ""recorded condition/domain; not an inferred session ID""}"
feature_bank_force_concat_core_calibration_final_20260915,error_complementarity.csv,896,266683861242297d20b08cf4c0d00fd546e355abf6dcb80bc84033e0636503d7,libemg_contraction_intensity,10,80P,Core,F9_Quality,0.3311330892662609,0.5357142857142857,0.21428571428571427,0.10714285714285714,"{""session/domain"": ""recorded condition/domain; not an inferred session ID""}"
feature_bank_force_concat_core_calibration_final_20260915,error_complementarity.csv,897,974ffa729df20bceb99711279102319bc40031f3b731a7f6e9781c77cfe0dba8,libemg_contraction_intensity,10,MVC,Core,F3_Ring,-0.41079191812887456,0.9285714285714284,0.4999999999999999,0.21428571428571427,"{""session/domain"": ""recorded condition/domain; not an inferred session ID""}"
feature_bank_force_concat_core_calibration_final_20260915,error_complementarity.csv,898,57441ab021db5d7a2187b636e1770444d96ae8d355eab78c556c4c25951c5852,libemg_contraction_intensity,10,MVC,Core,F4_Spectral,0.45833333333333337,0.4285714285714285,0.21428571428571427,0.07142857142857142,"{""session/domain"": ""recorded condition/domain; not an inferred session ID""}"
feature_bank_force_concat_core_calibration_final_20260915,error_complementarity.csv,899,8bda55c5a4373d1465a2f4430ddbc293a7e3c70978a63074d8fa871cd5353b91,libemg_contraction_intensity,10,MVC,Core,F5_Temporal,0.45226701686664567,0.3571428571428571,0.3571428571428571,0.0,"{""session/domain"": ""recorded condition/domain; not an inferred session ID""}"
feature_bank_force_concat_core_calibration_final_20260915,error_complementarity.csv,900,6c37b93a9211aad8950be8a6908204a393993348bc38f10b79b4704d99f2e232,libemg_contraction_intensity,10,MVC,Core,F9_Quality,0.5477225575051662,0.4999999999999999,0.2857142857142857,0.0,"{""session/domain"": ""recorded condition/domain; not an inferred session ID""}"
feature_bank_force_concat_core_calibration_final_20260915,error_complementarity.csv,901,e3cd2e3b93ef64ac558a44b830f7faa2f0353f3bee6aeade962856de35820938,libemg_contraction_intensity,10,Light,Core,F3_Ring,0.3243723035407737,0.8214285714285713,0.17857142857142855,0.07142857142857142,"{""session/domain"": ""recorded condition/domain; not an inferred session ID""}"
feature_bank_force_concat_core_calibration_final_20260915,error_complementarity.csv,902,c1eda8601266c8233cc52c8a279fdaec0d919bf09c7f92eee6612eab11ff2336,libemg_contraction_intensity,10,Light,Core,F4_Spectral,0.5307910421576295,0.7857142857142856,0.14285714285714285,0.03571428571428571,"{""session/domain"": ""recorded condition/domain; not an inferred session ID""}"
feature_bank_force_concat_core_calibration_final_20260915,error_complementarity.csv,903,9e2bbc9fc200b0f1a384579bc284cffdfac058245f67649b0ed079cc3ef2daf4,libemg_contraction_intensity,10,Light,Core,F5_Temporal,0.6330541649476573,0.6428571428571428,0.10714285714285714,0.03571428571428571,"{""session/domain"": ""recorded condition/domain; not an inferred session ID""}"
feature_bank_force_concat_core_calibration_final_20260915,error_complementarity.csv,904,8d7b67a2b813cc0c1ff6e7de37032e8cf48d13828951b0e53c2106f04d38fadd,libemg_contraction_intensity,10,Light,Core,F9_Quality,0.6835365551469961,0.4642857142857142,0.03571428571428571,0.10714285714285714,"{""session/domain"": ""recorded condition/domain; not an inferred session ID""}"
feature_bank_force_concat_core_calibration_final_20260915,error_complementarity.csv,905,2059c5d4b4ba81ee470d4d1a69df04896f6a1b7eec3d05f744a54498ee3cecc7,libemg_contraction_intensity,10,Medium,Core,F3_Ring,-0.017213259316477394,0.7857142857142856,0.3214285714285714,0.07142857142857142,"{""session/domain"": ""recorded condition/domain; not an inferred session ID""}"
feature_bank_force_concat_core_calibration_final_20260915,error_complementarity.csv,906,a3ad699427b5004cee466bb44c596c58db70cc237f7d02e03000d9b13c9c8b33,libemg_contraction_intensity,10,Medium,Core,F4_Spectral,0.683536555146996,0.5357142857142857,0.10714285714285714,0.03571428571428571,"{""session/domain"": ""recorded condition/domain; not an inferred session ID""}"
feature_bank_force_concat_core_calibration_final_20260915,error_complementarity.csv,907,aefc5545a74606fcb5ffc309930bf65f4ec85cf77d348cb37728e6d197509391,libemg_contraction_intensity,10,Medium,Core,F5_Temporal,0.7006490497453709,0.5357142857142857,0.14285714285714285,0.0,"{""session/domain"": ""recorded condition/domain; not an inferred session ID""}"
feature_bank_force_concat_core_calibration_final_20260915,error_complementarity.csv,908,0c46a3bd0eecce752eede8662893455a44ec85dce4c80b72529e386d9fa919d2,libemg_contraction_intensity,10,Medium,Core,F9_Quality,0.3777777777777777,0.3571428571428571,0.14285714285714285,0.14285714285714285,"{""session/domain"": ""recorded condition/domain; not an inferred session ID""}"
feature_bank_force_concat_core_calibration_final_20260915,error_complementarity.csv,909,2006001019d997b4f1d65fbd1b091696d3c7cb3c78f074fd536445be50935f8d,libemg_contraction_intensity,10,Hard,Core,F3_Ring,-0.3042903097250923,0.857142857142857,0.3571428571428571,0.14285714285714285,"{""session/domain"": ""recorded condition/domain; not an inferred session ID""}"
feature_bank_force_concat_core_calibration_final_20260915,error_complementarity.csv,910,759ecfa17f0273a434e3ffa3f50bfa1e74d0524f25a878a510489913db1d056e,libemg_contraction_intensity,10,Hard,Core,F4_Spectral,0.44459061923689996,0.5714285714285714,0.14285714285714285,0.10714285714285714,"{""session/domain"": ""recorded condition/domain; not an inferred session ID""}"
feature_bank_force_concat_core_calibration_final_20260915,error_complementarity.csv,911,97a8bd93e801f01fd6d64e4b7ff36528b22e7a989b060751088fad32ace146dc,libemg_contraction_intensity,10,Hard,Core,F5_Temporal,0.6024640760767092,0.49999999999999994,0.14285714285714285,0.03571428571428571,"{""session/domain"": ""recorded condition/domain; not an inferred session ID""}"
feature_bank_force_concat_core_calibration_final_20260915,error_complementarity.csv,912,0daffe47eb45e4b96b57d3ff843d9005271578be0f6eeea5cd0e7af56b20f820,libemg_contraction_intensity,10,Hard,Core,F9_Quality,0.4303314829119351,0.3928571428571428,0.17857142857142855,0.07142857142857142,"{""session/domain"": ""recorded condition/domain; not an inferred session ID""}"
feature_bank_force_concat_core_calibration_final_20260915,error_complementarity.csv,913,6a7cd9170d4f8cba456210544ea8248b43f8e3d54ff8c92b9ac6bd7563aab486,libemg_contraction_intensity,10,"{""source_condition"": ""Ramp""}",Core,F3_Ring,0.00462180699673586,0.8299319727891157,0.3333333333333333,0.11904761904761904,"{""session/domain"": ""run manifest evaluation domain""}"
feature_bank_force_concat_core_calibration_final_20260915,error_complementarity.csv,914,fb7b19cebe46fb28631de3861b12000ce99b6afaedd8b74ec16693ec2313e021,libemg_contraction_intensity,10,"{""source_condition"": ""Ramp""}",Core,F4_Spectral,0.6069772634423873,0.4965986394557823,0.12925170068027209,0.061224489795918366,"{""session/domain"": ""run manifest evaluation domain""}"
feature_bank_force_concat_core_calibration_final_20260915,error_complementarity.csv,915,1863a5a8406d543ef316ab8768f61a007cab73a844ad8277b8c603ae2e0a6854,libemg_contraction_intensity,10,"{""source_condition"": ""Ramp""}",Core,F5_Temporal,0.4153743095981831,0.564625850340136,0.24149659863945577,0.044217687074829926,"{""session/domain"": ""run manifest evaluation domain""}"
feature_bank_force_concat_core_calibration_final_20260915,error_complementarity.csv,916,7b88b2a9af948fa71811d13622b6c8edbf8de18bbfb6a3851d7931460324f468,libemg_contraction_intensity,10,"{""source_condition"": ""Ramp""}",Core,F9_Quality,0.3968048464682824,0.4625850340136054,0.19047619047619044,0.09863945578231292,"{""session/domain"": ""run manifest evaluation domain""}"
feature_bank_force_concat_core_calibration_final_20260915,error_complementarity.csv,917,fffe78121b37aff2113e2c9c9e46c592964dbe9063a3e73c362f5abba0683302,libemg_contraction_intensity,10,20P,Core,F3_Ring,0.16151457061744967,0.7499999999999999,0.17857142857142855,0.10714285714285714,"{""session/domain"": ""recorded condition/domain; not an inferred session ID""}"
feature_bank_force_concat_core_calibration_final_20260915,error_complementarity.csv,918,41987e8956136ae8f4f05228de740417685e2b116cc4bd2a4326267044001837,libemg_contraction_intensity,10,20P,Core,F4_Spectral,0.4285714285714288,0.4642857142857142,0.10714285714285714,0.10714285714285714,"{""session/domain"": ""recorded condition/domain; not an inferred session ID""}"
feature_bank_force_concat_core_calibration_final_20260915,error_complementarity.csv,919,572ae16144a6b7afc573d1c2875a10960f9b8a8b87f97f0f90595841773b2afb,libemg_contraction_intensity,10,20P,Core,F5_Temporal,0.30151134457776363,0.6785714285714285,0.14285714285714285,0.10714285714285714,"{""session/domain"": ""recorded condition/domain; not an inferred session ID""}"
feature_bank_force_concat_core_calibration_final_20260915,error_complementarity.csv,920,4e57357863c8aff3dba4f81a62fdf11524f5eca2da5a997be2e974e8981d0f03,libemg_contraction_intensity,10,20P,Core,F9_Quality,0.36514837167011066,0.4285714285714285,0.10714285714285714,0.14285714285714285,"{""session/domain"": ""recorded condition/domain; not an inferred session ID""}"
feature_bank_force_concat_core_calibration_final_20260915,error_complementarity.csv,921,1d260860154de86e37b1e04881bef4a94894db76a99dbce09da8fc3ec1413570,libemg_contraction_intensity,10,30P,Core,F3_Ring,0.33471934069760145,0.7857142857142856,0.25,0.03571428571428571,"{""session/domain"": ""recorded condition/domain; not an inferred session ID""}"
feature_bank_force_concat_core_calibration_final_20260915,error_complementarity.csv,922,d182440a55aa34c9a2495b4ba674f35e236a12a398c084667e6c77ab1aa43704,libemg_contraction_intensity,10,30P,Core,F4_Spectral,0.4445906192368999,0.6071428571428571,0.14285714285714285,0.10714285714285714,"{""session/domain"": ""recorded condition/domain; not an inferred session ID""}"
feature_bank_force_concat_core_calibration_final_20260915,error_complementarity.csv,923,5ffaaf0d464d44b53c097bfa382037c21e7e82273688c33150f3bee4fdd9436e,libemg_contraction_intensity,10,30P,Core,F5_Temporal,0.3373495424699932,0.49999999999999994,0.21428571428571427,0.07142857142857142,"{""session/domain"": ""recorded condition/domain; not an inferred session ID""}"
feature_bank_force_concat_core_calibration_final_20260915,error_complementarity.csv,924,db2acb92f22076d7d386b22c1cf4a0673d8061c20f9e7bc6b066e5a9d57f6b36,libemg_contraction_intensity,10,30P,Core,F9_Quality,0.125397354143741,0.5714285714285714,0.21428571428571427,0.17857142857142855,"{""session/domain"": ""recorded condition/domain; not an inferred session ID""}"
feature_bank_force_concat_core_calibration_final_20260915,error_complementarity.csv,925,f2fb9fcee5a16ac0e4e46da8ed0baad2fe80850b987941b2b702460b92a1fce0,libemg_contraction_intensity,10,40P,Core,F3_Ring,0.08247860988423224,0.857142857142857,0.3571428571428571,0.10714285714285714,"{""session/domain"": ""recorded condition/domain; not an inferred session ID""}"
feature_bank_force_concat_core_calibration_final_20260915,error_complementarity.csv,926,71bbae770fc07361fae4e5299357bdc67d5bd8a95344df704a5cdfcd115c7336,libemg_contraction_intensity,10,40P,Core,F4_Spectral,0.8043996665398441,0.3571428571428571,0.10714285714285714,0.0,"{""session/domain"": ""recorded condition/domain; not an inferred session ID""}"
feature_bank_force_concat_core_calibration_final_20260915,error_complementarity.csv,927,af06f56f3477522e3e5572ded3ed41f3a17457d70114fa9b3cffadabc97d3b86,libemg_contraction_intensity,10,40P,Core,F5_Temporal,0.5222329678670936,0.46428571428571425,0.2857142857142857,0.0,"{""session/domain"": ""recorded condition/domain; not an inferred session ID""}"
feature_bank_force_concat_core_calibration_final_20260915,error_complementarity.csv,928,373f48551101b8a3f1cd67e122e27e55e45e2ce0a80c388ad0ae0cfc5d49c570,libemg_contraction_intensity,10,40P,Core,F9_Quality,0.447213595499958,0.5357142857142856,0.21428571428571427,0.07142857142857142,"{""session/domain"": ""recorded condition/domain; not an inferred session ID""}"
feature_bank_force_concat_core_calibration_final_20260915,error_complementarity.csv,929,b20fb32ab168aab82956f8bbd1820e587c5469095439bcf14f4744cb36df8876,libemg_contraction_intensity,10,50P,Core,F3_Ring,0.13712555853457373,0.7857142857142856,0.3928571428571428,0.07142857142857142,"{""session/domain"": ""recorded condition/domain; not an inferred session ID""}"
feature_bank_force_concat_core_calibration_final_20260915,error_complementarity.csv,930,5e45862299c14d0644cc5cc2d247d2526ce22ba7f75906898174af628eadcc1c,libemg_contraction_intensity,10,50P,Core,F4_Spectral,0.8666666666666664,0.21428571428571425,0.07142857142857142,0.0,"{""session/domain"": ""recorded condition/domain; not an inferred session ID""}"
feature_bank_force_concat_core_calibration_final_20260915,error_complementarity.csv,931,800e9b7e24dc36ce7129911b0f234e9fcb515aa90dfd8166dc7c1d5d3628ca55,libemg_contraction_intensity,10,50P,Core,F5_Temporal,0.4340573661412155,0.6071428571428571,0.35714285714285715,0.0,"{""session/domain"": ""recorded condition/domain; not an inferred session ID""}"
feature_bank_force_concat_core_calibration_final_20260915,error_complementarity.csv,932,050e9e143cb7dc585274144f39e42f0dc28a1587464e60e5028012e1e18d7e9c,libemg_contraction_intensity,10,50P,Core,F9_Quality,0.3089682853364634,0.3928571428571428,0.25,0.10714285714285714,"{""session/domain"": ""recorded condition/domain; not an inferred session ID""}"
feature_bank_force_concat_core_calibration_final_20260915,error_complementarity.csv,933,b4b0992aceaea215db2c2767121654f6e3544e08a5e7f07d72c1b505610d22e7,libemg_contraction_intensity,10,60P,Core,F3_Ring,-0.16151457061744964,0.9285714285714284,0.5,0.10714285714285714,"{""session/domain"": ""recorded condition/domain; not an inferred session ID""}"
feature_bank_force_concat_core_calibration_final_20260915,error_complementarity.csv,934,e49f6c82b41d8afc0f1bd15fc2f4945d44f2b7d485f9f68c23b86bdc88efbf84,libemg_contraction_intensity,10,60P,Core,F4_Spectral,0.6041666666666665,0.4642857142857142,0.17857142857142855,0.03571428571428571,"{""session/domain"": ""recorded condition/domain; not an inferred session ID""}"
feature_bank_force_concat_core_calibration_final_20260915,error_complementarity.csv,935,4f2d1bc1e830c6a3b432ac448705000ee8ecaa63ce4bd724373425f076cbbf99,libemg_contraction_intensity,10,60P,Core,F5_Temporal,0.40378642654362396,0.6071428571428571,0.39285714285714285,0.0,"{""session/domain"": ""recorded condition/domain; not an inferred session ID""}"
feature_bank_force_concat_core_calibration_final_20260915,error_complementarity.csv,936,eaab434282d46124d2f870615ce33741a9ed52e56aece204532a5ca0ccb8ae22,libemg_contraction_intensity,10,60P,Core,F9_Quality,0.34426518632954806,0.5357142857142857,0.2857142857142857,0.07142857142857142,"{""session/domain"": ""recorded condition/domain; not an inferred session ID""}"
feature_bank_force_concat_core_calibration_final_20260915,error_complementarity.csv,937,a3d75182b0183258c707e3d3cf805ade38a0609fb678afcf6e8cfb117db3ed71,libemg_contraction_intensity,10,70P,Core,F3_Ring,-0.3823595564509362,0.8928571428571427,0.42857142857142855,0.24999999999999994,"{""session/domain"": ""recorded condition/domain; not an inferred session ID""}"
feature_bank_force_concat_core_calibration_final_20260915,error_complementarity.csv,938,b3498a8457497e965b4e837d00660989f73fa6f5463b5f37d960c33537e4a2e9,libemg_contraction_intensity,10,70P,Core,F4_Spectral,0.577350269189626,0.4642857142857142,0.14285714285714285,0.07142857142857142,"{""session/domain"": ""recorded condition/domain; not an inferred session ID""}"
feature_bank_force_concat_core_calibration_final_20260915,error_complementarity.csv,939,0d2654b189bbb7b3e0a2cde702264d543143f0a0cdd6b95c37ab6a3b4e6e42d3,libemg_contraction_intensity,10,70P,Core,F5_Temporal,0.31622776601683794,0.5714285714285714,0.2857142857142857,0.07142857142857142,"{""session/domain"": ""recorded condition/domain; not an inferred session ID""}"
feature_bank_force_concat_core_calibration_final_20260915,error_complementarity.csv,940,be71b21a990a550f3cccdcb8b12f688fbd2125dda70af4546fa07a507f40fa87,libemg_contraction_intensity,10,70P,Core,F9_Quality,0.5353033790313108,0.3928571428571428,0.21428571428571425,0.03571428571428571,"{""session/domain"": ""recorded condition/domain; not an inferred session ID""}"
feature_bank_force_concat_core_calibration_final_20260915,error_complementarity.csv,941,13420d923227710b71cab844304df98a528d35e483b96c3d5eb1d3de0077bf1e,libemg_contraction_intensity,10,80P,Core,F3_Ring,0.02207553928441741,0.7857142857142856,0.2857142857142857,0.17857142857142855,"{""session/domain"": ""recorded condition/domain; not an inferred session ID""}"
feature_bank_force_concat_core_calibration_final_20260915,error_complementarity.csv,942,9b224196267d7ed22cc2f7609014ced12ce7884d9854fdff3f3ff08c43a93d37,libemg_contraction_intensity,10,80P,Core,F4_Spectral,0.5625,0.5357142857142857,0.10714285714285714,0.10714285714285714,"{""session/domain"": ""recorded condition/domain; not an inferred session ID""}"
feature_bank_force_concat_core_calibration_final_20260915,error_complementarity.csv,943,7d605f42dc57ae13b3f571abe8715c901da03e4b9805f03540baebcfb6bf651c,libemg_contraction_intensity,10,80P,Core,F5_Temporal,0.09128709291752767,0.6428571428571428,0.2857142857142857,0.14285714285714285,"{""session/domain"": ""recorded condition/domain; not an inferred session ID""}"
feature_bank_force_concat_core_calibration_final_20260915,error_complementarity.csv,944,221848be5c45228fafe70fdd91698421832cbaf876ebac37c352dfc601866518,libemg_contraction_intensity,10,80P,Core,F9_Quality,0.3311330892662609,0.5357142857142857,0.21428571428571427,0.10714285714285714,"{""session/domain"": ""recorded condition/domain; not an inferred session ID""}"
feature_bank_force_concat_core_calibration_final_20260915,error_complementarity.csv,945,a43a1b915422510803903e83bff0c6757ecb9a584b6f1f10fdbbee4d98ac10ce,libemg_contraction_intensity,10,MVC,Core,F3_Ring,-0.41079191812887456,0.9285714285714284,0.4999999999999999,0.21428571428571427,"{""session/domain"": ""recorded condition/domain; not an inferred session ID""}"
feature_bank_force_concat_core_calibration_final_20260915,error_complementarity.csv,946,3eb47311984c82c627c4053b948acf8044949536e415dfff8ad2ef8f9c513edf,libemg_contraction_intensity,10,MVC,Core,F4_Spectral,0.45833333333333337,0.4285714285714285,0.21428571428571427,0.07142857142857142,"{""session/domain"": ""recorded condition/domain; not an inferred session ID""}"
feature_bank_force_concat_core_calibration_final_20260915,error_complementarity.csv,947,d389d839402acfdb3afdedf31ad85177cb2626fed7eed3c091de7bab049b3fc6,libemg_contraction_intensity,10,MVC,Core,F5_Temporal,0.45226701686664567,0.3571428571428571,0.3571428571428571,0.0,"{""session/domain"": ""recorded condition/domain; not an inferred session ID""}"
feature_bank_force_concat_core_calibration_final_20260915,error_complementarity.csv,948,4d81df70412cfa936fce82647bae64383222d63613c0ed942a19e03c6a865c42,libemg_contraction_intensity,10,MVC,Core,F9_Quality,0.5477225575051662,0.4999999999999999,0.2857142857142857,0.0,"{""session/domain"": ""recorded condition/domain; not an inferred session ID""}"
feature_bank_force_concat_core_calibration_final_20260915,error_complementarity.csv,949,a00b47bb530e28226a65878d1b07c5d3e3d2cecce76e6c0edc91e11a073030a0,libemg_contraction_intensity,10,Light,Core,F3_Ring,0.3243723035407737,0.8214285714285713,0.17857142857142855,0.07142857142857142,"{""session/domain"": ""recorded condition/domain; not an inferred session ID""}"
feature_bank_force_concat_core_calibration_final_20260915,error_complementarity.csv,950,98ed5f4d3f9476b1fdc9ff0253d942904b9b57f7a1aabe4e746d1caef870e1a0,libemg_contraction_intensity,10,Light,Core,F4_Spectral,0.5307910421576295,0.7857142857142856,0.14285714285714285,0.03571428571428571,"{""session/domain"": ""recorded condition/domain; not an inferred session ID""}"
feature_bank_force_concat_core_calibration_final_20260915,error_complementarity.csv,951,439d9e309b840eba6cd4e40cb10a6908fbd42b409e43b92494c06bfa6ee09963,libemg_contraction_intensity,10,Light,Core,F5_Temporal,0.6330541649476573,0.6428571428571428,0.10714285714285714,0.03571428571428571,"{""session/domain"": ""recorded condition/domain; not an inferred session ID""}"
feature_bank_force_concat_core_calibration_final_20260915,error_complementarity.csv,952,1f1395863942bb4afc1f15071c71ee5bc6325f44e777f70b4357935553289e3c,libemg_contraction_intensity,10,Light,Core,F9_Quality,0.6835365551469961,0.4642857142857142,0.03571428571428571,0.10714285714285714,"{""session/domain"": ""recorded condition/domain; not an inferred session ID""}"
feature_bank_force_concat_core_calibration_final_20260915,error_complementarity.csv,953,78a1e10603af243fdfa0200f31fcfc2c9f312b2a4221069b892080d1d1a365bd,libemg_contraction_intensity,10,Medium,Core,F3_Ring,-0.017213259316477394,0.7857142857142856,0.3214285714285714,0.07142857142857142,"{""session/domain"": ""recorded condition/domain; not an inferred session ID""}"
feature_bank_force_concat_core_calibration_final_20260915,error_complementarity.csv,954,7ea65420a74a9f3f01fc0e29c2b4ac9fff821d259eb064d820a5210a0026912a,libemg_contraction_intensity,10,Medium,Core,F4_Spectral,0.683536555146996,0.5357142857142857,0.10714285714285714,0.03571428571428571,"{""session/domain"": ""recorded condition/domain; not an inferred session ID""}"
feature_bank_force_concat_core_calibration_final_20260915,error_complementarity.csv,955,771714d3afba15b143a362b5962c59e5c12d0bc0ad483d364b08d5eae9fc80c5,libemg_contraction_intensity,10,Medium,Core,F5_Temporal,0.7006490497453709,0.5357142857142857,0.14285714285714285,0.0,"{""session/domain"": ""recorded condition/domain; not an inferred session ID""}"
feature_bank_force_concat_core_calibration_final_20260915,error_complementarity.csv,956,301e1b8b32c97ecef01c006679f4eb0c123e3646e5c89bf93d7e09b46ab70503,libemg_contraction_intensity,10,Medium,Core,F9_Quality,0.3777777777777777,0.3571428571428571,0.14285714285714285,0.14285714285714285,"{""session/domain"": ""recorded condition/domain; not an inferred session ID""}"
feature_bank_force_concat_core_calibration_final_20260915,error_complementarity.csv,957,31ece4648a77e048a18ef4a99f29a7161ddcaf388608997def3fcf098e9a0bfe,libemg_contraction_intensity,10,Hard,Core,F3_Ring,-0.3042903097250923,0.857142857142857,0.3571428571428571,0.14285714285714285,"{""session/domain"": ""recorded condition/domain; not an inferred session ID""}"
feature_bank_force_concat_core_calibration_final_20260915,error_complementarity.csv,958,e74aa97dccd319635376adb9e62b3e85cfb0fb5d2d98e2f9dbc28e3a56973759,libemg_contraction_intensity,10,Hard,Core,F4_Spectral,0.44459061923689996,0.5714285714285714,0.14285714285714285,0.10714285714285714,"{""session/domain"": ""recorded condition/domain; not an inferred session ID""}"
feature_bank_force_concat_core_calibration_final_20260915,error_complementarity.csv,959,570510a463fd2c53b52e6cbcdcfd573c276fd8d3433806beb07b9c81dbff5f0f,libemg_contraction_intensity,10,Hard,Core,F5_Temporal,0.6024640760767092,0.49999999999999994,0.14285714285714285,0.03571428571428571,"{""session/domain"": ""recorded condition/domain; not an inferred session ID""}"
feature_bank_force_concat_core_calibration_final_20260915,error_complementarity.csv,960,eb4639380dde176264b84fab94d1a573193bd8111484912b1c9dfb57073f4a42,libemg_contraction_intensity,10,Hard,Core,F9_Quality,0.4303314829119351,0.3928571428571428,0.17857142857142855,0.07142857142857142,"{""session/domain"": ""recorded condition/domain; not an inferred session ID""}"
feature_bank_force_concat_core_calibration_final_20260915,error_complementarity.csv,961,06e4b96d7f25bb94d8c8232e8da9ae5292c8ebb8fc0a9acd7aba0a9c4341c413,libemg_contraction_intensity,10,"{""source_condition"": ""Ramp""}",Core,F3_Ring,0.00462180699673586,0.8299319727891157,0.3333333333333333,0.11904761904761904,"{""session/domain"": ""run manifest evaluation domain""}"
feature_bank_force_concat_core_calibration_final_20260915,error_complementarity.csv,962,a75f31acbbabed72f6b3f73d31e292c44fa2ec3195031807eb4d47c1a6363f72,libemg_contraction_intensity,10,"{""source_condition"": ""Ramp""}",Core,F4_Spectral,0.6069772634423873,0.4965986394557823,0.12925170068027209,0.061224489795918366,"{""session/domain"": ""run manifest evaluation domain""}"
feature_bank_force_concat_core_calibration_final_20260915,error_complementarity.csv,963,ccecf111d81736dad485cc25f7ae42660333dc6a19bca207ef2b231bc1468052,libemg_contraction_intensity,10,"{""source_condition"": ""Ramp""}",Core,F5_Temporal,0.4153743095981831,0.564625850340136,0.24149659863945577,0.044217687074829926,"{""session/domain"": ""run manifest evaluation domain""}"
feature_bank_force_concat_core_calibration_final_20260915,error_complementarity.csv,964,3b87ac7c5b9f855f68f88c5bfa0ed988b0ce9843079a20de3a572d6b7b418b67,libemg_contraction_intensity,10,"{""source_condition"": ""Ramp""}",Core,F9_Quality,0.3968048464682824,0.4625850340136054,0.19047619047619044,0.09863945578231292,"{""session/domain"": ""run manifest evaluation domain""}"
feature_bank_force_concat_core_calibration_final_20260915,error_complementarity.csv,965,0d9afdb21ce66a5d2d289a28ca34a19cc80eb37d90e2e206f8bd4350e82578d2,libemg_contraction_intensity,10,20P,Core,F3_Ring,0.16151457061744967,0.7499999999999999,0.17857142857142855,0.10714285714285714,"{""session/domain"": ""recorded condition/domain; not an inferred session ID""}"
feature_bank_force_concat_core_calibration_final_20260915,error_complementarity.csv,966,2ca076e785dbd193b4986609bcc3e388d6fed51d242c188142de3bdfc5d58229,libemg_contraction_intensity,10,20P,Core,F4_Spectral,0.4285714285714288,0.4642857142857142,0.10714285714285714,0.10714285714285714,"{""session/domain"": ""recorded condition/domain; not an inferred session ID""}"
feature_bank_force_concat_core_calibration_final_20260915,error_complementarity.csv,967,0d3be3102763ba9ffbdbdc18be76617c9ab78c40c96f7367591e09d53d1ce64e,libemg_contraction_intensity,10,20P,Core,F5_Temporal,0.30151134457776363,0.6785714285714285,0.14285714285714285,0.10714285714285714,"{""session/domain"": ""recorded condition/domain; not an inferred session ID""}"
feature_bank_force_concat_core_calibration_final_20260915,error_complementarity.csv,968,c8ed2a43069663852a124b33c51a5dbe4c7b9af6199df1f5c5806483f2fd08e9,libemg_contraction_intensity,10,20P,Core,F9_Quality,0.36514837167011066,0.4285714285714285,0.10714285714285714,0.14285714285714285,"{""session/domain"": ""recorded condition/domain; not an inferred session ID""}"
feature_bank_force_concat_core_calibration_final_20260915,error_complementarity.csv,969,d4c5e71c89b594897780d40eb688435833abc5a0ae2b66a421d1d6134d20a102,libemg_contraction_intensity,10,30P,Core,F3_Ring,0.33471934069760145,0.7857142857142856,0.25,0.03571428571428571,"{""session/domain"": ""recorded condition/domain; not an inferred session ID""}"
feature_bank_force_concat_core_calibration_final_20260915,error_complementarity.csv,970,371c6934ac6809f545b3b4d77c2964eb460828ec3e6ea9843e921823cb05230d,libemg_contraction_intensity,10,30P,Core,F4_Spectral,0.4445906192368999,0.6071428571428571,0.14285714285714285,0.10714285714285714,"{""session/domain"": ""recorded condition/domain; not an inferred session ID""}"
feature_bank_force_concat_core_calibration_final_20260915,error_complementarity.csv,971,f5fa360d7b0e1100167075fb27e372bc9f44d061c52dcf8faf6dbc602e01490a,libemg_contraction_intensity,10,30P,Core,F5_Temporal,0.3373495424699932,0.49999999999999994,0.21428571428571427,0.07142857142857142,"{""session/domain"": ""recorded condition/domain; not an inferred session ID""}"
feature_bank_force_concat_core_calibration_final_20260915,error_complementarity.csv,972,0ae4bdd2fd72a1b0d19e5ea130ad2d3f633214595326c51bfe8e41f88228db2f,libemg_contraction_intensity,10,30P,Core,F9_Quality,0.125397354143741,0.5714285714285714,0.21428571428571427,0.17857142857142855,"{""session/domain"": ""recorded condition/domain; not an inferred session ID""}"
feature_bank_force_concat_core_calibration_final_20260915,error_complementarity.csv,973,59ab9f8db1d3830c18a19a9fc4dd62cb14f73371a8fc57a3562d4b2829ba48e4,libemg_contraction_intensity,10,40P,Core,F3_Ring,0.08247860988423224,0.857142857142857,0.3571428571428571,0.10714285714285714,"{""session/domain"": ""recorded condition/domain; not an inferred session ID""}"
feature_bank_force_concat_core_calibration_final_20260915,error_complementarity.csv,974,57e21c54e34dffdfcb588087bd8ffc6c4a949bb26ba15e42f6ad631b8f9c3ac9,libemg_contraction_intensity,10,40P,Core,F4_Spectral,0.8043996665398441,0.3571428571428571,0.10714285714285714,0.0,"{""session/domain"": ""recorded condition/domain; not an inferred session ID""}"
feature_bank_force_concat_core_calibration_final_20260915,error_complementarity.csv,975,bee6d404b5b8266864cbaafdd9b26a5b5467ca6ac63813031073b689ff33179e,libemg_contraction_intensity,10,40P,Core,F5_Temporal,0.5222329678670936,0.46428571428571425,0.2857142857142857,0.0,"{""session/domain"": ""recorded condition/domain; not an inferred session ID""}"
feature_bank_force_concat_core_calibration_final_20260915,error_complementarity.csv,976,17581fee87e6c28611d3f5df43a8b0212b88b5de6fe96f450c35f785cde07226,libemg_contraction_intensity,10,40P,Core,F9_Quality,0.447213595499958,0.5357142857142856,0.21428571428571427,0.07142857142857142,"{""session/domain"": ""recorded condition/domain; not an inferred session ID""}"
feature_bank_force_concat_core_calibration_final_20260915,error_complementarity.csv,977,04846c77504e67060728dc966f3cddd3f59e9557d9d59b426c765e09e22854fc,libemg_contraction_intensity,10,50P,Core,F3_Ring,0.13712555853457373,0.7857142857142856,0.3928571428571428,0.07142857142857142,"{""session/domain"": ""recorded condition/domain; not an inferred session ID""}"
feature_bank_force_concat_core_calibration_final_20260915,error_complementarity.csv,978,cb9d25ae2fab5332c9daa763d7521e9c564230c452e115ca91099dd4abc13ff1,libemg_contraction_intensity,10,50P,Core,F4_Spectral,0.8666666666666664,0.21428571428571425,0.07142857142857142,0.0,"{""session/domain"": ""recorded condition/domain; not an inferred session ID""}"
feature_bank_force_concat_core_calibration_final_20260915,error_complementarity.csv,979,4572f300245589373c1895b9eadcca24d0aa07c9059f59578d48498e360fa8e2,libemg_contraction_intensity,10,50P,Core,F5_Temporal,0.4340573661412155,0.6071428571428571,0.35714285714285715,0.0,"{""session/domain"": ""recorded condition/domain; not an inferred session ID""}"
feature_bank_force_concat_core_calibration_final_20260915,error_complementarity.csv,980,2ff46f6216487b31a084bbae08d60ec2f90a67714c5b43593d58be475191f5ef,libemg_contraction_intensity,10,50P,Core,F9_Quality,0.3089682853364634,0.3928571428571428,0.25,0.10714285714285714,"{""session/domain"": ""recorded condition/domain; not an inferred session ID""}"
feature_bank_force_concat_core_calibration_final_20260915,error_complementarity.csv,981,bb2694fb9db3f8f81df8c030bea0b9abd4ca23802a103db9f693d63c8ef9faa8,libemg_contraction_intensity,10,60P,Core,F3_Ring,-0.16151457061744964,0.9285714285714284,0.5,0.10714285714285714,"{""session/domain"": ""recorded condition/domain; not an inferred session ID""}"
feature_bank_force_concat_core_calibration_final_20260915,error_complementarity.csv,982,129befe9d30399b88f04ff85a8678bcc0777fe7fc70ca82e0f4cc4ff07e20b2e,libemg_contraction_intensity,10,60P,Core,F4_Spectral,0.6041666666666665,0.4642857142857142,0.17857142857142855,0.03571428571428571,"{""session/domain"": ""recorded condition/domain; not an inferred session ID""}"
feature_bank_force_concat_core_calibration_final_20260915,error_complementarity.csv,983,2fef778bee7cc28d682a104ede70ecbe27bdafb8c897fd76cbb1c8989d4f6d59,libemg_contraction_intensity,10,60P,Core,F5_Temporal,0.40378642654362396,0.6071428571428571,0.39285714285714285,0.0,"{""session/domain"": ""recorded condition/domain; not an inferred session ID""}"
feature_bank_force_concat_core_calibration_final_20260915,error_complementarity.csv,984,0c141c68976a5caa098247b44e622d6cbf41b4ac741d14feecb94ad6e1544d94,libemg_contraction_intensity,10,60P,Core,F9_Quality,0.34426518632954806,0.5357142857142857,0.2857142857142857,0.07142857142857142,"{""session/domain"": ""recorded condition/domain; not an inferred session ID""}"
feature_bank_force_concat_core_calibration_final_20260915,error_complementarity.csv,985,06b0ea5b3895408f770fd161b1c0ba5f1164685d24579a282abf5658183db9b4,libemg_contraction_intensity,10,70P,Core,F3_Ring,-0.3823595564509362,0.8928571428571427,0.42857142857142855,0.24999999999999994,"{""session/domain"": ""recorded condition/domain; not an inferred session ID""}"
feature_bank_force_concat_core_calibration_final_20260915,error_complementarity.csv,986,d032d0bdb9d53be0ba5932c2e482e736eab5cdd3268775427def5a3506e9e111,libemg_contraction_intensity,10,70P,Core,F4_Spectral,0.577350269189626,0.4642857142857142,0.14285714285714285,0.07142857142857142,"{""session/domain"": ""recorded condition/domain; not an inferred session ID""}"
feature_bank_force_concat_core_calibration_final_20260915,error_complementarity.csv,987,09313b1d14df4d9be97193e12990231793468c9b7284c7238cd898caa402e73e,libemg_contraction_intensity,10,70P,Core,F5_Temporal,0.31622776601683794,0.5714285714285714,0.2857142857142857,0.07142857142857142,"{""session/domain"": ""recorded condition/domain; not an inferred session ID""}"
feature_bank_force_concat_core_calibration_final_20260915,error_complementarity.csv,988,b23d3d8b32aaae4583ea64248562a56a94667e986d3096a562cd91c583b0419f,libemg_contraction_intensity,10,70P,Core,F9_Quality,0.5353033790313108,0.3928571428571428,0.21428571428571425,0.03571428571428571,"{""session/domain"": ""recorded condition/domain; not an inferred session ID""}"
feature_bank_force_concat_core_calibration_final_20260915,error_complementarity.csv,989,51be4e567be5dc95b9ed0b9614d4058b777696971d76d282d71808cbc68b618d,libemg_contraction_intensity,10,80P,Core,F3_Ring,0.02207553928441741,0.7857142857142856,0.2857142857142857,0.17857142857142855,"{""session/domain"": ""recorded condition/domain; not an inferred session ID""}"
feature_bank_force_concat_core_calibration_final_20260915,error_complementarity.csv,990,a445d9028c5e05c812bbac88dfe173e40cb6755b2ee1a635daf64696d852656b,libemg_contraction_intensity,10,80P,Core,F4_Spectral,0.5625,0.5357142857142857,0.10714285714285714,0.10714285714285714,"{""session/domain"": ""recorded condition/domain; not an inferred session ID""}"
feature_bank_force_concat_core_calibration_final_20260915,error_complementarity.csv,991,0966feaf36838fda3e81b52ae1b9873088700f873a8149684b8122d4d5422937,libemg_contraction_intensity,10,80P,Core,F5_Temporal,0.09128709291752767,0.6428571428571428,0.2857142857142857,0.14285714285714285,"{""session/domain"": ""recorded condition/domain; not an inferred session ID""}"
feature_bank_force_concat_core_calibration_final_20260915,error_complementarity.csv,992,53ed448ff86e09ccfa4968eed2dff642ed47fb23af8c5bbddbe6cd0bee1b092f,libemg_contraction_intensity,10,80P,Core,F9_Quality,0.3311330892662609,0.5357142857142857,0.21428571428571427,0.10714285714285714,"{""session/domain"": ""recorded condition/domain; not an inferred session ID""}"
feature_bank_force_concat_core_calibration_final_20260915,error_complementarity.csv,993,df272cc19d7b59a33aeda9f4cb83444de5c6b24751e1e49014f4ac23ad127dd7,libemg_contraction_intensity,10,MVC,Core,F3_Ring,-0.41079191812887456,0.9285714285714284,0.4999999999999999,0.21428571428571427,"{""session/domain"": ""recorded condition/domain; not an inferred session ID""}"
feature_bank_force_concat_core_calibration_final_20260915,error_complementarity.csv,994,f8f2b8281a088e0322380cc8271105435d6993df9d296af249ec1525e6a8db09,libemg_contraction_intensity,10,MVC,Core,F4_Spectral,0.45833333333333337,0.4285714285714285,0.21428571428571427,0.07142857142857142,"{""session/domain"": ""recorded condition/domain; not an inferred session ID""}"
feature_bank_force_concat_core_calibration_final_20260915,error_complementarity.csv,995,891f93e06a3863e89543760121f450412ce749fda698bf4e874f0f8d1870b901,libemg_contraction_intensity,10,MVC,Core,F5_Temporal,0.45226701686664567,0.3571428571428571,0.3571428571428571,0.0,"{""session/domain"": ""recorded condition/domain; not an inferred session ID""}"
feature_bank_force_concat_core_calibration_final_20260915,error_complementarity.csv,996,33dda1166bd6b6ca2ee5bcc46d54a4927708c7872826ce1619b94687a9cad4cc,libemg_contraction_intensity,10,MVC,Core,F9_Quality,0.5477225575051662,0.4999999999999999,0.2857142857142857,0.0,"{""session/domain"": ""recorded condition/domain; not an inferred session ID""}"
feature_bank_force_concat_core_calibration_final_20260915,error_complementarity.csv,997,0a4ead86e7cdd9ac9830d677fedbeee7e85ab53c931fe3c6bf4db8c88c19edb7,libemg_contraction_intensity,10,Light,Core,F3_Ring,0.3243723035407737,0.8214285714285713,0.17857142857142855,0.07142857142857142,"{""session/domain"": ""recorded condition/domain; not an inferred session ID""}"
feature_bank_force_concat_core_calibration_final_20260915,error_complementarity.csv,998,a4de125a4c9cd011620049b21ecf8248b2158d29e78393ae7bd4d91a1756a704,libemg_contraction_intensity,10,Light,Core,F4_Spectral,0.5307910421576295,0.7857142857142856,0.14285714285714285,0.03571428571428571,"{""session/domain"": ""recorded condition/domain; not an inferred session ID""}"
feature_bank_force_concat_core_calibration_final_20260915,error_complementarity.csv,999,e73a50b97fb08a9d80f00071582443299b16722b711d901c9fde410a69d7ada8,libemg_contraction_intensity,10,Light,Core,F5_Temporal,0.6330541649476573,0.6428571428571428,0.10714285714285714,0.03571428571428571,"{""session/domain"": ""recorded condition/domain; not an inferred session ID""}"
feature_bank_force_concat_core_calibration_final_20260915,error_complementarity.csv,1000,bb4f4646559948c625cedaac83c441d01ab3a28f6a88bacaba70238542912b13,libemg_contraction_intensity,10,Light,Core,F9_Quality,0.6835365551469961,0.4642857142857142,0.03571428571428571,0.10714285714285714,"{""session/domain"": ""recorded condition/domain; not an inferred session ID""}"
feature_bank_force_concat_core_calibration_final_20260915,error_complementarity.csv,1001,b0fd9b66f43b1c4170d4d82ba3026e7c738c039be776b7b518065a7d07da4edf,libemg_contraction_intensity,10,Medium,Core,F3_Ring,-0.017213259316477394,0.7857142857142856,0.3214285714285714,0.07142857142857142,"{""session/domain"": ""recorded condition/domain; not an inferred session ID""}"
feature_bank_force_concat_core_calibration_final_20260915,error_complementarity.csv,1002,185adc2e70a8ab6faad3a436ffc56e59a5b89d9c1120e3bf81d72575110e9363,libemg_contraction_intensity,10,Medium,Core,F4_Spectral,0.683536555146996,0.5357142857142857,0.10714285714285714,0.03571428571428571,"{""session/domain"": ""recorded condition/domain; not an inferred session ID""}"
feature_bank_force_concat_core_calibration_final_20260915,error_complementarity.csv,1003,dab9fdc34a1b1227c82071194145bb2fac68763daa49dbe57bfd4913280dd2b0,libemg_contraction_intensity,10,Medium,Core,F5_Temporal,0.7006490497453709,0.5357142857142857,0.14285714285714285,0.0,"{""session/domain"": ""recorded condition/domain; not an inferred session ID""}"
feature_bank_force_concat_core_calibration_final_20260915,error_complementarity.csv,1004,886647af20885730fb1686e6a5cf62dbaf22c74fa520b49676f50d88ebbd9118,libemg_contraction_intensity,10,Medium,Core,F9_Quality,0.3777777777777777,0.3571428571428571,0.14285714285714285,0.14285714285714285,"{""session/domain"": ""recorded condition/domain; not an inferred session ID""}"
feature_bank_force_concat_core_calibration_final_20260915,error_complementarity.csv,1005,4cadd7232e0c9bbeb9360c8bbd8d3aaced7560675c2f0a1ea1fd56e066e7fafb,libemg_contraction_intensity,10,Hard,Core,F3_Ring,-0.3042903097250923,0.857142857142857,0.3571428571428571,0.14285714285714285,"{""session/domain"": ""recorded condition/domain; not an inferred session ID""}"
feature_bank_force_concat_core_calibration_final_20260915,error_complementarity.csv,1006,ac3a91db0b1b93f5976ac7b43c03382e677f574402d2414f74869ab666d24124,libemg_contraction_intensity,10,Hard,Core,F4_Spectral,0.44459061923689996,0.5714285714285714,0.14285714285714285,0.10714285714285714,"{""session/domain"": ""recorded condition/domain; not an inferred session ID""}"
feature_bank_force_concat_core_calibration_final_20260915,error_complementarity.csv,1007,2d43c40c05ffb7ad04167b4374f955b074f5c061cc6a859ffcc991e0d8090f34,libemg_contraction_intensity,10,Hard,Core,F5_Temporal,0.6024640760767092,0.49999999999999994,0.14285714285714285,0.03571428571428571,"{""session/domain"": ""recorded condition/domain; not an inferred session ID""}"
feature_bank_force_concat_core_calibration_final_20260915,error_complementarity.csv,1008,912bef5c3f4e7c1b4a59cda98ce1b1579013bf3d8a5b2127061514b25add7ff1,libemg_contraction_intensity,10,Hard,Core,F9_Quality,0.4303314829119351,0.3928571428571428,0.17857142857142855,0.07142857142857142,"{""session/domain"": ""recorded condition/domain; not an inferred session ID""}"
feature_bank_force_concat_core_calibration_final_20260915,error_complementarity.csv,1009,07fb13fba3a6fa4866782ba692018e33fc7299897474068526f0739495a22fa5,libemg_contraction_intensity,10,"{""source_condition"": ""Ramp""}",Core,F3_Ring,-0.0012944739659758332,0.8197278911564626,0.33673469387755095,0.12585034013605442,"{""session/domain"": ""run manifest evaluation domain""}"
feature_bank_force_concat_core_calibration_final_20260915,error_complementarity.csv,1010,27df9e5e902f4325411b303925e53195d5ca95498b9f4bbab1bbec355dec142a,libemg_contraction_intensity,10,"{""source_condition"": ""Ramp""}",Core,F4_Spectral,0.6186105689971177,0.48639455782312924,0.13265306122448978,0.054421768707482984,"{""session/domain"": ""run manifest evaluation domain""}"
feature_bank_force_concat_core_calibration_final_20260915,error_complementarity.csv,1011,e35c41642300d79b17320971192664b6e77bc43c6ddcae50e7f3fcdafe3ab3bc,libemg_contraction_intensity,10,"{""source_condition"": ""Ramp""}",Core,F5_Temporal,0.41948284175232886,0.5612244897959183,0.24829931972789115,0.04081632653061224,"{""session/domain"": ""run manifest evaluation domain""}"
feature_bank_force_concat_core_calibration_final_20260915,error_complementarity.csv,1012,4cc7e37ab3b95353f6f7b2cfd413ab7c33ae7b0a4e94095f61becd5bcdd97d3c,libemg_contraction_intensity,10,"{""source_condition"": ""Ramp""}",Core,F9_Quality,0.35181029220236293,0.510204081632653,0.21428571428571427,0.09863945578231292,"{""session/domain"": ""run manifest evaluation domain""}"
feature_bank_force_concat_core_calibration_final_20260915,error_complementarity.csv,1013,a16adbc3512e0b7d4eefcfba6df63100110d7578f928a56fcbddba8057e2219c,libemg_contraction_intensity,10,20P,Core,F3_Ring,0.16151457061744967,0.7499999999999999,0.17857142857142855,0.10714285714285714,"{""session/domain"": ""recorded condition/domain; not an inferred session ID""}"
feature_bank_force_concat_core_calibration_final_20260915,error_complementarity.csv,1014,69ad36830d24b7ef0a998e94089fa68b296ed687d56e7a6063935fa6405d5787,libemg_contraction_intensity,10,20P,Core,F4_Spectral,0.4285714285714288,0.4642857142857142,0.10714285714285714,0.10714285714285714,"{""session/domain"": ""recorded condition/domain; not an inferred session ID""}"
feature_bank_force_concat_core_calibration_final_20260915,error_complementarity.csv,1015,4d42a6706aefead3089065234a741090d71e3d9e9fb3fcf8cd7aac02016c100e,libemg_contraction_intensity,10,20P,Core,F5_Temporal,0.30151134457776363,0.6785714285714285,0.14285714285714285,0.10714285714285714,"{""session/domain"": ""recorded condition/domain; not an inferred session ID""}"
feature_bank_force_concat_core_calibration_final_20260915,error_complementarity.csv,1016,58151f5c318da5f34d4d97a253d18039229c8aa9f60c6e75a5f8b65b102bee44,libemg_contraction_intensity,10,20P,Core,F9_Quality,0.18257418583505539,0.6071428571428571,0.14285714285714285,0.17857142857142855,"{""session/domain"": ""recorded condition/domain; not an inferred session ID""}"
feature_bank_force_concat_core_calibration_final_20260915,error_complementarity.csv,1017,14e434634627e06322a7e2925092e910fc2afedabb910ca4e51698496a9d9ebb,libemg_contraction_intensity,10,30P,Core,F3_Ring,0.23631633593135135,0.7857142857142856,0.25,0.07142857142857142,"{""session/domain"": ""recorded condition/domain; not an inferred session ID""}"
feature_bank_force_concat_core_calibration_final_20260915,error_complementarity.csv,1018,d87f3e7c237c799c34433c45c844bf702d4334ef0ff2cf276a9fd11880acbf97,libemg_contraction_intensity,10,30P,Core,F4_Spectral,0.4445906192368999,0.6071428571428571,0.14285714285714285,0.10714285714285714,"{""session/domain"": ""recorded condition/domain; not an inferred session ID""}"
feature_bank_force_concat_core_calibration_final_20260915,error_complementarity.csv,1019,55e44fd0d2d549f955e16d86103e7995db68247b442185a8b7f12b3e87e4af3e,libemg_contraction_intensity,10,30P,Core,F5_Temporal,0.3373495424699932,0.49999999999999994,0.21428571428571427,0.07142857142857142,"{""session/domain"": ""recorded condition/domain; not an inferred session ID""}"
feature_bank_force_concat_core_calibration_final_20260915,error_complementarity.csv,1020,107dd0a8b4a86c6900a1cbe94607f2b1cc8128a1c5e3cf9b14c480b4caca8dd2,libemg_contraction_intensity,10,30P,Core,F9_Quality,0.02357022603955155,0.6428571428571428,0.25,0.17857142857142855,"{""session/domain"": ""recorded condition/domain; not an inferred session ID""}"
feature_bank_force_concat_core_calibration_final_20260915,error_complementarity.csv,1021,8a0dbc90d66fad16c7de11041bdeef00bfc7f7596cc7a888e126ca11b4bbd777,libemg_contraction_intensity,10,40P,Core,F3_Ring,-1.5359896425023067e-17,0.857142857142857,0.3571428571428571,0.14285714285714285,"{""session/domain"": ""recorded condition/domain; not an inferred session ID""}"
feature_bank_force_concat_core_calibration_final_20260915,error_complementarity.csv,1022,21c0c41f98c1ba284b82f700617ce43840084129573b5fb39b13dc3592990886,libemg_contraction_intensity,10,40P,Core,F4_Spectral,0.8043996665398441,0.3571428571428571,0.10714285714285714,0.0,"{""session/domain"": ""recorded condition/domain; not an inferred session ID""}"
feature_bank_force_concat_core_calibration_final_20260915,error_complementarity.csv,1023,4b79a6327eeed6e6cfbd806a4d055f07378f94e06b34229ab99cfebbe7c75118,libemg_contraction_intensity,10,40P,Core,F5_Temporal,0.5222329678670936,0.46428571428571425,0.2857142857142857,0.0,"{""session/domain"": ""recorded condition/domain; not an inferred session ID""}"
feature_bank_force_concat_core_calibration_final_20260915,error_complementarity.csv,1024,49cebd35d946221742fcecaf9f003ff218a98e7b83e5f189d2820157eb191c22,libemg_contraction_intensity,10,40P,Core,F9_Quality,0.4330127018922194,0.5357142857142856,0.17857142857142855,0.10714285714285714,"{""session/domain"": ""recorded condition/domain; not an inferred session ID""}"
feature_bank_force_concat_core_calibration_final_20260915,error_complementarity.csv,1025,6c5f8469276ce8839d34fa953445c11d3b6f4066918d5417bce67d6fc4ec6aba,libemg_contraction_intensity,10,50P,Core,F3_Ring,0.10050378152592118,0.7857142857142856,0.42857142857142855,0.07142857142857142,"{""session/domain"": ""recorded condition/domain; not an inferred session ID""}"
feature_bank_force_concat_core_calibration_final_20260915,error_complementarity.csv,1026,7a4b03e14d95a8b251f2016c2bca58c9e5d3f4f937137f8ce55576a2d7a2082f,libemg_contraction_intensity,10,50P,Core,F4_Spectral,0.8062257748298547,0.21428571428571425,0.10714285714285714,0.0,"{""session/domain"": ""recorded condition/domain; not an inferred session ID""}"
feature_bank_force_concat_core_calibration_final_20260915,error_complementarity.csv,1027,6891ab70a80529d6918ed44a9b0f604d374e3d647c3469f101a85a0c0eabf6b2,libemg_contraction_intensity,10,50P,Core,F5_Temporal,0.40378642654362396,0.6071428571428571,0.39285714285714285,0.0,"{""session/domain"": ""recorded condition/domain; not an inferred session ID""}"
feature_bank_force_concat_core_calibration_final_20260915,error_complementarity.csv,1028,5c4bd2274cdf01802395a3aabcbc81c7bb4bd0baee9fb17e48f5831b9df10339,libemg_contraction_intensity,10,50P,Core,F9_Quality,0.16666666666666666,0.46428571428571425,0.2857142857142857,0.14285714285714285,"{""session/domain"": ""recorded condition/domain; not an inferred session ID""}"
feature_bank_force_concat_core_calibration_final_20260915,error_complementarity.csv,1029,14e4d00320bf7bb4d813372892fb7abd9efca0993980bb48d15901027b213194,libemg_contraction_intensity,10,60P,Core,F3_Ring,-0.07537783614444092,0.857142857142857,0.4642857142857143,0.10714285714285714,"{""session/domain"": ""recorded condition/domain; not an inferred session ID""}"
feature_bank_force_concat_core_calibration_final_20260915,error_complementarity.csv,1030,53c8bf097af87daa747250dd05ad7587dca2e4458f096d6f3dc59b7e31fce7bc,libemg_contraction_intensity,10,60P,Core,F4_Spectral,0.6041666666666665,0.4642857142857142,0.17857142857142855,0.03571428571428571,"{""session/domain"": ""recorded condition/domain; not an inferred session ID""}"
feature_bank_force_concat_core_calibration_final_20260915,error_complementarity.csv,1031,74f9b43fc8921cd663f6c7bc9dd67d8877d8e385fa158322e8b02a9fd4fef663,libemg_contraction_intensity,10,60P,Core,F5_Temporal,0.40378642654362396,0.6071428571428571,0.39285714285714285,0.0,"{""session/domain"": ""recorded condition/domain; not an inferred session ID""}"
feature_bank_force_concat_core_calibration_final_20260915,error_complementarity.csv,1032,423deda499ccc7f28f4603d87274dc55f024cd2b0a95e361216a8cb8770c6b5d,libemg_contraction_intensity,10,60P,Core,F9_Quality,0.34426518632954806,0.5357142857142857,0.2857142857142857,0.07142857142857142,"{""session/domain"": ""recorded condition/domain; not an inferred session ID""}"
feature_bank_force_concat_core_calibration_final_20260915,error_complementarity.csv,1033,ebfdf66dd1818f3d00e65a80e8dddb2531c9da2b478bde802d949eeff7c5785c,libemg_contraction_intensity,10,70P,Core,F3_Ring,-0.4326251176569042,0.8928571428571427,0.4642857142857143,0.24999999999999994,"{""session/domain"": ""recorded condition/domain; not an inferred session ID""}"
feature_bank_force_concat_core_calibration_final_20260915,error_complementarity.csv,1034,ed6d675af40c97a51d9f2d107bc45eb23a406f9e06e8f78d11bf21d155d9dabc,libemg_contraction_intensity,10,70P,Core,F4_Spectral,0.6615185844757783,0.4285714285714285,0.14285714285714285,0.03571428571428571,"{""session/domain"": ""recorded condition/domain; not an inferred session ID""}"
feature_bank_force_concat_core_calibration_final_20260915,error_complementarity.csv,1035,b36eadce8eda8b71ad50b8f97f56b7384dbc4776a1d9a8cc8a07c6be7ff63c31,libemg_contraction_intensity,10,70P,Core,F5_Temporal,0.43026527297494627,0.5357142857142857,0.2857142857142857,0.03571428571428571,"{""session/domain"": ""recorded condition/domain; not an inferred session ID""}"
feature_bank_force_concat_core_calibration_final_20260915,error_complementarity.csv,1036,8548b41bb1a39a9033c1bb5c918d7775a30ac40cd398e750f6cf8436bfd96bab,libemg_contraction_intensity,10,70P,Core,F9_Quality,0.43026527297494627,0.46428571428571425,0.2857142857142857,0.03571428571428571,"{""session/domain"": ""recorded condition/domain; not an inferred session ID""}"
feature_bank_force_concat_core_calibration_final_20260915,error_complementarity.csv,1037,a4d8461ff972100a7cc140224a3053ac21492b99189a1fbde5c9c328b21f7759,libemg_contraction_intensity,10,80P,Core,F3_Ring,-0.027381336560563546,0.7857142857142856,0.3214285714285714,0.17857142857142855,"{""session/domain"": ""recorded condition/domain; not an inferred session ID""}"
feature_bank_force_concat_core_calibration_final_20260915,error_complementarity.csv,1038,717407be25f1611d3b087ea373e87c92ee822dbcab9189905948d997a707a0d4,libemg_contraction_intensity,10,80P,Core,F4_Spectral,0.6408461287109102,0.4999999999999999,0.10714285714285714,0.07142857142857142,"{""session/domain"": ""recorded condition/domain; not an inferred session ID""}"
feature_bank_force_concat_core_calibration_final_20260915,error_complementarity.csv,1039,9b128e480ebc30cb29639f41d3e5f3be3cd57e6b3335926f38424b35702c90bf,libemg_contraction_intensity,10,80P,Core,F5_Temporal,0.04529108136578381,0.6785714285714285,0.3214285714285714,0.14285714285714285,"{""session/domain"": ""recorded condition/domain; not an inferred session ID""}"
feature_bank_force_concat_core_calibration_final_20260915,error_complementarity.csv,1040,e93f8094b08ac3642dafc72e0c8842aca831e9944abdce2661bf8d36155b66a1,libemg_contraction_intensity,10,80P,Core,F9_Quality,0.43262511765690415,0.49999999999999994,0.21428571428571427,0.07142857142857142,"{""session/domain"": ""recorded condition/domain; not an inferred session ID""}"
feature_bank_force_concat_core_calibration_final_20260915,error_complementarity.csv,1041,a3b41ca5d4f51b7c8825f9d839baa5f55a386948368a85c39a8aafc5a5dd01b7,libemg_contraction_intensity,10,MVC,Core,F3_Ring,-0.41079191812887456,0.9285714285714284,0.4999999999999999,0.21428571428571427,"{""session/domain"": ""recorded condition/domain; not an inferred session ID""}"
feature_bank_force_concat_core_calibration_final_20260915,error_complementarity.csv,1042,310f2154ed0306a49f6f67423027a78c30703fdcdad15a1fd5cced99b7700883,libemg_contraction_intensity,10,MVC,Core,F4_Spectral,0.45833333333333337,0.4285714285714285,0.21428571428571427,0.07142857142857142,"{""session/domain"": ""recorded condition/domain; not an inferred session ID""}"
feature_bank_force_concat_core_calibration_final_20260915,error_complementarity.csv,1043,c41b4fbcdd233335e35a781bffb057d1e5bd843e99124aa0a11703f2d3809f4a,libemg_contraction_intensity,10,MVC,Core,F5_Temporal,0.45226701686664567,0.3571428571428571,0.3571428571428571,0.0,"{""session/domain"": ""recorded condition/domain; not an inferred session ID""}"
feature_bank_force_concat_core_calibration_final_20260915,error_complementarity.csv,1044,98c0bf3367e2be119bd957cc2e2e7f8c9b133ca49c55dd659107f4bfdf8ffbf4,libemg_contraction_intensity,10,MVC,Core,F9_Quality,0.5477225575051662,0.4999999999999999,0.2857142857142857,0.0,"{""session/domain"": ""recorded condition/domain; not an inferred session ID""}"
feature_bank_force_concat_core_calibration_final_20260915,error_complementarity.csv,1045,fbc305326439fd487596d4f842e9b951c8baba2cc831c5d1cee415fa2f98e4aa,libemg_contraction_intensity,10,Light,Core,F3_Ring,0.3243723035407737,0.8214285714285713,0.17857142857142855,0.07142857142857142,"{""session/domain"": ""recorded condition/domain; not an inferred session ID""}"
feature_bank_force_concat_core_calibration_final_20260915,error_complementarity.csv,1046,2506f65728266f54725266747f82abf6705c5d16006fa9730ba6b5ba57a3f834,libemg_contraction_intensity,10,Light,Core,F4_Spectral,0.5307910421576295,0.7857142857142856,0.14285714285714285,0.03571428571428571,"{""session/domain"": ""recorded condition/domain; not an inferred session ID""}"
feature_bank_force_concat_core_calibration_final_20260915,error_complementarity.csv,1047,597e9fc74f34af4b31e87cc0304fa8f1f65c92452faaadf6efcd1fb9f1574e85,libemg_contraction_intensity,10,Light,Core,F5_Temporal,0.6330541649476573,0.6428571428571428,0.10714285714285714,0.03571428571428571,"{""session/domain"": ""recorded condition/domain; not an inferred session ID""}"
feature_bank_force_concat_core_calibration_final_20260915,error_complementarity.csv,1048,31c64fdd7acb38f80de77ccd512dbcdd0136e0a88eef19f2be6cd379339df364,libemg_contraction_intensity,10,Light,Core,F9_Quality,0.4749999999999999,0.5714285714285714,0.10714285714285714,0.10714285714285714,"{""session/domain"": ""recorded condition/domain; not an inferred session ID""}"
feature_bank_force_concat_core_calibration_final_20260915,error_complementarity.csv,1049,d64ef1b09da53c4ac16eea283b0b0471424b41ad29a6f181756e69928bfa8de7,libemg_contraction_intensity,10,Medium,Core,F3_Ring,-0.017213259316477394,0.7857142857142856,0.3214285714285714,0.07142857142857142,"{""session/domain"": ""recorded condition/domain; not an inferred session ID""}"
feature_bank_force_concat_core_calibration_final_20260915,error_complementarity.csv,1050,f272f2490c7990604ddc481281088700c64c173c31df5a9117c49438f1789432,libemg_contraction_intensity,10,Medium,Core,F4_Spectral,0.683536555146996,0.49999999999999994,0.10714285714285714,0.03571428571428571,"{""session/domain"": ""recorded condition/domain; not an inferred session ID""}"
feature_bank_force_concat_core_calibration_final_20260915,error_complementarity.csv,1051,d646937b580f73ae6faf9f4d43ad6e4cef592c9bd5dae630b685ea9bbeb014a0,libemg_contraction_intensity,10,Medium,Core,F5_Temporal,0.7006490497453709,0.49999999999999994,0.14285714285714285,0.0,"{""session/domain"": ""recorded condition/domain; not an inferred session ID""}"
feature_bank_force_concat_core_calibration_final_20260915,error_complementarity.csv,1052,3080910d5847ce3bf6234713bfb12e30ab8278a93aa20c1170a97ebe1ffc5ed8,libemg_contraction_intensity,10,Medium,Core,F9_Quality,0.430331482911935,0.3928571428571428,0.17857142857142855,0.07142857142857142,"{""session/domain"": ""recorded condition/domain; not an inferred session ID""}"
feature_bank_force_concat_core_calibration_final_20260915,error_complementarity.csv,1053,de82fb787161320f152a422e5c69c81775e451a3cc7d91bfbe2a5ea0a58c63ad,libemg_contraction_intensity,10,Hard,Core,F3_Ring,-0.1529105703085215,0.8214285714285713,0.3214285714285714,0.14285714285714285,"{""session/domain"": ""recorded condition/domain; not an inferred session ID""}"
feature_bank_force_concat_core_calibration_final_20260915,error_complementarity.csv,1054,7e04c36e3bbb1d9317b4625c9a9229e10965ee9212db611f85e14b0d004c65cb,libemg_contraction_intensity,10,Hard,Core,F4_Spectral,0.44459061923689996,0.5714285714285714,0.14285714285714285,0.10714285714285714,"{""session/domain"": ""recorded condition/domain; not an inferred session ID""}"
feature_bank_force_concat_core_calibration_final_20260915,error_complementarity.csv,1055,5a52e79a8898a816f3a84214760a521fb221df1d9fb4d667ff71c3833285844a,libemg_contraction_intensity,10,Hard,Core,F5_Temporal,0.6024640760767092,0.49999999999999994,0.14285714285714285,0.03571428571428571,"{""session/domain"": ""recorded condition/domain; not an inferred session ID""}"
feature_bank_force_concat_core_calibration_final_20260915,error_complementarity.csv,1056,f751632c10d1c651503d6be3b7850e0552a771c37f0596945cb98eb59d1b9f94,libemg_contraction_intensity,10,Hard,Core,F9_Quality,0.4303314829119351,0.3928571428571428,0.17857142857142855,0.07142857142857142,"{""session/domain"": ""recorded condition/domain; not an inferred session ID""}"
feature_bank_force_concat_core_calibration_final_20260915,error_complementarity.csv,1057,24284e5d610bae20eaf48b7a06f088190445a7a0a8eaa4a0a8728aa649542939,libemg_contraction_intensity,10,"{""source_condition"": ""Ramp""}",Core,F3_Ring,0.00462180699673586,0.8299319727891157,0.3333333333333333,0.11904761904761904,"{""session/domain"": ""run manifest evaluation domain""}"
feature_bank_force_concat_core_calibration_final_20260915,error_complementarity.csv,1058,052772eb1e0e4cb6abbabaa01faffb64227e3d03f0ecc3c4b06dd2875ea2cf6f,libemg_contraction_intensity,10,"{""source_condition"": ""Ramp""}",Core,F4_Spectral,0.6069772634423873,0.4965986394557823,0.12925170068027209,0.061224489795918366,"{""session/domain"": ""run manifest evaluation domain""}"
feature_bank_force_concat_core_calibration_final_20260915,error_complementarity.csv,1059,d86f1443da6cb68bd2702cd2fca2914d4bad75e69d16ac0860de7e738d5bed9e,libemg_contraction_intensity,10,"{""source_condition"": ""Ramp""}",Core,F5_Temporal,0.4153743095981831,0.564625850340136,0.24149659863945577,0.044217687074829926,"{""session/domain"": ""run manifest evaluation domain""}"
feature_bank_force_concat_core_calibration_final_20260915,error_complementarity.csv,1060,bbd2d95a2c1cb2880f095a876dcdc191a4b887fea76430868952fe617183a90b,libemg_contraction_intensity,10,"{""source_condition"": ""Ramp""}",Core,F9_Quality,0.3968048464682824,0.4625850340136054,0.19047619047619044,0.09863945578231292,"{""session/domain"": ""run manifest evaluation domain""}"
feature_bank_force_concat_core_calibration_final_20260915,error_complementarity.csv,1061,55b0bc382fc89752715ff1ace718a82ef5ec69b4bd407530a49ff6f3a026a3df,libemg_contraction_intensity,10,20P,Core,F3_Ring,0.16151457061744967,0.7499999999999999,0.17857142857142855,0.10714285714285714,"{""session/domain"": ""recorded condition/domain; not an inferred session ID""}"
feature_bank_force_concat_core_calibration_final_20260915,error_complementarity.csv,1062,ce259b3aa00dd13d2a0c88baec02ff98cd907d3d316975c4265a4bdce29a8292,libemg_contraction_intensity,10,20P,Core,F4_Spectral,0.4285714285714288,0.4642857142857142,0.10714285714285714,0.10714285714285714,"{""session/domain"": ""recorded condition/domain; not an inferred session ID""}"
feature_bank_force_concat_core_calibration_final_20260915,error_complementarity.csv,1063,befde6982c37049975055007bd7c469160ebb732dc0ba9b24796f5eadcbcd0ad,libemg_contraction_intensity,10,20P,Core,F5_Temporal,0.30151134457776363,0.6785714285714285,0.14285714285714285,0.10714285714285714,"{""session/domain"": ""recorded condition/domain; not an inferred session ID""}"
feature_bank_force_concat_core_calibration_final_20260915,error_complementarity.csv,1064,9ae530be4e030f838ebb0e0beeb8252dc7356bdc40681f1fe6176c4d6883f613,libemg_contraction_intensity,10,20P,Core,F9_Quality,0.36514837167011066,0.4285714285714285,0.10714285714285714,0.14285714285714285,"{""session/domain"": ""recorded condition/domain; not an inferred session ID""}"
feature_bank_force_concat_core_calibration_final_20260915,error_complementarity.csv,1065,6eac360cbe754e708983cafd08a58320587987ba37b16110edefe84428bfb706,libemg_contraction_intensity,10,30P,Core,F3_Ring,0.33471934069760145,0.7857142857142856,0.25,0.03571428571428571,"{""session/domain"": ""recorded condition/domain; not an inferred session ID""}"
feature_bank_force_concat_core_calibration_final_20260915,error_complementarity.csv,1066,d48887a720c7c67520aab17e84e78550f709b9d378e86135f5b0448f01d50e1a,libemg_contraction_intensity,10,30P,Core,F4_Spectral,0.4445906192368999,0.6071428571428571,0.14285714285714285,0.10714285714285714,"{""session/domain"": ""recorded condition/domain; not an inferred session ID""}"
feature_bank_force_concat_core_calibration_final_20260915,error_complementarity.csv,1067,d421b9580a4bec2eee6ff6f9548683c60827e9dd6644a86af39fc46d15956aa4,libemg_contraction_intensity,10,30P,Core,F5_Temporal,0.3373495424699932,0.49999999999999994,0.21428571428571427,0.07142857142857142,"{""session/domain"": ""recorded condition/domain; not an inferred session ID""}"
feature_bank_force_concat_core_calibration_final_20260915,error_complementarity.csv,1068,79bcf12b8129a5220eba2b17f271ad04ac7bf97324a889be0d7156dc05018672,libemg_contraction_intensity,10,30P,Core,F9_Quality,0.125397354143741,0.5714285714285714,0.21428571428571427,0.17857142857142855,"{""session/domain"": ""recorded condition/domain; not an inferred session ID""}"
feature_bank_force_concat_core_calibration_final_20260915,error_complementarity.csv,1069,fc3c94b4e9dcdf407e70b05f55acff0f1bc81af0fe988e21c4d4c9800bda0c86,libemg_contraction_intensity,10,40P,Core,F3_Ring,0.08247860988423224,0.857142857142857,0.3571428571428571,0.10714285714285714,"{""session/domain"": ""recorded condition/domain; not an inferred session ID""}"
feature_bank_force_concat_core_calibration_final_20260915,error_complementarity.csv,1070,6475b6b3d82cf047d1c1c6d398b9c7396ea88e93232832a2b9feb9a1cc279a9e,libemg_contraction_intensity,10,40P,Core,F4_Spectral,0.8043996665398441,0.3571428571428571,0.10714285714285714,0.0,"{""session/domain"": ""recorded condition/domain; not an inferred session ID""}"
feature_bank_force_concat_core_calibration_final_20260915,error_complementarity.csv,1071,dd1eeebbe47ad17cb760ed4b58daaa26170ed43717f2a11f5ab1d51788a2856f,libemg_contraction_intensity,10,40P,Core,F5_Temporal,0.5222329678670936,0.46428571428571425,0.2857142857142857,0.0,"{""session/domain"": ""recorded condition/domain; not an inferred session ID""}"
feature_bank_force_concat_core_calibration_final_20260915,error_complementarity.csv,1072,3cac77722059202f62509940b1abf2cfe6799d966a8043730a70e59cbbaf97e6,libemg_contraction_intensity,10,40P,Core,F9_Quality,0.447213595499958,0.5357142857142856,0.21428571428571427,0.07142857142857142,"{""session/domain"": ""recorded condition/domain; not an inferred session ID""}"
feature_bank_force_concat_core_calibration_final_20260915,error_complementarity.csv,1073,49432eb296414abea52530e31a82295786e760b4860b87513fbe8f19a9a598c3,libemg_contraction_intensity,10,50P,Core,F3_Ring,0.13712555853457373,0.7857142857142856,0.3928571428571428,0.07142857142857142,"{""session/domain"": ""recorded condition/domain; not an inferred session ID""}"
feature_bank_force_concat_core_calibration_final_20260915,error_complementarity.csv,1074,97a6977a394cd657148e4a122889019608928440f88025620bc307f3ae916005,libemg_contraction_intensity,10,50P,Core,F4_Spectral,0.8666666666666664,0.21428571428571425,0.07142857142857142,0.0,"{""session/domain"": ""recorded condition/domain; not an inferred session ID""}"
feature_bank_force_concat_core_calibration_final_20260915,error_complementarity.csv,1075,cb757fd892c154d7b71489536f3058277afc0fed9816d2c5794e2e50ab5515f4,libemg_contraction_intensity,10,50P,Core,F5_Temporal,0.4340573661412155,0.6071428571428571,0.35714285714285715,0.0,"{""session/domain"": ""recorded condition/domain; not an inferred session ID""}"
feature_bank_force_concat_core_calibration_final_20260915,error_complementarity.csv,1076,054573f1e2dffdf7e2333f3c0d66fbce0db5c393aae78b88c94247c6dbb21f1f,libemg_contraction_intensity,10,50P,Core,F9_Quality,0.3089682853364634,0.3928571428571428,0.25,0.10714285714285714,"{""session/domain"": ""recorded condition/domain; not an inferred session ID""}"
feature_bank_force_concat_core_calibration_final_20260915,error_complementarity.csv,1077,50879014c54b4bcaf167131336b771089b22f64f63b9b7fecea14bdbe3c2207e,libemg_contraction_intensity,10,60P,Core,F3_Ring,-0.16151457061744964,0.9285714285714284,0.5,0.10714285714285714,"{""session/domain"": ""recorded condition/domain; not an inferred session ID""}"
feature_bank_force_concat_core_calibration_final_20260915,error_complementarity.csv,1078,65ac61411b2bf9e4f1e9d7f9871c9f6b1d9968d9005996aea173f000d5a9c11b,libemg_contraction_intensity,10,60P,Core,F4_Spectral,0.6041666666666665,0.4642857142857142,0.17857142857142855,0.03571428571428571,"{""session/domain"": ""recorded condition/domain; not an inferred session ID""}"
feature_bank_force_concat_core_calibration_final_20260915,error_complementarity.csv,1079,0416ae58db62ecaeba09e61c3ea0ca43a811ed0e20b0713de1e2dce0696051fb,libemg_contraction_intensity,10,60P,Core,F5_Temporal,0.40378642654362396,0.6071428571428571,0.39285714285714285,0.0,"{""session/domain"": ""recorded condition/domain; not an inferred session ID""}"
feature_bank_force_concat_core_calibration_final_20260915,error_complementarity.csv,1080,4ac17be6412815f223d570a8df91620e98c309a080c7e1c746c862f590eb4705,libemg_contraction_intensity,10,60P,Core,F9_Quality,0.34426518632954806,0.5357142857142857,0.2857142857142857,0.07142857142857142,"{""session/domain"": ""recorded condition/domain; not an inferred session ID""}"
feature_bank_force_concat_core_calibration_final_20260915,error_complementarity.csv,1081,1a62fdd17c9a3798d53f02d117991d742177fa3612abc213765705e66c9ef012,libemg_contraction_intensity,10,70P,Core,F3_Ring,-0.3823595564509362,0.8928571428571427,0.42857142857142855,0.24999999999999994,"{""session/domain"": ""recorded condition/domain; not an inferred session ID""}"
feature_bank_force_concat_core_calibration_final_20260915,error_complementarity.csv,1082,d2aa2e4166fbf3182b35566a14beeb3e06f77914ae7c700dfbbee65c48355714,libemg_contraction_intensity,10,70P,Core,F4_Spectral,0.577350269189626,0.4642857142857142,0.14285714285714285,0.07142857142857142,"{""session/domain"": ""recorded condition/domain; not an inferred session ID""}"
feature_bank_force_concat_core_calibration_final_20260915,error_complementarity.csv,1083,d63165d60b8635f09ce11519f2d65773b2e19b38b7e8965178c1e8984fcdbe18,libemg_contraction_intensity,10,70P,Core,F5_Temporal,0.31622776601683794,0.5714285714285714,0.2857142857142857,0.07142857142857142,"{""session/domain"": ""recorded condition/domain; not an inferred session ID""}"
feature_bank_force_concat_core_calibration_final_20260915,error_complementarity.csv,1084,caab93e3ae1631410510e0ffc46285214dd7c3d7b6ded56e00467b481b397957,libemg_contraction_intensity,10,70P,Core,F9_Quality,0.5353033790313108,0.3928571428571428,0.21428571428571425,0.03571428571428571,"{""session/domain"": ""recorded condition/domain; not an inferred session ID""}"
feature_bank_force_concat_core_calibration_final_20260915,error_complementarity.csv,1085,e1b76b921ea2e06f7c9cdc36761357b8152db3c9536a9872d8ab806b02898b2c,libemg_contraction_intensity,10,80P,Core,F3_Ring,0.02207553928441741,0.7857142857142856,0.2857142857142857,0.17857142857142855,"{""session/domain"": ""recorded condition/domain; not an inferred session ID""}"
feature_bank_force_concat_core_calibration_final_20260915,error_complementarity.csv,1086,4d1dec4729831678653723b1eafb41510ea942c6b66f27b53f706a2cea067312,libemg_contraction_intensity,10,80P,Core,F4_Spectral,0.5625,0.5357142857142857,0.10714285714285714,0.10714285714285714,"{""session/domain"": ""recorded condition/domain; not an inferred session ID""}"
feature_bank_force_concat_core_calibration_final_20260915,error_complementarity.csv,1087,60fd6b76f488e53e7bb7e26ba249c0a369289c34c449735a3e0d58bc80798f95,libemg_contraction_intensity,10,80P,Core,F5_Temporal,0.09128709291752767,0.6428571428571428,0.2857142857142857,0.14285714285714285,"{""session/domain"": ""recorded condition/domain; not an inferred session ID""}"
feature_bank_force_concat_core_calibration_final_20260915,error_complementarity.csv,1088,b65acbf78e9bdb86ffc30ef5850eb3c14959844c052a30b56e1d878b529cbb61,libemg_contraction_intensity,10,80P,Core,F9_Quality,0.3311330892662609,0.5357142857142857,0.21428571428571427,0.10714285714285714,"{""session/domain"": ""recorded condition/domain; not an inferred session ID""}"
feature_bank_force_concat_core_calibration_final_20260915,error_complementarity.csv,1089,4f327f2b40df96cc5ee09c19f41d37de3f19597d801cc3cf476cb44aabe46865,libemg_contraction_intensity,10,MVC,Core,F3_Ring,-0.41079191812887456,0.9285714285714284,0.4999999999999999,0.21428571428571427,"{""session/domain"": ""recorded condition/domain; not an inferred session ID""}"
feature_bank_force_concat_core_calibration_final_20260915,error_complementarity.csv,1090,466f3d0af0f21a6f753b1780d6b287a5e283c2c2b17ecbd282b16f6b9c3d308c,libemg_contraction_intensity,10,MVC,Core,F4_Spectral,0.45833333333333337,0.4285714285714285,0.21428571428571427,0.07142857142857142,"{""session/domain"": ""recorded condition/domain; not an inferred session ID""}"
feature_bank_force_concat_core_calibration_final_20260915,error_complementarity.csv,1091,f2721ecb766bca06f877c3a0ed5d1079bdd5bcfdca3506a1d4793cf55b94b17c,libemg_contraction_intensity,10,MVC,Core,F5_Temporal,0.45226701686664567,0.3571428571428571,0.3571428571428571,0.0,"{""session/domain"": ""recorded condition/domain; not an inferred session ID""}"
feature_bank_force_concat_core_calibration_final_20260915,error_complementarity.csv,1092,ac4d7b1da6e5a2cf4bbaf20a4f8e117015f3ae3ae6322212e4e9dd3e33421e81,libemg_contraction_intensity,10,MVC,Core,F9_Quality,0.5477225575051662,0.4999999999999999,0.2857142857142857,0.0,"{""session/domain"": ""recorded condition/domain; not an inferred session ID""}"
feature_bank_force_concat_core_calibration_final_20260915,error_complementarity.csv,1093,e26187241c16b24b0593fb34566afc2518fdfdc8fb71c006ebf2c22852c8eebe,libemg_contraction_intensity,10,Light,Core,F3_Ring,0.3243723035407737,0.8214285714285713,0.17857142857142855,0.07142857142857142,"{""session/domain"": ""recorded condition/domain; not an inferred session ID""}"
feature_bank_force_concat_core_calibration_final_20260915,error_complementarity.csv,1094,10971268544a3ef8f18bbc88d49e90b578e5cdb6d472331b777d60f778da5245,libemg_contraction_intensity,10,Light,Core,F4_Spectral,0.5307910421576295,0.7857142857142856,0.14285714285714285,0.03571428571428571,"{""session/domain"": ""recorded condition/domain; not an inferred session ID""}"
feature_bank_force_concat_core_calibration_final_20260915,error_complementarity.csv,1095,f954d081cfc900bd0605e7678644ddbbc69693be4082a1ad3d32b67cb70852fd,libemg_contraction_intensity,10,Light,Core,F5_Temporal,0.6330541649476573,0.6428571428571428,0.10714285714285714,0.03571428571428571,"{""session/domain"": ""recorded condition/domain; not an inferred session ID""}"
feature_bank_force_concat_core_calibration_final_20260915,error_complementarity.csv,1096,544e865def832493f3306e7fbe9f37768dae64f05a06bc5bb3b2ba98631ba4fb,libemg_contraction_intensity,10,Light,Core,F9_Quality,0.6835365551469961,0.4642857142857142,0.03571428571428571,0.10714285714285714,"{""session/domain"": ""recorded condition/domain; not an inferred session ID""}"
feature_bank_force_concat_core_calibration_final_20260915,error_complementarity.csv,1097,10714a447dd1a38dee3b35a152b0bbae51f47e07b335cfb4821c35f5ae26981b,libemg_contraction_intensity,10,Medium,Core,F3_Ring,-0.017213259316477394,0.7857142857142856,0.3214285714285714,0.07142857142857142,"{""session/domain"": ""recorded condition/domain; not an inferred session ID""}"
feature_bank_force_concat_core_calibration_final_20260915,error_complementarity.csv,1098,8139435ecf8ed9b56a655507c32d7e4d85c227033cda09266494e1ddb800db67,libemg_contraction_intensity,10,Medium,Core,F4_Spectral,0.683536555146996,0.5357142857142857,0.10714285714285714,0.03571428571428571,"{""session/domain"": ""recorded condition/domain; not an inferred session ID""}"
feature_bank_force_concat_core_calibration_final_20260915,error_complementarity.csv,1099,c2475424ac566a90970aca61560e757ce45d3b0ec3901d6ec65abde7b77d8333,libemg_contraction_intensity,10,Medium,Core,F5_Temporal,0.7006490497453709,0.5357142857142857,0.14285714285714285,0.0,"{""session/domain"": ""recorded condition/domain; not an inferred session ID""}"
feature_bank_force_concat_core_calibration_final_20260915,error_complementarity.csv,1100,27eafdd721da44cbed69e526dcb5c964b9db0258d80c3ec079882b0a88cf5b2c,libemg_contraction_intensity,10,Medium,Core,F9_Quality,0.3777777777777777,0.3571428571428571,0.14285714285714285,0.14285714285714285,"{""session/domain"": ""recorded condition/domain; not an inferred session ID""}"
feature_bank_force_concat_core_calibration_final_20260915,error_complementarity.csv,1101,6d9a4e0ef4d468c78313f7d99122f015ceafcba94f7c5da8b8c8fc5f1c40d7b3,libemg_contraction_intensity,10,Hard,Core,F3_Ring,-0.3042903097250923,0.857142857142857,0.3571428571428571,0.14285714285714285,"{""session/domain"": ""recorded condition/domain; not an inferred session ID""}"
feature_bank_force_concat_core_calibration_final_20260915,error_complementarity.csv,1102,04a623dbd9950057c2b9987e078c9045a7d823d476590a72162dafe5a6af7efe,libemg_contraction_intensity,10,Hard,Core,F4_Spectral,0.44459061923689996,0.5714285714285714,0.14285714285714285,0.10714285714285714,"{""session/domain"": ""recorded condition/domain; not an inferred session ID""}"
feature_bank_force_concat_core_calibration_final_20260915,error_complementarity.csv,1103,27833cd91fabe79216b4189806da89bfbf91d6ee36758b7d559365de8190fcab,libemg_contraction_intensity,10,Hard,Core,F5_Temporal,0.6024640760767092,0.49999999999999994,0.14285714285714285,0.03571428571428571,"{""session/domain"": ""recorded condition/domain; not an inferred session ID""}"
feature_bank_force_concat_core_calibration_final_20260915,error_complementarity.csv,1104,7013174bc3051fbfac3421e35e277c25bcaa35b81c2f928575f464f41a324d46,libemg_contraction_intensity,10,Hard,Core,F9_Quality,0.4303314829119351,0.3928571428571428,0.17857142857142855,0.07142857142857142,"{""session/domain"": ""recorded condition/domain; not an inferred session ID""}"
feature_bank_force_concat_core_calibration_final_20260915,error_complementarity.csv,1105,030f82e587774c6f5e6b76464ca710664ca5a79f1b491cd435ab5bca390d6db5,libemg_contraction_intensity,10,"{""source_condition"": ""Ramp""}",Core,F3_Ring,-0.03218446282241044,0.8129251700680272,0.346938775510204,0.13265306122448978,"{""session/domain"": ""run manifest evaluation domain""}"
feature_bank_force_concat_core_calibration_final_20260915,error_complementarity.csv,1106,7247b0a332167141b3377b59e342008308cc9313c027d8ce479a865f2bbca2ba,libemg_contraction_intensity,10,"{""source_condition"": ""Ramp""}",Core,F4_Spectral,0.6216985971425962,0.47619047619047616,0.13605442176870747,0.0510204081632653,"{""session/domain"": ""run manifest evaluation domain""}"
feature_bank_force_concat_core_calibration_final_20260915,error_complementarity.csv,1107,c2daf6f6fd93d5e7d69a43f8406a1cb04cebc725ba5d536b2f8f72575c5f355f,libemg_contraction_intensity,10,"{""source_condition"": ""Ramp""}",Core,F5_Temporal,0.40904286707263315,0.5680272108843537,0.25170068027210885,0.044217687074829926,"{""session/domain"": ""run manifest evaluation domain""}"
feature_bank_force_concat_core_calibration_final_20260915,error_complementarity.csv,1108,e410efdae467980caeba66f3d1dae1d7f86ece72b88fe0d82d0dc98f24bb6a6a,libemg_contraction_intensity,10,"{""source_condition"": ""Ramp""}",Core,F9_Quality,0.43533530002267445,0.435374149659864,0.1802721088435374,0.09523809523809523,"{""session/domain"": ""run manifest evaluation domain""}"
feature_bank_force_concat_core_calibration_final_20260915,error_complementarity.csv,1109,fe0caa191337ac2a646771d361546d6997fd6ffcc6a7dcc18f48bcb72cbd1791,libemg_contraction_intensity,10,20P,Core,F3_Ring,0.16151457061744967,0.7499999999999999,0.17857142857142855,0.10714285714285714,"{""session/domain"": ""recorded condition/domain; not an inferred session ID""}"
feature_bank_force_concat_core_calibration_final_20260915,error_complementarity.csv,1110,86a82b05dc99628c8791b6546660c2792d85920473a3bab0429e830f627bd500,libemg_contraction_intensity,10,20P,Core,F4_Spectral,0.4285714285714288,0.4642857142857142,0.10714285714285714,0.10714285714285714,"{""session/domain"": ""recorded condition/domain; not an inferred session ID""}"
feature_bank_force_concat_core_calibration_final_20260915,error_complementarity.csv,1111,4826907f41a522fdc35b3e20a641573ffe8ed3b068c1b9933d31c677cdd06e7b,libemg_contraction_intensity,10,20P,Core,F5_Temporal,0.30151134457776363,0.6785714285714285,0.14285714285714285,0.10714285714285714,"{""session/domain"": ""recorded condition/domain; not an inferred session ID""}"
feature_bank_force_concat_core_calibration_final_20260915,error_complementarity.csv,1112,48c37ab355f469ca4a4297821ebae38a42fc13f97f7cdbd67f894076da79e8f9,libemg_contraction_intensity,10,20P,Core,F9_Quality,0.36514837167011066,0.4642857142857142,0.10714285714285714,0.14285714285714285,"{""session/domain"": ""recorded condition/domain; not an inferred session ID""}"
feature_bank_force_concat_core_calibration_final_20260915,error_complementarity.csv,1113,1b58777d7508b7247050933c5f5aae1495e1bfb29ca5c17496dacc70f75ce303,libemg_contraction_intensity,10,30P,Core,F3_Ring,0.23631633593135135,0.7857142857142856,0.25,0.07142857142857142,"{""session/domain"": ""recorded condition/domain; not an inferred session ID""}"
feature_bank_force_concat_core_calibration_final_20260915,error_complementarity.csv,1114,ef26f7a3f5e77377e4bfb0196b9cff25b54ba78a06ffeac9b5a0bced2f362f2e,libemg_contraction_intensity,10,30P,Core,F4_Spectral,0.4445906192368999,0.5714285714285714,0.14285714285714285,0.10714285714285714,"{""session/domain"": ""recorded condition/domain; not an inferred session ID""}"
feature_bank_force_concat_core_calibration_final_20260915,error_complementarity.csv,1115,24c664dc3663fc62f252296c1f5100226e5c95b97648a3486d1c093aef7ffd03,libemg_contraction_intensity,10,30P,Core,F5_Temporal,0.3373495424699932,0.49999999999999994,0.21428571428571427,0.07142857142857142,"{""session/domain"": ""recorded condition/domain; not an inferred session ID""}"
feature_bank_force_concat_core_calibration_final_20260915,error_complementarity.csv,1116,871813d81994a4e5e62b6ccf56b7903438500e1310a5dc44d19b84229f9c0a55,libemg_contraction_intensity,10,30P,Core,F9_Quality,0.22222222222222215,0.46428571428571425,0.17857142857142855,0.17857142857142855,"{""session/domain"": ""recorded condition/domain; not an inferred session ID""}"
feature_bank_force_concat_core_calibration_final_20260915,error_complementarity.csv,1117,541bc226fcdf5d36bf0efbf78415c3d24138a7b48330cdade9a9a209918363ae,libemg_contraction_intensity,10,40P,Core,F3_Ring,-0.07647191129018724,0.857142857142857,0.3571428571428571,0.17857142857142855,"{""session/domain"": ""recorded condition/domain; not an inferred session ID""}"
feature_bank_force_concat_core_calibration_final_20260915,error_complementarity.csv,1118,89afd5765de5d81ab03b67d76592a675b5bbca1559d781993f389c447d503162,libemg_contraction_intensity,10,40P,Core,F4_Spectral,0.8043996665398441,0.3571428571428571,0.10714285714285714,0.0,"{""session/domain"": ""recorded condition/domain; not an inferred session ID""}"
feature_bank_force_concat_core_calibration_final_20260915,error_complementarity.csv,1119,57963e85915e5f7cc6f9ce449cc45414f5cef2991601d76eec9b9fc931575a96,libemg_contraction_intensity,10,40P,Core,F5_Temporal,0.5773502691896257,0.42857142857142855,0.25,0.0,"{""session/domain"": ""recorded condition/domain; not an inferred session ID""}"
feature_bank_force_concat_core_calibration_final_20260915,error_complementarity.csv,1120,d502364124dc17fe5e6de3b7cc16e73b3bb99483fa30bda946d48b38c1040628,libemg_contraction_intensity,10,40P,Core,F9_Quality,0.5118906968889916,0.4999999999999999,0.17857142857142855,0.07142857142857142,"{""session/domain"": ""recorded condition/domain; not an inferred session ID""}"
feature_bank_force_concat_core_calibration_final_20260915,error_complementarity.csv,1121,9c8beca14ec2964394e36cdc8e1c95c08ccb22d87384a2b6b7c8d2f1c1ade8c8,libemg_contraction_intensity,10,50P,Core,F3_Ring,0.02691909510290825,0.8214285714285713,0.4642857142857143,0.07142857142857142,"{""session/domain"": ""recorded condition/domain; not an inferred session ID""}"
feature_bank_force_concat_core_calibration_final_20260915,error_complementarity.csv,1122,3a904409e0f07cb75ef3e8c12f8d82b2a7f58d2bc94a4473b496d66d9310028f,libemg_contraction_intensity,10,50P,Core,F4_Spectral,0.8062257748298547,0.17857142857142855,0.10714285714285714,0.0,"{""session/domain"": ""recorded condition/domain; not an inferred session ID""}"
feature_bank_force_concat_core_calibration_final_20260915,error_complementarity.csv,1123,3d07e8cd0a2917233c87780ee9ef24fd1aa85c24e446ad04e26d64e11f3d3da8,libemg_contraction_intensity,10,50P,Core,F5_Temporal,0.40378642654362396,0.6071428571428571,0.39285714285714285,0.0,"{""session/domain"": ""recorded condition/domain; not an inferred session ID""}"
feature_bank_force_concat_core_calibration_final_20260915,error_complementarity.csv,1124,54d5ae92339ff17c26161faec00e4bf2f2e4e90fb3bae7a1e365ced135dad90f,libemg_contraction_intensity,10,50P,Core,F9_Quality,0.31249999999999994,0.3928571428571428,0.25,0.10714285714285714,"{""session/domain"": ""recorded condition/domain; not an inferred session ID""}"
feature_bank_force_concat_core_calibration_final_20260915,error_complementarity.csv,1125,47aae5984295b875243df80b231d6625f55970cc59441c5cf54758909079b18d,libemg_contraction_intensity,10,60P,Core,F3_Ring,-0.11456837051138256,0.857142857142857,0.5,0.10714285714285714,"{""session/domain"": ""recorded condition/domain; not an inferred session ID""}"
feature_bank_force_concat_core_calibration_final_20260915,error_complementarity.csv,1126,a2bc836d3787ffb23d4e125c644c55d2a459cd764b774e3623154b7eb2db775b,libemg_contraction_intensity,10,60P,Core,F4_Spectral,0.6966305460192361,0.4285714285714285,0.17857142857142855,0.0,"{""session/domain"": ""recorded condition/domain; not an inferred session ID""}"
feature_bank_force_concat_core_calibration_final_20260915,error_complementarity.csv,1127,2f9645f780b34993e5704103090d670df22d9dea8379d5dd89418d20cdd06b32,libemg_contraction_intensity,10,60P,Core,F5_Temporal,0.3750532783976547,0.6071428571428571,0.42857142857142855,0.0,"{""session/domain"": ""recorded condition/domain; not an inferred session ID""}"
feature_bank_force_concat_core_calibration_final_20260915,error_complementarity.csv,1128,dd003b73291269d642ba5a6e62e8f3965f4fd96edbd64398c2c7a790a0f17698,libemg_contraction_intensity,10,60P,Core,F9_Quality,0.4555973021063105,0.4285714285714285,0.21428571428571425,0.07142857142857142,"{""session/domain"": ""recorded condition/domain; not an inferred session ID""}"
feature_bank_force_concat_core_calibration_final_20260915,error_complementarity.csv,1129,19d6a9644df385db2fd92c1502a6f660b3c0bb475da29772fff8094e0de374da,libemg_contraction_intensity,10,70P,Core,F3_Ring,-0.4326251176569042,0.857142857142857,0.4642857142857143,0.24999999999999994,"{""session/domain"": ""recorded condition/domain; not an inferred session ID""}"
feature_bank_force_concat_core_calibration_final_20260915,error_complementarity.csv,1130,3586f2f82bdc1dd286febb6aeb621be78b9b814e9566185ca7ede2fcb549f676,libemg_contraction_intensity,10,70P,Core,F4_Spectral,0.6615185844757783,0.4285714285714285,0.14285714285714285,0.03571428571428571,"{""session/domain"": ""recorded condition/domain; not an inferred session ID""}"
feature_bank_force_concat_core_calibration_final_20260915,error_complementarity.csv,1131,a4d760dde26d2778300a726074225d5b6d2c495216e17c7ae16e01df45821bb4,libemg_contraction_intensity,10,70P,Core,F5_Temporal,0.43026527297494627,0.5714285714285714,0.2857142857142857,0.03571428571428571,"{""session/domain"": ""recorded condition/domain; not an inferred session ID""}"
feature_bank_force_concat_core_calibration_final_20260915,error_complementarity.csv,1132,5bd60cdd344efe78db9cf1c2611eb998d90af4d8d60d0b6822ad743ad8ea3988,libemg_contraction_intensity,10,70P,Core,F9_Quality,0.48738779077803124,0.4285714285714285,0.25,0.03571428571428571,"{""session/domain"": ""recorded condition/domain; not an inferred session ID""}"
feature_bank_force_concat_core_calibration_final_20260915,error_complementarity.csv,1133,b5b2e69109fe7643b6c554731db80bda442c8ff7579ba578f765dff64fafb2ac,libemg_contraction_intensity,10,80P,Core,F3_Ring,-0.027381336560563546,0.7857142857142856,0.3214285714285714,0.17857142857142855,"{""session/domain"": ""recorded condition/domain; not an inferred session ID""}"
feature_bank_force_concat_core_calibration_final_20260915,error_complementarity.csv,1134,fe43aeedeb8acb2a459af6f92fac11964f4282c6fe607acf06fa1188a2525ff0,libemg_contraction_intensity,10,80P,Core,F4_Spectral,0.6408461287109102,0.4999999999999999,0.10714285714285714,0.07142857142857142,"{""session/domain"": ""recorded condition/domain; not an inferred session ID""}"
feature_bank_force_concat_core_calibration_final_20260915,error_complementarity.csv,1135,505a76f627d97036dbf6aebeedf3ff830d9813640267c7c665c198f4ce812dfb,libemg_contraction_intensity,10,80P,Core,F5_Temporal,0.04529108136578381,0.6785714285714285,0.3214285714285714,0.14285714285714285,"{""session/domain"": ""recorded condition/domain; not an inferred session ID""}"
feature_bank_force_concat_core_calibration_final_20260915,error_complementarity.csv,1136,18449617a981d3f03df70d2b499d67d706d6b1e94b064ea58da8fe6404420816,libemg_contraction_intensity,10,80P,Core,F9_Quality,0.43262511765690415,0.42857142857142855,0.21428571428571427,0.07142857142857142,"{""session/domain"": ""recorded condition/domain; not an inferred session ID""}"
feature_bank_force_concat_core_calibration_final_20260915,error_complementarity.csv,1137,a915dbe0dd8ac7cffd0584bb6a66df0d92bfbd8989642ffef155b13bcb5ff6b3,libemg_contraction_intensity,10,MVC,Core,F3_Ring,-0.41079191812887456,0.9285714285714284,0.4999999999999999,0.21428571428571427,"{""session/domain"": ""recorded condition/domain; not an inferred session ID""}"
feature_bank_force_concat_core_calibration_final_20260915,error_complementarity.csv,1138,2fce0777e4986f9ebbb5a521cd1919096219044e78c3152ce84100c33bf916b3,libemg_contraction_intensity,10,MVC,Core,F4_Spectral,0.45833333333333337,0.4285714285714285,0.21428571428571427,0.07142857142857142,"{""session/domain"": ""recorded condition/domain; not an inferred session ID""}"
feature_bank_force_concat_core_calibration_final_20260915,error_complementarity.csv,1139,ab652ae574b70e60c79166be70a8f4f9ada5a36389370cbd691d5bf9a49a1c29,libemg_contraction_intensity,10,MVC,Core,F5_Temporal,0.45226701686664567,0.3571428571428571,0.3571428571428571,0.0,"{""session/domain"": ""recorded condition/domain; not an inferred session ID""}"
feature_bank_force_concat_core_calibration_final_20260915,error_complementarity.csv,1140,d74cd8b4d709ada7ce91ad6bae64354e7226134ff315fe35c67273cfe5083c64,libemg_contraction_intensity,10,MVC,Core,F9_Quality,0.5477225575051662,0.4999999999999999,0.2857142857142857,0.0,"{""session/domain"": ""recorded condition/domain; not an inferred session ID""}"
feature_bank_force_concat_core_calibration_final_20260915,error_complementarity.csv,1141,66f65dcaafbedbf6d0937f31cc75e8c3159f1a3f246f181d55822bef145488c4,libemg_contraction_intensity,10,Light,Core,F3_Ring,0.27811065739636265,0.7857142857142856,0.21428571428571427,0.07142857142857142,"{""session/domain"": ""recorded condition/domain; not an inferred session ID""}"
feature_bank_force_concat_core_calibration_final_20260915,error_complementarity.csv,1142,ddd722948f8650095be33dcd79038fa75a680f80026655439c21c45d6cb1743d,libemg_contraction_intensity,10,Light,Core,F4_Spectral,0.47777984732195633,0.7857142857142856,0.17857142857142855,0.03571428571428571,"{""session/domain"": ""recorded condition/domain; not an inferred session ID""}"
feature_bank_force_concat_core_calibration_final_20260915,error_complementarity.csv,1143,f072039d4f2f28ac35a0ef5f3351f8cf00dd2fd2f1d01375bd21a240ee2b0f2b,libemg_contraction_intensity,10,Light,Core,F5_Temporal,0.5724181957454579,0.6785714285714285,0.14285714285714285,0.03571428571428571,"{""session/domain"": ""recorded condition/domain; not an inferred session ID""}"
feature_bank_force_concat_core_calibration_final_20260915,error_complementarity.csv,1144,bea85a1385af51306c850dd5e71bdf7eed719437dff95016bfef89ba366d4113,libemg_contraction_intensity,10,Light,Core,F9_Quality,0.5087719298245612,0.49999999999999994,0.10714285714285714,0.10714285714285714,"{""session/domain"": ""recorded condition/domain; not an inferred session ID""}"
feature_bank_force_concat_core_calibration_final_20260915,error_complementarity.csv,1145,724bf687df8afcbae6eaed37f8a48493e015b8c85844036c218b036fdf70358e,libemg_contraction_intensity,10,Medium,Core,F3_Ring,-0.017213259316477394,0.7499999999999999,0.3214285714285714,0.07142857142857142,"{""session/domain"": ""recorded condition/domain; not an inferred session ID""}"
feature_bank_force_concat_core_calibration_final_20260915,error_complementarity.csv,1146,51b7c71ff6335f0f647915c10d214bc756c0ce427255753c3e51c840617a28cb,libemg_contraction_intensity,10,Medium,Core,F4_Spectral,0.683536555146996,0.49999999999999994,0.10714285714285714,0.03571428571428571,"{""session/domain"": ""recorded condition/domain; not an inferred session ID""}"
feature_bank_force_concat_core_calibration_final_20260915,error_complementarity.csv,1147,3a7d0afea9837f07fd317da1d03d4a8d3caa91c836299bad56980f38f09580cd,libemg_contraction_intensity,10,Medium,Core,F5_Temporal,0.6024640760767092,0.5357142857142857,0.14285714285714285,0.03571428571428571,"{""session/domain"": ""recorded condition/domain; not an inferred session ID""}"
feature_bank_force_concat_core_calibration_final_20260915,error_complementarity.csv,1148,61514c6970bab06f6e6ecae41f14acccc6128270be29d490953d0f32505f3178,libemg_contraction_intensity,10,Medium,Core,F9_Quality,0.5594309277855156,0.3214285714285714,0.07142857142857142,0.14285714285714285,"{""session/domain"": ""recorded condition/domain; not an inferred session ID""}"
feature_bank_force_concat_core_calibration_final_20260915,error_complementarity.csv,1149,6ca986864a106797e3e4189da545635fa04139d6c7e03e8868ebcc70e33681fb,libemg_contraction_intensity,10,Hard,Core,F3_Ring,-0.20759971844307276,0.8214285714285713,0.3214285714285714,0.17857142857142855,"{""session/domain"": ""recorded condition/domain; not an inferred session ID""}"
feature_bank_force_concat_core_calibration_final_20260915,error_complementarity.csv,1150,2ef649321a4204160e246dbb9c269e82f8e86e896b1f489d1005a4615df85c7e,libemg_contraction_intensity,10,Hard,Core,F4_Spectral,0.44459061923689996,0.5714285714285714,0.14285714285714285,0.10714285714285714,"{""session/domain"": ""recorded condition/domain; not an inferred session ID""}"
feature_bank_force_concat_core_calibration_final_20260915,error_complementarity.csv,1151,95c4ed78618d2b1fc06c7268207ca826ad2d485b1b9bd971eccff16ca194e320,libemg_contraction_intensity,10,Hard,Core,F5_Temporal,0.6024640760767092,0.49999999999999994,0.14285714285714285,0.03571428571428571,"{""session/domain"": ""recorded condition/domain; not an inferred session ID""}"
feature_bank_force_concat_core_calibration_final_20260915,error_complementarity.csv,1152,67924a7e3afb611fa2943b9c897747bddc3a84d1eb4d8ca1c443e7d048745c5c,libemg_contraction_intensity,10,Hard,Core,F9_Quality,0.4303314829119351,0.3928571428571428,0.17857142857142855,0.07142857142857142,"{""session/domain"": ""recorded condition/domain; not an inferred session ID""}"
feature_bank_force_concat_core_validation_20260915,error_complementarity.csv,1153,6d5e967ac92dcbb39201ffa25de0cfed54f601a2960f9c3c984d9c181afc3af1,libemg_contraction_intensity,7,"{""source_condition"": ""Ramp""}",Core,F3_Ring,0.3785646739173576,0.5476190476190477,0.2312925170068027,0.08843537414965985,"{""session/domain"": ""run manifest evaluation domain""}"
feature_bank_force_concat_core_validation_20260915,error_complementarity.csv,1154,51db91797043d855c8b0f703c46fb270e87125eb3c802d9aed6ac14e6c7ef805,libemg_contraction_intensity,7,"{""source_condition"": ""Ramp""}",Core,F4_Spectral,0.5108455128010676,0.4727891156462585,0.10544217687074829,0.13945578231292516,"{""session/domain"": ""run manifest evaluation domain""}"
feature_bank_force_concat_core_validation_20260915,error_complementarity.csv,1155,a8f08a97838aa8b2c59a734cb3a2444526e3373fea1875bdec0a48ef07d884dd,libemg_contraction_intensity,7,"{""source_condition"": ""Ramp""}",Core,F5_Temporal,0.5980581474171286,0.46258503401360546,0.13605442176870747,0.06802721088435373,"{""session/domain"": ""run manifest evaluation domain""}"
feature_bank_force_concat_core_validation_20260915,error_complementarity.csv,1156,b4311d8f7a42ed1989547d6bb3e232a50caca884b067a4c540a0d9b360b31141,libemg_contraction_intensity,7,"{""source_condition"": ""Ramp""}",Core,F9_Quality,0.5318459472016257,0.44217687074829926,0.19047619047619047,0.05442176870748299,"{""session/domain"": ""run manifest evaluation domain""}"
feature_bank_force_concat_core_validation_20260915,error_complementarity.csv,1157,f24f90c231aa2b27c26f1aec1a8bc7cdf92365af9e93e80db514ad77af709291,libemg_contraction_intensity,7,20P,Core,F3_Ring,0.5330017908890261,0.6785714285714285,0.03571428571428571,0.10714285714285714,"{""session/domain"": ""recorded condition/domain; not an inferred session ID""}"
feature_bank_force_concat_core_validation_20260915,error_complementarity.csv,1158,89880553189ab0ef478f3939ec9a04669ad7a879e95bbcd148986f1573494d4a,libemg_contraction_intensity,7,20P,Core,F4_Spectral,-0.11941628680530646,0.7857142857142856,0.10714285714285714,0.35714285714285715,"{""session/domain"": ""recorded condition/domain; not an inferred session ID""}"
feature_bank_force_concat_core_validation_20260915,error_complementarity.csv,1159,48a6db583254c9fd70e11901391288c3f9f0f9b85b8d3e9ca42a886fadb067b1,libemg_contraction_intensity,7,20P,Core,F5_Temporal,0.7817359599705717,0.3928571428571428,0.0,0.07142857142857142,"{""session/domain"": ""recorded condition/domain; not an inferred session ID""}"
feature_bank_force_concat_core_validation_20260915,error_complementarity.csv,1160,db3180594e40fbd9285fddfa6c68a5b38754757b09e69c77a49850b2db3956df,libemg_contraction_intensity,7,20P,Core,F9_Quality,0.8755950357709131,0.3928571428571428,0.0,0.03571428571428571,"{""session/domain"": ""recorded condition/domain; not an inferred session ID""}"
feature_bank_force_concat_core_validation_20260915,error_complementarity.csv,1161,d13fc7a6209a8b9c97dca3b47429daf73c3fcbad764bc6c00ae62bb71718f4f9,libemg_contraction_intensity,7,30P,Core,F3_Ring,0.48566186425718266,0.5714285714285714,0.07142857142857142,0.14285714285714285,"{""session/domain"": ""recorded condition/domain; not an inferred session ID""}"
feature_bank_force_concat_core_validation_20260915,error_complementarity.csv,1162,0710cadc2775baa1e44319e962fea0719bf40db8eb80eaa287f80af6077d5052,libemg_contraction_intensity,7,30P,Core,F4_Spectral,0.33333333333333326,0.6428571428571428,0.03571428571428571,0.3571428571428571,"{""session/domain"": ""recorded condition/domain; not an inferred session ID""}"
feature_bank_force_concat_core_validation_20260915,error_complementarity.csv,1163,40ba0f3f382a64e70174fc4602d043143c1b61b73e51b4fb5623370339f18835,libemg_contraction_intensity,7,30P,Core,F5_Temporal,0.6024640760767092,0.46428571428571425,0.03571428571428571,0.14285714285714285,"{""session/domain"": ""recorded condition/domain; not an inferred session ID""}"
feature_bank_force_concat_core_validation_20260915,error_complementarity.csv,1164,f1bf75ebff272c11f5ce1d8f43bf6881b66817d001607b9b15fb0655364305e6,libemg_contraction_intensity,7,30P,Core,F9_Quality,0.3333333333333333,0.5714285714285714,0.07142857142857142,0.25,"{""session/domain"": ""recorded condition/domain; not an inferred session ID""}"
feature_bank_force_concat_core_validation_20260915,error_complementarity.csv,1165,b3a0cc09262cecbf5cc71471d14d1ca85487e030575eb7d58d36396ec2cd3684,libemg_contraction_intensity,7,40P,Core,F3_Ring,0.5168113941217017,0.4285714285714285,0.17857142857142855,0.07142857142857142,"{""session/domain"": ""recorded condition/domain; not an inferred session ID""}"
feature_bank_force_concat_core_validation_20260915,error_complementarity.csv,1166,a7434775c3eedecbcea43affee7be7c55a8482a941e3947bc2393c9c217f35eb,libemg_contraction_intensity,7,40P,Core,F4_Spectral,0.49613893835683387,0.4285714285714285,0.14285714285714285,0.10714285714285714,"{""session/domain"": ""recorded condition/domain; not an inferred session ID""}"
feature_bank_force_concat_core_validation_20260915,error_complementarity.csv,1167,959560ab6331811a3cfc83112e3e920cb9cee2e54eb18f204f50227f0fac9c59,libemg_contraction_intensity,7,40P,Core,F5_Temporal,0.22739701341354873,0.6428571428571428,0.25,0.14285714285714285,"{""session/domain"": ""recorded condition/domain; not an inferred session ID""}"
feature_bank_force_concat_core_validation_20260915,error_complementarity.csv,1168,865d332c7508ec1d53e0b49f8e34dc23151034c9f831366605a20f29633e7216,libemg_contraction_intensity,7,40P,Core,F9_Quality,0.37210420376762526,0.46428571428571425,0.21428571428571427,0.10714285714285714,"{""session/domain"": ""recorded condition/domain; not an inferred session ID""}"
feature_bank_force_concat_core_validation_20260915,error_complementarity.csv,1169,6b8c8e955f7b9b30f550b16be8432ec0902122250b491c60c1f41592325b6406,libemg_contraction_intensity,7,50P,Core,F3_Ring,0.512989176042577,0.5714285714285714,0.3214285714285714,0.0,"{""session/domain"": ""recorded condition/domain; not an inferred session ID""}"
feature_bank_force_concat_core_validation_20260915,error_complementarity.csv,1170,0bc61453c73d32dfe77c43750922a94119af09bf81031d5c64c6d9666944a383,libemg_contraction_intensity,7,50P,Core,F4_Spectral,0.6511878254740209,0.4285714285714285,0.14285714285714285,0.03571428571428571,"{""session/domain"": ""recorded condition/domain; not an inferred session ID""}"
feature_bank_force_concat_core_validation_20260915,error_complementarity.csv,1171,1fc886986642da37821684d6348c9a89fa246748c48fd2fa7fd5b000a9d18ac5,libemg_contraction_intensity,7,50P,Core,F5_Temporal,0.39498277938588156,0.5357142857142856,0.25,0.07142857142857142,"{""session/domain"": ""recorded condition/domain; not an inferred session ID""}"
feature_bank_force_concat_core_validation_20260915,error_complementarity.csv,1172,589f8a5669a98d0a3fc5150ad63e077261d97f50bdbf05623d97adee08ec9195,libemg_contraction_intensity,7,50P,Core,F9_Quality,0.44694779244794786,0.3571428571428571,0.2857142857142857,0.03571428571428571,"{""session/domain"": ""recorded condition/domain; not an inferred session ID""}"
feature_bank_force_concat_core_validation_20260915,error_complementarity.csv,1173,3c73a68771e1ed08aa1a98548833ede53e9b202b4624bbe9d0264b08bf166406,libemg_contraction_intensity,7,60P,Core,F3_Ring,0.3879701448994927,0.3928571428571428,0.3214285714285714,0.03571428571428571,"{""session/domain"": ""recorded condition/domain; not an inferred session ID""}"
feature_bank_force_concat_core_validation_20260915,error_complementarity.csv,1174,c877ccf9da37b4da3d03b93a3e5a4252b27ee1da0ecdb114f8e6ff05bc086beb,libemg_contraction_intensity,7,60P,Core,F4_Spectral,0.848528137423857,0.24999999999999994,0.07142857142857142,0.0,"{""session/domain"": ""recorded condition/domain; not an inferred session ID""}"
feature_bank_force_concat_core_validation_20260915,error_complementarity.csv,1175,63323d658019591abe228ff1001c27165ad7ede4fb96725cbab81b32a91a02aa,libemg_contraction_intensity,7,60P,Core,F5_Temporal,0.6793662204867575,0.3928571428571428,0.17857142857142855,0.0,"{""session/domain"": ""recorded condition/domain; not an inferred session ID""}"
feature_bank_force_concat_core_validation_20260915,error_complementarity.csv,1176,affeb3f336f6c7fd80955cfd7abafceaac20fdde9748cb80c56b1f0c8f8aee9a,libemg_contraction_intensity,7,60P,Core,F9_Quality,0.4714045207910317,0.3928571428571428,0.3571428571428571,0.0,"{""session/domain"": ""recorded condition/domain; not an inferred session ID""}"
feature_bank_force_concat_core_validation_20260915,error_complementarity.csv,1177,18cf4764981bf13587dee86f0dc6ac1f9742b3a2036a7d82610a15133e84b7cb,libemg_contraction_intensity,7,70P,Core,F3_Ring,0.1132277034144596,0.4999999999999999,0.3571428571428571,0.10714285714285714,"{""session/domain"": ""recorded condition/domain; not an inferred session ID""}"
feature_bank_force_concat_core_validation_20260915,error_complementarity.csv,1178,5bd8cf6efc403a900f5d3051292d727381cb7021127e892af2adccecd10a2306,libemg_contraction_intensity,7,70P,Core,F4_Spectral,0.65,0.24999999999999994,0.07142857142857142,0.07142857142857142,"{""session/domain"": ""recorded condition/domain; not an inferred session ID""}"
feature_bank_force_concat_core_validation_20260915,error_complementarity.csv,1179,501c046ab4960fd626994ee3af1da1e544bd971cad79661ff9ae7535e2950d36,libemg_contraction_intensity,7,70P,Core,F5_Temporal,0.570544330734548,0.4285714285714285,0.17857142857142855,0.03571428571428571,"{""session/domain"": ""recorded condition/domain; not an inferred session ID""}"
feature_bank_force_concat_core_validation_20260915,error_complementarity.csv,1180,d25a97cbe289e8aefbf17ea290e433e952169dd757152f0bc7d470d44e8858fa,libemg_contraction_intensity,7,70P,Core,F9_Quality,0.4714045207910317,0.4999999999999999,0.3571428571428571,0.0,"{""session/domain"": ""recorded condition/domain; not an inferred session ID""}"
feature_bank_force_concat_core_validation_20260915,error_complementarity.csv,1181,b585036f888c2614f94b72c5c1da8015d0e6cbfc6356c9a9eaa4208d72dcec1d,libemg_contraction_intensity,7,80P,Core,F3_Ring,0.09673016668133488,0.7142857142857142,0.46428571428571425,0.07142857142857142,"{""session/domain"": ""recorded condition/domain; not an inferred session ID""}"
feature_bank_force_concat_core_validation_20260915,error_complementarity.csv,1182,dd434ec3b2b11ebc7dfd3131ddb1a021e6fd8bd02c637b0cb1405a36ca26ea90,libemg_contraction_intensity,7,80P,Core,F4_Spectral,0.9189365834726816,0.24999999999999994,0.03571428571428571,0.0,"{""session/domain"": ""recorded condition/domain; not an inferred session ID""}"
feature_bank_force_concat_core_validation_20260915,error_complementarity.csv,1183,815238ed83ccb0b322f8a476026119f096ca9e4032ab5e5cf04bc3db70798b7e,libemg_contraction_intensity,7,80P,Core,F5_Temporal,0.570544330734548,0.4285714285714285,0.17857142857142855,0.03571428571428571,"{""session/domain"": ""recorded condition/domain; not an inferred session ID""}"
feature_bank_force_concat_core_validation_20260915,error_complementarity.csv,1184,3cf280f0fbedad85c696ca773732e1aa1ae20ace122f82dc1d4f0e910be266ef,libemg_contraction_intensity,7,80P,Core,F9_Quality,0.4714045207910317,0.6071428571428571,0.3571428571428571,0.0,"{""session/domain"": ""recorded condition/domain; not an inferred session ID""}"
feature_bank_force_concat_core_validation_20260915,error_complementarity.csv,1185,d913176982017d942105fdd08c4b4d5b73a54906dd26e969afcd5ca7ff2a630c,libemg_contraction_intensity,7,MVC,Core,F3_Ring,0.0,0.7142857142857142,0.2857142857142857,0.21428571428571427,"{""session/domain"": ""recorded condition/domain; not an inferred session ID""}"
feature_bank_force_concat_core_validation_20260915,error_complementarity.csv,1186,cbdd1aff3391a94b5634a1cc35f241cd86e05be08188b766ad3d8da767414f0b,libemg_contraction_intensity,7,MVC,Core,F4_Spectral,0.5773502691896258,0.4285714285714285,0.14285714285714285,0.07142857142857142,"{""session/domain"": ""recorded condition/domain; not an inferred session ID""}"
feature_bank_force_concat_core_validation_20260915,error_complementarity.csv,1187,d6caea88ef885b7c191f6f5b7fb314b1fa98208f0c127eaa96ac409d37e19f4d,libemg_contraction_intensity,7,MVC,Core,F5_Temporal,0.5773502691896258,0.4285714285714285,0.14285714285714285,0.07142857142857142,"{""session/domain"": ""recorded condition/domain; not an inferred session ID""}"
feature_bank_force_concat_core_validation_20260915,error_complementarity.csv,1188,62f0aad393bf48f64d2c131ede09f0e970d0361a712406387616c21e9f208cfe,libemg_contraction_intensity,7,MVC,Core,F9_Quality,0.5477225575051662,0.5714285714285713,0.2857142857142857,0.0,"{""session/domain"": ""recorded condition/domain; not an inferred session ID""}"
feature_bank_force_concat_core_validation_20260915,error_complementarity.csv,1189,0d6d89e67e29b698e8cc5d898d61862091f8d77c071525eee2257b30e56edfc5,libemg_contraction_intensity,7,Light,Core,F3_Ring,0.3426241444320965,0.5357142857142857,0.07142857142857142,0.10714285714285714,"{""session/domain"": ""recorded condition/domain; not an inferred session ID""}"
feature_bank_force_concat_core_validation_20260915,error_complementarity.csv,1190,3600d75081f3a759b56d2183686378aac4d498a874a3a534e714e7cf5a93f43b,libemg_contraction_intensity,7,Light,Core,F4_Spectral,-0.1754116038614058,0.857142857142857,0.10714285714285714,0.4285714285714285,"{""session/domain"": ""recorded condition/domain; not an inferred session ID""}"
feature_bank_force_concat_core_validation_20260915,error_complementarity.csv,1191,aba7355aa6929a350e91f7d123a470f14a42cd1de70d303e20497ee3bb1443a7,libemg_contraction_intensity,7,Light,Core,F5_Temporal,0.7071067811865476,0.3571428571428571,0.0,0.10714285714285714,"{""session/domain"": ""recorded condition/domain; not an inferred session ID""}"
feature_bank_force_concat_core_validation_20260915,error_complementarity.csv,1192,05009fbc1cdab0fa0e60377e29857feef559638f8d4fb4cd6199378dd052e262,libemg_contraction_intensity,7,Light,Core,F9_Quality,0.5330017908890261,0.4642857142857142,0.03571428571428571,0.10714285714285714,"{""session/domain"": ""recorded condition/domain; not an inferred session ID""}"
feature_bank_force_concat_core_validation_20260915,error_complementarity.csv,1193,31016c09bbbf37823c10fbca85aa85a0ef9ae8fca3dd6bed1e83cc7116997de2,libemg_contraction_intensity,7,Medium,Core,F3_Ring,0.7174348320524658,0.39285714285714285,0.10714285714285714,0.03571428571428571,"{""session/domain"": ""recorded condition/domain; not an inferred session ID""}"
feature_bank_force_concat_core_validation_20260915,error_complementarity.csv,1194,aa6bd3459eea2716825c89d740edfe49270342fca8d5da0f39f5d73a21ddee4b,libemg_contraction_intensity,7,Medium,Core,F4_Spectral,0.5708058152826189,0.4999999999999999,0.14285714285714285,0.07142857142857142,"{""session/domain"": ""recorded condition/domain; not an inferred session ID""}"
feature_bank_force_concat_core_validation_20260915,error_complementarity.csv,1195,79e88b896a80ef8a021a59ac579528fd473a06fcdaf8fb2c05e5ad00c540fdfa,libemg_contraction_intensity,7,Medium,Core,F5_Temporal,0.7855533190649866,0.5714285714285713,0.07142857142857142,0.03571428571428571,"{""session/domain"": ""recorded condition/domain; not an inferred session ID""}"
feature_bank_force_concat_core_validation_20260915,error_complementarity.csv,1196,f99e1986821139615de02915d60be066a235dd0397a6cd95e77c064ebda035ed,libemg_contraction_intensity,7,Medium,Core,F9_Quality,0.9309493362512627,0.2857142857142857,0.0,0.03571428571428571,"{""session/domain"": ""recorded condition/domain; not an inferred session ID""}"
feature_bank_force_concat_core_validation_20260915,error_complementarity.csv,1197,2caf7eba5f499f62e1b069844edc6ae79ecda6980b1fa1f438796b3eaa42ef91,libemg_contraction_intensity,7,Hard,Core,F3_Ring,0.027381336560563577,0.6071428571428571,0.3571428571428571,0.14285714285714285,"{""session/domain"": ""recorded condition/domain; not an inferred session ID""}"
feature_bank_force_concat_core_validation_20260915,error_complementarity.csv,1198,d9017dbe3f9a247df29f514769da740b5b672c4a0de3b43119ab1e89e89ccd28,libemg_contraction_intensity,7,Hard,Core,F4_Spectral,0.6882472016116853,0.3571428571428571,0.17857142857142855,0.0,"{""session/domain"": ""recorded condition/domain; not an inferred session ID""}"
feature_bank_force_concat_core_validation_20260915,error_complementarity.csv,1199,4449aefc25f4ea0f74de6b60e09405c9d8866791250ccf5a1333ad5e67b35993,libemg_contraction_intensity,7,Hard,Core,F5_Temporal,0.5353033790313109,0.4285714285714285,0.21428571428571425,0.03571428571428571,"{""session/domain"": ""recorded condition/domain; not an inferred session ID""}"
feature_bank_force_concat_core_validation_20260915,error_complementarity.csv,1200,43b292141db8dc5f2d0e56594dbb6a4c90fe39fc614b3b7e947d79a4cdf1f600,libemg_contraction_intensity,7,Hard,Core,F9_Quality,0.6882472016116854,0.3214285714285714,0.17857142857142855,0.0,"{""session/domain"": ""recorded condition/domain; not an inferred session ID""}"
feature_bank_force_concat_core_validation_20260915,error_complementarity.csv,1201,15222e9139ca70360e62e0dddb7ac03d1e73cfeb9d401b668b4791528927918f,libemg_contraction_intensity,8,"{""source_condition"": ""Ramp""}",Core,F3_Ring,0.22381254620263832,0.7346938775510203,0.43537414965986393,0.044217687074829926,"{""session/domain"": ""run manifest evaluation domain""}"
feature_bank_force_concat_core_validation_20260915,error_complementarity.csv,1202,68da85a245d2c90afa99856e1c6a2e5c83a7c4944f045f921e55e514e394dc77,libemg_contraction_intensity,8,"{""source_condition"": ""Ramp""}",Core,F4_Spectral,0.6054645867779279,0.21768707482993196,0.06122448979591836,0.11224489795918367,"{""session/domain"": ""run manifest evaluation domain""}"
feature_bank_force_concat_core_validation_20260915,error_complementarity.csv,1203,4e5d8593157a8911c732c26bbf84dc9ec2bb0e35f3ca1b6433f976baa83fdd05,libemg_contraction_intensity,8,"{""source_condition"": ""Ramp""}",Core,F5_Temporal,0.4680021294145333,0.3197278911564626,0.1462585034013605,0.1020408163265306,"{""session/domain"": ""run manifest evaluation domain""}"
feature_bank_force_concat_core_validation_20260915,error_complementarity.csv,1204,8c597da635b32adbf4fb4657eb5eba3a26cd087563bc4a5208d14d00b5fff8b4,libemg_contraction_intensity,8,"{""source_condition"": ""Ramp""}",Core,F9_Quality,0.5385778540944486,0.26870748299319724,0.13605442176870747,0.08163265306122448,"{""session/domain"": ""run manifest evaluation domain""}"
feature_bank_force_concat_core_validation_20260915,error_complementarity.csv,1205,33c2665e58b453a592eecb0c6fb357e937b6f46ab51dd5a1114ea7f261047fd2,libemg_contraction_intensity,8,20P,Core,F3_Ring,-0.21739130434782608,0.9285714285714284,0.17857142857142855,0.17857142857142855,"{""session/domain"": ""recorded condition/domain; not an inferred session ID""}"
feature_bank_force_concat_core_validation_20260915,error_complementarity.csv,1206,01fdc0641a8cddf93ef7cd03a1c45f0dae7a6e87b2b9b1c80d7f838d480708d1,libemg_contraction_intensity,8,20P,Core,F4_Spectral,0.5307910421576297,0.3928571428571428,0.03571428571428571,0.14285714285714285,"{""session/domain"": ""recorded condition/domain; not an inferred session ID""}"
feature_bank_force_concat_core_validation_20260915,error_complementarity.csv,1207,0112c9ba91627a46df84be232da2ae2c39f327034b3b76b52cea2916d55f881c,libemg_contraction_intensity,8,20P,Core,F5_Temporal,0.6655458298621545,0.3928571428571428,0.03571428571428571,0.07142857142857142,"{""session/domain"": ""recorded condition/domain; not an inferred session ID""}"
feature_bank_force_concat_core_validation_20260915,error_complementarity.csv,1208,62a045ac2efeaf62c5aac331999c1bb800ad4379195aa661413253d8f3f404d9,libemg_contraction_intensity,8,20P,Core,F9_Quality,0.6655458298621545,0.4642857142857142,0.03571428571428571,0.07142857142857142,"{""session/domain"": ""recorded condition/domain; not an inferred session ID""}"
feature_bank_force_concat_core_validation_20260915,error_complementarity.csv,1209,f997b8a00b3eb684844f3a29a8c24fa3e6642d26ae8758ad8ea93a0a30dff9ee,libemg_contraction_intensity,8,30P,Core,F3_Ring,0.26516504294495535,0.7857142857142856,0.3214285714285714,0.03571428571428571,"{""session/domain"": ""recorded condition/domain; not an inferred session ID""}"
feature_bank_force_concat_core_validation_20260915,error_complementarity.csv,1210,f1efe5cbe3f161a9ff35b5f29780fd6f356e533962537c455fa65f9b34c4a684,libemg_contraction_intensity,8,30P,Core,F4_Spectral,0.4010903143747116,0.4999999999999999,0.07142857142857142,0.25,"{""session/domain"": ""recorded condition/domain; not an inferred session ID""}"
feature_bank_force_concat_core_validation_20260915,error_complementarity.csv,1211,402d778934a240632823ee6719674ad07b02b47963f9ff30c151d6b39ff82c55,libemg_contraction_intensity,8,30P,Core,F5_Temporal,0.3514317480027572,0.4642857142857142,0.14285714285714285,0.17857142857142855,"{""session/domain"": ""recorded condition/domain; not an inferred session ID""}"
feature_bank_force_concat_core_validation_20260915,error_complementarity.csv,1212,d39c3d8bc1f562a2f487a295d331e3cbc600d516f804c168ee873aa491b5c89e,libemg_contraction_intensity,8,30P,Core,F9_Quality,0.37210420376762526,0.4285714285714285,0.10714285714285714,0.21428571428571425,"{""session/domain"": ""recorded condition/domain; not an inferred session ID""}"
feature_bank_force_concat_core_validation_20260915,error_complementarity.csv,1213,485d8ad05101d5a5154cfa66b56b340375d1d6df4d7b09960bf3a29ff18e4da3,libemg_contraction_intensity,8,40P,Core,F3_Ring,0.2955402316445244,0.7499999999999999,0.3928571428571428,0.03571428571428571,"{""session/domain"": ""recorded condition/domain; not an inferred session ID""}"
feature_bank_force_concat_core_validation_20260915,error_complementarity.csv,1214,77c8ea4411265048f4787a5ece8afda6d82a6bdf6efe6f1421b21f39a1c093fe,libemg_contraction_intensity,8,40P,Core,F4_Spectral,0.6213664431593421,0.21428571428571427,0.07142857142857142,0.10714285714285714,"{""session/domain"": ""recorded condition/domain; not an inferred session ID""}"
feature_bank_force_concat_core_validation_20260915,error_complementarity.csv,1215,60f2802205fd105d54167ae0cb05f87fa0fd2ac18e7c1a19b5cecb49031bfc92,libemg_contraction_intensity,8,40P,Core,F5_Temporal,0.27754778174292477,0.49999999999999994,0.21428571428571427,0.14285714285714285,"{""session/domain"": ""recorded condition/domain; not an inferred session ID""}"
feature_bank_force_concat_core_validation_20260915,error_complementarity.csv,1216,e247574888aaf47108a992b51cf94cbd97bccdf3beb11214673445cc95fca9b6,libemg_contraction_intensity,8,40P,Core,F9_Quality,0.4555973021063105,0.2857142857142857,0.21428571428571425,0.07142857142857142,"{""session/domain"": ""recorded condition/domain; not an inferred session ID""}"
feature_bank_force_concat_core_validation_20260915,error_complementarity.csv,1217,ed70c38af1bd25fad5037df87f867decbba6e88f667d089765a3c5185bda5d82,libemg_contraction_intensity,8,50P,Core,F3_Ring,0.464420364012824,0.5714285714285714,0.3571428571428571,0.0,"{""session/domain"": ""recorded condition/domain; not an inferred session ID""}"
feature_bank_force_concat_core_validation_20260915,error_complementarity.csv,1218,bec24900755beeac80200f48c03e3fd05533f36567ab72f4f8f2972f56f6a96e,libemg_contraction_intensity,8,50P,Core,F4_Spectral,0.6190476190476191,0.17857142857142855,0.07142857142857142,0.07142857142857142,"{""session/domain"": ""recorded condition/domain; not an inferred session ID""}"
feature_bank_force_concat_core_validation_20260915,error_complementarity.csv,1219,20c0565a34b6d1f698066d2792c38a9adef3f902b0e979f493eb72e122cd9302,libemg_contraction_intensity,8,50P,Core,F5_Temporal,0.10050378152592122,0.3214285714285714,0.14285714285714285,0.17857142857142855,"{""session/domain"": ""recorded condition/domain; not an inferred session ID""}"
feature_bank_force_concat_core_validation_20260915,error_complementarity.csv,1220,ec21e5a540e84d08761b95466630d3695a847cedd48d453ee623de25f60b6ea8,libemg_contraction_intensity,8,50P,Core,F9_Quality,0.2581988897471612,0.3214285714285714,0.21428571428571427,0.10714285714285714,"{""session/domain"": ""recorded condition/domain; not an inferred session ID""}"
feature_bank_force_concat_core_validation_20260915,error_complementarity.csv,1221,d93b3cd937e6848824c67979c6d3587a63a89f60e60fb973af989a122bbfbc3b,libemg_contraction_intensity,8,60P,Core,F3_Ring,0.3333333333333334,0.7142857142857142,0.5,0.0,"{""session/domain"": ""recorded condition/domain; not an inferred session ID""}"
feature_bank_force_concat_core_validation_20260915,error_complementarity.csv,1222,30589a2b265e0d055b2a08979538b036d1f6b243fca68f446c9ad25d91e37236,libemg_contraction_intensity,8,60P,Core,F4_Spectral,0.42857142857142866,0.21428571428571425,0.10714285714285714,0.10714285714285714,"{""session/domain"": ""recorded condition/domain; not an inferred session ID""}"
feature_bank_force_concat_core_validation_20260915,error_complementarity.csv,1223,fc5c05c697afbde7bbe07f20a2635e4087bda6fa0167509899f3dba9b4f79c9d,libemg_contraction_intensity,8,60P,Core,F5_Temporal,0.4285714285714286,0.21428571428571427,0.10714285714285714,0.10714285714285714,"{""session/domain"": ""recorded condition/domain; not an inferred session ID""}"
feature_bank_force_concat_core_validation_20260915,error_complementarity.csv,1224,fe4d55f99853dbe252a3b9bdf025549dd05e5a2afe0f8243fa01992db008f40a,libemg_contraction_intensity,8,60P,Core,F9_Quality,0.7302967433402218,0.10714285714285714,0.07142857142857142,0.03571428571428571,"{""session/domain"": ""recorded condition/domain; not an inferred session ID""}"
feature_bank_force_concat_core_validation_20260915,error_complementarity.csv,1225,326a3449b23a6e0f662f4a0f03f71d90ddbdeef84d8db1444d7e461aa837be4e,libemg_contraction_intensity,8,70P,Core,F3_Ring,0.2357022603955158,0.7499999999999999,0.6071428571428571,0.0,"{""session/domain"": ""recorded condition/domain; not an inferred session ID""}"
feature_bank_force_concat_core_validation_20260915,error_complementarity.csv,1226,2d4e1273f46c790fdb38006faf175af85393625106bd64ac440c225309d8bdf1,libemg_contraction_intensity,8,70P,Core,F4_Spectral,0.7817359599705718,0.07142857142857142,0.07142857142857142,0.0,"{""session/domain"": ""recorded condition/domain; not an inferred session ID""}"
feature_bank_force_concat_core_validation_20260915,error_complementarity.csv,1227,0fc903cd43e59620c95c89ce98bb227e12e24eb74b814e4d71a0253b45606fca,libemg_contraction_intensity,8,70P,Core,F5_Temporal,0.5931710140017395,0.17857142857142855,0.17857142857142855,0.0,"{""session/domain"": ""recorded condition/domain; not an inferred session ID""}"
feature_bank_force_concat_core_validation_20260915,error_complementarity.csv,1228,789226bfe02866378edb691ac87d7b50f61fb4f0ad682636778ff2bd4e496623,libemg_contraction_intensity,8,70P,Core,F9_Quality,0.5931710140017395,0.17857142857142855,0.17857142857142855,0.0,"{""session/domain"": ""recorded condition/domain; not an inferred session ID""}"
feature_bank_force_concat_core_validation_20260915,error_complementarity.csv,1229,72b2094b4a597f860198dced432dfe6179c6f01ea81af69a47a7e8e7729a0cb7,libemg_contraction_intensity,8,80P,Core,F3_Ring,0.2581988897471611,0.6428571428571428,0.5714285714285714,0.0,"{""session/domain"": ""recorded condition/domain; not an inferred session ID""}"
feature_bank_force_concat_core_validation_20260915,error_complementarity.csv,1230,a6aba8d25c9f466063d925e864883510cba1c2bd0506eeae9a336f931d0995a2,libemg_contraction_intensity,8,80P,Core,F4_Spectral,0.8755950357709132,0.03571428571428571,0.03571428571428571,0.0,"{""session/domain"": ""recorded condition/domain; not an inferred session ID""}"
feature_bank_force_concat_core_validation_20260915,error_complementarity.csv,1231,159f7e43bb0f7f4943d1080df791112c2b380d4b40e58ae55f4773f88343c8a3,libemg_contraction_intensity,8,80P,Core,F5_Temporal,0.8755950357709132,0.03571428571428571,0.03571428571428571,0.0,"{""session/domain"": ""recorded condition/domain; not an inferred session ID""}"
feature_bank_force_concat_core_validation_20260915,error_complementarity.csv,1232,0b2f95b27b9bf24dec560527bbee74d078d6fc8625da56e3d4a5dad3ea28e9d3,libemg_contraction_intensity,8,80P,Core,F9_Quality,0.4714045207910316,0.2857142857142857,0.2857142857142857,0.0,"{""session/domain"": ""recorded condition/domain; not an inferred session ID""}"
feature_bank_force_concat_core_validation_20260915,error_complementarity.csv,1233,dda1d8250e4c16432f8d3c969d66976a5083d623941ee788d000503293d9918f,libemg_contraction_intensity,8,MVC,Core,F3_Ring,0.4522670168666454,0.7142857142857142,0.3571428571428571,0.0,"{""session/domain"": ""recorded condition/domain; not an inferred session ID""}"
feature_bank_force_concat_core_validation_20260915,error_complementarity.csv,1234,95b538590510b33adf3ba821622adec1542c8d80d68cf5be9342884e239a8661,libemg_contraction_intensity,8,MVC,Core,F4_Spectral,0.25125945381480297,0.3571428571428571,0.07142857142857142,0.2857142857142857,"{""session/domain"": ""recorded condition/domain; not an inferred session ID""}"
feature_bank_force_concat_core_validation_20260915,error_complementarity.csv,1235,0c7a7cd6c18e6baf97027b9fd6fd842abafee1a84ccaea3297c90b635582900f,libemg_contraction_intensity,8,MVC,Core,F5_Temporal,0.7302967433402213,0.21428571428571427,0.0,0.14285714285714285,"{""session/domain"": ""recorded condition/domain; not an inferred session ID""}"
feature_bank_force_concat_core_validation_20260915,error_complementarity.csv,1236,71ce5d426389b05892dfdcef1e678cd1aa78928de47214a397bc6f198a219122,libemg_contraction_intensity,8,MVC,Core,F9_Quality,1.0000000000000002,0.07142857142857142,0.0,0.0,"{""session/domain"": ""recorded condition/domain; not an inferred session ID""}"
feature_bank_force_concat_core_validation_20260915,error_complementarity.csv,1237,68f82688fdae81cce3813a4e59cfcf6c97be04c1368f34730f0b0b28595575d1,libemg_contraction_intensity,8,Light,Core,F3_Ring,0.24046373977128352,0.6785714285714285,0.3571428571428571,0.07142857142857142,"{""session/domain"": ""recorded condition/domain; not an inferred session ID""}"
feature_bank_force_concat_core_validation_20260915,error_complementarity.csv,1238,1f888aa3c801606d57e3d458da245d559be331221f8b017dd4418d831745f413,libemg_contraction_intensity,8,Light,Core,F4_Spectral,0.1387491870188641,0.3928571428571428,0.14285714285714285,0.25,"{""session/domain"": ""recorded condition/domain; not an inferred session ID""}"
feature_bank_force_concat_core_validation_20260915,error_complementarity.csv,1239,db81e3eec031dd37ac2897651f4170b95d80c4775ac043599c1919fe9107de3e,libemg_contraction_intensity,8,Light,Core,F5_Temporal,0.1899901489143371,0.4285714285714285,0.21428571428571425,0.17857142857142855,"{""session/domain"": ""recorded condition/domain; not an inferred session ID""}"
feature_bank_force_concat_core_validation_20260915,error_complementarity.csv,1240,eac34c09ce214f98ece6319348793ffb84021d68c882fafe3d7d659f98c42586,libemg_contraction_intensity,8,Light,Core,F9_Quality,0.08956221510397985,0.4285714285714285,0.07142857142857142,0.3214285714285714,"{""session/domain"": ""recorded condition/domain; not an inferred session ID""}"
feature_bank_force_concat_core_validation_20260915,error_complementarity.csv,1241,f5451b5b10e79a3648d0dad86a8c2be52b00d46b38e2534dd265b6764917af50,libemg_contraction_intensity,8,Medium,Core,F3_Ring,-0.11795356492391769,0.7857142857142856,0.6071428571428571,0.07142857142857142,"{""session/domain"": ""recorded condition/domain; not an inferred session ID""}"
feature_bank_force_concat_core_validation_20260915,error_complementarity.csv,1242,96aa517d3c20ffbcee0b8136c6cb0a811c9d85e54e29e3718cc346646cb5b6df,libemg_contraction_intensity,8,Medium,Core,F4_Spectral,0.8755950357709132,0.03571428571428571,0.0,0.03571428571428571,"{""session/domain"": ""recorded condition/domain; not an inferred session ID""}"
feature_bank_force_concat_core_validation_20260915,error_complementarity.csv,1243,079034143cd410dcb55a2e9e19ae763adfbe6a66c8b1825ff0da70a37b195e63,libemg_contraction_intensity,8,Medium,Core,F5_Temporal,0.23631633593135148,0.3928571428571428,0.25,0.07142857142857142,"{""session/domain"": ""recorded condition/domain; not an inferred session ID""}"
feature_bank_force_concat_core_validation_20260915,error_complementarity.csv,1244,9a66a48f006acb7307c434a9ac28ae03139de5398b3ad62c2b1e0a11fab34975,libemg_contraction_intensity,8,Medium,Core,F9_Quality,0.5922200922639821,0.14285714285714285,0.10714285714285714,0.03571428571428571,"{""session/domain"": ""recorded condition/domain; not an inferred session ID""}"
feature_bank_force_concat_core_validation_20260915,error_complementarity.csv,1245,948486b3810f4424c414dba938135c2f89acf867f8ff30e0ae3b63d3659f4893,libemg_contraction_intensity,8,Hard,Core,F3_Ring,0.04415107856883477,0.7499999999999999,0.49999999999999994,0.07142857142857142,"{""session/domain"": ""recorded condition/domain; not an inferred session ID""}"
feature_bank_force_concat_core_validation_20260915,error_complementarity.csv,1246,b2c8e27f7f4de77553df74aa9a1c6aec145860957803f3ba84352e0d842c10a8,libemg_contraction_intensity,8,Hard,Core,F4_Spectral,0.8075728530872482,0.07142857142857142,0.0,0.07142857142857142,"{""session/domain"": ""recorded condition/domain; not an inferred session ID""}"
feature_bank_force_concat_core_validation_20260915,error_complementarity.csv,1247,f300f7fe7a4d73b3d06b29f9eee0723e311e64e6e1e4df4b5a457e0a53fc4ed1,libemg_contraction_intensity,8,Hard,Core,F5_Temporal,0.3799802978286742,0.3214285714285714,0.21428571428571427,0.07142857142857142,"{""session/domain"": ""recorded condition/domain; not an inferred session ID""}"
feature_bank_force_concat_core_validation_20260915,error_complementarity.csv,1248,7089314e36b206b872e48fb8a4b97fcc05ff4d2c6108bd87ac77b34427f4da42,libemg_contraction_intensity,8,Hard,Core,F9_Quality,0.7177405625652733,0.14285714285714285,0.14285714285714285,0.0,"{""session/domain"": ""recorded condition/domain; not an inferred session ID""}"
feature_bank_force_concat_core_validation_20260915,error_complementarity.csv,1249,a17a1406c7102576187d9c4b5dcae8e33e328c6c732baa77b307896e90ac9966,libemg_contraction_intensity,ALL,"{""source_condition"": ""Ramp""}",Core,F3_Ring,0.285079819304942,0.641156462585034,0.33333333333333326,0.06632653061224489,"{""session/domain"": ""run manifest evaluation domain""}"
feature_bank_force_concat_core_validation_20260915,error_complementarity.csv,1250,883292b6b0ad64918e5504b608a65702b99b64095af8a1e91e08add06161e4c5,libemg_contraction_intensity,ALL,"{""source_condition"": ""Ramp""}",Core,F4_Spectral,0.566184002664339,0.34523809523809523,0.08333333333333333,0.1258503401360544,"{""session/domain"": ""run manifest evaluation domain""}"
feature_bank_force_concat_core_validation_20260915,error_complementarity.csv,1251,2921c6d6763a1b563f3d6fa424ddc5effd495feb68988312a91587252ee7f0ef,libemg_contraction_intensity,ALL,"{""source_condition"": ""Ramp""}",Core,F5_Temporal,0.5473365166109856,0.391156462585034,0.141156462585034,0.08503401360544216,"{""session/domain"": ""run manifest evaluation domain""}"
feature_bank_force_concat_core_validation_20260915,error_complementarity.csv,1252,7358c15d62037038bec74eb325f0de9583f51b9037fe0940dc7e4b50e5c7324e,libemg_contraction_intensity,ALL,"{""source_condition"": ""Ramp""}",Core,F9_Quality,0.5494304220513392,0.35544217687074825,0.16326530612244897,0.06802721088435373,"{""session/domain"": ""run manifest evaluation domain""}"
feature_bank_force_concat_core_validation_20260915,error_complementarity.csv,1253,584afc3f040c7268ea3d5a526a789e09fd7c7ddca52aa1d3bfc75a0e2b230897,libemg_contraction_intensity,ALL,20P,Core,F3_Ring,0.15079130771599325,0.8035714285714284,0.10714285714285712,0.14285714285714285,"{""session/domain"": ""recorded condition/domain; not an inferred session ID""}"
feature_bank_force_concat_core_validation_20260915,error_complementarity.csv,1254,25740f5c5a2e3d19f80472cc9f86ee49807940625bc224abbbe8ff3632ffd5e5,libemg_contraction_intensity,ALL,20P,Core,F4_Spectral,0.1998842853345814,0.5892857142857142,0.07142857142857142,0.25,"{""session/domain"": ""recorded condition/domain; not an inferred session ID""}"
feature_bank_force_concat_core_validation_20260915,error_complementarity.csv,1255,5d3c701c77638bb21987a5e5a54e08dcc6d02a375533f4f5a7f66978933296d6,libemg_contraction_intensity,ALL,20P,Core,F5_Temporal,0.7194353478352861,0.39285714285714285,0.017857142857142856,0.07142857142857142,"{""session/domain"": ""recorded condition/domain; not an inferred session ID""}"
feature_bank_force_concat_core_validation_20260915,error_complementarity.csv,1256,c481cf44778d494a836621bb78d4e55f9e64c9d0c849d2fd0f5ed8dd13aeb70c,libemg_contraction_intensity,ALL,20P,Core,F9_Quality,0.7626980636649511,0.42857142857142855,0.017857142857142856,0.05357142857142857,"{""session/domain"": ""recorded condition/domain; not an inferred session ID""}"
feature_bank_force_concat_core_validation_20260915,error_complementarity.csv,1257,49025cea7c7ec2dd21bffa5f9bfb2dbf03cd777569eef8405d7ac4442c61c8e6,libemg_contraction_intensity,ALL,30P,Core,F3_Ring,0.320636154299571,0.6785714285714285,0.1964285714285714,0.08928571428571427,"{""session/domain"": ""recorded condition/domain; not an inferred session ID""}"
feature_bank_force_concat_core_validation_20260915,error_complementarity.csv,1258,25ffbbbc5d1159a7d5d97bd9f346400fba83ff9f2a55c16da9a41843e90bbbd6,libemg_contraction_intensity,ALL,30P,Core,F4_Spectral,0.3682593052935419,0.5714285714285714,0.05357142857142857,0.30357142857142855,"{""session/domain"": ""recorded condition/domain; not an inferred session ID""}"
feature_bank_force_concat_core_validation_20260915,error_complementarity.csv,1259,dd5b1efd73a88cf44ec092e58952b54fc432392b6b93b052fa7b08d5dd979e52,libemg_contraction_intensity,ALL,30P,Core,F5_Temporal,0.4750408138916693,0.46428571428571425,0.08928571428571427,0.1607142857142857,"{""session/domain"": ""recorded condition/domain; not an inferred session ID""}"
feature_bank_force_concat_core_validation_20260915,error_complementarity.csv,1260,0bbe46bd67812ad248e74b90a81092f97b85fa4aae929d5ac406959bd0d1b549,libemg_contraction_intensity,ALL,30P,Core,F9_Quality,0.3652672604172104,0.5,0.08928571428571427,0.23214285714285712,"{""session/domain"": ""recorded condition/domain; not an inferred session ID""}"
feature_bank_force_concat_core_validation_20260915,error_complementarity.csv,1261,e485f54a2c6c68ac21bac7b20db1ad5d82b66c22d3b8973669db550617dbe99f,libemg_contraction_intensity,ALL,40P,Core,F3_Ring,0.39499874455233563,0.5892857142857142,0.2857142857142857,0.05357142857142857,"{""session/domain"": ""recorded condition/domain; not an inferred session ID""}"
feature_bank_force_concat_core_validation_20260915,error_complementarity.csv,1262,ddc889d032c672cc44c7f5d9d0b0e91a48d3229d885f78f7d8109c6a5fbe334d,libemg_contraction_intensity,ALL,40P,Core,F4_Spectral,0.5573122529644269,0.3214285714285714,0.10714285714285714,0.10714285714285712,"{""session/domain"": ""recorded condition/domain; not an inferred session ID""}"
feature_bank_force_concat_core_validation_20260915,error_complementarity.csv,1263,1390ab9783747990698c409630667b35077e9b354f9e85c8db3c509b4ee97ca5,libemg_contraction_intensity,ALL,40P,Core,F5_Temporal,0.25408390302421974,0.5714285714285714,0.23214285714285715,0.14285714285714285,"{""session/domain"": ""recorded condition/domain; not an inferred session ID""}"
feature_bank_force_concat_core_validation_20260915,error_complementarity.csv,1264,faeb4fb0dbeb25dce510cd25a0414a2533f01031f05fa79b9327ccd4a363ad62,libemg_contraction_intensity,ALL,40P,Core,F9_Quality,0.41329383844760315,0.37499999999999994,0.21428571428571427,0.08928571428571427,"{""session/domain"": ""recorded condition/domain; not an inferred session ID""}"
feature_bank_force_concat_core_validation_20260915,error_complementarity.csv,1265,d4442689806440496150f1a6d20c9d8fa890e41197a1c58569f2ddf8da091445,libemg_contraction_intensity,ALL,50P,Core,F3_Ring,0.4921028776234113,0.5714285714285714,0.33928571428571425,0.0,"{""session/domain"": ""recorded condition/domain; not an inferred session ID""}"
feature_bank_force_concat_core_validation_20260915,error_complementarity.csv,1266,51731c080bb85fa755c23a429685878e173de12ba30a6216f842318657acc4f1,libemg_contraction_intensity,ALL,50P,Core,F4_Spectral,0.642628463719984,0.30357142857142855,0.10714285714285714,0.05357142857142857,"{""session/domain"": ""recorded condition/domain; not an inferred session ID""}"
feature_bank_force_concat_core_validation_20260915,error_complementarity.csv,1267,a09ec394d7c161d8d1defde9b53164cb3909f8a9b327b0eeca6937877bae47e1,libemg_contraction_intensity,ALL,50P,Core,F5_Temporal,0.2908008048381569,0.42857142857142855,0.19642857142857142,0.12499999999999997,"{""session/domain"": ""recorded condition/domain; not an inferred session ID""}"
feature_bank_force_concat_core_validation_20260915,error_complementarity.csv,1268,5201700b14629766454a8f6473b1552996c39066069bbe1fc760c397805023b0,libemg_contraction_intensity,ALL,50P,Core,F9_Quality,0.37334869253579106,0.33928571428571425,0.24999999999999997,0.07142857142857142,"{""session/domain"": ""recorded condition/domain; not an inferred session ID""}"
feature_bank_force_concat_core_validation_20260915,error_complementarity.csv,1269,6a20086e8265034a1badc06879f4317314124ebbcf4b2add871ab07ff8cc50c3,libemg_contraction_intensity,ALL,60P,Core,F3_Ring,0.3482733648999034,0.5535714285714285,0.4107142857142857,0.017857142857142856,"{""session/domain"": ""recorded condition/domain; not an inferred session ID""}"
feature_bank_force_concat_core_validation_20260915,error_complementarity.csv,1270,7b1201788456f26ec609d522f9a68f24f2b2a13013deb7a7a18e17f603b8f9d3,libemg_contraction_intensity,ALL,60P,Core,F4_Spectral,0.6530429312691204,0.23214285714285715,0.08928571428571427,0.05357142857142857,"{""session/domain"": ""recorded condition/domain; not an inferred session ID""}"
feature_bank_force_concat_core_validation_20260915,error_complementarity.csv,1271,231f811cde0749c3092c5b86618e146280493ab066866c7b1615f8c44c44cefb,libemg_contraction_intensity,ALL,60P,Core,F5_Temporal,0.5590351734938079,0.3035714285714286,0.14285714285714285,0.05357142857142857,"{""session/domain"": ""recorded condition/domain; not an inferred session ID""}"
feature_bank_force_concat_core_validation_20260915,error_complementarity.csv,1272,caf9632a2dc7c20f02464eadff2b4c0b67aed207e8d4120862b5290c4e4b7558,libemg_contraction_intensity,ALL,60P,Core,F9_Quality,0.5688678141291291,0.24999999999999997,0.21428571428571427,0.017857142857142856,"{""session/domain"": ""recorded condition/domain; not an inferred session ID""}"
feature_bank_force_concat_core_validation_20260915,error_complementarity.csv,1273,8e33d2d4c119833ce34076cdf2a0febf997e1126b218ff6fff77938e604e137f,libemg_contraction_intensity,ALL,70P,Core,F3_Ring,0.11677484162422845,0.6249999999999999,0.4821428571428571,0.05357142857142857,"{""session/domain"": ""recorded condition/domain; not an inferred session ID""}"
feature_bank_force_concat_core_validation_20260915,error_complementarity.csv,1274,3d3d76c309535b9ba2302ec805b1a6784ebcb03cc05c71bdf8f27d7753830c6b,libemg_contraction_intensity,ALL,70P,Core,F4_Spectral,0.7035264706814484,0.1607142857142857,0.07142857142857142,0.03571428571428571,"{""session/domain"": ""recorded condition/domain; not an inferred session ID""}"
feature_bank_force_concat_core_validation_20260915,error_complementarity.csv,1275,af8dc3c5baade9a51c6bf8e54448f1069b65222c4c5ef249e893b2f0725b26a4,libemg_contraction_intensity,ALL,70P,Core,F5_Temporal,0.5843065474681431,0.3035714285714285,0.17857142857142858,0.017857142857142856,"{""session/domain"": ""recorded condition/domain; not an inferred session ID""}"
feature_bank_force_concat_core_validation_20260915,error_complementarity.csv,1276,b11fee44a00f9d9c53c217c8a6bf025ff8f297508f865b7e5b3d508d08246175,libemg_contraction_intensity,ALL,70P,Core,F9_Quality,0.5412294272573259,0.3392857142857143,0.2678571428571428,0.0,"{""session/domain"": ""recorded condition/domain; not an inferred session ID""}"
feature_bank_force_concat_core_validation_20260915,error_complementarity.csv,1277,624e91525246612e887f1ee084132b80f832b9ac8d91c924c91cbf919eaffd70,libemg_contraction_intensity,ALL,80P,Core,F3_Ring,0.1554941669103437,0.6785714285714285,0.5178571428571428,0.03571428571428571,"{""session/domain"": ""recorded condition/domain; not an inferred session ID""}"
feature_bank_force_concat_core_validation_20260915,error_complementarity.csv,1278,ced36c8af20d7798bc1806698ac9396662476677cdd162fb056ea93a8617dae2,libemg_contraction_intensity,ALL,80P,Core,F4_Spectral,0.9045340337332908,0.14285714285714285,0.03571428571428571,0.0,"{""session/domain"": ""recorded condition/domain; not an inferred session ID""}"
feature_bank_force_concat_core_validation_20260915,error_complementarity.csv,1279,5cc8a094bc13534abebafb818abc1a4f0631442c0f5e5aace28205143ca97a70,libemg_contraction_intensity,ALL,80P,Core,F5_Temporal,0.6963434431202349,0.23214285714285712,0.10714285714285714,0.017857142857142856,"{""session/domain"": ""recorded condition/domain; not an inferred session ID""}"
feature_bank_force_concat_core_validation_20260915,error_complementarity.csv,1280,b5cb4de6e2d7d8c0d5994b1ef7dd783d8e0849beba83c9477a9aadaf9c47bd74,libemg_contraction_intensity,ALL,80P,Core,F9_Quality,0.4861724348043978,0.4464285714285714,0.3214285714285714,0.0,"{""session/domain"": ""recorded condition/domain; not an inferred session ID""}"
feature_bank_force_concat_core_validation_20260915,error_complementarity.csv,1281,b5a437d06e314585caec5c16fb3b8e44f8cd44b90c7615b6743d9afb3b176c8b,libemg_contraction_intensity,ALL,MVC,Core,F3_Ring,0.19364916731037085,0.7142857142857142,0.3214285714285714,0.10714285714285714,"{""session/domain"": ""recorded condition/domain; not an inferred session ID""}"
feature_bank_force_concat_core_validation_20260915,error_complementarity.csv,1282,9580c9582ef939dcfe967a0b8ec34d36af6ae6fa50fab08248c98392a6947513,libemg_contraction_intensity,ALL,MVC,Core,F4_Spectral,0.40881490876633847,0.3928571428571428,0.10714285714285714,0.17857142857142855,"{""session/domain"": ""recorded condition/domain; not an inferred session ID""}"
feature_bank_force_concat_core_validation_20260915,error_complementarity.csv,1283,a3777861e876d73c6b646222d4da9b10467f53c8e90c99decd9ae7a447263282,libemg_contraction_intensity,ALL,MVC,Core,F5_Temporal,0.6333004963811236,0.3214285714285714,0.07142857142857142,0.10714285714285714,"{""session/domain"": ""recorded condition/domain; not an inferred session ID""}"
feature_bank_force_concat_core_validation_20260915,error_complementarity.csv,1284,1eb6aad30034691e4cb76a4c7afd3082765ae61031b11d548706c63eddfa0806,libemg_contraction_intensity,ALL,MVC,Core,F9_Quality,0.7499999999999997,0.3214285714285714,0.14285714285714285,0.0,"{""session/domain"": ""recorded condition/domain; not an inferred session ID""}"
feature_bank_force_concat_core_validation_20260915,error_complementarity.csv,1285,058260b5b69d9757e11324e9bc5bb926d8fc28b627886e9f93330a636f35d8c7,libemg_contraction_intensity,ALL,Light,Core,F3_Ring,0.3194382824999699,0.6071428571428571,0.21428571428571427,0.08928571428571427,"{""session/domain"": ""recorded condition/domain; not an inferred session ID""}"
feature_bank_force_concat_core_validation_20260915,error_complementarity.csv,1286,9278c729e62cc6c6c2f7f0c5909cd10c9e6aaa8c1ff291731e38914f6bc6972a,libemg_contraction_intensity,ALL,Light,Core,F4_Spectral,0.12183633737503222,0.6249999999999999,0.12499999999999999,0.3392857142857143,"{""session/domain"": ""recorded condition/domain; not an inferred session ID""}"
feature_bank_force_concat_core_validation_20260915,error_complementarity.csv,1287,dd6843b4a25c8aa3cd84f5f844c449df091bb6c643e1df499bb1d11bc35af36c,libemg_contraction_intensity,ALL,Light,Core,F5_Temporal,0.4779733235482032,0.3928571428571428,0.10714285714285714,0.14285714285714285,"{""session/domain"": ""recorded condition/domain; not an inferred session ID""}"
feature_bank_force_concat_core_validation_20260915,error_complementarity.csv,1288,b640920a2335da48f96aaabf2e3e6d03780babc88f90dc400e357832e7f1aa05,libemg_contraction_intensity,ALL,Light,Core,F9_Quality,0.49923017660270624,0.4464285714285714,0.05357142857142857,0.21428571428571427,"{""session/domain"": ""recorded condition/domain; not an inferred session ID""}"
feature_bank_force_concat_core_validation_20260915,error_complementarity.csv,1289,32be1147efd6a8f9e50d678f919b2f73c52efac8601890e17b820f0c0961832b,libemg_contraction_intensity,ALL,Medium,Core,F3_Ring,0.2979833170080329,0.5892857142857142,0.3571428571428571,0.05357142857142857,"{""session/domain"": ""recorded condition/domain; not an inferred session ID""}"
feature_bank_force_concat_core_validation_20260915,error_complementarity.csv,1290,4766ea90d3248eb671d07a128f0f762a3293cd6622195b4234d3f1867b9728c8,libemg_contraction_intensity,ALL,Medium,Core,F4_Spectral,0.731310340973526,0.26785714285714285,0.07142857142857142,0.05357142857142857,"{""session/domain"": ""recorded condition/domain; not an inferred session ID""}"
feature_bank_force_concat_core_validation_20260915,error_complementarity.csv,1291,50eb50a24b4d66c9d01e757f93bc717f974ba84545bf18985640ca18e0920696,libemg_contraction_intensity,ALL,Medium,Core,F5_Temporal,0.5764613536983137,0.4821428571428571,0.1607142857142857,0.05357142857142857,"{""session/domain"": ""recorded condition/domain; not an inferred session ID""}"
feature_bank_force_concat_core_validation_20260915,error_complementarity.csv,1292,ea0d36cb0d0d2b48e606a516e4f8ad4124d46c8e8bce1377ba649d60d69d2426,libemg_contraction_intensity,ALL,Medium,Core,F9_Quality,0.8082903768654759,0.21428571428571427,0.05357142857142857,0.03571428571428571,"{""session/domain"": ""recorded condition/domain; not an inferred session ID""}"
feature_bank_force_concat_core_validation_20260915,error_complementarity.csv,1293,e9e66d52653ebf1a37adec73d52d5ec6c2a62cc5612c62d5ac1585b4df79a401,libemg_contraction_intensity,ALL,Hard,Core,F3_Ring,0.023124864503144046,0.6785714285714285,0.42857142857142855,0.10714285714285714,"{""session/domain"": ""recorded condition/domain; not an inferred session ID""}"
feature_bank_force_concat_core_validation_20260915,error_complementarity.csv,1294,73f1a9375da9a4a410792aa9d7e5c789ed8ed462f2e0ec042e2fc7aee38dc731,libemg_contraction_intensity,ALL,Hard,Core,F4_Spectral,0.715605364993044,0.21428571428571427,0.08928571428571427,0.03571428571428571,"{""session/domain"": ""recorded condition/domain; not an inferred session ID""}"
feature_bank_force_concat_core_validation_20260915,error_complementarity.csv,1295,6c2becd3b8c4fe7a0d0d2f75615ee40d16ebb266598beb6b9aea8241ccade809,libemg_contraction_intensity,ALL,Hard,Core,F5_Temporal,0.4657287040825932,0.375,0.21428571428571427,0.05357142857142857,"{""session/domain"": ""recorded condition/domain; not an inferred session ID""}"
feature_bank_force_concat_core_validation_20260915,error_complementarity.csv,1296,69dfdae99c5590807678d632cd8467a34a5d42a7ea3a58bc12e0e7eefd72c7c4,libemg_contraction_intensity,ALL,Hard,Core,F9_Quality,0.7042726744663604,0.23214285714285712,0.1607142857142857,0.0,"{""session/domain"": ""recorded condition/domain; not an inferred session ID""}"
feature_bank_force_concat_core_final_20260915,error_complementarity.csv,1297,19a2bcc6c7eacd7b2d9af0239ebbd0aaaa96392d5e4a322712e201d5a5c1fe4f,libemg_contraction_intensity,9,"{""source_condition"": ""Ramp""}",Core,F3_Ring,0.32572900715992675,0.5680272108843537,0.3571428571428571,0.044217687074829926,"{""session/domain"": ""run manifest evaluation domain""}"
feature_bank_force_concat_core_final_20260915,error_complementarity.csv,1298,190bf2ef268c26ef064de451c68b968213496119ed459817d1e08d231f8d9bb4,libemg_contraction_intensity,9,"{""source_condition"": ""Ramp""}",Core,F4_Spectral,0.5085227796230177,0.30272108843537415,0.16326530612244897,0.07142857142857142,"{""session/domain"": ""run manifest evaluation domain""}"
feature_bank_force_concat_core_final_20260915,error_complementarity.csv,1299,5178ce165715833985061e2f408e3dfb7ecc06af3edf6fd0c3d5e9e11d9033ad,libemg_contraction_intensity,9,"{""source_condition"": ""Ramp""}",Core,F5_Temporal,0.6161372311654734,0.24829931972789113,0.14285714285714285,0.044217687074829926,"{""session/domain"": ""run manifest evaluation domain""}"
feature_bank_force_concat_core_final_20260915,error_complementarity.csv,1300,62347f63c3553e8f50914299e2a328b90a58aae0c7e4ec1a55bdf8d363c51edc,libemg_contraction_intensity,9,"{""source_condition"": ""Ramp""}",Core,F9_Quality,0.5587584713407165,0.2789115646258503,0.1802721088435374,0.044217687074829926,"{""session/domain"": ""run manifest evaluation domain""}"
feature_bank_force_concat_core_final_20260915,error_complementarity.csv,1301,e658c2b0b0346cb695a377e37c4de0d31ea8e6e523b8d11833d503a3a31e5cac,libemg_contraction_intensity,9,20P,Core,F3_Ring,0.30151134457776363,0.7499999999999999,0.5357142857142857,0.0,"{""session/domain"": ""recorded condition/domain; not an inferred session ID""}"
feature_bank_force_concat_core_final_20260915,error_complementarity.csv,1302,f5d1afee05425441275dd6aeea263640d9527991b11eef22b0f9cf6a7179015c,libemg_contraction_intensity,9,20P,Core,F4_Spectral,0.10050378152592118,0.3214285714285714,0.17857142857142855,0.14285714285714285,"{""session/domain"": ""recorded condition/domain; not an inferred session ID""}"
feature_bank_force_concat_core_final_20260915,error_complementarity.csv,1303,880f738ef7bf13d8bc11f5e02e6fef39d8e2b449c811af42d23386436ba282aa,libemg_contraction_intensity,9,20P,Core,F5_Temporal,0.3373495424699932,0.3571428571428571,0.21428571428571425,0.07142857142857142,"{""session/domain"": ""recorded condition/domain; not an inferred session ID""}"
feature_bank_force_concat_core_final_20260915,error_complementarity.csv,1304,bc9ce3465a775ae500dad040633391d21cf038bf6987bc852e7f38be3b1c891b,libemg_contraction_intensity,9,20P,Core,F9_Quality,-0.06060606060606062,0.3571428571428571,0.17857142857142855,0.17857142857142855,"{""session/domain"": ""recorded condition/domain; not an inferred session ID""}"
feature_bank_force_concat_core_final_20260915,error_complementarity.csv,1305,c613f585b75a373a11fac1e7aa589821c22d0c91a40d693b19dacfd175613ad7,libemg_contraction_intensity,9,30P,Core,F3_Ring,-0.09325048082403142,0.5714285714285714,0.4285714285714285,0.10714285714285714,"{""session/domain"": ""recorded condition/domain; not an inferred session ID""}"
feature_bank_force_concat_core_final_20260915,error_complementarity.csv,1306,867410279c4e405f64fe87692571b000d80f53effb2d0f25666015463f4e677e,libemg_contraction_intensity,9,30P,Core,F4_Spectral,0.592220092263982,0.17857142857142855,0.10714285714285714,0.03571428571428571,"{""session/domain"": ""recorded condition/domain; not an inferred session ID""}"
feature_bank_force_concat_core_final_20260915,error_complementarity.csv,1307,82dd6c3fbaeeee7676d4591f318c7e89e2785c361f01643e339ea1f14a71c5a9,libemg_contraction_intensity,9,30P,Core,F5_Temporal,0.47777984732195655,0.24999999999999994,0.17857142857142855,0.03571428571428571,"{""session/domain"": ""recorded condition/domain; not an inferred session ID""}"
feature_bank_force_concat_core_final_20260915,error_complementarity.csv,1308,b179aaf01060b44f48d156469eaa81777875764fb46112c6d48b852e29928844,libemg_contraction_intensity,9,30P,Core,F9_Quality,0.27811065739636276,0.3928571428571428,0.21428571428571425,0.07142857142857142,"{""session/domain"": ""recorded condition/domain; not an inferred session ID""}"
feature_bank_force_concat_core_final_20260915,error_complementarity.csv,1309,4c0ac09059355d14bb2fcc486a8f4f57f49a5c4c0f658b269bc27d1d16d33e36,libemg_contraction_intensity,9,40P,Core,F3_Ring,0.548860430196974,0.4642857142857142,0.21428571428571425,0.03571428571428571,"{""session/domain"": ""recorded condition/domain; not an inferred session ID""}"
feature_bank_force_concat_core_final_20260915,error_complementarity.csv,1310,e0650f6278d3d66db170dd2b1db4b992212ba1eaaaac10f4dcb7629ddb679860,libemg_contraction_intensity,9,40P,Core,F4_Spectral,0.7177405625652736,0.17857142857142855,0.0,0.14285714285714285,"{""session/domain"": ""recorded condition/domain; not an inferred session ID""}"
feature_bank_force_concat_core_final_20260915,error_complementarity.csv,1311,bca3605a68dca44aad6bf94caaa67dd1280679271960c368e1294fcfec21b11a,libemg_contraction_intensity,9,40P,Core,F5_Temporal,0.6333004963811236,0.21428571428571425,0.10714285714285714,0.07142857142857142,"{""session/domain"": ""recorded condition/domain; not an inferred session ID""}"
feature_bank_force_concat_core_final_20260915,error_complementarity.csv,1312,f4d81740ca7d50374486e1c7619be31537bbb01da207bc966902c4e3bf12fb74,libemg_contraction_intensity,9,40P,Core,F9_Quality,0.7488553356460047,0.17857142857142855,0.14285714285714285,0.0,"{""session/domain"": ""recorded condition/domain; not an inferred session ID""}"
feature_bank_force_concat_core_final_20260915,error_complementarity.csv,1313,758b1017f1d7640184a1c0ac89cea271941638b8454112352c16f768a5bc326b,libemg_contraction_intensity,9,50P,Core,F3_Ring,0.2660079583736709,0.5357142857142856,0.4285714285714285,0.03571428571428571,"{""session/domain"": ""recorded condition/domain; not an inferred session ID""}"
feature_bank_force_concat_core_final_20260915,error_complementarity.csv,1314,a1c2a08de0b8b0c986dc785fcdc5d3921cc468ac4df21d3d78949066d485f0ac,libemg_contraction_intensity,9,50P,Core,F4_Spectral,0.5208474357065142,0.3571428571428571,0.21428571428571427,0.03571428571428571,"{""session/domain"": ""recorded condition/domain; not an inferred session ID""}"
feature_bank_force_concat_core_final_20260915,error_complementarity.csv,1315,04d237053fa38ffdb2f16d578035c378fce763a97c436c249715208e3d7a18cc,libemg_contraction_intensity,9,50P,Core,F5_Temporal,0.6793662204867574,0.21428571428571425,0.17857142857142855,0.0,"{""session/domain"": ""recorded condition/domain; not an inferred session ID""}"
feature_bank_force_concat_core_final_20260915,error_complementarity.csv,1316,71105cd582258e72dace04784e9ce475dda1349b3af603fa158fdb1699adb43d,libemg_contraction_intensity,9,50P,Core,F9_Quality,0.7862453931068967,0.14285714285714285,0.10714285714285714,0.0,"{""session/domain"": ""recorded condition/domain; not an inferred session ID""}"
feature_bank_force_concat_core_final_20260915,error_complementarity.csv,1317,f651015fee77c9270c62cef5fe9664384c02d978560befd6e6540b88e12be407,libemg_contraction_intensity,9,60P,Core,F3_Ring,0.3340523060388755,0.6785714285714285,0.2857142857142857,0.07142857142857142,"{""session/domain"": ""recorded condition/domain; not an inferred session ID""}"
feature_bank_force_concat_core_final_20260915,error_complementarity.csv,1318,739327dfe2643db90eca395401559c4025b651132d20814bb5a8b8696fbd3932,libemg_contraction_intensity,9,60P,Core,F4_Spectral,0.5444357229372961,0.3571428571428571,0.21428571428571425,0.03571428571428571,"{""session/domain"": ""recorded condition/domain; not an inferred session ID""}"
feature_bank_force_concat_core_final_20260915,error_complementarity.csv,1319,e5d29d030a4ea1c23771e5cd91ee7a827502d5f688f9044b13e4baf2fab5eedd,libemg_contraction_intensity,9,60P,Core,F5_Temporal,0.6938886664887107,0.21428571428571425,0.17857142857142855,0.0,"{""session/domain"": ""recorded condition/domain; not an inferred session ID""}"
feature_bank_force_concat_core_final_20260915,error_complementarity.csv,1320,1d5fd8285752f9c9d76edfb631721fbee49a28a0f02ab4bfec71cdd005496964,libemg_contraction_intensity,9,60P,Core,F9_Quality,0.7488553356460046,0.14285714285714285,0.14285714285714285,0.0,"{""session/domain"": ""recorded condition/domain; not an inferred session ID""}"
feature_bank_force_concat_core_final_20260915,error_complementarity.csv,1321,2cafd943a52fb0d8bb2acc7ca29dbff4296c75b617d74385f5adfbc65e8c232d,libemg_contraction_intensity,9,70P,Core,F3_Ring,0.464420364012824,0.5357142857142857,0.3571428571428571,0.0,"{""session/domain"": ""recorded condition/domain; not an inferred session ID""}"
feature_bank_force_concat_core_final_20260915,error_complementarity.csv,1322,d7779b12744a2577f5b1f9e08956f8367b686e1448571a3a87d34c1bbb22ac32,libemg_contraction_intensity,9,70P,Core,F4_Spectral,0.6470588235294119,0.2857142857142857,0.21428571428571425,0.0,"{""session/domain"": ""recorded condition/domain; not an inferred session ID""}"
feature_bank_force_concat_core_final_20260915,error_complementarity.csv,1323,85fadf8db01abd54b9597e048fdac875a9855a474228eebf890f4bca46170197,libemg_contraction_intensity,9,70P,Core,F5_Temporal,0.8640638488223129,0.14285714285714285,0.07142857142857142,0.0,"{""session/domain"": ""recorded condition/domain; not an inferred session ID""}"
feature_bank_force_concat_core_final_20260915,error_complementarity.csv,1324,6de97914676dbf4964aaaea1c3aa7ef3098a3bbed0c4e3e89db897c0b0a77f17,libemg_contraction_intensity,9,70P,Core,F9_Quality,0.647058823529412,0.3214285714285714,0.21428571428571425,0.0,"{""session/domain"": ""recorded condition/domain; not an inferred session ID""}"
feature_bank_force_concat_core_final_20260915,error_complementarity.csv,1325,d39e6f91e900c68f65b9725040ea7b4e2cc5c81047a41f8f1ad1623adbcd4678,libemg_contraction_intensity,9,80P,Core,F3_Ring,0.5488604301969737,0.4285714285714285,0.21428571428571425,0.03571428571428571,"{""session/domain"": ""recorded condition/domain; not an inferred session ID""}"
feature_bank_force_concat_core_final_20260915,error_complementarity.csv,1326,5c075a5cd4903d60c9ead3e73d80a2725974727e9fae8140b2849b218be489f4,libemg_contraction_intensity,9,80P,Core,F4_Spectral,0.6454972243679028,0.4642857142857142,0.21428571428571425,0.0,"{""session/domain"": ""recorded condition/domain; not an inferred session ID""}"
feature_bank_force_concat_core_final_20260915,error_complementarity.csv,1327,220b292a7652e4fa142dc6c0ab5e3b96172d4470d54007dafb1221737fc3777f,libemg_contraction_intensity,9,80P,Core,F5_Temporal,0.7855533190649868,0.21428571428571425,0.07142857142857142,0.03571428571428571,"{""session/domain"": ""recorded condition/domain; not an inferred session ID""}"
feature_bank_force_concat_core_final_20260915,error_complementarity.csv,1328,e2806ab06470de49b180bcb2a7f343ec135a8c99afb16cccca533695c75af590,libemg_contraction_intensity,9,80P,Core,F9_Quality,0.75,0.17857142857142855,0.14285714285714285,0.0,"{""session/domain"": ""recorded condition/domain; not an inferred session ID""}"
feature_bank_force_concat_core_final_20260915,error_complementarity.csv,1329,dd87cd42138a8a81bb766b9b17bb2e04af5ea67ddcc58a6cb3bd5a12d83a6ccb,libemg_contraction_intensity,9,MVC,Core,F3_Ring,0.34426518632954817,0.4999999999999999,0.2857142857142857,0.07142857142857142,"{""session/domain"": ""recorded condition/domain; not an inferred session ID""}"
feature_bank_force_concat_core_final_20260915,error_complementarity.csv,1330,ad682161314a24e9c597c95cd47ad9b39b9034db8f43ca95069476e362612c56,libemg_contraction_intensity,9,MVC,Core,F4_Spectral,0.8660254037844386,0.14285714285714285,0.07142857142857142,0.0,"{""session/domain"": ""recorded condition/domain; not an inferred session ID""}"
feature_bank_force_concat_core_final_20260915,error_complementarity.csv,1331,2d3f23e85a43973e9974febbc842789f121f8b30bedac0ae99dce6d303f0c1fd,libemg_contraction_intensity,9,MVC,Core,F5_Temporal,0.8606629658238704,0.21428571428571427,0.0,0.07142857142857142,"{""session/domain"": ""recorded condition/domain; not an inferred session ID""}"
feature_bank_force_concat_core_final_20260915,error_complementarity.csv,1332,2c65c29e6d97a7b3065cfdbc10b4d01f58c1fc9bf82c8cf402e8c7e605dd6dd1,libemg_contraction_intensity,9,MVC,Core,F9_Quality,0.75,0.2857142857142857,0.14285714285714285,0.0,"{""session/domain"": ""recorded condition/domain; not an inferred session ID""}"
feature_bank_force_concat_core_final_20260915,error_complementarity.csv,1333,c8f9f8690c23b51a50d4517094d92ac990a077768a5c4adefe4ebdeef5651084,libemg_contraction_intensity,9,Light,Core,F3_Ring,0.441510785688348,0.6071428571428571,0.2857142857142857,0.03571428571428571,"{""session/domain"": ""recorded condition/domain; not an inferred session ID""}"
feature_bank_force_concat_core_final_20260915,error_complementarity.csv,1334,4ddd0e7e8530edf72d930b8bce4a9cafcf400e423150e7bf3ee91427cb7ffc62,libemg_contraction_intensity,9,Light,Core,F4_Spectral,0.30905754998184365,0.2857142857142857,0.10714285714285714,0.17857142857142855,"{""session/domain"": ""recorded condition/domain; not an inferred session ID""}"
feature_bank_force_concat_core_final_20260915,error_complementarity.csv,1335,ac4b8f11882089d0cd233ede93e4ddf616af967d0e7462cd19b81c7b8663f1fd,libemg_contraction_intensity,9,Light,Core,F5_Temporal,0.2292793797819215,0.4285714285714285,0.21428571428571425,0.14285714285714285,"{""session/domain"": ""recorded condition/domain; not an inferred session ID""}"
feature_bank_force_concat_core_final_20260915,error_complementarity.csv,1336,8a389038e0c0deeac57a46356d41a3d7ddb580d21c1fe9672dda5d2ecf91e953,libemg_contraction_intensity,9,Light,Core,F9_Quality,0.12595414817859238,0.5357142857142857,0.2857142857142857,0.14285714285714285,"{""session/domain"": ""recorded condition/domain; not an inferred session ID""}"
feature_bank_force_concat_core_final_20260915,error_complementarity.csv,1337,f23cfc6bf75ba977135916ad274180a4d4a4fa63c997fe1b76d140c9f47d4a0f,libemg_contraction_intensity,9,Medium,Core,F3_Ring,0.3721042037676254,0.5,0.3214285714285714,0.03571428571428571,"{""session/domain"": ""recorded condition/domain; not an inferred session ID""}"
feature_bank_force_concat_core_final_20260915,error_complementarity.csv,1338,e8eb5a333807ca38c9b84aba595a9ff430b091aee5573c41d4f557454bbb9dcb,libemg_contraction_intensity,9,Medium,Core,F4_Spectral,0.16151457061744962,0.2857142857142857,0.10714285714285714,0.17857142857142855,"{""session/domain"": ""recorded condition/domain; not an inferred session ID""}"
feature_bank_force_concat_core_final_20260915,error_complementarity.csv,1339,3a3dc402aae0f9fc3f4ab89318227eff5979e4b57db42c6a12762fadac0e5194,libemg_contraction_intensity,9,Medium,Core,F5_Temporal,0.6190476190476192,0.21428571428571425,0.07142857142857142,0.07142857142857142,"{""session/domain"": ""recorded condition/domain; not an inferred session ID""}"
feature_bank_force_concat_core_final_20260915,error_complementarity.csv,1340,902a975786e0c815fcebbdaf1f28ebd5d511214b6c37d4c76b756f318311bba6,libemg_contraction_intensity,9,Medium,Core,F9_Quality,0.5477225575051663,0.24999999999999994,0.10714285714285714,0.07142857142857142,"{""session/domain"": ""recorded condition/domain; not an inferred session ID""}"
feature_bank_force_concat_core_final_20260915,error_complementarity.csv,1341,3bebabf6e3939a1625b2cc3c72e8b338c510006b3d2d16a5f4df4c3057696df0,libemg_contraction_intensity,9,Hard,Core,F3_Ring,-0.013312051063847866,0.6428571428571427,0.5357142857142857,0.07142857142857142,"{""session/domain"": ""recorded condition/domain; not an inferred session ID""}"
feature_bank_force_concat_core_final_20260915,error_complementarity.csv,1342,b6317cf8de7b574e705b3177abd5b8ccb05c2ae3371659d840f5bbec88722b8f,libemg_contraction_intensity,9,Hard,Core,F4_Spectral,0.4861724348043978,0.3928571428571428,0.32142857142857134,0.0,"{""session/domain"": ""recorded condition/domain; not an inferred session ID""}"
feature_bank_force_concat_core_final_20260915,error_complementarity.csv,1343,27aebeb97a08a83b333483ba0ff1ec7cf5de6acfcebee53d014d738db6203772,libemg_contraction_intensity,9,Hard,Core,F5_Temporal,0.6030226891555271,0.24999999999999994,0.21428571428571425,0.0,"{""session/domain"": ""recorded condition/domain; not an inferred session ID""}"
feature_bank_force_concat_core_final_20260915,error_complementarity.csv,1344,4251dbc43dd038a90ae194a4d08f9c6f8d1e35fbf6be5513b8166f92be5d1b96,libemg_contraction_intensity,9,Hard,Core,F9_Quality,0.5222329678670935,0.28571428571428564,0.28571428571428564,0.0,"{""session/domain"": ""recorded condition/domain; not an inferred session ID""}"
feature_bank_force_concat_core_final_20260915,error_complementarity.csv,1345,332ec19533cf5122ad9f4658b0037477cb8ad61dcc58e6fc5e7ce68764d3abb9,libemg_contraction_intensity,10,"{""source_condition"": ""Ramp""}",Core,F3_Ring,0.00462180699673586,0.8299319727891157,0.3333333333333333,0.11904761904761904,"{""session/domain"": ""run manifest evaluation domain""}"
feature_bank_force_concat_core_final_20260915,error_complementarity.csv,1346,29f3a1a4074e794d92c7f6940de15113a4a35a654108cb348bc4063abb009b24,libemg_contraction_intensity,10,"{""source_condition"": ""Ramp""}",Core,F4_Spectral,0.6069772634423873,0.4965986394557823,0.12925170068027209,0.061224489795918366,"{""session/domain"": ""run manifest evaluation domain""}"
feature_bank_force_concat_core_final_20260915,error_complementarity.csv,1347,61c6d5b17ece1f8e2133879583396ebdbc06f6699e8402ebf04164f26cd31a82,libemg_contraction_intensity,10,"{""source_condition"": ""Ramp""}",Core,F5_Temporal,0.4153743095981831,0.564625850340136,0.24149659863945577,0.044217687074829926,"{""session/domain"": ""run manifest evaluation domain""}"
feature_bank_force_concat_core_final_20260915,error_complementarity.csv,1348,509009392a16dd4eaff84a0192eb5361a22c29707186b45d9b6b0482e9fb82ba,libemg_contraction_intensity,10,"{""source_condition"": ""Ramp""}",Core,F9_Quality,0.3968048464682824,0.4625850340136054,0.19047619047619044,0.09863945578231292,"{""session/domain"": ""run manifest evaluation domain""}"
feature_bank_force_concat_core_final_20260915,error_complementarity.csv,1349,d4b408dbb71231c2155f1026fcc90e752153fd5d875095901c70a6f6ae00bc11,libemg_contraction_intensity,10,20P,Core,F3_Ring,0.16151457061744967,0.7499999999999999,0.17857142857142855,0.10714285714285714,"{""session/domain"": ""recorded condition/domain; not an inferred session ID""}"
feature_bank_force_concat_core_final_20260915,error_complementarity.csv,1350,389816a1f2807463aa53ab190f0b4ce1b00c0aa6e830d9510033f193022fb93a,libemg_contraction_intensity,10,20P,Core,F4_Spectral,0.4285714285714288,0.4642857142857142,0.10714285714285714,0.10714285714285714,"{""session/domain"": ""recorded condition/domain; not an inferred session ID""}"
feature_bank_force_concat_core_final_20260915,error_complementarity.csv,1351,3e3ae80dd76d46062f07f10b1a063abf994783c7626fc8bd8f168e16c57faa50,libemg_contraction_intensity,10,20P,Core,F5_Temporal,0.30151134457776363,0.6785714285714285,0.14285714285714285,0.10714285714285714,"{""session/domain"": ""recorded condition/domain; not an inferred session ID""}"
feature_bank_force_concat_core_final_20260915,error_complementarity.csv,1352,89c74247753a6ba044188578d15824d3ec94a63f0b5e536bfe483f998ce9b3a0,libemg_contraction_intensity,10,20P,Core,F9_Quality,0.36514837167011066,0.4285714285714285,0.10714285714285714,0.14285714285714285,"{""session/domain"": ""recorded condition/domain; not an inferred session ID""}"
feature_bank_force_concat_core_final_20260915,error_complementarity.csv,1353,a29a46bf0ed936c5aab8a8f9402cc21eec95048125980ee2580461dcb5e55f9b,libemg_contraction_intensity,10,30P,Core,F3_Ring,0.33471934069760145,0.7857142857142856,0.25,0.03571428571428571,"{""session/domain"": ""recorded condition/domain; not an inferred session ID""}"
feature_bank_force_concat_core_final_20260915,error_complementarity.csv,1354,4e6dd4a54c91dcf3a790890de4e13bb0b8168e2212a2a4e0056c97074b46ea54,libemg_contraction_intensity,10,30P,Core,F4_Spectral,0.4445906192368999,0.6071428571428571,0.14285714285714285,0.10714285714285714,"{""session/domain"": ""recorded condition/domain; not an inferred session ID""}"
feature_bank_force_concat_core_final_20260915,error_complementarity.csv,1355,e86be28ae7ac2eaea13fe5bb0a1e1102c4b6fc22bc152ac58d19ddfc8afe8fec,libemg_contraction_intensity,10,30P,Core,F5_Temporal,0.3373495424699932,0.49999999999999994,0.21428571428571427,0.07142857142857142,"{""session/domain"": ""recorded condition/domain; not an inferred session ID""}"
feature_bank_force_concat_core_final_20260915,error_complementarity.csv,1356,561e388abc56cd4ebae57d4bd9b2d9edf44e0c375e856aaa331ea94836ceaab2,libemg_contraction_intensity,10,30P,Core,F9_Quality,0.125397354143741,0.5714285714285714,0.21428571428571427,0.17857142857142855,"{""session/domain"": ""recorded condition/domain; not an inferred session ID""}"
feature_bank_force_concat_core_final_20260915,error_complementarity.csv,1357,4becbf44a8d2890cea75b83786d6df5935dd9a208d0f2bed3ff645a37196ddae,libemg_contraction_intensity,10,40P,Core,F3_Ring,0.08247860988423224,0.857142857142857,0.3571428571428571,0.10714285714285714,"{""session/domain"": ""recorded condition/domain; not an inferred session ID""}"
feature_bank_force_concat_core_final_20260915,error_complementarity.csv,1358,6df2157020cbe3a9fb086e5dbbedb92b957484f4e2967389ea3d07b69453efd6,libemg_contraction_intensity,10,40P,Core,F4_Spectral,0.8043996665398441,0.3571428571428571,0.10714285714285714,0.0,"{""session/domain"": ""recorded condition/domain; not an inferred session ID""}"
feature_bank_force_concat_core_final_20260915,error_complementarity.csv,1359,8f35f4c23f675a0a158c5088ad372771a9f19f175158dcfdd15f0bc7a59b329f,libemg_contraction_intensity,10,40P,Core,F5_Temporal,0.5222329678670936,0.46428571428571425,0.2857142857142857,0.0,"{""session/domain"": ""recorded condition/domain; not an inferred session ID""}"
feature_bank_force_concat_core_final_20260915,error_complementarity.csv,1360,41e73fbbdd220b61d7ad374c16c9704b9a4489350e7f6eb7a826ae67e88b06ec,libemg_contraction_intensity,10,40P,Core,F9_Quality,0.447213595499958,0.5357142857142856,0.21428571428571427,0.07142857142857142,"{""session/domain"": ""recorded condition/domain; not an inferred session ID""}"
feature_bank_force_concat_core_final_20260915,error_complementarity.csv,1361,ac6ccfcadd21c193ad1df793d5f506fd4b9faa5bd16de6bd97707b3d6fad54b3,libemg_contraction_intensity,10,50P,Core,F3_Ring,0.13712555853457373,0.7857142857142856,0.3928571428571428,0.07142857142857142,"{""session/domain"": ""recorded condition/domain; not an inferred session ID""}"
feature_bank_force_concat_core_final_20260915,error_complementarity.csv,1362,2ee700bdc52309561a225d35760ee2fea52f8e7d8ff7cb8ca2aebff87119df6c,libemg_contraction_intensity,10,50P,Core,F4_Spectral,0.8666666666666664,0.21428571428571425,0.07142857142857142,0.0,"{""session/domain"": ""recorded condition/domain; not an inferred session ID""}"
feature_bank_force_concat_core_final_20260915,error_complementarity.csv,1363,5d979b41d65415153395d7839dad8293a2849b189db0da2ea217f1a3fa49c099,libemg_contraction_intensity,10,50P,Core,F5_Temporal,0.4340573661412155,0.6071428571428571,0.35714285714285715,0.0,"{""session/domain"": ""recorded condition/domain; not an inferred session ID""}"
feature_bank_force_concat_core_final_20260915,error_complementarity.csv,1364,d817aa5bf32bdaa04a9d6ac30a0c45e6f090f7104affe08dfdf5f6f709027c15,libemg_contraction_intensity,10,50P,Core,F9_Quality,0.3089682853364634,0.3928571428571428,0.25,0.10714285714285714,"{""session/domain"": ""recorded condition/domain; not an inferred session ID""}"
feature_bank_force_concat_core_final_20260915,error_complementarity.csv,1365,7ba33e2e3762eb8938ad6630a0a96d901544651cdaecc3196be4691cad64e1c8,libemg_contraction_intensity,10,60P,Core,F3_Ring,-0.16151457061744964,0.9285714285714284,0.5,0.10714285714285714,"{""session/domain"": ""recorded condition/domain; not an inferred session ID""}"
feature_bank_force_concat_core_final_20260915,error_complementarity.csv,1366,55e050c53c3f36a2996f2ed5fde8b0318a31b8259fe46248a110f916254b1d02,libemg_contraction_intensity,10,60P,Core,F4_Spectral,0.6041666666666665,0.4642857142857142,0.17857142857142855,0.03571428571428571,"{""session/domain"": ""recorded condition/domain; not an inferred session ID""}"
feature_bank_force_concat_core_final_20260915,error_complementarity.csv,1367,8be228e555fc3e0365a792d59210b3da6bd1fd4271d8ad287d2f59d56e1e8516,libemg_contraction_intensity,10,60P,Core,F5_Temporal,0.40378642654362396,0.6071428571428571,0.39285714285714285,0.0,"{""session/domain"": ""recorded condition/domain; not an inferred session ID""}"
feature_bank_force_concat_core_final_20260915,error_complementarity.csv,1368,7fa2211de4d8a0c36e5995876a517d19647d22a18dde70f8cd9575a5c03978da,libemg_contraction_intensity,10,60P,Core,F9_Quality,0.34426518632954806,0.5357142857142857,0.2857142857142857,0.07142857142857142,"{""session/domain"": ""recorded condition/domain; not an inferred session ID""}"
feature_bank_force_concat_core_final_20260915,error_complementarity.csv,1369,6a378f6f11e363db10b969ca9fefb6364ebfc9461b510ee87d668b6e7ba4d4aa,libemg_contraction_intensity,10,70P,Core,F3_Ring,-0.3823595564509362,0.8928571428571427,0.42857142857142855,0.24999999999999994,"{""session/domain"": ""recorded condition/domain; not an inferred session ID""}"
feature_bank_force_concat_core_final_20260915,error_complementarity.csv,1370,a0ced574f8ae7db36519185a1bc70f5e3bc7a10ecf89ec689cc78de05678e952,libemg_contraction_intensity,10,70P,Core,F4_Spectral,0.577350269189626,0.4642857142857142,0.14285714285714285,0.07142857142857142,"{""session/domain"": ""recorded condition/domain; not an inferred session ID""}"
feature_bank_force_concat_core_final_20260915,error_complementarity.csv,1371,9ce80cde7578ae6d77e242ac59e6bc813381587bf10ff0cee5a0c5b0ab4022af,libemg_contraction_intensity,10,70P,Core,F5_Temporal,0.31622776601683794,0.5714285714285714,0.2857142857142857,0.07142857142857142,"{""session/domain"": ""recorded condition/domain; not an inferred session ID""}"
feature_bank_force_concat_core_final_20260915,error_complementarity.csv,1372,09853fb84e3025f98fb1891a1a330d61a17fdab32ffb11a50d4b4737130a8a38,libemg_contraction_intensity,10,70P,Core,F9_Quality,0.5353033790313108,0.3928571428571428,0.21428571428571425,0.03571428571428571,"{""session/domain"": ""recorded condition/domain; not an inferred session ID""}"
feature_bank_force_concat_core_final_20260915,error_complementarity.csv,1373,9dd4dcda6ecf6055771ec5a9a9043362e3410cdaae0db4255286742ecf46c7f4,libemg_contraction_intensity,10,80P,Core,F3_Ring,0.02207553928441741,0.7857142857142856,0.2857142857142857,0.17857142857142855,"{""session/domain"": ""recorded condition/domain; not an inferred session ID""}"
feature_bank_force_concat_core_final_20260915,error_complementarity.csv,1374,f3cf125f1865f7f1be07b7d883f6c0a0b59f5afeaa98e4b627cbc3abcb9a96c0,libemg_contraction_intensity,10,80P,Core,F4_Spectral,0.5625,0.5357142857142857,0.10714285714285714,0.10714285714285714,"{""session/domain"": ""recorded condition/domain; not an inferred session ID""}"
feature_bank_force_concat_core_final_20260915,error_complementarity.csv,1375,93a6851b11ba8e0797440ee5aca18aa4bb681d74083fc8ba2cf3349398fcdae7,libemg_contraction_intensity,10,80P,Core,F5_Temporal,0.09128709291752767,0.6428571428571428,0.2857142857142857,0.14285714285714285,"{""session/domain"": ""recorded condition/domain; not an inferred session ID""}"
feature_bank_force_concat_core_final_20260915,error_complementarity.csv,1376,e50b957d67d4459a77c830a9e7f2fffb51dcb74f5f79a014973947fa8c70ff01,libemg_contraction_intensity,10,80P,Core,F9_Quality,0.3311330892662609,0.5357142857142857,0.21428571428571427,0.10714285714285714,"{""session/domain"": ""recorded condition/domain; not an inferred session ID""}"
feature_bank_force_concat_core_final_20260915,error_complementarity.csv,1377,7f1c69d4aacc4c14df93e7ce1c031403e8d1cbf67074c70625680082d5f3122d,libemg_contraction_intensity,10,MVC,Core,F3_Ring,-0.41079191812887456,0.9285714285714284,0.4999999999999999,0.21428571428571427,"{""session/domain"": ""recorded condition/domain; not an inferred session ID""}"
feature_bank_force_concat_core_final_20260915,error_complementarity.csv,1378,46aa9cea0322c5df48e9909429c925e64dcbc615f8d45d724661f079df1fd2e7,libemg_contraction_intensity,10,MVC,Core,F4_Spectral,0.45833333333333337,0.4285714285714285,0.21428571428571427,0.07142857142857142,"{""session/domain"": ""recorded condition/domain; not an inferred session ID""}"
feature_bank_force_concat_core_final_20260915,error_complementarity.csv,1379,0b953cabe92d97357986fc71cb6a44af035d3064279d06becf1f161b16f47bc1,libemg_contraction_intensity,10,MVC,Core,F5_Temporal,0.45226701686664567,0.3571428571428571,0.3571428571428571,0.0,"{""session/domain"": ""recorded condition/domain; not an inferred session ID""}"
feature_bank_force_concat_core_final_20260915,error_complementarity.csv,1380,3ebc27c83fc5e49aa665e5b6975716794964286d62ff0b8a061d3ba75ed78318,libemg_contraction_intensity,10,MVC,Core,F9_Quality,0.5477225575051662,0.4999999999999999,0.2857142857142857,0.0,"{""session/domain"": ""recorded condition/domain; not an inferred session ID""}"
feature_bank_force_concat_core_final_20260915,error_complementarity.csv,1381,bafaab06883aadf06c3502f0c45b9fccfdeda6d1455ee55b35c8dbc718579874,libemg_contraction_intensity,10,Light,Core,F3_Ring,0.3243723035407737,0.8214285714285713,0.17857142857142855,0.07142857142857142,"{""session/domain"": ""recorded condition/domain; not an inferred session ID""}"
feature_bank_force_concat_core_final_20260915,error_complementarity.csv,1382,5e69e92eaf9728b0bfde244cbc06468581e8e55e224f5e380bfcf08f13ebc14a,libemg_contraction_intensity,10,Light,Core,F4_Spectral,0.5307910421576295,0.7857142857142856,0.14285714285714285,0.03571428571428571,"{""session/domain"": ""recorded condition/domain; not an inferred session ID""}"
feature_bank_force_concat_core_final_20260915,error_complementarity.csv,1383,bbcc68b9f175bb98800fad9afc6cadff24d92d3c93d6857fed55219d60c250ce,libemg_contraction_intensity,10,Light,Core,F5_Temporal,0.6330541649476573,0.6428571428571428,0.10714285714285714,0.03571428571428571,"{""session/domain"": ""recorded condition/domain; not an inferred session ID""}"
feature_bank_force_concat_core_final_20260915,error_complementarity.csv,1384,91cb917bec90911d35df9cf6329cefff32fec2a1c3ee5ad08a74fb4f6e9373fc,libemg_contraction_intensity,10,Light,Core,F9_Quality,0.6835365551469961,0.4642857142857142,0.03571428571428571,0.10714285714285714,"{""session/domain"": ""recorded condition/domain; not an inferred session ID""}"
feature_bank_force_concat_core_final_20260915,error_complementarity.csv,1385,183ba57068548ff54b69e7c73933effec519c1c7241b355b91fd59eec2eeb59c,libemg_contraction_intensity,10,Medium,Core,F3_Ring,-0.017213259316477394,0.7857142857142856,0.3214285714285714,0.07142857142857142,"{""session/domain"": ""recorded condition/domain; not an inferred session ID""}"
feature_bank_force_concat_core_final_20260915,error_complementarity.csv,1386,0561258a11312c1dc5a8ab85f652e7213fcde5a6fbb7163424d609751aecae67,libemg_contraction_intensity,10,Medium,Core,F4_Spectral,0.683536555146996,0.5357142857142857,0.10714285714285714,0.03571428571428571,"{""session/domain"": ""recorded condition/domain; not an inferred session ID""}"
feature_bank_force_concat_core_final_20260915,error_complementarity.csv,1387,1a23628c390e1fc5481664567afdfc8c2b6cb5bc9fbea9f988b9a817f2023246,libemg_contraction_intensity,10,Medium,Core,F5_Temporal,0.7006490497453709,0.5357142857142857,0.14285714285714285,0.0,"{""session/domain"": ""recorded condition/domain; not an inferred session ID""}"
feature_bank_force_concat_core_final_20260915,error_complementarity.csv,1388,cbdc456e887700ba3ff9f609de64e4ea5c6c72ce08ca4d2b29cf65309160702f,libemg_contraction_intensity,10,Medium,Core,F9_Quality,0.3777777777777777,0.3571428571428571,0.14285714285714285,0.14285714285714285,"{""session/domain"": ""recorded condition/domain; not an inferred session ID""}"
feature_bank_force_concat_core_final_20260915,error_complementarity.csv,1389,66cf3d21d37360306a72200fce3aa7eba06769c5cb3cd4cab63f4f64101e60e7,libemg_contraction_intensity,10,Hard,Core,F3_Ring,-0.3042903097250923,0.857142857142857,0.3571428571428571,0.14285714285714285,"{""session/domain"": ""recorded condition/domain; not an inferred session ID""}"
feature_bank_force_concat_core_final_20260915,error_complementarity.csv,1390,93fa147a631a9e03b81b30f11e98feee806834a20f64e0dd0fdec0701d4c92c8,libemg_contraction_intensity,10,Hard,Core,F4_Spectral,0.44459061923689996,0.5714285714285714,0.14285714285714285,0.10714285714285714,"{""session/domain"": ""recorded condition/domain; not an inferred session ID""}"
feature_bank_force_concat_core_final_20260915,error_complementarity.csv,1391,db28b196fff47d39f2eab09c69cf70f18ddab24500c468a2bfd8811d1215c24a,libemg_contraction_intensity,10,Hard,Core,F5_Temporal,0.6024640760767092,0.49999999999999994,0.14285714285714285,0.03571428571428571,"{""session/domain"": ""recorded condition/domain; not an inferred session ID""}"
feature_bank_force_concat_core_final_20260915,error_complementarity.csv,1392,bfae659418591a278b42349c24015028fa451fb75b40c0bfaa4f930a328a8f2f,libemg_contraction_intensity,10,Hard,Core,F9_Quality,0.4303314829119351,0.3928571428571428,0.17857142857142855,0.07142857142857142,"{""session/domain"": ""recorded condition/domain; not an inferred session ID""}"
feature_bank_force_concat_core_final_20260915,error_complementarity.csv,1393,a6d49a33ead8c2e232ab55df1b67361e3387f0a8b5ed5939a24eaf9e713b3e2a,libemg_contraction_intensity,ALL,"{""source_condition"": ""Ramp""}",Core,F3_Ring,0.2106236395569443,0.6989795918367347,0.34523809523809523,0.08163265306122448,"{""session/domain"": ""run manifest evaluation domain""}"
feature_bank_force_concat_core_final_20260915,error_complementarity.csv,1394,f63e7e7997c1b35637f04eb930260a4ad4467e3aae3d5897c674b0ffbc9fc3ca,libemg_contraction_intensity,ALL,"{""source_condition"": ""Ramp""}",Core,F4_Spectral,0.5847558335509053,0.3996598639455782,0.14625850340136054,0.06632653061224489,"{""session/domain"": ""run manifest evaluation domain""}"
feature_bank_force_concat_core_final_20260915,error_complementarity.csv,1395,fe038152403ecc7e9b51a06a578fd47046be775897358bc0f0a4933da2da545f,libemg_contraction_intensity,ALL,"{""source_condition"": ""Ramp""}",Core,F5_Temporal,0.5604995497954162,0.40646258503401356,0.1921768707482993,0.044217687074829926,"{""session/domain"": ""run manifest evaluation domain""}"
feature_bank_force_concat_core_final_20260915,error_complementarity.csv,1396,82387ec983dda8d8e69f0b861ce10400755224668a7b1b025788640205b8eebc,libemg_contraction_intensity,ALL,"{""source_condition"": ""Ramp""}",Core,F9_Quality,0.5058781271064082,0.37074829931972786,0.18537414965986393,0.07142857142857142,"{""session/domain"": ""run manifest evaluation domain""}"
feature_bank_force_concat_core_final_20260915,error_complementarity.csv,1397,5f882500f80136e75b33e93d811c75b31e5880cd3b9867ede99c27a25a26250f,libemg_contraction_intensity,ALL,20P,Core,F3_Ring,0.2426200880808702,0.7499999999999999,0.3571428571428571,0.05357142857142857,"{""session/domain"": ""recorded condition/domain; not an inferred session ID""}"
feature_bank_force_concat_core_final_20260915,error_complementarity.csv,1398,8eb3c04f8c1631cb124350fb9a005c2a39031a7d9be87df8297d2b19e1449ecb,libemg_contraction_intensity,ALL,20P,Core,F4_Spectral,0.46458209842971115,0.39285714285714285,0.14285714285714285,0.125,"{""session/domain"": ""recorded condition/domain; not an inferred session ID""}"
feature_bank_force_concat_core_final_20260915,error_complementarity.csv,1399,bab73d4478564edfa428bed3becab7ebf9fe71a0fd775d20644cf06af4ebccd6,libemg_contraction_intensity,ALL,20P,Core,F5_Temporal,0.47455475311913253,0.5178571428571428,0.17857142857142855,0.08928571428571427,"{""session/domain"": ""recorded condition/domain; not an inferred session ID""}"
feature_bank_force_concat_core_final_20260915,error_complementarity.csv,1400,d1f67965a925f3cb54d9a65b6fb53d3657cef0856ebde895605130c0989e7c1c,libemg_contraction_intensity,ALL,20P,Core,F9_Quality,0.391555423749147,0.39285714285714285,0.14285714285714285,0.1607142857142857,"{""session/domain"": ""recorded condition/domain; not an inferred session ID""}"
feature_bank_force_concat_core_final_20260915,error_complementarity.csv,1401,e86c4cf4d3609727f1fd5b0330e64590fe20832998ec78c2cd4ab6a0bfb1e534,libemg_contraction_intensity,ALL,30P,Core,F3_Ring,0.2636966801102291,0.6785714285714285,0.33928571428571425,0.07142857142857142,"{""session/domain"": ""recorded condition/domain; not an inferred session ID""}"
feature_bank_force_concat_core_final_20260915,error_complementarity.csv,1402,6f7aac2ee33455809fdebe2b714940983a7d44a45f20b460de3aea43a03021fe,libemg_contraction_intensity,ALL,30P,Core,F4_Spectral,0.6056444299263617,0.3928571428571428,0.125,0.07142857142857142,"{""session/domain"": ""recorded condition/domain; not an inferred session ID""}"
feature_bank_force_concat_core_final_20260915,error_complementarity.csv,1403,6736f88dfa3c01dc3961332bf3c36416006cb6ca6ff9bc7fe62f31b9607fc022,libemg_contraction_intensity,ALL,30P,Core,F5_Temporal,0.5306677191463529,0.375,0.19642857142857142,0.05357142857142857,"{""session/domain"": ""recorded condition/domain; not an inferred session ID""}"
feature_bank_force_concat_core_final_20260915,error_complementarity.csv,1404,9bf9500b0f658bb497224fb340dbf0e804c49f35678137d6fef1be5bb7c055c7,libemg_contraction_intensity,ALL,30P,Core,F9_Quality,0.3266793038882825,0.4821428571428571,0.21428571428571427,0.125,"{""session/domain"": ""recorded condition/domain; not an inferred session ID""}"
feature_bank_force_concat_core_final_20260915,error_complementarity.csv,1405,30d5c4cd9b918ce7f0033b60893f2128e45802af1a8a097a14c482b026707866,libemg_contraction_intensity,ALL,40P,Core,F3_Ring,0.340051901534403,0.6607142857142856,0.2857142857142857,0.07142857142857142,"{""session/domain"": ""recorded condition/domain; not an inferred session ID""}"
feature_bank_force_concat_core_final_20260915,error_complementarity.csv,1406,9a2e3919a65ab94dbd775fe1a01abeff9155d74740fd71e1188158442cde7c6b,libemg_contraction_intensity,ALL,40P,Core,F4_Spectral,0.746605220205906,0.2678571428571428,0.05357142857142857,0.07142857142857142,"{""session/domain"": ""recorded condition/domain; not an inferred session ID""}"
feature_bank_force_concat_core_final_20260915,error_complementarity.csv,1407,d0983a7e22978da30b2ab24e02ca5239621d96c7ab9ace02891a5627858eec64,libemg_contraction_intensity,ALL,40P,Core,F5_Temporal,0.5752709721445185,0.33928571428571425,0.1964285714285714,0.03571428571428571,"{""session/domain"": ""recorded condition/domain; not an inferred session ID""}"
feature_bank_force_concat_core_final_20260915,error_complementarity.csv,1408,bb211f14bd2a4cc1dae969875a463cbe21e6814a23c35cfa82384dd9dd08d6c7,libemg_contraction_intensity,ALL,40P,Core,F9_Quality,0.6036834249748438,0.3571428571428571,0.17857142857142855,0.03571428571428571,"{""session/domain"": ""recorded condition/domain; not an inferred session ID""}"
feature_bank_force_concat_core_final_20260915,error_complementarity.csv,1409,4af9758837e344fe402124ec59bcf226f34c74d6ec070299ccc1045af498ce9c,libemg_contraction_intensity,ALL,50P,Core,F3_Ring,0.2186432666440485,0.6607142857142856,0.4107142857142857,0.05357142857142857,"{""session/domain"": ""recorded condition/domain; not an inferred session ID""}"
feature_bank_force_concat_core_final_20260915,error_complementarity.csv,1410,b61fbeb48974dbd9475f893d6eda1e11b81c6ee0382ec3d4ec5d2fd7ba173ba2,libemg_contraction_intensity,ALL,50P,Core,F4_Spectral,0.7008255578851517,0.2857142857142857,0.14285714285714285,0.017857142857142856,"{""session/domain"": ""recorded condition/domain; not an inferred session ID""}"
feature_bank_force_concat_core_final_20260915,error_complementarity.csv,1411,f8a8da2801bdf3e0e618e7ed75ea06f09b1a1c380e5e99e5abe951dee36ddfb6,libemg_contraction_intensity,ALL,50P,Core,F5_Temporal,0.5773502691896257,0.4107142857142857,0.2678571428571428,0.0,"{""session/domain"": ""recorded condition/domain; not an inferred session ID""}"
feature_bank_force_concat_core_final_20260915,error_complementarity.csv,1412,3515e9c9d0025cbe224d1887290ef800673e92888581728522f9082f88e99608,libemg_contraction_intensity,ALL,50P,Core,F9_Quality,0.5532833351724881,0.26785714285714285,0.17857142857142855,0.05357142857142857,"{""session/domain"": ""recorded condition/domain; not an inferred session ID""}"
feature_bank_force_concat_core_final_20260915,error_complementarity.csv,1413,d0dd2da1a9cf6fc782e6f2de637fa3891ee83f1df444a713176651f338e47b4b,libemg_contraction_intensity,ALL,60P,Core,F3_Ring,0.10369516947304254,0.8035714285714284,0.39285714285714285,0.08928571428571427,"{""session/domain"": ""recorded condition/domain; not an inferred session ID""}"
feature_bank_force_concat_core_final_20260915,error_complementarity.csv,1414,0fb02ee7194a0242403ddc540dd9b88020c8d95c2b8f87f793d877a616e2a403,libemg_contraction_intensity,ALL,60P,Core,F4_Spectral,0.5752709721445185,0.4107142857142857,0.1964285714285714,0.03571428571428571,"{""session/domain"": ""recorded condition/domain; not an inferred session ID""}"
feature_bank_force_concat_core_final_20260915,error_complementarity.csv,1415,70679fc1e4d26a8f52d9a10117ee9e55e863bec3a917d4ac61fe763df39bd2a6,libemg_contraction_intensity,ALL,60P,Core,F5_Temporal,0.5431788591370021,0.4107142857142857,0.2857142857142857,0.0,"{""session/domain"": ""recorded condition/domain; not an inferred session ID""}"
feature_bank_force_concat_core_final_20260915,error_complementarity.csv,1416,582e47e4510c77368fcb3be9e34d1621b5f6edc7a69901a37401d3344a3a8cd9,libemg_contraction_intensity,ALL,60P,Core,F9_Quality,0.5472118969969987,0.33928571428571425,0.21428571428571427,0.03571428571428571,"{""session/domain"": ""recorded condition/domain; not an inferred session ID""}"
feature_bank_force_concat_core_final_20260915,error_complementarity.csv,1417,21ccf6b92623533e5d8328d57d1f9559bd5cbb8983f63d0db60bf5310b467564,libemg_contraction_intensity,ALL,70P,Core,F3_Ring,0.01135923668494131,0.7142857142857142,0.3928571428571428,0.125,"{""session/domain"": ""recorded condition/domain; not an inferred session ID""}"
feature_bank_force_concat_core_final_20260915,error_complementarity.csv,1418,02020a0c78bf429fce22bf88bce025c6cc10848f4b4792083b0fdd3b609aa0ee,libemg_contraction_intensity,ALL,70P,Core,F4_Spectral,0.6036834249748437,0.375,0.17857142857142855,0.03571428571428571,"{""session/domain"": ""recorded condition/domain; not an inferred session ID""}"
feature_bank_force_concat_core_final_20260915,error_complementarity.csv,1419,373c45906a87b40bc618b67a64c146e759c0b2f01eba7f3dc4acc00745149889,libemg_contraction_intensity,ALL,70P,Core,F5_Temporal,0.6036834249748437,0.3571428571428571,0.17857142857142855,0.03571428571428571,"{""session/domain"": ""recorded condition/domain; not an inferred session ID""}"
feature_bank_force_concat_core_final_20260915,error_complementarity.csv,1420,163c5c905f490bbd9aba8d832d54573cf9943ee026f6af94199410eb27194995,libemg_contraction_intensity,ALL,70P,Core,F9_Quality,0.5943823033878491,0.3571428571428571,0.21428571428571427,0.017857142857142856,"{""session/domain"": ""recorded condition/domain; not an inferred session ID""}"
feature_bank_force_concat_core_final_20260915,error_complementarity.csv,1421,8b35d7a73d6b9a5f0081853aff27e97ccd10024296cc3fe0a5802bfa44938851,libemg_contraction_intensity,ALL,80P,Core,F3_Ring,0.29814239699997186,0.6071428571428571,0.24999999999999994,0.10714285714285714,"{""session/domain"": ""recorded condition/domain; not an inferred session ID""}"
feature_bank_force_concat_core_final_20260915,error_complementarity.csv,1422,80d5d22ccd7b281e4e8dff5554b3c4b45f1ab796617d570eb7093bdd923f21c8,libemg_contraction_intensity,ALL,80P,Core,F4_Spectral,0.5850179393017046,0.5,0.1607142857142857,0.05357142857142857,"{""session/domain"": ""recorded condition/domain; not an inferred session ID""}"
feature_bank_force_concat_core_final_20260915,error_complementarity.csv,1423,17395e502db8973b42ce55db8291963fb6571c6d809cb1f868a9cf847667569b,libemg_contraction_intensity,ALL,80P,Core,F5_Temporal,0.4718701056164081,0.42857142857142855,0.17857142857142855,0.08928571428571427,"{""session/domain"": ""recorded condition/domain; not an inferred session ID""}"
feature_bank_force_concat_core_final_20260915,error_complementarity.csv,1424,00f18103544c8fcbcfcdd08ef1045373e5eed4d366968d7272305d45c482aa76,libemg_contraction_intensity,ALL,80P,Core,F9_Quality,0.5532833351724881,0.35714285714285715,0.17857142857142855,0.05357142857142857,"{""session/domain"": ""recorded condition/domain; not an inferred session ID""}"
feature_bank_force_concat_core_final_20260915,error_complementarity.csv,1425,1fea57cffe3592d42cfccba7d416465e55866759723ed278867c553f92d082fc,libemg_contraction_intensity,ALL,MVC,Core,F3_Ring,-0.022075539284417377,0.7142857142857142,0.3928571428571428,0.14285714285714285,"{""session/domain"": ""recorded condition/domain; not an inferred session ID""}"
feature_bank_force_concat_core_final_20260915,error_complementarity.csv,1426,66f1f1e6f64e4e9f3b73749ff5b296c9c15936070f2c52a67385d9e9449c27d3,libemg_contraction_intensity,ALL,MVC,Core,F4_Spectral,0.6615185844757783,0.2857142857142857,0.14285714285714285,0.03571428571428571,"{""session/domain"": ""recorded condition/domain; not an inferred session ID""}"
feature_bank_force_concat_core_final_20260915,error_complementarity.csv,1427,624b48bd23d00415ceb196f624d4b8be27dafb37da0d038989561ae80d052a0a,libemg_contraction_intensity,ALL,MVC,Core,F5_Temporal,0.6041666666666666,0.2857142857142857,0.17857142857142855,0.03571428571428571,"{""session/domain"": ""recorded condition/domain; not an inferred session ID""}"
feature_bank_force_concat_core_final_20260915,error_complementarity.csv,1428,7849efc2602825d49104432de7895cf70a962539199b46a0b2f54f6da4e8a631,libemg_contraction_intensity,ALL,MVC,Core,F9_Quality,0.6454972243679028,0.3928571428571428,0.21428571428571425,0.0,"{""session/domain"": ""recorded condition/domain; not an inferred session ID""}"
feature_bank_force_concat_core_final_20260915,error_complementarity.csv,1429,99fedaf5fcdd7831ec39b31b7c1c84fe13abe98e21c50a7b6d94fa8211918b18,libemg_contraction_intensity,ALL,Light,Core,F3_Ring,0.451071840424283,0.7142857142857142,0.23214285714285715,0.05357142857142857,"{""session/domain"": ""recorded condition/domain; not an inferred session ID""}"
feature_bank_force_concat_core_final_20260915,error_complementarity.csv,1430,e601fca59c82bdf1ac7d6a804a6c8bb5bb119d7f8b775c21b149d0de384b1938,libemg_contraction_intensity,ALL,Light,Core,F4_Spectral,0.534869827212887,0.5357142857142857,0.125,0.10714285714285714,"{""session/domain"": ""recorded condition/domain; not an inferred session ID""}"
feature_bank_force_concat_core_final_20260915,error_complementarity.csv,1431,a4d094968b88651bfd54d174e36144d326be9837324274a609485e899d48faa4,libemg_contraction_intensity,ALL,Light,Core,F5_Temporal,0.5020063330846883,0.5357142857142857,0.1607142857142857,0.08928571428571427,"{""session/domain"": ""recorded condition/domain; not an inferred session ID""}"
feature_bank_force_concat_core_final_20260915,error_complementarity.csv,1432,4bdacd20f807a642e4655d0ae7660eb3b2a4a945c2d468c9080fdc153be04bc1,libemg_contraction_intensity,ALL,Light,Core,F9_Quality,0.42747675229023807,0.5,0.1607142857142857,0.125,"{""session/domain"": ""recorded condition/domain; not an inferred session ID""}"
feature_bank_force_concat_core_final_20260915,error_complementarity.csv,1433,801cf8a94e995e27cc0cb3efd2ffabf06e986fea84d61261cc427828674abf31,libemg_contraction_intensity,ALL,Medium,Core,F3_Ring,0.32941786386329763,0.6428571428571428,0.3214285714285714,0.05357142857142857,"{""session/domain"": ""recorded condition/domain; not an inferred session ID""}"
feature_bank_force_concat_core_final_20260915,error_complementarity.csv,1434,2559f38b8c043a1d658e03f7f29f40d900efd559df28e45cf5e2ba453aeab7a6,libemg_contraction_intensity,ALL,Medium,Core,F4_Spectral,0.5664516129032258,0.4107142857142857,0.10714285714285714,0.10714285714285714,"{""session/domain"": ""recorded condition/domain; not an inferred session ID""}"
feature_bank_force_concat_core_final_20260915,error_complementarity.csv,1435,755b91fb50b1c8bfea0f6d7b2f9894d5c0025e6c45d448831d57249dfd6c9a63,libemg_contraction_intensity,ALL,Medium,Core,F5_Temporal,0.7227309655837958,0.375,0.10714285714285714,0.03571428571428571,"{""session/domain"": ""recorded condition/domain; not an inferred session ID""}"
feature_bank_force_concat_core_final_20260915,error_complementarity.csv,1436,3c0ee2f8843b58b72f6489461f4a22674d4c46931328104f31574ab541b60dd2,libemg_contraction_intensity,ALL,Medium,Core,F9_Quality,0.5324786369041534,0.3035714285714286,0.12499999999999997,0.10714285714285712,"{""session/domain"": ""recorded condition/domain; not an inferred session ID""}"
feature_bank_force_concat_core_final_20260915,error_complementarity.csv,1437,607c3803e96a0083f6a324e4591de2217c4a8c9c6c4a291c1ed58ff3cad90897,libemg_contraction_intensity,ALL,Hard,Core,F3_Ring,-0.036628971787912815,0.7499999999999999,0.4464285714285714,0.10714285714285712,"{""session/domain"": ""recorded condition/domain; not an inferred session ID""}"
feature_bank_force_concat_core_final_20260915,error_complementarity.csv,1438,7ad8cdccd4912b72afb76663e7567682c744ee7e794fe33cef13fab8ac3c07cc,libemg_contraction_intensity,ALL,Hard,Core,F4_Spectral,0.4749753722858427,0.48214285714285715,0.23214285714285712,0.05357142857142857,"{""session/domain"": ""recorded condition/domain; not an inferred session ID""}"
feature_bank_force_concat_core_final_20260915,error_complementarity.csv,1439,aa1644bf571fc691605750dd2c69ca7234b657dfacb302f28707354864fa25f3,libemg_contraction_intensity,ALL,Hard,Core,F5_Temporal,0.6496511005773291,0.37499999999999994,0.17857142857142855,0.017857142857142856,"{""session/domain"": ""recorded condition/domain; not an inferred session ID""}"
feature_bank_force_concat_core_final_20260915,error_complementarity.csv,1440,14b71e047a101cae018b66b3480ee7fdc51acc8ddb0256c80f5ba59a42c8c860,libemg_contraction_intensity,ALL,Hard,Core,F9_Quality,0.521749194749951,0.3392857142857143,0.23214285714285712,0.03571428571428571,"{""session/domain"": ""recorded condition/domain; not an inferred session ID""}"
feature_bank_unibo_temporal_complementarity_validation_20260915,error_complementarity.csv,1441,441debaab1a3eae5702858c459135f424cb4fef41ee38ea55e799b783638c245,unibo_inail,ALL,"{""target_days"": [6]}",reference_F0_plus_validated_G5,reference_F0_plus_reference_F5,0.904484086525559,0.03869955142106446,0.012105297438999057,0.020319899933142344,"{""session/domain"": ""run manifest evaluation domain""}"
feature_bank_unibo_temporal_complementarity_validation_20260915,error_complementarity.csv,1442,983b908a5da4a250ed8e5f8585fa69486e4e72ca389362efd2257e597f6549be,unibo_inail,u01,"{""target_days"": [6]}",reference_F0_plus_validated_G5,reference_F0_plus_reference_F5,0.8495743286450578,0.05308778843705314,0.022323521045947516,0.027414145290983523,"{""session/domain"": ""run manifest evaluation domain""}"
feature_bank_unibo_temporal_complementarity_validation_20260915,error_complementarity.csv,1443,d57cea96858ae913a66b1bddb2ff52940cb9bc9236a979ef36281f325a68b117,unibo_inail,u02,"{""target_days"": [6]}",reference_F0_plus_validated_G5,reference_F0_plus_reference_F5,0.9006305919985375,0.04104885394962794,0.01103450338790896,0.0241970643391696,"{""session/domain"": ""run manifest evaluation domain""}"
feature_bank_unibo_temporal_complementarity_validation_20260915,error_complementarity.csv,1444,9e6d0de03802aa0157fbb73ee406a17291c5d927ae9a5157e929a3b3fdee5adc,unibo_inail,u03,"{""target_days"": [6]}",reference_F0_plus_validated_G5,reference_F0_plus_reference_F5,0.9479264851836434,0.029379842379842383,0.006536219336219337,0.015352380952380954,"{""session/domain"": ""run manifest evaluation domain""}"
feature_bank_unibo_temporal_complementarity_validation_20260915,error_complementarity.csv,1445,ad497ac5622c1d9247cd1cec7eac3d9dc46e80db9b53d3c503f35b5f7fa0278c,unibo_inail,u04,"{""target_days"": [6]}",reference_F0_plus_validated_G5,reference_F0_plus_reference_F5,0.9069439861732402,0.040551454710598775,0.009180681802648924,0.01510119530352738,"{""session/domain"": ""run manifest evaluation domain""}"
feature_bank_unibo_temporal_complementarity_validation_20260915,error_complementarity.csv,1446,7e8ddbd40c84ff0cf119e5083e3572beebf6bc7abfa3d07c1fac73ff126a21b9,unibo_inail,u05,"{""target_days"": [6]}",reference_F0_plus_validated_G5,reference_F0_plus_reference_F5,0.9089180334897495,0.01999310310142338,0.011724127617386835,0.005114955148876451,"{""session/domain"": ""run manifest evaluation domain""}"
feature_bank_unibo_temporal_complementarity_validation_20260915,error_complementarity.csv,1447,48f9450260b40200fd8c7bacc8c5cd6cbe82a0f4784b9dd8ecbe6ba7f9158615,unibo_inail,u06,"{""target_days"": [6]}",reference_F0_plus_validated_G5,reference_F0_plus_reference_F5,0.9407607961035752,0.025886694324194326,0.005243055555555556,0.018732112794612794,"{""session/domain"": ""run manifest evaluation domain""}"
feature_bank_unibo_temporal_complementarity_validation_20260915,error_complementarity.csv,1448,91f051e7d52bf86d365f54748d399b70482d9a79f6ca4a355aa9c5f548162550,unibo_inail,u07,"{""target_days"": [6]}",reference_F0_plus_validated_G5,reference_F0_plus_reference_F5,0.8510418126034425,0.06094912304471128,0.018694973327326267,0.0363274457024457,"{""session/domain"": ""run manifest evaluation domain""}"
feature_bank_unibo_temporal_complementarity_validation_20260915,error_complementarity.csv,1449,6431a3ac0454893feaba859c8fef5507de17eae4d3cf75e504fc104a42202d74,unibo_inail,ALL,posture_1,reference_F0_plus_validated_G5,reference_F0_plus_reference_F5,0.9135040878926486,0.03223711880463602,0.010848648385516989,0.017250866835935064,"{""session/domain"": ""recorded condition/domain; not an inferred session ID""}"
feature_bank_unibo_temporal_complementarity_validation_20260915,error_complementarity.csv,1450,9a220970d2994898347cc9f451899df8a163651ee6acdfd0a6e5622bd73f92fe,unibo_inail,ALL,posture_2,reference_F0_plus_validated_G5,reference_F0_plus_reference_F5,0.903087172253989,0.040744913963898885,0.019326851411771408,0.014807174058797418,"{""session/domain"": ""recorded condition/domain; not an inferred session ID""}"
feature_bank_unibo_temporal_complementarity_validation_20260915,error_complementarity.csv,1451,f4098b6851beaaf9c86c9bda04ed28b7f39f40c1067d06f873b19641a381736b,unibo_inail,ALL,posture_3,reference_F0_plus_validated_G5,reference_F0_plus_reference_F5,0.9075556327751377,0.04202713035388764,0.011723767670334145,0.02029443629094236,"{""session/domain"": ""recorded condition/domain; not an inferred session ID""}"
feature_bank_unibo_temporal_complementarity_validation_20260915,error_complementarity.csv,1452,2b306bce0e9ae3056c25a67b7e3fe3ed7dcdf71d42821b9c9b16e0d1ed705765,unibo_inail,ALL,posture_4,reference_F0_plus_validated_G5,reference_F0_plus_reference_F5,0.8956446215731891,0.03977037442494448,0.006774727739605789,0.028560287285402886,"{""session/domain"": ""recorded condition/domain; not an inferred session ID""}"
feature_bank_unibo_temporal_complementarity_validation_20260915,error_complementarity.csv,1453,231c4e539f7f90307bdea84b6907f7e6998f55995931f292308b979dd9e16a1a,unibo_inail,ALL,class_NEUTRAL,reference_F0_plus_validated_G5,reference_F0_plus_reference_F5,0.8603767285656233,0.0025079828937222643,0.0015208621698308482,0.0005712530095162389,"{""session/domain"": ""recorded condition/domain; not an inferred session ID""}"
feature_bank_unibo_temporal_complementarity_validation_20260915,error_complementarity.csv,1454,0dcb02c632a84258ce6103a5af1273de1682273afd0be71f2ba5f36aca98988c,unibo_inail,ALL,class_PINCH,reference_F0_plus_validated_G5,reference_F0_plus_reference_F5,0.8716872894424587,0.07138470471447587,0.01654386793389282,0.04166609737810903,"{""session/domain"": ""recorded condition/domain; not an inferred session ID""}"
feature_bank_unibo_temporal_complementarity_validation_20260915,error_complementarity.csv,1455,fc7a8f7210cbf1736358dd4927db7ecc272e548a96af37a8944d935db7871864,unibo_inail,ALL,class_FIST,reference_F0_plus_validated_G5,reference_F0_plus_reference_F5,0.8918958633249827,0.07271822578261652,0.02284382430475597,0.030496502066300352,"{""session/domain"": ""recorded condition/domain; not an inferred session ID""}"
feature_bank_unibo_temporal_complementarity_validation_20260915,error_complementarity.csv,1456,7d691f50eed1302d5057152f21e63e4eda338bbc6e7e1471cd65aa89fdf2b4f7,unibo_inail,ALL,class_OPEN,reference_F0_plus_validated_G5,reference_F0_plus_reference_F5,0.7436208304533795,0.08038737436237538,0.028479898037246924,0.047808614784022006,"{""session/domain"": ""recorded condition/domain; not an inferred session ID""}"
feature_bank_unibo_temporal_complementarity_validation_20260915,error_complementarity.csv,1457,7cc649b2352d8a85cf4b420c94c90d27d020d004245f7c20e7aaddb204ae11c3,unibo_inail,ALL,"{""target_days"": [6]}",validated_G0_plus_validated_G5,validated_G0_plus_reference_F5,0.9230824913854809,0.034500106841821164,0.009982747733204083,0.017447640499533262,"{""session/domain"": ""run manifest evaluation domain""}"
feature_bank_unibo_temporal_complementarity_validation_20260915,error_complementarity.csv,1458,e4eae16acd047010ac6aa64c20d0c456388d7f46f94607c3dfbbfeee58f0ea85,unibo_inail,u01,"{""target_days"": [6]}",validated_G0_plus_validated_G5,validated_G0_plus_reference_F5,0.838176289170765,0.06051445628291855,0.0213138672477707,0.035698470238911414,"{""session/domain"": ""run manifest evaluation domain""}"
feature_bank_unibo_temporal_complementarity_validation_20260915,error_complementarity.csv,1459,980f2b7fa83f3abe71ac4f5b9f6eaf144af1cd69e35045d06a2f444b5d2f2d31,unibo_inail,u02,"{""target_days"": [6]}",validated_G0_plus_validated_G5,validated_G0_plus_reference_F5,0.9134811982361093,0.035391948694580275,0.010779011339537655,0.02019238674981709,"{""session/domain"": ""run manifest evaluation domain""}"
feature_bank_unibo_temporal_complementarity_validation_20260915,error_complementarity.csv,1460,73893f81b94ab31b8fc570919aa27b8d13b641c2d8d4cea80570ac3706932911,unibo_inail,u03,"{""target_days"": [6]}",validated_G0_plus_validated_G5,validated_G0_plus_reference_F5,0.9405804411090767,0.034860250860250866,0.008814141414141415,0.01602837162837163,"{""session/domain"": ""run manifest evaluation domain""}"
feature_bank_unibo_temporal_complementarity_validation_20260915,error_complementarity.csv,1461,f65329760689823710ccdaa3a44675beb14e74827b8800ca3dff6da8e2e0ce90,unibo_inail,u04,"{""target_days"": [6]}",validated_G0_plus_validated_G5,validated_G0_plus_reference_F5,0.9015298691441516,0.030526802488098588,0.008635918211189109,0.01217870917374131,"{""session/domain"": ""run manifest evaluation domain""}"
feature_bank_unibo_temporal_complementarity_validation_20260915,error_complementarity.csv,1462,5c91278adbcf06c3a06940bb42aa9128f6f8038c17e8589571e9b71bf904e339,unibo_inail,u05,"{""target_days"": [6]}",validated_G0_plus_validated_G5,validated_G0_plus_reference_F5,0.8941388886313676,0.02160102774807999,0.012002211023204805,0.008376181377409437,"{""session/domain"": ""run manifest evaluation domain""}"
feature_bank_unibo_temporal_complementarity_validation_20260915,error_complementarity.csv,1463,5b48657c61d5981d72df0f7af2c5ce82436239b9827f09071035b49dd36eaf2a,unibo_inail,u06,"{""target_days"": [6]}",validated_G0_plus_validated_G5,validated_G0_plus_reference_F5,0.9278973586748035,0.0334600468975469,0.007183291245791246,0.023249158249158252,"{""session/domain"": ""run manifest evaluation domain""}"
feature_bank_unibo_temporal_complementarity_validation_20260915,error_complementarity.csv,1464,395c254c594df982d6838ce3f19df22e93446e3cf2610fd4d4114f59e517ac42,unibo_inail,u07,"{""target_days"": [6]}",validated_G0_plus_validated_G5,validated_G0_plus_reference_F5,0.9831956087811597,0.02514621492127297,0.0011507936507936505,0.006410206079323726,"{""session/domain"": ""run manifest evaluation domain""}"
feature_bank_unibo_temporal_complementarity_validation_20260915,error_complementarity.csv,1465,6383fc2de6a9e3f3b1cb6f4108d01ada570918317c8190b8703f0297f5ee4643,unibo_inail,ALL,posture_1,validated_G0_plus_validated_G5,validated_G0_plus_reference_F5,0.901265263672223,0.041809829523346775,0.007831792248728766,0.02862977105462272,"{""session/domain"": ""recorded condition/domain; not an inferred session ID""}"
feature_bank_unibo_temporal_complementarity_validation_20260915,error_complementarity.csv,1466,673b0c53c624b264af8d27a69eaf1a8c0695ae1e003cf28965a592b95be98303,unibo_inail,ALL,posture_2,validated_G0_plus_validated_G5,validated_G0_plus_reference_F5,0.9275938681773247,0.03365195787452135,0.01247940214777599,0.014201987976344697,"{""session/domain"": ""recorded condition/domain; not an inferred session ID""}"
feature_bank_unibo_temporal_complementarity_validation_20260915,error_complementarity.csv,1467,55c0844d6a369fa8caf678eab85eec3424de53bfbd77d1505e5bf612a2226247,unibo_inail,ALL,posture_3,validated_G0_plus_validated_G5,validated_G0_plus_reference_F5,0.938909866790812,0.030308868079410727,0.010079197652869586,0.01200756850090419,"{""session/domain"": ""recorded condition/domain; not an inferred session ID""}"
feature_bank_unibo_temporal_complementarity_validation_20260915,error_complementarity.csv,1468,7bb725f73cfc7214ac44dd8ec0b9ed95dbec6a61fce7c8c4946b90c26158ad4e,unibo_inail,ALL,posture_4,validated_G0_plus_validated_G5,validated_G0_plus_reference_F5,0.9253244273026066,0.03229681851485516,0.00956999619716558,0.01501058297534439,"{""session/domain"": ""recorded condition/domain; not an inferred session ID""}"
feature_bank_unibo_temporal_complementarity_validation_20260915,error_complementarity.csv,1469,e7591414b44eea50241bec3c542ccc4e05fb71e0f653ca895b99bb1b32f506f8,unibo_inail,ALL,class_NEUTRAL,validated_G0_plus_validated_G5,validated_G0_plus_reference_F5,0.860614575047944,0.0025317170958011146,0.001331757762231497,0.0010150607104077649,"{""session/domain"": ""recorded condition/domain; not an inferred session ID""}"
feature_bank_unibo_temporal_complementarity_validation_20260915,error_complementarity.csv,1470,9828a1b922a0b19e98e419a627bd44ffe8671cde1ad7ae558f2c98043ad26fb7,unibo_inail,ALL,class_PINCH,validated_G0_plus_validated_G5,validated_G0_plus_reference_F5,0.8734173545732067,0.07821196495653476,0.014407099043714634,0.04339283872238839,"{""session/domain"": ""recorded condition/domain; not an inferred session ID""}"
feature_bank_unibo_temporal_complementarity_validation_20260915,error_complementarity.csv,1471,4e532a90c9354857bbeb47acaff007190b5e9f51451c05e0eec4855972daf6d4,unibo_inail,ALL,class_FIST,validated_G0_plus_validated_G5,validated_G0_plus_reference_F5,0.916764193003783,0.06148326005765099,0.013319687029478675,0.028340467010658007,"{""session/domain"": ""recorded condition/domain; not an inferred session ID""}"
feature_bank_unibo_temporal_complementarity_validation_20260915,error_complementarity.csv,1472,b1fba509833cfc981399a07ed4f0200e1f7ca2f523c174424fc278fcc690e558,unibo_inail,ALL,class_OPEN,validated_G0_plus_validated_G5,validated_G0_plus_reference_F5,0.8045724864229582,0.05995434208383534,0.027872680406410576,0.030059882709841675,"{""session/domain"": ""recorded condition/domain; not an inferred session ID""}"
feature_bank_unibo_temporal_complementarity_validation_20260915,error_complementarity.csv,1473,e694898406f615ecf6b637bf611b5d35c1c0d685c2e1aede80ee197c04295eba,unibo_inail,ALL,"{""target_days"": [6]}",reference_F0,reference_F0_plus_validated_G5,0.9370797548317876,0.025427898353093704,0.009835091782146988,0.011830576538901107,"{""session/domain"": ""run manifest evaluation domain""}"
feature_bank_unibo_temporal_complementarity_validation_20260915,error_complementarity.csv,1474,2b6e6e9bb33c614566805ccc47e31702fa6cce22ef5819e119462b4415a3e905,unibo_inail,u01,"{""target_days"": [6]}",reference_F0,reference_F0_plus_validated_G5,0.9211015779704702,0.0284202205361892,0.00897046787871596,0.017842609800330388,"{""session/domain"": ""run manifest evaluation domain""}"
feature_bank_unibo_temporal_complementarity_validation_20260915,error_complementarity.csv,1475,e5f4503bc6067acaf970962d2675107e1c30550c942b28bb99b9d746c4732c71,unibo_inail,u02,"{""target_days"": [6]}",reference_F0,reference_F0_plus_validated_G5,0.9326058428247899,0.029741498577102288,0.011944548004455123,0.012282711303144738,"{""session/domain"": ""run manifest evaluation domain""}"
feature_bank_unibo_temporal_complementarity_validation_20260915,error_complementarity.csv,1476,ed93e3a2544f533e17fc981dcacf6be228b4f1c2640fac955813bd375f0b4ac4,unibo_inail,u03,"{""target_days"": [6]}",reference_F0,reference_F0_plus_validated_G5,0.9709762248841856,0.014220535020535023,0.0017402597402597403,0.010705916305916307,"{""session/domain"": ""run manifest evaluation domain""}"
feature_bank_unibo_temporal_complementarity_validation_20260915,error_complementarity.csv,1477,df9966f58916391d6fecf26e5527e0a8ff2add3a308a70450a44ea4b8f2429de,unibo_inail,u04,"{""target_days"": [6]}",reference_F0,reference_F0_plus_validated_G5,0.8812622850927545,0.04185648591785016,0.015884938904124696,0.015469370610687577,"{""session/domain"": ""run manifest evaluation domain""}"
feature_bank_unibo_temporal_complementarity_validation_20260915,error_complementarity.csv,1478,458a96d60244eda25dd9ee5a1d26d07d204d1326ed8921ddf5580358d186379f,unibo_inail,u05,"{""target_days"": [6]}",reference_F0,reference_F0_plus_validated_G5,0.9231321084156071,0.014889344001304254,0.005627201081746537,0.008265796434744477,"{""session/domain"": ""run manifest evaluation domain""}"
feature_bank_unibo_temporal_complementarity_validation_20260915,error_complementarity.csv,1479,72edfc7122695867b4bd7b196fdb427ba58993883347e151bcbc943b14902306,unibo_inail,u06,"{""target_days"": [6]}",reference_F0,reference_F0_plus_validated_G5,0.9741209853362293,0.011896795334295334,0.007126473063973065,0.00337962962962963,"{""session/domain"": ""run manifest evaluation domain""}"
feature_bank_unibo_temporal_complementarity_validation_20260915,error_complementarity.csv,1480,a8c7e39ebbe6ff905ca5460b51146ff6ef33dd388720c440837cc58fc4b4af81,unibo_inail,u07,"{""target_days"": [6]}",reference_F0,reference_F0_plus_validated_G5,0.9134349855503107,0.03697040908437967,0.017551753801753802,0.014868001687854628,"{""session/domain"": ""run manifest evaluation domain""}"
feature_bank_unibo_temporal_complementarity_validation_20260915,error_complementarity.csv,1481,4fc9d3564210fd65203f25214c29387f219ddf40f25d1d81e0f2963bc363631c,unibo_inail,ALL,posture_1,reference_F0,reference_F0_plus_validated_G5,0.9348460318207975,0.023602013529708993,0.007616167136704865,0.014055830808294322,"{""session/domain"": ""recorded condition/domain; not an inferred session ID""}"
feature_bank_unibo_temporal_complementarity_validation_20260915,error_complementarity.csv,1482,1552af51898b8b26f8c5c9a65ff9c7c8922726ebded0828bda97c8479c8db020,unibo_inail,ALL,posture_2,reference_F0,reference_F0_plus_validated_G5,0.9499869920013324,0.022684862175646033,0.01045905890010736,0.0069389892232787995,"{""session/domain"": ""recorded condition/domain; not an inferred session ID""}"
feature_bank_unibo_temporal_complementarity_validation_20260915,error_complementarity.csv,1483,5bec8b080efcf9fc6ace0cc4b7fbca7aee1dc403c013089a2bb07b3a81ccc176,unibo_inail,ALL,posture_3,reference_F0,reference_F0_plus_validated_G5,0.9361353806492263,0.028867347887405227,0.011605909327216803,0.01071672764440531,"{""session/domain"": ""recorded condition/domain; not an inferred session ID""}"
feature_bank_unibo_temporal_complementarity_validation_20260915,error_complementarity.csv,1484,e4ba23b4a2934838300553e3eab828e507401281de392ce04a7c54ca1f5de3a0,unibo_inail,ALL,posture_4,reference_F0,reference_F0_plus_validated_G5,0.9279339869701853,0.026515737898913636,0.009677156657664134,0.015433315549220025,"{""session/domain"": ""recorded condition/domain; not an inferred session ID""}"
feature_bank_unibo_temporal_complementarity_validation_20260915,error_complementarity.csv,1485,10c3c8b4dde459dd644804c1608f5c773b02add344cf80b8c144c9393f7a2d31,unibo_inail,ALL,class_NEUTRAL,reference_F0,reference_F0_plus_validated_G5,0.8667757789041721,0.001815772052829285,0.0011033563859650817,0.0006947942109795182,"{""session/domain"": ""recorded condition/domain; not an inferred session ID""}"
feature_bank_unibo_temporal_complementarity_validation_20260915,error_complementarity.csv,1486,dd5fb42a254f1204354d2922547a60d5a00e1c3f8e011a6289f8610e024cc43a,unibo_inail,ALL,class_PINCH,reference_F0,reference_F0_plus_validated_G5,0.8910801042930988,0.05366437784955562,0.014310884400476644,0.033289714665587083,"{""session/domain"": ""recorded condition/domain; not an inferred session ID""}"
feature_bank_unibo_temporal_complementarity_validation_20260915,error_complementarity.csv,1487,44cd3268605cfbc108e754c270918ede5acbcf3ce7683fa4c9fcb325fb376c78,unibo_inail,ALL,class_FIST,reference_F0,reference_F0_plus_validated_G5,0.9260905890219535,0.04729743484135183,0.023270725310668677,0.013236159725574983,"{""session/domain"": ""recorded condition/domain; not an inferred session ID""}"
feature_bank_unibo_temporal_complementarity_validation_20260915,error_complementarity.csv,1488,060f3666f916bfec0ac9fa95e5c7cb1edd49f68d1945154ed9ff4e27c57db893,unibo_inail,ALL,class_OPEN,reference_F0,reference_F0_plus_validated_G5,0.8694579516282199,0.046261009464268324,0.018117597127873565,0.02242683984769701,"{""session/domain"": ""recorded condition/domain; not an inferred session ID""}"
feature_bank_unibo_temporal_complementarity_validation_20260915,error_complementarity.csv,1489,2dcfdadeba9398233e18227d67281ba7fad23e13e608f98942697012e97c3bd0,unibo_inail,ALL,"{""target_days"": [6]}",reference_F0,reference_F0_plus_reference_F5,0.8801428992044156,0.04769795649785871,0.015319081661736195,0.0255291689126336,"{""session/domain"": ""run manifest evaluation domain""}"
feature_bank_unibo_temporal_complementarity_validation_20260915,error_complementarity.csv,1490,c4c3a1d8635b444bcd98154321406200537fef0fea505a1f20b426a4a42b934c,unibo_inail,u01,"{""target_days"": [6]}",reference_F0,reference_F0_plus_reference_F5,0.825430022009123,0.06289635918512197,0.022434592602031858,0.03639735876868229,"{""session/domain"": ""run manifest evaluation domain""}"
feature_bank_unibo_temporal_complementarity_validation_20260915,error_complementarity.csv,1491,ece5d74a9211ec13acc2846b0a0f904477aefa2dbcec72073d5b82d5c65ef1ba,unibo_inail,u02,"{""target_days"": [6]}",reference_F0,reference_F0_plus_reference_F5,0.8806856258270156,0.04741186623833683,0.014393306504297215,0.02789403075424747,"{""session/domain"": ""run manifest evaluation domain""}"
feature_bank_unibo_temporal_complementarity_validation_20260915,error_complementarity.csv,1492,157bd618669eca9c15a62f2e200b27761d4e85d4875b307b41ed0b83887ad263,unibo_inail,u03,"{""target_days"": [6]}",reference_F0,reference_F0_plus_reference_F5,0.9317994088592435,0.038037895437895444,0.005685714285714287,0.02346753246753247,"{""session/domain"": ""run manifest evaluation domain""}"
feature_bank_unibo_temporal_complementarity_validation_20260915,error_complementarity.csv,1493,583fbafb826eb8fe0464e3944ccaeb14e0895bba93821178fd4d061bb86dcf50,unibo_inail,u04,"{""target_days"": [6]}",reference_F0,reference_F0_plus_reference_F5,0.8449503717933091,0.05984666961588064,0.01742796173433288,0.02293290694177422,"{""session/domain"": ""run manifest evaluation domain""}"
feature_bank_unibo_temporal_complementarity_validation_20260915,error_complementarity.csv,1494,f2d99af00e16050920bf2c69697dffdac40993188086e220e19813612573195c,unibo_inail,u05,"{""target_days"": [6]}",reference_F0,reference_F0_plus_reference_F5,0.8865894665801229,0.024493716124763674,0.012538394307321976,0.008567817191809532,"{""session/domain"": ""run manifest evaluation domain""}"
feature_bank_unibo_temporal_complementarity_validation_20260915,error_complementarity.csv,1495,5ade55f08d38f14b0880e45707835fedd85a48efcc860014032157ea35d35be9,unibo_inail,u06,"{""target_days"": [6]}",reference_F0,reference_F0_plus_reference_F5,0.9379245045240238,0.02625841750841751,0.00758101851851852,0.017323232323232324,"{""session/domain"": ""run manifest evaluation domain""}"
feature_bank_unibo_temporal_complementarity_validation_20260915,error_complementarity.csv,1496,49ecc77506922d5bb9b52366bea62b0864dddbf8e64ffb48aedfdb08b2f46f53,unibo_inail,u07,"{""target_days"": [6]}",reference_F0,reference_F0_plus_reference_F5,0.8111062659786633,0.0749407713745949,0.027172583679936618,0.04212130394115689,"{""session/domain"": ""run manifest evaluation domain""}"
feature_bank_unibo_temporal_complementarity_validation_20260915,error_complementarity.csv,1497,86daf16f09e8fbd36255cfaff5d3cf8ee51f77ddde2e66e5c93395d6de3dca18,unibo_inail,ALL,posture_1,reference_F0,reference_F0_plus_reference_F5,0.896171685223591,0.03868283341786913,0.010722555553753392,0.023564437675760923,"{""session/domain"": ""recorded condition/domain; not an inferred session ID""}"
feature_bank_unibo_temporal_complementarity_validation_20260915,error_complementarity.csv,1498,33130a497dcd8df5f30e5520b6e922375423c540549771e1181df894972b6844,unibo_inail,ALL,posture_2,reference_F0,reference_F0_plus_reference_F5,0.8871901605676353,0.04686572498696025,0.023805016524002857,0.0157652694942003,"{""session/domain"": ""recorded condition/domain; not an inferred session ID""}"
feature_bank_unibo_temporal_complementarity_validation_20260915,error_complementarity.csv,1499,6d1251401b8d3f096c081669907c54356d3377d330bdaa213cf79f14196310b0,unibo_inail,ALL,posture_3,reference_F0,reference_F0_plus_reference_F5,0.880662835383906,0.052561277358379406,0.016770928290012338,0.024452415227809055,"{""session/domain"": ""recorded condition/domain; not an inferred session ID""}"
feature_bank_unibo_temporal_complementarity_validation_20260915,error_complementarity.csv,1500,5276d1dade2432826483bd244e06eb5f3c754f13a1e6ddeea035d19c36d71b78,unibo_inail,ALL,posture_4,reference_F0,reference_F0_plus_reference_F5,0.8599721764078873,0.052502659804794155,0.010235185386010917,0.0377769038233639,"{""session/domain"": ""recorded condition/domain; not an inferred session ID""}"
feature_bank_unibo_temporal_complementarity_validation_20260915,error_complementarity.csv,1501,e3c0d65b6da8ae5a93bbaece3705c2984ffeab9ae8397e72167be6a078f6fd3a,unibo_inail,ALL,class_NEUTRAL,reference_F0,reference_F0_plus_reference_F5,0.8356207265962271,0.002730063749061166,0.0018889504568914673,0.0005307791215912944,"{""session/domain"": ""recorded condition/domain; not an inferred session ID""}"
feature_bank_unibo_temporal_complementarity_validation_20260915,error_complementarity.csv,1502,d6a9269de7721412288ecc566bb5a2977b95575cf9a4b2bd16df15c9e99bde92,unibo_inail,ALL,class_PINCH,reference_F0,reference_F0_plus_reference_F5,0.8293544025260483,0.09070978001431512,0.016682237793372204,0.060783297502698855,"{""session/domain"": ""recorded condition/domain; not an inferred session ID""}"
feature_bank_unibo_temporal_complementarity_validation_20260915,error_complementarity.csv,1503,f76e8006614b9837c03e5d0bddccaced0d1771bf07fef3a5b9359ffa07b6c05e,unibo_inail,ALL,class_FIST,reference_F0,reference_F0_plus_reference_F5,0.8604816153678598,0.09084632967465832,0.0354907557128194,0.033108867889270095,"{""session/domain"": ""recorded condition/domain; not an inferred session ID""}"
feature_bank_unibo_temporal_complementarity_validation_20260915,error_complementarity.csv,1504,ec9be6eca9b4ec469e39869dfbc3bc1dfe5829e362ab789cd31047078e452d0f,unibo_inail,ALL,class_OPEN,reference_F0,reference_F0_plus_reference_F5,0.696111903709563,0.09632104360225488,0.03387256135914012,0.05751052082573864,"{""session/domain"": ""recorded condition/domain; not an inferred session ID""}"
feature_bank_epn_core_incremental_validation_20260915,error_complementarity.csv,1505,79219e2f1780d246714d4c33c516485c46c8f683cd65a114a95a432a8f6e8bb5,epn612,ALL,cross_user,Core,F1_X1H,0.39892032907654174,0.4711111111111111,0.21777777777777776,0.06222222222222222,"{""session/domain"": ""recorded condition/domain; not an inferred session ID""}"
feature_bank_epn_core_incremental_validation_20260915,error_complementarity.csv,1506,99332d40419db99248318b87f853d6e148703021a805bed7d4a0fa784a554717,epn612,ALL,cross_user,Core,F4_Spectral,0.506626811986366,0.47333333333333333,0.13555555555555557,0.09777777777777778,"{""session/domain"": ""recorded condition/domain; not an inferred session ID""}"
feature_bank_epn_core_incremental_validation_20260915,error_complementarity.csv,1507,e83e5a18a0b0812e609c1e42ad133d4ed75f32d65287f76f900c7b8100e19294,epn612,ALL,cross_user,Core,F5_Temporal,0.6579629602737833,0.31555555555555553,0.1111111111111111,0.051111111111111114,"{""session/domain"": ""recorded condition/domain; not an inferred session ID""}"
feature_bank_epn_core_incremental_validation_20260915,error_complementarity.csv,1508,4b359b0c48da1351180a00a59855972e4f361f8849c4cf4e7f8a18bf4d0c1a16,epn612,ALL,cross_user,Core,F9_Quality,0.6489310145420174,0.32666666666666666,0.08,0.08888888888888889,"{""session/domain"": ""recorded condition/domain; not an inferred session ID""}"
feature_bank_epn_core_incremental_validation_20260915,error_complementarity.csv,1509,f0bc11d6713f4464ec3822a6ac90de1b5bc7b90f9ad130a1f028df0e39a0f2cb,epn612,16,cross_user,Core,F1_X1H,0.17243891071265857,0.6066666666666667,0.26,0.11333333333333333,"{""session/domain"": ""recorded condition/domain; not an inferred session ID""}"
feature_bank_epn_core_incremental_validation_20260915,error_complementarity.csv,1510,1d7877d11a7781137552cbfe6b14ff002adfe1fc408499305077887de9e5cc48,epn612,16,cross_user,Core,F4_Spectral,0.30234527033140846,0.5333333333333333,0.22,0.1,"{""session/domain"": ""recorded condition/domain; not an inferred session ID""}"
feature_bank_epn_core_incremental_validation_20260915,error_complementarity.csv,1511,bcd891749120f80954d2954af16d4633a35411815acbdd2354c04d122e1c3181,epn612,16,cross_user,Core,F5_Temporal,0.5447053444691096,0.36,0.14666666666666667,0.06666666666666667,"{""session/domain"": ""recorded condition/domain; not an inferred session ID""}"
feature_bank_epn_core_incremental_validation_20260915,error_complementarity.csv,1512,3b49bda83f77b5cff0770ed487f71e4c7f539738759f0e8c0772741dfa4d2d00,epn612,16,cross_user,Core,F9_Quality,0.5376952218065326,0.3333333333333333,0.11333333333333333,0.10666666666666667,"{""session/domain"": ""recorded condition/domain; not an inferred session ID""}"
feature_bank_epn_core_incremental_validation_20260915,error_complementarity.csv,1513,4003a2352c1ef2a1bf02b6de1b2661d7e7811bcf00069311cea4d67270aaf5c9,epn612,17,cross_user,Core,F1_X1H,0.4341003752723061,0.4533333333333333,0.24666666666666667,0.013333333333333334,"{""session/domain"": ""recorded condition/domain; not an inferred session ID""}"
feature_bank_epn_core_incremental_validation_20260915,error_complementarity.csv,1514,d29df6c81e0b62c6c4f0d0468aa4ab8c2195e42929660c0b8b90b90ba6949378,epn612,17,cross_user,Core,F4_Spectral,0.4513385760247602,0.58,0.1,0.16666666666666666,"{""session/domain"": ""recorded condition/domain; not an inferred session ID""}"
feature_bank_epn_core_incremental_validation_20260915,error_complementarity.csv,1515,7e89f2d0023be1702b95ffd5d30884bba2aec9e3b021a0d69b09c71826567a33,epn612,17,cross_user,Core,F5_Temporal,0.6651977437405462,0.32666666666666666,0.09333333333333334,0.06,"{""session/domain"": ""recorded condition/domain; not an inferred session ID""}"
feature_bank_epn_core_incremental_validation_20260915,error_complementarity.csv,1516,70cf84a616fdfef7c7625bc621634707df5c9ef92549eadaec16a3c30b5162f1,epn612,17,cross_user,Core,F9_Quality,0.6900769668557345,0.36666666666666664,0.06,0.08666666666666667,"{""session/domain"": ""recorded condition/domain; not an inferred session ID""}"
feature_bank_epn_core_incremental_validation_20260915,error_complementarity.csv,1517,bef9c7dabbbb64de499e587ce42c18a699cb5dfb31179c95febc96ec120146bb,epn612,18,cross_user,Core,F1_X1H,0.578572149876376,0.35333333333333333,0.14666666666666667,0.06,"{""session/domain"": ""recorded condition/domain; not an inferred session ID""}"
feature_bank_epn_core_incremental_validation_20260915,error_complementarity.csv,1518,a6eca873d863f3431f4590329c0ef1823d0c6941ea22768e438314123c5213b0,epn612,18,cross_user,Core,F4_Spectral,0.7713815535532111,0.30666666666666664,0.08666666666666667,0.02666666666666667,"{""session/domain"": ""recorded condition/domain; not an inferred session ID""}"
feature_bank_epn_core_incremental_validation_20260915,error_complementarity.csv,1519,8319f1057dcb22ff409e7683f5a72c173f744ece4cc049f9bf2f8fd4b63ee800,epn612,18,cross_user,Core,F5_Temporal,0.7584349267220193,0.26,0.09333333333333334,0.02666666666666667,"{""session/domain"": ""recorded condition/domain; not an inferred session ID""}"
feature_bank_epn_core_incremental_validation_20260915,error_complementarity.csv,1520,533c48272b7595f614209b4d4a40303c3d6a9fed9fadd22616f4db650b76ceae,epn612,18,cross_user,Core,F9_Quality,0.715512843774093,0.28,0.06666666666666667,0.07333333333333333,"{""session/domain"": ""recorded condition/domain; not an inferred session ID""}"
feature_bank_epn_core_incremental_final_20260915,error_complementarity.csv,1521,f98f2ff73dc072e8675598e05ea86909ac47b1f24d875d56911e87dffcec46f5,epn612,ALL,cross_user,Core,F1_X1H,0.4666047977698678,0.44666666666666666,0.2,0.07111111111111111,"{""session/domain"": ""recorded condition/domain; not an inferred session ID""}"
feature_bank_epn_core_incremental_final_20260915,error_complementarity.csv,1522,4d4365e8c2b116635ca98243ac839580df792b4e457dea54761ee950890433ea,epn612,ALL,cross_user,Core,F4_Spectral,0.49634559065175615,0.39555555555555555,0.1711111111111111,0.08222222222222222,"{""session/domain"": ""recorded condition/domain; not an inferred session ID""}"
feature_bank_epn_core_incremental_final_20260915,error_complementarity.csv,1523,74a44e692ef52050d335e562826bcaedb4e329deed389d22c81761087d2fae37,epn612,ALL,cross_user,Core,F5_Temporal,0.664915083159711,0.3422222222222222,0.11555555555555555,0.05333333333333334,"{""session/domain"": ""recorded condition/domain; not an inferred session ID""}"
feature_bank_epn_core_incremental_final_20260915,error_complementarity.csv,1524,735d0ee003ff85ebca46d0a56370f86f0b595594dc87f42471e9f261aad9d901,epn612,ALL,cross_user,Core,F9_Quality,0.6839547096713968,0.32,0.09111111111111111,0.06666666666666667,"{""session/domain"": ""recorded condition/domain; not an inferred session ID""}"
feature_bank_epn_core_incremental_final_20260915,error_complementarity.csv,1525,ed077a570f0a465a2484bca58907d263bc89f765e1785badce60be3f369601e1,epn612,19,cross_user,Core,F1_X1H,0.7246658780198658,0.26666666666666666,0.12,0.02,"{""session/domain"": ""recorded condition/domain; not an inferred session ID""}"
feature_bank_epn_core_incremental_final_20260915,error_complementarity.csv,1526,557b6f76b735ab66322c3d6dcfd13d7376e597381ec0997913f7ef6a60a58f84,epn612,19,cross_user,Core,F4_Spectral,0.7302805240997188,0.24666666666666667,0.09333333333333334,0.04,"{""session/domain"": ""recorded condition/domain; not an inferred session ID""}"
feature_bank_epn_core_incremental_final_20260915,error_complementarity.csv,1527,e14a78f72420c95d2bb21568f68bc1df045dfbfcadfad3c64d657113aed785d1,epn612,19,cross_user,Core,F5_Temporal,0.810571393245064,0.18666666666666668,0.06,0.03333333333333333,"{""session/domain"": ""recorded condition/domain; not an inferred session ID""}"
feature_bank_epn_core_incremental_final_20260915,error_complementarity.csv,1528,bd10583bd54a5ea8e399ab7c9ce612dd0ecd8525375235e171294f0b946a7361,epn612,19,cross_user,Core,F9_Quality,0.7831333008583661,0.22,0.06,0.04666666666666667,"{""session/domain"": ""recorded condition/domain; not an inferred session ID""}"
feature_bank_epn_core_incremental_final_20260915,error_complementarity.csv,1529,402052d2e35929d4a463b1bece4a76cff6e91c9cf3e9aa10c0da40b8cc9bdc03,epn612,20,cross_user,Core,F1_X1H,0.06447749572223146,0.7533333333333333,0.31333333333333335,0.14666666666666667,"{""session/domain"": ""recorded condition/domain; not an inferred session ID""}"
feature_bank_epn_core_incremental_final_20260915,error_complementarity.csv,1530,cf0bb5c094d95061c88a57e7db9cfcf3110e799e7c9a528d0978cd009b2754eb,epn612,20,cross_user,Core,F4_Spectral,0.32950797206568555,0.5333333333333333,0.19333333333333333,0.14,"{""session/domain"": ""recorded condition/domain; not an inferred session ID""}"
feature_bank_epn_core_incremental_final_20260915,error_complementarity.csv,1531,ca01201916e11ca3e2c5995c8d740842f24fab8a9b70adc0dd7714047a7d1057,epn612,20,cross_user,Core,F5_Temporal,0.5069493882985854,0.5666666666666667,0.16,0.08666666666666667,"{""session/domain"": ""recorded condition/domain; not an inferred session ID""}"
feature_bank_epn_core_incremental_final_20260915,error_complementarity.csv,1532,e5a880336fbf0a7abbe699ddef10a617468d0dfc32e8f9b887f3121f2c9e690e,epn612,20,cross_user,Core,F9_Quality,0.5601358149949025,0.48,0.1,0.12,"{""session/domain"": ""recorded condition/domain; not an inferred session ID""}"
feature_bank_epn_core_incremental_final_20260915,error_complementarity.csv,1533,b200cd97171d73bcb17b23d9707ac275f576cf22c2848c399be3d5d8d38210d3,epn612,21,cross_user,Core,F1_X1H,0.5937960758350577,0.32,0.16666666666666666,0.04666666666666667,"{""session/domain"": ""recorded condition/domain; not an inferred session ID""}"
feature_bank_epn_core_incremental_final_20260915,error_complementarity.csv,1534,523d760801df1f4f149117c8862c5760254fa60422765d2cbd84bd113546b16b,epn612,21,cross_user,Core,F4_Spectral,0.44257642510017153,0.4066666666666667,0.22666666666666666,0.06666666666666667,"{""session/domain"": ""recorded condition/domain; not an inferred session ID""}"
feature_bank_epn_core_incremental_final_20260915,error_complementarity.csv,1535,272f0655085da56df2c1535ec5637d87471eb1acf6e79123e0fd706102c84869,epn612,21,cross_user,Core,F5_Temporal,0.6785972714904974,0.2733333333333333,0.12666666666666668,0.04,"{""session/domain"": ""recorded condition/domain; not an inferred session ID""}"
feature_bank_epn_core_incremental_final_20260915,error_complementarity.csv,1536,7140aeee070b26ec17a384f84b4d91edaf3ca293b55af36a4177caf51822f6db,epn612,21,cross_user,Core,F9_Quality,0.7172192277493827,0.26,0.11333333333333333,0.03333333333333333,"{""session/domain"": ""recorded condition/domain; not an inferred session ID""}"
feature_bank_epn_core_incremental_20260915,error_complementarity.csv,1537,87eb6af6c06ac160c493dd1239cc18538ad63fdda953f8d4285a7dc47ecd7249,epn612,ALL,cross_user,Core,F1_X1H,0.49308071482677096,0.4826666666666667,0.21022222222222223,0.050222222222222224,"{""session/domain"": ""recorded condition/domain; not an inferred session ID""}"
feature_bank_epn_core_incremental_20260915,error_complementarity.csv,1538,e285912b693854f179af11b2c8d5331ca2758bf709459d42e7028f5083549705,epn612,ALL,cross_user,Core,F4_Spectral,0.4930609218061851,0.4822222222222222,0.16533333333333333,0.08755555555555555,"{""session/domain"": ""recorded condition/domain; not an inferred session ID""}"
feature_bank_epn_core_incremental_20260915,error_complementarity.csv,1539,ab380dff70994ca4ece722213efa65cfe7ddd1feb1f46ddbec64d4f160bb56ed,epn612,ALL,cross_user,Core,F5_Temporal,0.604566357058221,0.4102222222222222,0.12622222222222224,0.07111111111111111,"{""session/domain"": ""recorded condition/domain; not an inferred session ID""}"
feature_bank_epn_core_incremental_20260915,error_complementarity.csv,1540,146260d3dd2868c603d151738c6f5c1d1e5418f3c84a9f560b12a1331ba1631e,epn612,ALL,cross_user,Core,F9_Quality,0.6336737037927564,0.3751111111111111,0.10488888888888889,0.07733333333333334,"{""session/domain"": ""recorded condition/domain; not an inferred session ID""}"
feature_bank_epn_core_incremental_20260915,error_complementarity.csv,1541,da0dc54d1a90f2e82e592fb5f272fad32c1486c2cfe8f330b4e9f9d57c5b954f,epn612,1,cross_user,Core,F1_X1H,0.37690891933507503,0.47333333333333333,0.19333333333333333,0.11333333333333333,"{""session/domain"": ""recorded condition/domain; not an inferred session ID""}"
feature_bank_epn_core_incremental_20260915,error_complementarity.csv,1542,ef658452bfd36335c36b22a2f428cb00321a45281c9f53d786ec329d456b7b29,epn612,1,cross_user,Core,F4_Spectral,0.5004092849112177,0.5066666666666667,0.15333333333333332,0.09333333333333334,"{""session/domain"": ""recorded condition/domain; not an inferred session ID""}"
feature_bank_epn_core_incremental_20260915,error_complementarity.csv,1543,e14dd94509faa84ae690074376a01de12c5ae7a7b5db28a05557c1fcbea34ce6,epn612,1,cross_user,Core,F5_Temporal,0.5314283299653175,0.5066666666666667,0.10666666666666667,0.12666666666666668,"{""session/domain"": ""recorded condition/domain; not an inferred session ID""}"
feature_bank_epn_core_incremental_20260915,error_complementarity.csv,1544,4206395dc6b140b6c1d4438abd89bbda27678a3dd5144137ab3c1302c62e26a5,epn612,1,cross_user,Core,F9_Quality,0.6092319999173218,0.4666666666666667,0.12,0.07333333333333333,"{""session/domain"": ""recorded condition/domain; not an inferred session ID""}"
feature_bank_epn_core_incremental_20260915,error_complementarity.csv,1545,6f077e48296ca03cf8cd63dcc16e9d47ed010295929696e302fc7e02d6e9ee2a,epn612,2,cross_user,Core,F1_X1H,0.14408568441665384,0.68,0.26,0.10666666666666667,"{""session/domain"": ""recorded condition/domain; not an inferred session ID""}"
feature_bank_epn_core_incremental_20260915,error_complementarity.csv,1546,08ca1b234bb09f1c424100b0aa650b08a5457d323c6b4a226fe13745dd1b595b,epn612,2,cross_user,Core,F4_Spectral,0.4025050012114371,0.5933333333333334,0.18,0.08666666666666667,"{""session/domain"": ""recorded condition/domain; not an inferred session ID""}"
feature_bank_epn_core_incremental_20260915,error_complementarity.csv,1547,3448895e4015ce46df6ace7b26399da57af40536cee581e7a54834caf1a47077,epn612,2,cross_user,Core,F5_Temporal,0.33402405059749585,0.6333333333333333,0.18,0.12,"{""session/domain"": ""recorded condition/domain; not an inferred session ID""}"
feature_bank_epn_core_incremental_20260915,error_complementarity.csv,1548,61736ec16173c419cbbd2ab749d5e9bdce5e0f0fb9000f710f2f502887cd9827,epn612,2,cross_user,Core,F9_Quality,0.5109714072571598,0.5933333333333334,0.16,0.06,"{""session/domain"": ""recorded condition/domain; not an inferred session ID""}"
feature_bank_epn_core_incremental_20260915,error_complementarity.csv,1549,d6a4c79226619b306b8063a45aa0fcc94b8f87949a4a84252dd9a54da4b80ab4,epn612,3,cross_user,Core,F1_X1H,0.6289592760180995,0.38,0.16666666666666666,0.03333333333333333,"{""session/domain"": ""recorded condition/domain; not an inferred session ID""}"
feature_bank_epn_core_incremental_20260915,error_complementarity.csv,1550,f30fe3a62038ad75a092720fa393f769de5207bfe83905d40dbd8383b8534407,epn612,3,cross_user,Core,F4_Spectral,0.7216828125375131,0.3,0.09333333333333334,0.04666666666666667,"{""session/domain"": ""recorded condition/domain; not an inferred session ID""}"
feature_bank_epn_core_incremental_20260915,error_complementarity.csv,1551,a5e66853db82116ff113312be010c373bc9efb46d2b7bb736dbdbe405235bf8c,epn612,3,cross_user,Core,F5_Temporal,0.8125022244667668,0.25333333333333335,0.06,0.03333333333333333,"{""session/domain"": ""recorded condition/domain; not an inferred session ID""}"
feature_bank_epn_core_incremental_20260915,error_complementarity.csv,1552,ad46ac18ecedd047b3407c691797f3a5d8c3f821cb608aee3007dee17c13c126,epn612,3,cross_user,Core,F9_Quality,0.67563047917424,0.20666666666666667,0.08666666666666667,0.07333333333333333,"{""session/domain"": ""recorded condition/domain; not an inferred session ID""}"
feature_bank_epn_core_incremental_20260915,error_complementarity.csv,1553,0ff292bd5ed6d71d843d61dc3b364eb49b29c663ae9bc9fcfad033ae488ebf4a,epn612,4,cross_user,Core,F1_X1H,0.601869954916041,0.41333333333333333,0.16666666666666666,0.04,"{""session/domain"": ""recorded condition/domain; not an inferred session ID""}"
feature_bank_epn_core_incremental_20260915,error_complementarity.csv,1554,53837ac0b70014c6fc025d22e0b079f821683be3fbe316418d355f46b4b7a9ce,epn612,4,cross_user,Core,F4_Spectral,0.5427385042898362,0.4666666666666667,0.17333333333333334,0.06,"{""session/domain"": ""recorded condition/domain; not an inferred session ID""}"
feature_bank_epn_core_incremental_20260915,error_complementarity.csv,1555,7cd45515ef1cd1e1852704340d0020fcb9cab851d14662a5bd1eea8c8d6094d5,epn612,4,cross_user,Core,F5_Temporal,0.7075416069851479,0.32,0.09333333333333334,0.05333333333333334,"{""session/domain"": ""recorded condition/domain; not an inferred session ID""}"
feature_bank_epn_core_incremental_20260915,error_complementarity.csv,1556,9b8a4da00e95c33a20b8fbcafbcb7e54717695fbc0e28090221ad14d60912dad,epn612,4,cross_user,Core,F9_Quality,0.7329059829059836,0.30666666666666664,0.06666666666666667,0.06666666666666667,"{""session/domain"": ""recorded condition/domain; not an inferred session ID""}"
feature_bank_epn_core_incremental_20260915,error_complementarity.csv,1557,697fac7e45e853c7f9efbb4a3dc00f80af6ae8623c608a8f35175a945addc88b,epn612,5,cross_user,Core,F1_X1H,0.5436186465682765,0.5066666666666667,0.24,0.02,"{""session/domain"": ""recorded condition/domain; not an inferred session ID""}"
feature_bank_epn_core_incremental_20260915,error_complementarity.csv,1558,040739517d42e71b60ed068ca44249226a9d0e2d01670d86e9be9394d495bf14,epn612,5,cross_user,Core,F4_Spectral,0.5294587829125186,0.46,0.16,0.08,"{""session/domain"": ""recorded condition/domain; not an inferred session ID""}"
feature_bank_epn_core_incremental_20260915,error_complementarity.csv,1559,8630cf4ee507f9a245c1aa7933a17660a15f6b0ad22bde5d98154afb8a4d187f,epn612,5,cross_user,Core,F5_Temporal,0.5720077246140546,0.49333333333333335,0.18,0.04666666666666667,"{""session/domain"": ""recorded condition/domain; not an inferred session ID""}"
feature_bank_epn_core_incremental_20260915,error_complementarity.csv,1560,fe996d77fcc36642be33b26e4ed5bc6e9a9b7758b3d12d3a6665230d78fc8821,epn612,5,cross_user,Core,F9_Quality,0.5868428627537186,0.3933333333333333,0.11333333333333333,0.09333333333333334,"{""session/domain"": ""recorded condition/domain; not an inferred session ID""}"
feature_bank_epn_core_incremental_20260915,error_complementarity.csv,1561,0685238dd14ca1c87b3ec033f9de184d4151dc7b5e8d5a86157a1d5a35354587,epn612,6,cross_user,Core,F1_X1H,0.1942646394178072,0.6,0.36,0.07333333333333333,"{""session/domain"": ""recorded condition/domain; not an inferred session ID""}"
feature_bank_epn_core_incremental_20260915,error_complementarity.csv,1562,ad67e53737aff192f0286ad7d769d0d307a738947903cb8f010f3d4c0ea5ac7d,epn612,6,cross_user,Core,F4_Spectral,0.5213601623400493,0.42,0.17333333333333334,0.07333333333333333,"{""session/domain"": ""recorded condition/domain; not an inferred session ID""}"
feature_bank_epn_core_incremental_20260915,error_complementarity.csv,1563,a5c66abd5424676c7c5fb0e7a332e0cc7a94b34a352802944db01f783b38a977,epn612,6,cross_user,Core,F5_Temporal,0.6370809249534444,0.34,0.13333333333333333,0.05333333333333334,"{""session/domain"": ""recorded condition/domain; not an inferred session ID""}"
feature_bank_epn_core_incremental_20260915,error_complementarity.csv,1564,a9e0df330fd5670c94754c2bdb65a98b46076f6608c1244e17b77b421ff34ea9,epn612,6,cross_user,Core,F9_Quality,0.5297077353545495,0.4,0.16,0.08,"{""session/domain"": ""recorded condition/domain; not an inferred session ID""}"
feature_bank_epn_core_incremental_20260915,error_complementarity.csv,1565,88968089e2c944e73b9eaa6e63553fb57f408d680c900e4aa86b8bc5b99038ca,epn612,7,cross_user,Core,F1_X1H,0.527933372960834,0.38666666666666666,0.22,0.04,"{""session/domain"": ""recorded condition/domain; not an inferred session ID""}"
feature_bank_epn_core_incremental_20260915,error_complementarity.csv,1566,36dc0233e8a744aa2783bafdb9f2e9892deb3c1536358f6ce4ee8cec131a0292,epn612,7,cross_user,Core,F4_Spectral,0.41130552163352674,0.47333333333333333,0.24,0.07333333333333333,"{""session/domain"": ""recorded condition/domain; not an inferred session ID""}"
feature_bank_epn_core_incremental_20260915,error_complementarity.csv,1567,0df4c735561c588f319add424dc9918bae461c0c948f110cfecc9e26ded96990,epn612,7,cross_user,Core,F5_Temporal,0.6072947232974993,0.34,0.16,0.04666666666666667,"{""session/domain"": ""recorded condition/domain; not an inferred session ID""}"
feature_bank_epn_core_incremental_20260915,error_complementarity.csv,1568,c96c8b5e7c9e972a070eb8908196cdde2c44c5c012b8b4b7efa8b422130846a6,epn612,7,cross_user,Core,F9_Quality,0.7305785645880732,0.26,0.07333333333333333,0.06,"{""session/domain"": ""recorded condition/domain; not an inferred session ID""}"
feature_bank_epn_core_incremental_20260915,error_complementarity.csv,1569,140b5ac2ab971b5b13829f49cde3e60ca6611682268c5412affe9095ac04e3cf,epn612,8,cross_user,Core,F1_X1H,0.6810052246069992,0.24666666666666667,0.14666666666666667,0.02,"{""session/domain"": ""recorded condition/domain; not an inferred session ID""}"
feature_bank_epn_core_incremental_20260915,error_complementarity.csv,1570,b4afd459952a8597a5bc66d706f1d7a020fce2b834545c1dc41b3753606aa15f,epn612,8,cross_user,Core,F4_Spectral,0.7256548372719387,0.35333333333333333,0.11333333333333333,0.02666666666666667,"{""session/domain"": ""recorded condition/domain; not an inferred session ID""}"
feature_bank_epn_core_incremental_20260915,error_complementarity.csv,1571,8da2ed63f294be5f311616793dd8850372ffe217e35d9dc396e5e0d0cbf63cf0,epn612,8,cross_user,Core,F5_Temporal,0.8795544769733741,0.13333333333333333,0.04,0.02,"{""session/domain"": ""recorded condition/domain; not an inferred session ID""}"
feature_bank_epn_core_incremental_20260915,error_complementarity.csv,1572,bc7d7a844f7e276a1de86a3c3d84caf9b77fb81954e01ee8f271e1cba8ca9961,epn612,8,cross_user,Core,F9_Quality,0.8121309715512616,0.2,0.04666666666666667,0.04666666666666667,"{""session/domain"": ""recorded condition/domain; not an inferred session ID""}"
feature_bank_epn_core_incremental_20260915,error_complementarity.csv,1573,51cb00a70a37fe47fa4e932fc4e305e4d6d02ea68d71d974a1c202f91aabe888,epn612,9,cross_user,Core,F1_X1H,0.5396100464260437,0.47333333333333333,0.18,0.04666666666666667,"{""session/domain"": ""recorded condition/domain; not an inferred session ID""}"
feature_bank_epn_core_incremental_20260915,error_complementarity.csv,1574,290fabdd139f1db13ea5214a329300b345fbe2d8ea66290a5ee0272d14c0ac56,epn612,9,cross_user,Core,F4_Spectral,0.26881190687190265,0.6066666666666667,0.2,0.15333333333333332,"{""session/domain"": ""recorded condition/domain; not an inferred session ID""}"
feature_bank_epn_core_incremental_20260915,error_complementarity.csv,1575,976fce06aca46f8fadba72a39104d84791b2357735880648b765f1f0dfe0fbfc,epn612,9,cross_user,Core,F5_Temporal,0.49923640871153324,0.46,0.2,0.04666666666666667,"{""session/domain"": ""recorded condition/domain; not an inferred session ID""}"
feature_bank_epn_core_incremental_20260915,error_complementarity.csv,1576,d5f4dc6d6bca5a381ec9df54567b4d3b6db8e7d5ced6988a02352da58c1eee05,epn612,9,cross_user,Core,F9_Quality,0.6958723397613307,0.36666666666666664,0.13333333333333333,0.02,"{""session/domain"": ""recorded condition/domain; not an inferred session ID""}"
feature_bank_epn_core_incremental_20260915,error_complementarity.csv,1577,cba0514cb188fcd527d77ffe2deec42afd3a22c42018b555c7000a0d507ba226,epn612,10,cross_user,Core,F1_X1H,0.48068657993588926,0.5,0.16666666666666666,0.07333333333333333,"{""session/domain"": ""recorded condition/domain; not an inferred session ID""}"
feature_bank_epn_core_incremental_20260915,error_complementarity.csv,1578,acc0dd825ec85498a644d1730ccc043f6a92ecfb8211ffa1e27a58f2cb04032b,epn612,10,cross_user,Core,F4_Spectral,0.3945123270066164,0.5666666666666667,0.12666666666666668,0.16666666666666666,"{""session/domain"": ""recorded condition/domain; not an inferred session ID""}"
feature_bank_epn_core_incremental_20260915,error_complementarity.csv,1579,70c86cf5ec34b0e15707d307c23e83102fcc9dd411b6ffc0fab099fa5ddddaba,epn612,10,cross_user,Core,F5_Temporal,0.41561581458267705,0.54,0.11333333333333333,0.17333333333333334,"{""session/domain"": ""recorded condition/domain; not an inferred session ID""}"
feature_bank_epn_core_incremental_20260915,error_complementarity.csv,1580,f152c184eadc4595553beb9d9f3c1b78cf80507bfeeeeff7930755eccc21b4e2,epn612,10,cross_user,Core,F9_Quality,0.509651966969894,0.52,0.09333333333333334,0.14666666666666667,"{""session/domain"": ""recorded condition/domain; not an inferred session ID""}"
feature_bank_epn_core_incremental_20260915,error_complementarity.csv,1581,d456f7e0f329700c0e2e62de3a9b3a302a48a6fbb4675db1c2a3af67f1c0eada,epn612,11,cross_user,Core,F1_X1H,0.581458779136432,0.4666666666666667,0.15333333333333332,0.03333333333333333,"{""session/domain"": ""recorded condition/domain; not an inferred session ID""}"
feature_bank_epn_core_incremental_20260915,error_complementarity.csv,1582,4ac88d8ab8024f50d15342aef4a58aa36ced6d8dc7fbf5ab775804aa7d5b636f,epn612,11,cross_user,Core,F4_Spectral,0.3855391632946952,0.5666666666666667,0.16,0.11333333333333333,"{""session/domain"": ""recorded condition/domain; not an inferred session ID""}"
feature_bank_epn_core_incremental_20260915,error_complementarity.csv,1583,ccacd7b90b96ee94d1afb990fba3c85031d06caa25ad8fab62fb6586a7dfac23,epn612,11,cross_user,Core,F5_Temporal,0.597263076191886,0.5333333333333333,0.11333333333333333,0.06666666666666667,"{""session/domain"": ""recorded condition/domain; not an inferred session ID""}"
feature_bank_epn_core_incremental_20260915,error_complementarity.csv,1584,14301c5a36df157ff2adba0f8f161ec99828b8e2625840e0afbe6d3c85f91f0f,epn612,11,cross_user,Core,F9_Quality,0.47273627410278485,0.5,0.10666666666666667,0.14,"{""session/domain"": ""recorded condition/domain; not an inferred session ID""}"
feature_bank_epn_core_incremental_20260915,error_complementarity.csv,1585,d5ba4e6ee93384a567c2acd4a9ed371b713021e86377116bdadda6f3d1530cc5,epn612,12,cross_user,Core,F1_X1H,0.5724990054059637,0.41333333333333333,0.15333333333333332,0.06,"{""session/domain"": ""recorded condition/domain; not an inferred session ID""}"
feature_bank_epn_core_incremental_20260915,error_complementarity.csv,1586,e4254a3fdd9fd43ed49db2dfe5d06261498ded3cef325b37acdcb60ba062218b,epn612,12,cross_user,Core,F4_Spectral,0.5956859197232147,0.34,0.10666666666666667,0.09333333333333334,"{""session/domain"": ""recorded condition/domain; not an inferred session ID""}"
feature_bank_epn_core_incremental_20260915,error_complementarity.csv,1587,97cf2056a563a1118ca683776fd1cbb6972ebc285282b312dc205abe8be74809,epn612,12,cross_user,Core,F5_Temporal,0.6771879483500718,0.32,0.08,0.08,"{""session/domain"": ""recorded condition/domain; not an inferred session ID""}"
feature_bank_epn_core_incremental_20260915,error_complementarity.csv,1588,699c3627f6d407b6e5b609845df617d623217c119c6996ca45337ae219b68fa0,epn612,12,cross_user,Core,F9_Quality,0.6455352660009093,0.35333333333333333,0.06,0.12,"{""session/domain"": ""recorded condition/domain; not an inferred session ID""}"
feature_bank_epn_core_incremental_20260915,error_complementarity.csv,1589,4832696525c2a1a43e90d05b314459f365b10d02333e6c68a471a15b677a8e58,epn612,13,cross_user,Core,F1_X1H,0.5317826730936264,0.5333333333333333,0.22,0.03333333333333333,"{""session/domain"": ""recorded condition/domain; not an inferred session ID""}"
feature_bank_epn_core_incremental_20260915,error_complementarity.csv,1590,d103149f9717f4c911b8474cb350e039516874320c2b349484197f928916b44d,epn612,13,cross_user,Core,F4_Spectral,0.504298633212473,0.5133333333333333,0.20666666666666667,0.05333333333333334,"{""session/domain"": ""recorded condition/domain; not an inferred session ID""}"
feature_bank_epn_core_incremental_20260915,error_complementarity.csv,1591,5dd18ae953c52c42ad19b7ff28c3d0c727dd6ca87ff6b7c0bc8f4ced28253563,epn612,13,cross_user,Core,F5_Temporal,0.6378784600700432,0.4066666666666667,0.14,0.04666666666666667,"{""session/domain"": ""recorded condition/domain; not an inferred session ID""}"
feature_bank_epn_core_incremental_20260915,error_complementarity.csv,1592,541865a762519d17478e55477dbe964f284d76e2684bd5b7651db7114673308a,epn612,13,cross_user,Core,F9_Quality,0.7039894693960469,0.32,0.12,0.03333333333333333,"{""session/domain"": ""recorded condition/domain; not an inferred session ID""}"
feature_bank_epn_core_incremental_20260915,error_complementarity.csv,1593,5abd2f3822bfba3a288884471177ed0044766ee2f2c930af642f44dee7bfbc70,epn612,14,cross_user,Core,F1_X1H,0.5485269897653283,0.5066666666666667,0.22666666666666666,0.02,"{""session/domain"": ""recorded condition/domain; not an inferred session ID""}"
feature_bank_epn_core_incremental_20260915,error_complementarity.csv,1594,0724fb82941b31c2cb04a05290f9d6f30bf9c72c0680ef4ab2bdeba79bddace2,epn612,14,cross_user,Core,F4_Spectral,0.3489033241863235,0.5466666666666666,0.22,0.10666666666666667,"{""session/domain"": ""recorded condition/domain; not an inferred session ID""}"
feature_bank_epn_core_incremental_20260915,error_complementarity.csv,1595,fce51c6dc1e7481aee509d233b7babcddb340cd257cf66e54b7b49324b5f17b8,epn612,14,cross_user,Core,F5_Temporal,0.5524084673050531,0.41333333333333333,0.16,0.06666666666666667,"{""session/domain"": ""recorded condition/domain; not an inferred session ID""}"
feature_bank_epn_core_incremental_20260915,error_complementarity.csv,1596,8e263c77301a6c94b7425a98c09bf59f7589b5ad085958533c2504c0bcae3edb,epn612,14,cross_user,Core,F9_Quality,0.6261655430864195,0.38,0.10666666666666667,0.08,"{""session/domain"": ""recorded condition/domain; not an inferred session ID""}"
feature_bank_epn_core_incremental_20260915,error_complementarity.csv,1597,c1ae28f949b998277a94e240d440ebbcb8393197a2f0d4a7729b62554bbef039,epn612,15,cross_user,Core,F1_X1H,0.3476231941933009,0.66,0.3,0.04,"{""session/domain"": ""recorded condition/domain; not an inferred session ID""}"
feature_bank_epn_core_incremental_20260915,error_complementarity.csv,1598,d5689a103400f5f89c82d327f6c039106dec31b04494e240cb9ce5b4fde66ca2,epn612,15,cross_user,Core,F4_Spectral,0.47903538169922133,0.52,0.17333333333333334,0.08666666666666667,"{""session/domain"": ""recorded condition/domain; not an inferred session ID""}"
feature_bank_epn_core_incremental_20260915,error_complementarity.csv,1599,61ed2a7f0a8e2ce7e62d3a1c7bee202bccd9d3f7f399d1046c3fd9d1a9816fd9,epn612,15,cross_user,Core,F5_Temporal,0.5577435606330502,0.46,0.13333333333333333,0.08666666666666667,"{""session/domain"": ""recorded condition/domain; not an inferred session ID""}"
feature_bank_epn_core_incremental_20260915,error_complementarity.csv,1600,b84d2e285b7129c6283da070f239b5071b8cd85fb5090a32e757e2b95b1f1baa,epn612,15,cross_user,Core,F9_Quality,0.6130032343244316,0.36,0.12666666666666668,0.06666666666666667,"{""session/domain"": ""recorded condition/domain; not an inferred session ID""}"
feature_bank_manus_nested_oof_20260915,error_complementarity.csv,1601,543346ad513dd35bfc918110f8e786f8eda221a578ff8b01a7c9ccff520bb62a,semg_manus,N/A,"{""source_condition"": ""source_session_1""}",F0,F1_X1H,0.7512512753161839,0.25,0.046296296296296294,0.07407407407407407,"{""session/domain"": ""run manifest evaluation domain"", ""subject"": ""not recoverable from inspected source fields/manifest""}"
feature_bank_manus_nested_oof_20260915,error_complementarity.csv,1602,e3cddd3b8e5e77c7065c7e82314f71aff5430dea4b6ff5b4b5be357c4a2fec71,semg_manus,N/A,"{""source_condition"": ""source_session_1""}",F0,F2b_CSP,0.550105299608487,0.5185185185185185,0.1111111111111111,0.10185185185185185,"{""session/domain"": ""run manifest evaluation domain"", ""subject"": ""not recoverable from inspected source fields/manifest""}"
feature_bank_manus_nested_oof_20260915,error_complementarity.csv,1603,016993f36c2f685abb733a53ab19f413c6ac1bf8576b1cfb2a199e12ccb79b2a,semg_manus,N/A,"{""source_condition"": ""source_session_1""}",F0,F3_Ring,0.19263549448359682,0.7407407407407407,0.25925925925925924,0.10185185185185185,"{""session/domain"": ""run manifest evaluation domain"", ""subject"": ""not recoverable from inspected source fields/manifest""}"
feature_bank_manus_nested_oof_20260915,error_complementarity.csv,1604,138cabdbb742bd23a048fbe78e6cea975f078d1675c99be7cc0b6ae6331b8baa,semg_manus,N/A,"{""source_condition"": ""source_session_1""}",F0,F4_Spectral,0.46792623145683176,0.4537037037037037,0.1388888888888889,0.1111111111111111,"{""session/domain"": ""run manifest evaluation domain"", ""subject"": ""not recoverable from inspected source fields/manifest""}"
feature_bank_manus_nested_oof_20260915,error_complementarity.csv,1605,b562530fd3bc25a9096b7548967c8f3d47d2c6a37215c1dbd9437b76940c6661,semg_manus,N/A,"{""source_condition"": ""source_session_1""}",F0,F5_Temporal,0.4651964270138512,0.4722222222222222,0.1111111111111111,0.14814814814814814,"{""session/domain"": ""run manifest evaluation domain"", ""subject"": ""not recoverable from inspected source fields/manifest""}"
feature_bank_manus_nested_oof_20260915,error_complementarity.csv,1606,a2e30328164ce5508d6bc12c76dfb409e276ea808a6cf79c457ef76c0109fa4b,semg_manus,N/A,"{""source_condition"": ""source_session_1""}",F0,F6_IMU,0.06579516949597705,0.7037037037037037,0.2777777777777778,0.1388888888888889,"{""session/domain"": ""run manifest evaluation domain"", ""subject"": ""not recoverable from inspected source fields/manifest""}"
feature_bank_manus_nested_oof_20260915,error_complementarity.csv,1607,fde9a1b992a12c63b64b77f8a248b5d73a5cf78b5c7327e752c6bf87d493df81,semg_manus,N/A,"{""source_condition"": ""source_session_1""}",F0,F9_Quality,0.6188392836422791,0.37037037037037035,0.07407407407407407,0.1111111111111111,"{""session/domain"": ""run manifest evaluation domain"", ""subject"": ""not recoverable from inspected source fields/manifest""}"
feature_bank_manus_nested_oof_20260915,error_complementarity.csv,1608,bc344afc5aec5830dd3ce4d6233f30399713a42090622c8e53c6fa16da53cdb6,semg_manus,N/A,"{""source_condition"": ""source_session_1""}",F1_X1H,F2b_CSP,0.4611823580791022,0.5092592592592593,0.14814814814814814,0.1111111111111111,"{""session/domain"": ""run manifest evaluation domain"", ""subject"": ""not recoverable from inspected source fields/manifest""}"
feature_bank_manus_nested_oof_20260915,error_complementarity.csv,1609,d0f4a41bbde48bc0339360b0cf088178d734e9d06a2d1731cf45fda60bb23ca0,semg_manus,N/A,"{""source_condition"": ""source_session_1""}",F1_X1H,F3_Ring,0.15956049791755192,0.7407407407407407,0.28703703703703703,0.10185185185185185,"{""session/domain"": ""run manifest evaluation domain"", ""subject"": ""not recoverable from inspected source fields/manifest""}"
feature_bank_manus_nested_oof_20260915,error_complementarity.csv,1610,29193689b1ba973b2ecd1c6846a6dd4c0b7ba6c46d41bf5e7aee30d0f6d0c262,semg_manus,N/A,"{""source_condition"": ""source_session_1""}",F1_X1H,F4_Spectral,0.5376418578567304,0.4351851851851852,0.1388888888888889,0.08333333333333333,"{""session/domain"": ""run manifest evaluation domain"", ""subject"": ""not recoverable from inspected source fields/manifest""}"
feature_bank_manus_nested_oof_20260915,error_complementarity.csv,1611,0f3db78980beffb0dd3e63b639c5d4fbb03769835280c4825b9b74e6cfb81053,semg_manus,N/A,"{""source_condition"": ""source_session_1""}",F1_X1H,F5_Temporal,0.487429643932343,0.48148148148148145,0.12037037037037036,0.12962962962962962,"{""session/domain"": ""run manifest evaluation domain"", ""subject"": ""not recoverable from inspected source fields/manifest""}"
feature_bank_manus_nested_oof_20260915,error_complementarity.csv,1612,6c93d8b5032d8a627f6ddfbee0c7c32d205e7cc3a09bc3d9b095bfbce48de4c6,semg_manus,N/A,"{""source_condition"": ""source_session_1""}",F1_X1H,F6_IMU,0.032530002431617695,0.7407407407407407,0.3055555555555556,0.1388888888888889,"{""session/domain"": ""run manifest evaluation domain"", ""subject"": ""not recoverable from inspected source fields/manifest""}"
feature_bank_manus_nested_oof_20260915,error_complementarity.csv,1613,8351230af674fb8c769c7020261a34d5aa7e00d3ef89ae6be952a427dfc19ba4,semg_manus,N/A,"{""source_condition"": ""source_session_1""}",F1_X1H,F9_Quality,0.5633927053243962,0.4074074074074074,0.10185185185185185,0.1111111111111111,"{""session/domain"": ""run manifest evaluation domain"", ""subject"": ""not recoverable from inspected source fields/manifest""}"
feature_bank_manus_nested_oof_20260915,error_complementarity.csv,1614,5159953c30bd2c128cfb5695b5b6134c73ac2cecedbd5f4e06aa098dcdf9dcc3,semg_manus,N/A,"{""source_condition"": ""source_session_1""}",F2b_CSP,F3_Ring,0.2039814060109017,0.7037037037037037,0.25,0.10185185185185185,"{""session/domain"": ""run manifest evaluation domain"", ""subject"": ""not recoverable from inspected source fields/manifest""}"
feature_bank_manus_nested_oof_20260915,error_complementarity.csv,1615,b3f47624a7705f4087ff619c428a0d392dd545cc305e5b54ebd7a391e8cb7340,semg_manus,N/A,"{""source_condition"": ""source_session_1""}",F2b_CSP,F4_Spectral,0.32550457133142935,0.6296296296296297,0.16666666666666666,0.14814814814814814,"{""session/domain"": ""run manifest evaluation domain"", ""subject"": ""not recoverable from inspected source fields/manifest""}"
feature_bank_manus_nested_oof_20260915,error_complementarity.csv,1616,4f08d494db833131c76106de577e2ab9948a246ff20979dd999de75dc8c590d6,semg_manus,N/A,"{""source_condition"": ""source_session_1""}",F2b_CSP,F5_Temporal,0.36798755747610723,0.5462962962962963,0.12962962962962962,0.17592592592592593,"{""session/domain"": ""run manifest evaluation domain"", ""subject"": ""not recoverable from inspected source fields/manifest""}"
feature_bank_manus_nested_oof_20260915,error_complementarity.csv,1617,9266d313a5bb58c6a86db131381f6cacaf504aae88581fb65aa25d64279e32e4,semg_manus,N/A,"{""source_condition"": ""source_session_1""}",F2b_CSP,F6_IMU,0.07710953478219115,0.7407407407407407,0.26851851851851855,0.1388888888888889,"{""session/domain"": ""run manifest evaluation domain"", ""subject"": ""not recoverable from inspected source fields/manifest""}"
feature_bank_manus_nested_oof_20260915,error_complementarity.csv,1618,2d9e2cb47e89e52b56917dd44d8bf158f175123006ae3a1d952d197c0b2fb6e2,semg_manus,N/A,"{""source_condition"": ""source_session_1""}",F2b_CSP,F9_Quality,0.4451577637041063,0.5,0.1111111111111111,0.1574074074074074,"{""session/domain"": ""run manifest evaluation domain"", ""subject"": ""not recoverable from inspected source fields/manifest""}"
feature_bank_manus_nested_oof_20260915,error_complementarity.csv,1619,50c6e59f786ec261e2a4b563caccf1090dac8d552b03274fd7b9852a4d6fbf07,semg_manus,N/A,"{""source_condition"": ""source_session_1""}",F3_Ring,F4_Spectral,0.22725235176277966,0.75,0.10185185185185185,0.23148148148148148,"{""session/domain"": ""run manifest evaluation domain"", ""subject"": ""not recoverable from inspected source fields/manifest""}"
feature_bank_manus_nested_oof_20260915,error_complementarity.csv,1620,6741810a1b354ad1168a78a0eebccb576e3fac7044eeed15dbcd932da573bfd0,semg_manus,N/A,"{""source_condition"": ""source_session_1""}",F3_Ring,F5_Temporal,0.06001627608932611,0.7222222222222222,0.12037037037037036,0.3148148148148148,"{""session/domain"": ""run manifest evaluation domain"", ""subject"": ""not recoverable from inspected source fields/manifest""}"
feature_bank_manus_nested_oof_20260915,error_complementarity.csv,1621,276b726e8a67a262e68820d2dc0d7176070b580a406e3a290b8f796ea0edbd53,semg_manus,N/A,"{""source_condition"": ""source_session_1""}",F3_Ring,F6_IMU,-0.012674485010489636,0.8796296296296297,0.17592592592592593,0.19444444444444445,"{""session/domain"": ""run manifest evaluation domain"", ""subject"": ""not recoverable from inspected source fields/manifest""}"
feature_bank_manus_nested_oof_20260915,error_complementarity.csv,1622,2af6f3fa47de1e8e1b821e6f137c726933c5e28a35bb192ae4ef3c7d5922ecaa,semg_manus,N/A,"{""source_condition"": ""source_session_1""}",F3_Ring,F9_Quality,0.19320308056152918,0.7407407407407407,0.09259259259259259,0.28703703703703703,"{""session/domain"": ""run manifest evaluation domain"", ""subject"": ""not recoverable from inspected source fields/manifest""}"
feature_bank_manus_nested_oof_20260915,error_complementarity.csv,1623,87a901388d9eec1e15fd51809611efa2233abd85bb0a00b74ad02741030b9752,semg_manus,N/A,"{""source_condition"": ""source_session_1""}",F4_Spectral,F5_Temporal,0.32703677256258457,0.5833333333333334,0.12962962962962962,0.19444444444444445,"{""session/domain"": ""run manifest evaluation domain"", ""subject"": ""not recoverable from inspected source fields/manifest""}"
feature_bank_manus_nested_oof_20260915,error_complementarity.csv,1624,98cb243cc466438d0892b0d1e2bdd63ff7bd4af03288957c36cb4f0537f41c23,semg_manus,N/A,"{""source_condition"": ""source_session_1""}",F4_Spectral,F6_IMU,0.011129676054902931,0.7314814814814815,0.26851851851851855,0.1574074074074074,"{""session/domain"": ""run manifest evaluation domain"", ""subject"": ""not recoverable from inspected source fields/manifest""}"
feature_bank_manus_nested_oof_20260915,error_complementarity.csv,1625,ff54df928d1f679678fcdba5c0fff8b618d55b4ae680db85b3e0286aa5613a6a,semg_manus,N/A,"{""source_condition"": ""source_session_1""}",F4_Spectral,F9_Quality,0.36602128849719734,0.5462962962962963,0.12037037037037036,0.18518518518518517,"{""session/domain"": ""run manifest evaluation domain"", ""subject"": ""not recoverable from inspected source fields/manifest""}"
feature_bank_manus_nested_oof_20260915,error_complementarity.csv,1626,e2572c8f6cf1c83cd88b697d2e94b4e659e5ced1ae12f9970ba5d097b7a4e98a,semg_manus,N/A,"{""source_condition"": ""source_session_1""}",F5_Temporal,F6_IMU,-0.021621937503220508,0.7962962962962963,0.32407407407407407,0.14814814814814814,"{""session/domain"": ""run manifest evaluation domain"", ""subject"": ""not recoverable from inspected source fields/manifest""}"
feature_bank_manus_nested_oof_20260915,error_complementarity.csv,1627,ec4880e6973ba0204c3b2732dd60df3209711e62d3953dece768567799d903e6,semg_manus,N/A,"{""source_condition"": ""source_session_1""}",F5_Temporal,F9_Quality,0.43197755960729367,0.49074074074074076,0.1388888888888889,0.1388888888888889,"{""session/domain"": ""run manifest evaluation domain"", ""subject"": ""not recoverable from inspected source fields/manifest""}"
feature_bank_manus_nested_oof_20260915,error_complementarity.csv,1628,79b5d746f21ad57acd7f7ca72ee8d453ab51e5dd64778ce128dd013197880999,semg_manus,N/A,"{""source_condition"": ""source_session_1""}",F6_IMU,F9_Quality,0.021621937503220525,0.8240740740740741,0.1388888888888889,0.3148148148148148,"{""session/domain"": ""run manifest evaluation domain"", ""subject"": ""not recoverable from inspected source fields/manifest""}"
feature_bank_epn_nested_oof_20260915,error_complementarity.csv,1629,e62915036da19230233e39d7871923c919624b908d336373e4ce98fadd9524e5,epn612,N/A,"{""source_condition"": ""cross_user""}",F0,F1_X1H,0.4578841353561217,0.5297777777777778,0.2111111111111111,0.06177777777777778,"{""session/domain"": ""run manifest evaluation domain"", ""subject"": ""not recoverable from inspected source fields/manifest""}"
feature_bank_epn_nested_oof_20260915,error_complementarity.csv,1630,fdc05b1c4de8fc75d22c92ac0cc53c4deaf73f9d9697cd8f37e85790b68610e2,epn612,N/A,"{""source_condition"": ""cross_user""}",F0,F2b_CSP,0.5082833731762523,0.49377777777777776,0.1711111111111111,0.07377777777777778,"{""session/domain"": ""run manifest evaluation domain"", ""subject"": ""not recoverable from inspected source fields/manifest""}"
feature_bank_epn_nested_oof_20260915,error_complementarity.csv,1631,3b0a8ffe4ee2e161bb7463ea98d2fedd602c7b75f0e7d41d16c380b76d64e2d7,epn612,N/A,"{""source_condition"": ""cross_user""}",F0,F3_Ring,0.3304631700071212,0.6044444444444445,0.22311111111111112,0.10711111111111112,"{""session/domain"": ""run manifest evaluation domain"", ""subject"": ""not recoverable from inspected source fields/manifest""}"
feature_bank_epn_nested_oof_20260915,error_complementarity.csv,1632,d33b689afcace0da9b13faa0ec2d3cd7b7baa1987ce67edfd2af5c6f6b01030c,epn612,N/A,"{""source_condition"": ""cross_user""}",F0,F4_Spectral,0.51829236594405,0.4577777777777778,0.15288888888888888,0.08577777777777777,"{""session/domain"": ""run manifest evaluation domain"", ""subject"": ""not recoverable from inspected source fields/manifest""}"
feature_bank_epn_nested_oof_20260915,error_complementarity.csv,1633,f527d8e0938a2d9f1e0e4abdc654a93e0b1cb3fd50de1161f3f5e06f8a400f89,epn612,N/A,"{""source_condition"": ""cross_user""}",F0,F5_Temporal,0.5944891070426805,0.41244444444444445,0.12266666666666666,0.07822222222222222,"{""session/domain"": ""run manifest evaluation domain"", ""subject"": ""not recoverable from inspected source fields/manifest""}"
feature_bank_epn_nested_oof_20260915,error_complementarity.csv,1634,6fe7b66fd266d561ba603958d578d81caf5612056c3ba2ce73fbd43e82aa83f3,epn612,N/A,"{""source_condition"": ""cross_user""}",F0,F6_IMU,0.24304447220766245,0.648,0.292,0.08177777777777778,"{""session/domain"": ""run manifest evaluation domain"", ""subject"": ""not recoverable from inspected source fields/manifest""}"
feature_bank_epn_nested_oof_20260915,error_complementarity.csv,1635,8c8ec94cc7234773aaf75e7a7ce3566c39974e763128154fb3e0e593e737a6ec,epn612,N/A,"{""source_condition"": ""cross_user""}",F0,F9_Quality,0.6572773948716409,0.33555555555555555,0.09333333333333334,0.07644444444444444,"{""session/domain"": ""run manifest evaluation domain"", ""subject"": ""not recoverable from inspected source fields/manifest""}"
feature_bank_epn_nested_oof_20260915,error_complementarity.csv,1636,4ef02820114a74a37f23c423a7e788d2cd478349c96e1edb96db1ad8f52850e1,epn612,N/A,"{""source_condition"": ""cross_user""}",F1_X1H,F2b_CSP,0.6486256557568176,0.35733333333333334,0.05333333333333334,0.10533333333333333,"{""session/domain"": ""run manifest evaluation domain"", ""subject"": ""not recoverable from inspected source fields/manifest""}"
feature_bank_epn_nested_oof_20260915,error_complementarity.csv,1637,af45357231103ae9bf5fe4f696326691257af6eb7b3d33bedbaca971ea8d09d6,epn612,N/A,"{""source_condition"": ""cross_user""}",F1_X1H,F3_Ring,0.32326673089172364,0.6382222222222222,0.132,0.16533333333333333,"{""session/domain"": ""run manifest evaluation domain"", ""subject"": ""not recoverable from inspected source fields/manifest""}"
feature_bank_epn_nested_oof_20260915,error_complementarity.csv,1638,cb5f013e2fadacc8c18931d3b0de4b5752d84c13b4b39b8c970520755a5e6682,epn612,N/A,"{""source_condition"": ""cross_user""}",F1_X1H,F4_Spectral,0.3856156108874829,0.5613333333333334,0.10088888888888889,0.1831111111111111,"{""session/domain"": ""run manifest evaluation domain"", ""subject"": ""not recoverable from inspected source fields/manifest""}"
feature_bank_epn_nested_oof_20260915,error_complementarity.csv,1639,52da85a265a6691a840977e52e7379f61aa849b4382cda9bbfff27874682c413,epn612,N/A,"{""source_condition"": ""cross_user""}",F1_X1H,F5_Temporal,0.5411156072436597,0.48133333333333334,0.057777777777777775,0.16266666666666665,"{""session/domain"": ""run manifest evaluation domain"", ""subject"": ""not recoverable from inspected source fields/manifest""}"
feature_bank_epn_nested_oof_20260915,error_complementarity.csv,1640,4c017c7f58d27ca2b362139d14d57fa39491824b419014fe35430bfd305c1201,epn612,N/A,"{""source_condition"": ""cross_user""}",F1_X1H,F6_IMU,0.2955943504521406,0.7044444444444444,0.1728888888888889,0.112,"{""session/domain"": ""run manifest evaluation domain"", ""subject"": ""not recoverable from inspected source fields/manifest""}"
feature_bank_epn_nested_oof_20260915,error_complementarity.csv,1641,fc5ba314da318f7256d0cd44eb4775faca7c68426427123ad16c60e80256985b,epn612,N/A,"{""source_condition"": ""cross_user""}",F1_X1H,F9_Quality,0.45113153752058777,0.5346666666666666,0.06888888888888889,0.20133333333333334,"{""session/domain"": ""run manifest evaluation domain"", ""subject"": ""not recoverable from inspected source fields/manifest""}"
feature_bank_epn_nested_oof_20260915,error_complementarity.csv,1642,f5d860f4db889f1eb8fdc000625f55d73a80565db58d92fc71a4bb4290ee4b7d,epn612,N/A,"{""source_condition"": ""cross_user""}",F2b_CSP,F3_Ring,0.3384607186762934,0.6235555555555555,0.16,0.14133333333333334,"{""session/domain"": ""run manifest evaluation domain"", ""subject"": ""not recoverable from inspected source fields/manifest""}"
feature_bank_epn_nested_oof_20260915,error_complementarity.csv,1643,75065844618413d9d68c70e70de89f41f9754c8565cb6d90a41d3e1b8777af6f,epn612,N/A,"{""source_condition"": ""cross_user""}",F2b_CSP,F4_Spectral,0.43236107227374554,0.5302222222222223,0.11822222222222223,0.14844444444444443,"{""session/domain"": ""run manifest evaluation domain"", ""subject"": ""not recoverable from inspected source fields/manifest""}"
feature_bank_epn_nested_oof_20260915,error_complementarity.csv,1644,a20c80b2e064080226b5864a9b50c5167e2d4fe96bc35a04cca8ef157f1095c8,epn612,N/A,"{""source_condition"": ""cross_user""}",F2b_CSP,F5_Temporal,0.5161354922424447,0.4871111111111111,0.08933333333333333,0.14222222222222222,"{""session/domain"": ""run manifest evaluation domain"", ""subject"": ""not recoverable from inspected source fields/manifest""}"
feature_bank_epn_nested_oof_20260915,error_complementarity.csv,1645,e4c9659bad71695acb38c9d9d99b79a3241f81f6ca72d1b69b93affc344f359f,epn612,N/A,"{""source_condition"": ""cross_user""}",F2b_CSP,F6_IMU,0.29101357331342587,0.6777777777777778,0.21066666666666667,0.09777777777777778,"{""session/domain"": ""run manifest evaluation domain"", ""subject"": ""not recoverable from inspected source fields/manifest""}"
feature_bank_epn_nested_oof_20260915,error_complementarity.csv,1646,11a9f98863fc1cec155cc32bca60b9b2039227a46bdd68747def44b5a8f4a0fa,epn612,N/A,"{""source_condition"": ""cross_user""}",F2b_CSP,F9_Quality,0.48705774960314663,0.49377777777777776,0.08533333333333333,0.16577777777777777,"{""session/domain"": ""run manifest evaluation domain"", ""subject"": ""not recoverable from inspected source fields/manifest""}"
feature_bank_epn_nested_oof_20260915,error_complementarity.csv,1647,42eeef21de6798d5eb1a132d3cd63f30029f8822a91ef9bf1329ef9b55f67fed,epn612,N/A,"{""source_condition"": ""cross_user""}",F3_Ring,F4_Spectral,0.23270713804323712,0.6728888888888889,0.15422222222222223,0.2031111111111111,"{""session/domain"": ""run manifest evaluation domain"", ""subject"": ""not recoverable from inspected source fields/manifest""}"
feature_bank_epn_nested_oof_20260915,error_complementarity.csv,1648,7fbc078c39c17568713823cb729e7052bf89995a4eacf8d4f1fef19c2d1894b1,epn612,N/A,"{""source_condition"": ""cross_user""}",F3_Ring,F5_Temporal,0.3650437780618491,0.6057777777777777,0.11511111111111111,0.18666666666666668,"{""session/domain"": ""run manifest evaluation domain"", ""subject"": ""not recoverable from inspected source fields/manifest""}"
feature_bank_epn_nested_oof_20260915,error_complementarity.csv,1649,9950991f02d8c0276e1852daddb6073ff364a54fd116c5407b98247e2ed95d56,epn612,N/A,"{""source_condition"": ""cross_user""}",F3_Ring,F6_IMU,0.27146928682980365,0.6866666666666666,0.20133333333333334,0.10711111111111112,"{""session/domain"": ""run manifest evaluation domain"", ""subject"": ""not recoverable from inspected source fields/manifest""}"
feature_bank_epn_nested_oof_20260915,error_complementarity.csv,1650,0462113afdc7bc0e892ecb1acd567589e03b32894e99e02b1c8fdc574ceb6f90,epn612,N/A,"{""source_condition"": ""cross_user""}",F3_Ring,F9_Quality,0.3050968309955062,0.6173333333333333,0.11911111111111111,0.21822222222222223,"{""session/domain"": ""run manifest evaluation domain"", ""subject"": ""not recoverable from inspected source fields/manifest""}"
feature_bank_epn_nested_oof_20260915,error_complementarity.csv,1651,555d0fcc013fb42cc1d56257739ee49bd701a55ca3366a0913e2f50dab724d1f,epn612,N/A,"{""source_condition"": ""cross_user""}",F4_Spectral,F5_Temporal,0.4596321065157612,0.5311111111111111,0.11866666666666667,0.14133333333333334,"{""session/domain"": ""run manifest evaluation domain"", ""subject"": ""not recoverable from inspected source fields/manifest""}"
feature_bank_epn_nested_oof_20260915,error_complementarity.csv,1652,f04442eda53020f60d86a37145f4cf836caceb75641b35c4b2a03f0d636093fd,epn612,N/A,"{""source_condition"": ""cross_user""}",F4_Spectral,F6_IMU,0.14517914623678985,0.7066666666666667,0.26311111111111113,0.12,"{""session/domain"": ""run manifest evaluation domain"", ""subject"": ""not recoverable from inspected source fields/manifest""}"
feature_bank_epn_nested_oof_20260915,error_complementarity.csv,1653,d156273c23e0653da5210f413a50914fe2d3f198fdfca4fbc23d382b683222c5,epn612,N/A,"{""source_condition"": ""cross_user""}",F4_Spectral,F9_Quality,0.5399693889929562,0.45422222222222225,0.08755555555555555,0.13777777777777778,"{""session/domain"": ""run manifest evaluation domain"", ""subject"": ""not recoverable from inspected source fields/manifest""}"
feature_bank_epn_nested_oof_20260915,error_complementarity.csv,1654,608b1b51c57332a22ba268aea6ebf18b548dfae15c2e8e5d9468e4a8757996d4,epn612,N/A,"{""source_condition"": ""cross_user""}",F5_Temporal,F6_IMU,0.3311120728445052,0.6431111111111111,0.24044444444444443,0.07466666666666667,"{""session/domain"": ""run manifest evaluation domain"", ""subject"": ""not recoverable from inspected source fields/manifest""}"
feature_bank_epn_nested_oof_20260915,error_complementarity.csv,1655,d259519ac92bed0ec007ae4263ef946c5500a292655c8a61876288f9bb7557c3,epn612,N/A,"{""source_condition"": ""cross_user""}",F5_Temporal,F9_Quality,0.5559771682913601,0.45644444444444443,0.0951111111111111,0.12266666666666666,"{""session/domain"": ""run manifest evaluation domain"", ""subject"": ""not recoverable from inspected source fields/manifest""}"
feature_bank_epn_nested_oof_20260915,error_complementarity.csv,1656,776f571d1a92fc1d8dc017e45cf356066f35eccefc446235f55d26c681264f1b,epn612,N/A,"{""source_condition"": ""cross_user""}",F6_IMU,F9_Quality,0.25298547882680444,0.672,0.084,0.2773333333333333,"{""session/domain"": ""run manifest evaluation domain"", ""subject"": ""not recoverable from inspected source fields/manifest""}"
feature_bank_force_nested_oof_20260915,error_complementarity.csv,1657,c13b632ea5f37f77094684c7dcaa6c6f7a948deeb2812d1876196314afaea654,libemg_contraction_intensity,N/A,"{""source_condition"": ""Ramp""}",F0,F1_X1H,0.4753391483672818,0.38095238095238093,0.20833333333333334,0.06547619047619048,"{""session/domain"": ""run manifest evaluation domain"", ""subject"": ""not recoverable from inspected source fields/manifest""}"
feature_bank_force_nested_oof_20260915,error_complementarity.csv,1658,e5968fc1ba098954cfc8f58906bc4433dcc6f007bec3a944cee01157f129857d,libemg_contraction_intensity,N/A,"{""source_condition"": ""Ramp""}",F0,F2b_CSP,0.2156359300998672,0.5238095238095238,0.25595238095238093,0.13690476190476192,"{""session/domain"": ""run manifest evaluation domain"", ""subject"": ""not recoverable from inspected source fields/manifest""}"
feature_bank_force_nested_oof_20260915,error_complementarity.csv,1659,45bc9741383a0e86c65d073d4f46337714596da76e132bc433040655fce08a29,libemg_contraction_intensity,N/A,"{""source_condition"": ""Ramp""}",F0,F3_Ring,0.10376379632997446,0.7083333333333334,0.40476190476190477,0.09523809523809523,"{""session/domain"": ""run manifest evaluation domain"", ""subject"": ""not recoverable from inspected source fields/manifest""}"
feature_bank_force_nested_oof_20260915,error_complementarity.csv,1660,e063cd6f198e59cc4036784417d0772c2c4c98efcd0d83245e923cf98a335b15,libemg_contraction_intensity,N/A,"{""source_condition"": ""Ramp""}",F0,F4_Spectral,0.41461147850510316,0.3630952380952381,0.16071428571428573,0.11904761904761904,"{""session/domain"": ""run manifest evaluation domain"", ""subject"": ""not recoverable from inspected source fields/manifest""}"
feature_bank_force_nested_oof_20260915,error_complementarity.csv,1661,6d9bae4906809af362fa6c7f8acdb8a3466ca41f2281024aeadc12381d54a594,libemg_contraction_intensity,N/A,"{""source_condition"": ""Ramp""}",F0,F5_Temporal,0.4934137114914485,0.35119047619047616,0.19642857142857142,0.06547619047619048,"{""session/domain"": ""run manifest evaluation domain"", ""subject"": ""not recoverable from inspected source fields/manifest""}"
feature_bank_force_nested_oof_20260915,error_complementarity.csv,1662,2a26a9ebd93e25f6ef92e01f670d6461bc268b869c3b2e53b0f2d8e13145be3b,libemg_contraction_intensity,N/A,"{""source_condition"": ""Ramp""}",F0,F9_Quality,0.46940564364414966,0.3273809523809524,0.15476190476190477,0.10119047619047619,"{""session/domain"": ""run manifest evaluation domain"", ""subject"": ""not recoverable from inspected source fields/manifest""}"
feature_bank_force_nested_oof_20260915,error_complementarity.csv,1663,7149439292124ef5c6a8ebc6e1d53e99cb602fcb15755753279ad4dc33369809,libemg_contraction_intensity,N/A,"{""source_condition"": ""Ramp""}",F1_X1H,F2b_CSP,0.4770277935337492,0.4166666666666667,0.11904761904761904,0.14285714285714285,"{""session/domain"": ""run manifest evaluation domain"", ""subject"": ""not recoverable from inspected source fields/manifest""}"
feature_bank_force_nested_oof_20260915,error_complementarity.csv,1664,f5085f7472d31de5d269645b0b3f675dcf63d00af6adbce48c12a342e3642262,libemg_contraction_intensity,N/A,"{""source_condition"": ""Ramp""}",F1_X1H,F3_Ring,0.16937867734920997,0.7321428571428571,0.2916666666666667,0.125,"{""session/domain"": ""run manifest evaluation domain"", ""subject"": ""not recoverable from inspected source fields/manifest""}"
feature_bank_force_nested_oof_20260915,error_complementarity.csv,1665,0d9d0909bc697b66e365741fa07843d73d8573b7188aa680c2d23720699ed580,libemg_contraction_intensity,N/A,"{""source_condition"": ""Ramp""}",F1_X1H,F4_Spectral,0.42791563499481194,0.3869047619047619,0.09523809523809523,0.19642857142857142,"{""session/domain"": ""run manifest evaluation domain"", ""subject"": ""not recoverable from inspected source fields/manifest""}"
feature_bank_force_nested_oof_20260915,error_complementarity.csv,1666,b142fb48c4ddf3a2ce07e098512a8b8952f7e09826e75cb57fe0c33cdc438eff,libemg_contraction_intensity,N/A,"{""source_condition"": ""Ramp""}",F1_X1H,F5_Temporal,0.45250923281806343,0.42857142857142855,0.13095238095238096,0.14285714285714285,"{""session/domain"": ""run manifest evaluation domain"", ""subject"": ""not recoverable from inspected source fields/manifest""}"
feature_bank_force_nested_oof_20260915,error_complementarity.csv,1667,850461d1950bd4771eae038fca3f7c2c3f319779530f0650b9f2dedaa094a1ff,libemg_contraction_intensity,N/A,"{""source_condition"": ""Ramp""}",F1_X1H,F9_Quality,0.5220252396475594,0.35714285714285715,0.07738095238095238,0.16666666666666666,"{""session/domain"": ""run manifest evaluation domain"", ""subject"": ""not recoverable from inspected source fields/manifest""}"
feature_bank_force_nested_oof_20260915,error_complementarity.csv,1668,65ba2d42b850f9cb05eacb77ca8b9a243d9f8b5638aaaffb2620c1928d5e757d,libemg_contraction_intensity,N/A,"{""source_condition"": ""Ramp""}",F2b_CSP,F3_Ring,0.13659570753968556,0.7619047619047619,0.31547619047619047,0.125,"{""session/domain"": ""run manifest evaluation domain"", ""subject"": ""not recoverable from inspected source fields/manifest""}"
feature_bank_force_nested_oof_20260915,error_complementarity.csv,1669,6736f0c5299197152fd98b6e1159c779d86b03702871d4fe59d62bff687a03db,libemg_contraction_intensity,N/A,"{""source_condition"": ""Ramp""}",F2b_CSP,F4_Spectral,0.3224495592991203,0.47619047619047616,0.13095238095238096,0.20833333333333334,"{""session/domain"": ""run manifest evaluation domain"", ""subject"": ""not recoverable from inspected source fields/manifest""}"
feature_bank_force_nested_oof_20260915,error_complementarity.csv,1670,bf7c7cef22c320a77e44c1d45d05af45826caf979fedadb0f61644109d8faaa4,libemg_contraction_intensity,N/A,"{""source_condition"": ""Ramp""}",F2b_CSP,F5_Temporal,0.1428976524688623,0.6071428571428571,0.22023809523809523,0.20833333333333334,"{""session/domain"": ""run manifest evaluation domain"", ""subject"": ""not recoverable from inspected source fields/manifest""}"
feature_bank_force_nested_oof_20260915,error_complementarity.csv,1671,25444c839cd361f0c8590970dae7320acb2b5f2976eee71965d90c1a152bcb89,libemg_contraction_intensity,N/A,"{""source_condition"": ""Ramp""}",F2b_CSP,F9_Quality,0.27349645595608824,0.4880952380952381,0.1488095238095238,0.21428571428571427,"{""session/domain"": ""run manifest evaluation domain"", ""subject"": ""not recoverable from inspected source fields/manifest""}"
feature_bank_force_nested_oof_20260915,error_complementarity.csv,1672,43c27e65859f1fe90c50c78d05fef865f7948a0e73622b1a45de68dade760666,libemg_contraction_intensity,N/A,"{""source_condition"": ""Ramp""}",F3_Ring,F4_Spectral,0.08234738431512417,0.7142857142857143,0.1130952380952381,0.38095238095238093,"{""session/domain"": ""run manifest evaluation domain"", ""subject"": ""not recoverable from inspected source fields/manifest""}"
feature_bank_force_nested_oof_20260915,error_complementarity.csv,1673,962ac8d4749c0d8a4d0762675b91d0cbd01893c5f8b7c3824f395d1906f3c7a7,libemg_contraction_intensity,N/A,"{""source_condition"": ""Ramp""}",F3_Ring,F5_Temporal,0.05098127419345817,0.7916666666666666,0.1488095238095238,0.3273809523809524,"{""session/domain"": ""run manifest evaluation domain"", ""subject"": ""not recoverable from inspected source fields/manifest""}"
feature_bank_force_nested_oof_20260915,error_complementarity.csv,1674,0636662a847f0d3c99250d19e4789382f427eeca04cf93129c351f0e0e43448d,libemg_contraction_intensity,N/A,"{""source_condition"": ""Ramp""}",F3_Ring,F9_Quality,0.12440008348384891,0.7380952380952381,0.10714285714285714,0.3630952380952381,"{""session/domain"": ""run manifest evaluation domain"", ""subject"": ""not recoverable from inspected source fields/manifest""}"
feature_bank_force_nested_oof_20260915,error_complementarity.csv,1675,54b1649fd1fe6ef7ee99c8f183033bf507b65d7ff16c982690ceb06421283fcf,libemg_contraction_intensity,N/A,"{""source_condition"": ""Ramp""}",F4_Spectral,F5_Temporal,0.32667930388828237,0.4583333333333333,0.21428571428571427,0.125,"{""session/domain"": ""run manifest evaluation domain"", ""subject"": ""not recoverable from inspected source fields/manifest""}"
feature_bank_force_nested_oof_20260915,error_complementarity.csv,1676,6bb2812d06de5f57220f9552dbd8997e13b23529930f30ed7c8add51f4c16d0b,libemg_contraction_intensity,N/A,"{""source_condition"": ""Ramp""}",F4_Spectral,F9_Quality,0.26549280846955575,0.4226190476190476,0.18452380952380953,0.17261904761904762,"{""session/domain"": ""run manifest evaluation domain"", ""subject"": ""not recoverable from inspected source fields/manifest""}"
feature_bank_force_nested_oof_20260915,error_complementarity.csv,1677,f35144bd280a4ad105a22c414f91420d5e2a0f51c0016342af27f33c0e637132,libemg_contraction_intensity,N/A,"{""source_condition"": ""Ramp""}",F5_Temporal,F9_Quality,0.46994774014423824,0.38095238095238093,0.09523809523809523,0.17261904761904762,"{""session/domain"": ""run manifest evaluation domain"", ""subject"": ""not recoverable from inspected source fields/manifest""}"
feature_bank_force_audited_validation_20260915,error_complementarity.csv,1678,87b6c6083b569e443c4f3d83b6cc3f80290350ed6c24ee29c8a4243a5ea9c5de,libemg_contraction_intensity,N/A,N/A,B_F0,B_plus_F1_X1H,0.7707517213005803,0.1133078231292517,0.03550170068027211,0.07780612244897958,"{""dataset"": ""same-run recorded dataset"", ""disagreement_rate"": ""source alias: disagreement"", ""session/domain"": ""not recoverable from inspected source fields/manifest"", ""subject"": ""not recoverable from inspected source fields/manifest""}"
feature_bank_force_audited_validation_20260915,error_complementarity.csv,1679,fd1671854f31cafd52f8fac669c011419b8952a6b5f07207ae16132f66be8124,libemg_contraction_intensity,N/A,N/A,B_F0,B_plus_F2a_Cov,0.3509637980457453,0.32653061224489793,0.19600340136054423,0.13052721088435376,"{""dataset"": ""same-run recorded dataset"", ""disagreement_rate"": ""source alias: disagreement"", ""session/domain"": ""not recoverable from inspected source fields/manifest"", ""subject"": ""not recoverable from inspected source fields/manifest""}"
feature_bank_force_audited_validation_20260915,error_complementarity.csv,1680,eeeb8dd1b288ede41291c3a7d379e838f9fa466fbc25fe77b290632dcd7fcc30,libemg_contraction_intensity,N/A,N/A,B_F0,B_plus_F2b_CSP,0.6819576147855453,0.15816326530612243,0.04039115646258503,0.11777210884353741,"{""dataset"": ""same-run recorded dataset"", ""disagreement_rate"": ""source alias: disagreement"", ""session/domain"": ""not recoverable from inspected source fields/manifest"", ""subject"": ""not recoverable from inspected source fields/manifest""}"
feature_bank_force_audited_validation_20260915,error_complementarity.csv,1681,07ce03a4c479e219625304c46595ba7313aa58c558faa61ef703f85c9697ca1e,libemg_contraction_intensity,N/A,N/A,B_F0,B_plus_F2c_SPD,0.5184729017830325,0.23915816326530612,0.13201530612244897,0.10714285714285714,"{""dataset"": ""same-run recorded dataset"", ""disagreement_rate"": ""source alias: disagreement"", ""session/domain"": ""not recoverable from inspected source fields/manifest"", ""subject"": ""not recoverable from inspected source fields/manifest""}"
feature_bank_force_audited_validation_20260915,error_complementarity.csv,1682,af7c088b4485d30f0d905d61a38ea41b9a64fe6e0de4191a083162785db6d14c,libemg_contraction_intensity,N/A,N/A,B_F0,B_plus_F3_Ring,0.7796934874158958,0.10863095238095237,0.05442176870748299,0.054209183673469385,"{""dataset"": ""same-run recorded dataset"", ""disagreement_rate"": ""source alias: disagreement"", ""session/domain"": ""not recoverable from inspected source fields/manifest"", ""subject"": ""not recoverable from inspected source fields/manifest""}"
feature_bank_force_audited_validation_20260915,error_complementarity.csv,1683,74c4d41a2300fff56b3f5ccee8bfd1e7bdfb66099f855c0b0c5d4b0091a0fba4,libemg_contraction_intensity,N/A,N/A,B_F0,B_plus_F4_Spectral,0.4121497142482937,0.28720238095238093,0.11288265306122447,0.17431972789115646,"{""dataset"": ""same-run recorded dataset"", ""disagreement_rate"": ""source alias: disagreement"", ""session/domain"": ""not recoverable from inspected source fields/manifest"", ""subject"": ""not recoverable from inspected source fields/manifest""}"
feature_bank_force_audited_validation_20260915,error_complementarity.csv,1684,962c8875a67b4b7e3dd854a1234421d43f7239c601712fb263a1498b8ccce3f0,libemg_contraction_intensity,N/A,N/A,B_F0,B_plus_F5_Temporal,0.7827660700059431,0.10693027210884352,0.04825680272108843,0.05867346938775509,"{""dataset"": ""same-run recorded dataset"", ""disagreement_rate"": ""source alias: disagreement"", ""session/domain"": ""not recoverable from inspected source fields/manifest"", ""subject"": ""not recoverable from inspected source fields/manifest""}"
feature_bank_force_audited_validation_20260915,error_complementarity.csv,1685,9eb8a8565db0c03a819e475605dbbe857ad13c3e78f0e5645a6a5dea8b3a7ddc,libemg_contraction_intensity,N/A,N/A,B_F0,B_plus_F9_Quality,0.8000282248772942,0.09948979591836733,0.02465986394557823,0.0748299319727891,"{""dataset"": ""same-run recorded dataset"", ""disagreement_rate"": ""source alias: disagreement"", ""session/domain"": ""not recoverable from inspected source fields/manifest"", ""subject"": ""not recoverable from inspected source fields/manifest""}"
feature_bank_force_audited_validation_20260915,error_complementarity.csv,1686,9c5d58084d86613c9e9d4cd98516b2672ed5475cc61a3a689214d83a7def93ae,libemg_contraction_intensity,N/A,N/A,B_plus_F1_X1H,B_plus_F2a_Cov,0.4720853606692673,0.2701955782312925,0.18898809523809523,0.08120748299319727,"{""dataset"": ""same-run recorded dataset"", ""disagreement_rate"": ""source alias: disagreement"", ""session/domain"": ""not recoverable from inspected source fields/manifest"", ""subject"": ""not recoverable from inspected source fields/manifest""}"
feature_bank_force_audited_validation_20260915,error_complementarity.csv,1687,d20bad5ece6bce488ce19772a91a3b0cc025b2d2c2036e2eea4eed1ef7794b4d,libemg_contraction_intensity,N/A,N/A,B_plus_F1_X1H,B_plus_F2b_CSP,0.7929435503024249,0.09885204081632652,0.03188775510204081,0.06696428571428573,"{""dataset"": ""same-run recorded dataset"", ""disagreement_rate"": ""source alias: disagreement"", ""session/domain"": ""not recoverable from inspected source fields/manifest"", ""subject"": ""not recoverable from inspected source fields/manifest""}"
feature_bank_force_audited_validation_20260915,error_complementarity.csv,1688,59741234d53076e94579c8e03f6d3363f35cfd20ef190ef2e82c815897700b83,libemg_contraction_intensity,N/A,N/A,B_plus_F1_X1H,B_plus_F2c_SPD,0.5115849024239103,0.24319727891156462,0.15518707482993196,0.08801020408163265,"{""dataset"": ""same-run recorded dataset"", ""disagreement_rate"": ""source alias: disagreement"", ""session/domain"": ""not recoverable from inspected source fields/manifest"", ""subject"": ""not recoverable from inspected source fields/manifest""}"
feature_bank_force_audited_validation_20260915,error_complementarity.csv,1689,163fc3fe922827c7ebad3c1b46e7b167e8e9f8a85a0fe3400ef856a6ca5246d5,libemg_contraction_intensity,N/A,N/A,B_plus_F1_X1H,B_plus_F3_Ring,0.695169941766675,0.15008503401360543,0.09630102040816324,0.053784013605442174,"{""dataset"": ""same-run recorded dataset"", ""disagreement_rate"": ""source alias: disagreement"", ""session/domain"": ""not recoverable from inspected source fields/manifest"", ""subject"": ""not recoverable from inspected source fields/manifest""}"
feature_bank_force_audited_validation_20260915,error_complementarity.csv,1690,fe23e67a98455718390762ce2ee55884ecec61166b264c6d8dca2ed8d50f65cf,libemg_contraction_intensity,N/A,N/A,B_plus_F1_X1H,B_plus_F4_Spectral,0.5204109661409643,0.22831632653061223,0.10459183673469385,0.12372448979591835,"{""dataset"": ""same-run recorded dataset"", ""disagreement_rate"": ""source alias: disagreement"", ""session/domain"": ""not recoverable from inspected source fields/manifest"", ""subject"": ""not recoverable from inspected source fields/manifest""}"
feature_bank_force_audited_validation_20260915,error_complementarity.csv,1691,6a8c2a8bbedd759a75790ab21788811741162a2a8f3ad9327d90cd22b02d123e,libemg_contraction_intensity,N/A,N/A,B_plus_F1_X1H,B_plus_F5_Temporal,0.6847686044259268,0.15391156462585034,0.09289965986394558,0.06101190476190476,"{""dataset"": ""same-run recorded dataset"", ""disagreement_rate"": ""source alias: disagreement"", ""session/domain"": ""not recoverable from inspected source fields/manifest"", ""subject"": ""not recoverable from inspected source fields/manifest""}"
feature_bank_force_audited_validation_20260915,error_complementarity.csv,1692,48f78b64928472fcadf46961379256cbbd6b745edc79191e66e0d056a14b9b4b,libemg_contraction_intensity,N/A,N/A,B_plus_F1_X1H,B_plus_F9_Quality,0.7941630652867103,0.09842687074829931,0.04528061224489796,0.05314625850340136,"{""dataset"": ""same-run recorded dataset"", ""disagreement_rate"": ""source alias: disagreement"", ""session/domain"": ""not recoverable from inspected source fields/manifest"", ""subject"": ""not recoverable from inspected source fields/manifest""}"
feature_bank_force_audited_validation_20260915,error_complementarity.csv,1693,de8c779c9cf0ed821cd33b70bbe3b24768d0fbd072eda51813d3cc27f303d202,libemg_contraction_intensity,N/A,N/A,B_plus_F2a_Cov,B_plus_F2b_CSP,0.4633471414470808,0.2789115646258503,0.06802721088435373,0.21088435374149658,"{""dataset"": ""same-run recorded dataset"", ""disagreement_rate"": ""source alias: disagreement"", ""session/domain"": ""not recoverable from inspected source fields/manifest"", ""subject"": ""not recoverable from inspected source fields/manifest""}"
feature_bank_force_audited_validation_20260915,error_complementarity.csv,1694,027e0f0f8e0c1f70bac6c2d88b1dca10e6d6fd4bdc28de0c8c45ea64235ddcf3,libemg_contraction_intensity,N/A,N/A,B_plus_F2a_Cov,B_plus_F2c_SPD,0.646583136355287,0.1779336734693877,0.06866496598639454,0.1092687074829932,"{""dataset"": ""same-run recorded dataset"", ""disagreement_rate"": ""source alias: disagreement"", ""session/domain"": ""not recoverable from inspected source fields/manifest"", ""subject"": ""not recoverable from inspected source fields/manifest""}"
feature_bank_force_audited_validation_20260915,error_complementarity.csv,1695,400146e392280e7eda00d25c4ee9b01eaf9c29ee082ab9ed88e1bbd429c8c7af,libemg_contraction_intensity,N/A,N/A,B_plus_F2a_Cov,B_plus_F3_Ring,0.3530811932008682,0.3254676870748299,0.13010204081632654,0.1953656462585034,"{""dataset"": ""same-run recorded dataset"", ""disagreement_rate"": ""source alias: disagreement"", ""session/domain"": ""not recoverable from inspected source fields/manifest"", ""subject"": ""not recoverable from inspected source fields/manifest""}"
feature_bank_force_audited_validation_20260915,error_complementarity.csv,1696,cc13bfb74a0d299d3e97e697952635aaf72dfe248f11cf14930ba7181326ff47,libemg_contraction_intensity,N/A,N/A,B_plus_F2a_Cov,B_plus_F4_Spectral,0.45405338243695564,0.28125,0.07716836734693877,0.2040816326530612,"{""dataset"": ""same-run recorded dataset"", ""disagreement_rate"": ""source alias: disagreement"", ""session/domain"": ""not recoverable from inspected source fields/manifest"", ""subject"": ""not recoverable from inspected source fields/manifest""}"
feature_bank_force_audited_validation_20260915,error_complementarity.csv,1697,b86fa77dcdfae89a620506575b846787507f97b311fc64e51c0e80e58c9a7d13,libemg_contraction_intensity,N/A,N/A,B_plus_F2a_Cov,B_plus_F5_Temporal,0.33115722225283173,0.3369472789115646,0.13052721088435373,0.20642006802721086,"{""dataset"": ""same-run recorded dataset"", ""disagreement_rate"": ""source alias: disagreement"", ""session/domain"": ""not recoverable from inspected source fields/manifest"", ""subject"": ""not recoverable from inspected source fields/manifest""}"
feature_bank_force_audited_validation_20260915,error_complementarity.csv,1698,de45b1392facba52eb04e3201159681b2e470cfc70e2fe263ee640b48de17e9a,libemg_contraction_intensity,N/A,N/A,B_plus_F2a_Cov,B_plus_F9_Quality,0.45171384414560156,0.28103741496598633,0.08269557823129252,0.19834183673469385,"{""dataset"": ""same-run recorded dataset"", ""disagreement_rate"": ""source alias: disagreement"", ""session/domain"": ""not recoverable from inspected source fields/manifest"", ""subject"": ""not recoverable from inspected source fields/manifest""}"
feature_bank_force_audited_validation_20260915,error_complementarity.csv,1699,024271f527ae2c0875729c87b9617f0acf6234a73e1ec8b06e222509ed518fb9,libemg_contraction_intensity,N/A,N/A,B_plus_F2b_CSP,B_plus_F2c_SPD,0.49049123008476425,0.25531462585034015,0.17878401360544216,0.07653061224489796,"{""dataset"": ""same-run recorded dataset"", ""disagreement_rate"": ""source alias: disagreement"", ""session/domain"": ""not recoverable from inspected source fields/manifest"", ""subject"": ""not recoverable from inspected source fields/manifest""}"
feature_bank_force_audited_validation_20260915,error_complementarity.csv,1700,9714cb9e6eff717d7d6454b85ea317f87d3ae1c99c29b99ea3fde5fe9c614af3,libemg_contraction_intensity,N/A,N/A,B_plus_F2b_CSP,B_plus_F3_Ring,0.6468915406594499,0.17495748299319727,0.12627551020408162,0.048681972789115645,"{""dataset"": ""same-run recorded dataset"", ""disagreement_rate"": ""source alias: disagreement"", ""session/domain"": ""not recoverable from inspected source fields/manifest"", ""subject"": ""not recoverable from inspected source fields/manifest""}"
feature_bank_force_audited_validation_20260915,error_complementarity.csv,1701,49fb7688432c96da9827308338c4a5d589d302829d8f97e62988e4f09747780e,libemg_contraction_intensity,N/A,N/A,B_plus_F2b_CSP,B_plus_F4_Spectral,0.5330134553047569,0.21832482993197277,0.11713435374149658,0.10119047619047619,"{""dataset"": ""same-run recorded dataset"", ""disagreement_rate"": ""source alias: disagreement"", ""session/domain"": ""not recoverable from inspected source fields/manifest"", ""subject"": ""not recoverable from inspected source fields/manifest""}"
feature_bank_force_audited_validation_20260915,error_complementarity.csv,1702,f541ed88eeadc9f283a9b663893b0e3f2dc3ea2da7f74a1fb9fa185288cf264f,libemg_contraction_intensity,N/A,N/A,B_plus_F2b_CSP,B_plus_F5_Temporal,0.6434955672652117,0.17453231292517007,0.12074829931972787,0.05378401360544218,"{""dataset"": ""same-run recorded dataset"", ""disagreement_rate"": ""source alias: disagreement"", ""session/domain"": ""not recoverable from inspected source fields/manifest"", ""subject"": ""not recoverable from inspected source fields/manifest""}"
feature_bank_force_audited_validation_20260915,error_complementarity.csv,1703,d75ac5f6c0142fde534a44b50501ab825244114f2403d21e376748f387ce60af,libemg_contraction_intensity,N/A,N/A,B_plus_F2b_CSP,B_plus_F9_Quality,0.7064530112072982,0.13860544217687076,0.08290816326530612,0.055697278911564625,"{""dataset"": ""same-run recorded dataset"", ""disagreement_rate"": ""source alias: disagreement"", ""session/domain"": ""not recoverable from inspected source fields/manifest"", ""subject"": ""not recoverable from inspected source fields/manifest""}"
feature_bank_force_audited_validation_20260915,error_complementarity.csv,1704,4f13f0affcb285cff16eadbb850333e826dd7327ac81ac8cfb3ac3603f90eabc,libemg_contraction_intensity,N/A,N/A,B_plus_F2c_SPD,B_plus_F3_Ring,0.4828586831848921,0.2568027210884354,0.11607142857142858,0.1407312925170068,"{""dataset"": ""same-run recorded dataset"", ""disagreement_rate"": ""source alias: disagreement"", ""session/domain"": ""not recoverable from inspected source fields/manifest"", ""subject"": ""not recoverable from inspected source fields/manifest""}"
feature_bank_force_audited_validation_20260915,error_complementarity.csv,1705,8877464545db85365b28a5b23b00996051e2583213cf8859d07a77fe6007efa6,libemg_contraction_intensity,N/A,N/A,B_plus_F2c_SPD,B_plus_F4_Spectral,0.355417560924522,0.3197278911564626,0.11670918367346937,0.20301870748299317,"{""dataset"": ""same-run recorded dataset"", ""disagreement_rate"": ""source alias: disagreement"", ""session/domain"": ""not recoverable from inspected source fields/manifest"", ""subject"": ""not recoverable from inspected source fields/manifest""}"
feature_bank_force_audited_validation_20260915,error_complementarity.csv,1706,86b1f679710b3d528485ccb0fc40c6c1032f3ae60b575bef1fd3a6cbed3c53b8,libemg_contraction_intensity,N/A,N/A,B_plus_F2c_SPD,B_plus_F5_Temporal,0.47240511845496175,0.26190476190476186,0.1133078231292517,0.14859693877551017,"{""dataset"": ""same-run recorded dataset"", ""disagreement_rate"": ""source alias: disagreement"", ""session/domain"": ""not recoverable from inspected source fields/manifest"", ""subject"": ""not recoverable from inspected source fields/manifest""}"
feature_bank_force_audited_validation_20260915,error_complementarity.csv,1707,c6a825fce25e27745aa7a33d6c55dbe3a58c8c0c3de3f7947bce3e20d045104d,libemg_contraction_intensity,N/A,N/A,B_plus_F2c_SPD,B_plus_F9_Quality,0.5083292470122946,0.24511054421768705,0.08503401360544217,0.16007653061224486,"{""dataset"": ""same-run recorded dataset"", ""disagreement_rate"": ""source alias: disagreement"", ""session/domain"": ""not recoverable from inspected source fields/manifest"", ""subject"": ""not recoverable from inspected source fields/manifest""}"
feature_bank_force_audited_validation_20260915,error_complementarity.csv,1708,7ea89dbcf2c40997bd400c45ca57d92a8e475db5a310cde86b45dbfeaac40dee,libemg_contraction_intensity,N/A,N/A,B_plus_F3_Ring,B_plus_F4_Spectral,0.4779574398523248,0.2555272108843537,0.09693877551020408,0.15858843537414963,"{""dataset"": ""same-run recorded dataset"", ""disagreement_rate"": ""source alias: disagreement"", ""session/domain"": ""not recoverable from inspected source fields/manifest"", ""subject"": ""not recoverable from inspected source fields/manifest""}"
feature_bank_force_audited_validation_20260915,error_complementarity.csv,1709,cbcf891fd94a9e241d6fed31707fc6528620913fb8a6a4b86f41044e97290cf4,libemg_contraction_intensity,N/A,N/A,B_plus_F3_Ring,B_plus_F5_Temporal,0.7079982931305604,0.14370748299319724,0.0665391156462585,0.07716836734693877,"{""dataset"": ""same-run recorded dataset"", ""disagreement_rate"": ""source alias: disagreement"", ""session/domain"": ""not recoverable from inspected source fields/manifest"", ""subject"": ""not recoverable from inspected source fields/manifest""}"
feature_bank_force_audited_validation_20260915,error_complementarity.csv,1710,870af4e79c0dd4080d369a37a80f08291a83ce67b3d57969f339098d75308e04,libemg_contraction_intensity,N/A,N/A,B_plus_F3_Ring,B_plus_F9_Quality,0.7057650007134949,0.14519557823129253,0.04740646258503401,0.09778911564625849,"{""dataset"": ""same-run recorded dataset"", ""disagreement_rate"": ""source alias: disagreement"", ""session/domain"": ""not recoverable from inspected source fields/manifest"", ""subject"": ""not recoverable from inspected source fields/manifest""}"
feature_bank_force_audited_validation_20260915,error_complementarity.csv,1711,7a8355be6baa986e47a379f8bbbcd2c57cddff346fc58492d8fc6793de249b09,libemg_contraction_intensity,N/A,N/A,B_plus_F4_Spectral,B_plus_F5_Temporal,0.4474206267669349,0.2682823129251701,0.15965136054421766,0.10863095238095237,"{""dataset"": ""same-run recorded dataset"", ""disagreement_rate"": ""source alias: disagreement"", ""session/domain"": ""not recoverable from inspected source fields/manifest"", ""subject"": ""not recoverable from inspected source fields/manifest""}"
feature_bank_force_audited_validation_20260915,error_complementarity.csv,1712,4d643a722a3cf6517738f777bc9bfae5ff0f81852ba13bcb615e0318ee83ce4a,libemg_contraction_intensity,N/A,N/A,B_plus_F4_Spectral,B_plus_F9_Quality,0.5069972923797527,0.23363095238095238,0.12244897959183673,0.11118197278911564,"{""dataset"": ""same-run recorded dataset"", ""disagreement_rate"": ""source alias: disagreement"", ""session/domain"": ""not recoverable from inspected source fields/manifest"", ""subject"": ""not recoverable from inspected source fields/manifest""}"
feature_bank_force_audited_validation_20260915,error_complementarity.csv,1713,e3b75a725ef7db58598e99c7e0ecb7d88dfa89cc8e8f3bf419e703b258e0ad02,libemg_contraction_intensity,N/A,N/A,B_plus_F5_Temporal,B_plus_F9_Quality,0.7090812324790932,0.142219387755102,0.051232993197278906,0.09098639455782312,"{""dataset"": ""same-run recorded dataset"", ""disagreement_rate"": ""source alias: disagreement"", ""session/domain"": ""not recoverable from inspected source fields/manifest"", ""subject"": ""not recoverable from inspected source fields/manifest""}"
feature_bank_epn_selection_20260915,error_complementarity.csv,1714,a6265581ed5f95adeb24218371cf649ca2a8ac7df6eb46a2f08d8d2e8046b634,epn612,N/A,N/A,baseline,full,0.5818032565038685,0.20666666666666667,0.07555555555555556,0.13111111111111112,"{""disagreement_rate"": ""source alias: disagreement"", ""session/domain"": ""not recoverable from inspected source fields/manifest"", ""subject"": ""not recoverable from inspected source fields/manifest""}"
feature_bank_epn_selection_20260915,error_complementarity.csv,1715,55390fa2d86eb6e2f3216a3503b86ae784ff7c5ea04b83e97571bd63ef006e2d,epn612,N/A,N/A,baseline,single_F3_Ring,0.7590258550091493,0.11777777777777777,0.042222222222222223,0.07555555555555556,"{""disagreement_rate"": ""source alias: disagreement"", ""session/domain"": ""not recoverable from inspected source fields/manifest"", ""subject"": ""not recoverable from inspected source fields/manifest""}"
feature_bank_epn_selection_20260915,error_complementarity.csv,1716,97af950581ea0390f02e6fecc0c120cf267aa7c4f1c64d2599d6f67704a0e760,epn612,N/A,N/A,baseline,single_F2b_CSP,0.6961206874630961,0.14666666666666667,0.06444444444444444,0.08222222222222222,"{""disagreement_rate"": ""source alias: disagreement"", ""session/domain"": ""not recoverable from inspected source fields/manifest"", ""subject"": ""not recoverable from inspected source fields/manifest""}"
feature_bank_epn_selection_20260915,error_complementarity.csv,1717,59c593ae576e00b613fa80c469c952a5f1e8ebaddbe4c3c5ecdb0e33bf6737c9,epn612,N/A,N/A,baseline,single_F6_IMU,0.7452168887394841,0.12222222222222222,0.057777777777777775,0.06444444444444444,"{""disagreement_rate"": ""source alias: disagreement"", ""session/domain"": ""not recoverable from inspected source fields/manifest"", ""subject"": ""not recoverable from inspected source fields/manifest""}"
feature_bank_epn_selection_20260915,error_complementarity.csv,1718,ac6970cd047882e8c193cd60d6a41f3862755331e27acbfd191617d5bca113c2,epn612,N/A,N/A,baseline,pair_F3_Ring_F2b_CSP,0.6447911891134598,0.17333333333333334,0.06888888888888889,0.10444444444444445,"{""disagreement_rate"": ""source alias: disagreement"", ""session/domain"": ""not recoverable from inspected source fields/manifest"", ""subject"": ""not recoverable from inspected source fields/manifest""}"
feature_bank_epn_selection_20260915,error_complementarity.csv,1719,4bf28e1b1f5464a01087fc22b8f510cbc602e370e3bce5036fbc8a832a9b9ac7,epn612,N/A,N/A,baseline,pair_F3_Ring_F6_IMU,0.638582182447075,0.17555555555555555,0.07333333333333333,0.10222222222222223,"{""disagreement_rate"": ""source alias: disagreement"", ""session/domain"": ""not recoverable from inspected source fields/manifest"", ""subject"": ""not recoverable from inspected source fields/manifest""}"
feature_bank_epn_selection_20260915,error_complementarity.csv,1720,7efe14b2a4ce8adbdab484a52dc7d6aac94c526ae5efa05c2e0f80368b15276a,epn612,N/A,N/A,baseline,pair_F2b_CSP_F6_IMU,0.6273746222253017,0.18,0.08,0.1,"{""disagreement_rate"": ""source alias: disagreement"", ""session/domain"": ""not recoverable from inspected source fields/manifest"", ""subject"": ""not recoverable from inspected source fields/manifest""}"
feature_bank_epn_selection_20260915,error_complementarity.csv,1721,e3d9de2e676016e8f2e1779568b238c2e8bd6fa90eec57f227c4a763046690d7,epn612,N/A,N/A,baseline,leave_out_F0,0.43697017949602646,0.2644444444444444,0.15777777777777777,0.10666666666666667,"{""disagreement_rate"": ""source alias: disagreement"", ""session/domain"": ""not recoverable from inspected source fields/manifest"", ""subject"": ""not recoverable from inspected source fields/manifest""}"
feature_bank_epn_selection_20260915,error_complementarity.csv,1722,23f70420b586e4b56a01cc8e908ca346ba26b4a295524150ba730e2806e242af,epn612,N/A,N/A,baseline,leave_out_F3_Ring,0.6273746222253017,0.18,0.08,0.1,"{""disagreement_rate"": ""source alias: disagreement"", ""session/domain"": ""not recoverable from inspected source fields/manifest"", ""subject"": ""not recoverable from inspected source fields/manifest""}"
feature_bank_epn_selection_20260915,error_complementarity.csv,1723,431c67aa31f1ef2fcd03c30d8c15e1e2a658e80075348be30b2b5d84b49c3fba,epn612,N/A,N/A,baseline,leave_out_F2b_CSP,0.638582182447075,0.17555555555555555,0.07333333333333333,0.10222222222222223,"{""disagreement_rate"": ""source alias: disagreement"", ""session/domain"": ""not recoverable from inspected source fields/manifest"", ""subject"": ""not recoverable from inspected source fields/manifest""}"
feature_bank_epn_selection_20260915,error_complementarity.csv,1724,2fb78d8f2f861ca7be9686b1bff03e085cc8e8e264e1ed7c47c3329afb67db54,epn612,N/A,N/A,baseline,leave_out_F6_IMU,0.6447911891134598,0.17333333333333334,0.06888888888888889,0.10444444444444445,"{""disagreement_rate"": ""source alias: disagreement"", ""session/domain"": ""not recoverable from inspected source fields/manifest"", ""subject"": ""not recoverable from inspected source fields/manifest""}"
feature_bank_epn_selection_20260915,error_complementarity.csv,1725,37ffbd9c354c2ad30d0371692b6649fafea0a1a287f6776804fe72b7ea3b51ba,epn612,N/A,N/A,full,single_F3_Ring,0.7032446511041484,0.14666666666666667,0.08444444444444445,0.06222222222222222,"{""disagreement_rate"": ""source alias: disagreement"", ""session/domain"": ""not recoverable from inspected source fields/manifest"", ""subject"": ""not recoverable from inspected source fields/manifest""}"
feature_bank_epn_selection_20260915,error_complementarity.csv,1726,4877c80f00a9306785eb1403c3558ce3187dbed6efee9cce205e24ed04368553,epn612,N/A,N/A,full,single_F2b_CSP,0.635673777167414,0.18,0.10888888888888888,0.07111111111111111,"{""disagreement_rate"": ""source alias: disagreement"", ""session/domain"": ""not recoverable from inspected source fields/manifest"", ""subject"": ""not recoverable from inspected source fields/manifest""}"
feature_bank_epn_selection_20260915,error_complementarity.csv,1727,7b5ca88038b14469c96f7a3f30a73227e8e676400066ba17d92ba826694a7993,epn612,N/A,N/A,full,single_F6_IMU,0.6953497644492812,0.1511111111111111,0.1,0.051111111111111114,"{""disagreement_rate"": ""source alias: disagreement"", ""session/domain"": ""not recoverable from inspected source fields/manifest"", ""subject"": ""not recoverable from inspected source fields/manifest""}"
feature_bank_epn_selection_20260915,error_complementarity.csv,1728,eddde487e4136e93ac84f443c3a928d23aa6947d6ee6404d385ddcb73f4b7f74,epn612,N/A,N/A,full,pair_F3_Ring_F2b_CSP,0.7889073619076049,0.10444444444444445,0.06222222222222222,0.042222222222222223,"{""disagreement_rate"": ""source alias: disagreement"", ""session/domain"": ""not recoverable from inspected source fields/manifest"", ""subject"": ""not recoverable from inspected source fields/manifest""}"
feature_bank_epn_selection_20260915,error_complementarity.csv,1729,6fc0d7cee77fbf6726b7c2c41c190598e15d38d36d80b5e150d4c373fdd1c256,epn612,N/A,N/A,full,pair_F3_Ring_F6_IMU,0.7755823519660631,0.1111111111111111,0.06888888888888889,0.042222222222222223,"{""disagreement_rate"": ""source alias: disagreement"", ""session/domain"": ""not recoverable from inspected source fields/manifest"", ""subject"": ""not recoverable from inspected source fields/manifest""}"
feature_bank_epn_selection_20260915,error_complementarity.csv,1730,130922784cfdc4f3d884b5137186efc6924d52e9068e2f0291f7bb321b462617,epn612,N/A,N/A,full,pair_F2b_CSP_F6_IMU,0.7670159543657008,0.11555555555555555,0.07555555555555556,0.04,"{""disagreement_rate"": ""source alias: disagreement"", ""session/domain"": ""not recoverable from inspected source fields/manifest"", ""subject"": ""not recoverable from inspected source fields/manifest""}"
feature_bank_epn_selection_20260915,error_complementarity.csv,1731,804036c9d46abe343de4521d64bf267b2643b270fd9010c3d987f1d2c158429a,epn612,N/A,N/A,full,leave_out_F0,0.5928100339011075,0.20444444444444446,0.15555555555555556,0.04888888888888889,"{""disagreement_rate"": ""source alias: disagreement"", ""session/domain"": ""not recoverable from inspected source fields/manifest"", ""subject"": ""not recoverable from inspected source fields/manifest""}"
feature_bank_epn_selection_20260915,error_complementarity.csv,1732,e4c7f73534f6340c46b256991c4fe738388a28340fe563da57c14d78ca3fad39,epn612,N/A,N/A,full,leave_out_F3_Ring,0.7670159543657008,0.11555555555555555,0.07555555555555556,0.04,"{""disagreement_rate"": ""source alias: disagreement"", ""session/domain"": ""not recoverable from inspected source fields/manifest"", ""subject"": ""not recoverable from inspected source fields/manifest""}"
feature_bank_epn_selection_20260915,error_complementarity.csv,1733,ab3b3750f35acd656d3d29b29a734e66a3ea5cdb0c90312c82d5c6f710c4c133,epn612,N/A,N/A,full,leave_out_F2b_CSP,0.7755823519660631,0.1111111111111111,0.06888888888888889,0.042222222222222223,"{""disagreement_rate"": ""source alias: disagreement"", ""session/domain"": ""not recoverable from inspected source fields/manifest"", ""subject"": ""not recoverable from inspected source fields/manifest""}"
feature_bank_epn_selection_20260915,error_complementarity.csv,1734,a843126e93bce8afd05c1a3a825c1b43ecc3755ac33f29e66b0ef0a96dd22a46,epn612,N/A,N/A,full,leave_out_F6_IMU,0.7889073619076049,0.10444444444444445,0.06222222222222222,0.042222222222222223,"{""disagreement_rate"": ""source alias: disagreement"", ""session/domain"": ""not recoverable from inspected source fields/manifest"", ""subject"": ""not recoverable from inspected source fields/manifest""}"
feature_bank_epn_selection_20260915,error_complementarity.csv,1735,db461feadac632d816eb8ad0b7d811fd7f0ddb8c5e58c2a5cc1a4cd0dd9a4bd7,epn612,N/A,N/A,single_F3_Ring,single_F2b_CSP,0.6494586154640563,0.1711111111111111,0.09333333333333334,0.07777777777777778,"{""disagreement_rate"": ""source alias: disagreement"", ""session/domain"": ""not recoverable from inspected source fields/manifest"", ""subject"": ""not recoverable from inspected source fields/manifest""}"
feature_bank_epn_selection_20260915,error_complementarity.csv,1736,c792722d3ccff7d11017c9b6187a00e9e416b395aafacd4b89129f8eed7a2699,epn612,N/A,N/A,single_F3_Ring,single_F6_IMU,0.6718571852360765,0.16,0.09333333333333334,0.06666666666666667,"{""disagreement_rate"": ""source alias: disagreement"", ""session/domain"": ""not recoverable from inspected source fields/manifest"", ""subject"": ""not recoverable from inspected source fields/manifest""}"
feature_bank_epn_selection_20260915,error_complementarity.csv,1737,58868c49be5e18801dfe3acd332fe4f90e31ed92ca16ae9c8cc5478d71e2c06f,epn612,N/A,N/A,single_F3_Ring,pair_F3_Ring_F2b_CSP,0.7778775555460996,0.10888888888888888,0.05333333333333334,0.05555555555555555,"{""disagreement_rate"": ""source alias: disagreement"", ""session/domain"": ""not recoverable from inspected source fields/manifest"", ""subject"": ""not recoverable from inspected source fields/manifest""}"
feature_bank_epn_selection_20260915,error_complementarity.csv,1738,b37ab92c6719033f82163d7e51e95b7b645b7ce9aa242c0f89344b724f11ebfe,epn612,N/A,N/A,single_F3_Ring,pair_F3_Ring_F6_IMU,0.7456754372978975,0.12444444444444444,0.06444444444444444,0.06,"{""disagreement_rate"": ""source alias: disagreement"", ""session/domain"": ""not recoverable from inspected source fields/manifest"", ""subject"": ""not recoverable from inspected source fields/manifest""}"
feature_bank_epn_selection_20260915,error_complementarity.csv,1739,d1633ea94c044be13ffa1e06dacbca87fd2bfe513ef3e24a1d964be5e9e7a983,epn612,N/A,N/A,single_F3_Ring,pair_F2b_CSP_F6_IMU,0.6541534295724637,0.1688888888888889,0.09111111111111111,0.07777777777777778,"{""disagreement_rate"": ""source alias: disagreement"", ""session/domain"": ""not recoverable from inspected source fields/manifest"", ""subject"": ""not recoverable from inspected source fields/manifest""}"
feature_bank_epn_selection_20260915,error_complementarity.csv,1740,650d690a5dd9120ad5944bb9289b18adacbe2b50e30a0e50fd7ebacb833a3116,epn612,N/A,N/A,single_F3_Ring,leave_out_F0,0.5246350244084066,0.2311111111111111,0.15777777777777777,0.07333333333333333,"{""disagreement_rate"": ""source alias: disagreement"", ""session/domain"": ""not recoverable from inspected source fields/manifest"", ""subject"": ""not recoverable from inspected source fields/manifest""}"
feature_bank_epn_selection_20260915,error_complementarity.csv,1741,74b66d7af928b00c522d9fbe2a39dada87f005b65df67bbc2b3e3b7fa7938f1e,epn612,N/A,N/A,single_F3_Ring,leave_out_F3_Ring,0.6541534295724637,0.1688888888888889,0.09111111111111111,0.07777777777777778,"{""disagreement_rate"": ""source alias: disagreement"", ""session/domain"": ""not recoverable from inspected source fields/manifest"", ""subject"": ""not recoverable from inspected source fields/manifest""}"
feature_bank_epn_selection_20260915,error_complementarity.csv,1742,f801071e60b19a4528017525a95962056c9af929a2e090ead26914da3be4806b,epn612,N/A,N/A,single_F3_Ring,leave_out_F2b_CSP,0.7456754372978975,0.12444444444444444,0.06444444444444444,0.06,"{""disagreement_rate"": ""source alias: disagreement"", ""session/domain"": ""not recoverable from inspected source fields/manifest"", ""subject"": ""not recoverable from inspected source fields/manifest""}"
feature_bank_epn_selection_20260915,error_complementarity.csv,1743,fa839d125157b181574fd384e7f2026ad0c4cf6459a0f3259b2361fa4d80cef9,epn612,N/A,N/A,single_F3_Ring,leave_out_F6_IMU,0.7778775555460996,0.10888888888888888,0.05333333333333334,0.05555555555555555,"{""disagreement_rate"": ""source alias: disagreement"", ""session/domain"": ""not recoverable from inspected source fields/manifest"", ""subject"": ""not recoverable from inspected source fields/manifest""}"
feature_bank_epn_selection_20260915,error_complementarity.csv,1744,96bb7149b061178e02d085255d63286935186715b1e71d38e4b5199abddfbae8,epn612,N/A,N/A,single_F2b_CSP,single_F6_IMU,0.6459416194638239,0.1711111111111111,0.09111111111111111,0.08,"{""disagreement_rate"": ""source alias: disagreement"", ""session/domain"": ""not recoverable from inspected source fields/manifest"", ""subject"": ""not recoverable from inspected source fields/manifest""}"
feature_bank_epn_selection_20260915,error_complementarity.csv,1745,02f7f9837e914c68ab4133216bbfee86db6ab4e93efb6e4d152a9dd35b817516,epn612,N/A,N/A,single_F2b_CSP,pair_F3_Ring_F2b_CSP,0.7455166001224506,0.12444444444444444,0.05333333333333334,0.07111111111111111,"{""disagreement_rate"": ""source alias: disagreement"", ""session/domain"": ""not recoverable from inspected source fields/manifest"", ""subject"": ""not recoverable from inspected source fields/manifest""}"
feature_bank_epn_selection_20260915,error_complementarity.csv,1746,dd72464b8862d2bb4790f735cfe0b8f6fa374a218270002b3c0f4c2d1eda80d2,epn612,N/A,N/A,single_F2b_CSP,pair_F3_Ring_F6_IMU,0.5665687649810177,0.2111111111111111,0.1,0.1111111111111111,"{""disagreement_rate"": ""source alias: disagreement"", ""session/domain"": ""not recoverable from inspected source fields/manifest"", ""subject"": ""not recoverable from inspected source fields/manifest""}"
feature_bank_epn_selection_20260915,error_complementarity.csv,1747,8aa9c0343b37f964011656ea659e8b1a8a3fbddc0e136cb523fb62d58f6fb4ec,epn612,N/A,N/A,single_F2b_CSP,pair_F2b_CSP_F6_IMU,0.7207205752513752,0.13555555555555557,0.06666666666666667,0.06888888888888889,"{""disagreement_rate"": ""source alias: disagreement"", ""session/domain"": ""not recoverable from inspected source fields/manifest"", ""subject"": ""not recoverable from inspected source fields/manifest""}"
feature_bank_epn_selection_20260915,error_complementarity.csv,1748,98bb89bb5a6a5b442dc8174e4b755f69ecc874780807ffe1d0070340f12f4e21,epn612,N/A,N/A,single_F2b_CSP,leave_out_F0,0.44571640731703016,0.2644444444444444,0.16666666666666666,0.09777777777777778,"{""disagreement_rate"": ""source alias: disagreement"", ""session/domain"": ""not recoverable from inspected source fields/manifest"", ""subject"": ""not recoverable from inspected source fields/manifest""}"
feature_bank_epn_selection_20260915,error_complementarity.csv,1749,3b1f8a09dc231cf9b140d33c02b92ec0486a3a5a66ef5c1983fa4e1f977dcd07,epn612,N/A,N/A,single_F2b_CSP,leave_out_F3_Ring,0.7207205752513752,0.13555555555555557,0.06666666666666667,0.06888888888888889,"{""disagreement_rate"": ""source alias: disagreement"", ""session/domain"": ""not recoverable from inspected source fields/manifest"", ""subject"": ""not recoverable from inspected source fields/manifest""}"
feature_bank_epn_selection_20260915,error_complementarity.csv,1750,e8b63d2d621ad0e53c19beaf7c6df22a5966922c1484e46c10c24dedf0a9f6b9,epn612,N/A,N/A,single_F2b_CSP,leave_out_F2b_CSP,0.5665687649810177,0.2111111111111111,0.1,0.1111111111111111,"{""disagreement_rate"": ""source alias: disagreement"", ""session/domain"": ""not recoverable from inspected source fields/manifest"", ""subject"": ""not recoverable from inspected source fields/manifest""}"
feature_bank_epn_selection_20260915,error_complementarity.csv,1751,15f5cec41b185366c65b4ed5be95a227b2803759ce675415ac931e53e41b1bb9,epn612,N/A,N/A,single_F2b_CSP,leave_out_F6_IMU,0.7455166001224506,0.12444444444444444,0.05333333333333334,0.07111111111111111,"{""disagreement_rate"": ""source alias: disagreement"", ""session/domain"": ""not recoverable from inspected source fields/manifest"", ""subject"": ""not recoverable from inspected source fields/manifest""}"
feature_bank_epn_selection_20260915,error_complementarity.csv,1752,f3b6aeb1c584a1e8baf262f317db620a733987e1f5ca291a1bbff4a5021c6ef9,epn612,N/A,N/A,single_F6_IMU,pair_F3_Ring_F2b_CSP,0.6219943062043174,0.18444444444444444,0.07777777777777778,0.10666666666666667,"{""disagreement_rate"": ""source alias: disagreement"", ""session/domain"": ""not recoverable from inspected source fields/manifest"", ""subject"": ""not recoverable from inspected source fields/manifest""}"
feature_bank_epn_selection_20260915,error_complementarity.csv,1753,c8f9b8264603a35efbddfb843a30faff944a2a0199e1ec86e263b21098a80f0f,epn612,N/A,N/A,single_F6_IMU,pair_F3_Ring_F6_IMU,0.799328401412866,0.09777777777777778,0.03777777777777778,0.06,"{""disagreement_rate"": ""source alias: disagreement"", ""session/domain"": ""not recoverable from inspected source fields/manifest"", ""subject"": ""not recoverable from inspected source fields/manifest""}"
feature_bank_epn_selection_20260915,error_complementarity.csv,1754,e972ca868a33366c591e329e54674f8764cb78b86a177f8a6a5075da62792348,epn612,N/A,N/A,single_F6_IMU,pair_F2b_CSP_F6_IMU,0.7888727452153302,0.10222222222222223,0.044444444444444446,0.057777777777777775,"{""disagreement_rate"": ""source alias: disagreement"", ""session/domain"": ""not recoverable from inspected source fields/manifest"", ""subject"": ""not recoverable from inspected source fields/manifest""}"
feature_bank_epn_selection_20260915,error_complementarity.csv,1755,79dc5b337a5bef2737924147373e6059f34731b3e3d05ce0beb111c444e82295,epn612,N/A,N/A,single_F6_IMU,leave_out_F0,0.5403345422443145,0.21777777777777776,0.13777777777777778,0.08,"{""disagreement_rate"": ""source alias: disagreement"", ""session/domain"": ""not recoverable from inspected source fields/manifest"", ""subject"": ""not recoverable from inspected source fields/manifest""}"
feature_bank_epn_selection_20260915,error_complementarity.csv,1756,acc27c748e70be76518261210a2e32daa4b2de5d32a2fe989b58b3a064e23ca0,epn612,N/A,N/A,single_F6_IMU,leave_out_F3_Ring,0.7888727452153302,0.10222222222222223,0.044444444444444446,0.057777777777777775,"{""disagreement_rate"": ""source alias: disagreement"", ""session/domain"": ""not recoverable from inspected source fields/manifest"", ""subject"": ""not recoverable from inspected source fields/manifest""}"
feature_bank_epn_selection_20260915,error_complementarity.csv,1757,ebb5442c19103292f826d0571d7aa7b5e6b8732854f759dfe3f7cdf5aab41fd7,epn612,N/A,N/A,single_F6_IMU,leave_out_F2b_CSP,0.799328401412866,0.09777777777777778,0.03777777777777778,0.06,"{""disagreement_rate"": ""source alias: disagreement"", ""session/domain"": ""not recoverable from inspected source fields/manifest"", ""subject"": ""not recoverable from inspected source fields/manifest""}"
feature_bank_epn_selection_20260915,error_complementarity.csv,1758,b1ad76469f0a6539173212dc4d3221ebca837c3f3cacdc65083972fb7588bdf5,epn612,N/A,N/A,single_F6_IMU,leave_out_F6_IMU,0.6219943062043174,0.18444444444444444,0.07777777777777778,0.10666666666666667,"{""disagreement_rate"": ""source alias: disagreement"", ""session/domain"": ""not recoverable from inspected source fields/manifest"", ""subject"": ""not recoverable from inspected source fields/manifest""}"
feature_bank_epn_selection_20260915,error_complementarity.csv,1759,31c94efff386b3feee4d73e511ee4c70077cf5712d4c45407f85b757df3b9e0f,epn612,N/A,N/A,pair_F3_Ring_F2b_CSP,pair_F3_Ring_F6_IMU,0.6596403469187196,0.16666666666666666,0.08666666666666667,0.08,"{""disagreement_rate"": ""source alias: disagreement"", ""session/domain"": ""not recoverable from inspected source fields/manifest"", ""subject"": ""not recoverable from inspected source fields/manifest""}"
feature_bank_epn_selection_20260915,error_complementarity.csv,1760,c5fd07d8410304a56fd4db23f8daa141478c8634a30f8fe27d38a37d25c112ed,epn612,N/A,N/A,pair_F3_Ring_F2b_CSP,pair_F2b_CSP_F6_IMU,0.6954810129451315,0.14888888888888888,0.08222222222222222,0.06666666666666667,"{""disagreement_rate"": ""source alias: disagreement"", ""session/domain"": ""not recoverable from inspected source fields/manifest"", ""subject"": ""not recoverable from inspected source fields/manifest""}"
feature_bank_epn_selection_20260915,error_complementarity.csv,1761,8163d3da24f9e9326e047d689cdccee9de21da06b8efad38c56421ce7d68537e,epn612,N/A,N/A,pair_F3_Ring_F2b_CSP,leave_out_F0,0.5493788520143355,0.22,0.15333333333333332,0.06666666666666667,"{""disagreement_rate"": ""source alias: disagreement"", ""session/domain"": ""not recoverable from inspected source fields/manifest"", ""subject"": ""not recoverable from inspected source fields/manifest""}"
feature_bank_epn_selection_20260915,error_complementarity.csv,1762,6cdea8005e32ccc593d2a3d061f4814cba8cf7173945fb63ccf6e1903be6c84c,epn612,N/A,N/A,pair_F3_Ring_F2b_CSP,leave_out_F3_Ring,0.6954810129451315,0.14888888888888888,0.08222222222222222,0.06666666666666667,"{""disagreement_rate"": ""source alias: disagreement"", ""session/domain"": ""not recoverable from inspected source fields/manifest"", ""subject"": ""not recoverable from inspected source fields/manifest""}"
feature_bank_epn_selection_20260915,error_complementarity.csv,1763,78e0965052dac75c5b72db983b1b55d7708ac43d59ee788495cb8eb314302a74,epn612,N/A,N/A,pair_F3_Ring_F2b_CSP,leave_out_F2b_CSP,0.6596403469187196,0.16666666666666666,0.08666666666666667,0.08,"{""disagreement_rate"": ""source alias: disagreement"", ""session/domain"": ""not recoverable from inspected source fields/manifest"", ""subject"": ""not recoverable from inspected source fields/manifest""}"
feature_bank_epn_selection_20260915,error_complementarity.csv,1764,52842dee284509524973ad2fc835430371488cfe4919054816e42e3c378c9483,epn612,N/A,N/A,pair_F3_Ring_F2b_CSP,leave_out_F6_IMU,0.9999999999999999,0.0,0.0,0.0,"{""disagreement_rate"": ""source alias: disagreement"", ""session/domain"": ""not recoverable from inspected source fields/manifest"", ""subject"": ""not recoverable from inspected source fields/manifest""}"
feature_bank_epn_selection_20260915,error_complementarity.csv,1765,a6246a5df1612a76aa423df7bfd5eeb70e0d1b2c173367ed6090bb1ee03df93c,epn612,N/A,N/A,pair_F3_Ring_F6_IMU,pair_F2b_CSP_F6_IMU,0.7355936060900244,0.1288888888888889,0.06888888888888889,0.06,"{""disagreement_rate"": ""source alias: disagreement"", ""session/domain"": ""not recoverable from inspected source fields/manifest"", ""subject"": ""not recoverable from inspected source fields/manifest""}"
feature_bank_epn_selection_20260915,error_complementarity.csv,1766,6b2e2100186a93754000d75b9334d7e4b48c510034f93d851529397dfb5c0161,epn612,N/A,N/A,pair_F3_Ring_F6_IMU,leave_out_F0,0.617007852341539,0.18666666666666668,0.13333333333333333,0.05333333333333334,"{""disagreement_rate"": ""source alias: disagreement"", ""session/domain"": ""not recoverable from inspected source fields/manifest"", ""subject"": ""not recoverable from inspected source fields/manifest""}"
feature_bank_epn_selection_20260915,error_complementarity.csv,1767,397b0bd2bf9afd46adc7c83acaa7ef30e4ab1d531124beedef779011e5db854b,epn612,N/A,N/A,pair_F3_Ring_F6_IMU,leave_out_F3_Ring,0.7355936060900244,0.1288888888888889,0.06888888888888889,0.06,"{""disagreement_rate"": ""source alias: disagreement"", ""session/domain"": ""not recoverable from inspected source fields/manifest"", ""subject"": ""not recoverable from inspected source fields/manifest""}"
feature_bank_epn_selection_20260915,error_complementarity.csv,1768,5b82d5fd47288bec1eec32469db17df3f772de25c0cab33322f09498785941ba,epn612,N/A,N/A,pair_F3_Ring_F6_IMU,leave_out_F2b_CSP,1.0,0.0,0.0,0.0,"{""disagreement_rate"": ""source alias: disagreement"", ""session/domain"": ""not recoverable from inspected source fields/manifest"", ""subject"": ""not recoverable from inspected source fields/manifest""}"
feature_bank_epn_selection_20260915,error_complementarity.csv,1769,5119c134068cf6e9612b428419f7ce8c170252381a811c148d0d61a109607d19,epn612,N/A,N/A,pair_F3_Ring_F6_IMU,leave_out_F6_IMU,0.6596403469187198,0.16666666666666666,0.08,0.08666666666666667,"{""disagreement_rate"": ""source alias: disagreement"", ""session/domain"": ""not recoverable from inspected source fields/manifest"", ""subject"": ""not recoverable from inspected source fields/manifest""}"
feature_bank_epn_selection_20260915,error_complementarity.csv,1770,4fdaaa9b90c066e1d2f4b5df44fef5a5aea2781d8e89966359bff5096c5ade59,epn612,N/A,N/A,pair_F2b_CSP_F6_IMU,leave_out_F0,0.5749498532163849,0.20444444444444446,0.13777777777777778,0.06666666666666667,"{""disagreement_rate"": ""source alias: disagreement"", ""session/domain"": ""not recoverable from inspected source fields/manifest"", ""subject"": ""not recoverable from inspected source fields/manifest""}"
feature_bank_epn_selection_20260915,error_complementarity.csv,1771,78f7c3e264855e150de892036404145b37f58a3166f73feb5e7fbf4340360be3,epn612,N/A,N/A,pair_F2b_CSP_F6_IMU,leave_out_F3_Ring,1.0,0.0,0.0,0.0,"{""disagreement_rate"": ""source alias: disagreement"", ""session/domain"": ""not recoverable from inspected source fields/manifest"", ""subject"": ""not recoverable from inspected source fields/manifest""}"
feature_bank_epn_selection_20260915,error_complementarity.csv,1772,f1b192051fd9557cfa553381582620941fccfc121222a9be1bdd32c72f5dd4b0,epn612,N/A,N/A,pair_F2b_CSP_F6_IMU,leave_out_F2b_CSP,0.7355936060900244,0.1288888888888889,0.06,0.06888888888888889,"{""disagreement_rate"": ""source alias: disagreement"", ""session/domain"": ""not recoverable from inspected source fields/manifest"", ""subject"": ""not recoverable from inspected source fields/manifest""}"
feature_bank_epn_selection_20260915,error_complementarity.csv,1773,c2c654f34fff12dca14d1b7a5e8162d9022ac4b0a2e91e4ed79dd61f69d18537,epn612,N/A,N/A,pair_F2b_CSP_F6_IMU,leave_out_F6_IMU,0.6954810129451315,0.14888888888888888,0.06666666666666667,0.08222222222222222,"{""disagreement_rate"": ""source alias: disagreement"", ""session/domain"": ""not recoverable from inspected source fields/manifest"", ""subject"": ""not recoverable from inspected source fields/manifest""}"
feature_bank_epn_selection_20260915,error_complementarity.csv,1774,92bfe89e09bc7c20e8fb70869e5b9df6fe2c12662462e22dab4b30c27623445e,epn612,N/A,N/A,leave_out_F0,leave_out_F3_Ring,0.5749498532163849,0.20444444444444446,0.06666666666666667,0.13777777777777778,"{""disagreement_rate"": ""source alias: disagreement"", ""session/domain"": ""not recoverable from inspected source fields/manifest"", ""subject"": ""not recoverable from inspected source fields/manifest""}"
feature_bank_epn_selection_20260915,error_complementarity.csv,1775,2c3eb7ca253a78bbad4bb431bdb02d0ae7f7dad46216cdfa6c798bf47b22ba64,epn612,N/A,N/A,leave_out_F0,leave_out_F2b_CSP,0.6170078523415391,0.18666666666666668,0.05333333333333334,0.13333333333333333,"{""disagreement_rate"": ""source alias: disagreement"", ""session/domain"": ""not recoverable from inspected source fields/manifest"", ""subject"": ""not recoverable from inspected source fields/manifest""}"
feature_bank_epn_selection_20260915,error_complementarity.csv,1776,2c89af68973e87ab5254c1167e1a9cc2524c486f7c673f902875e6757f1ea59b,epn612,N/A,N/A,leave_out_F0,leave_out_F6_IMU,0.5493788520143355,0.22,0.06666666666666667,0.15333333333333332,"{""disagreement_rate"": ""source alias: disagreement"", ""session/domain"": ""not recoverable from inspected source fields/manifest"", ""subject"": ""not recoverable from inspected source fields/manifest""}"
feature_bank_epn_selection_20260915,error_complementarity.csv,1777,ff55438d657017e5e7aaf4f60ce85cb05e0f994e5ad1a1d9eb28c8fb1703b07d,epn612,N/A,N/A,leave_out_F3_Ring,leave_out_F2b_CSP,0.7355936060900244,0.1288888888888889,0.06,0.06888888888888889,"{""disagreement_rate"": ""source alias: disagreement"", ""session/domain"": ""not recoverable from inspected source fields/manifest"", ""subject"": ""not recoverable from inspected source fields/manifest""}"
feature_bank_epn_selection_20260915,error_complementarity.csv,1778,1ae97b60ddbb6ce22f2025c30dc932e6ce987ab981237b63573096742bc2513f,epn612,N/A,N/A,leave_out_F3_Ring,leave_out_F6_IMU,0.6954810129451315,0.14888888888888888,0.06666666666666667,0.08222222222222222,"{""disagreement_rate"": ""source alias: disagreement"", ""session/domain"": ""not recoverable from inspected source fields/manifest"", ""subject"": ""not recoverable from inspected source fields/manifest""}"
feature_bank_epn_selection_20260915,error_complementarity.csv,1779,e578e10fd77d8a001fb082041660bf6de0c7a06be8e9a1c89d163c774460b391,epn612,N/A,N/A,leave_out_F2b_CSP,leave_out_F6_IMU,0.6596403469187198,0.16666666666666666,0.08,0.08666666666666667,"{""disagreement_rate"": ""source alias: disagreement"", ""session/domain"": ""not recoverable from inspected source fields/manifest"", ""subject"": ""not recoverable from inspected source fields/manifest""}"
feature_bank_manus_calibration_diagnostics_validation_20260915,error_complementarity.csv,1780,b61dbbefd08bd19fdbe2dcf58ac9a4eaa8d233a76dcbe1bb8883b4315707934c,semg_manus,3,N/A,F1_X1H_raw,F4_Spectral_raw,0.025482359571881368,0.5,0.3333333333333333,0.16666666666666666,"{""disagreement_rate"": ""source alias: disagreement"", ""session/domain"": ""not recoverable from inspected source fields/manifest""}"
feature_bank_manus_calibration_diagnostics_validation_20260915,error_complementarity.csv,1781,760f1b7e26bec6f813555041752ae9a038efa7849a51223e8c40fc272d2b6c33,semg_manus,3,N/A,F1_X1H_raw,F2b_CSP_raw,0.3952847075210473,0.3333333333333333,0.2777777777777778,0.05555555555555555,"{""disagreement_rate"": ""source alias: disagreement"", ""session/domain"": ""not recoverable from inspected source fields/manifest""}"
feature_bank_manus_calibration_diagnostics_validation_20260915,error_complementarity.csv,1782,da7b5a2f4ecc723c0bfbe12cc6fa7e89f5a2ca6c5a847d28ee8dfbe7dafa20b7,semg_manus,3,N/A,F3_Ring_raw,F3_Ring_anchor,0.9999999999999999,0.0,0.0,0.0,"{""disagreement_rate"": ""source alias: disagreement"", ""session/domain"": ""not recoverable from inspected source fields/manifest""}"
feature_bank_manus_calibration_diagnostics_validation_20260915,error_complementarity.csv,1783,01f8da6dabf8a648540d629faff6bc933089ff797205fb0002dc9cf5effb5720,semg_manus,3,N/A,F0_raw,F3_Ring_raw,0.316227766016838,0.2777777777777778,0.2222222222222222,0.05555555555555555,"{""disagreement_rate"": ""source alias: disagreement"", ""session/domain"": ""not recoverable from inspected source fields/manifest""}"
feature_bank_manus_calibration_diagnostics_validation_20260915,error_complementarity.csv,1784,a0aa35c069846d6e0f3c6d2a74bc8f0b52e89b55464387d31aa4af6be37c794f,semg_manus,3,N/A,F5_Temporal_raw,F3_Ring_anchor,0.38829013735766044,0.2222222222222222,0.16666666666666666,0.05555555555555555,"{""disagreement_rate"": ""source alias: disagreement"", ""session/domain"": ""not recoverable from inspected source fields/manifest""}"
feature_bank_manus_calibration_diagnostics_validation_20260915,error_complementarity.csv,1785,4a239e81f158ac961674741e5ae490596b4540bc8b2730ba00b41decc76efef2,semg_manus,3,N/A,F1_X1H_raw,F4_Spectral_raw,0.16903085094570322,0.4166666666666667,0.25,0.16666666666666666,"{""disagreement_rate"": ""source alias: disagreement"", ""session/domain"": ""not recoverable from inspected source fields/manifest""}"
feature_bank_manus_calibration_diagnostics_validation_20260915,error_complementarity.csv,1786,885e03f964a147e5ada5eb0576330c220334d2995afe257db3684300a14e89fa,semg_manus,3,N/A,F1_X1H_raw,F2b_CSP_raw,0.3714285714285714,0.3333333333333333,0.25,0.08333333333333333,"{""disagreement_rate"": ""source alias: disagreement"", ""session/domain"": ""not recoverable from inspected source fields/manifest""}"
feature_bank_manus_calibration_diagnostics_validation_20260915,error_complementarity.csv,1787,d089bdd29a3d796e6eb0a693a195caf315c27dbde557c479cdc6b2d5d72d0188,semg_manus,3,N/A,F3_Ring_raw,F3_Ring_anchor,1.0,0.0,0.0,0.0,"{""disagreement_rate"": ""source alias: disagreement"", ""session/domain"": ""not recoverable from inspected source fields/manifest""}"
feature_bank_manus_calibration_diagnostics_validation_20260915,error_complementarity.csv,1788,19cbff9945a9952e29d620b1f7a07e6ff642032b3184d2f76e4dbb3770fea964,semg_manus,3,N/A,F0_raw,F3_Ring_raw,0.07559289460184541,0.4166666666666667,0.3333333333333333,0.08333333333333333,"{""disagreement_rate"": ""source alias: disagreement"", ""session/domain"": ""not recoverable from inspected source fields/manifest""}"
feature_bank_manus_calibration_diagnostics_validation_20260915,error_complementarity.csv,1789,352737c7b2ec8f9ac831bdf12bfd8a88fe03c847feae85d38d888a2e98bee65d,semg_manus,3,N/A,F5_Temporal_raw,F3_Ring_anchor,0.15811388300841892,0.3333333333333333,0.25,0.08333333333333333,"{""disagreement_rate"": ""source alias: disagreement"", ""session/domain"": ""not recoverable from inspected source fields/manifest""}"
feature_bank_manus_calibration_diagnostics_validation_20260915,error_complementarity.csv,1790,33ce74985c2ee1f4bba562da9b3e0eec77c4be576c905f15c82f297360768b0b,semg_manus,3,N/A,F1_X1H_raw,F4_Spectral_raw,0.33333333333333326,0.3333333333333333,0.16666666666666666,0.16666666666666666,"{""disagreement_rate"": ""source alias: disagreement"", ""session/domain"": ""not recoverable from inspected source fields/manifest""}"
feature_bank_manus_calibration_diagnostics_validation_20260915,error_complementarity.csv,1791,81679846ce6e8ab4100de77e1510b460467e416e684d62eed52c1211b3f2e97a,semg_manus,3,N/A,F1_X1H_raw,F2b_CSP_raw,0.33333333333333326,0.3333333333333333,0.16666666666666666,0.16666666666666666,"{""disagreement_rate"": ""source alias: disagreement"", ""session/domain"": ""not recoverable from inspected source fields/manifest""}"
feature_bank_manus_calibration_diagnostics_validation_20260915,error_complementarity.csv,1792,c5605a468094c86674e2b95fbfdc72b1d2cb53a6fb2a17d32f6bcdd236565f25,semg_manus,3,N/A,F3_Ring_raw,F3_Ring_anchor,1.0,0.0,0.0,0.0,"{""disagreement_rate"": ""source alias: disagreement"", ""session/domain"": ""not recoverable from inspected source fields/manifest""}"
feature_bank_manus_calibration_diagnostics_validation_20260915,error_complementarity.csv,1793,06caa0833345bd668636a2f820d03f7df33b8c0d3b98baeb7ebd537ee8ddadd5,semg_manus,3,N/A,F0_raw,F3_Ring_raw,0.4472135954999578,0.3333333333333333,0.3333333333333333,0.0,"{""disagreement_rate"": ""source alias: disagreement"", ""session/domain"": ""not recoverable from inspected source fields/manifest""}"
feature_bank_manus_calibration_diagnostics_validation_20260915,error_complementarity.csv,1794,961327e74f0a546f508312ec699c31ae2d767456ed58bb28e0e6cf6332d81247,semg_manus,3,N/A,F5_Temporal_raw,F3_Ring_anchor,0.4472135954999578,0.3333333333333333,0.3333333333333333,0.0,"{""disagreement_rate"": ""source alias: disagreement"", ""session/domain"": ""not recoverable from inspected source fields/manifest""}"
feature_bank_manus_calibration_diagnostics_validation_20260915,error_complementarity.csv,1795,f280f867b808f824590995beb62f1ee8361829e8c5c35c8b85f50dc7aa953751,semg_manus,4,N/A,F1_X1H_raw,F4_Spectral_raw,0.18898223650461365,0.3333333333333333,0.1111111111111111,0.2222222222222222,"{""disagreement_rate"": ""source alias: disagreement"", ""session/domain"": ""not recoverable from inspected source fields/manifest""}"
feature_bank_manus_calibration_diagnostics_validation_20260915,error_complementarity.csv,1796,2c09da52b33d129ec03780270aa414e8ab92c3beefcdfd5086d75f888812047c,semg_manus,4,N/A,F1_X1H_raw,F2b_CSP_raw,0.11952286093343946,0.2777777777777778,0.16666666666666666,0.1111111111111111,"{""disagreement_rate"": ""source alias: disagreement"", ""session/domain"": ""not recoverable from inspected source fields/manifest""}"
feature_bank_manus_calibration_diagnostics_validation_20260915,error_complementarity.csv,1797,72c35e1bb2177984dec8b09e1476e0360922e1b26025135210630ae48c5c9a11,semg_manus,4,N/A,F3_Ring_raw,F3_Ring_anchor,0.9999999999999999,0.0,0.0,0.0,"{""disagreement_rate"": ""source alias: disagreement"", ""session/domain"": ""not recoverable from inspected source fields/manifest""}"
feature_bank_manus_calibration_diagnostics_validation_20260915,error_complementarity.csv,1798,996c44e1ece266274ea1b6d803b65989a03372b2baa4bc07e78a53dfee904a9d,semg_manus,4,N/A,F0_raw,F3_Ring_raw,0.24999999999999997,0.3333333333333333,0.16666666666666666,0.16666666666666666,"{""disagreement_rate"": ""source alias: disagreement"", ""session/domain"": ""not recoverable from inspected source fields/manifest""}"
feature_bank_manus_calibration_diagnostics_validation_20260915,error_complementarity.csv,1799,c2409e3f5097e97dd00b887eb47b4aef1b0f53cfb06ecf2475a30c5df7ec900c,semg_manus,4,N/A,F5_Temporal_raw,F3_Ring_anchor,0.1611645928050761,0.3888888888888889,0.2222222222222222,0.16666666666666666,"{""disagreement_rate"": ""source alias: disagreement"", ""session/domain"": ""not recoverable from inspected source fields/manifest""}"
feature_bank_manus_calibration_diagnostics_validation_20260915,error_complementarity.csv,1800,9a8eefdc38742bcd36fe5513fa578b607e64f6cdb32d8f482f50caeb5e61982d,semg_manus,4,N/A,F1_X1H_raw,F4_Spectral_raw,0.07559289460184544,0.4166666666666667,0.08333333333333333,0.3333333333333333,"{""disagreement_rate"": ""source alias: disagreement"", ""session/domain"": ""not recoverable from inspected source fields/manifest""}"
feature_bank_manus_calibration_diagnostics_validation_20260915,error_complementarity.csv,1801,3a4ca82321c907890c5c5d0c73011032cefe1c1bb49e5ef9bb8e6aef61c00019,semg_manus,4,N/A,F1_X1H_raw,F2b_CSP_raw,-0.13483997249264845,0.25,0.16666666666666666,0.08333333333333333,"{""disagreement_rate"": ""source alias: disagreement"", ""session/domain"": ""not recoverable from inspected source fields/manifest""}"
feature_bank_manus_calibration_diagnostics_validation_20260915,error_complementarity.csv,1802,0ed316d151165816b4da40fdb1a94e4fa63f2c8d2cc97e9a6923672280b7c12f,semg_manus,4,N/A,F3_Ring_raw,F3_Ring_anchor,1.0,0.0,0.0,0.0,"{""disagreement_rate"": ""source alias: disagreement"", ""session/domain"": ""not recoverable from inspected source fields/manifest""}"
feature_bank_manus_calibration_diagnostics_validation_20260915,error_complementarity.csv,1803,cc0840cb87792b044066629533b7d0b0572bf36a2e421968053d5f22e55ffa58,semg_manus,4,N/A,F0_raw,F3_Ring_raw,0.4082482904638631,0.25,0.16666666666666666,0.08333333333333333,"{""disagreement_rate"": ""source alias: disagreement"", ""session/domain"": ""not recoverable from inspected source fields/manifest""}"
feature_bank_manus_calibration_diagnostics_validation_20260915,error_complementarity.csv,1804,b0da84a522ab6dbecf0ea40ea77b3bbe8c2ad1b1b8c55df4f7ba21e4eb807f46,semg_manus,4,N/A,F5_Temporal_raw,F3_Ring_anchor,0.29277002188455986,0.3333333333333333,0.25,0.08333333333333333,"{""disagreement_rate"": ""source alias: disagreement"", ""session/domain"": ""not recoverable from inspected source fields/manifest""}"
feature_bank_manus_calibration_diagnostics_validation_20260915,error_complementarity.csv,1805,25d526f297ccf96b243633301139064af39ba9dabc63e0d816354a29ad538bb7,semg_manus,4,N/A,F1_X1H_raw,F4_Spectral_raw,-0.44721359549995776,0.6666666666666666,0.16666666666666666,0.5,"{""disagreement_rate"": ""source alias: disagreement"", ""session/domain"": ""not recoverable from inspected source fields/manifest""}"
feature_bank_manus_calibration_diagnostics_validation_20260915,error_complementarity.csv,1806,51999195563a9034a5d973b20500ceac97715586fb7e1684d5d358554f167041,semg_manus,4,N/A,F1_X1H_raw,F2b_CSP_raw,0.0,0.16666666666666666,0.16666666666666666,0.0,"{""disagreement_rate"": ""source alias: disagreement"", ""session/domain"": ""not recoverable from inspected source fields/manifest""}"
feature_bank_manus_calibration_diagnostics_validation_20260915,error_complementarity.csv,1807,b5ba58983ea1c5b58cd28f5543172964c8ca3e82d52f43fd86ef1c0f31ed7c14,semg_manus,4,N/A,F3_Ring_raw,F3_Ring_anchor,1.0,0.0,0.0,0.0,"{""disagreement_rate"": ""source alias: disagreement"", ""session/domain"": ""not recoverable from inspected source fields/manifest""}"
feature_bank_manus_calibration_diagnostics_validation_20260915,error_complementarity.csv,1808,2551eaa2334b1f4498add765086384b2e653cac465c9eef58080d435ec94105f,semg_manus,4,N/A,F0_raw,F3_Ring_raw,1.0,0.0,0.0,0.0,"{""disagreement_rate"": ""source alias: disagreement"", ""session/domain"": ""not recoverable from inspected source fields/manifest""}"
feature_bank_manus_calibration_diagnostics_validation_20260915,error_complementarity.csv,1809,cffd7df6d58fb5178e0f3d69e297d667ba7741bb58126a2538c275d4ddc7b189,semg_manus,4,N/A,F5_Temporal_raw,F3_Ring_anchor,0.3162277660168379,0.5,0.5,0.0,"{""disagreement_rate"": ""source alias: disagreement"", ""session/domain"": ""not recoverable from inspected source fields/manifest""}"
feature_bank_manus_calibration_diagnostics_validation_20260915,error_complementarity.csv,1810,c1d67246ff0455fd8fc866a82813ccd8cda40ff3a0ef9b400fd5c244137c8247,semg_manus,5,N/A,F1_X1H_raw,F4_Spectral_raw,0.8864052604279185,0.05555555555555555,0.05555555555555555,0.0,"{""disagreement_rate"": ""source alias: disagreement"", ""session/domain"": ""not recoverable from inspected source fields/manifest""}"
feature_bank_manus_calibration_diagnostics_validation_20260915,error_complementarity.csv,1811,46af3f304e6c3a94a1ada51d49408b824d47481ed29af268e84ede57290caeec,semg_manus,5,N/A,F1_X1H_raw,F2b_CSP_raw,0.7135060680126758,0.16666666666666666,0.0,0.16666666666666666,"{""disagreement_rate"": ""source alias: disagreement"", ""session/domain"": ""not recoverable from inspected source fields/manifest""}"
feature_bank_manus_calibration_diagnostics_validation_20260915,error_complementarity.csv,1812,f3d58322a6ada207f93d9fcb1ccd5fa22d834124477cba142454c3b5f46c866d,semg_manus,5,N/A,F3_Ring_raw,F3_Ring_anchor,0.9999999999999998,0.0,0.0,0.0,"{""disagreement_rate"": ""source alias: disagreement"", ""session/domain"": ""not recoverable from inspected source fields/manifest""}"
feature_bank_manus_calibration_diagnostics_validation_20260915,error_complementarity.csv,1813,5d96b887f9d3f6d0bd906b66bb674147e45bea2cd90ff5cc70400f4dd705f3e4,semg_manus,5,N/A,F0_raw,F3_Ring_raw,0.2357022603955158,0.3888888888888889,0.1111111111111111,0.2777777777777778,"{""disagreement_rate"": ""source alias: disagreement"", ""session/domain"": ""not recoverable from inspected source fields/manifest""}"
feature_bank_manus_calibration_diagnostics_validation_20260915,error_complementarity.csv,1814,8976b42525c7dc292fef9beee95828a6168578d059ef15b8317a8c24444ca5d8,semg_manus,5,N/A,F5_Temporal_raw,F3_Ring_anchor,0.47140452079103157,0.2777777777777778,0.05555555555555555,0.2222222222222222,"{""disagreement_rate"": ""source alias: disagreement"", ""session/domain"": ""not recoverable from inspected source fields/manifest""}"
feature_bank_manus_calibration_diagnostics_validation_20260915,error_complementarity.csv,1815,845aeb447c34ee444382f22c8618ccbdcf0878d0814126de930027f07db655a2,semg_manus,5,N/A,F1_X1H_raw,F4_Spectral_raw,0.8366600265340752,0.08333333333333333,0.08333333333333333,0.0,"{""disagreement_rate"": ""source alias: disagreement"", ""session/domain"": ""not recoverable from inspected source fields/manifest""}"
feature_bank_manus_calibration_diagnostics_validation_20260915,error_complementarity.csv,1816,c2dc47aaf8f034ee6516fa2a3982863541e5deca3ea320a98d47d6ac3e9eb38f,semg_manus,5,N/A,F1_X1H_raw,F2b_CSP_raw,0.714285714285714,0.16666666666666666,0.0,0.16666666666666666,"{""disagreement_rate"": ""source alias: disagreement"", ""session/domain"": ""not recoverable from inspected source fields/manifest""}"
feature_bank_manus_calibration_diagnostics_validation_20260915,error_complementarity.csv,1817,d9ce7dbde5dc181aabdcd103a02787c371b4d98df7cbee2e92f0329dddc92683,semg_manus,5,N/A,F3_Ring_raw,F3_Ring_anchor,1.0,0.0,0.0,0.0,"{""disagreement_rate"": ""source alias: disagreement"", ""session/domain"": ""not recoverable from inspected source fields/manifest""}"
feature_bank_manus_calibration_diagnostics_validation_20260915,error_complementarity.csv,1818,f8cf0b6b3494ec2d62bfb08f85b1255f48f0dc813bc42d2697c5482b57ff2ce0,semg_manus,5,N/A,F0_raw,F3_Ring_raw,0.2500000000000001,0.3333333333333333,0.16666666666666666,0.16666666666666666,"{""disagreement_rate"": ""source alias: disagreement"", ""session/domain"": ""not recoverable from inspected source fields/manifest""}"
feature_bank_manus_calibration_diagnostics_validation_20260915,error_complementarity.csv,1819,e7dfaa60f12f5164812d267d24ee10623123beca6a885a6aae59a2dba9c33218,semg_manus,5,N/A,F5_Temporal_raw,F3_Ring_anchor,0.4082482904638631,0.25,0.08333333333333333,0.16666666666666666,"{""disagreement_rate"": ""source alias: disagreement"", ""session/domain"": ""not recoverable from inspected source fields/manifest""}"
feature_bank_manus_calibration_diagnostics_validation_20260915,error_complementarity.csv,1820,2e96544a395b5be2f3899263997ba8fab390cce4bb99d0f19dc8bc287c45a24a,semg_manus,5,N/A,F1_X1H_raw,F4_Spectral_raw,0.632455532033676,0.16666666666666666,0.16666666666666666,0.0,"{""disagreement_rate"": ""source alias: disagreement"", ""session/domain"": ""not recoverable from inspected source fields/manifest""}"
feature_bank_manus_calibration_diagnostics_validation_20260915,error_complementarity.csv,1821,5853fd321c03d80ad8409b2b74c90f1646c6a072664bb10a71add33e0cfd4f37,semg_manus,5,N/A,F1_X1H_raw,F2b_CSP_raw,0.7071067811865474,0.16666666666666666,0.0,0.16666666666666666,"{""disagreement_rate"": ""source alias: disagreement"", ""session/domain"": ""not recoverable from inspected source fields/manifest""}"
feature_bank_manus_calibration_diagnostics_validation_20260915,error_complementarity.csv,1822,f34866941fc6dcc04db11dbcd2d51735e42cb86be2b123f89057c1027532a798,semg_manus,5,N/A,F3_Ring_raw,F3_Ring_anchor,1.0,0.0,0.0,0.0,"{""disagreement_rate"": ""source alias: disagreement"", ""session/domain"": ""not recoverable from inspected source fields/manifest""}"
feature_bank_manus_calibration_diagnostics_validation_20260915,error_complementarity.csv,1823,67b0f4da1eade363285c0242e16fc1cd784b464527e79ae4cf45be882d8733b4,semg_manus,5,N/A,F0_raw,F3_Ring_raw,0.7071067811865474,0.16666666666666666,0.16666666666666666,0.0,"{""disagreement_rate"": ""source alias: disagreement"", ""session/domain"": ""not recoverable from inspected source fields/manifest""}"
feature_bank_manus_calibration_diagnostics_validation_20260915,error_complementarity.csv,1824,17fcddf9eba4e39495147d8e357f973e3630dada483d8c9f337a2acfe7a41ff2,semg_manus,5,N/A,F5_Temporal_raw,F3_Ring_anchor,1.0,0.0,0.0,0.0,"{""disagreement_rate"": ""source alias: disagreement"", ""session/domain"": ""not recoverable from inspected source fields/manifest""}"
feature_bank_manus_calibration_diagnostics_validation_20260915,error_complementarity.csv,1825,025b4a651b33bb5335dda42d88f6ac8a71f1d4602ea346e49baba7f60c792580,semg_manus,6,N/A,F1_X1H_raw,F4_Spectral_raw,-0.1754116038614059,0.5,0.2222222222222222,0.2777777777777778,"{""disagreement_rate"": ""source alias: disagreement"", ""session/domain"": ""not recoverable from inspected source fields/manifest""}"
feature_bank_manus_calibration_diagnostics_validation_20260915,error_complementarity.csv,1826,5c8c823b6ed9dd37961535f5980e5d1f1655183609ce5897225ca582ebf94cc5,semg_manus,6,N/A,F1_X1H_raw,F2b_CSP_raw,0.6201736729460421,0.2222222222222222,0.0,0.2222222222222222,"{""disagreement_rate"": ""source alias: disagreement"", ""session/domain"": ""not recoverable from inspected source fields/manifest""}"
feature_bank_manus_calibration_diagnostics_validation_20260915,error_complementarity.csv,1827,6448db847986ad13f0b31b81d07f488b55b51af4c29631ae403122cceb3d7cb0,semg_manus,6,N/A,F3_Ring_raw,F3_Ring_anchor,1.0,0.0,0.0,0.0,"{""disagreement_rate"": ""source alias: disagreement"", ""session/domain"": ""not recoverable from inspected source fields/manifest""}"
feature_bank_manus_calibration_diagnostics_validation_20260915,error_complementarity.csv,1828,042b34e0988a2f32f01b118629e9838a3ff3bc7d1dca6845f7ece6511860225f,semg_manus,6,N/A,F0_raw,F3_Ring_raw,-0.15811388300841897,0.5555555555555556,0.3333333333333333,0.2222222222222222,"{""disagreement_rate"": ""source alias: disagreement"", ""session/domain"": ""not recoverable from inspected source fields/manifest""}"
feature_bank_manus_calibration_diagnostics_validation_20260915,error_complementarity.csv,1829,bad9434ddf7c37e9c38e5b90fe3ac2f77291347134779d341d07b7f68fc5733f,semg_manus,6,N/A,F5_Temporal_raw,F3_Ring_anchor,-0.23570226039551587,0.6111111111111112,0.3888888888888889,0.2222222222222222,"{""disagreement_rate"": ""source alias: disagreement"", ""session/domain"": ""not recoverable from inspected source fields/manifest""}"
feature_bank_manus_calibration_diagnostics_validation_20260915,error_complementarity.csv,1830,d4ed754d2fb53e716b96650b992644623e93043fbef88849abeb9b0521cd8bca,semg_manus,6,N/A,F1_X1H_raw,F4_Spectral_raw,-0.4082482904638629,0.5833333333333334,0.25,0.3333333333333333,"{""disagreement_rate"": ""source alias: disagreement"", ""session/domain"": ""not recoverable from inspected source fields/manifest""}"
feature_bank_manus_calibration_diagnostics_validation_20260915,error_complementarity.csv,1831,f5eaf400c000bf291bd2952069c1aa4f041b0d2d1ac4b732a3f42882861c1d55,semg_manus,6,N/A,F1_X1H_raw,F2b_CSP_raw,0.6831300510639734,0.16666666666666666,0.0,0.16666666666666666,"{""disagreement_rate"": ""source alias: disagreement"", ""session/domain"": ""not recoverable from inspected source fields/manifest""}"
feature_bank_manus_calibration_diagnostics_validation_20260915,error_complementarity.csv,1832,e499d9bde96d817ed764a2289d52580e1b1bb55e81b87a4b95ef4590a0e99e08,semg_manus,6,N/A,F3_Ring_raw,F3_Ring_anchor,1.0,0.0,0.0,0.0,"{""disagreement_rate"": ""source alias: disagreement"", ""session/domain"": ""not recoverable from inspected source fields/manifest""}"
feature_bank_manus_calibration_diagnostics_validation_20260915,error_complementarity.csv,1833,bdbbe379a3c6f2d8d383e8ea69ee7b7af39b0691d199fa113ab6557396a57263,semg_manus,6,N/A,F0_raw,F3_Ring_raw,-0.12499999999999996,0.5,0.25,0.25,"{""disagreement_rate"": ""source alias: disagreement"", ""session/domain"": ""not recoverable from inspected source fields/manifest""}"
feature_bank_manus_calibration_diagnostics_validation_20260915,error_complementarity.csv,1834,ffa687e1b100833289e38213375e689b9abcc82430e72d1615cfb1ce64da8a17,semg_manus,6,N/A,F5_Temporal_raw,F3_Ring_anchor,-0.3535533905932738,0.6666666666666666,0.4166666666666667,0.25,"{""disagreement_rate"": ""source alias: disagreement"", ""session/domain"": ""not recoverable from inspected source fields/manifest""}"
feature_bank_manus_calibration_diagnostics_validation_20260915,error_complementarity.csv,1835,84017c9a229bdd30fcc41e057c4d707e387c8715aff7c77f2c9ed350bda31e30,semg_manus,6,N/A,F1_X1H_raw,F4_Spectral_raw,-0.316227766016838,0.5,0.16666666666666666,0.3333333333333333,"{""disagreement_rate"": ""source alias: disagreement"", ""session/domain"": ""not recoverable from inspected source fields/manifest""}"
feature_bank_manus_calibration_diagnostics_validation_20260915,error_complementarity.csv,1836,dba4a66e590ee5b9341c5e8ea09bb29c8bec2a4d2310499be89726b6293c2102,semg_manus,6,N/A,F1_X1H_raw,F2b_CSP_raw,0.44721359549995787,0.3333333333333333,0.0,0.3333333333333333,"{""disagreement_rate"": ""source alias: disagreement"", ""session/domain"": ""not recoverable from inspected source fields/manifest""}"
feature_bank_manus_calibration_diagnostics_validation_20260915,error_complementarity.csv,1837,9f51dbe16fb3a00abc2ca8561cefe58530b46a632f1f1995cc5b8df3df317834,semg_manus,6,N/A,F3_Ring_raw,F3_Ring_anchor,1.0,0.0,0.0,0.0,"{""disagreement_rate"": ""source alias: disagreement"", ""session/domain"": ""not recoverable from inspected source fields/manifest""}"
feature_bank_manus_calibration_diagnostics_validation_20260915,error_complementarity.csv,1838,7ec2282ab2227f49d0f2fa94b834b1db02ad4eb03f06c3cf65ddf110f249db4e,semg_manus,6,N/A,F0_raw,F3_Ring_raw,0.25,0.3333333333333333,0.16666666666666666,0.16666666666666666,"{""disagreement_rate"": ""source alias: disagreement"", ""session/domain"": ""not recoverable from inspected source fields/manifest""}"
feature_bank_manus_calibration_diagnostics_validation_20260915,error_complementarity.csv,1839,e4d285fd110216f1117fe540f391878980f6a9c0fac2e5dc33e15c7ebfc899b0,semg_manus,6,N/A,F5_Temporal_raw,F3_Ring_anchor,-0.6324555320336759,0.8333333333333334,0.6666666666666666,0.16666666666666666,"{""disagreement_rate"": ""source alias: disagreement"", ""session/domain"": ""not recoverable from inspected source fields/manifest""}"
feature_bank_manus_calibration_diagnostics_validation_20260915,error_complementarity.csv,1840,f292468c1f6209087748e5a3b770bf70e14bbbb80346b8a11a9d080138da9c0f,semg_manus,7,N/A,F1_X1H_raw,F4_Spectral_raw,0.75,0.1111111111111111,0.05555555555555555,0.05555555555555555,"{""disagreement_rate"": ""source alias: disagreement"", ""session/domain"": ""not recoverable from inspected source fields/manifest""}"
feature_bank_manus_calibration_diagnostics_validation_20260915,error_complementarity.csv,1841,a7cf6092a3bf313299494d44f0d8d65d90a525f91697c339d19bc23810c92b30,semg_manus,7,N/A,F1_X1H_raw,F2b_CSP_raw,0.5533985905294666,0.2222222222222222,0.05555555555555555,0.16666666666666666,"{""disagreement_rate"": ""source alias: disagreement"", ""session/domain"": ""not recoverable from inspected source fields/manifest""}"
feature_bank_manus_calibration_diagnostics_validation_20260915,error_complementarity.csv,1842,b4c1a0bbaad80f245877f3af26e96dbe7a2cbed7f68c80c3433fb81f3fa40443,semg_manus,7,N/A,F3_Ring_raw,F3_Ring_anchor,1.0,0.0,0.0,0.0,"{""disagreement_rate"": ""source alias: disagreement"", ""session/domain"": ""not recoverable from inspected source fields/manifest""}"
feature_bank_manus_calibration_diagnostics_validation_20260915,error_complementarity.csv,1843,15e6b4800954d3a845d2bcf4f9ebfa3fdcafba32fd52e737370c2b99e662146a,semg_manus,7,N/A,F0_raw,F3_Ring_raw,0.6324555320336761,0.16666666666666666,0.16666666666666666,0.0,"{""disagreement_rate"": ""source alias: disagreement"", ""session/domain"": ""not recoverable from inspected source fields/manifest""}"
feature_bank_manus_calibration_diagnostics_validation_20260915,error_complementarity.csv,1844,ec9ecb9b2961502b274e4222ad59f57f1436def56a36f0d8ac8342edad41f4db,semg_manus,7,N/A,F5_Temporal_raw,F3_Ring_anchor,0.6000000000000001,0.1111111111111111,0.05555555555555555,0.05555555555555555,"{""disagreement_rate"": ""source alias: disagreement"", ""session/domain"": ""not recoverable from inspected source fields/manifest""}"
feature_bank_manus_calibration_diagnostics_validation_20260915,error_complementarity.csv,1845,d94dd0abc824b514a662597c6f818fd4a43113d4ba34b261c032677666e43831,semg_manus,7,N/A,F1_X1H_raw,F4_Spectral_raw,0.625,0.16666666666666666,0.08333333333333333,0.08333333333333333,"{""disagreement_rate"": ""source alias: disagreement"", ""session/domain"": ""not recoverable from inspected source fields/manifest""}"
feature_bank_manus_calibration_diagnostics_validation_20260915,error_complementarity.csv,1846,736814db83b8c6b5a0276ea847696ee6bb15a2382f7168fbfce459099c92c868,semg_manus,7,N/A,F1_X1H_raw,F2b_CSP_raw,0.47809144373375745,0.25,0.08333333333333333,0.16666666666666666,"{""disagreement_rate"": ""source alias: disagreement"", ""session/domain"": ""not recoverable from inspected source fields/manifest""}"
feature_bank_manus_calibration_diagnostics_validation_20260915,error_complementarity.csv,1847,bed6b08b70248d7180f919aaec522eb6ee6e92f6aa1f586292d124505339c3e5,semg_manus,7,N/A,F3_Ring_raw,F3_Ring_anchor,0.9999999999999998,0.0,0.0,0.0,"{""disagreement_rate"": ""source alias: disagreement"", ""session/domain"": ""not recoverable from inspected source fields/manifest""}"
feature_bank_manus_calibration_diagnostics_validation_20260915,error_complementarity.csv,1848,5639dcbee19d2235db0252f83024b435cf08713125cb23c79a9f77319cf2019a,semg_manus,7,N/A,F0_raw,F3_Ring_raw,0.4264014327112209,0.25,0.25,0.0,"{""disagreement_rate"": ""source alias: disagreement"", ""session/domain"": ""not recoverable from inspected source fields/manifest""}"
feature_bank_manus_calibration_diagnostics_validation_20260915,error_complementarity.csv,1849,8401494407a036fbf73cd00b02aeb54c348d26aa2a631241994c65c762a65c3a,semg_manus,7,N/A,F5_Temporal_raw,F3_Ring_anchor,-0.09090909090909097,0.16666666666666666,0.08333333333333333,0.08333333333333333,"{""disagreement_rate"": ""source alias: disagreement"", ""session/domain"": ""not recoverable from inspected source fields/manifest""}"
feature_bank_manus_calibration_diagnostics_validation_20260915,error_complementarity.csv,1850,b03646c52f8d8a9dd201ca08fc6c8e78be6e5f94f8d439634b1b4b1d3e8a48d1,semg_manus,7,N/A,F1_X1H_raw,F4_Spectral_raw,0.6324555320336759,0.16666666666666666,0.16666666666666666,0.0,"{""disagreement_rate"": ""source alias: disagreement"", ""session/domain"": ""not recoverable from inspected source fields/manifest""}"
feature_bank_manus_calibration_diagnostics_validation_20260915,error_complementarity.csv,1851,c9c50bae5b89eb89884a8c77d0dab75c281d3ff715f910cb2785b17792de2b35,semg_manus,7,N/A,F1_X1H_raw,F2b_CSP_raw,0.25000000000000006,0.3333333333333333,0.16666666666666666,0.16666666666666666,"{""disagreement_rate"": ""source alias: disagreement"", ""session/domain"": ""not recoverable from inspected source fields/manifest""}"
feature_bank_manus_calibration_diagnostics_validation_20260915,error_complementarity.csv,1852,e52a40a86a6401c82cedc157ecc18e436976a3dac8e961252ea20f58a85bf0a5,semg_manus,7,N/A,F3_Ring_raw,F3_Ring_anchor,1.0,0.0,0.0,0.0,"{""disagreement_rate"": ""source alias: disagreement"", ""session/domain"": ""not recoverable from inspected source fields/manifest""}"
feature_bank_manus_calibration_diagnostics_validation_20260915,error_complementarity.csv,1853,6ae5193d167b2512097c50d3bb6fec6e657875323e003f9bfc4346e4f769f691,semg_manus,7,N/A,F0_raw,F3_Ring_raw,0.632455532033676,0.16666666666666666,0.16666666666666666,0.0,"{""disagreement_rate"": ""source alias: disagreement"", ""session/domain"": ""not recoverable from inspected source fields/manifest""}"
feature_bank_manus_calibration_diagnostics_validation_20260915,error_complementarity.csv,1854,822b2ef2bbb1a5378c13099bdb4df564fdec16b38b0c01a768a6a601ee204f8a,semg_manus,7,N/A,F5_Temporal_raw,F3_Ring_anchor,0.0,0.16666666666666666,0.0,0.16666666666666666,"{""disagreement_rate"": ""source alias: disagreement"", ""session/domain"": ""not recoverable from inspected source fields/manifest""}"
feature_bank_manus_calibration_diagnostics_validation_20260915,error_complementarity.csv,1855,44c0e26c317d503a2f2338d9d8ecc586af69c244e915e02f1751c7cf9d63106a,semg_manus,8,N/A,F1_X1H_raw,F4_Spectral_raw,0.5,0.2222222222222222,0.1111111111111111,0.1111111111111111,"{""disagreement_rate"": ""source alias: disagreement"", ""session/domain"": ""not recoverable from inspected source fields/manifest""}"
feature_bank_manus_calibration_diagnostics_validation_20260915,error_complementarity.csv,1856,eb29a0461504816544e21e23b8cc85ab66a0e37de59b45924076b8f842b8d408,semg_manus,8,N/A,F1_X1H_raw,F2b_CSP_raw,0.6139406135149204,0.16666666666666666,0.1111111111111111,0.05555555555555555,"{""disagreement_rate"": ""source alias: disagreement"", ""session/domain"": ""not recoverable from inspected source fields/manifest""}"
feature_bank_manus_calibration_diagnostics_validation_20260915,error_complementarity.csv,1857,91cd7650d625fc664cd50bd0c2f1f99444b674f088d7fa2a614f5866f25cc5e9,semg_manus,8,N/A,F3_Ring_raw,F3_Ring_anchor,0.9999999999999999,0.0,0.0,0.0,"{""disagreement_rate"": ""source alias: disagreement"", ""session/domain"": ""not recoverable from inspected source fields/manifest""}"
feature_bank_manus_calibration_diagnostics_validation_20260915,error_complementarity.csv,1858,1fea3f8f02cd87d21b1770a33278fdcfd674e589c10da1e4a5085681062ec484,semg_manus,8,N/A,F0_raw,F3_Ring_raw,0.1889822365046136,0.3333333333333333,0.2222222222222222,0.1111111111111111,"{""disagreement_rate"": ""source alias: disagreement"", ""session/domain"": ""not recoverable from inspected source fields/manifest""}"
feature_bank_manus_calibration_diagnostics_validation_20260915,error_complementarity.csv,1859,618226deb34f2e79b72461451c9008786dc3cdd98fff5b83cf543b1ce3677fe5,semg_manus,8,N/A,F5_Temporal_raw,F3_Ring_anchor,-0.09449111825230681,0.4444444444444444,0.2777777777777778,0.16666666666666666,"{""disagreement_rate"": ""source alias: disagreement"", ""session/domain"": ""not recoverable from inspected source fields/manifest""}"
feature_bank_manus_calibration_diagnostics_validation_20260915,error_complementarity.csv,1860,d456d18d4c25fc110c8eca5442334c79a2269f620a0aaf5c7c7210874c13a13d,semg_manus,8,N/A,F1_X1H_raw,F4_Spectral_raw,0.2500000000000001,0.3333333333333333,0.16666666666666666,0.16666666666666666,"{""disagreement_rate"": ""source alias: disagreement"", ""session/domain"": ""not recoverable from inspected source fields/manifest""}"
feature_bank_manus_calibration_diagnostics_validation_20260915,error_complementarity.csv,1861,01c36e2593702d41f525d38c17923ffef00f2bbeeba7f9e01e619662a54bff20,semg_manus,8,N/A,F1_X1H_raw,F2b_CSP_raw,0.408248290463863,0.25,0.16666666666666666,0.08333333333333333,"{""disagreement_rate"": ""source alias: disagreement"", ""session/domain"": ""not recoverable from inspected source fields/manifest""}"
feature_bank_manus_calibration_diagnostics_validation_20260915,error_complementarity.csv,1862,a5966214643acb53ad7971d2b6661c34739c99c83fd98f1b4d506c7be5608445,semg_manus,8,N/A,F3_Ring_raw,F3_Ring_anchor,1.0,0.0,0.0,0.0,"{""disagreement_rate"": ""source alias: disagreement"", ""session/domain"": ""not recoverable from inspected source fields/manifest""}"
feature_bank_manus_calibration_diagnostics_validation_20260915,error_complementarity.csv,1863,4f6fc5cb921d4ab810b3c822aa2160efe9bebce555fe6096fc211ab6080da86c,semg_manus,8,N/A,F0_raw,F3_Ring_raw,0.1111111111111111,0.3333333333333333,0.16666666666666666,0.16666666666666666,"{""disagreement_rate"": ""source alias: disagreement"", ""session/domain"": ""not recoverable from inspected source fields/manifest""}"
feature_bank_manus_calibration_diagnostics_validation_20260915,error_complementarity.csv,1864,000b0cea09040c82ffa508882c5f9d3969cf5eaf2d4a7047c8e033bd146621d5,semg_manus,8,N/A,F5_Temporal_raw,F3_Ring_anchor,0.1111111111111111,0.3333333333333333,0.16666666666666666,0.16666666666666666,"{""disagreement_rate"": ""source alias: disagreement"", ""session/domain"": ""not recoverable from inspected source fields/manifest""}"
feature_bank_manus_calibration_diagnostics_validation_20260915,error_complementarity.csv,1865,ac4f39ef1b3fd80059772556926adc419c8f59a4f180d11701f4154092db1753,semg_manus,8,N/A,F1_X1H_raw,F4_Spectral_raw,0.0,0.5,0.16666666666666666,0.3333333333333333,"{""disagreement_rate"": ""source alias: disagreement"", ""session/domain"": ""not recoverable from inspected source fields/manifest""}"
feature_bank_manus_calibration_diagnostics_validation_20260915,error_complementarity.csv,1866,290045153a9fb816a3f3131cb222d971a000ccaf8035eb76633cbd30663fc488,semg_manus,8,N/A,F1_X1H_raw,F2b_CSP_raw,0.632455532033676,0.16666666666666666,0.16666666666666666,0.0,"{""disagreement_rate"": ""source alias: disagreement"", ""session/domain"": ""not recoverable from inspected source fields/manifest""}"
feature_bank_manus_calibration_diagnostics_validation_20260915,error_complementarity.csv,1867,40b3e415a2f941b50db96de7f4b65f90a4e250bfcb8aa284d520163ba007d301,semg_manus,8,N/A,F3_Ring_raw,F3_Ring_anchor,0.9999999999999998,0.0,0.0,0.0,"{""disagreement_rate"": ""source alias: disagreement"", ""session/domain"": ""not recoverable from inspected source fields/manifest""}"
feature_bank_manus_calibration_diagnostics_validation_20260915,error_complementarity.csv,1868,b61e6ac8a262dbef0e155d24d065d5338e8e833ec3dbb7f5fd7c89e086c51176,semg_manus,8,N/A,F0_raw,F3_Ring_raw,0.44721359549995776,0.3333333333333333,0.0,0.3333333333333333,"{""disagreement_rate"": ""source alias: disagreement"", ""session/domain"": ""not recoverable from inspected source fields/manifest""}"
feature_bank_manus_calibration_diagnostics_validation_20260915,error_complementarity.csv,1869,f7912f526ef9ea8908563091e6ce75df09802aac7f4b5c22351d041a3781aed4,semg_manus,8,N/A,F5_Temporal_raw,F3_Ring_anchor,0.4472135954999579,0.3333333333333333,0.0,0.3333333333333333,"{""disagreement_rate"": ""source alias: disagreement"", ""session/domain"": ""not recoverable from inspected source fields/manifest""}"
feature_bank_manus_calibration_diagnostics_final_20260915,error_complementarity.csv,1870,64eaef69a4567470c4477b1b03ad61bd3ce16e339b53cba51a619d054069f58c,semg_manus,3,N/A,F1_X1H_raw,F4_Spectral_raw,0.07905694150420949,0.4444444444444444,0.2777777777777778,0.16666666666666666,"{""disagreement_rate"": ""source alias: disagreement"", ""session/domain"": ""not recoverable from inspected source fields/manifest""}"
feature_bank_manus_calibration_diagnostics_final_20260915,error_complementarity.csv,1871,3bd3aaa43dca0e1f8c5fea1a755b5f31c7ea21868bea8581c2433d12c791dd1d,semg_manus,3,N/A,F1_X1H_raw,F2b_CSP_raw,0.7905694150420949,0.1111111111111111,0.1111111111111111,0.0,"{""disagreement_rate"": ""source alias: disagreement"", ""session/domain"": ""not recoverable from inspected source fields/manifest""}"
feature_bank_manus_calibration_diagnostics_final_20260915,error_complementarity.csv,1872,7847039e519fb9404b00eaa9ac878024b00c9734ed33cbc98f56d1d6d75885a6,semg_manus,3,N/A,F3_Ring_raw,F3_Ring_anchor,0.9999999999999999,0.0,0.0,0.0,"{""disagreement_rate"": ""source alias: disagreement"", ""session/domain"": ""not recoverable from inspected source fields/manifest""}"
feature_bank_manus_calibration_diagnostics_final_20260915,error_complementarity.csv,1873,b795672ab7a61f6056b93628b0f55ecfb7fea0a321f2ff7696a6ebe82bca5fb0,semg_manus,3,N/A,F0_raw,F3_Ring_raw,0.18898223650461363,0.3333333333333333,0.2222222222222222,0.1111111111111111,"{""disagreement_rate"": ""source alias: disagreement"", ""session/domain"": ""not recoverable from inspected source fields/manifest""}"
feature_bank_manus_calibration_diagnostics_final_20260915,error_complementarity.csv,1874,556bf19754b578b9af8473252d8558ab3be4fc48598ae359880fbec070107c82,semg_manus,3,N/A,F5_Temporal_raw,F3_Ring_anchor,0.2651974176527184,0.2777777777777778,0.16666666666666666,0.1111111111111111,"{""disagreement_rate"": ""source alias: disagreement"", ""session/domain"": ""not recoverable from inspected source fields/manifest""}"
feature_bank_manus_calibration_diagnostics_final_20260915,error_complementarity.csv,1875,cfc2fb1dd4eeb00dc37bc2cad56a9ea1412c568ff98ff8e55f4d6dba32717078,semg_manus,3,N/A,F1_X1H_raw,F4_Spectral_raw,0.1690308509457033,0.4166666666666667,0.25,0.16666666666666666,"{""disagreement_rate"": ""source alias: disagreement"", ""session/domain"": ""not recoverable from inspected source fields/manifest""}"
feature_bank_manus_calibration_diagnostics_final_20260915,error_complementarity.csv,1876,1034abe0736f62f24d3b8a6cf5093bf08ef3ebadf84d73aa7fa49fb956229956,semg_manus,3,N/A,F1_X1H_raw,F2b_CSP_raw,0.7071067811865476,0.16666666666666666,0.16666666666666666,0.0,"{""disagreement_rate"": ""source alias: disagreement"", ""session/domain"": ""not recoverable from inspected source fields/manifest""}"
feature_bank_manus_calibration_diagnostics_final_20260915,error_complementarity.csv,1877,b4f3db3ab077d3bd33e24b8712a2aa9a8f94324d4295c18e0e2af8746a1bdc46,semg_manus,3,N/A,F3_Ring_raw,F3_Ring_anchor,1.0,0.0,0.0,0.0,"{""disagreement_rate"": ""source alias: disagreement"", ""session/domain"": ""not recoverable from inspected source fields/manifest""}"
feature_bank_manus_calibration_diagnostics_final_20260915,error_complementarity.csv,1878,0056f071646c9ef685da548ae3f1e1714367fd8a8dd8de88de4457a84b22671c,semg_manus,3,N/A,F0_raw,F3_Ring_raw,0.29277002188455986,0.3333333333333333,0.25,0.08333333333333333,"{""disagreement_rate"": ""source alias: disagreement"", ""session/domain"": ""not recoverable from inspected source fields/manifest""}"
feature_bank_manus_calibration_diagnostics_final_20260915,error_complementarity.csv,1879,dd85b6ca9aad5bf315b76fdfe437ab9c69cd4e4f28c8a37cfea46bd925a84851,semg_manus,3,N/A,F5_Temporal_raw,F3_Ring_anchor,0.408248290463863,0.25,0.16666666666666666,0.08333333333333333,"{""disagreement_rate"": ""source alias: disagreement"", ""session/domain"": ""not recoverable from inspected source fields/manifest""}"
feature_bank_manus_calibration_diagnostics_final_20260915,error_complementarity.csv,1880,5118ab470bfb5a152d66abbe79d4c5bc5468886c1923562d99d641466c29393b,semg_manus,3,N/A,F1_X1H_raw,F4_Spectral_raw,0.0,0.5,0.5,0.0,"{""disagreement_rate"": ""source alias: disagreement"", ""session/domain"": ""not recoverable from inspected source fields/manifest""}"
feature_bank_manus_calibration_diagnostics_final_20260915,error_complementarity.csv,1881,3984743b63e5226b5a07e8e303c1507ec6fd1e5349406bde92253ddbe4927e6b,semg_manus,3,N/A,F1_X1H_raw,F2b_CSP_raw,0.7071067811865474,0.16666666666666666,0.16666666666666666,0.0,"{""disagreement_rate"": ""source alias: disagreement"", ""session/domain"": ""not recoverable from inspected source fields/manifest""}"
feature_bank_manus_calibration_diagnostics_final_20260915,error_complementarity.csv,1882,3a487e717261c37357a2c27d6ed865ab5559936f05a07207ee2d9c476e0620e4,semg_manus,3,N/A,F3_Ring_raw,F3_Ring_anchor,1.0,0.0,0.0,0.0,"{""disagreement_rate"": ""source alias: disagreement"", ""session/domain"": ""not recoverable from inspected source fields/manifest""}"
feature_bank_manus_calibration_diagnostics_final_20260915,error_complementarity.csv,1883,3d31d93de98dcae889c9e9d604a6d7b5d9091a0627fb587a2ae83631a985d04e,semg_manus,3,N/A,F0_raw,F3_Ring_raw,0.6324555320336759,0.16666666666666666,0.0,0.16666666666666666,"{""disagreement_rate"": ""source alias: disagreement"", ""session/domain"": ""not recoverable from inspected source fields/manifest""}"
feature_bank_manus_calibration_diagnostics_final_20260915,error_complementarity.csv,1884,0d2eac53bdf97687dcb7cbdb70d1e208436e8ecb2e20971b297ff82f0166bb0a,semg_manus,3,N/A,F5_Temporal_raw,F3_Ring_anchor,0.25,0.3333333333333333,0.16666666666666666,0.16666666666666666,"{""disagreement_rate"": ""source alias: disagreement"", ""session/domain"": ""not recoverable from inspected source fields/manifest""}"
feature_bank_manus_calibration_diagnostics_final_20260915,error_complementarity.csv,1885,a9884c54b468b07cee9097d52d8edb5273fdaee7b23b7665a0a2cd96decb71ac,semg_manus,4,N/A,F1_X1H_raw,F4_Spectral_raw,0.3721042037676253,0.3333333333333333,0.05555555555555555,0.2777777777777778,"{""disagreement_rate"": ""source alias: disagreement"", ""session/domain"": ""not recoverable from inspected source fields/manifest""}"
feature_bank_manus_calibration_diagnostics_final_20260915,error_complementarity.csv,1886,850419ce97948c71725cfbe12695b6b0a62a52a5cc85ac55df274f34b63edae5,semg_manus,4,N/A,F1_X1H_raw,F2b_CSP_raw,0.6139406135149205,0.16666666666666666,0.05555555555555555,0.1111111111111111,"{""disagreement_rate"": ""source alias: disagreement"", ""session/domain"": ""not recoverable from inspected source fields/manifest""}"
feature_bank_manus_calibration_diagnostics_final_20260915,error_complementarity.csv,1887,e85f3c44bef399e0c92ad58d139790caee589114d556abe667faaa1a113425a0,semg_manus,4,N/A,F3_Ring_raw,F3_Ring_anchor,0.9999999999999999,0.0,0.0,0.0,"{""disagreement_rate"": ""source alias: disagreement"", ""session/domain"": ""not recoverable from inspected source fields/manifest""}"
feature_bank_manus_calibration_diagnostics_final_20260915,error_complementarity.csv,1888,3d968aef3d6767ff7437c14009c18c842869462c62004297ebe9341217ef4de7,semg_manus,4,N/A,F0_raw,F3_Ring_raw,-0.033149677206589706,0.3888888888888889,0.2222222222222222,0.16666666666666666,"{""disagreement_rate"": ""source alias: disagreement"", ""session/domain"": ""not recoverable from inspected source fields/manifest""}"
feature_bank_manus_calibration_diagnostics_final_20260915,error_complementarity.csv,1889,484df04ed436afd0cb759eb8f2b9df774e0be80d60c056998a99c6a66006402a,semg_manus,4,N/A,F5_Temporal_raw,F3_Ring_anchor,-0.15228622596829317,0.5,0.3333333333333333,0.16666666666666666,"{""disagreement_rate"": ""source alias: disagreement"", ""session/domain"": ""not recoverable from inspected source fields/manifest""}"
feature_bank_manus_calibration_diagnostics_final_20260915,error_complementarity.csv,1890,a52bae60bed455d6e0a089365a15d2f06d56a11c694c2bf6935e6533e8c070aa,semg_manus,4,N/A,F1_X1H_raw,F4_Spectral_raw,0.37796447300922725,0.4166666666666667,0.0,0.4166666666666667,"{""disagreement_rate"": ""source alias: disagreement"", ""session/domain"": ""not recoverable from inspected source fields/manifest""}"
feature_bank_manus_calibration_diagnostics_final_20260915,error_complementarity.csv,1891,a453343bd1a0754a028403c8581aefa70912b4b994bbe7983e28f506b8c4fb71,semg_manus,4,N/A,F1_X1H_raw,F2b_CSP_raw,0.6324555320336759,0.16666666666666666,0.0,0.16666666666666666,"{""disagreement_rate"": ""source alias: disagreement"", ""session/domain"": ""not recoverable from inspected source fields/manifest""}"
feature_bank_manus_calibration_diagnostics_final_20260915,error_complementarity.csv,1892,37d558ec44b1f6cd1956ea924996995aa88edd1123822796f8cb6cf49d9b266c,semg_manus,4,N/A,F3_Ring_raw,F3_Ring_anchor,1.0,0.0,0.0,0.0,"{""disagreement_rate"": ""source alias: disagreement"", ""session/domain"": ""not recoverable from inspected source fields/manifest""}"
feature_bank_manus_calibration_diagnostics_final_20260915,error_complementarity.csv,1893,ce9aff14b7499878a73ecd170a23cc464325c6ed92eb75b0e807ec34acd4d9a1,semg_manus,4,N/A,F0_raw,F3_Ring_raw,0.258198889747161,0.25,0.08333333333333333,0.16666666666666666,"{""disagreement_rate"": ""source alias: disagreement"", ""session/domain"": ""not recoverable from inspected source fields/manifest""}"
feature_bank_manus_calibration_diagnostics_final_20260915,error_complementarity.csv,1894,0d276c9ceffd71585a93ef6a2dfe97907d9c109352e50b18eb95a4f2b610e8d6,semg_manus,4,N/A,F5_Temporal_raw,F3_Ring_anchor,-0.0975900072948534,0.5,0.3333333333333333,0.16666666666666666,"{""disagreement_rate"": ""source alias: disagreement"", ""session/domain"": ""not recoverable from inspected source fields/manifest""}"
feature_bank_manus_calibration_diagnostics_final_20260915,error_complementarity.csv,1895,67fc7c73a9233a5012efb10de5024fe67e9ebd23458af57a8c49a5c4685c57fb,semg_manus,4,N/A,F1_X1H_raw,F4_Spectral_raw,0.19999999999999998,0.6666666666666666,0.0,0.6666666666666666,"{""disagreement_rate"": ""source alias: disagreement"", ""session/domain"": ""not recoverable from inspected source fields/manifest""}"
feature_bank_manus_calibration_diagnostics_final_20260915,error_complementarity.csv,1896,94cf44bcc7bfb8cfb00395e6084c5eaecef293622bbedafe906581332cb65a38,semg_manus,4,N/A,F1_X1H_raw,F2b_CSP_raw,0.4472135954999579,0.3333333333333333,0.0,0.3333333333333333,"{""disagreement_rate"": ""source alias: disagreement"", ""session/domain"": ""not recoverable from inspected source fields/manifest""}"
feature_bank_manus_calibration_diagnostics_final_20260915,error_complementarity.csv,1897,50312e0f2a7169043e000a9af42957ae991aac8bbd362af79deb5057c2c3a155,semg_manus,4,N/A,F3_Ring_raw,F3_Ring_anchor,1.0,0.0,0.0,0.0,"{""disagreement_rate"": ""source alias: disagreement"", ""session/domain"": ""not recoverable from inspected source fields/manifest""}"
feature_bank_manus_calibration_diagnostics_final_20260915,error_complementarity.csv,1898,2471e1dae7c00d14d297ac5b283d523525f2432b7cb6bda4a83ac3029b7545e2,semg_manus,4,N/A,F0_raw,F3_Ring_raw,-0.31622776601683794,0.5,0.16666666666666666,0.3333333333333333,"{""disagreement_rate"": ""source alias: disagreement"", ""session/domain"": ""not recoverable from inspected source fields/manifest""}"
feature_bank_manus_calibration_diagnostics_final_20260915,error_complementarity.csv,1899,14f9288ed463c45717cf97c8da3135926a78e01feecfca4f656a53d73488c87e,semg_manus,4,N/A,F5_Temporal_raw,F3_Ring_anchor,-0.31622776601683794,0.5,0.16666666666666666,0.3333333333333333,"{""disagreement_rate"": ""source alias: disagreement"", ""session/domain"": ""not recoverable from inspected source fields/manifest""}"
feature_bank_manus_calibration_diagnostics_final_20260915,error_complementarity.csv,1900,123ad81ae0f709aaaed1f94ce4f23bf5417d15f62f79d3cc21a90a3bcabf8d57,semg_manus,5,N/A,F1_X1H_raw,F4_Spectral_raw,0.2685663272412834,0.3333333333333333,0.2222222222222222,0.1111111111111111,"{""disagreement_rate"": ""source alias: disagreement"", ""session/domain"": ""not recoverable from inspected source fields/manifest""}"
feature_bank_manus_calibration_diagnostics_final_20260915,error_complementarity.csv,1901,4b68e5bd00c1f072ce5f7be39be7978f3d1a36d022116525b4a1d508774082b3,semg_manus,5,N/A,F1_X1H_raw,F2b_CSP_raw,0.35082320772281167,0.2777777777777778,0.16666666666666666,0.1111111111111111,"{""disagreement_rate"": ""source alias: disagreement"", ""session/domain"": ""not recoverable from inspected source fields/manifest""}"
feature_bank_manus_calibration_diagnostics_final_20260915,error_complementarity.csv,1902,23d838b1ca154bfa958607eb9a74fda0a2fcd400ef2d92f87664626e2fbcb0ce,semg_manus,5,N/A,F3_Ring_raw,F3_Ring_anchor,0.9999999999999999,0.0,0.0,0.0,"{""disagreement_rate"": ""source alias: disagreement"", ""session/domain"": ""not recoverable from inspected source fields/manifest""}"
feature_bank_manus_calibration_diagnostics_final_20260915,error_complementarity.csv,1903,00a9b622831c5595bdf460f86e3f9a5202ebf9b2488ebae5867308499775b3a9,semg_manus,5,N/A,F0_raw,F3_Ring_raw,-0.08770580193070293,0.6111111111111112,0.5,0.1111111111111111,"{""disagreement_rate"": ""source alias: disagreement"", ""session/domain"": ""not recoverable from inspected source fields/manifest""}"
feature_bank_manus_calibration_diagnostics_final_20260915,error_complementarity.csv,1904,c8b530aa72b2c780728abe8165f85916673f55ad4df57b74a1d38cde1d6f40b6,semg_manus,5,N/A,F5_Temporal_raw,F3_Ring_anchor,0.08058229640253811,0.5,0.3888888888888889,0.1111111111111111,"{""disagreement_rate"": ""source alias: disagreement"", ""session/domain"": ""not recoverable from inspected source fields/manifest""}"
feature_bank_manus_calibration_diagnostics_final_20260915,error_complementarity.csv,1905,a2d195b3cb67009eb98e6fd844d57d2191539039ab2bd164c93a4cf6489d8abe,semg_manus,5,N/A,F1_X1H_raw,F4_Spectral_raw,0.6249999999999999,0.16666666666666666,0.08333333333333333,0.08333333333333333,"{""disagreement_rate"": ""source alias: disagreement"", ""session/domain"": ""not recoverable from inspected source fields/manifest""}"
feature_bank_manus_calibration_diagnostics_final_20260915,error_complementarity.csv,1906,da3b9d7f79b8d74a7f73a9cf25c5909933e8921ec1d4c72db6bb8e6b8e5d6fbe,semg_manus,5,N/A,F1_X1H_raw,F2b_CSP_raw,0.4780914437337574,0.25,0.16666666666666666,0.08333333333333333,"{""disagreement_rate"": ""source alias: disagreement"", ""session/domain"": ""not recoverable from inspected source fields/manifest""}"
feature_bank_manus_calibration_diagnostics_final_20260915,error_complementarity.csv,1907,da01b9fc686f7b1d71681f0ce530c35c3c042b33b46fc87e51e4f101e8dcc35c,semg_manus,5,N/A,F3_Ring_raw,F3_Ring_anchor,1.0,0.0,0.0,0.0,"{""disagreement_rate"": ""source alias: disagreement"", ""session/domain"": ""not recoverable from inspected source fields/manifest""}"
feature_bank_manus_calibration_diagnostics_final_20260915,error_complementarity.csv,1908,a010defc038134d48ef73063e2471b0329f69d3ad7714f01025be814c10a4286,semg_manus,5,N/A,F0_raw,F3_Ring_raw,2.2662332591841973e-17,0.5833333333333334,0.5,0.08333333333333333,"{""disagreement_rate"": ""source alias: disagreement"", ""session/domain"": ""not recoverable from inspected source fields/manifest""}"
feature_bank_manus_calibration_diagnostics_final_20260915,error_complementarity.csv,1909,ae1460c8595432123ea9e04bde1532396131aa267e560045618b1a0a3fb81e62,semg_manus,5,N/A,F5_Temporal_raw,F3_Ring_anchor,0.09759000729485326,0.5,0.4166666666666667,0.08333333333333333,"{""disagreement_rate"": ""source alias: disagreement"", ""session/domain"": ""not recoverable from inspected source fields/manifest""}"
feature_bank_manus_calibration_diagnostics_final_20260915,error_complementarity.csv,1910,d2d47026a10ea19f36bfd11c0f9266a1f627e1dddbb1c568367541172b261ce6,semg_manus,5,N/A,F1_X1H_raw,F4_Spectral_raw,1.0,0.0,0.0,0.0,"{""disagreement_rate"": ""source alias: disagreement"", ""session/domain"": ""not recoverable from inspected source fields/manifest""}"
feature_bank_manus_calibration_diagnostics_final_20260915,error_complementarity.csv,1911,32de2fa99393f4fb2c395f1803bb8d0cd33ea4e764f5b51fbef201e8e64163cf,semg_manus,5,N/A,F1_X1H_raw,F2b_CSP_raw,0.25,0.3333333333333333,0.16666666666666666,0.16666666666666666,"{""disagreement_rate"": ""source alias: disagreement"", ""session/domain"": ""not recoverable from inspected source fields/manifest""}"
feature_bank_manus_calibration_diagnostics_final_20260915,error_complementarity.csv,1912,0c80a83b44549c90ec704a7e7173c3448f0b8719cb4ff954c75c64769f3931c0,semg_manus,5,N/A,F3_Ring_raw,F3_Ring_anchor,1.0,0.0,0.0,0.0,"{""disagreement_rate"": ""source alias: disagreement"", ""session/domain"": ""not recoverable from inspected source fields/manifest""}"
feature_bank_manus_calibration_diagnostics_final_20260915,error_complementarity.csv,1913,a642aa9892974623bbae690287fd881aeab263bba288f173fb222b1898d60049,semg_manus,5,N/A,F0_raw,F3_Ring_raw,-0.24999999999999994,0.6666666666666666,0.5,0.16666666666666666,"{""disagreement_rate"": ""source alias: disagreement"", ""session/domain"": ""not recoverable from inspected source fields/manifest""}"
feature_bank_manus_calibration_diagnostics_final_20260915,error_complementarity.csv,1914,d18d60054c88e405caad1c8a085cff85302becb0e43205ded5b87680a7bcfd0e,semg_manus,5,N/A,F5_Temporal_raw,F3_Ring_anchor,-0.25,0.6666666666666666,0.5,0.16666666666666666,"{""disagreement_rate"": ""source alias: disagreement"", ""session/domain"": ""not recoverable from inspected source fields/manifest""}"
feature_bank_manus_calibration_diagnostics_final_20260915,error_complementarity.csv,1915,b20ad066e628a6bce9ed2a29c39ef0e7b0cf4f877182bc76a79d99d2ff0a623f,semg_manus,6,N/A,F1_X1H_raw,F4_Spectral_raw,0.44721359549995787,0.2777777777777778,0.1111111111111111,0.16666666666666666,"{""disagreement_rate"": ""source alias: disagreement"", ""session/domain"": ""not recoverable from inspected source fields/manifest""}"
feature_bank_manus_calibration_diagnostics_final_20260915,error_complementarity.csv,1916,6c47731f68d40b45bacdafa2c32a8adb2306436c17e53c9a7241e06ddee5c28b,semg_manus,6,N/A,F1_X1H_raw,F2b_CSP_raw,0.8000000000000004,0.1111111111111111,0.0,0.1111111111111111,"{""disagreement_rate"": ""source alias: disagreement"", ""session/domain"": ""not recoverable from inspected source fields/manifest""}"
feature_bank_manus_calibration_diagnostics_final_20260915,error_complementarity.csv,1917,73210ffc696612c39606e58fa85d7bd324186c82172b932c566388629bc700e2,semg_manus,6,N/A,F3_Ring_raw,F3_Ring_anchor,1.0,0.0,0.0,0.0,"{""disagreement_rate"": ""source alias: disagreement"", ""session/domain"": ""not recoverable from inspected source fields/manifest""}"
feature_bank_manus_calibration_diagnostics_final_20260915,error_complementarity.csv,1918,79f6d0984a14111e6d1b9330d22df210e38d771a35da951bab71292bc94fef13,semg_manus,6,N/A,F0_raw,F3_Ring_raw,0.02548235957188126,0.5,0.3333333333333333,0.16666666666666666,"{""disagreement_rate"": ""source alias: disagreement"", ""session/domain"": ""not recoverable from inspected source fields/manifest""}"
feature_bank_manus_calibration_diagnostics_final_20260915,error_complementarity.csv,1919,d1c940d8ed5946c6b2c7a57580b3170f77e99336ff32e3b712847d711c02fe91,semg_manus,6,N/A,F5_Temporal_raw,F3_Ring_anchor,0.025482359571881268,0.5,0.3333333333333333,0.16666666666666666,"{""disagreement_rate"": ""source alias: disagreement"", ""session/domain"": ""not recoverable from inspected source fields/manifest""}"
feature_bank_manus_calibration_diagnostics_final_20260915,error_complementarity.csv,1920,2e1644e155c14abc5989fec254bf443f9c7c8586b875c394d34aaec289e09f30,semg_manus,6,N/A,F1_X1H_raw,F4_Spectral_raw,0.33333333333333337,0.3333333333333333,0.16666666666666666,0.16666666666666666,"{""disagreement_rate"": ""source alias: disagreement"", ""session/domain"": ""not recoverable from inspected source fields/manifest""}"
feature_bank_manus_calibration_diagnostics_final_20260915,error_complementarity.csv,1921,86df9c68037a3071150e6030e54d40f05af75c46e70c68d4a103639a320c4333,semg_manus,6,N/A,F1_X1H_raw,F2b_CSP_raw,0.8451542547285165,0.08333333333333333,0.0,0.08333333333333333,"{""disagreement_rate"": ""source alias: disagreement"", ""session/domain"": ""not recoverable from inspected source fields/manifest""}"
feature_bank_manus_calibration_diagnostics_final_20260915,error_complementarity.csv,1922,e4f36bd472aa3214d8e982ea7a94c0e25f8b99aaa00393906285f580aa5ba68f,semg_manus,6,N/A,F3_Ring_raw,F3_Ring_anchor,1.0,0.0,0.0,0.0,"{""disagreement_rate"": ""source alias: disagreement"", ""session/domain"": ""not recoverable from inspected source fields/manifest""}"
feature_bank_manus_calibration_diagnostics_final_20260915,error_complementarity.csv,1923,05a7cb06f8112021de2e7b8c25d2969c0b476491acf2b32c3c38d79e4592187e,semg_manus,6,N/A,F0_raw,F3_Ring_raw,1.9626155733547187e-17,0.5,0.3333333333333333,0.16666666666666666,"{""disagreement_rate"": ""source alias: disagreement"", ""session/domain"": ""not recoverable from inspected source fields/manifest""}"
feature_bank_manus_calibration_diagnostics_final_20260915,error_complementarity.csv,1924,b94181d453417d5f4dbc27756899983782ac1485048e9db049269104d6b6dc21,semg_manus,6,N/A,F5_Temporal_raw,F3_Ring_anchor,0.33333333333333337,0.3333333333333333,0.16666666666666666,0.16666666666666666,"{""disagreement_rate"": ""source alias: disagreement"", ""session/domain"": ""not recoverable from inspected source fields/manifest""}"
feature_bank_manus_calibration_diagnostics_final_20260915,error_complementarity.csv,1925,89ebb3569598efeeba91b7cd4aeb343e73049dc927bcead651cb309ebd4b9ab8,semg_manus,6,N/A,F1_X1H_raw,F4_Spectral_raw,0.33333333333333326,0.3333333333333333,0.16666666666666666,0.16666666666666666,"{""disagreement_rate"": ""source alias: disagreement"", ""session/domain"": ""not recoverable from inspected source fields/manifest""}"
feature_bank_manus_calibration_diagnostics_final_20260915,error_complementarity.csv,1926,faf65112034d4a5e06a1df4ccd1ee630255bf8651ebfec9c52a72f9236e1337c,semg_manus,6,N/A,F1_X1H_raw,F2b_CSP_raw,0.7071067811865474,0.16666666666666666,0.0,0.16666666666666666,"{""disagreement_rate"": ""source alias: disagreement"", ""session/domain"": ""not recoverable from inspected source fields/manifest""}"
feature_bank_manus_calibration_diagnostics_final_20260915,error_complementarity.csv,1927,f266b5e8d30066f09b6f32782a7c7e462723e01541fe43059ffcd40d631b83f7,semg_manus,6,N/A,F3_Ring_raw,F3_Ring_anchor,1.0,0.0,0.0,0.0,"{""disagreement_rate"": ""source alias: disagreement"", ""session/domain"": ""not recoverable from inspected source fields/manifest""}"
feature_bank_manus_calibration_diagnostics_final_20260915,error_complementarity.csv,1928,11eab83ae7a64eb8796b1811e98b7f2ffe2aea0ee342c56411b874e73e8103e9,semg_manus,6,N/A,F0_raw,F3_Ring_raw,-0.25,0.6666666666666666,0.5,0.16666666666666666,"{""disagreement_rate"": ""source alias: disagreement"", ""session/domain"": ""not recoverable from inspected source fields/manifest""}"
feature_bank_manus_calibration_diagnostics_final_20260915,error_complementarity.csv,1929,0ee5342bf68333a438bb79bef229f4e35f02ea38847a940416cb5f43a102a35f,semg_manus,6,N/A,F5_Temporal_raw,F3_Ring_anchor,0.7071067811865476,0.16666666666666666,0.16666666666666666,0.0,"{""disagreement_rate"": ""source alias: disagreement"", ""session/domain"": ""not recoverable from inspected source fields/manifest""}"
feature_bank_manus_calibration_diagnostics_final_20260915,error_complementarity.csv,1930,532bdd4cad5aa2358720975d24fd3719f1ec1cfacd4986cd581f9488898a37e8,semg_manus,7,N/A,F1_X1H_raw,F4_Spectral_raw,0.6139406135149205,0.16666666666666666,0.1111111111111111,0.05555555555555555,"{""disagreement_rate"": ""source alias: disagreement"", ""session/domain"": ""not recoverable from inspected source fields/manifest""}"
feature_bank_manus_calibration_diagnostics_final_20260915,error_complementarity.csv,1931,0e8e57df1fbce6b3a9b419adc4114900c5684e7a49078af7f82c0641490e5f92,semg_manus,7,N/A,F1_X1H_raw,F2b_CSP_raw,0.8864052604279182,0.05555555555555555,0.0,0.05555555555555555,"{""disagreement_rate"": ""source alias: disagreement"", ""session/domain"": ""not recoverable from inspected source fields/manifest""}"
feature_bank_manus_calibration_diagnostics_final_20260915,error_complementarity.csv,1932,652961a55b230887a9156ab688583311291337ea1d9b3cf176f6b1dd3b300bb1,semg_manus,7,N/A,F3_Ring_raw,F3_Ring_anchor,1.0,0.0,0.0,0.0,"{""disagreement_rate"": ""source alias: disagreement"", ""session/domain"": ""not recoverable from inspected source fields/manifest""}"
feature_bank_manus_calibration_diagnostics_final_20260915,error_complementarity.csv,1933,9b3c12db0ae4ef6ffe9fdc1566d40c3f80214ac5cbe574e5f126c23dc6660a10,semg_manus,7,N/A,F0_raw,F3_Ring_raw,0.6139406135149204,0.16666666666666666,0.1111111111111111,0.05555555555555555,"{""disagreement_rate"": ""source alias: disagreement"", ""session/domain"": ""not recoverable from inspected source fields/manifest""}"
feature_bank_manus_calibration_diagnostics_final_20260915,error_complementarity.csv,1934,9c61d534d1a6558289ce838f175fb2b50da2bf0e54c8b160f31014379af0ca86,semg_manus,7,N/A,F5_Temporal_raw,F3_Ring_anchor,0.5635445125120266,0.16666666666666666,0.05555555555555555,0.1111111111111111,"{""disagreement_rate"": ""source alias: disagreement"", ""session/domain"": ""not recoverable from inspected source fields/manifest""}"
feature_bank_manus_calibration_diagnostics_final_20260915,error_complementarity.csv,1935,0193fa6bb7910d9cd401d0b50ab2a63450f24d3e488ce10db412bc02b1f8abdf,semg_manus,7,N/A,F1_X1H_raw,F4_Spectral_raw,0.408248290463863,0.25,0.16666666666666666,0.08333333333333333,"{""disagreement_rate"": ""source alias: disagreement"", ""session/domain"": ""not recoverable from inspected source fields/manifest""}"
feature_bank_manus_calibration_diagnostics_final_20260915,error_complementarity.csv,1936,00c32eec77881ff0921b5a4d27c349f632f35e2188717f1f26d78359ab97dffd,semg_manus,7,N/A,F1_X1H_raw,F2b_CSP_raw,0.8366600265340753,0.08333333333333333,0.0,0.08333333333333333,"{""disagreement_rate"": ""source alias: disagreement"", ""session/domain"": ""not recoverable from inspected source fields/manifest""}"
feature_bank_manus_calibration_diagnostics_final_20260915,error_complementarity.csv,1937,92a845d63abaa6b69cfc2fb4a7bc9e96c7ebe1b9c6b33d346cd69521a89641f6,semg_manus,7,N/A,F3_Ring_raw,F3_Ring_anchor,1.0,0.0,0.0,0.0,"{""disagreement_rate"": ""source alias: disagreement"", ""session/domain"": ""not recoverable from inspected source fields/manifest""}"
feature_bank_manus_calibration_diagnostics_final_20260915,error_complementarity.csv,1938,b5274289ea991e35ca9523e9ca1fd4b74f74867941b33b66ac368ddbeefdb253,semg_manus,7,N/A,F0_raw,F3_Ring_raw,0.40824829046386274,0.25,0.16666666666666666,0.08333333333333333,"{""disagreement_rate"": ""source alias: disagreement"", ""session/domain"": ""not recoverable from inspected source fields/manifest""}"
feature_bank_manus_calibration_diagnostics_final_20260915,error_complementarity.csv,1939,34e53bce0f15433a653de4c7ab9f1b0102388e3c69ce1fc06454fcf52b9430a8,semg_manus,7,N/A,F5_Temporal_raw,F3_Ring_anchor,0.258198889747161,0.25,0.08333333333333333,0.16666666666666666,"{""disagreement_rate"": ""source alias: disagreement"", ""session/domain"": ""not recoverable from inspected source fields/manifest""}"
feature_bank_manus_calibration_diagnostics_final_20260915,error_complementarity.csv,1940,58a80b867b636d10d9d5e64345693f45da4f74e535b9ad41eb882d72ac6413c2,semg_manus,7,N/A,F1_X1H_raw,F4_Spectral_raw,0.25,0.3333333333333333,0.16666666666666666,0.16666666666666666,"{""disagreement_rate"": ""source alias: disagreement"", ""session/domain"": ""not recoverable from inspected source fields/manifest""}"
feature_bank_manus_calibration_diagnostics_final_20260915,error_complementarity.csv,1941,67c9492113110d6d2c289a0e9f8fb96b111ae7118e8be0e8b6a03b95a8d116c2,semg_manus,7,N/A,F1_X1H_raw,F2b_CSP_raw,0.7071067811865474,0.16666666666666666,0.0,0.16666666666666666,"{""disagreement_rate"": ""source alias: disagreement"", ""session/domain"": ""not recoverable from inspected source fields/manifest""}"
feature_bank_manus_calibration_diagnostics_final_20260915,error_complementarity.csv,1942,1635a0bc9bbf0dad1a202a325d0c5f3b108127ddcf29c5f222429ac8cb04346e,semg_manus,7,N/A,F3_Ring_raw,F3_Ring_anchor,1.0,0.0,0.0,0.0,"{""disagreement_rate"": ""source alias: disagreement"", ""session/domain"": ""not recoverable from inspected source fields/manifest""}"
feature_bank_manus_calibration_diagnostics_final_20260915,error_complementarity.csv,1943,8eb5fc7be08c45c93fa0b054df3d470b738cf17141468f6b485d585536fdfb98,semg_manus,7,N/A,F0_raw,F3_Ring_raw,0.25000000000000006,0.3333333333333333,0.16666666666666666,0.16666666666666666,"{""disagreement_rate"": ""source alias: disagreement"", ""session/domain"": ""not recoverable from inspected source fields/manifest""}"
feature_bank_manus_calibration_diagnostics_final_20260915,error_complementarity.csv,1944,005a53ff8bd35bf5235a160e993b8d40d9bcce172c3b7a924439b875e6097e41,semg_manus,7,N/A,F5_Temporal_raw,F3_Ring_anchor,-0.3162277660168379,0.5,0.16666666666666666,0.3333333333333333,"{""disagreement_rate"": ""source alias: disagreement"", ""session/domain"": ""not recoverable from inspected source fields/manifest""}"
feature_bank_manus_calibration_diagnostics_final_20260915,error_complementarity.csv,1945,aec67d632d051358e985f6757007a3563bfdcbe8f27c62d1c2bafabcd277c569,semg_manus,8,N/A,F1_X1H_raw,F4_Spectral_raw,0.4841648318657445,0.2777777777777778,0.05555555555555555,0.2222222222222222,"{""disagreement_rate"": ""source alias: disagreement"", ""session/domain"": ""not recoverable from inspected source fields/manifest""}"
feature_bank_manus_calibration_diagnostics_final_20260915,error_complementarity.csv,1946,b0f903ba338b93f7f9ee4a860cc254fdad0e608297fef1601f8c35ed6626f18e,semg_manus,8,N/A,F1_X1H_raw,F2b_CSP_raw,0.6446583712203046,0.16666666666666666,0.1111111111111111,0.05555555555555555,"{""disagreement_rate"": ""source alias: disagreement"", ""session/domain"": ""not recoverable from inspected source fields/manifest""}"
feature_bank_manus_calibration_diagnostics_final_20260915,error_complementarity.csv,1947,b3d00eeac226ff10a788b25c8b1d5a9750d21c43851b1d35e44d1ac6b2fba734,semg_manus,8,N/A,F3_Ring_raw,F3_Ring_anchor,1.0,0.0,0.0,0.0,"{""disagreement_rate"": ""source alias: disagreement"", ""session/domain"": ""not recoverable from inspected source fields/manifest""}"
feature_bank_manus_calibration_diagnostics_final_20260915,error_complementarity.csv,1948,4dda60cc7ea669b14abffb409002a7d12fd606b6cb711e76a95c98988989794f,semg_manus,8,N/A,F0_raw,F3_Ring_raw,-0.30508510792387605,0.6111111111111112,0.3888888888888889,0.2222222222222222,"{""disagreement_rate"": ""source alias: disagreement"", ""session/domain"": ""not recoverable from inspected source fields/manifest""}"
feature_bank_manus_calibration_diagnostics_final_20260915,error_complementarity.csv,1949,f3e86aa9c573cc4a170f5bf20db620976e54a853603ec84d2c094d0b3d453e5e,semg_manus,8,N/A,F5_Temporal_raw,F3_Ring_anchor,-0.014135069854804375,0.5555555555555556,0.4444444444444444,0.1111111111111111,"{""disagreement_rate"": ""source alias: disagreement"", ""session/domain"": ""not recoverable from inspected source fields/manifest""}"
feature_bank_manus_calibration_diagnostics_final_20260915,error_complementarity.csv,1950,d23f814acc362cd3a5ee7d716ef4a15c6b210865ca1c4a71941ab18ba81284bb,semg_manus,8,N/A,F1_X1H_raw,F4_Spectral_raw,0.47809144373375745,0.25,0.08333333333333333,0.16666666666666666,"{""disagreement_rate"": ""source alias: disagreement"", ""session/domain"": ""not recoverable from inspected source fields/manifest""}"
feature_bank_manus_calibration_diagnostics_final_20260915,error_complementarity.csv,1951,513a3bec85cb6235545329ef0cb972e19139b98c86fb27e2eeb89a1180c4002f,semg_manus,8,N/A,F1_X1H_raw,F2b_CSP_raw,0.625,0.16666666666666666,0.08333333333333333,0.08333333333333333,"{""disagreement_rate"": ""source alias: disagreement"", ""session/domain"": ""not recoverable from inspected source fields/manifest""}"
feature_bank_manus_calibration_diagnostics_final_20260915,error_complementarity.csv,1952,d6490e2cfdd5cd076456dbff19f62eb1047568c2903dd8a42c7fb42386126267,semg_manus,8,N/A,F3_Ring_raw,F3_Ring_anchor,0.8164965809277259,0.08333333333333333,0.0,0.08333333333333333,"{""disagreement_rate"": ""source alias: disagreement"", ""session/domain"": ""not recoverable from inspected source fields/manifest""}"
feature_bank_manus_calibration_diagnostics_final_20260915,error_complementarity.csv,1953,d7728f6364078450ef25f830f55b3b16599319ba47c68b8473c9c24395d6dece,semg_manus,8,N/A,F0_raw,F3_Ring_raw,-0.33333333333333326,0.5,0.25,0.25,"{""disagreement_rate"": ""source alias: disagreement"", ""session/domain"": ""not recoverable from inspected source fields/manifest""}"
feature_bank_manus_calibration_diagnostics_final_20260915,error_complementarity.csv,1954,cfda66cb7781c05257ea7fc8d2cb9d113de6baff134e05556cc28762e6898ae0,semg_manus,8,N/A,F5_Temporal_raw,F3_Ring_anchor,0.23904572186687864,0.4166666666666667,0.3333333333333333,0.08333333333333333,"{""disagreement_rate"": ""source alias: disagreement"", ""session/domain"": ""not recoverable from inspected source fields/manifest""}"
feature_bank_manus_calibration_diagnostics_final_20260915,error_complementarity.csv,1955,135d352aa3f9200c00977d52477d61a42c7e3a0876fa0e95829763717440d22c,semg_manus,8,N/A,F1_X1H_raw,F4_Spectral_raw,0.632455532033676,0.16666666666666666,0.0,0.16666666666666666,"{""disagreement_rate"": ""source alias: disagreement"", ""session/domain"": ""not recoverable from inspected source fields/manifest""}"
feature_bank_manus_calibration_diagnostics_final_20260915,error_complementarity.csv,1956,0a0506b3f22bd8f371d65c82a7994ccedcd6a8595c6f1d604e8d2713b7c8b513,semg_manus,8,N/A,F1_X1H_raw,F2b_CSP_raw,0.632455532033676,0.16666666666666666,0.0,0.16666666666666666,"{""disagreement_rate"": ""source alias: disagreement"", ""session/domain"": ""not recoverable from inspected source fields/manifest""}"
feature_bank_manus_calibration_diagnostics_final_20260915,error_complementarity.csv,1957,c5f7fdde0526edf10d81813683bf2668851a67be87226239569b985a5a805f24,semg_manus,8,N/A,F3_Ring_raw,F3_Ring_anchor,1.0,0.0,0.0,0.0,"{""disagreement_rate"": ""source alias: disagreement"", ""session/domain"": ""not recoverable from inspected source fields/manifest""}"
feature_bank_manus_calibration_diagnostics_final_20260915,error_complementarity.csv,1958,47d81ff7d7921eb6911dbab85989dd0d2dc43e07b071e87e64a60593469f324b,semg_manus,8,N/A,F0_raw,F3_Ring_raw,-0.316227766016838,0.5,0.16666666666666666,0.3333333333333333,"{""disagreement_rate"": ""source alias: disagreement"", ""session/domain"": ""not recoverable from inspected source fields/manifest""}"
feature_bank_manus_calibration_diagnostics_final_20260915,error_complementarity.csv,1959,97b7f229bc3d85fd229297bd3aab8ccc146669926e3549f4c109a91001c8db77,semg_manus,8,N/A,F5_Temporal_raw,F3_Ring_anchor,0.0,0.5,0.3333333333333333,0.16666666666666666,"{""disagreement_rate"": ""source alias: disagreement"", ""session/domain"": ""not recoverable from inspected source fields/manifest""}"
feature_bank_epn_calibration_diagnostics_validation_20260915_v2,error_complementarity.csv,1960,c509bc33fc48a91f2a427fbd9bde95221c47f317b44bfb083e5c1439a898abe1,epn612,16,N/A,F1_X1H_raw,F4_Spectral_raw,0.10017114437024807,0.3466666666666667,0.16,0.18666666666666668,"{""disagreement_rate"": ""source alias: disagreement"", ""session/domain"": ""not recoverable from inspected source fields/manifest""}"
feature_bank_epn_calibration_diagnostics_validation_20260915_v2,error_complementarity.csv,1961,58b013c7e0b2651d1d808a410f50a2f5e4b153c32e5f125e670aa8eb5f853789,epn612,16,N/A,F1_X1H_raw,F2b_CSP_raw,0.5803623715796221,0.17333333333333334,0.05333333333333334,0.12,"{""disagreement_rate"": ""source alias: disagreement"", ""session/domain"": ""not recoverable from inspected source fields/manifest""}"
feature_bank_epn_calibration_diagnostics_validation_20260915_v2,error_complementarity.csv,1962,3d23bdbc56e2ce9d2f0f82d57128048c945639d3ff110e4ba955939995d18116,epn612,16,N/A,F3_Ring_raw,F3_Ring_anchor,1.0,0.0,0.0,0.0,"{""disagreement_rate"": ""source alias: disagreement"", ""session/domain"": ""not recoverable from inspected source fields/manifest""}"
feature_bank_epn_calibration_diagnostics_validation_20260915_v2,error_complementarity.csv,1963,4533479a9f6772b1b0ca66e4b69c46180c364458080973ba63b17adc774182b7,epn612,16,N/A,F0_raw,F3_Ring_raw,0.48260744627042473,0.23333333333333334,0.12,0.11333333333333333,"{""disagreement_rate"": ""source alias: disagreement"", ""session/domain"": ""not recoverable from inspected source fields/manifest""}"
feature_bank_epn_calibration_diagnostics_validation_20260915_v2,error_complementarity.csv,1964,cd83347c97e8a32b514078c9d598a67c111e34283c9cafe2f096da2d89fc64ca,epn612,16,N/A,F5_Temporal_raw,F3_Ring_anchor,0.5770740495964997,0.18666666666666668,0.08,0.10666666666666667,"{""disagreement_rate"": ""source alias: disagreement"", ""session/domain"": ""not recoverable from inspected source fields/manifest""}"
feature_bank_epn_calibration_diagnostics_validation_20260915_v2,error_complementarity.csv,1965,256cb1e9db8b8dd34eec4c785bcfb6a83ee425a5681553361bc5929d01b61b38,epn612,16,N/A,F1_X1H_raw,F4_Spectral_raw,0.09659322156210436,0.3541666666666667,0.16666666666666666,0.1875,"{""disagreement_rate"": ""source alias: disagreement"", ""session/domain"": ""not recoverable from inspected source fields/manifest""}"
feature_bank_epn_calibration_diagnostics_validation_20260915_v2,error_complementarity.csv,1966,06d0c28c1308abb2bdd8ca7825c54bcc97b09b46ea666211e858c0ac6bafb2fd,epn612,16,N/A,F1_X1H_raw,F2b_CSP_raw,0.5856187735562375,0.1736111111111111,0.05555555555555555,0.11805555555555555,"{""disagreement_rate"": ""source alias: disagreement"", ""session/domain"": ""not recoverable from inspected source fields/manifest""}"
feature_bank_epn_calibration_diagnostics_validation_20260915_v2,error_complementarity.csv,1967,b1f4c31da18777ce08a5f240ad10e8facc146cf799df8668b21ac675e35651e6,epn612,16,N/A,F3_Ring_raw,F3_Ring_anchor,0.9240616554505453,0.034722222222222224,0.006944444444444444,0.027777777777777776,"{""disagreement_rate"": ""source alias: disagreement"", ""session/domain"": ""not recoverable from inspected source fields/manifest""}"
feature_bank_epn_calibration_diagnostics_validation_20260915_v2,error_complementarity.csv,1968,26ed9ca43b82ea167b4ac078f505d41e4abd2a0400356d746bf9a5b96836ea86,epn612,16,N/A,F0_raw,F3_Ring_raw,0.4928328829069575,0.22916666666666666,0.125,0.10416666666666667,"{""disagreement_rate"": ""source alias: disagreement"", ""session/domain"": ""not recoverable from inspected source fields/manifest""}"
feature_bank_epn_calibration_diagnostics_validation_20260915_v2,error_complementarity.csv,1969,971a67864fdfbfea4e37f26c5b5d1e7f52b443e8f41a9e8d8b8a5437521f5763,epn612,16,N/A,F5_Temporal_raw,F3_Ring_anchor,0.5826115302973823,0.1875,0.0763888888888889,0.1111111111111111,"{""disagreement_rate"": ""source alias: disagreement"", ""session/domain"": ""not recoverable from inspected source fields/manifest""}"
feature_bank_epn_calibration_diagnostics_validation_20260915_v2,error_complementarity.csv,1970,e2f315a52d7bbec70192e342375d6fc90f259423c186eeebdee503892618c940,epn612,16,N/A,F1_X1H_raw,F4_Spectral_raw,0.09330585401226023,0.36231884057971014,0.16666666666666666,0.1956521739130435,"{""disagreement_rate"": ""source alias: disagreement"", ""session/domain"": ""not recoverable from inspected source fields/manifest""}"
feature_bank_epn_calibration_diagnostics_validation_20260915_v2,error_complementarity.csv,1971,adff3392a51b988bef2dea4d898a384daced0f974e959be380116c115042df6c,epn612,16,N/A,F1_X1H_raw,F2b_CSP_raw,0.5850503529615517,0.17391304347826086,0.057971014492753624,0.11594202898550725,"{""disagreement_rate"": ""source alias: disagreement"", ""session/domain"": ""not recoverable from inspected source fields/manifest""}"
feature_bank_epn_calibration_diagnostics_validation_20260915_v2,error_complementarity.csv,1972,b7c0aa03fcff963acec44948baad56f276257dd2e67aef9e8d7d62f927bd1c2c,epn612,16,N/A,F3_Ring_raw,F3_Ring_anchor,0.7869910029407432,0.09420289855072464,0.050724637681159424,0.043478260869565216,"{""disagreement_rate"": ""source alias: disagreement"", ""session/domain"": ""not recoverable from inspected source fields/manifest""}"
feature_bank_epn_calibration_diagnostics_validation_20260915_v2,error_complementarity.csv,1973,351ce1e2230ec7773ffc1b082a75c6cdfdac1ddbbc0740fd97a69af3b4211f11,epn612,16,N/A,F0_raw,F3_Ring_raw,0.5032569911829353,0.2246376811594203,0.12318840579710146,0.10144927536231885,"{""disagreement_rate"": ""source alias: disagreement"", ""session/domain"": ""not recoverable from inspected source fields/manifest""}"
feature_bank_epn_calibration_diagnostics_validation_20260915_v2,error_complementarity.csv,1974,fc9b2b73e3532c1dcc9e1bb0dd7cfdf3a9c327ac489b6bcf1b64187cb4c6b4f3,epn612,16,N/A,F5_Temporal_raw,F3_Ring_anchor,0.5191773710129419,0.21014492753623187,0.10144927536231885,0.10869565217391304,"{""disagreement_rate"": ""source alias: disagreement"", ""session/domain"": ""not recoverable from inspected source fields/manifest""}"
feature_bank_epn_calibration_diagnostics_validation_20260915_v2,error_complementarity.csv,1975,4b7deae780062808371105ffbf304634a428af786dca4e6c16bb641a893d60a1,epn612,16,N/A,F1_X1H_raw,F4_Spectral_raw,0.07062580707895982,0.375,0.16666666666666666,0.20833333333333334,"{""disagreement_rate"": ""source alias: disagreement"", ""session/domain"": ""not recoverable from inspected source fields/manifest""}"
feature_bank_epn_calibration_diagnostics_validation_20260915_v2,error_complementarity.csv,1976,6c69ef5d1e601110f438ce3d6d66e04d0cadba7c1518e0fa74cebaa99afb904a,epn612,16,N/A,F1_X1H_raw,F2b_CSP_raw,0.5541388625595289,0.18333333333333332,0.06666666666666667,0.11666666666666667,"{""disagreement_rate"": ""source alias: disagreement"", ""session/domain"": ""not recoverable from inspected source fields/manifest""}"
feature_bank_epn_calibration_diagnostics_validation_20260915_v2,error_complementarity.csv,1977,6823d0e878946cb08589f1b8abfa2ddfd49e9a03ace6bdebc488780792b0bc66,epn612,16,N/A,F3_Ring_raw,F3_Ring_anchor,0.633699633699635,0.16666666666666666,0.08333333333333333,0.08333333333333333,"{""disagreement_rate"": ""source alias: disagreement"", ""session/domain"": ""not recoverable from inspected source fields/manifest""}"
feature_bank_epn_calibration_diagnostics_validation_20260915_v2,error_complementarity.csv,1978,7f4e1c871e50454f7579ae631cb3e4ee5ba3c15d4a2cbcc00be51d26296cf23b,epn612,16,N/A,F0_raw,F3_Ring_raw,0.4635581639966132,0.25,0.14166666666666666,0.10833333333333334,"{""disagreement_rate"": ""source alias: disagreement"", ""session/domain"": ""not recoverable from inspected source fields/manifest""}"
feature_bank_epn_calibration_diagnostics_validation_20260915_v2,error_complementarity.csv,1979,4cf0a96d85811659e28437beb288891fa2bfa3919c9a1ed3cf7bbb32f35ad87f,epn612,16,N/A,F5_Temporal_raw,F3_Ring_anchor,0.42338000926128433,0.25833333333333336,0.11666666666666667,0.14166666666666666,"{""disagreement_rate"": ""source alias: disagreement"", ""session/domain"": ""not recoverable from inspected source fields/manifest""}"
feature_bank_epn_calibration_diagnostics_validation_20260915_v2,error_complementarity.csv,1980,c75aa41dd8f11174fd69eff56c19383b5e824a568e0a48b51436e42bacbeda34,epn612,17,N/A,F1_X1H_raw,F4_Spectral_raw,0.2902283748565536,0.35333333333333333,0.02666666666666667,0.32666666666666666,"{""disagreement_rate"": ""source alias: disagreement"", ""session/domain"": ""not recoverable from inspected source fields/manifest""}"
feature_bank_epn_calibration_diagnostics_validation_20260915_v2,error_complementarity.csv,1981,853aa1e8f308de3563952ffea35aa1ca988a595851f4f8c85e3b698454a066f1,epn612,17,N/A,F1_X1H_raw,F2b_CSP_raw,0.23878346647045953,0.24,0.06666666666666667,0.17333333333333334,"{""disagreement_rate"": ""source alias: disagreement"", ""session/domain"": ""not recoverable from inspected source fields/manifest""}"
feature_bank_epn_calibration_diagnostics_validation_20260915_v2,error_complementarity.csv,1982,b847e2fd47d9c27f4dc0f8c28958ce5377a49dacbd65b0aa7a2aeacd51f3f2e2,epn612,17,N/A,F3_Ring_raw,F3_Ring_anchor,1.0,0.0,0.0,0.0,"{""disagreement_rate"": ""source alias: disagreement"", ""session/domain"": ""not recoverable from inspected source fields/manifest""}"
feature_bank_epn_calibration_diagnostics_validation_20260915_v2,error_complementarity.csv,1983,5751eb5c8fbc475685a0617c2e59a2315558e5ff32fa7ffb348a0f8dcb926fc2,epn612,17,N/A,F0_raw,F3_Ring_raw,0.2589501582357163,0.32666666666666666,0.19333333333333333,0.13333333333333333,"{""disagreement_rate"": ""source alias: disagreement"", ""session/domain"": ""not recoverable from inspected source fields/manifest""}"
feature_bank_epn_calibration_diagnostics_validation_20260915_v2,error_complementarity.csv,1984,b0ddc03128d2de4c113a4911c615bfc54c29aa41aec3d09cbbdff1af61f1315f,epn612,17,N/A,F5_Temporal_raw,F3_Ring_anchor,0.44521950952738826,0.24,0.14,0.1,"{""disagreement_rate"": ""source alias: disagreement"", ""session/domain"": ""not recoverable from inspected source fields/manifest""}"
feature_bank_epn_calibration_diagnostics_validation_20260915_v2,error_complementarity.csv,1985,b6fd2a9d9f75780a2ee63d2a3b0948a503b1673a9b92636c5397b2d97c9f28b8,epn612,17,N/A,F1_X1H_raw,F4_Spectral_raw,0.31798236107508737,0.3472222222222222,0.020833333333333332,0.3263888888888889,"{""disagreement_rate"": ""source alias: disagreement"", ""session/domain"": ""not recoverable from inspected source fields/manifest""}"
feature_bank_epn_calibration_diagnostics_validation_20260915_v2,error_complementarity.csv,1986,448c43c449fb0d13bb95f580f149d509c3aa206e7d67a1a6c2413e18942e153f,epn612,17,N/A,F1_X1H_raw,F2b_CSP_raw,0.22681713031406,0.2361111111111111,0.06944444444444445,0.16666666666666666,"{""disagreement_rate"": ""source alias: disagreement"", ""session/domain"": ""not recoverable from inspected source fields/manifest""}"
feature_bank_epn_calibration_diagnostics_validation_20260915_v2,error_complementarity.csv,1987,21762f08eaba066ca97b2dffa46812a108b2386a15953c0281dfe13fa2c84939,epn612,17,N/A,F3_Ring_raw,F3_Ring_anchor,0.9500627886532697,0.020833333333333332,0.006944444444444444,0.013888888888888888,"{""disagreement_rate"": ""source alias: disagreement"", ""session/domain"": ""not recoverable from inspected source fields/manifest""}"
feature_bank_epn_calibration_diagnostics_validation_20260915_v2,error_complementarity.csv,1988,ec1318c8bf49cc33acef3f03ef502d5a12591ce385effb5a3c88206ca5d12396,epn612,17,N/A,F0_raw,F3_Ring_raw,0.2491660016029397,0.3333333333333333,0.2013888888888889,0.13194444444444445,"{""disagreement_rate"": ""source alias: disagreement"", ""session/domain"": ""not recoverable from inspected source fields/manifest""}"
feature_bank_epn_calibration_diagnostics_validation_20260915_v2,error_complementarity.csv,1989,fd1514dd8acb96e0d9389b0618b156c726b4cc0a452b7e6f956060b0bed498fb,epn612,17,N/A,F5_Temporal_raw,F3_Ring_anchor,0.40773095471142146,0.2569444444444444,0.14583333333333334,0.1111111111111111,"{""disagreement_rate"": ""source alias: disagreement"", ""session/domain"": ""not recoverable from inspected source fields/manifest""}"
feature_bank_epn_calibration_diagnostics_validation_20260915_v2,error_complementarity.csv,1990,1373e174f154ca46f5a2a9ce4b52b3d63d15c3cbd7b2c2b82ccf9eb0a7ed2f65,epn612,17,N/A,F1_X1H_raw,F4_Spectral_raw,0.29903282124770475,0.36231884057971014,0.021739130434782608,0.34057971014492755,"{""disagreement_rate"": ""source alias: disagreement"", ""session/domain"": ""not recoverable from inspected source fields/manifest""}"
feature_bank_epn_calibration_diagnostics_validation_20260915_v2,error_complementarity.csv,1991,b7c5ff958e8d347ce28e2477e38b4293b0c15f2f86225581bf520c7cc41ff934,epn612,17,N/A,F1_X1H_raw,F2b_CSP_raw,0.2460477691770059,0.2318840579710145,0.06521739130434782,0.16666666666666666,"{""disagreement_rate"": ""source alias: disagreement"", ""session/domain"": ""not recoverable from inspected source fields/manifest""}"
feature_bank_epn_calibration_diagnostics_validation_20260915_v2,error_complementarity.csv,1992,29069f194922bf5bcf934b769b7ed9de12ff4f6db1d006729601e2547113a315,epn612,17,N/A,F3_Ring_raw,F3_Ring_anchor,0.8943877551020408,0.043478260869565216,0.021739130434782608,0.021739130434782608,"{""disagreement_rate"": ""source alias: disagreement"", ""session/domain"": ""not recoverable from inspected source fields/manifest""}"
feature_bank_epn_calibration_diagnostics_validation_20260915_v2,error_complementarity.csv,1993,29605a4c1d912a2849a01e879eab525f2b482df6a79a58883a46f8a2428453ed,epn612,17,N/A,F0_raw,F3_Ring_raw,0.23882049301569,0.34057971014492755,0.21014492753623187,0.13043478260869565,"{""disagreement_rate"": ""source alias: disagreement"", ""session/domain"": ""not recoverable from inspected source fields/manifest""}"
feature_bank_epn_calibration_diagnostics_validation_20260915_v2,error_complementarity.csv,1994,d50ae1f4a28066ba371266cecbdc9f5dac99806a25e11b363001092f8ba684e3,epn612,17,N/A,F5_Temporal_raw,F3_Ring_anchor,0.3834307983047947,0.26811594202898553,0.15942028985507245,0.10869565217391304,"{""disagreement_rate"": ""source alias: disagreement"", ""session/domain"": ""not recoverable from inspected source fields/manifest""}"
feature_bank_epn_calibration_diagnostics_validation_20260915_v2,error_complementarity.csv,1995,470120b7612221a2a9cca2b8f9991eed7bb0690706f5fa4e62eb041786a163ec,epn612,17,N/A,F1_X1H_raw,F4_Spectral_raw,0.27273702530835786,0.36666666666666664,0.025,0.3416666666666667,"{""disagreement_rate"": ""source alias: disagreement"", ""session/domain"": ""not recoverable from inspected source fields/manifest""}"
feature_bank_epn_calibration_diagnostics_validation_20260915_v2,error_complementarity.csv,1996,a155f59688324e73657343f1afddb70e85e85ef516435c816182950f036219ab,epn612,17,N/A,F1_X1H_raw,F2b_CSP_raw,0.2950251137434685,0.23333333333333334,0.05,0.18333333333333332,"{""disagreement_rate"": ""source alias: disagreement"", ""session/domain"": ""not recoverable from inspected source fields/manifest""}"
feature_bank_epn_calibration_diagnostics_validation_20260915_v2,error_complementarity.csv,1997,7bd1271742ee0ce73a54b04232385460f87d0cacdd967652dab8d6dc71cd9900,epn612,17,N/A,F3_Ring_raw,F3_Ring_anchor,0.8797477445640526,0.05,0.016666666666666666,0.03333333333333333,"{""disagreement_rate"": ""source alias: disagreement"", ""session/domain"": ""not recoverable from inspected source fields/manifest""}"
feature_bank_epn_calibration_diagnostics_validation_20260915_v2,error_complementarity.csv,1998,4515bcc7cc4a7f85ff1cb9e7ab069bb023c5ea934b69ccb3ee85b703bdeeb6e7,epn612,17,N/A,F0_raw,F3_Ring_raw,0.224329892436222,0.3416666666666667,0.20833333333333334,0.13333333333333333,"{""disagreement_rate"": ""source alias: disagreement"", ""session/domain"": ""not recoverable from inspected source fields/manifest""}"
feature_bank_epn_calibration_diagnostics_validation_20260915_v2,error_complementarity.csv,1999,2570509862661b847fb6597db02dc95986f96c6e5a954834e24e51458cc5c13a,epn612,17,N/A,F5_Temporal_raw,F3_Ring_anchor,0.34718253741470695,0.2833333333333333,0.15833333333333333,0.125,"{""disagreement_rate"": ""source alias: disagreement"", ""session/domain"": ""not recoverable from inspected source fields/manifest""}"
feature_bank_epn_calibration_diagnostics_validation_20260915_v2,error_complementarity.csv,2000,214447ddd934b9f4053c1d41bf83121ae3dcdc70f6854ebad87cdd1ad15dfa9f,epn612,18,N/A,F1_X1H_raw,F4_Spectral_raw,0.4803720451396568,0.24,0.10666666666666667,0.13333333333333333,"{""disagreement_rate"": ""source alias: disagreement"", ""session/domain"": ""not recoverable from inspected source fields/manifest""}"
feature_bank_epn_calibration_diagnostics_validation_20260915_v2,error_complementarity.csv,2001,9ea26c2d3cc86de80a6d6af7c336eca464b6bdb0b236c5bff6ae0dfbf031d363,epn612,18,N/A,F1_X1H_raw,F2b_CSP_raw,0.7120627421523532,0.13333333333333333,0.05333333333333334,0.08,"{""disagreement_rate"": ""source alias: disagreement"", ""session/domain"": ""not recoverable from inspected source fields/manifest""}"
feature_bank_epn_calibration_diagnostics_validation_20260915_v2,error_complementarity.csv,2002,601c991184048c577f12388d3f4056e6bd851bd0a55bd8778e62a8c75a93668c,epn612,18,N/A,F3_Ring_raw,F3_Ring_anchor,1.0,0.0,0.0,0.0,"{""disagreement_rate"": ""source alias: disagreement"", ""session/domain"": ""not recoverable from inspected source fields/manifest""}"
feature_bank_epn_calibration_diagnostics_validation_20260915_v2,error_complementarity.csv,2003,542c87846dec16e2ef9b2743fae7a396f9b45b5f0e17cf86024a14176c107e14,epn612,18,N/A,F0_raw,F3_Ring_raw,0.5073116615848285,0.24666666666666667,0.14666666666666667,0.1,"{""disagreement_rate"": ""source alias: disagreement"", ""session/domain"": ""not recoverable from inspected source fields/manifest""}"
feature_bank_epn_calibration_diagnostics_validation_20260915_v2,error_complementarity.csv,2004,fd934b52a63d9a96414035b84d78a0644662af369644847fb0c769f2f1cc9244,epn612,18,N/A,F5_Temporal_raw,F3_Ring_anchor,0.5796953755130586,0.20666666666666667,0.06666666666666667,0.14,"{""disagreement_rate"": ""source alias: disagreement"", ""session/domain"": ""not recoverable from inspected source fields/manifest""}"
feature_bank_epn_calibration_diagnostics_validation_20260915_v2,error_complementarity.csv,2005,26b90eea81076dfe89f35397969bc11b409bb783444611dd6c2b376ed9b46b3f,epn612,18,N/A,F1_X1H_raw,F4_Spectral_raw,0.4896083251505608,0.2361111111111111,0.10416666666666667,0.13194444444444445,"{""disagreement_rate"": ""source alias: disagreement"", ""session/domain"": ""not recoverable from inspected source fields/manifest""}"
feature_bank_epn_calibration_diagnostics_validation_20260915_v2,error_complementarity.csv,2006,177d02d0b837eb8a2c774365a344e225f2e5a7af8d5de46cf4e6dec58487c5ac,epn612,18,N/A,F1_X1H_raw,F2b_CSP_raw,0.7005165267538797,0.1388888888888889,0.05555555555555555,0.08333333333333333,"{""disagreement_rate"": ""source alias: disagreement"", ""session/domain"": ""not recoverable from inspected source fields/manifest""}"
feature_bank_epn_calibration_diagnostics_validation_20260915_v2,error_complementarity.csv,2007,9fe639e01d360e7af84c2555511d7c348e1ab0050b4bd842d03552b1c2e0553d,epn612,18,N/A,F3_Ring_raw,F3_Ring_anchor,0.9439494262279939,0.027777777777777776,0.020833333333333332,0.006944444444444444,"{""disagreement_rate"": ""source alias: disagreement"", ""session/domain"": ""not recoverable from inspected source fields/manifest""}"
feature_bank_epn_calibration_diagnostics_validation_20260915_v2,error_complementarity.csv,2008,96e60848bf48126116402927e854f8bef78fa22d64800a2e5e21276bca47b978,epn612,18,N/A,F0_raw,F3_Ring_raw,0.5031152949374529,0.25,0.1527777777777778,0.09722222222222222,"{""disagreement_rate"": ""source alias: disagreement"", ""session/domain"": ""not recoverable from inspected source fields/manifest""}"
feature_bank_epn_calibration_diagnostics_validation_20260915_v2,error_complementarity.csv,2009,3cf6c336f6eaad941e1a877c86563bd995535118c146c80a737184e5c18537cc,epn612,18,N/A,F5_Temporal_raw,F3_Ring_anchor,0.5721483982909757,0.20833333333333334,0.0763888888888889,0.13194444444444445,"{""disagreement_rate"": ""source alias: disagreement"", ""session/domain"": ""not recoverable from inspected source fields/manifest""}"
feature_bank_epn_calibration_diagnostics_validation_20260915_v2,error_complementarity.csv,2010,e1155a64607b2f661e06a3cc8edf01e37070160294a10929b50d696b3b0d77c7,epn612,18,N/A,F1_X1H_raw,F4_Spectral_raw,0.4869058651265519,0.2391304347826087,0.10144927536231885,0.13768115942028986,"{""disagreement_rate"": ""source alias: disagreement"", ""session/domain"": ""not recoverable from inspected source fields/manifest""}"
feature_bank_epn_calibration_diagnostics_validation_20260915_v2,error_complementarity.csv,2011,9270603e577a682b2fab34ccea93e5f6417451e0885ebeb52fc58ef0164f273b,epn612,18,N/A,F1_X1H_raw,F2b_CSP_raw,0.7058774972086042,0.13768115942028986,0.050724637681159424,0.08695652173913043,"{""disagreement_rate"": ""source alias: disagreement"", ""session/domain"": ""not recoverable from inspected source fields/manifest""}"
feature_bank_epn_calibration_diagnostics_validation_20260915_v2,error_complementarity.csv,2012,3afe700b44b92e3fe83403c9cec068d728e32d9f671235bb2aca5747beb8664a,epn612,18,N/A,F3_Ring_raw,F3_Ring_anchor,0.9414474451059763,0.028985507246376812,0.021739130434782608,0.007246376811594203,"{""disagreement_rate"": ""source alias: disagreement"", ""session/domain"": ""not recoverable from inspected source fields/manifest""}"
feature_bank_epn_calibration_diagnostics_validation_20260915_v2,error_complementarity.csv,2013,f4f7444ddd82ff5203eefe47c8826bdcb250e80c468979941b7f09d13c7ae12b,epn612,18,N/A,F0_raw,F3_Ring_raw,0.5106904825836196,0.2463768115942029,0.15217391304347827,0.09420289855072464,"{""disagreement_rate"": ""source alias: disagreement"", ""session/domain"": ""not recoverable from inspected source fields/manifest""}"
feature_bank_epn_calibration_diagnostics_validation_20260915_v2,error_complementarity.csv,2014,1537901ab2a4f688eb51907a154a09ad23f5775ad40c6ed683087286fa764751,epn612,18,N/A,F5_Temporal_raw,F3_Ring_anchor,0.5672954694124311,0.21014492753623187,0.07971014492753623,0.13043478260869565,"{""disagreement_rate"": ""source alias: disagreement"", ""session/domain"": ""not recoverable from inspected source fields/manifest""}"
feature_bank_epn_calibration_diagnostics_validation_20260915_v2,error_complementarity.csv,2015,ccefe5c6d419bfb94b7278c6b6f96a949bbdd3a93202efb84d7ea2cad873840a,epn612,18,N/A,F1_X1H_raw,F4_Spectral_raw,0.49230229292750644,0.24166666666666667,0.09166666666666666,0.15,"{""disagreement_rate"": ""source alias: disagreement"", ""session/domain"": ""not recoverable from inspected source fields/manifest""}"
feature_bank_epn_calibration_diagnostics_validation_20260915_v2,error_complementarity.csv,2016,9d8a6cc89efe3371abfe5407a8ba479b0e0d2ad094ab469f58c630168d630769,epn612,18,N/A,F1_X1H_raw,F2b_CSP_raw,0.7204001623933715,0.13333333333333333,0.041666666666666664,0.09166666666666666,"{""disagreement_rate"": ""source alias: disagreement"", ""session/domain"": ""not recoverable from inspected source fields/manifest""}"
feature_bank_epn_calibration_diagnostics_validation_20260915_v2,error_complementarity.csv,2017,cd5eb7194b70e8b8f3300c5b97c9e33ff45cf2ac2b03c0f9dcf8de4737e2dc05,epn612,18,N/A,F3_Ring_raw,F3_Ring_anchor,0.9321266968325789,0.03333333333333333,0.016666666666666666,0.016666666666666666,"{""disagreement_rate"": ""source alias: disagreement"", ""session/domain"": ""not recoverable from inspected source fields/manifest""}"
feature_bank_epn_calibration_diagnostics_validation_20260915_v2,error_complementarity.csv,2018,f61dd541e0b5f25f244f74df3c169c05fe54653bbebd43bc5474b70b1a63e63b,epn612,18,N/A,F0_raw,F3_Ring_raw,0.4899980783093523,0.25833333333333336,0.16666666666666666,0.09166666666666666,"{""disagreement_rate"": ""source alias: disagreement"", ""session/domain"": ""not recoverable from inspected source fields/manifest""}"
feature_bank_epn_calibration_diagnostics_validation_20260915_v2,error_complementarity.csv,2019,632854fd07f016c663aa6a7ab500c945a85e842771e30c6718216e659aa973e5,epn612,18,N/A,F5_Temporal_raw,F3_Ring_anchor,0.6247548538834892,0.18333333333333332,0.075,0.10833333333333334,"{""disagreement_rate"": ""source alias: disagreement"", ""session/domain"": ""not recoverable from inspected source fields/manifest""}"
feature_bank_epn_calibration_diagnostics_final_20260915_v2,error_complementarity.csv,2020,53abee87086160ccb56b28abe5340071eab24e073aee864f966c7c4580952c82,epn612,19,N/A,F1_X1H_raw,F4_Spectral_raw,0.6149676730782973,0.18,0.06666666666666667,0.11333333333333333,"{""disagreement_rate"": ""source alias: disagreement"", ""session/domain"": ""not recoverable from inspected source fields/manifest""}"
feature_bank_epn_calibration_diagnostics_final_20260915_v2,error_complementarity.csv,2021,436952c338311dfc504bbb3681d3d7a1dde088d9273daa7559f8943a3a4ab142,epn612,19,N/A,F1_X1H_raw,F2b_CSP_raw,0.8350912917421393,0.07333333333333333,0.04666666666666667,0.02666666666666667,"{""disagreement_rate"": ""source alias: disagreement"", ""session/domain"": ""not recoverable from inspected source fields/manifest""}"
feature_bank_epn_calibration_diagnostics_final_20260915_v2,error_complementarity.csv,2022,3e7dc1e6107ef9f733ae189ba80b052b8e25fad5c186f6904b1df81b520c4cb4,epn612,19,N/A,F3_Ring_raw,F3_Ring_anchor,1.0,0.0,0.0,0.0,"{""disagreement_rate"": ""source alias: disagreement"", ""session/domain"": ""not recoverable from inspected source fields/manifest""}"
feature_bank_epn_calibration_diagnostics_final_20260915_v2,error_complementarity.csv,2023,fc84e93a46462e5ee24431d0d8c5cac65764eb7f0463328beb7648fe76943218,epn612,19,N/A,F0_raw,F3_Ring_raw,0.47933110936480455,0.26,0.19333333333333333,0.06666666666666667,"{""disagreement_rate"": ""source alias: disagreement"", ""session/domain"": ""not recoverable from inspected source fields/manifest""}"
feature_bank_epn_calibration_diagnostics_final_20260915_v2,error_complementarity.csv,2024,5a94930dec61bd9c7b9dd2a4e263897339e22b4f71b9826804bb4205de73f3ac,epn612,19,N/A,F5_Temporal_raw,F3_Ring_anchor,0.5122855942007505,0.23333333333333334,0.16,0.07333333333333333,"{""disagreement_rate"": ""source alias: disagreement"", ""session/domain"": ""not recoverable from inspected source fields/manifest""}"
feature_bank_epn_calibration_diagnostics_final_20260915_v2,error_complementarity.csv,2025,ae93c759415faf94cdf7a43b36651eb1ec86feeea9b62b95bfc05e7d78df84d3,epn612,19,N/A,F1_X1H_raw,F4_Spectral_raw,0.6354510787510915,0.1736111111111111,0.05555555555555555,0.11805555555555555,"{""disagreement_rate"": ""source alias: disagreement"", ""session/domain"": ""not recoverable from inspected source fields/manifest""}"
feature_bank_epn_calibration_diagnostics_final_20260915_v2,error_complementarity.csv,2026,1d4fb9192dd2874966a2b1c1059e53a61075b72470f7631c0309ae30e6ce87f6,epn612,19,N/A,F1_X1H_raw,F2b_CSP_raw,0.8441960279024505,0.06944444444444445,0.041666666666666664,0.027777777777777776,"{""disagreement_rate"": ""source alias: disagreement"", ""session/domain"": ""not recoverable from inspected source fields/manifest""}"
feature_bank_epn_calibration_diagnostics_final_20260915_v2,error_complementarity.csv,2027,6754dd2545a0bbb4a1e4b2ce5de494538d391b9d3c58aa283c5b5ae5dd25d018,epn612,19,N/A,F3_Ring_raw,F3_Ring_anchor,0.9687499999999999,0.013888888888888888,0.006944444444444444,0.006944444444444444,"{""disagreement_rate"": ""source alias: disagreement"", ""session/domain"": ""not recoverable from inspected source fields/manifest""}"
feature_bank_epn_calibration_diagnostics_final_20260915_v2,error_complementarity.csv,2028,580d7380cd778a871d122abe2c31f1794cd79ce4061c69603b84668a85bfa166,epn612,19,N/A,F0_raw,F3_Ring_raw,0.473049916791266,0.2638888888888889,0.19444444444444445,0.06944444444444445,"{""disagreement_rate"": ""source alias: disagreement"", ""session/domain"": ""not recoverable from inspected source fields/manifest""}"
feature_bank_epn_calibration_diagnostics_final_20260915_v2,error_complementarity.csv,2029,e133e5d72fb3d48016070d3a02a8e02775819e7e424698d60549c8e61af045e1,epn612,19,N/A,F5_Temporal_raw,F3_Ring_anchor,0.5677335894338377,0.20833333333333334,0.14583333333333334,0.0625,"{""disagreement_rate"": ""source alias: disagreement"", ""session/domain"": ""not recoverable from inspected source fields/manifest""}"
feature_bank_epn_calibration_diagnostics_final_20260915_v2,error_complementarity.csv,2030,b54337f1cae3fa8433da0263c9184cc78a654c220deef319210b868a4eb5f2f4,epn612,19,N/A,F1_X1H_raw,F4_Spectral_raw,0.6205290660703532,0.18115942028985507,0.057971014492753624,0.12318840579710146,"{""disagreement_rate"": ""source alias: disagreement"", ""session/domain"": ""not recoverable from inspected source fields/manifest""}"
feature_bank_epn_calibration_diagnostics_final_20260915_v2,error_complementarity.csv,2031,571e5d489af40e07c5727dc82876710780f3019db0f887b226c6b5b45dc1eeb2,epn612,19,N/A,F1_X1H_raw,F2b_CSP_raw,0.8374401833412497,0.07246376811594203,0.043478260869565216,0.028985507246376812,"{""disagreement_rate"": ""source alias: disagreement"", ""session/domain"": ""not recoverable from inspected source fields/manifest""}"
feature_bank_epn_calibration_diagnostics_final_20260915_v2,error_complementarity.csv,2032,be2ff05138a661a2820067f1810fd0449ed5c070feb10666cf1d76d8229a91a9,epn612,19,N/A,F3_Ring_raw,F3_Ring_anchor,0.8888476050312604,0.050724637681159424,0.021739130434782608,0.028985507246376812,"{""disagreement_rate"": ""source alias: disagreement"", ""session/domain"": ""not recoverable from inspected source fields/manifest""}"
feature_bank_epn_calibration_diagnostics_final_20260915_v2,error_complementarity.csv,2033,c0bd0f9437cdabad9b8135f2e78d2d1bf3528b28a0e9f4d3b27b4ace13731abf,epn612,19,N/A,F0_raw,F3_Ring_raw,0.4801888822251229,0.2608695652173913,0.18840579710144928,0.07246376811594203,"{""disagreement_rate"": ""source alias: disagreement"", ""session/domain"": ""not recoverable from inspected source fields/manifest""}"
feature_bank_epn_calibration_diagnostics_final_20260915_v2,error_complementarity.csv,2034,8bf2d5821409f50712f26994e1539093f9a74ab6bba0a79a320c9095ca2468bc,epn612,19,N/A,F5_Temporal_raw,F3_Ring_anchor,0.5646530560597977,0.21014492753623187,0.13768115942028986,0.07246376811594203,"{""disagreement_rate"": ""source alias: disagreement"", ""session/domain"": ""not recoverable from inspected source fields/manifest""}"
feature_bank_epn_calibration_diagnostics_final_20260915_v2,error_complementarity.csv,2035,9d0fce4ff882908644a65a862ac3dcd166a86fb777e4100820c87b9a9a3e8072,epn612,19,N/A,F1_X1H_raw,F4_Spectral_raw,0.6134100392656436,0.18333333333333332,0.06666666666666667,0.11666666666666667,"{""disagreement_rate"": ""source alias: disagreement"", ""session/domain"": ""not recoverable from inspected source fields/manifest""}"
feature_bank_epn_calibration_diagnostics_final_20260915_v2,error_complementarity.csv,2036,697701693da0d3ab5e4043c7404035a0b95d91ed8b4e0e48c775e242da446c45,epn612,19,N/A,F1_X1H_raw,F2b_CSP_raw,0.833704247311869,0.075,0.05,0.025,"{""disagreement_rate"": ""source alias: disagreement"", ""session/domain"": ""not recoverable from inspected source fields/manifest""}"
feature_bank_epn_calibration_diagnostics_final_20260915_v2,error_complementarity.csv,2037,d05fa80148372b33af6837bbfa59660cc1bd1283f6b91403ff5e8759f38eb092,epn612,19,N/A,F3_Ring_raw,F3_Ring_anchor,0.8534798534798539,0.06666666666666667,0.03333333333333333,0.03333333333333333,"{""disagreement_rate"": ""source alias: disagreement"", ""session/domain"": ""not recoverable from inspected source fields/manifest""}"
feature_bank_epn_calibration_diagnostics_final_20260915_v2,error_complementarity.csv,2038,bf7bfc68000abeb95869e99b38aadc65e4e1aec5146d25d8967a38854211adb9,epn612,19,N/A,F0_raw,F3_Ring_raw,0.46005711056984966,0.26666666666666666,0.18333333333333332,0.08333333333333333,"{""disagreement_rate"": ""source alias: disagreement"", ""session/domain"": ""not recoverable from inspected source fields/manifest""}"
feature_bank_epn_calibration_diagnostics_final_20260915_v2,error_complementarity.csv,2039,30111bedd20954c63c987b8a3401011ba97a92c023d5da80970160e751b95626,epn612,19,N/A,F5_Temporal_raw,F3_Ring_anchor,0.6061272237575055,0.19166666666666668,0.13333333333333333,0.058333333333333334,"{""disagreement_rate"": ""source alias: disagreement"", ""session/domain"": ""not recoverable from inspected source fields/manifest""}"
feature_bank_epn_calibration_diagnostics_final_20260915_v2,error_complementarity.csv,2040,c607af98b2b94cc823b7ecfea2b4e53146a17d7f32cde5f68ef57c0ac5899b13,epn612,20,N/A,F1_X1H_raw,F4_Spectral_raw,0.1663849759374126,0.3933333333333333,0.14,0.25333333333333335,"{""disagreement_rate"": ""source alias: disagreement"", ""session/domain"": ""not recoverable from inspected source fields/manifest""}"
feature_bank_epn_calibration_diagnostics_final_20260915_v2,error_complementarity.csv,2041,821136cfdd756ee9395e992228aab4eea467dbd7028f27718bca22ee03966833,epn612,20,N/A,F1_X1H_raw,F2b_CSP_raw,0.0239756704998991,0.4,0.22,0.18,"{""disagreement_rate"": ""source alias: disagreement"", ""session/domain"": ""not recoverable from inspected source fields/manifest""}"
feature_bank_epn_calibration_diagnostics_final_20260915_v2,error_complementarity.csv,2042,29273fe95a0c7eabbe08631e1ed10d437e997a6de0e77868a83447bd3de0a978,epn612,20,N/A,F3_Ring_raw,F3_Ring_anchor,1.0,0.0,0.0,0.0,"{""disagreement_rate"": ""source alias: disagreement"", ""session/domain"": ""not recoverable from inspected source fields/manifest""}"
feature_bank_epn_calibration_diagnostics_final_20260915_v2,error_complementarity.csv,2043,77835249ed48e67500c5e06aa2d5308f1801298d30bde366aa5552337e9932d7,epn612,20,N/A,F0_raw,F3_Ring_raw,0.1751250435179695,0.3933333333333333,0.24666666666666667,0.14666666666666667,"{""disagreement_rate"": ""source alias: disagreement"", ""session/domain"": ""not recoverable from inspected source fields/manifest""}"
feature_bank_epn_calibration_diagnostics_final_20260915_v2,error_complementarity.csv,2044,e6252e153d6158336bdaacda3b84b9e220caf99ba02203959bcceedcf153b01c,epn612,20,N/A,F5_Temporal_raw,F3_Ring_anchor,0.3307809602216865,0.31333333333333335,0.19333333333333333,0.12,"{""disagreement_rate"": ""source alias: disagreement"", ""session/domain"": ""not recoverable from inspected source fields/manifest""}"
feature_bank_epn_calibration_diagnostics_final_20260915_v2,error_complementarity.csv,2045,fe02ee319b87472261720e9fbd857d934457ceed8d9188b00e404193c30c29c2,epn612,20,N/A,F1_X1H_raw,F4_Spectral_raw,0.17328004508879277,0.3888888888888889,0.1388888888888889,0.25,"{""disagreement_rate"": ""source alias: disagreement"", ""session/domain"": ""not recoverable from inspected source fields/manifest""}"
feature_bank_epn_calibration_diagnostics_final_20260915_v2,error_complementarity.csv,2046,829abd98e4d097395a39ca38c2f8ab1d6f4f767334317e907f3c5ddb01a06b27,epn612,20,N/A,F1_X1H_raw,F2b_CSP_raw,0.0028270139709607386,0.4097222222222222,0.2222222222222222,0.1875,"{""disagreement_rate"": ""source alias: disagreement"", ""session/domain"": ""not recoverable from inspected source fields/manifest""}"
feature_bank_epn_calibration_diagnostics_final_20260915_v2,error_complementarity.csv,2047,38c815b9d7a19a24ce09bfc14523bc019fe2d5624b6cd46df7d92278f7798e3a,epn612,20,N/A,F3_Ring_raw,F3_Ring_anchor,0.8624575450871754,0.0625,0.020833333333333332,0.041666666666666664,"{""disagreement_rate"": ""source alias: disagreement"", ""session/domain"": ""not recoverable from inspected source fields/manifest""}"
feature_bank_epn_calibration_diagnostics_final_20260915_v2,error_complementarity.csv,2048,d74318157f1d23ed3c4f8825c540663b231a5f8c4dbd09384a8970a130fd10e1,epn612,20,N/A,F0_raw,F3_Ring_raw,0.1781741612749495,0.3958333333333333,0.25,0.14583333333333334,"{""disagreement_rate"": ""source alias: disagreement"", ""session/domain"": ""not recoverable from inspected source fields/manifest""}"
feature_bank_epn_calibration_diagnostics_final_20260915_v2,error_complementarity.csv,2049,8b2c156f31ee594f5891d86a58ef9c11457b059d2e3c5184baa62b86255b34c8,epn612,20,N/A,F5_Temporal_raw,F3_Ring_anchor,0.23928133609783248,0.3611111111111111,0.20833333333333334,0.1527777777777778,"{""disagreement_rate"": ""source alias: disagreement"", ""session/domain"": ""not recoverable from inspected source fields/manifest""}"
feature_bank_epn_calibration_diagnostics_final_20260915_v2,error_complementarity.csv,2050,8347b4d094083f5f38b6d36f1ce742d51ea42c1b133cd022acf2c34077bdff21,epn612,20,N/A,F1_X1H_raw,F4_Spectral_raw,0.1768608872961798,0.38405797101449274,0.14492753623188406,0.2391304347826087,"{""disagreement_rate"": ""source alias: disagreement"", ""session/domain"": ""not recoverable from inspected source fields/manifest""}"
feature_bank_epn_calibration_diagnostics_final_20260915_v2,error_complementarity.csv,2051,ce3c6fad1ad838c6731417a2a07e6256cced9ab2cf0cda71f069226e5d4d494e,epn612,20,N/A,F1_X1H_raw,F2b_CSP_raw,0.003387619993240097,0.4057971014492754,0.2318840579710145,0.17391304347826086,"{""disagreement_rate"": ""source alias: disagreement"", ""session/domain"": ""not recoverable from inspected source fields/manifest""}"
feature_bank_epn_calibration_diagnostics_final_20260915_v2,error_complementarity.csv,2052,9a8e561c7952b8812543a35e4ce3a72f2d13dc66f86b35afacd944abb32c4bce,epn612,20,N/A,F3_Ring_raw,F3_Ring_anchor,0.7409512157098447,0.11594202898550725,0.043478260869565216,0.07246376811594203,"{""disagreement_rate"": ""source alias: disagreement"", ""session/domain"": ""not recoverable from inspected source fields/manifest""}"
feature_bank_epn_calibration_diagnostics_final_20260915_v2,error_complementarity.csv,2053,ed53e536d01e829799faeb674c82878277ae1a99ee1e66a291af0a4d4ba5b430,epn612,20,N/A,F0_raw,F3_Ring_raw,0.1316430761071638,0.41304347826086957,0.2608695652173913,0.15217391304347827,"{""disagreement_rate"": ""source alias: disagreement"", ""session/domain"": ""not recoverable from inspected source fields/manifest""}"
feature_bank_epn_calibration_diagnostics_final_20260915_v2,error_complementarity.csv,2054,26faed77cf79fd8d3a39b71caadb3360585741367fc0084387d845edde528d8b,epn612,20,N/A,F5_Temporal_raw,F3_Ring_anchor,0.2756253469348317,0.34057971014492755,0.1956521739130435,0.14492753623188406,"{""disagreement_rate"": ""source alias: disagreement"", ""session/domain"": ""not recoverable from inspected source fields/manifest""}"
feature_bank_epn_calibration_diagnostics_final_20260915_v2,error_complementarity.csv,2055,ffc1196a507f45abf6e18c62f09396704a71ed7b6b43675d9cd3db4da3e376de,epn612,20,N/A,F1_X1H_raw,F4_Spectral_raw,0.1430397079704302,0.4083333333333333,0.15833333333333333,0.25,"{""disagreement_rate"": ""source alias: disagreement"", ""session/domain"": ""not recoverable from inspected source fields/manifest""}"
feature_bank_epn_calibration_diagnostics_final_20260915_v2,error_complementarity.csv,2056,2f0c0e9b21128e361e0bd91dc15ecb9ffbe32a2a3c7b58f74d9ba23150f28b6c,epn612,20,N/A,F1_X1H_raw,F2b_CSP_raw,-0.013461986538074061,0.425,0.25,0.175,"{""disagreement_rate"": ""source alias: disagreement"", ""session/domain"": ""not recoverable from inspected source fields/manifest""}"
feature_bank_epn_calibration_diagnostics_final_20260915_v2,error_complementarity.csv,2057,c91e344fde234e893c6725063084a67d5e2407fd5e3a227f2c2e6a544788cf4a,epn612,20,N/A,F3_Ring_raw,F3_Ring_anchor,0.6818417697901195,0.15,0.05,0.1,"{""disagreement_rate"": ""source alias: disagreement"", ""session/domain"": ""not recoverable from inspected source fields/manifest""}"
feature_bank_epn_calibration_diagnostics_final_20260915_v2,error_complementarity.csv,2058,d0fe42a6a9e2ba129649898367bb0f767589b94ee4f3510cc6fcf489da80d399,epn612,20,N/A,F0_raw,F3_Ring_raw,0.06574436633073358,0.4583333333333333,0.2916666666666667,0.16666666666666666,"{""disagreement_rate"": ""source alias: disagreement"", ""session/domain"": ""not recoverable from inspected source fields/manifest""}"
feature_bank_epn_calibration_diagnostics_final_20260915_v2,error_complementarity.csv,2059,09d0c47bc7e54391764444f7033d8c47b262f70ea393111f7658cbc80815afbd,epn612,20,N/A,F5_Temporal_raw,F3_Ring_anchor,0.2426093767643705,0.36666666666666664,0.2,0.16666666666666666,"{""disagreement_rate"": ""source alias: disagreement"", ""session/domain"": ""not recoverable from inspected source fields/manifest""}"
feature_bank_epn_calibration_diagnostics_final_20260915_v2,error_complementarity.csv,2060,d98110ec84f1043e856fa59982fdd1f563eb987357182390ba6fb82b804ac650,epn612,21,N/A,F1_X1H_raw,F4_Spectral_raw,0.379897714737206,0.29333333333333333,0.16666666666666666,0.12666666666666668,"{""disagreement_rate"": ""source alias: disagreement"", ""session/domain"": ""not recoverable from inspected source fields/manifest""}"
feature_bank_epn_calibration_diagnostics_final_20260915_v2,error_complementarity.csv,2061,79fe264dfded0a312dc49a65d97a5fd4401267e828265d2221fb59820dfbb772,epn612,21,N/A,F1_X1H_raw,F2b_CSP_raw,0.6963983590494764,0.14666666666666667,0.06666666666666667,0.08,"{""disagreement_rate"": ""source alias: disagreement"", ""session/domain"": ""not recoverable from inspected source fields/manifest""}"
feature_bank_epn_calibration_diagnostics_final_20260915_v2,error_complementarity.csv,2062,4a3f90490c7e8b0216f5e6ebbf45ba96062f4d487460dd5aea9baf6d2b5b4dea,epn612,21,N/A,F3_Ring_raw,F3_Ring_anchor,1.0,0.0,0.0,0.0,"{""disagreement_rate"": ""source alias: disagreement"", ""session/domain"": ""not recoverable from inspected source fields/manifest""}"
feature_bank_epn_calibration_diagnostics_final_20260915_v2,error_complementarity.csv,2063,8c84062d31b7d9984fd8113d72f3526fe873d3bd6796f945a8c12ed729192e1d,epn612,21,N/A,F0_raw,F3_Ring_raw,0.3087275881188013,0.34,0.24,0.1,"{""disagreement_rate"": ""source alias: disagreement"", ""session/domain"": ""not recoverable from inspected source fields/manifest""}"
feature_bank_epn_calibration_diagnostics_final_20260915_v2,error_complementarity.csv,2064,95f4b2c16311875314a3135b63cb1167709d3d6d4cfd22430d8e8155d7738a75,epn612,21,N/A,F5_Temporal_raw,F3_Ring_anchor,0.30840897282778645,0.3333333333333333,0.22666666666666666,0.10666666666666667,"{""disagreement_rate"": ""source alias: disagreement"", ""session/domain"": ""not recoverable from inspected source fields/manifest""}"
feature_bank_epn_calibration_diagnostics_final_20260915_v2,error_complementarity.csv,2065,13a731f00de36d310fc9d6d2642f2b7d045e225b5495ef87af8f52e924864c36,epn612,21,N/A,F1_X1H_raw,F4_Spectral_raw,0.383394242715613,0.2916666666666667,0.1597222222222222,0.13194444444444445,"{""disagreement_rate"": ""source alias: disagreement"", ""session/domain"": ""not recoverable from inspected source fields/manifest""}"
feature_bank_epn_calibration_diagnostics_final_20260915_v2,error_complementarity.csv,2066,356888cfc3fca53fd12b35b1edaaaac84ff6e5ae40bae9d7115680ee04dcae6a,epn612,21,N/A,F1_X1H_raw,F2b_CSP_raw,0.6827859776189134,0.1527777777777778,0.06944444444444445,0.08333333333333333,"{""disagreement_rate"": ""source alias: disagreement"", ""session/domain"": ""not recoverable from inspected source fields/manifest""}"
feature_bank_epn_calibration_diagnostics_final_20260915_v2,error_complementarity.csv,2067,36b2cc455f51caf28a7f45b35d68577503c462fd17a560f15333ba1d0d01ca64,epn612,21,N/A,F3_Ring_raw,F3_Ring_anchor,0.9677983588363499,0.013888888888888888,0.013888888888888888,0.0,"{""disagreement_rate"": ""source alias: disagreement"", ""session/domain"": ""not recoverable from inspected source fields/manifest""}"
feature_bank_epn_calibration_diagnostics_final_20260915_v2,error_complementarity.csv,2068,a3a7d7b8ebc2965c72b3acc069d94b8974bc7f65c7b38c7c91e1994bfc5483ab,epn612,21,N/A,F0_raw,F3_Ring_raw,0.2916621879885614,0.3472222222222222,0.24305555555555555,0.10416666666666667,"{""disagreement_rate"": ""source alias: disagreement"", ""session/domain"": ""not recoverable from inspected source fields/manifest""}"
feature_bank_epn_calibration_diagnostics_final_20260915_v2,error_complementarity.csv,2069,75bf0b4363c28196f02449d3dc1e488fe96b3bb0ab3f3c1e74b9e908cc822301,epn612,21,N/A,F5_Temporal_raw,F3_Ring_anchor,0.31161791325503496,0.3333333333333333,0.2361111111111111,0.09722222222222222,"{""disagreement_rate"": ""source alias: disagreement"", ""session/domain"": ""not recoverable from inspected source fields/manifest""}"
feature_bank_epn_calibration_diagnostics_final_20260915_v2,error_complementarity.csv,2070,40f2b6dcbc66dac80ac8ecfa1df7010b387fa709764d00a0f3efee45d3f34e33,epn612,21,N/A,F1_X1H_raw,F4_Spectral_raw,0.37492302950975287,0.2971014492753623,0.15942028985507245,0.13768115942028986,"{""disagreement_rate"": ""source alias: disagreement"", ""session/domain"": ""not recoverable from inspected source fields/manifest""}"
feature_bank_epn_calibration_diagnostics_final_20260915_v2,error_complementarity.csv,2071,dbc7f51915dc0c7aa66805fa80af4093e859f4570274926a6b27991b542c2915,epn612,21,N/A,F1_X1H_raw,F2b_CSP_raw,0.6697994581953969,0.15942028985507245,0.07246376811594203,0.08695652173913043,"{""disagreement_rate"": ""source alias: disagreement"", ""session/domain"": ""not recoverable from inspected source fields/manifest""}"
feature_bank_epn_calibration_diagnostics_final_20260915_v2,error_complementarity.csv,2072,37727f42de3b20d22ce67dc3c311dc71ee96e2acc6076ac8b258830fd60ff500,epn612,21,N/A,F3_Ring_raw,F3_Ring_anchor,0.9181561700975335,0.036231884057971016,0.014492753623188406,0.021739130434782608,"{""disagreement_rate"": ""source alias: disagreement"", ""session/domain"": ""not recoverable from inspected source fields/manifest""}"
feature_bank_epn_calibration_diagnostics_final_20260915_v2,error_complementarity.csv,2073,2e439fcfce2ccfb6216e2c1f879cafc86153c39cb1f57f4b5487a2baff6021d1,epn612,21,N/A,F0_raw,F3_Ring_raw,0.29346875801414307,0.34782608695652173,0.2391304347826087,0.10869565217391304,"{""disagreement_rate"": ""source alias: disagreement"", ""session/domain"": ""not recoverable from inspected source fields/manifest""}"
feature_bank_epn_calibration_diagnostics_final_20260915_v2,error_complementarity.csv,2074,5043bebea9dbeaeda109cc2608ad262932e8dcd72e0e2749a4385747ebc44d0f,epn612,21,N/A,F5_Temporal_raw,F3_Ring_anchor,0.3301601858946817,0.32608695652173914,0.21739130434782608,0.10869565217391304,"{""disagreement_rate"": ""source alias: disagreement"", ""session/domain"": ""not recoverable from inspected source fields/manifest""}"
feature_bank_epn_calibration_diagnostics_final_20260915_v2,error_complementarity.csv,2075,6b3719f62cc9f3e100872e27e310278973ed53b027ee33a706f1accf8626b34e,epn612,21,N/A,F1_X1H_raw,F4_Spectral_raw,0.4058425636220501,0.2833333333333333,0.15,0.13333333333333333,"{""disagreement_rate"": ""source alias: disagreement"", ""session/domain"": ""not recoverable from inspected source fields/manifest""}"
feature_bank_epn_calibration_diagnostics_final_20260915_v2,error_complementarity.csv,2076,a053cb818806968ed229aff870332e6782e6bfba26b3cfb57af37dc642ac45fb,epn612,21,N/A,F1_X1H_raw,F2b_CSP_raw,0.6875000000000001,0.15,0.075,0.075,"{""disagreement_rate"": ""source alias: disagreement"", ""session/domain"": ""not recoverable from inspected source fields/manifest""}"
feature_bank_epn_calibration_diagnostics_final_20260915_v2,error_complementarity.csv,2077,dd7ae2e9ca1462700bb0aa50a32fc4e0ba30c725c215740b849d8f91e5a97618,epn612,21,N/A,F3_Ring_raw,F3_Ring_anchor,0.7036122259956765,0.13333333333333333,0.06666666666666667,0.06666666666666667,"{""disagreement_rate"": ""source alias: disagreement"", ""session/domain"": ""not recoverable from inspected source fields/manifest""}"
feature_bank_epn_calibration_diagnostics_final_20260915_v2,error_complementarity.csv,2078,8446414a1a81c986cc18f564c44c4d0a49644328726d187f163ebef4ec6eb041,epn612,21,N/A,F0_raw,F3_Ring_raw,0.3372953049206337,0.325,0.21666666666666667,0.10833333333333334,"{""disagreement_rate"": ""source alias: disagreement"", ""session/domain"": ""not recoverable from inspected source fields/manifest""}"
feature_bank_epn_calibration_diagnostics_final_20260915_v2,error_complementarity.csv,2079,0c966f72830cfd730800d9eb2493cead8ad4ca9cbad454832e4f9bba49d326c9,epn612,21,N/A,F5_Temporal_raw,F3_Ring_anchor,0.3726141850170352,0.30833333333333335,0.20833333333333334,0.1,"{""disagreement_rate"": ""source alias: disagreement"", ""session/domain"": ""not recoverable from inspected source fields/manifest""}"
