run_id,phase,dataset,subject,condition,shots_per_class,feature_bank,mode,reason,evaluation_trials,macro_f1,accuracy,log_loss,brier,ece,per_class_f1_json,method,weights_json,protocol,removed_family
feature_bank_force_product_validation_20260915,validation,libemg_contraction_intensity,7,20P,0,F0+F2b_CSP+F1_X1H,population_zero_shot,,28,0.3299048304491155,0.3794642857142857,1.584825296755767,0.11485549581336471,0.2795051594342991,"{""0"":0.5454545454545454,""1"":0.6382978723404256,""2"":0.35,""3"":0.0,""4"":0.32558139534883723,""5"":0.45,""6"":0.0}",,,,
feature_bank_force_product_validation_20260915,validation,libemg_contraction_intensity,7,20P,1,F0+F2b_CSP+F1_X1H,population_plus_F7_anchor,,21,0.3525562087975726,0.39880952380952384,1.4662637237644611,0.10357004877007919,0.16359860583372166,"{""0"":0.5352112676056338,""1"":0.7692307692307693,""2"":0.4375,""3"":0.0,""4"":0.3132530120481928,""5"":0.4126984126984127,""6"":0.0}",,,,
feature_bank_force_product_validation_20260915,validation,libemg_contraction_intensity,7,20P,2,F0+F2b_CSP+F1_X1H,population_plus_F7_anchor,,14,0.372139150263403,0.45535714285714285,1.3330194506584252,0.091753898812553,0.13604357108008255,"{""0"":0.6153846153846154,""1"":0.967741935483871,""2"":0.11764705882352941,""3"":0.0,""4"":0.3389830508474576,""5"":0.5652173913043478,""6"":0.0}",,,,
feature_bank_force_product_validation_20260915,validation,libemg_contraction_intensity,7,20P,5,F0+F2b_CSP+F1_X1H,unsupported,only 4 trials/class; calibration must leave evaluation trials,0,,,,,,,,,,
feature_bank_force_product_validation_20260915,validation,libemg_contraction_intensity,7,30P,0,F0+F2b_CSP+F1_X1H,population_zero_shot,,28,0.5084687011235872,0.5714285714285714,1.175323896564572,0.08489456850929643,0.19975147267246943,"{""0"":0.8857142857142857,""1"":0.9508196721311475,""2"":0.6666666666666666,""3"":0.0,""4"":0.4132231404958678,""5"":0.6428571428571429,""6"":0.0}",,,,
feature_bank_force_product_validation_20260915,validation,libemg_contraction_intensity,7,30P,1,F0+F2b_CSP+F1_X1H,population_plus_F7_anchor,,21,0.45681039518525524,0.5178571428571429,1.0369390515703412,0.07658982274477015,0.20286734128652584,"{""0"":0.8070175438596491,""1"":0.9787234042553191,""2"":0.5,""3"":0.0,""4"":0.3181818181818182,""5"":0.59375,""6"":0.0}",,,,
feature_bank_force_product_validation_20260915,validation,libemg_contraction_intensity,7,30P,2,F0+F2b_CSP+F1_X1H,population_plus_F7_anchor,,14,0.5421978518752713,0.6071428571428571,1.0881767425523765,0.07473209487906182,0.17228826982551076,"{""0"":0.967741935483871,""1"":1.0,""2"":0.7407407407407407,""3"":0.0,""4"":0.49230769230769234,""5"":0.5945945945945946,""6"":0.0}",,,,
feature_bank_force_product_validation_20260915,validation,libemg_contraction_intensity,7,30P,5,F0+F2b_CSP+F1_X1H,unsupported,only 4 trials/class; calibration must leave evaluation trials,0,,,,,,,,,,
feature_bank_force_product_validation_20260915,validation,libemg_contraction_intensity,7,40P,0,F0+F2b_CSP+F1_X1H,population_zero_shot,,28,0.5704997945526944,0.6473214285714286,1.3837016406335354,0.07264422940930307,0.19938365594934235,"{""0"":0.9508196721311475,""1"":1.0,""2"":0.7450980392156863,""3"":0.06060606060606061,""4"":0.6274509803921569,""5"":0.6095238095238096,""6"":0.0}",,,,
feature_bank_force_product_validation_20260915,validation,libemg_contraction_intensity,7,40P,1,F0+F2b_CSP+F1_X1H,population_plus_F7_anchor,,21,0.59443114679594,0.6726190476190477,0.9185206899996311,0.061616182204332196,0.19792012059615988,"{""0"":1.0,""1"":1.0,""2"":0.8,""3"":0.08,""4"":0.6956521739130435,""5"":0.5853658536585366,""6"":0.0}",,,,
feature_bank_force_product_validation_20260915,validation,libemg_contraction_intensity,7,40P,2,F0+F2b_CSP+F1_X1H,population_plus_F7_anchor,,14,0.5792592592592593,0.6428571428571429,0.8923042522618009,0.06390466230970626,0.20016192988343312,"{""0"":0.9333333333333333,""1"":1.0,""2"":0.6666666666666666,""3"":0.2222222222222222,""4"":0.64,""5"":0.5925925925925926,""6"":0.0}",,,,
feature_bank_force_product_validation_20260915,validation,libemg_contraction_intensity,7,40P,5,F0+F2b_CSP+F1_X1H,unsupported,only 4 trials/class; calibration must leave evaluation trials,0,,,,,,,,,,
feature_bank_force_product_validation_20260915,validation,libemg_contraction_intensity,7,50P,0,F0+F2b_CSP+F1_X1H,population_zero_shot,,28,0.6427524462323719,0.6964285714285714,1.3130439920371317,0.06259879553715444,0.1454230784565324,"{""0"":0.9152542372881356,""1"":1.0,""2"":0.7575757575757576,""3"":0.47619047619047616,""4"":0.6060606060606061,""5"":0.7441860465116279,""6"":0.0}",,,,
feature_bank_force_product_validation_20260915,validation,libemg_contraction_intensity,7,50P,1,F0+F2b_CSP+F1_X1H,population_plus_F7_anchor,,21,0.6922084703597309,0.7440476190476191,0.7346140888414522,0.05025908953181577,0.1284429308566064,"{""0"":1.0,""1"":1.0,""2"":0.7058823529411765,""3"":0.7027027027027027,""4"":0.6984126984126984,""5"":0.7384615384615385,""6"":0.0}",,,,
feature_bank_force_product_validation_20260915,validation,libemg_contraction_intensity,7,50P,2,F0+F2b_CSP+F1_X1H,population_plus_F7_anchor,,14,0.6933810446028491,0.7410714285714286,0.8734145932526758,0.059844682810779114,0.19100789261518974,"{""0"":1.0,""1"":0.9696969696969697,""2"":0.5625,""3"":0.8571428571428571,""4"":0.6222222222222222,""5"":0.8421052631578947,""6"":0.0}",,,,
feature_bank_force_product_validation_20260915,validation,libemg_contraction_intensity,7,50P,5,F0+F2b_CSP+F1_X1H,unsupported,only 4 trials/class; calibration must leave evaluation trials,0,,,,,,,,,,
feature_bank_force_product_validation_20260915,validation,libemg_contraction_intensity,7,60P,0,F0+F2b_CSP+F1_X1H,population_zero_shot,,28,0.6920358448812725,0.7544642857142857,1.2215982182991183,0.050056722434871324,0.09467741614664328,"{""0"":0.9508196721311475,""1"":1.0,""2"":0.8767123287671232,""3"":0.5454545454545454,""4"":0.735632183908046,""5"":0.735632183908046,""6"":0.0}",,,,
feature_bank_force_product_validation_20260915,validation,libemg_contraction_intensity,7,60P,1,F0+F2b_CSP+F1_X1H,population_plus_F7_anchor,,21,0.7689811743613137,0.8214285714285714,0.6997839726692237,0.04271917686214929,0.19592430336009684,"{""0"":0.9787234042553191,""1"":1.0,""2"":0.9795918367346939,""3"":0.8837209302325582,""4"":0.8135593220338984,""5"":0.7272727272727273,""6"":0.0}",,,,
feature_bank_force_product_validation_20260915,validation,libemg_contraction_intensity,7,60P,2,F0+F2b_CSP+F1_X1H,population_plus_F7_anchor,,14,0.7831468071099409,0.8303571428571429,0.7713312746439455,0.0476549191586358,0.28189222613824855,"{""0"":0.967741935483871,""1"":1.0,""2"":1.0,""3"":0.9333333333333333,""4"":0.9142857142857143,""5"":0.6666666666666666,""6"":0.0}",,,,
feature_bank_force_product_validation_20260915,validation,libemg_contraction_intensity,7,60P,5,F0+F2b_CSP+F1_X1H,unsupported,only 4 trials/class; calibration must leave evaluation trials,0,,,,,,,,,,
feature_bank_force_product_validation_20260915,validation,libemg_contraction_intensity,7,70P,0,F0+F2b_CSP+F1_X1H,population_zero_shot,,28,0.7613722632616179,0.8169642857142857,1.259483090081171,0.04219078323673053,0.07982965829930133,"{""0"":0.9841269841269841,""1"":1.0,""2"":0.8421052631578947,""3"":0.8771929824561403,""4"":0.8732394366197183,""5"":0.7529411764705882,""6"":0.0}",,,,
feature_bank_force_product_validation_20260915,validation,libemg_contraction_intensity,7,70P,1,F0+F2b_CSP+F1_X1H,population_plus_F7_anchor,,21,0.7668999807899848,0.8214285714285714,0.6067770769487402,0.038763084743430716,0.15946508482927252,"{""0"":0.9787234042553191,""1"":1.0,""2"":0.9056603773584906,""3"":0.9090909090909091,""4"":0.8363636363636363,""5"":0.7384615384615385,""6"":0.0}",,,,
feature_bank_force_product_validation_20260915,validation,libemg_contraction_intensity,7,70P,2,F0+F2b_CSP+F1_X1H,population_plus_F7_anchor,,14,0.7571521415978771,0.8125,0.696156971186735,0.04523028687810233,0.2213804219054375,"{""0"":0.967741935483871,""1"":1.0,""2"":0.8888888888888888,""3"":0.8571428571428571,""4"":0.8421052631578947,""5"":0.7441860465116279,""6"":0.0}",,,,
feature_bank_force_product_validation_20260915,validation,libemg_contraction_intensity,7,70P,5,F0+F2b_CSP+F1_X1H,unsupported,only 4 trials/class; calibration must leave evaluation trials,0,,,,,,,,,,
feature_bank_force_product_validation_20260915,validation,libemg_contraction_intensity,7,80P,0,F0+F2b_CSP+F1_X1H,population_zero_shot,,28,0.707141997226871,0.7678571428571429,1.3821541680133311,0.05041331677633593,0.08065461349434788,"{""0"":0.96875,""1"":1.0,""2"":0.7529411764705882,""3"":0.6382978723404256,""4"":0.8051948051948052,""5"":0.7848101265822784,""6"":0.0}",,,,
feature_bank_force_product_validation_20260915,validation,libemg_contraction_intensity,7,80P,1,F0+F2b_CSP+F1_X1H,population_plus_F7_anchor,,21,0.7110122244386476,0.7738095238095238,0.7539217709460748,0.04745193787198766,0.16028084721480124,"{""0"":0.9795918367346939,""1"":1.0,""2"":0.8,""3"":0.6285714285714286,""4"":0.8070175438596491,""5"":0.7619047619047619,""6"":0.0}",,,,
feature_bank_force_product_validation_20260915,validation,libemg_contraction_intensity,7,80P,2,F0+F2b_CSP+F1_X1H,population_plus_F7_anchor,,14,0.7336075073304177,0.7857142857142857,0.8035021716946099,0.050839105907194856,0.2539508295095173,"{""0"":0.9375,""1"":1.0,""2"":0.7111111111111111,""3"":0.8148148148148148,""4"":0.7894736842105263,""5"":0.8823529411764706,""6"":0.0}",,,,
feature_bank_force_product_validation_20260915,validation,libemg_contraction_intensity,7,80P,5,F0+F2b_CSP+F1_X1H,unsupported,only 4 trials/class; calibration must leave evaluation trials,0,,,,,,,,,,
feature_bank_force_product_validation_20260915,validation,libemg_contraction_intensity,7,MVC,0,F0+F2b_CSP+F1_X1H,population_zero_shot,,14,0.5381425273411337,0.6071428571428571,1.6517827671570007,0.08497239512834613,0.21128093466906653,"{""0"":0.9333333333333333,""1"":0.47619047619047616,""2"":0.7804878048780488,""3"":0.8648648648648649,""4"":0.5454545454545454,""5"":0.0,""6"":0.16666666666666666}",,,,
feature_bank_force_product_validation_20260915,validation,libemg_contraction_intensity,7,MVC,1,F0+F2b_CSP+F1_X1H,population_plus_F7_anchor,,7,0.560434274719989,0.6428571428571429,1.0863887928596052,0.07246183323925429,0.13494360236975597,"{""0"":0.8571428571428571,""1"":0.8571428571428571,""2"":0.7272727272727273,""3"":0.8888888888888888,""4"":0.5925925925925926,""5"":0.0,""6"":0.0}",,,,
feature_bank_force_product_validation_20260915,validation,libemg_contraction_intensity,7,MVC,2,F0+F2b_CSP+F1_X1H,unsupported,only 2 trials/class; calibration must leave evaluation trials,0,,,,,,,,,,
feature_bank_force_product_validation_20260915,validation,libemg_contraction_intensity,7,MVC,5,F0+F2b_CSP+F1_X1H,unsupported,only 2 trials/class; calibration must leave evaluation trials,0,,,,,,,,,,
feature_bank_force_product_validation_20260915,validation,libemg_contraction_intensity,7,Light,0,F0+F2b_CSP+F1_X1H,population_zero_shot,,28,0.2571846349987436,0.34375,2.2064559446687264,0.14238860911024648,0.3790878366229968,"{""0"":0.3695652173913043,""1"":0.0,""2"":0.9333333333333333,""3"":0.11764705882352941,""4"":0.379746835443038,""5"":0.0,""6"":0.0}",,,,
feature_bank_force_product_validation_20260915,validation,libemg_contraction_intensity,7,Light,1,F0+F2b_CSP+F1_X1H,population_plus_F7_anchor,,21,0.2573764664502837,0.3392857142857143,1.9047893834683705,0.12101402647907974,0.20341646424820722,"{""0"":0.29508196721311475,""1"":0.0,""2"":0.9787234042553191,""3"":0.15384615384615385,""4"":0.37398373983739835,""5"":0.0,""6"":0.0}",,,,
feature_bank_force_product_validation_20260915,validation,libemg_contraction_intensity,7,Light,2,F0+F2b_CSP+F1_X1H,population_plus_F7_anchor,,14,0.21932556806506387,0.2857142857142857,1.5940884405945752,0.10996179861203889,0.2459303397290326,"{""0"":0.10810810810810811,""1"":0.0,""2"":1.0,""3"":0.11764705882352941,""4"":0.30952380952380953,""5"":0.0,""6"":0.0}",,,,
feature_bank_force_product_validation_20260915,validation,libemg_contraction_intensity,7,Light,5,F0+F2b_CSP+F1_X1H,unsupported,only 4 trials/class; calibration must leave evaluation trials,0,,,,,,,,,,
feature_bank_force_product_validation_20260915,validation,libemg_contraction_intensity,7,Medium,0,F0+F2b_CSP+F1_X1H,population_zero_shot,,28,0.5475065143848411,0.5491071428571429,1.6881264141107304,0.09752166336537019,0.26904466681863864,"{""0"":0.896551724137931,""1"":0.6666666666666666,""2"":0.7307692307692307,""3"":0.5777777777777777,""4"":0.42953020134228187,""5"":0.53125,""6"":0.0}",,,,
feature_bank_force_product_validation_20260915,validation,libemg_contraction_intensity,7,Medium,1,F0+F2b_CSP+F1_X1H,population_plus_F7_anchor,,21,0.5978796397401049,0.6130952380952381,1.2051297792430022,0.07504362715007587,0.11836647591727517,"{""0"":0.8837209302325582,""1"":0.7692307692307693,""2"":0.8837209302325582,""3"":0.5454545454545454,""4"":0.48484848484848486,""5"":0.6181818181818182,""6"":0.0}",,,,
feature_bank_force_product_validation_20260915,validation,libemg_contraction_intensity,7,Medium,2,F0+F2b_CSP+F1_X1H,population_plus_F7_anchor,,14,0.6037437602654994,0.6160714285714286,1.0363675204945264,0.07397959386909224,0.1723307852175932,"{""0"":0.8148148148148148,""1"":0.9696969696969697,""2"":0.6086956521739131,""3"":0.7692307692307693,""4"":0.463768115942029,""5"":0.6,""6"":0.0}",,,,
feature_bank_force_product_validation_20260915,validation,libemg_contraction_intensity,7,Medium,5,F0+F2b_CSP+F1_X1H,unsupported,only 4 trials/class; calibration must leave evaluation trials,0,,,,,,,,,,
feature_bank_force_product_validation_20260915,validation,libemg_contraction_intensity,7,Hard,0,F0+F2b_CSP+F1_X1H,population_zero_shot,,28,0.6414288722890983,0.6785714285714286,1.506192855887621,0.06929874139348083,0.16996112258257934,"{""0"":0.7924528301886793,""1"":0.967741935483871,""2"":0.8732394366197183,""3"":0.7586206896551724,""4"":0.5818181818181818,""5"":0.5161290322580645,""6"":0.0}",,,,
feature_bank_force_product_validation_20260915,validation,libemg_contraction_intensity,7,Hard,1,F0+F2b_CSP+F1_X1H,population_plus_F7_anchor,,21,0.6137376887057668,0.6547619047619048,0.949590913450142,0.06619006276352904,0.11636370017569655,"{""0"":0.7027027027027027,""1"":0.9787234042553191,""2"":0.8518518518518519,""3"":0.8260869565217391,""4"":0.5647058823529412,""5"":0.37209302325581395,""6"":0.0}",,,,
feature_bank_force_product_validation_20260915,validation,libemg_contraction_intensity,7,Hard,2,F0+F2b_CSP+F1_X1H,population_plus_F7_anchor,,14,0.6509774589486297,0.6964285714285714,0.8919668579339722,0.06195820637661512,0.23500755223934425,"{""0"":0.896551724137931,""1"":0.896551724137931,""2"":0.8333333333333334,""3"":0.7647058823529411,""4"":0.6808510638297872,""5"":0.48484848484848486,""6"":0.0}",,,,
feature_bank_force_product_validation_20260915,validation,libemg_contraction_intensity,7,Hard,5,F0+F2b_CSP+F1_X1H,unsupported,only 4 trials/class; calibration must leave evaluation trials,0,,,,,,,,,,
feature_bank_force_product_validation_20260915,validation,libemg_contraction_intensity,8,20P,0,F0+F2b_CSP+F1_X1H,population_zero_shot,,28,0.27480415322360613,0.32589285714285715,2.1624575242288318,0.12358458350597694,0.33009061088073893,"{""0"":0.4666666666666667,""1"":0.37037037037037035,""2"":0.05714285714285714,""3"":0.0425531914893617,""4"":0.10810810810810811,""5"":0.0,""6"":0.8787878787878788}",,,,
feature_bank_force_product_validation_20260915,validation,libemg_contraction_intensity,8,20P,1,F0+F2b_CSP+F1_X1H,population_plus_F7_anchor,,21,0.38878206014614214,0.43452380952380953,1.1945492719899857,0.08681221080101895,0.23393690057677874,"{""0"":0.5517241379310345,""1"":0.5957446808510638,""2"":0.4,""3"":0.05714285714285714,""4"":0.1568627450980392,""5"":0.0,""6"":0.96}",,,,
feature_bank_force_product_validation_20260915,validation,libemg_contraction_intensity,8,20P,2,F0+F2b_CSP+F1_X1H,population_plus_F7_anchor,,14,0.30134443040621534,0.3482142857142857,1.3913903143500337,0.09844057586484614,0.20053916476274,"{""0"":0.45614035087719296,""1"":0.26666666666666666,""2"":0.5217391304347826,""3"":0.0,""4"":0.0,""5"":0.0,""6"":0.8648648648648649}",,,,
feature_bank_force_product_validation_20260915,validation,libemg_contraction_intensity,8,20P,5,F0+F2b_CSP+F1_X1H,unsupported,only 4 trials/class; calibration must leave evaluation trials,0,,,,,,,,,,
feature_bank_force_product_validation_20260915,validation,libemg_contraction_intensity,8,30P,0,F0+F2b_CSP+F1_X1H,population_zero_shot,,28,0.7094518462553895,0.71875,0.9539531803699504,0.062002506027946214,0.05917317190136306,"{""0"":0.875,""1"":0.676056338028169,""2"":0.5531914893617021,""3"":0.9696969696969697,""4"":0.49230769230769234,""5"":0.6206896551724138,""6"":0.7792207792207793}",,,,
feature_bank_force_product_validation_20260915,validation,libemg_contraction_intensity,8,30P,1,F0+F2b_CSP+F1_X1H,population_plus_F7_anchor,,21,0.7308342027967366,0.7380952380952381,0.9321424510847206,0.06407085780747668,0.18304476713621637,"{""0"":0.92,""1"":0.6808510638297872,""2"":0.6486486486486487,""3"":0.96,""4"":0.5490196078431373,""5"":0.6153846153846154,""6"":0.7419354838709677}",,,,
feature_bank_force_product_validation_20260915,validation,libemg_contraction_intensity,8,30P,2,F0+F2b_CSP+F1_X1H,population_plus_F7_anchor,,14,0.9550237397011591,0.9553571428571429,0.6581438642858694,0.04423293492925059,0.40666697862692014,"{""0"":0.9696969696969697,""1"":0.9696969696969697,""2"":0.9696969696969697,""3"":1.0,""4"":0.875,""5"":0.9333333333333333,""6"":0.967741935483871}",,,,
feature_bank_force_product_validation_20260915,validation,libemg_contraction_intensity,8,30P,5,F0+F2b_CSP+F1_X1H,unsupported,only 4 trials/class; calibration must leave evaluation trials,0,,,,,,,,,,
feature_bank_force_product_validation_20260915,validation,libemg_contraction_intensity,8,40P,0,F0+F2b_CSP+F1_X1H,population_zero_shot,,28,0.7409753294202556,0.7589285714285714,0.6098452791832252,0.0474660812368068,0.07603220650591115,"{""0"":0.7761194029850746,""1"":0.9411764705882353,""2"":0.7191011235955056,""3"":0.9846153846153847,""4"":0.631578947368421,""5"":0.8363636363636363,""6"":0.2978723404255319}",,,,
feature_bank_force_product_validation_20260915,validation,libemg_contraction_intensity,8,40P,1,F0+F2b_CSP+F1_X1H,population_plus_F7_anchor,,21,0.7129649799433062,0.7559523809523809,0.7125328596857614,0.049261809083076855,0.15510448795613196,"{""0"":0.7058823529411765,""1"":0.9795918367346939,""2"":0.676056338028169,""3"":0.9795918367346939,""4"":0.5909090909090909,""5"":0.9787234042553191,""6"":0.08}",,,,
feature_bank_force_product_validation_20260915,validation,libemg_contraction_intensity,8,40P,2,F0+F2b_CSP+F1_X1H,population_plus_F7_anchor,,14,0.7287026291281611,0.75,0.9031330260165868,0.05875222285931533,0.2134535384371211,"{""0"":0.8888888888888888,""1"":1.0,""2"":0.6808510638297872,""3"":0.9696969696969697,""4"":0.8148148148148148,""5"":0.6666666666666666,""6"":0.08}",,,,
feature_bank_force_product_validation_20260915,validation,libemg_contraction_intensity,8,40P,5,F0+F2b_CSP+F1_X1H,unsupported,only 4 trials/class; calibration must leave evaluation trials,0,,,,,,,,,,
feature_bank_force_product_validation_20260915,validation,libemg_contraction_intensity,8,50P,0,F0+F2b_CSP+F1_X1H,population_zero_shot,,28,0.7603370771573538,0.8080357142857143,0.8221657836958685,0.04916275273963618,0.12761034338105942,"{""0"":0.8571428571428571,""1"":0.9696969696969697,""2"":0.6666666666666666,""3"":1.0,""4"":0.8611111111111112,""5"":0.967741935483871,""6"":0.0}",,,,
feature_bank_force_product_validation_20260915,validation,libemg_contraction_intensity,8,50P,1,F0+F2b_CSP+F1_X1H,population_plus_F7_anchor,,21,0.7616858886782528,0.8095238095238095,0.7253647361869155,0.04873600083761831,0.167586184378794,"{""0"":0.8292682926829268,""1"":1.0,""2"":0.6666666666666666,""3"":1.0,""4"":0.8571428571428571,""5"":0.9787234042553191,""6"":0.0}",,,,
feature_bank_force_product_validation_20260915,validation,libemg_contraction_intensity,8,50P,2,F0+F2b_CSP+F1_X1H,population_plus_F7_anchor,,14,0.8005865102639297,0.8482142857142857,0.7490879831332117,0.048031316160936574,0.27841057485255355,"{""0"":1.0,""1"":1.0,""2"":0.6666666666666666,""3"":1.0,""4"":0.9696969696969697,""5"":0.967741935483871,""6"":0.0}",,,,
feature_bank_force_product_validation_20260915,validation,libemg_contraction_intensity,8,50P,5,F0+F2b_CSP+F1_X1H,unsupported,only 4 trials/class; calibration must leave evaluation trials,0,,,,,,,,,,
feature_bank_force_product_validation_20260915,validation,libemg_contraction_intensity,8,60P,0,F0+F2b_CSP+F1_X1H,population_zero_shot,,28,0.7310926179128944,0.7633928571428571,0.998969390908102,0.05817716170061482,0.14392910266948877,"{""0"":0.8148148148148148,""1"":0.8571428571428571,""2"":0.6666666666666666,""3"":0.9846153846153847,""4"":0.8266666666666667,""5"":0.967741935483871,""6"":0.0}",,,,
feature_bank_force_product_validation_20260915,validation,libemg_contraction_intensity,8,60P,1,F0+F2b_CSP+F1_X1H,population_plus_F7_anchor,,21,0.7027547663920152,0.7321428571428571,0.8255120146857033,0.05875542090500177,0.11028149310494537,"{""0"":0.7368421052631579,""1"":0.8,""2"":0.6666666666666666,""3"":0.9795918367346939,""4"":0.7796610169491526,""5"":0.9565217391304348,""6"":0.0}",,,,
feature_bank_force_product_validation_20260915,validation,libemg_contraction_intensity,8,60P,2,F0+F2b_CSP+F1_X1H,population_plus_F7_anchor,,14,0.6723376623376623,0.6964285714285714,0.8698721674544104,0.06006942186384528,0.23462409726591407,"{""0"":0.72,""1"":0.6666666666666666,""2"":0.6666666666666666,""3"":0.9696969696969697,""4"":0.75,""5"":0.9333333333333333,""6"":0.0}",,,,
feature_bank_force_product_validation_20260915,validation,libemg_contraction_intensity,8,60P,5,F0+F2b_CSP+F1_X1H,unsupported,only 4 trials/class; calibration must leave evaluation trials,0,,,,,,,,,,
feature_bank_force_product_validation_20260915,validation,libemg_contraction_intensity,8,70P,0,F0+F2b_CSP+F1_X1H,population_zero_shot,,28,0.7470230289125354,0.7901785714285714,0.7931957166248377,0.04782745398750473,0.13480754407105677,"{""0"":0.9841269841269841,""1"":0.9846153846153847,""2"":0.6304347826086957,""3"":1.0,""4"":0.8421052631578947,""5"":0.7272727272727273,""6"":0.06060606060606061}",,,,
feature_bank_force_product_validation_20260915,validation,libemg_contraction_intensity,8,70P,1,F0+F2b_CSP+F1_X1H,population_plus_F7_anchor,,21,0.7699360962971923,0.8035714285714286,0.671429647596638,0.04402994285474483,0.21748686378375878,"{""0"":0.9565217391304348,""1"":0.9795918367346939,""2"":0.6268656716417911,""3"":1.0,""4"":0.8727272727272727,""5"":0.8,""6"":0.15384615384615385}",,,,
feature_bank_force_product_validation_20260915,validation,libemg_contraction_intensity,8,70P,2,F0+F2b_CSP+F1_X1H,population_plus_F7_anchor,,14,0.7450630863194531,0.7946428571428571,0.7720088586871802,0.05096332336724091,0.24259788497108284,"{""0"":0.967741935483871,""1"":0.9696969696969697,""2"":0.6666666666666666,""3"":1.0,""4"":0.8421052631578947,""5"":0.7692307692307693,""6"":0.0}",,,,
feature_bank_force_product_validation_20260915,validation,libemg_contraction_intensity,8,70P,5,F0+F2b_CSP+F1_X1H,unsupported,only 4 trials/class; calibration must leave evaluation trials,0,,,,,,,,,,
feature_bank_force_product_validation_20260915,validation,libemg_contraction_intensity,8,80P,0,F0+F2b_CSP+F1_X1H,population_zero_shot,,28,0.7693008368729931,0.8169642857142857,0.7957170997466443,0.049185390716935715,0.14812185223929158,"{""0"":0.967741935483871,""1"":0.9846153846153847,""2"":0.6666666666666666,""3"":1.0,""4"":0.8888888888888888,""5"":0.8771929824561403,""6"":0.0}",,,,
feature_bank_force_product_validation_20260915,validation,libemg_contraction_intensity,8,80P,1,F0+F2b_CSP+F1_X1H,population_plus_F7_anchor,,21,0.7563659945197033,0.8035714285714286,0.6810782811028095,0.045774835957917016,0.1840674343354106,"{""0"":0.9565217391304348,""1"":1.0,""2"":0.6666666666666666,""3"":1.0,""4"":0.8421052631578947,""5"":0.8292682926829268,""6"":0.0}",,,,
feature_bank_force_product_validation_20260915,validation,libemg_contraction_intensity,8,80P,2,F0+F2b_CSP+F1_X1H,population_plus_F7_anchor,,14,0.7637637637637636,0.8125,0.7832979394546842,0.05153711580856553,0.24777492514261723,"{""0"":1.0,""1"":1.0,""2"":0.6666666666666666,""3"":1.0,""4"":0.8648648648648649,""5"":0.8148148148148148,""6"":0.0}",,,,
feature_bank_force_product_validation_20260915,validation,libemg_contraction_intensity,8,80P,5,F0+F2b_CSP+F1_X1H,unsupported,only 4 trials/class; calibration must leave evaluation trials,0,,,,,,,,,,
feature_bank_force_product_validation_20260915,validation,libemg_contraction_intensity,8,MVC,0,F0+F2b_CSP+F1_X1H,population_zero_shot,,14,0.42179567602908563,0.5178571428571429,2.885230546627631,0.11025374583463929,0.33051131621745244,"{""0"":0.3157894736842105,""1"":0.43243243243243246,""2"":0.6086956521739131,""3"":0.8,""4"":0.6956521739130435,""5"":0.1,""6"":0.0}",,,,
feature_bank_force_product_validation_20260915,validation,libemg_contraction_intensity,8,MVC,1,F0+F2b_CSP+F1_X1H,population_plus_F7_anchor,,7,0.419047619047619,0.5535714285714286,1.2163044769036386,0.09498005927217378,0.43786162328707257,"{""0"":0.9333333333333333,""1"":0.0,""2"":0.6666666666666666,""3"":0.6666666666666666,""4"":0.6666666666666666,""5"":0.0,""6"":0.0}",,,,
feature_bank_force_product_validation_20260915,validation,libemg_contraction_intensity,8,MVC,2,F0+F2b_CSP+F1_X1H,unsupported,only 2 trials/class; calibration must leave evaluation trials,0,,,,,,,,,,
feature_bank_force_product_validation_20260915,validation,libemg_contraction_intensity,8,MVC,5,F0+F2b_CSP+F1_X1H,unsupported,only 2 trials/class; calibration must leave evaluation trials,0,,,,,,,,,,
feature_bank_force_product_validation_20260915,validation,libemg_contraction_intensity,8,Light,0,F0+F2b_CSP+F1_X1H,population_zero_shot,,28,0.7297255106189207,0.7455357142857143,0.6931594409791426,0.05200794661104383,0.06113431887728194,"{""0"":0.6666666666666666,""1"":0.9696969696969697,""2"":0.5454545454545454,""3"":0.9411764705882353,""4"":0.6736842105263158,""5"":0.32727272727272727,""6"":0.9841269841269841}",,,,
feature_bank_force_product_validation_20260915,validation,libemg_contraction_intensity,8,Light,1,F0+F2b_CSP+F1_X1H,population_plus_F7_anchor,,21,0.7715612168143654,0.7797619047619048,0.7281759168692007,0.048152043458525175,0.18890499689754914,"{""0"":0.5365853658536586,""1"":1.0,""2"":0.8,""3"":0.9230769230769231,""4"":0.676056338028169,""5"":0.4864864864864865,""6"":0.9787234042553191}",,,,
feature_bank_force_product_validation_20260915,validation,libemg_contraction_intensity,8,Light,2,F0+F2b_CSP+F1_X1H,population_plus_F7_anchor,,14,0.7965567765567766,0.7946428571428571,0.8218263662406414,0.054449685016807144,0.2514341860162701,"{""0"":0.6666666666666666,""1"":1.0,""2"":0.7692307692307693,""3"":1.0,""4"":0.64,""5"":0.5,""6"":1.0}",,,,
feature_bank_force_product_validation_20260915,validation,libemg_contraction_intensity,8,Light,5,F0+F2b_CSP+F1_X1H,unsupported,only 4 trials/class; calibration must leave evaluation trials,0,,,,,,,,,,
feature_bank_force_product_validation_20260915,validation,libemg_contraction_intensity,8,Medium,0,F0+F2b_CSP+F1_X1H,population_zero_shot,,28,0.7069193321829415,0.7544642857142857,0.8196360367299185,0.051691336129588254,0.10058984552793596,"{""0"":0.6666666666666666,""1"":0.9014084507042254,""2"":0.6382978723404256,""3"":0.9552238805970149,""4"":0.7887323943661971,""5"":0.9375,""6"":0.06060606060606061}",,,,
feature_bank_force_product_validation_20260915,validation,libemg_contraction_intensity,8,Medium,1,F0+F2b_CSP+F1_X1H,population_plus_F7_anchor,,21,0.6999987326517939,0.75,0.8291985117526024,0.05510643307862403,0.09657818336883456,"{""0"":0.7027027027027027,""1"":0.9230769230769231,""2"":0.6285714285714286,""3"":0.9795918367346939,""4"":0.7272727272727273,""5"":0.9387755102040817,""6"":0.0}",,,,
feature_bank_force_product_validation_20260915,validation,libemg_contraction_intensity,8,Medium,2,F0+F2b_CSP+F1_X1H,population_plus_F7_anchor,,14,0.7099467454966176,0.7589285714285714,0.8097187490447485,0.056196045689677177,0.19522162157856482,"{""0"":0.5454545454545454,""1"":0.9411764705882353,""2"":0.6956521739130435,""3"":1.0,""4"":0.7,""5"":0.9696969696969697,""6"":0.11764705882352941}",,,,
feature_bank_force_product_validation_20260915,validation,libemg_contraction_intensity,8,Medium,5,F0+F2b_CSP+F1_X1H,unsupported,only 4 trials/class; calibration must leave evaluation trials,0,,,,,,,,,,
feature_bank_force_product_validation_20260915,validation,libemg_contraction_intensity,8,Hard,0,F0+F2b_CSP+F1_X1H,population_zero_shot,,28,0.5684216913083361,0.625,2.222243332629987,0.08125056569978835,0.21951752132661825,"{""0"":0.43902439024390244,""1"":0.8571428571428571,""2"":0.55,""3"":0.927536231884058,""4"":0.6597938144329897,""5"":0.5454545454545454,""6"":0.0}",,,,
feature_bank_force_product_validation_20260915,validation,libemg_contraction_intensity,8,Hard,1,F0+F2b_CSP+F1_X1H,population_plus_F7_anchor,,21,0.5857663863973345,0.6369047619047619,0.9278367252554999,0.06603410315116384,0.17549348401954276,"{""0"":0.5,""1"":0.8837209302325582,""2"":0.5517241379310345,""3"":0.9056603773584906,""4"":0.6666666666666666,""5"":0.5925925925925926,""6"":0.0}",,,,
feature_bank_force_product_validation_20260915,validation,libemg_contraction_intensity,8,Hard,2,F0+F2b_CSP+F1_X1H,population_plus_F7_anchor,,14,0.5171744835610382,0.5625,1.0782522783215798,0.0750226955325792,0.2082221036104596,"{""0"":0.47619047619047616,""1"":0.8148148148148148,""2"":0.47058823529411764,""3"":0.8648648648648649,""4"":0.6153846153846154,""5"":0.3783783783783784,""6"":0.0}",,,,
feature_bank_force_product_validation_20260915,validation,libemg_contraction_intensity,8,Hard,5,F0+F2b_CSP+F1_X1H,unsupported,only 4 trials/class; calibration must leave evaluation trials,0,,,,,,,,,,
feature_bank_force_product_validation_20260915,validation,libemg_contraction_intensity,ALL,ALL,0,F0+F2b_CSP+F1_X1H,population_zero_shot,,588,0.6446013761027599,0.6607142857142857,1.3267026170971683,0.07175389402016612,0.14855388234033426,"{""0"":0.7644444444444445,""1"":0.8483896307934015,""2"":0.6847090663058186,""3"":0.7385964912280701,""4"":0.5955056179775281,""5"":0.6327116212338594,""6"":0.24785276073619633}",,,,
feature_bank_force_product_validation_20260915,validation,libemg_contraction_intensity,ALL,ALL,1,F0+F2b_CSP+F1_X1H,population_plus_F7_anchor,,434,0.6600277004865884,0.6774193548387096,0.9325023527596301,0.06318216199484966,0.08998295966731322,"{""0"":0.7673956262425448,""1"":0.8838709677419355,""2"":0.7135036496350365,""3"":0.7604651162790698,""4"":0.6044191019244476,""5"":0.6451612903225806,""6"":0.2453781512605042}",,,,
feature_bank_force_product_validation_20260915,validation,libemg_contraction_intensity,ALL,ALL,2,F0+F2b_CSP+F1_X1H,population_plus_F7_anchor,,280,0.6729805316771452,0.6897321428571429,0.9408529911131296,0.06387772933534216,0.15438604613585136,"{""0"":0.7848101265822784,""1"":0.900163666121113,""2"":0.7092198581560284,""3"":0.7891891891891892,""4"":0.618421052631579,""5"":0.6577777777777778,""6"":0.2512820512820513}",,,,
feature_bank_force_product_validation_20260915,validation,libemg_contraction_intensity,ALL,ALL,5,F0+F2b_CSP+F1_X1H,unsupported,only 4 trials/class and at least one must remain for evaluation,0,,,,,,,,,,
feature_bank_force_product_final_20260915,final,libemg_contraction_intensity,9,20P,0,F0+F2b_CSP+F1_X1H,population_zero_shot,,28,0.8437619865262361,0.8571428571428571,0.32428774592630333,0.02520320707282486,0.06710760280269545,"{""0"":1.0,""1"":1.0,""2"":0.7924528301886793,""3"":0.7710843373493976,""4"":0.5116279069767442,""5"":0.8311688311688312,""6"":1.0}",,,,
feature_bank_force_product_final_20260915,final,libemg_contraction_intensity,9,20P,1,F0+F2b_CSP+F1_X1H,population_plus_F7_anchor,,21,0.7947220387898355,0.8273809523809523,0.5732075339916617,0.03534746245992879,0.24994222200604316,"{""0"":1.0,""1"":1.0,""2"":0.8,""3"":0.7272727272727273,""4"":0.2222222222222222,""5"":0.8135593220338984,""6"":1.0}",,,,
feature_bank_force_product_final_20260915,final,libemg_contraction_intensity,9,20P,2,F0+F2b_CSP+F1_X1H,population_plus_F7_anchor,,14,0.7485194258566817,0.7767857142857143,0.6641043749050571,0.04561912180319094,0.2128052132793739,"{""0"":1.0,""1"":0.8387096774193549,""2"":0.7692307692307693,""3"":0.6956521739130435,""4"":0.2222222222222222,""5"":0.7804878048780488,""6"":0.9333333333333333}",,,,
feature_bank_force_product_final_20260915,final,libemg_contraction_intensity,9,20P,5,F0+F2b_CSP+F1_X1H,unsupported,only 4 trials/class; calibration must leave evaluation trials,0,,,,,,,,,,
feature_bank_force_product_final_20260915,final,libemg_contraction_intensity,9,30P,0,F0+F2b_CSP+F1_X1H,population_zero_shot,,28,0.8079927829626499,0.8214285714285714,0.8887731567972145,0.03660792768175406,0.07500252551748247,"{""0"":1.0,""1"":0.9846153846153847,""2"":0.8275862068965517,""3"":0.9375,""4"":0.4,""5"":0.8253968253968254,""6"":0.6808510638297872}",,,,
feature_bank_force_product_final_20260915,final,libemg_contraction_intensity,9,30P,1,F0+F2b_CSP+F1_X1H,population_plus_F7_anchor,,21,0.8208028824177891,0.8273809523809523,0.6305255935533799,0.03774698902124176,0.18207954884051092,"{""0"":1.0,""1"":1.0,""2"":0.7619047619047619,""3"":0.96,""4"":0.5454545454545454,""5"":0.782608695652174,""6"":0.6956521739130435}",,,,
feature_bank_force_product_final_20260915,final,libemg_contraction_intensity,9,30P,2,F0+F2b_CSP+F1_X1H,population_plus_F7_anchor,,14,0.7385985013103659,0.75,0.9179177391327372,0.0571022993265622,0.2519045857589651,"{""0"":1.0,""1"":0.9696969696969697,""2"":0.6666666666666666,""3"":1.0,""4"":0.2222222222222222,""5"":0.7692307692307693,""6"":0.5423728813559322}",,,,
feature_bank_force_product_final_20260915,final,libemg_contraction_intensity,9,30P,5,F0+F2b_CSP+F1_X1H,unsupported,only 4 trials/class; calibration must leave evaluation trials,0,,,,,,,,,,
feature_bank_force_product_final_20260915,final,libemg_contraction_intensity,9,40P,0,F0+F2b_CSP+F1_X1H,population_zero_shot,,28,0.7101277389576817,0.7633928571428571,1.274059870894402,0.05366159384953691,0.14593093526206274,"{""0"":1.0,""1"":1.0,""2"":0.7857142857142857,""3"":0.7804878048780488,""4"":0.0,""5"":0.6774193548387096,""6"":0.7272727272727273}",,,,
feature_bank_force_product_final_20260915,final,libemg_contraction_intensity,9,40P,1,F0+F2b_CSP+F1_X1H,population_plus_F7_anchor,,21,0.7279918309818643,0.7797619047619048,0.7739743808023828,0.04747801308355669,0.19564352208852598,"{""0"":1.0,""1"":1.0,""2"":0.9090909090909091,""3"":0.7272727272727273,""4"":0.0,""5"":0.6976744186046512,""6"":0.7619047619047619}",,,,
feature_bank_force_product_final_20260915,final,libemg_contraction_intensity,9,40P,2,F0+F2b_CSP+F1_X1H,population_plus_F7_anchor,,14,0.6976955123134525,0.75,0.8665822761213985,0.053890866386864404,0.3021318648114674,"{""0"":1.0,""1"":1.0,""2"":0.8571428571428571,""3"":0.7441860465116279,""4"":0.0,""5"":0.5714285714285714,""6"":0.7111111111111111}",,,,
feature_bank_force_product_final_20260915,final,libemg_contraction_intensity,9,40P,5,F0+F2b_CSP+F1_X1H,unsupported,only 4 trials/class; calibration must leave evaluation trials,0,,,,,,,,,,
feature_bank_force_product_final_20260915,final,libemg_contraction_intensity,9,50P,0,F0+F2b_CSP+F1_X1H,population_zero_shot,,28,0.7491188057225794,0.7901785714285714,1.5614195286461534,0.056291467457990955,0.1925670581829901,"{""0"":1.0,""1"":1.0,""2"":0.9230769230769231,""3"":1.0,""4"":0.0,""5"":0.7169811320754716,""6"":0.6037735849056604}",,,,
feature_bank_force_product_final_20260915,final,libemg_contraction_intensity,9,50P,1,F0+F2b_CSP+F1_X1H,population_plus_F7_anchor,,21,0.7254170902752286,0.7678571428571429,0.7735558677955936,0.05156360821318943,0.2905193057998227,"{""0"":1.0,""1"":1.0,""2"":0.8979591836734694,""3"":1.0,""4"":0.0,""5"":0.5945945945945946,""6"":0.5853658536585366}",,,,
feature_bank_force_product_final_20260915,final,libemg_contraction_intensity,9,50P,2,F0+F2b_CSP+F1_X1H,population_plus_F7_anchor,,14,0.7482993197278912,0.7857142857142857,0.8301397098928053,0.052983099291153926,0.3437549627320236,"{""0"":1.0,""1"":1.0,""2"":1.0,""3"":1.0,""4"":0.0,""5"":0.6666666666666666,""6"":0.5714285714285714}",,,,
feature_bank_force_product_final_20260915,final,libemg_contraction_intensity,9,50P,5,F0+F2b_CSP+F1_X1H,unsupported,only 4 trials/class; calibration must leave evaluation trials,0,,,,,,,,,,
feature_bank_force_product_final_20260915,final,libemg_contraction_intensity,9,60P,0,F0+F2b_CSP+F1_X1H,population_zero_shot,,28,0.7684009867683337,0.8125,1.7345097200462172,0.0487460311816073,0.15668034425601474,"{""0"":1.0,""1"":1.0,""2"":0.9,""3"":0.9846153846153847,""4"":0.0,""5"":0.8615384615384616,""6"":0.6326530612244898}",,,,
feature_bank_force_product_final_20260915,final,libemg_contraction_intensity,9,60P,1,F0+F2b_CSP+F1_X1H,population_plus_F7_anchor,,21,0.7779622043081803,0.8214285714285714,0.6703121857828801,0.04300654575522141,0.24541527485724224,"{""0"":1.0,""1"":1.0,""2"":0.9361702127659575,""3"":1.0,""4"":0.0,""5"":0.8695652173913043,""6"":0.64}",,,,
feature_bank_force_product_final_20260915,final,libemg_contraction_intensity,9,60P,2,F0+F2b_CSP+F1_X1H,population_plus_F7_anchor,,14,0.7454597454597455,0.7946428571428571,0.8070112924389944,0.05360392685542202,0.26818084548538323,"{""0"":1.0,""1"":1.0,""2"":0.7407407407407407,""3"":1.0,""4"":0.0,""5"":0.8108108108108109,""6"":0.6666666666666666}",,,,
feature_bank_force_product_final_20260915,final,libemg_contraction_intensity,9,60P,5,F0+F2b_CSP+F1_X1H,unsupported,only 4 trials/class; calibration must leave evaluation trials,0,,,,,,,,,,
feature_bank_force_product_final_20260915,final,libemg_contraction_intensity,9,70P,0,F0+F2b_CSP+F1_X1H,population_zero_shot,,28,0.7279546122656182,0.7723214285714286,1.7828372220933357,0.05757773520989332,0.1697910275650623,"{""0"":1.0,""1"":0.9841269841269841,""2"":0.8235294117647058,""3"":1.0,""4"":0.0,""5"":0.6666666666666666,""6"":0.6213592233009708}",,,,
feature_bank_force_product_final_20260915,final,libemg_contraction_intensity,9,70P,1,F0+F2b_CSP+F1_X1H,population_plus_F7_anchor,,21,0.7266169058520257,0.7678571428571429,0.7650856745552013,0.050811643686260295,0.24382840700837446,"{""0"":1.0,""1"":0.9787234042553191,""2"":0.8333333333333334,""3"":1.0,""4"":0.0,""5"":0.6666666666666666,""6"":0.6075949367088608}",,,,
feature_bank_force_product_final_20260915,final,libemg_contraction_intensity,9,70P,2,F0+F2b_CSP+F1_X1H,population_plus_F7_anchor,,14,0.6801569398343592,0.7232142857142857,0.8730387021430938,0.05845253197304517,0.34234179222559663,"{""0"":1.0,""1"":0.967741935483871,""2"":0.75,""3"":1.0,""4"":0.0,""5"":0.46153846153846156,""6"":0.5818181818181818}",,,,
feature_bank_force_product_final_20260915,final,libemg_contraction_intensity,9,70P,5,F0+F2b_CSP+F1_X1H,unsupported,only 4 trials/class; calibration must leave evaluation trials,0,,,,,,,,,,
feature_bank_force_product_final_20260915,final,libemg_contraction_intensity,9,80P,0,F0+F2b_CSP+F1_X1H,population_zero_shot,,28,0.7706373901506517,0.8080357142857143,1.5052597932124876,0.04891186857662707,0.15555378680614668,"{""0"":1.0,""1"":1.0,""2"":0.9014084507042254,""3"":0.9152542372881356,""4"":0.06060606060606061,""5"":0.8771929824561403,""6"":0.64}",,,,
feature_bank_force_product_final_20260915,final,libemg_contraction_intensity,9,80P,1,F0+F2b_CSP+F1_X1H,population_plus_F7_anchor,,21,0.7567564918587398,0.7916666666666666,0.6869456000665226,0.045351774459614844,0.229134567106416,"{""0"":1.0,""1"":1.0,""2"":0.8727272727272727,""3"":0.8837209302325582,""4"":0.08,""5"":0.8292682926829268,""6"":0.631578947368421}",,,,
feature_bank_force_product_final_20260915,final,libemg_contraction_intensity,9,80P,2,F0+F2b_CSP+F1_X1H,population_plus_F7_anchor,,14,0.774084057102925,0.8125,0.7575302261121315,0.04891219769123118,0.3067508262287563,"{""0"":1.0,""1"":1.0,""2"":1.0,""3"":0.8148148148148148,""4"":0.0,""5"":1.0,""6"":0.6037735849056604}",,,,
feature_bank_force_product_final_20260915,final,libemg_contraction_intensity,9,80P,5,F0+F2b_CSP+F1_X1H,unsupported,only 4 trials/class; calibration must leave evaluation trials,0,,,,,,,,,,
feature_bank_force_product_final_20260915,final,libemg_contraction_intensity,9,MVC,0,F0+F2b_CSP+F1_X1H,population_zero_shot,,14,0.551902519249458,0.6428571428571429,2.1322469520582943,0.09143770927593765,0.30946363973654284,"{""0"":1.0,""1"":0.0,""2"":1.0,""3"":0.6530612244897959,""4"":0.0,""5"":0.8,""6"":0.41025641025641024}",,,,
feature_bank_force_product_final_20260915,final,libemg_contraction_intensity,9,MVC,1,F0+F2b_CSP+F1_X1H,population_plus_F7_anchor,,7,0.5857596371882086,0.6785714285714286,0.9918929913285137,0.06947205144626689,0.3077716230746423,"{""0"":1.0,""1"":0.0,""2"":1.0,""3"":0.64,""4"":0.0,""5"":0.8888888888888888,""6"":0.5714285714285714}",,,,
feature_bank_force_product_final_20260915,final,libemg_contraction_intensity,9,MVC,2,F0+F2b_CSP+F1_X1H,unsupported,only 2 trials/class; calibration must leave evaluation trials,0,,,,,,,,,,
feature_bank_force_product_final_20260915,final,libemg_contraction_intensity,9,MVC,5,F0+F2b_CSP+F1_X1H,unsupported,only 2 trials/class; calibration must leave evaluation trials,0,,,,,,,,,,
feature_bank_force_product_final_20260915,final,libemg_contraction_intensity,9,Light,0,F0+F2b_CSP+F1_X1H,population_zero_shot,,28,0.7806952856642011,0.7946428571428571,0.7418132304738384,0.04751928854117036,0.1091446886910771,"{""0"":0.9014084507042254,""1"":1.0,""2"":0.9841269841269841,""3"":0.6597938144329897,""4"":0.3181818181818182,""5"":0.8813559322033898,""6"":0.72}",,,,
feature_bank_force_product_final_20260915,final,libemg_contraction_intensity,9,Light,1,F0+F2b_CSP+F1_X1H,population_plus_F7_anchor,,21,0.7420033489957131,0.7738095238095238,0.7700440480371802,0.051003813773720826,0.14274825466206498,"{""0"":0.8888888888888888,""1"":0.9787234042553191,""2"":1.0,""3"":0.64,""4"":0.0,""5"":0.8571428571428571,""6"":0.8292682926829268}",,,,
feature_bank_force_product_final_20260915,final,libemg_contraction_intensity,9,Light,2,F0+F2b_CSP+F1_X1H,population_plus_F7_anchor,,14,0.8502288188002474,0.8571428571428571,0.7651328936723376,0.049391806440576884,0.31287607713937204,"{""0"":0.9696969696969697,""1"":1.0,""2"":1.0,""3"":0.7619047619047619,""4"":0.5,""5"":1.0,""6"":0.72}",,,,
feature_bank_force_product_final_20260915,final,libemg_contraction_intensity,9,Light,5,F0+F2b_CSP+F1_X1H,unsupported,only 4 trials/class; calibration must leave evaluation trials,0,,,,,,,,,,
feature_bank_force_product_final_20260915,final,libemg_contraction_intensity,9,Medium,0,F0+F2b_CSP+F1_X1H,population_zero_shot,,28,0.7617201594700364,0.8035714285714286,0.6637376199810756,0.04257773568381681,0.11170561796381287,"{""0"":1.0,""1"":1.0,""2"":0.9552238805970149,""3"":0.6736842105263158,""4"":0.06060606060606061,""5"":0.9152542372881356,""6"":0.7272727272727273}",,,,
feature_bank_force_product_final_20260915,final,libemg_contraction_intensity,9,Medium,1,F0+F2b_CSP+F1_X1H,population_plus_F7_anchor,,21,0.7799416909620992,0.8214285714285714,0.6494754226725896,0.04090130581202682,0.20107567104416407,"{""0"":1.0,""1"":1.0,""2"":1.0,""3"":0.6857142857142857,""4"":0.08,""5"":1.0,""6"":0.6938775510204082}",,,,
feature_bank_force_product_final_20260915,final,libemg_contraction_intensity,9,Medium,2,F0+F2b_CSP+F1_X1H,population_plus_F7_anchor,,14,0.8125155068445864,0.8571428571428571,0.682198699938639,0.041997311905890254,0.280299124196233,"{""0"":1.0,""1"":1.0,""2"":1.0,""3"":0.7804878048780488,""4"":0.11764705882352941,""5"":1.0,""6"":0.7894736842105263}",,,,
feature_bank_force_product_final_20260915,final,libemg_contraction_intensity,9,Medium,5,F0+F2b_CSP+F1_X1H,unsupported,only 4 trials/class; calibration must leave evaluation trials,0,,,,,,,,,,
feature_bank_force_product_final_20260915,final,libemg_contraction_intensity,9,Hard,0,F0+F2b_CSP+F1_X1H,population_zero_shot,,28,0.8057816492936551,0.8482142857142857,1.0170857857028408,0.04379203554332898,0.15025629197403767,"{""0"":1.0,""1"":0.967741935483871,""2"":0.9846153846153847,""3"":0.9696969696969697,""4"":0.06060606060606061,""5"":0.9841269841269841,""6"":0.6736842105263158}",,,,
feature_bank_force_product_final_20260915,final,libemg_contraction_intensity,9,Hard,1,F0+F2b_CSP+F1_X1H,population_plus_F7_anchor,,21,0.7975983436853002,0.8452380952380952,0.6402014733764775,0.04097383446481539,0.2503077364450669,"{""0"":1.0,""1"":0.9565217391304348,""2"":1.0,""3"":0.96,""4"":0.0,""5"":1.0,""6"":0.6666666666666666}",,,,
feature_bank_force_product_final_20260915,final,libemg_contraction_intensity,9,Hard,2,F0+F2b_CSP+F1_X1H,population_plus_F7_anchor,,14,0.8104297037964122,0.8482142857142857,0.7185697573815164,0.04509769652891154,0.2847565969427565,"{""0"":1.0,""1"":0.9333333333333333,""2"":1.0,""3"":0.9411764705882353,""4"":0.11764705882352941,""5"":1.0,""6"":0.6808510638297872}",,,,
feature_bank_force_product_final_20260915,final,libemg_contraction_intensity,9,Hard,5,F0+F2b_CSP+F1_X1H,unsupported,only 4 trials/class; calibration must leave evaluation trials,0,,,,,,,,,,
feature_bank_force_product_final_20260915,final,libemg_contraction_intensity,10,20P,0,F0+F2b_CSP+F1_X1H,population_zero_shot,,28,0.3346276333187307,0.3794642857142857,2.3565193799520827,0.13898767403911208,0.3142845603295451,"{""0"":0.7341772151898734,""1"":0.4,""2"":0.4782608695652174,""3"":0.27450980392156865,""4"":0.0,""5"":0.45544554455445546,""6"":0.0}",,,,
feature_bank_force_product_final_20260915,final,libemg_contraction_intensity,10,20P,1,F0+F2b_CSP+F1_X1H,population_plus_F7_anchor,,21,0.2874889225263989,0.375,1.6685631910433554,0.11668507165608713,0.2034698525537766,"{""0"":0.711864406779661,""1"":0.0,""2"":0.45161290322580644,""3"":0.26666666666666666,""4"":0.0,""5"":0.5822784810126582,""6"":0.0}",,,,
feature_bank_force_product_final_20260915,final,libemg_contraction_intensity,10,20P,2,F0+F2b_CSP+F1_X1H,population_plus_F7_anchor,,14,0.3649441772207758,0.45535714285714285,1.5269550389364326,0.10316749183959173,0.09578581311362626,"{""0"":0.7441860465116279,""1"":0.967741935483871,""2"":0.0,""3"":0.47058823529411764,""4"":0.0,""5"":0.37209302325581395,""6"":0.0}",,,,
feature_bank_force_product_final_20260915,final,libemg_contraction_intensity,10,20P,5,F0+F2b_CSP+F1_X1H,unsupported,only 4 trials/class; calibration must leave evaluation trials,0,,,,,,,,,,
feature_bank_force_product_final_20260915,final,libemg_contraction_intensity,10,30P,0,F0+F2b_CSP+F1_X1H,population_zero_shot,,28,0.2927476849393442,0.33035714285714285,2.706618432303641,0.14391776361771033,0.4128370768195416,"{""0"":0.43478260869565216,""1"":0.2702702702702703,""2"":0.6938775510204082,""3"":0.24489795918367346,""4"":0.0,""5"":0.40540540540540543,""6"":0.0}",,,,
feature_bank_force_product_final_20260915,final,libemg_contraction_intensity,10,30P,1,F0+F2b_CSP+F1_X1H,population_plus_F7_anchor,,21,0.2795584912986692,0.3392857142857143,1.6526544205408793,0.11408077195810898,0.23875915819880505,"{""0"":0.1875,""1"":0.26666666666666666,""2"":0.8,""3"":0.28169014084507044,""4"":0.0,""5"":0.42105263157894735,""6"":0.0}",,,,
feature_bank_force_product_final_20260915,final,libemg_contraction_intensity,10,30P,2,F0+F2b_CSP+F1_X1H,population_plus_F7_anchor,,14,0.3813155607070415,0.44642857142857145,1.4944907675174919,0.10025688598131022,0.07023848920685985,"{""0"":0.0,""1"":0.7586206896551724,""2"":1.0,""3"":0.44,""4"":0.0,""5"":0.47058823529411764,""6"":0.0}",,,,
feature_bank_force_product_final_20260915,final,libemg_contraction_intensity,10,30P,5,F0+F2b_CSP+F1_X1H,unsupported,only 4 trials/class; calibration must leave evaluation trials,0,,,,,,,,,,
feature_bank_force_product_final_20260915,final,libemg_contraction_intensity,10,40P,0,F0+F2b_CSP+F1_X1H,population_zero_shot,,28,0.3677365377812423,0.41964285714285715,3.3326414205869264,0.13588959189468533,0.39039094073224256,"{""0"":0.7924528301886793,""1"":0.0,""2"":0.9523809523809523,""3"":0.31666666666666665,""4"":0.0975609756097561,""5"":0.41509433962264153,""6"":0.0}",,,,
feature_bank_force_product_final_20260915,final,libemg_contraction_intensity,10,40P,1,F0+F2b_CSP+F1_X1H,population_plus_F7_anchor,,21,0.3577431648447922,0.4107142857142857,1.5859483779007102,0.10997556889061927,0.21444909579939642,"{""0"":0.7692307692307693,""1"":0.0,""2"":0.9787234042553191,""3"":0.26506024096385544,""4"":0.06896551724137931,""5"":0.4222222222222222,""6"":0.0}",,,,
feature_bank_force_product_final_20260915,final,libemg_contraction_intensity,10,40P,2,F0+F2b_CSP+F1_X1H,population_plus_F7_anchor,,14,0.5054342482913912,0.5446428571428571,1.4932196235281243,0.0903364891957102,0.09158785480382114,"{""0"":0.9333333333333333,""1"":0.47619047619047616,""2"":1.0,""3"":0.2909090909090909,""4"":0.2222222222222222,""5"":0.6153846153846154,""6"":0.0}",,,,
feature_bank_force_product_final_20260915,final,libemg_contraction_intensity,10,40P,5,F0+F2b_CSP+F1_X1H,unsupported,only 4 trials/class; calibration must leave evaluation trials,0,,,,,,,,,,
feature_bank_force_product_final_20260915,final,libemg_contraction_intensity,10,50P,0,F0+F2b_CSP+F1_X1H,population_zero_shot,,28,0.41273450475904466,0.47767857142857145,3.7587557044817443,0.13152276497461238,0.36779646013722495,"{""0"":0.7692307692307693,""1"":0.06060606060606061,""2"":1.0,""3"":0.39263803680981596,""4"":0.0,""5"":0.6666666666666666,""6"":0.0}",,,,
feature_bank_force_product_final_20260915,final,libemg_contraction_intensity,10,50P,1,F0+F2b_CSP+F1_X1H,population_plus_F7_anchor,,21,0.43943759492539985,0.48214285714285715,1.4360388491896894,0.10528046367638658,0.27115292538839175,"{""0"":0.8292682926829268,""1"":0.15384615384615385,""2"":1.0,""3"":0.375,""4"":0.0,""5"":0.717948717948718,""6"":0.0}",,,,
feature_bank_force_product_final_20260915,final,libemg_contraction_intensity,10,50P,2,F0+F2b_CSP+F1_X1H,population_plus_F7_anchor,,14,0.47819523560915705,0.5446428571428571,1.2483892173089919,0.08968203552054056,0.2509082465836621,"{""0"":0.896551724137931,""1"":0.2222222222222222,""2"":1.0,""3"":0.4050632911392405,""4"":0.0,""5"":0.8235294117647058,""6"":0.0}",,,,
feature_bank_force_product_final_20260915,final,libemg_contraction_intensity,10,50P,5,F0+F2b_CSP+F1_X1H,unsupported,only 4 trials/class; calibration must leave evaluation trials,0,,,,,,,,,,
feature_bank_force_product_final_20260915,final,libemg_contraction_intensity,10,60P,0,F0+F2b_CSP+F1_X1H,population_zero_shot,,28,0.436973484097415,0.5223214285714286,3.923184384387497,0.12186363790769174,0.34125130830826306,"{""0"":0.6666666666666666,""1"":0.2702702702702703,""2"":0.9552238805970149,""3"":0.44755244755244755,""4"":0.0,""5"":0.7191011235955056,""6"":0.0}",,,,
feature_bank_force_product_final_20260915,final,libemg_contraction_intensity,10,60P,1,F0+F2b_CSP+F1_X1H,population_plus_F7_anchor,,21,0.43689735015667414,0.5416666666666666,1.409304239119282,0.09767947256651527,0.1836864002759569,"{""0"":0.8837209302325582,""1"":0.0,""2"":0.96,""3"":0.44036697247706424,""4"":0.0,""5"":0.7741935483870968,""6"":0.0}",,,,
feature_bank_force_product_final_20260915,final,libemg_contraction_intensity,10,60P,2,F0+F2b_CSP+F1_X1H,population_plus_F7_anchor,,14,0.46418143782253984,0.5535714285714286,1.206763875531695,0.08660033672726651,0.3226926088647091,"{""0"":0.9333333333333333,""1"":0.0,""2"":0.9696969696969697,""3"":0.4050632911392405,""4"":0.0,""5"":0.9411764705882353,""6"":0.0}",,,,
feature_bank_force_product_final_20260915,final,libemg_contraction_intensity,10,60P,5,F0+F2b_CSP+F1_X1H,unsupported,only 4 trials/class; calibration must leave evaluation trials,0,,,,,,,,,,
feature_bank_force_product_final_20260915,final,libemg_contraction_intensity,10,70P,0,F0+F2b_CSP+F1_X1H,population_zero_shot,,28,0.4205630158125454,0.4955357142857143,4.380761476048605,0.12651305811092511,0.3782205586121974,"{""0"":0.6086956521739131,""1"":0.2702702702702703,""2"":0.9253731343283582,""3"":0.40789473684210525,""4"":0.0,""5"":0.7317073170731707,""6"":0.0}",,,,
feature_bank_force_product_final_20260915,final,libemg_contraction_intensity,10,70P,1,F0+F2b_CSP+F1_X1H,population_plus_F7_anchor,,21,0.42220219567248485,0.49404761904761907,1.3912386411316309,0.0987584647024092,0.24019875956171227,"{""0"":0.5882352941176471,""1"":0.3448275862068966,""2"":0.9019607843137255,""3"":0.4107142857142857,""4"":0.0,""5"":0.7096774193548387,""6"":0.0}",,,,
feature_bank_force_product_final_20260915,final,libemg_contraction_intensity,10,70P,2,F0+F2b_CSP+F1_X1H,population_plus_F7_anchor,,14,0.4473525720511472,0.5089285714285714,1.2870063147089756,0.09169328716300333,0.2519675858975709,"{""0"":0.6086956521739131,""1"":0.47619047619047616,""2"":0.9411764705882353,""3"":0.40540540540540543,""4"":0.0,""5"":0.7,""6"":0.0}",,,,
feature_bank_force_product_final_20260915,final,libemg_contraction_intensity,10,70P,5,F0+F2b_CSP+F1_X1H,unsupported,only 4 trials/class; calibration must leave evaluation trials,0,,,,,,,,,,
feature_bank_force_product_final_20260915,final,libemg_contraction_intensity,10,80P,0,F0+F2b_CSP+F1_X1H,population_zero_shot,,28,0.39928784368069026,0.49107142857142855,4.504552708578016,0.12343304748100246,0.3709924790932858,"{""0"":0.7924528301886793,""1"":0.2222222222222222,""2"":0.6829268292682927,""3"":0.423728813559322,""4"":0.0,""5"":0.6736842105263158,""6"":0.0}",,,,
feature_bank_force_product_final_20260915,final,libemg_contraction_intensity,10,80P,1,F0+F2b_CSP+F1_X1H,population_plus_F7_anchor,,21,0.43319897894131515,0.5238095238095238,1.2729506562536306,0.08972540292993664,0.27386796223571147,"{""0"":0.9090909090909091,""1"":0.2857142857142857,""2"":0.7419354838709677,""3"":0.4,""4"":0.0,""5"":0.6956521739130435,""6"":0.0}",,,,
feature_bank_force_product_final_20260915,final,libemg_contraction_intensity,10,80P,2,F0+F2b_CSP+F1_X1H,population_plus_F7_anchor,,14,0.40006075225587423,0.4732142857142857,1.2293110274173882,0.08621088752910773,0.3409299909695863,"{""0"":0.72,""1"":0.4,""2"":0.7317073170731707,""3"":0.3333333333333333,""4"":0.0,""5"":0.6153846153846154,""6"":0.0}",,,,
feature_bank_force_product_final_20260915,final,libemg_contraction_intensity,10,80P,5,F0+F2b_CSP+F1_X1H,unsupported,only 4 trials/class; calibration must leave evaluation trials,0,,,,,,,,,,
feature_bank_force_product_final_20260915,final,libemg_contraction_intensity,10,MVC,0,F0+F2b_CSP+F1_X1H,population_zero_shot,,14,0.3955801582920227,0.5178571428571429,6.1980352680693995,0.1246828760953487,0.3868279172449922,"{""0"":0.7692307692307693,""1"":0.0,""2"":0.8648648648648649,""3"":0.5423728813559322,""4"":0.0,""5"":0.5925925925925926,""6"":0.0}",,,,
feature_bank_force_product_final_20260915,final,libemg_contraction_intensity,10,MVC,1,F0+F2b_CSP+F1_X1H,population_plus_F7_anchor,,7,0.3304885590599876,0.4642857142857143,1.4575746998608154,0.09956564940369035,0.33230435130844516,"{""0"":0.4,""1"":0.0,""2"":0.7619047619047619,""3"":0.48484848484848486,""4"":0.0,""5"":0.6666666666666666,""6"":0.0}",,,,
feature_bank_force_product_final_20260915,final,libemg_contraction_intensity,10,MVC,2,F0+F2b_CSP+F1_X1H,unsupported,only 2 trials/class; calibration must leave evaluation trials,0,,,,,,,,,,
feature_bank_force_product_final_20260915,final,libemg_contraction_intensity,10,MVC,5,F0+F2b_CSP+F1_X1H,unsupported,only 2 trials/class; calibration must leave evaluation trials,0,,,,,,,,,,
feature_bank_force_product_final_20260915,final,libemg_contraction_intensity,10,Light,0,F0+F2b_CSP+F1_X1H,population_zero_shot,,28,0.23319982198486872,0.3080357142857143,4.287982067679747,0.16932376063274227,0.49427075521522057,"{""0"":0.0,""1"":0.0,""2"":0.9841269841269841,""3"":0.3492063492063492,""4"":0.0,""5"":0.29906542056074764,""6"":0.0}",,,,
feature_bank_force_product_final_20260915,final,libemg_contraction_intensity,10,Light,1,F0+F2b_CSP+F1_X1H,population_plus_F7_anchor,,21,0.2239126366982039,0.30357142857142855,1.9989003302991013,0.13041524008145414,0.29322503687736856,"{""0"":0.0,""1"":0.0,""2"":0.9361702127659575,""3"":0.27956989247311825,""4"":0.0,""5"":0.3516483516483517,""6"":0.0}",,,,
feature_bank_force_product_final_20260915,final,libemg_contraction_intensity,10,Light,2,F0+F2b_CSP+F1_X1H,population_plus_F7_anchor,,14,0.1935871518418688,0.24107142857142858,2.0876332557134196,0.13023158789641304,0.19217046204850657,"{""0"":0.0,""1"":0.0,""2"":0.9375,""3"":0.1509433962264151,""4"":0.0,""5"":0.26666666666666666,""6"":0.0}",,,,
feature_bank_force_product_final_20260915,final,libemg_contraction_intensity,10,Light,5,F0+F2b_CSP+F1_X1H,unsupported,only 4 trials/class; calibration must leave evaluation trials,0,,,,,,,,,,
feature_bank_force_product_final_20260915,final,libemg_contraction_intensity,10,Medium,0,F0+F2b_CSP+F1_X1H,population_zero_shot,,28,0.22799284811796763,0.35714285714285715,4.847967721693664,0.15277556112979998,0.46641506248177167,"{""0"":0.0,""1"":0.0,""2"":0.7804878048780488,""3"":0.4246575342465753,""4"":0.0,""5"":0.39080459770114945,""6"":0.0}",,,,
feature_bank_force_product_final_20260915,final,libemg_contraction_intensity,10,Medium,1,F0+F2b_CSP+F1_X1H,population_plus_F7_anchor,,21,0.244861870477634,0.375,1.925561558978614,0.12012477455227048,0.32166361079830075,"{""0"":0.0,""1"":0.0,""2"":0.8275862068965517,""3"":0.41025641025641024,""4"":0.0,""5"":0.47619047619047616,""6"":0.0}",,,,
feature_bank_force_product_final_20260915,final,libemg_contraction_intensity,10,Medium,2,F0+F2b_CSP+F1_X1H,population_plus_F7_anchor,,14,0.2986734146154436,0.42857142857142855,1.7018458162256194,0.10721184658728967,0.1294010241625365,"{""0"":0.0,""1"":0.0,""2"":1.0,""3"":0.3950617283950617,""4"":0.0,""5"":0.6956521739130435,""6"":0.0}",,,,
feature_bank_force_product_final_20260915,final,libemg_contraction_intensity,10,Medium,5,F0+F2b_CSP+F1_X1H,unsupported,only 4 trials/class; calibration must leave evaluation trials,0,,,,,,,,,,
feature_bank_force_product_final_20260915,final,libemg_contraction_intensity,10,Hard,0,F0+F2b_CSP+F1_X1H,population_zero_shot,,28,0.25784535835893135,0.4107142857142857,5.511361373036217,0.14902071388487553,0.4612120960282102,"{""0"":0.0,""1"":0.0,""2"":0.735632183908046,""3"":0.45390070921985815,""4"":0.0,""5"":0.6153846153846154,""6"":0.0}",,,,
feature_bank_force_product_final_20260915,final,libemg_contraction_intensity,10,Hard,1,F0+F2b_CSP+F1_X1H,population_plus_F7_anchor,,21,0.27107283280284594,0.4226190476190476,1.791874280602225,0.11379836540930542,0.23328066346949763,"{""0"":0.0,""1"":0.0,""2"":0.8,""3"":0.44036697247706424,""4"":0.0,""5"":0.6571428571428571,""6"":0.0}",,,,
feature_bank_force_product_final_20260915,final,libemg_contraction_intensity,10,Hard,2,F0+F2b_CSP+F1_X1H,population_plus_F7_anchor,,14,0.27611564121571536,0.42857142857142855,1.6080997709637772,0.10212902308346472,0.19636492116155732,"{""0"":0.0,""1"":0.0,""2"":0.8421052631578947,""3"":0.4507042253521127,""4"":0.0,""5"":0.64,""6"":0.0}",,,,
feature_bank_force_product_final_20260915,final,libemg_contraction_intensity,10,Hard,5,F0+F2b_CSP+F1_X1H,unsupported,only 4 trials/class; calibration must leave evaluation trials,0,,,,,,,,,,
feature_bank_force_product_final_20260915,final,libemg_contraction_intensity,ALL,ALL,0,F0+F2b_CSP+F1_X1H,population_zero_shot,,588,0.5860155843959264,0.6116071428571429,2.6318699739326594,0.09343794081701672,0.2552136075423279,"{""0"":0.8091603053435115,""1"":0.6777996070726916,""2"":0.8600732600732601,""3"":0.551948051948052,""4"":0.08389715832205684,""5"":0.6400476758045291,""6"":0.4791830322073841}",,,,
feature_bank_force_product_final_20260915,final,libemg_contraction_intensity,ALL,ALL,1,F0+F2b_CSP+F1_X1H,population_plus_F7_anchor,,434,0.5855893085280256,0.6131912442396313,1.1556218494881982,0.07727683003722526,0.18403318804962107,"{""0"":0.8095781071835804,""1"":0.6702269692923899,""2"":0.876,""3"":0.5348980852378011,""4"":0.056818181818181816,""5"":0.656934306569343,""6"":0.4946695095948827}",,,,
feature_bank_force_product_final_20260915,final,libemg_contraction_intensity,ALL,ALL,2,F0+F2b_CSP+F1_X1H,population_plus_F7_anchor,,280,0.6063028811681566,0.6290178571428572,1.1382970189795312,0.07472853648632732,0.1622082014681901,"{""0"":0.8132635253054101,""1"":0.7523992322456814,""2"":0.8852988691437803,""3"":0.5515873015873016,""4"":0.08403361344537816,""5"":0.6813471502590673,""6"":0.47619047619047616}",,,,
feature_bank_force_product_final_20260915,final,libemg_contraction_intensity,ALL,ALL,5,F0+F2b_CSP+F1_X1H,unsupported,only 4 trials/class and at least one must remain for evaluation,0,,,,,,,,,,
feature_bank_epn612_trial_calibration_validation_20260915,validation,emg_epn612,16,cross_user,0,F0+F3_Ring,population_zero_shot,,150,0.35648923200222793,0.38,1.5570433350494381,0.12615760403617954,0.16370946155105048,"{""noGesture"":0.47058823529411764,""fist"":0.36363636363636365,""waveIn"":0.358974358974359,""waveOut"":0.27906976744186046,""open"":0.4444444444444444,""pinch"":0.2222222222222222}",,,,
feature_bank_epn612_trial_calibration_validation_20260915,validation,emg_epn612,16,cross_user,1,F0+F3_Ring,population_plus_F7_anchor,,144,0.36555257235361466,0.3888888888888889,1.5700042126269398,0.12307199454968644,0.0787507520802844,"{""noGesture"":0.45714285714285713,""fist"":0.37209302325581395,""waveIn"":0.34285714285714286,""waveOut"":0.2631578947368421,""open"":0.5,""pinch"":0.25806451612903225}",,,,
feature_bank_epn612_trial_calibration_validation_20260915,validation,emg_epn612,16,cross_user,2,F0+F3_Ring,population_plus_F7_anchor,,138,0.3579381085554318,0.38405797101449274,1.6304617629802365,0.12718116355384337,0.13739185904144513,"{""noGesture"":0.45544554455445546,""fist"":0.32558139534883723,""waveIn"":0.43243243243243246,""waveOut"":0.36363636363636365,""open"":0.36363636363636365,""pinch"":0.20689655172413793}",,,,
feature_bank_epn612_trial_calibration_validation_20260915,validation,emg_epn612,16,cross_user,5,F0+F3_Ring,population_plus_F7_anchor,,120,0.3432634616845143,0.36666666666666664,1.6412534267725212,0.12890496613830582,0.03783106386764049,"{""noGesture"":0.42105263157894735,""fist"":0.42424242424242425,""waveIn"":0.3333333333333333,""waveOut"":0.37037037037037035,""open"":0.21428571428571427,""pinch"":0.2962962962962963}",,,,
feature_bank_epn612_trial_calibration_validation_20260915,validation,emg_epn612,17,cross_user,0,F0+F3_Ring,population_zero_shot,,150,0.3904730496080644,0.3933333333333333,1.6082126691550656,0.11974621533108772,0.13308177877416466,"{""noGesture"":0.4,""fist"":0.43137254901960786,""waveIn"":0.5365853658536586,""waveOut"":0.3157894736842105,""open"":0.24242424242424243,""pinch"":0.4166666666666667}",,,,
feature_bank_epn612_trial_calibration_validation_20260915,validation,emg_epn612,17,cross_user,1,F0+F3_Ring,population_plus_F7_anchor,,144,0.39512181789826734,0.4027777777777778,1.5404847404137003,0.11731580727918055,0.14118417956310375,"{""noGesture"":0.4117647058823529,""fist"":0.4528301886792453,""waveIn"":0.55,""waveOut"":0.3389830508474576,""open"":0.20689655172413793,""pinch"":0.41025641025641024}",,,,
feature_bank_epn612_trial_calibration_validation_20260915,validation,emg_epn612,17,cross_user,2,F0+F3_Ring,population_plus_F7_anchor,,138,0.35068643911720515,0.36231884057971014,1.5836329218753478,0.121836888070873,0.15688968154087396,"{""noGesture"":0.39436619718309857,""fist"":0.42105263157894735,""waveIn"":0.45454545454545453,""waveOut"":0.3103448275862069,""open"":0.06666666666666667,""pinch"":0.45714285714285713}",,,,
feature_bank_epn612_trial_calibration_validation_20260915,validation,emg_epn612,17,cross_user,5,F0+F3_Ring,population_plus_F7_anchor,,120,0.24876370582418963,0.275,1.7459437713454966,0.13287452273034292,0.05853600323108443,"{""noGesture"":0.4745762711864407,""fist"":0.41379310344827586,""waveIn"":0.1951219512195122,""waveOut"":0.22727272727272727,""open"":0.0,""pinch"":0.18181818181818182}",,,,
feature_bank_epn612_trial_calibration_validation_20260915,validation,emg_epn612,18,cross_user,0,F0+F3_Ring,population_zero_shot,,150,0.4881150659845066,0.5133333333333333,1.2840994495867044,0.10259536629380359,0.1452945738406738,"{""noGesture"":0.5494505494505495,""fist"":0.6808510638297872,""waveIn"":0.5263157894736842,""waveOut"":0.6190476190476191,""open"":0.41509433962264153,""pinch"":0.13793103448275862}",,,,
feature_bank_epn612_trial_calibration_validation_20260915,validation,emg_epn612,18,cross_user,1,F0+F3_Ring,population_plus_F7_anchor,,144,0.4631844971601564,0.4930555555555556,1.369197272346377,0.10622659071873694,0.13274447715006246,"{""noGesture"":0.5517241379310345,""fist"":0.6666666666666666,""waveIn"":0.4864864864864865,""waveOut"":0.5,""open"":0.43137254901960786,""pinch"":0.14285714285714285}",,,,
feature_bank_epn612_trial_calibration_validation_20260915,validation,emg_epn612,18,cross_user,2,F0+F3_Ring,population_plus_F7_anchor,,138,0.4742689172615167,0.5,1.385962999842368,0.1082443613355923,0.1410746994606164,"{""noGesture"":0.5227272727272727,""fist"":0.6382978723404256,""waveIn"":0.6111111111111112,""waveOut"":0.48484848484848486,""open"":0.43478260869565216,""pinch"":0.15384615384615385}",,,,
feature_bank_epn612_trial_calibration_validation_20260915,validation,emg_epn612,18,cross_user,5,F0+F3_Ring,population_plus_F7_anchor,,120,0.5134785206968305,0.5333333333333333,1.4250620338527413,0.11336288865822351,0.20645533727257903,"{""noGesture"":0.5633802816901409,""fist"":0.6153846153846154,""waveIn"":0.5142857142857142,""waveOut"":0.625,""open"":0.5128205128205128,""pinch"":0.25}",,,,
feature_bank_epn612_trial_calibration_validation_20260915,validation,emg_epn612,ALL,cross_user,0,F0+F3_Ring,population_zero_shot,,450,0.41687044805928813,0.4288888888888889,1.4831184845970693,0.11616639522035696,0.11974642395988432,"{""noGesture"":0.4790874524714829,""fist"":0.49295774647887325,""waveIn"":0.4745762711864407,""waveOut"":0.39436619718309857,""open"":0.3770491803278688,""pinch"":0.2831858407079646}",,,,
feature_bank_epn612_trial_calibration_validation_20260915,validation,emg_epn612,ALL,cross_user,1,F0+F3_Ring,population_plus_F7_anchor,,432,0.41414870090331046,0.42824074074074076,1.4932287417956727,0.11553813084920128,0.07071667178490434,"{""noGesture"":0.47692307692307695,""fist"":0.49645390070921985,""waveIn"":0.4642857142857143,""waveOut"":0.36496350364963503,""open"":0.39655172413793105,""pinch"":0.2857142857142857}",,,,
feature_bank_epn612_trial_calibration_validation_20260915,validation,emg_epn612,ALL,cross_user,2,F0+F3_Ring,population_plus_F7_anchor,,414,0.3996330322656529,0.41545893719806765,1.533352561565984,0.11908747098676956,0.09725474360007606,"{""noGesture"":0.46153846153846156,""fist"":0.46875,""waveIn"":0.49572649572649574,""waveOut"":0.3709677419354839,""open"":0.3119266055045872,""pinch"":0.28888888888888886}",,,,
feature_bank_epn612_trial_calibration_validation_20260915,validation,emg_epn612,ALL,cross_user,5,F0+F3_Ring,population_plus_F7_anchor,,360,0.3705815828800576,0.39166666666666666,1.6040864106569197,0.1250474591756241,0.08292342461793019,"{""noGesture"":0.48,""fist"":0.49504950495049505,""waveIn"":0.33962264150943394,""waveOut"":0.3883495145631068,""open"":0.28888888888888886,""pinch"":0.23157894736842105}",,,,
feature_bank_epn612_trial_finetune_validation_20260915,validation,emg_epn612,16,cross_user,0,F0+F3_Ring,population_zero_shot,,150,0.35648923200222793,0.38,1.5570433350494381,0.12615760403617954,0.16370946155105048,"{""noGesture"":0.47058823529411764,""fist"":0.36363636363636365,""waveIn"":0.358974358974359,""waveOut"":0.27906976744186046,""open"":0.4444444444444444,""pinch"":0.2222222222222222}",,,,
feature_bank_epn612_trial_finetune_validation_20260915,validation,emg_epn612,16,cross_user,1,F0+F3_Ring,population_weighted_finetune,,144,0.41621061520631114,0.4305555555555556,1.4823355924021895,0.11779853681084959,0.12564031837344014,"{""noGesture"":0.47058823529411764,""fist"":0.3333333333333333,""waveIn"":0.4,""waveOut"":0.3783783783783784,""open"":0.5365853658536586,""pinch"":0.3783783783783784}",,,,
feature_bank_epn612_trial_finetune_validation_20260915,validation,emg_epn612,16,cross_user,2,F0+F3_Ring,population_weighted_finetune,,138,0.38162038435656315,0.4057971014492754,1.4734794014751833,0.12077477358214858,0.12283362096880493,"{""noGesture"":0.48936170212765956,""fist"":0.3111111111111111,""waveIn"":0.4117647058823529,""waveOut"":0.4,""open"":0.47058823529411764,""pinch"":0.20689655172413793}",,,,
feature_bank_epn612_trial_finetune_validation_20260915,validation,emg_epn612,16,cross_user,5,F0+F3_Ring,population_weighted_finetune,,120,0.41059005714178126,0.425,1.4133190609185589,0.1146975960817915,0.14538020678340616,"{""noGesture"":0.47619047619047616,""fist"":0.3783783783783784,""waveIn"":0.35714285714285715,""waveOut"":0.42424242424242425,""open"":0.4827586206896552,""pinch"":0.3448275862068966}",,,,
feature_bank_epn612_trial_finetune_validation_20260915,validation,emg_epn612,17,cross_user,0,F0+F3_Ring,population_zero_shot,,150,0.3904730496080644,0.3933333333333333,1.6082126691550656,0.11974621533108772,0.13308177877416466,"{""noGesture"":0.4,""fist"":0.43137254901960786,""waveIn"":0.5365853658536586,""waveOut"":0.3157894736842105,""open"":0.24242424242424243,""pinch"":0.4166666666666667}",,,,
feature_bank_epn612_trial_finetune_validation_20260915,validation,emg_epn612,17,cross_user,1,F0+F3_Ring,population_weighted_finetune,,144,0.46265218996260454,0.4583333333333333,1.4612849248710098,0.11088233176218165,0.11054511335207223,"{""noGesture"":0.4266666666666667,""fist"":0.5238095238095238,""waveIn"":0.4782608695652174,""waveOut"":0.4186046511627907,""open"":0.5,""pinch"":0.42857142857142855}",,,,
feature_bank_epn612_trial_finetune_validation_20260915,validation,emg_epn612,17,cross_user,2,F0+F3_Ring,population_weighted_finetune,,138,0.5056144592882981,0.5072463768115942,1.367735312917676,0.10639046377813359,0.07654510322517231,"{""noGesture"":0.5316455696202531,""fist"":0.5625,""waveIn"":0.5116279069767442,""waveOut"":0.4888888888888889,""open"":0.5,""pinch"":0.43902439024390244}",,,,
feature_bank_epn612_trial_finetune_validation_20260915,validation,emg_epn612,17,cross_user,5,F0+F3_Ring,population_weighted_finetune,,120,0.5364954458990926,0.525,1.3567324983546778,0.10470313480114227,0.06099111796161745,"{""noGesture"":0.5352112676056338,""fist"":0.6666666666666666,""waveIn"":0.5882352941176471,""waveOut"":0.2857142857142857,""open"":0.5806451612903226,""pinch"":0.5625}",,,,
feature_bank_epn612_trial_finetune_validation_20260915,validation,emg_epn612,18,cross_user,0,F0+F3_Ring,population_zero_shot,,150,0.4881150659845066,0.5133333333333333,1.2840994495867044,0.10259536629380359,0.1452945738406738,"{""noGesture"":0.5494505494505495,""fist"":0.6808510638297872,""waveIn"":0.5263157894736842,""waveOut"":0.6190476190476191,""open"":0.41509433962264153,""pinch"":0.13793103448275862}",,,,
feature_bank_epn612_trial_finetune_validation_20260915,validation,emg_epn612,18,cross_user,1,F0+F3_Ring,population_weighted_finetune,,144,0.538884396138391,0.5416666666666666,1.2248099094110472,0.09693106776896328,0.10711735068132068,"{""noGesture"":0.5517241379310345,""fist"":0.6341463414634146,""waveIn"":0.55,""waveOut"":0.5641025641025641,""open"":0.4888888888888889,""pinch"":0.4444444444444444}",,,,
feature_bank_epn612_trial_finetune_validation_20260915,validation,emg_epn612,18,cross_user,2,F0+F3_Ring,population_weighted_finetune,,138,0.5203642180386366,0.5217391304347826,1.1909449164522867,0.09617192206051316,0.06656384061357662,"{""noGesture"":0.5348837209302325,""fist"":0.5555555555555556,""waveIn"":0.5555555555555556,""waveOut"":0.5263157894736842,""open"":0.47619047619047616,""pinch"":0.47368421052631576}",,,,
feature_bank_epn612_trial_finetune_validation_20260915,validation,emg_epn612,18,cross_user,5,F0+F3_Ring,population_weighted_finetune,,120,0.5043588371792956,0.5166666666666667,1.1636570780590796,0.0942095518481849,0.10349916585296842,"{""noGesture"":0.5714285714285714,""fist"":0.48484848484848486,""waveIn"":0.5625,""waveOut"":0.6111111111111112,""open"":0.47368421052631576,""pinch"":0.3225806451612903}",,,,
feature_bank_epn612_trial_finetune_validation_20260915,validation,emg_epn612,ALL,cross_user,0,F0+F3_Ring,population_zero_shot,,450,0.41687044805928813,0.4288888888888889,1.4831184845970693,0.11616639522035696,0.11974642395988432,"{""noGesture"":0.4790874524714829,""fist"":0.49295774647887325,""waveIn"":0.4745762711864407,""waveOut"":0.39436619718309857,""open"":0.3770491803278688,""pinch"":0.2831858407079646}",,,,
feature_bank_epn612_trial_finetune_validation_20260915,validation,emg_epn612,ALL,cross_user,1,F0+F3_Ring,population_weighted_finetune,,432,0.4745830555642227,0.47685185185185186,1.389476808894749,0.1085373121139982,0.07276487016806539,"{""noGesture"":0.48484848484848486,""fist"":0.5042016806722689,""waveIn"":0.4793388429752066,""waveOut"":0.453781512605042,""open"":0.5079365079365079,""pinch"":0.41739130434782606}",,,,
feature_bank_epn612_trial_finetune_validation_20260915,validation,emg_epn612,ALL,cross_user,2,F0+F3_Ring,population_weighted_finetune,,414,0.4692838652071331,0.4782608695652174,1.344053210281715,0.1077790531402651,0.06829936847811764,"{""noGesture"":0.5173745173745173,""fist"":0.46017699115044247,""waveIn"":0.49557522123893805,""waveOut"":0.4715447154471545,""open"":0.48214285714285715,""pinch"":0.3888888888888889}",,,,
feature_bank_epn612_trial_finetune_validation_20260915,validation,emg_epn612,ALL,cross_user,5,F0+F3_Ring,population_weighted_finetune,,360,0.48179378910712334,0.4888888888888889,1.3112362124441055,0.10453676091037288,0.07015819642040702,"{""noGesture"":0.5244444444444445,""fist"":0.5,""waveIn"":0.5106382978723404,""waveOut"":0.43243243243243246,""open"":0.5102040816326531,""pinch"":0.41304347826086957}",,,,
feature_bank_epn612_trial_finetune_final_20260915,final,emg_epn612,19,cross_user,0,F0+F3_Ring,population_zero_shot,,150,0.4342185936347635,0.44,1.6059092661973602,0.12353240820974407,0.16409865605051108,"{""noGesture"":0.4444444444444444,""fist"":0.3870967741935484,""waveIn"":0.48148148148148145,""waveOut"":0.4,""open"":0.47368421052631576,""pinch"":0.4186046511627907}",,,,
feature_bank_epn612_trial_finetune_final_20260915,final,emg_epn612,19,cross_user,1,F0+F3_Ring,population_weighted_finetune,,144,0.4081349206349207,0.4097222222222222,1.5717503324640567,0.12098558509992019,0.14622825160688135,"{""noGesture"":0.4,""fist"":0.2857142857142857,""waveIn"":0.4583333333333333,""waveOut"":0.4,""open"":0.5714285714285714,""pinch"":0.3333333333333333}",,,,
feature_bank_epn612_trial_finetune_final_20260915,final,emg_epn612,19,cross_user,2,F0+F3_Ring,population_weighted_finetune,,138,0.40932078095260443,0.41304347826086957,1.56065333329274,0.12222287738996085,0.1780645715790171,"{""noGesture"":0.38636363636363635,""fist"":0.2962962962962963,""waveIn"":0.4897959183673469,""waveOut"":0.4,""open"":0.4444444444444444,""pinch"":0.43902439024390244}",,,,
feature_bank_epn612_trial_finetune_final_20260915,final,emg_epn612,19,cross_user,5,F0+F3_Ring,population_weighted_finetune,,120,0.43819764464925753,0.44166666666666665,1.5478218368577776,0.12151219253363274,0.14047016036749288,"{""noGesture"":0.42857142857142855,""fist"":0.3333333333333333,""waveIn"":0.5142857142857142,""waveOut"":0.3870967741935484,""open"":0.45161290322580644,""pinch"":0.5142857142857142}",,,,
feature_bank_epn612_trial_finetune_final_20260915,final,emg_epn612,20,cross_user,0,F0+F3_Ring,population_zero_shot,,150,0.45198496593845433,0.44666666666666666,1.4952042967808339,0.11400319740304052,0.12301547938185091,"{""noGesture"":0.46511627906976744,""fist"":0.5777777777777777,""waveIn"":0.45454545454545453,""waveOut"":0.4,""open"":0.4888888888888889,""pinch"":0.32558139534883723}",,,,
feature_bank_epn612_trial_finetune_final_20260915,final,emg_epn612,20,cross_user,1,F0+F3_Ring,population_weighted_finetune,,144,0.4493982688446035,0.4513888888888889,1.3506141714503765,0.10504326816470833,0.09223831918646837,"{""noGesture"":0.47619047619047616,""fist"":0.56,""waveIn"":0.47619047619047616,""waveOut"":0.39344262295081966,""open"":0.49056603773584906,""pinch"":0.3}",,,,
feature_bank_epn612_trial_finetune_final_20260915,final,emg_epn612,20,cross_user,2,F0+F3_Ring,population_weighted_finetune,,138,0.49024712866176284,0.4927536231884058,1.3105813512200217,0.10316107403768365,0.0759147408352379,"{""noGesture"":0.4878048780487805,""fist"":0.5714285714285714,""waveIn"":0.4878048780487805,""waveOut"":0.5,""open"":0.45,""pinch"":0.4444444444444444}",,,,
feature_bank_epn612_trial_finetune_final_20260915,final,emg_epn612,20,cross_user,5,F0+F3_Ring,population_weighted_finetune,,120,0.4855763766682529,0.48333333333333334,1.3524514304696384,0.10631537853750497,0.08227882867812769,"{""noGesture"":0.47058823529411764,""fist"":0.6341463414634146,""waveIn"":0.45714285714285713,""waveOut"":0.41509433962264153,""open"":0.45,""pinch"":0.4864864864864865}",,,,
feature_bank_epn612_trial_finetune_final_20260915,final,emg_epn612,21,cross_user,0,F0+F3_Ring,population_zero_shot,,150,0.4139480674364395,0.43333333333333335,1.5692124957334352,0.12038114780566882,0.12796525919827884,"{""noGesture"":0.3333333333333333,""fist"":0.07692307692307693,""waveIn"":0.4666666666666667,""waveOut"":0.6976744186046512,""open"":0.4,""pinch"":0.509090909090909}",,,,
feature_bank_epn612_trial_finetune_final_20260915,final,emg_epn612,21,cross_user,1,F0+F3_Ring,population_weighted_finetune,,144,0.413948503603676,0.4236111111111111,1.4793786364598733,0.11654688316024095,0.13234521204256586,"{""noGesture"":0.3076923076923077,""fist"":0.15384615384615385,""waveIn"":0.4827586206896552,""waveOut"":0.6666666666666666,""open"":0.4,""pinch"":0.4727272727272727}",,,,
feature_bank_epn612_trial_finetune_final_20260915,final,emg_epn612,21,cross_user,2,F0+F3_Ring,population_weighted_finetune,,138,0.40654648805909305,0.42028985507246375,1.4202872427626543,0.1144729855725287,0.12533351059116152,"{""noGesture"":0.36363636363636365,""fist"":0.07692307692307693,""waveIn"":0.43137254901960786,""waveOut"":0.7,""open"":0.3673469387755102,""pinch"":0.5}",,,,
feature_bank_epn612_trial_finetune_final_20260915,final,emg_epn612,21,cross_user,5,F0+F3_Ring,population_weighted_finetune,,120,0.4511913560694049,0.4666666666666667,1.319692038531943,0.10656630031071641,0.09277881235718008,"{""noGesture"":0.4,""fist"":0.09090909090909091,""waveIn"":0.47619047619047616,""waveOut"":0.7272727272727273,""open"":0.5365853658536586,""pinch"":0.47619047619047616}",,,,
feature_bank_epn612_trial_finetune_final_20260915,final,emg_epn612,ALL,cross_user,0,F0+F3_Ring,population_zero_shot,,450,0.43860753737612007,0.44,1.5567753529038764,0.11930558447281779,0.12348117636015368,"{""noGesture"":0.41346153846153844,""fist"":0.39215686274509803,""waveIn"":0.46835443037974683,""waveOut"":0.4810126582278481,""open"":0.45112781954887216,""pinch"":0.425531914893617}",,,,
feature_bank_epn612_trial_finetune_final_20260915,final,emg_epn612,ALL,cross_user,1,F0+F3_Ring,population_weighted_finetune,,432,0.4298168188214233,0.42824074074074076,1.467247713458102,0.11419191214162315,0.1054425440454763,"{""noGesture"":0.3864734299516908,""fist"":0.38461538461538464,""waveIn"":0.47297297297297297,""waveOut"":0.4740740740740741,""open"":0.48120300751879697,""pinch"":0.3795620437956204}",,,,
feature_bank_epn612_trial_finetune_final_20260915,final,emg_epn612,ALL,cross_user,2,F0+F3_Ring,population_weighted_finetune,,414,0.44191765347710277,0.4420289855072464,1.4305073090918052,0.1132856456667244,0.09123784318363348,"{""noGesture"":0.4,""fist"":0.37254901960784315,""waveIn"":0.46808510638297873,""waveOut"":0.5333333333333333,""open"":0.416,""pinch"":0.46153846153846156}",,,,
feature_bank_epn612_trial_finetune_final_20260915,final,emg_epn612,ALL,cross_user,5,F0+F3_Ring,population_weighted_finetune,,360,0.4653332792951259,0.4638888888888889,1.4066551019531197,0.11146462379395139,0.07552795385228159,"{""noGesture"":0.42696629213483145,""fist"":0.41379310344827586,""waveIn"":0.48214285714285715,""waveOut"":0.49572649572649574,""open"":0.48214285714285715,""pinch"":0.49122807017543857}",,,,
feature_bank_manus_calibration_validation_20260915,validation,semg_manus,3,session_2,0,F0+F2c_SPD,population_zero_shot,,18,0.46388888888888896,0.4444444444444444,1.8147604396868025,0.13418052076843104,0.3318567481355239,"{""flexext_fist"":0.8,""flexext_thumb"":0.6666666666666666,""flexext_index"":0.25,""flexext_middle"":0.3333333333333333,""flexext_ring"":0.4,""flexext_pinky"":0.3333333333333333}",,,,
feature_bank_manus_calibration_validation_20260915,validation,semg_manus,3,session_2,1,F0+F2c_SPD,session_weighted_finetune,,12,0.611111111111111,0.5833333333333334,0.864025449178062,0.07695644144830584,0.2267547800559459,"{""flexext_fist"":1.0,""flexext_thumb"":0.6666666666666666,""flexext_index"":0.5,""flexext_middle"":0.3333333333333333,""flexext_ring"":0.6666666666666666,""flexext_pinky"":0.5}",,,,
feature_bank_manus_calibration_validation_20260915,validation,semg_manus,3,session_2,2,F0+F2c_SPD,session_weighted_finetune,,6,0.611111111111111,0.6666666666666666,0.7981742708116574,0.06640750769043426,0.12873292980825626,"{""flexext_fist"":1.0,""flexext_thumb"":0.0,""flexext_index"":0.6666666666666666,""flexext_middle"":0.0,""flexext_ring"":1.0,""flexext_pinky"":1.0}",,,,
feature_bank_manus_calibration_validation_20260915,validation,semg_manus,3,session_2,5,F0+F2c_SPD,unsupported,only 3 speed trials/class and one must remain for evaluation,0,,,,,,,,,,
feature_bank_manus_calibration_validation_20260915,validation,semg_manus,4,session_2,0,F0+F2c_SPD,population_zero_shot,,18,0.5833333333333334,0.6666666666666666,2.5566006882986585,0.1127471797724654,0.380875521939933,"{""flexext_fist"":1.0,""flexext_thumb"":1.0,""flexext_index"":1.0,""flexext_middle"":0.5,""flexext_ring"":0.0,""flexext_pinky"":0.0}",,,,
feature_bank_manus_calibration_validation_20260915,validation,semg_manus,4,session_2,1,F0+F2c_SPD,session_weighted_finetune,,12,0.5277777777777778,0.5833333333333334,1.0609087138999853,0.08589106335290947,0.2604671373884645,"{""flexext_fist"":1.0,""flexext_thumb"":1.0,""flexext_index"":0.5,""flexext_middle"":0.0,""flexext_ring"":0.6666666666666666,""flexext_pinky"":0.0}",,,,
feature_bank_manus_calibration_validation_20260915,validation,semg_manus,4,session_2,2,F0+F2c_SPD,session_weighted_finetune,,6,0.7777777777777777,0.8333333333333334,0.748042094343833,0.05577189215322598,0.3662505739216904,"{""flexext_fist"":1.0,""flexext_thumb"":1.0,""flexext_index"":1.0,""flexext_middle"":0.6666666666666666,""flexext_ring"":1.0,""flexext_pinky"":0.0}",,,,
feature_bank_manus_calibration_validation_20260915,validation,semg_manus,4,session_2,5,F0+F2c_SPD,unsupported,only 3 speed trials/class and one must remain for evaluation,0,,,,,,,,,,
feature_bank_manus_calibration_validation_20260915,validation,semg_manus,5,session_2,0,F0+F2c_SPD,population_zero_shot,,18,0.4880952380952381,0.5,1.7126950141406316,0.11312140885817216,0.3570307573901933,"{""flexext_fist"":0.8,""flexext_thumb"":0.4,""flexext_index"":0.0,""flexext_middle"":0.5,""flexext_ring"":0.8,""flexext_pinky"":0.42857142857142855}",,,,
feature_bank_manus_calibration_validation_20260915,validation,semg_manus,5,session_2,1,F0+F2c_SPD,session_weighted_finetune,,12,0.8333333333333334,0.8333333333333334,0.6571368586857068,0.05314318581099488,0.2808269731613021,"{""flexext_fist"":0.6666666666666666,""flexext_thumb"":0.6666666666666666,""flexext_index"":0.6666666666666666,""flexext_middle"":1.0,""flexext_ring"":1.0,""flexext_pinky"":1.0}",,,,
feature_bank_manus_calibration_validation_20260915,validation,semg_manus,5,session_2,2,F0+F2c_SPD,session_weighted_finetune,,6,0.5833333333333334,0.6666666666666666,0.6126674878711152,0.05190981487424865,0.300456000889565,"{""flexext_fist"":0.0,""flexext_thumb"":0.5,""flexext_index"":0.0,""flexext_middle"":1.0,""flexext_ring"":1.0,""flexext_pinky"":1.0}",,,,
feature_bank_manus_calibration_validation_20260915,validation,semg_manus,5,session_2,5,F0+F2c_SPD,unsupported,only 3 speed trials/class and one must remain for evaluation,0,,,,,,,,,,
feature_bank_manus_calibration_validation_20260915,validation,semg_manus,6,session_2,0,F0+F2c_SPD,population_zero_shot,,18,0.42777777777777776,0.5,0.9510436790708007,0.09458746052733712,0.26195424597758754,"{""flexext_fist"":0.0,""flexext_thumb"":0.6666666666666666,""flexext_index"":0.0,""flexext_middle"":0.6,""flexext_ring"":0.8,""flexext_pinky"":0.5}",,,,
feature_bank_manus_calibration_validation_20260915,validation,semg_manus,6,session_2,1,F0+F2c_SPD,session_weighted_finetune,,12,0.8222222222222221,0.8333333333333334,0.4685112885509175,0.037747467887541714,0.29961546648790083,"{""flexext_fist"":0.6666666666666666,""flexext_thumb"":0.8,""flexext_index"":1.0,""flexext_middle"":0.6666666666666666,""flexext_ring"":1.0,""flexext_pinky"":0.8}",,,,
feature_bank_manus_calibration_validation_20260915,validation,semg_manus,6,session_2,2,F0+F2c_SPD,session_weighted_finetune,,6,1.0,1.0,0.4834150610087759,0.037032736097660515,0.3469539583353515,"{""flexext_fist"":1.0,""flexext_thumb"":1.0,""flexext_index"":1.0,""flexext_middle"":1.0,""flexext_ring"":1.0,""flexext_pinky"":1.0}",,,,
feature_bank_manus_calibration_validation_20260915,validation,semg_manus,6,session_2,5,F0+F2c_SPD,unsupported,only 3 speed trials/class and one must remain for evaluation,0,,,,,,,,,,
feature_bank_manus_calibration_validation_20260915,validation,semg_manus,7,session_2,0,F0+F2c_SPD,population_zero_shot,,18,0.25,0.2777777777777778,4.567900029818013,0.21542504024582307,0.643116220666677,"{""flexext_fist"":0.5,""flexext_thumb"":0.0,""flexext_index"":0.14285714285714285,""flexext_middle"":0.0,""flexext_ring"":0.8571428571428571,""flexext_pinky"":0.0}",,,,
feature_bank_manus_calibration_validation_20260915,validation,semg_manus,7,session_2,1,F0+F2c_SPD,session_weighted_finetune,,12,0.5185185185185185,0.5833333333333334,0.9525195091324369,0.08651904578177132,0.16851184508227754,"{""flexext_fist"":1.0,""flexext_thumb"":0.0,""flexext_index"":0.4444444444444444,""flexext_middle"":0.0,""flexext_ring"":1.0,""flexext_pinky"":0.6666666666666666}",,,,
feature_bank_manus_calibration_validation_20260915,validation,semg_manus,7,session_2,2,F0+F2c_SPD,session_weighted_finetune,,6,0.611111111111111,0.6666666666666666,0.5919840109944962,0.053039415385203376,0.19675110654292663,"{""flexext_fist"":1.0,""flexext_thumb"":0.6666666666666666,""flexext_index"":0.0,""flexext_middle"":0.0,""flexext_ring"":1.0,""flexext_pinky"":1.0}",,,,
feature_bank_manus_calibration_validation_20260915,validation,semg_manus,7,session_2,5,F0+F2c_SPD,unsupported,only 3 speed trials/class and one must remain for evaluation,0,,,,,,,,,,
feature_bank_manus_calibration_validation_20260915,validation,semg_manus,8,session_2,0,F0+F2c_SPD,population_zero_shot,,18,0.5269230769230769,0.5555555555555556,1.8946096900210532,0.12990900511740333,0.26822921710784714,"{""flexext_fist"":1.0,""flexext_thumb"":0.5,""flexext_index"":0.46153846153846156,""flexext_middle"":0.4,""flexext_ring"":0.8,""flexext_pinky"":0.0}",,,,
feature_bank_manus_calibration_validation_20260915,validation,semg_manus,8,session_2,1,F0+F2c_SPD,session_weighted_finetune,,12,0.75,0.75,0.9045401943985456,0.07338768359175407,0.20205190947790336,"{""flexext_fist"":1.0,""flexext_thumb"":0.6666666666666666,""flexext_index"":0.6666666666666666,""flexext_middle"":0.5,""flexext_ring"":1.0,""flexext_pinky"":0.6666666666666666}",,,,
feature_bank_manus_calibration_validation_20260915,validation,semg_manus,8,session_2,2,F0+F2c_SPD,session_weighted_finetune,,6,0.5833333333333334,0.6666666666666666,0.8412690722392435,0.06764016374645407,0.32791867032951266,"{""flexext_fist"":1.0,""flexext_thumb"":1.0,""flexext_index"":0.5,""flexext_middle"":0.0,""flexext_ring"":0.0,""flexext_pinky"":1.0}",,,,
feature_bank_manus_calibration_validation_20260915,validation,semg_manus,8,session_2,5,F0+F2c_SPD,unsupported,only 3 speed trials/class and one must remain for evaluation,0,,,,,,,,,,
feature_bank_manus_calibration_validation_20260915,validation,semg_manus,ALL,session_2,0,F0+F2c_SPD,population_zero_shot,,108,0.45666971916971916,0.49074074074074076,2.24960159017266,0.13332843588160534,0.3738437852029603,per-user macro aggregation,,,,
feature_bank_manus_calibration_validation_20260915,validation,semg_manus,ALL,session_2,1,F0+F2c_SPD,session_weighted_finetune,,72,0.6771604938271606,0.6944444444444445,0.8179403356409424,0.06894081464554622,0.2397046852756324,per-user macro aggregation,,,,
feature_bank_manus_calibration_validation_20260915,validation,semg_manus,ALL,session_2,2,F0+F2c_SPD,session_weighted_finetune,,36,0.6944444444444445,0.75,0.6792586662115202,0.05530025499120448,0.2778438733045504,per-user macro aggregation,,,,
feature_bank_manus_calibration_validation_20260915,validation,semg_manus,ALL,session_2,5,F0+F2c_SPD,unsupported,only 3 speed trials/class and one must remain for evaluation,0,,,,,,,,,,
feature_bank_manus_calibration_final_20260915,final,semg_manus,3,session_3,0,F0+F2c_SPD,population_zero_shot,,18,0.37023809523809526,0.4444444444444444,1.9579681513943201,0.1268171917373366,0.2848618068469725,"{""flexext_fist"":0.0,""flexext_thumb"":0.5714285714285714,""flexext_index"":0.4,""flexext_middle"":0.75,""flexext_ring"":0.5,""flexext_pinky"":0.0}",,,,
feature_bank_manus_calibration_final_20260915,final,semg_manus,3,session_3,1,F0+F2c_SPD,session_weighted_finetune,,12,0.9111111111111111,0.9166666666666666,0.8030988071423318,0.06656310660250393,0.40599808786062624,"{""flexext_fist"":1.0,""flexext_thumb"":1.0,""flexext_index"":1.0,""flexext_middle"":0.8,""flexext_ring"":0.6666666666666666,""flexext_pinky"":1.0}",,,,
feature_bank_manus_calibration_final_20260915,final,semg_manus,3,session_3,2,F0+F2c_SPD,session_weighted_finetune,,6,1.0,1.0,0.568025470907529,0.044911939923502765,0.4102720390377476,"{""flexext_fist"":1.0,""flexext_thumb"":1.0,""flexext_index"":1.0,""flexext_middle"":1.0,""flexext_ring"":1.0,""flexext_pinky"":1.0}",,,,
feature_bank_manus_calibration_final_20260915,final,semg_manus,3,session_3,5,F0+F2c_SPD,unsupported,only 3 speed trials/class and one must remain for evaluation,0,,,,,,,,,,
feature_bank_manus_calibration_final_20260915,final,semg_manus,4,session_3,0,F0+F2c_SPD,population_zero_shot,,18,0.37023809523809526,0.3888888888888889,1.8286699206574681,0.14066356355033302,0.41448974597537225,"{""flexext_fist"":0.5,""flexext_thumb"":0.0,""flexext_index"":0.25,""flexext_middle"":0.4,""flexext_ring"":0.5714285714285714,""flexext_pinky"":0.5}",,,,
feature_bank_manus_calibration_final_20260915,final,semg_manus,4,session_3,1,F0+F2c_SPD,session_weighted_finetune,,12,0.3611111111111111,0.4166666666666667,1.2993055341744224,0.11125473876376442,0.22946774987725854,"{""flexext_fist"":0.6666666666666666,""flexext_thumb"":0.0,""flexext_index"":0.5,""flexext_middle"":0.3333333333333333,""flexext_ring"":0.6666666666666666,""flexext_pinky"":0.0}",,,,
feature_bank_manus_calibration_final_20260915,final,semg_manus,4,session_3,2,F0+F2c_SPD,session_weighted_finetune,,6,0.3611111111111111,0.5,0.9967437299125645,0.08663911288639116,0.3620233248732479,"{""flexext_fist"":0.0,""flexext_thumb"":0.0,""flexext_index"":0.6666666666666666,""flexext_middle"":0.5,""flexext_ring"":1.0,""flexext_pinky"":0.0}",,,,
feature_bank_manus_calibration_final_20260915,final,semg_manus,4,session_3,5,F0+F2c_SPD,unsupported,only 3 speed trials/class and one must remain for evaluation,0,,,,,,,,,,
feature_bank_manus_calibration_final_20260915,final,semg_manus,5,session_3,0,F0+F2c_SPD,population_zero_shot,,18,0.7761904761904761,0.7777777777777778,0.4721112569001115,0.04272885440886019,0.13456437494663787,"{""flexext_fist"":0.8,""flexext_thumb"":0.8571428571428571,""flexext_index"":0.5,""flexext_middle"":0.5,""flexext_ring"":1.0,""flexext_pinky"":1.0}",,,,
feature_bank_manus_calibration_final_20260915,final,semg_manus,5,session_3,1,F0+F2c_SPD,session_weighted_finetune,,12,0.8333333333333334,0.8333333333333334,0.6918092754031856,0.05997751636119711,0.23309138506235053,"{""flexext_fist"":0.6666666666666666,""flexext_thumb"":1.0,""flexext_index"":0.6666666666666666,""flexext_middle"":0.6666666666666666,""flexext_ring"":1.0,""flexext_pinky"":1.0}",,,,
feature_bank_manus_calibration_final_20260915,final,semg_manus,5,session_3,2,F0+F2c_SPD,session_weighted_finetune,,6,0.5833333333333334,0.6666666666666666,0.6239012481718189,0.053254954995806805,0.29505139540563347,"{""flexext_fist"":0.0,""flexext_thumb"":1.0,""flexext_index"":0.5,""flexext_middle"":0.0,""flexext_ring"":1.0,""flexext_pinky"":1.0}",,,,
feature_bank_manus_calibration_final_20260915,final,semg_manus,5,session_3,5,F0+F2c_SPD,unsupported,only 3 speed trials/class and one must remain for evaluation,0,,,,,,,,,,
feature_bank_manus_calibration_final_20260915,final,semg_manus,6,session_3,0,F0+F2c_SPD,population_zero_shot,,18,0.2658119658119658,0.3333333333333333,2.2754698173887267,0.14985649728436806,0.5264354382533387,"{""flexext_fist"":0.3333333333333333,""flexext_thumb"":0.0,""flexext_index"":0.0,""flexext_middle"":0.46153846153846156,""flexext_ring"":0.8,""flexext_pinky"":0.0}",,,,
feature_bank_manus_calibration_final_20260915,final,semg_manus,6,session_3,1,F0+F2c_SPD,session_weighted_finetune,,12,0.6611111111111111,0.6666666666666666,0.6691302417952962,0.065898952317427,0.17236690203846086,"{""flexext_fist"":0.8,""flexext_thumb"":0.6666666666666666,""flexext_index"":0.5,""flexext_middle"":0.6666666666666666,""flexext_ring"":0.6666666666666666,""flexext_pinky"":0.6666666666666666}",,,,
feature_bank_manus_calibration_final_20260915,final,semg_manus,6,session_3,2,F0+F2c_SPD,session_weighted_finetune,,6,0.5833333333333334,0.6666666666666666,0.6658145588137073,0.06131080335213187,0.18341144426433142,"{""flexext_fist"":1.0,""flexext_thumb"":1.0,""flexext_index"":0.5,""flexext_middle"":0.0,""flexext_ring"":0.0,""flexext_pinky"":1.0}",,,,
feature_bank_manus_calibration_final_20260915,final,semg_manus,6,session_3,5,F0+F2c_SPD,unsupported,only 3 speed trials/class and one must remain for evaluation,0,,,,,,,,,,
feature_bank_manus_calibration_final_20260915,final,semg_manus,7,session_3,0,F0+F2c_SPD,population_zero_shot,,18,0.2909090909090909,0.3888888888888889,2.3992139535445816,0.17706126114670886,0.5443901399644213,"{""flexext_fist"":1.0,""flexext_thumb"":0.2,""flexext_index"":0.0,""flexext_middle"":0.0,""flexext_ring"":0.5454545454545454,""flexext_pinky"":0.0}",,,,
feature_bank_manus_calibration_final_20260915,final,semg_manus,7,session_3,1,F0+F2c_SPD,session_weighted_finetune,,12,0.8277777777777778,0.8333333333333334,0.6737525169835531,0.05678191406475572,0.2820503247948974,"{""flexext_fist"":1.0,""flexext_thumb"":0.8,""flexext_index"":1.0,""flexext_middle"":1.0,""flexext_ring"":0.5,""flexext_pinky"":0.6666666666666666}",,,,
feature_bank_manus_calibration_final_20260915,final,semg_manus,7,session_3,2,F0+F2c_SPD,session_weighted_finetune,,6,0.5555555555555555,0.6666666666666666,0.6843105222693481,0.0626884475696239,0.18705570752155715,"{""flexext_fist"":1.0,""flexext_thumb"":0.6666666666666666,""flexext_index"":1.0,""flexext_middle"":0.0,""flexext_ring"":0.6666666666666666,""flexext_pinky"":0.0}",,,,
feature_bank_manus_calibration_final_20260915,final,semg_manus,7,session_3,5,F0+F2c_SPD,unsupported,only 3 speed trials/class and one must remain for evaluation,0,,,,,,,,,,
feature_bank_manus_calibration_final_20260915,final,semg_manus,8,session_3,0,F0+F2c_SPD,population_zero_shot,,18,0.423015873015873,0.5,1.5873577577887141,0.12717340128927487,0.31770197829939095,"{""flexext_fist"":0.8,""flexext_thumb"":0.6666666666666666,""flexext_index"":0.5714285714285714,""flexext_middle"":0.5,""flexext_ring"":0.0,""flexext_pinky"":0.0}",,,,
feature_bank_manus_calibration_final_20260915,final,semg_manus,8,session_3,1,F0+F2c_SPD,session_weighted_finetune,,12,0.5222222222222223,0.5833333333333334,0.7604418168357651,0.07431778009641157,0.2809307853098864,"{""flexext_fist"":0.6666666666666666,""flexext_thumb"":0.8,""flexext_index"":0.0,""flexext_middle"":0.6666666666666666,""flexext_ring"":0.5,""flexext_pinky"":0.5}",,,,
feature_bank_manus_calibration_final_20260915,final,semg_manus,8,session_3,2,F0+F2c_SPD,session_weighted_finetune,,6,0.5555555555555555,0.6666666666666666,0.809452197949568,0.07804727413501691,0.4103152029516855,"{""flexext_fist"":0.0,""flexext_thumb"":1.0,""flexext_index"":0.6666666666666666,""flexext_middle"":1.0,""flexext_ring"":0.0,""flexext_pinky"":0.6666666666666666}",,,,
feature_bank_manus_calibration_final_20260915,final,semg_manus,8,session_3,5,F0+F2c_SPD,unsupported,only 3 speed trials/class and one must remain for evaluation,0,,,,,,,,,,
feature_bank_manus_calibration_final_20260915,final,semg_manus,ALL,session_3,0,F0+F2c_SPD,population_zero_shot,,108,0.416067266067266,0.47222222222222227,1.7534651429456538,0.12738346156948027,0.37040724738102226,per-user macro aggregation,,,,
feature_bank_manus_calibration_final_20260915,final,semg_manus,ALL,session_3,1,F0+F2c_SPD,session_weighted_finetune,,72,0.6861111111111112,0.7083333333333334,0.8162563653890924,0.07246566803434329,0.26731753915724665,per-user macro aggregation,,,,
feature_bank_manus_calibration_final_20260915,final,semg_manus,ALL,session_3,2,F0+F2c_SPD,session_weighted_finetune,,36,0.6064814814814815,0.6944444444444443,0.7247079546707559,0.06447542214374558,0.3080215190090338,per-user macro aggregation,,,,
feature_bank_manus_calibration_final_20260915,final,semg_manus,ALL,session_3,5,F0+F2c_SPD,unsupported,only 3 speed trials/class and one must remain for evaluation,0,,,,,,,,,,
feature_bank_fusion_validation_20260915,validation,epn612,16,cross_user,0,F0|F3_Ring,,,,0.3639956386666913,0.38666666666666666,1.5219606769718095,0.1226585355828341,0.06925199651618097,"{""noGesture"":0.44642857142857145,""fist"":0.3181818181818182,""waveIn"":0.42105263157894735,""waveOut"":0.43243243243243246,""open"":0.3783783783783784,""pinch"":0.1875}",uniform,"[0.5, 0.5]",,
feature_bank_fusion_validation_20260915,validation,epn612,16,cross_user,0,F0|F3_Ring,,,,0.3639956386666913,0.38666666666666666,1.5219606769718095,0.1226585355828341,0.06925199651618097,"{""noGesture"":0.44642857142857145,""fist"":0.3181818181818182,""waveIn"":0.42105263157894735,""waveOut"":0.43243243243243246,""open"":0.3783783783783784,""pinch"":0.1875}",personal_shrinkage,"[0.5, 0.5]",,
feature_bank_fusion_validation_20260915,validation,epn612,17,cross_user,0,F0|F3_Ring,,,,0.3864618255595699,0.4,1.5896601102054804,0.12200593227358501,0.09388965196355685,"{""noGesture"":0.4523809523809524,""fist"":0.5263157894736842,""waveIn"":0.4090909090909091,""waveOut"":0.3673469387755102,""open"":0.2,""pinch"":0.36363636363636365}",uniform,"[0.5, 0.5]",,
feature_bank_fusion_validation_20260915,validation,epn612,17,cross_user,0,F0|F3_Ring,,,,0.3864618255595699,0.4,1.5896601102054804,0.12200593227358501,0.09388965196355685,"{""noGesture"":0.4523809523809524,""fist"":0.5263157894736842,""waveIn"":0.4090909090909091,""waveOut"":0.3673469387755102,""open"":0.2,""pinch"":0.36363636363636365}",personal_shrinkage,"[0.5, 0.5]",,
feature_bank_fusion_validation_20260915,validation,epn612,18,cross_user,0,F0|F3_Ring,,,,0.48568613035895175,0.5,1.343391652740487,0.10607868733176,0.08131050216485616,"{""noGesture"":0.5434782608695652,""fist"":0.6190476190476191,""waveIn"":0.4864864864864865,""waveOut"":0.5853658536585366,""open"":0.4444444444444444,""pinch"":0.23529411764705882}",uniform,"[0.5, 0.5]",,
feature_bank_fusion_validation_20260915,validation,epn612,18,cross_user,0,F0|F3_Ring,,,,0.48568613035895175,0.5,1.343391652740487,0.10607868733176,0.08131050216485616,"{""noGesture"":0.5434782608695652,""fist"":0.6190476190476191,""waveIn"":0.4864864864864865,""waveOut"":0.5853658536585366,""open"":0.4444444444444444,""pinch"":0.23529411764705882}",personal_shrinkage,"[0.5, 0.5]",,
feature_bank_fusion_validation_20260915,validation,epn612,16,cross_user,1,F0|F3_Ring,,,,0.37604032604032606,0.3958333333333333,1.5180886284580142,0.1222590803464167,0.06529764740023865,"{""noGesture"":0.4444444444444444,""fist"":0.3333333333333333,""waveIn"":0.43243243243243246,""waveOut"":0.45714285714285713,""open"":0.3888888888888889,""pinch"":0.2}",uniform,"[0.5, 0.5]",,
feature_bank_fusion_validation_20260915,validation,epn612,16,cross_user,1,F0|F3_Ring,,,,0.36664832928022556,0.3888888888888889,1.5201368933153878,0.1224182608325266,0.06959575531760971,"{""noGesture"":0.4485981308411215,""fist"":0.3333333333333333,""waveIn"":0.3888888888888889,""waveOut"":0.45714285714285713,""open"":0.3783783783783784,""pinch"":0.1935483870967742}",personal_shrinkage,"[0.4696141505106171, 0.5303858494893828]",,
feature_bank_fusion_validation_20260915,validation,epn612,17,cross_user,1,F0|F3_Ring,,,,0.3909395904671851,0.4027777777777778,1.5919521395987215,0.12200911252347169,0.08189669610408833,"{""noGesture"":0.4444444444444444,""fist"":0.5405405405405406,""waveIn"":0.42857142857142855,""waveOut"":0.34782608695652173,""open"":0.20689655172413793,""pinch"":0.37735849056603776}",uniform,"[0.5, 0.5]",,
feature_bank_fusion_validation_20260915,validation,epn612,17,cross_user,1,F0|F3_Ring,,,,0.39801987279190926,0.4097222222222222,1.5954979003189331,0.122290695563133,0.08841535031716669,"{""noGesture"":0.4444444444444444,""fist"":0.5405405405405406,""waveIn"":0.45454545454545453,""waveOut"":0.3404255319148936,""open"":0.2,""pinch"":0.40816326530612246}",personal_shrinkage,"[0.482428924432877, 0.517571075567123]",,
feature_bank_fusion_validation_20260915,validation,epn612,18,cross_user,1,F0|F3_Ring,,,,0.49261447364895644,0.5069444444444444,1.329348499244267,0.10503820438214324,0.0829909379025656,"{""noGesture"":0.5517241379310345,""fist"":0.6,""waveIn"":0.5,""waveOut"":0.6,""open"":0.46153846153846156,""pinch"":0.24242424242424243}",uniform,"[0.5, 0.5]",,
feature_bank_fusion_validation_20260915,validation,epn612,18,cross_user,1,F0|F3_Ring,,,,0.49402111440544233,0.5069444444444444,1.3422450594238096,0.10600044957282767,0.07900030127958131,"{""noGesture"":0.5517241379310345,""fist"":0.5263157894736842,""waveIn"":0.5405405405405406,""waveOut"":0.5714285714285714,""open"":0.48,""pinch"":0.29411764705882354}",personal_shrinkage,"[0.4397530966811307, 0.5602469033188693]",,
feature_bank_fusion_validation_20260915,validation,epn612,16,cross_user,2,F0|F3_Ring,,,,0.3785787249468102,0.39855072463768115,1.5122951514426954,0.12172173403193311,0.06272076073298652,"{""noGesture"":0.44660194174757284,""fist"":0.35,""waveIn"":0.4444444444444444,""waveOut"":0.47058823529411764,""open"":0.35294117647058826,""pinch"":0.20689655172413793}",uniform,"[0.5, 0.5]",,
feature_bank_fusion_validation_20260915,validation,epn612,16,cross_user,2,F0|F3_Ring,,,,0.3799794188232322,0.39855072463768115,1.5110175803163668,0.12161718819695673,0.07144440761388478,"{""noGesture"":0.4423076923076923,""fist"":0.35,""waveIn"":0.45714285714285713,""waveOut"":0.47058823529411764,""open"":0.35294117647058826,""pinch"":0.20689655172413793}",personal_shrinkage,"[0.5180786551472714, 0.48192134485272864]",,
feature_bank_fusion_validation_20260915,validation,epn612,17,cross_user,2,F0|F3_Ring,,,,0.4024870181990925,0.41304347826086957,1.5771786473966771,0.12103330569175706,0.07780074636258051,"{""noGesture"":0.4473684210526316,""fist"":0.5555555555555556,""waveIn"":0.45,""waveOut"":0.35555555555555557,""open"":0.21428571428571427,""pinch"":0.39215686274509803}",uniform,"[0.5, 0.5]",,
feature_bank_fusion_validation_20260915,validation,epn612,17,cross_user,2,F0|F3_Ring,,,,0.3930978230978231,0.4057971014492754,1.5684699135910152,0.12033290403545399,0.09628138622642489,"{""noGesture"":0.4533333333333333,""fist"":0.5405405405405406,""waveIn"":0.41025641025641024,""waveOut"":0.35555555555555557,""open"":0.21428571428571427,""pinch"":0.38461538461538464}",personal_shrinkage,"[0.5447628158654103, 0.45523718413458975]",,
feature_bank_fusion_validation_20260915,validation,epn612,18,cross_user,2,F0|F3_Ring,,,,0.48525314309259465,0.5,1.3283265931844512,0.10499053989505187,0.0848000198142059,"{""noGesture"":0.5476190476190477,""fist"":0.5789473684210527,""waveIn"":0.47058823529411764,""waveOut"":0.6153846153846154,""open"":0.4489795918367347,""pinch"":0.25}",uniform,"[0.5, 0.5]",,
feature_bank_fusion_validation_20260915,validation,epn612,18,cross_user,2,F0|F3_Ring,,,,0.511157182171114,0.5217391304347826,1.3236014333340411,0.10465920117997851,0.10251384106254811,"{""noGesture"":0.5476190476190477,""fist"":0.631578947368421,""waveIn"":0.5294117647058824,""waveOut"":0.65,""open"":0.4583333333333333,""pinch"":0.25}",personal_shrinkage,"[0.5238504059833505, 0.47614959401664947]",,
feature_bank_fusion_validation_20260915,validation,epn612,16,cross_user,5,F0|F3_Ring,,,,0.4037838217724366,0.425,1.4581128671549377,0.11800585231878724,0.08164317314291364,"{""noGesture"":0.47058823529411764,""fist"":0.3888888888888889,""waveIn"":0.5,""waveOut"":0.5161290322580645,""open"":0.3870967741935484,""pinch"":0.16}",uniform,"[0.5, 0.5]",,
feature_bank_fusion_validation_20260915,validation,epn612,16,cross_user,5,F0|F3_Ring,,,,0.4066848977201565,0.425,1.4556147048573953,0.11781723375086824,0.1089688454095495,"{""noGesture"":0.46511627906976744,""fist"":0.3888888888888889,""waveIn"":0.5161290322580645,""waveOut"":0.5161290322580645,""open"":0.4,""pinch"":0.15384615384615385}",personal_shrinkage,"[0.5468053078748525, 0.4531946921251475]",,
feature_bank_fusion_validation_20260915,validation,epn612,17,cross_user,5,F0|F3_Ring,,,,0.4003405687804665,0.4083333333333333,1.592277311631499,0.12234684831747383,0.07059807553836993,"{""noGesture"":0.4375,""fist"":0.5625,""waveIn"":0.4117647058823529,""waveOut"":0.358974358974359,""open"":0.24,""pinch"":0.391304347826087}",uniform,"[0.5, 0.5]",,
feature_bank_fusion_validation_20260915,validation,epn612,17,cross_user,5,F0|F3_Ring,,,,0.4003405687804665,0.4083333333333333,1.5920989443759777,0.12233131132003207,0.07051743979743487,"{""noGesture"":0.4375,""fist"":0.5625,""waveIn"":0.4117647058823529,""waveOut"":0.358974358974359,""open"":0.24,""pinch"":0.391304347826087}",personal_shrinkage,"[0.5008529038366507, 0.49914709616334924]",,
feature_bank_fusion_validation_20260915,validation,epn612,18,cross_user,5,F0|F3_Ring,,,,0.4720946594600282,0.49166666666666664,1.310657600273691,0.10357771951532388,0.1015400696404842,"{""noGesture"":0.5633802816901409,""fist"":0.5454545454545454,""waveIn"":0.4666666666666667,""waveOut"":0.5882352941176471,""open"":0.45454545454545453,""pinch"":0.21428571428571427}",uniform,"[0.5, 0.5]",,
feature_bank_fusion_validation_20260915,validation,epn612,18,cross_user,5,F0|F3_Ring,,,,0.4933067806721494,0.5083333333333333,1.3061460173785775,0.10326348024202983,0.11539544279361573,"{""noGesture"":0.5633802816901409,""fist"":0.6060606060606061,""waveIn"":0.5333333333333333,""waveOut"":0.5882352941176471,""open"":0.45454545454545453,""pinch"":0.21428571428571427}",personal_shrinkage,"[0.5195073588260364, 0.4804926411739636]",,
feature_bank_fusion_validation_20260915,validation,epn612,ALL,cross_user,0,F0|F3_Ring,,,,0.41204786486173767,0.4288888888888889,1.485004146639259,0.11691438506272638,0.08148405021486467,mean per-user aggregation,uniform,per-user weights,,
feature_bank_fusion_validation_20260915,validation,epn612,ALL,cross_user,0,F0|F3_Ring,,,,0.41204786486173767,0.4288888888888889,1.485004146639259,0.11691438506272638,0.08148405021486467,mean per-user aggregation,personal_shrinkage,per-user weights,,
feature_bank_fusion_validation_20260915,validation,epn612,ALL,cross_user,1,F0|F3_Ring,,,,0.41986479671882254,0.4351851851851852,1.4797964224336677,0.1164354657506772,0.07672842713563087,mean per-user aggregation,uniform,per-user weights,,
feature_bank_fusion_validation_20260915,validation,epn612,ALL,cross_user,1,F0|F3_Ring,,,,0.41956310549252573,0.4351851851851852,1.485959951019377,0.11690313532282909,0.07900380230478589,mean per-user aggregation,personal_shrinkage,per-user weights,,
feature_bank_fusion_validation_20260915,validation,epn612,ALL,cross_user,2,F0|F3_Ring,,,,0.42210629541283246,0.43719806763285024,1.472600130674608,0.11591519320624734,0.07510717563659099,mean per-user aggregation,uniform,per-user weights,,
feature_bank_fusion_validation_20260915,validation,epn612,ALL,cross_user,2,F0|F3_Ring,,,,0.4280781413640565,0.4420289855072464,1.4676963090804744,0.11553643113746308,0.0900798783009526,mean per-user aggregation,personal_shrinkage,per-user weights,,
feature_bank_fusion_validation_20260915,validation,epn612,ALL,cross_user,5,F0|F3_Ring,,,,0.42540635000431043,0.44166666666666665,1.4536825930200425,0.11464347338386165,0.08459377277392259,mean per-user aggregation,uniform,per-user weights,,
feature_bank_fusion_validation_20260915,validation,epn612,ALL,cross_user,5,F0|F3_Ring,,,,0.4334440823909241,0.4472222222222222,1.451286555537317,0.11447067510431004,0.09829390933353337,mean per-user aggregation,personal_shrinkage,per-user weights,,
feature_bank_fusion_final_20260915,final,epn612,19,cross_user,0,F0|F3_Ring,,,,0.4425704215949098,0.44666666666666666,1.57725667112136,0.12423326930551397,0.16552725742217728,"{""noGesture"":0.4528301886792453,""fist"":0.3333333333333333,""waveIn"":0.46808510638297873,""waveOut"":0.3888888888888889,""open"":0.6486486486486487,""pinch"":0.36363636363636365}",uniform,"[0.5, 0.5]",,
feature_bank_fusion_final_20260915,final,epn612,19,cross_user,0,F0|F3_Ring,,,,0.4425704215949098,0.44666666666666666,1.57725667112136,0.12423326930551397,0.16552725742217728,"{""noGesture"":0.4528301886792453,""fist"":0.3333333333333333,""waveIn"":0.46808510638297873,""waveOut"":0.3888888888888889,""open"":0.6486486486486487,""pinch"":0.36363636363636365}",personal_shrinkage,"[0.5, 0.5]",,
feature_bank_fusion_final_20260915,final,epn612,20,cross_user,0,F0|F3_Ring,,,,0.4835163415447968,0.47333333333333333,1.3956277855735142,0.11012112391703932,0.12856994030556695,"{""noGesture"":0.5777777777777777,""fist"":0.5416666666666666,""waveIn"":0.4864864864864865,""waveOut"":0.37037037037037035,""open"":0.5833333333333334,""pinch"":0.34146341463414637}",uniform,"[0.5, 0.5]",,
feature_bank_fusion_final_20260915,final,epn612,20,cross_user,0,F0|F3_Ring,,,,0.4835163415447968,0.47333333333333333,1.3956277855735142,0.11012112391703932,0.12856994030556695,"{""noGesture"":0.5777777777777777,""fist"":0.5416666666666666,""waveIn"":0.4864864864864865,""waveOut"":0.37037037037037035,""open"":0.5833333333333334,""pinch"":0.34146341463414637}",personal_shrinkage,"[0.5, 0.5]",,
feature_bank_fusion_final_20260915,final,epn612,21,cross_user,0,F0|F3_Ring,,,,0.46126022913256953,0.49333333333333335,1.4263770607840285,0.1153137725018905,0.13053559883095997,"{""noGesture"":0.5333333333333333,""fist"":0.07692307692307693,""waveIn"":0.48,""waveOut"":0.6666666666666666,""open"":0.5106382978723404,""pinch"":0.5}",uniform,"[0.5, 0.5]",,
feature_bank_fusion_final_20260915,final,epn612,21,cross_user,0,F0|F3_Ring,,,,0.46126022913256953,0.49333333333333335,1.4263770607840285,0.1153137725018905,0.13053559883095997,"{""noGesture"":0.5333333333333333,""fist"":0.07692307692307693,""waveIn"":0.48,""waveOut"":0.6666666666666666,""open"":0.5106382978723404,""pinch"":0.5}",personal_shrinkage,"[0.5, 0.5]",,
feature_bank_fusion_final_20260915,final,epn612,19,cross_user,1,F0|F3_Ring,,,,0.4532152984155437,0.4583333333333333,1.5628655282828632,0.12316595252135182,0.17167008862891225,"{""noGesture"":0.47058823529411764,""fist"":0.3448275862068966,""waveIn"":0.46511627906976744,""waveOut"":0.4,""open"":0.6666666666666666,""pinch"":0.37209302325581395}",uniform,"[0.5, 0.5]",,
feature_bank_fusion_final_20260915,final,epn612,19,cross_user,1,F0|F3_Ring,,,,0.45033647728648935,0.4583333333333333,1.6033419276045093,0.12661355415815173,0.2000611165801482,"{""noGesture"":0.4752475247524752,""fist"":0.3333333333333333,""waveIn"":0.45454545454545453,""waveOut"":0.4,""open"":0.6486486486486487,""pinch"":0.3902439024390244}",personal_shrinkage,"[0.38465270232783244, 0.6153472976721676]",,
feature_bank_fusion_final_20260915,final,epn612,20,cross_user,1,F0|F3_Ring,,,,0.4867385891198219,0.4791666666666667,1.3837561752678014,0.10915208519432489,0.12817581322938892,"{""noGesture"":0.5581395348837209,""fist"":0.5531914893617021,""waveIn"":0.5,""waveOut"":0.38461538461538464,""open"":0.6086956521739131,""pinch"":0.3157894736842105}",uniform,"[0.5, 0.5]",,
feature_bank_fusion_final_20260915,final,epn612,20,cross_user,1,F0|F3_Ring,,,,0.4867385891198219,0.4791666666666667,1.3825149076526029,0.10907369296255406,0.13211044823919732,"{""noGesture"":0.5581395348837209,""fist"":0.5531914893617021,""waveIn"":0.5,""waveOut"":0.38461538461538464,""open"":0.6086956521739131,""pinch"":0.3157894736842105}",personal_shrinkage,"[0.5061886872666974, 0.4938113127333026]",,
feature_bank_fusion_final_20260915,final,epn612,21,cross_user,1,F0|F3_Ring,,,,0.4678351050747411,0.5,1.4254107506473126,0.11526500716716938,0.14230780709795718,"{""noGesture"":0.5348837209302325,""fist"":0.08,""waveIn"":0.5,""waveOut"":0.6486486486486487,""open"":0.5217391304347826,""pinch"":0.5217391304347826}",uniform,"[0.5, 0.5]",,
feature_bank_fusion_final_20260915,final,epn612,21,cross_user,1,F0|F3_Ring,,,,0.4678351050747411,0.5,1.4260859104556471,0.11532528047024924,0.14096472421902143,"{""noGesture"":0.5348837209302325,""fist"":0.08,""waveIn"":0.5,""waveOut"":0.6486486486486487,""open"":0.5217391304347826,""pinch"":0.5217391304347826}",personal_shrinkage,"[0.4957072681669904, 0.5042927318330096]",,
feature_bank_fusion_final_20260915,final,epn612,19,cross_user,2,F0|F3_Ring,,,,0.4598300436746501,0.463768115942029,1.5486421563360189,0.12203911703253155,0.17089289427363274,"{""noGesture"":0.4742268041237113,""fist"":0.35714285714285715,""waveIn"":0.47619047619047616,""waveOut"":0.42424242424242425,""open"":0.6857142857142857,""pinch"":0.34146341463414637}",uniform,"[0.5, 0.5]",,
feature_bank_fusion_final_20260915,final,epn612,19,cross_user,2,F0|F3_Ring,,,,0.45807820472768923,0.463768115942029,1.5404086133935475,0.12134637843466813,0.15355554490469936,"{""noGesture"":0.4742268041237113,""fist"":0.35714285714285715,""waveIn"":0.47619047619047616,""waveOut"":0.42424242424242425,""open"":0.6666666666666666,""pinch"":0.35}",personal_shrinkage,"[0.5271675553312335, 0.4728324446687665]",,
feature_bank_fusion_final_20260915,final,epn612,20,cross_user,2,F0|F3_Ring,,,,0.4715122805079764,0.463768115942029,1.4058570191570567,0.11084269729489131,0.12621146734050598,"{""noGesture"":0.5365853658536586,""fist"":0.5333333333333333,""waveIn"":0.47058823529411764,""waveOut"":0.37333333333333335,""open"":0.5909090909090909,""pinch"":0.32432432432432434}",uniform,"[0.5, 0.5]",,
feature_bank_fusion_final_20260915,final,epn612,20,cross_user,2,F0|F3_Ring,,,,0.4715122805079764,0.463768115942029,1.4023280728300795,0.11062605463019459,0.1310713258470719,"{""noGesture"":0.5365853658536586,""fist"":0.5333333333333333,""waveIn"":0.47058823529411764,""waveOut"":0.37333333333333335,""open"":0.5909090909090909,""pinch"":0.32432432432432434}",personal_shrinkage,"[0.5178880567542865, 0.4821119432457135]",,
feature_bank_fusion_final_20260915,final,epn612,21,cross_user,2,F0|F3_Ring,,,,0.47554762276641976,0.5072463768115942,1.4073741297565527,0.11373043779212334,0.12889593451641565,"{""noGesture"":0.5365853658536586,""fist"":0.08333333333333333,""waveIn"":0.5217391304347826,""waveOut"":0.6666666666666666,""open"":0.5116279069767442,""pinch"":0.5333333333333333}",uniform,"[0.5, 0.5]",,
feature_bank_fusion_final_20260915,final,epn612,21,cross_user,2,F0|F3_Ring,,,,0.48357383079262783,0.5144927536231884,1.4102510246172677,0.11400355924550115,0.12168584477812579,"{""noGesture"":0.5365853658536586,""fist"":0.08333333333333333,""waveIn"":0.5217391304347826,""waveOut"":0.7027027027027027,""open"":0.5116279069767442,""pinch"":0.5454545454545454}",personal_shrinkage,"[0.48148840828811795, 0.5185115917118821]",,
feature_bank_fusion_final_20260915,final,epn612,19,cross_user,5,F0|F3_Ring,,,,0.44705440553229736,0.4583333333333333,1.5537472140185442,0.12221052178355057,0.18425507406940814,"{""noGesture"":0.47619047619047616,""fist"":0.2608695652173913,""waveIn"":0.47368421052631576,""waveOut"":0.42857142857142855,""open"":0.7096774193548387,""pinch"":0.3333333333333333}",uniform,"[0.5, 0.5]",,
feature_bank_fusion_final_20260915,final,epn612,19,cross_user,5,F0|F3_Ring,,,,0.4354367532804437,0.45,1.5250419472442325,0.1199253873440771,0.21246638202845547,"{""noGesture"":0.47619047619047616,""fist"":0.2608695652173913,""waveIn"":0.47368421052631576,""waveOut"":0.4827586206896552,""open"":0.625,""pinch"":0.29411764705882354}",personal_shrinkage,"[0.5981497839986384, 0.40185021600136167]",,
feature_bank_fusion_final_20260915,final,epn612,20,cross_user,5,F0|F3_Ring,,,,0.5064350785116914,0.5,1.3581611986331181,0.1072974290872077,0.13573928507822386,"{""noGesture"":0.6111111111111112,""fist"":0.5714285714285714,""waveIn"":0.5161290322580645,""waveOut"":0.40625,""open"":0.6111111111111112,""pinch"":0.3225806451612903}",uniform,"[0.5, 0.5]",,
feature_bank_fusion_final_20260915,final,epn612,20,cross_user,5,F0|F3_Ring,,,,0.5177857028761829,0.5083333333333333,1.3446610635260068,0.10648055888329193,0.16804921668091888,"{""noGesture"":0.6111111111111112,""fist"":0.6341463414634146,""waveIn"":0.5161290322580645,""waveOut"":0.3870967741935484,""open"":0.5945945945945946,""pinch"":0.36363636363636365}",personal_shrinkage,"[0.5742697458393651, 0.42573025416063504]",,
feature_bank_fusion_final_20260915,final,epn612,21,cross_user,5,F0|F3_Ring,,,,0.48039827719705763,0.5083333333333333,1.4156006258468634,0.11423113885973193,0.1386682369438283,"{""noGesture"":0.5135135135135135,""fist"":0.09523809523809523,""waveIn"":0.5853658536585366,""waveOut"":0.6875,""open"":0.5142857142857142,""pinch"":0.4864864864864865}",uniform,"[0.5, 0.5]",,
feature_bank_fusion_final_20260915,final,epn612,21,cross_user,5,F0|F3_Ring,,,,0.4655736284412755,0.49166666666666664,1.4076304068413348,0.11353637698656467,0.10583680054435701,"{""noGesture"":0.5,""fist"":0.09090909090909091,""waveIn"":0.6,""waveOut"":0.6875,""open"":0.47058823529411764,""pinch"":0.4444444444444444}",personal_shrinkage,"[0.5811650297566655, 0.4188349702433345]",,
feature_bank_fusion_final_20260915,final,epn612,ALL,cross_user,0,F0|F3_Ring,,,,0.462448997424092,0.4711111111111111,1.4664205058263011,0.11655605524148127,0.14154426551956809,mean per-user aggregation,uniform,per-user weights,,
feature_bank_fusion_final_20260915,final,epn612,ALL,cross_user,0,F0|F3_Ring,,,,0.462448997424092,0.4711111111111111,1.4664205058263011,0.11655605524148127,0.14154426551956809,mean per-user aggregation,personal_shrinkage,per-user weights,,
feature_bank_fusion_final_20260915,final,epn612,ALL,cross_user,1,F0|F3_Ring,,,,0.4692629975367022,0.4791666666666667,1.4573441513993257,0.1158610149609487,0.14738456965208613,mean per-user aggregation,uniform,per-user weights,,
feature_bank_fusion_final_20260915,final,epn612,ALL,cross_user,1,F0|F3_Ring,,,,0.46830339049368414,0.4791666666666667,1.4706475819042533,0.11700417586365168,0.1577120963461223,mean per-user aggregation,personal_shrinkage,per-user weights,,
feature_bank_fusion_final_20260915,final,epn612,ALL,cross_user,2,F0|F3_Ring,,,,0.468963315649682,0.47826086956521746,1.4539577684165428,0.11553741737318207,0.1420000987101848,mean per-user aggregation,uniform,per-user weights,,
feature_bank_fusion_final_20260915,final,epn612,ALL,cross_user,2,F0|F3_Ring,,,,0.47105477200943113,0.48067632850241543,1.4509959036136317,0.11532533077012129,0.13543757184329902,mean per-user aggregation,personal_shrinkage,per-user weights,,
feature_bank_fusion_final_20260915,final,epn612,ALL,cross_user,5,F0|F3_Ring,,,,0.47796258708034883,0.4888888888888889,1.442503012832842,0.11457969657683005,0.15288753203048674,mean per-user aggregation,uniform,per-user weights,,
feature_bank_fusion_final_20260915,final,epn612,ALL,cross_user,5,F0|F3_Ring,,,,0.47293202819930064,0.48333333333333334,1.4257778058705248,0.1133141077379779,0.16211746641791044,mean per-user aggregation,personal_shrinkage,per-user weights,,
feature_bank_session_context_validation_20260915,validation,semg_manus,3,session_2,0,F0|F2c_SPD,,,,0.3448412698412699,0.3333333333333333,1.4406336491085656,0.11676835059309026,0.2718614898306592,"{""flexext_fist"":0.8,""flexext_thumb"":0.25,""flexext_index"":0.0,""flexext_middle"":0.4,""flexext_ring"":0.2857142857142857,""flexext_pinky"":0.3333333333333333}",uniform,"[0.5, 0.5]",,
feature_bank_session_context_validation_20260915,validation,semg_manus,3,session_2,0,F0|F2c_SPD,,,,0.3448412698412699,0.3333333333333333,1.4406336491085656,0.11676835059309026,0.2718614898306592,"{""flexext_fist"":0.8,""flexext_thumb"":0.25,""flexext_index"":0.0,""flexext_middle"":0.4,""flexext_ring"":0.2857142857142857,""flexext_pinky"":0.3333333333333333}",personal,"[0.5, 0.5]",,
feature_bank_session_context_validation_20260915,validation,semg_manus,3,session_2,0,F0|F2c_SPD,,,,0.3448412698412699,0.3333333333333333,1.4406336491085656,0.11676835059309026,0.2718614898306592,"{""flexext_fist"":0.8,""flexext_thumb"":0.25,""flexext_index"":0.0,""flexext_middle"":0.4,""flexext_ring"":0.2857142857142857,""flexext_pinky"":0.3333333333333333}",personal_session_context,"[0.5, 0.5]",,
feature_bank_session_context_validation_20260915,validation,semg_manus,3,session_2,1,F0|F2c_SPD,,,,0.42777777777777776,0.4166666666666667,1.424739426429009,0.1093697629255096,0.28316339310407995,"{""flexext_fist"":1.0,""flexext_thumb"":0.0,""flexext_index"":0.0,""flexext_middle"":0.5,""flexext_ring"":0.4,""flexext_pinky"":0.6666666666666666}",uniform,"[0.5, 0.5]",,
feature_bank_session_context_validation_20260915,validation,semg_manus,3,session_2,1,F0|F2c_SPD,,,,0.42777777777777776,0.4166666666666667,1.4478415318759896,0.10973789847388771,0.30723604004113775,"{""flexext_fist"":1.0,""flexext_thumb"":0.0,""flexext_index"":0.0,""flexext_middle"":0.5,""flexext_ring"":0.4,""flexext_pinky"":0.6666666666666666}",personal,"[0.383683194692531, 0.616316805307469]",,
feature_bank_session_context_validation_20260915,validation,semg_manus,3,session_2,1,F0|F2c_SPD,,,,0.42777777777777776,0.4166666666666667,1.4473032623944382,0.10970904843151444,0.3070363848945373,"{""flexext_fist"":1.0,""flexext_thumb"":0.0,""flexext_index"":0.0,""flexext_middle"":0.5,""flexext_ring"":0.4,""flexext_pinky"":0.6666666666666666}",personal_session_context,"[0.38541205776417, 0.6145879422358301]",,
feature_bank_session_context_validation_20260915,validation,semg_manus,3,session_2,2,F0|F2c_SPD,,,,0.27777777777777773,0.3333333333333333,1.7251092025838453,0.11956859956520997,0.3125730351801543,"{""flexext_fist"":1.0,""flexext_thumb"":0.0,""flexext_index"":0.0,""flexext_middle"":0.0,""flexext_ring"":0.6666666666666666,""flexext_pinky"":0.0}",uniform,"[0.5, 0.5]",,
feature_bank_session_context_validation_20260915,validation,semg_manus,3,session_2,2,F0|F2c_SPD,,,,0.27777777777777773,0.3333333333333333,1.7048514951420275,0.1183179235850683,0.30223511303424017,"{""flexext_fist"":1.0,""flexext_thumb"":0.0,""flexext_index"":0.0,""flexext_middle"":0.0,""flexext_ring"":0.6666666666666666,""flexext_pinky"":0.0}",personal,"[0.546460315089709, 0.45353968491029095]",,
feature_bank_session_context_validation_20260915,validation,semg_manus,3,session_2,2,F0|F2c_SPD,,,,0.27777777777777773,0.3333333333333333,1.7044019034301405,0.11829262883086443,0.30198001243175077,"{""flexext_fist"":1.0,""flexext_thumb"":0.0,""flexext_index"":0.0,""flexext_middle"":0.0,""flexext_ring"":0.6666666666666666,""flexext_pinky"":0.0}",personal_session_context,"[0.547606778973258, 0.45239322102674207]",,
feature_bank_session_context_validation_20260915,validation,semg_manus,4,session_2,0,F0|F2c_SPD,,,,0.4481481481481482,0.5,2.18575566914012,0.11888203606743605,0.2704009394537443,"{""flexext_fist"":1.0,""flexext_thumb"":0.8,""flexext_index"":0.6666666666666666,""flexext_middle"":0.2222222222222222,""flexext_ring"":0.0,""flexext_pinky"":0.0}",uniform,"[0.5, 0.5]",,
feature_bank_session_context_validation_20260915,validation,semg_manus,4,session_2,0,F0|F2c_SPD,,,,0.4481481481481482,0.5,2.18575566914012,0.11888203606743605,0.2704009394537443,"{""flexext_fist"":1.0,""flexext_thumb"":0.8,""flexext_index"":0.6666666666666666,""flexext_middle"":0.2222222222222222,""flexext_ring"":0.0,""flexext_pinky"":0.0}",personal,"[0.5, 0.5]",,
feature_bank_session_context_validation_20260915,validation,semg_manus,4,session_2,0,F0|F2c_SPD,,,,0.4481481481481482,0.5,2.18575566914012,0.11888203606743605,0.2704009394537443,"{""flexext_fist"":1.0,""flexext_thumb"":0.8,""flexext_index"":0.6666666666666666,""flexext_middle"":0.2222222222222222,""flexext_ring"":0.0,""flexext_pinky"":0.0}",personal_session_context,"[0.5, 0.5]",,
feature_bank_session_context_validation_20260915,validation,semg_manus,4,session_2,1,F0|F2c_SPD,,,,0.42857142857142855,0.5,2.155295096268345,0.12129120180921163,0.2126756909671235,"{""flexext_fist"":1.0,""flexext_thumb"":1.0,""flexext_index"":0.5714285714285714,""flexext_middle"":0.0,""flexext_ring"":0.0,""flexext_pinky"":0.0}",uniform,"[0.5, 0.5]",,
feature_bank_session_context_validation_20260915,validation,semg_manus,4,session_2,1,F0|F2c_SPD,,,,0.42857142857142855,0.5,2.1554970001711395,0.12133909645742429,0.212655249491898,"{""flexext_fist"":1.0,""flexext_thumb"":1.0,""flexext_index"":0.5714285714285714,""flexext_middle"":0.0,""flexext_ring"":0.0,""flexext_pinky"":0.0}",personal,"[0.5025419106223027, 0.49745808937769737]",,
feature_bank_session_context_validation_20260915,validation,semg_manus,4,session_2,1,F0|F2c_SPD,,,,0.5,0.5833333333333334,2.1531528732828313,0.12075792715058256,0.22026723709867696,"{""flexext_fist"":1.0,""flexext_thumb"":1.0,""flexext_index"":0.6666666666666666,""flexext_middle"":0.3333333333333333,""flexext_ring"":0.0,""flexext_pinky"":0.0}",personal_session_context,"[0.47039848931181427, 0.5296015106881858]",,
feature_bank_session_context_validation_20260915,validation,semg_manus,4,session_2,2,F0|F2c_SPD,,,,0.4166666666666667,0.5,1.757344677797156,0.11897380745613978,0.4854716596416442,"{""flexext_fist"":1.0,""flexext_thumb"":1.0,""flexext_index"":0.5,""flexext_middle"":0.0,""flexext_ring"":0.0,""flexext_pinky"":0.0}",uniform,"[0.5, 0.5]",,
feature_bank_session_context_validation_20260915,validation,semg_manus,4,session_2,2,F0|F2c_SPD,,,,0.4166666666666667,0.5,1.7588733751966201,0.1195132767093235,0.4867675866908958,"{""flexext_fist"":1.0,""flexext_thumb"":1.0,""flexext_index"":0.5,""flexext_middle"":0.0,""flexext_ring"":0.0,""flexext_pinky"":0.0}",personal,"[0.5228451407978707, 0.47715485920212924]",,
feature_bank_session_context_validation_20260915,validation,semg_manus,4,session_2,2,F0|F2c_SPD,,,,0.4166666666666667,0.5,1.7582643158214415,0.11930615584122806,0.4862773609063173,"{""flexext_fist"":1.0,""flexext_thumb"":1.0,""flexext_index"":0.5,""flexext_middle"":0.0,""flexext_ring"":0.0,""flexext_pinky"":0.0}",personal_session_context,"[0.5142032368589786, 0.4857967631410214]",,
feature_bank_session_context_validation_20260915,validation,semg_manus,5,session_2,0,F0|F2c_SPD,,,,0.37142857142857144,0.4444444444444444,1.3770521415075563,0.11910988882050386,0.3796385617348066,"{""flexext_fist"":1.0,""flexext_thumb"":0.0,""flexext_index"":0.0,""flexext_middle"":0.0,""flexext_ring"":0.8,""flexext_pinky"":0.42857142857142855}",uniform,"[0.5, 0.5]",,
feature_bank_session_context_validation_20260915,validation,semg_manus,5,session_2,0,F0|F2c_SPD,,,,0.37142857142857144,0.4444444444444444,1.3770521415075563,0.11910988882050386,0.3796385617348066,"{""flexext_fist"":1.0,""flexext_thumb"":0.0,""flexext_index"":0.0,""flexext_middle"":0.0,""flexext_ring"":0.8,""flexext_pinky"":0.42857142857142855}",personal,"[0.5, 0.5]",,
feature_bank_session_context_validation_20260915,validation,semg_manus,5,session_2,0,F0|F2c_SPD,,,,0.37142857142857144,0.4444444444444444,1.3770521415075563,0.11910988882050386,0.3796385617348066,"{""flexext_fist"":1.0,""flexext_thumb"":0.0,""flexext_index"":0.0,""flexext_middle"":0.0,""flexext_ring"":0.8,""flexext_pinky"":0.42857142857142855}",personal_session_context,"[0.5, 0.5]",,
feature_bank_session_context_validation_20260915,validation,semg_manus,5,session_2,1,F0|F2c_SPD,,,,0.3518518518518518,0.4166666666666667,1.527490004404774,0.12606110106057,0.4491156381282231,"{""flexext_fist"":1.0,""flexext_thumb"":0.0,""flexext_index"":0.0,""flexext_middle"":0.0,""flexext_ring"":0.6666666666666666,""flexext_pinky"":0.4444444444444444}",uniform,"[0.5, 0.5]",,
feature_bank_session_context_validation_20260915,validation,semg_manus,5,session_2,1,F0|F2c_SPD,,,,0.3518518518518518,0.4166666666666667,1.5375465349053938,0.1267512024941761,0.39018142528998306,"{""flexext_fist"":1.0,""flexext_thumb"":0.0,""flexext_index"":0.0,""flexext_middle"":0.0,""flexext_ring"":0.6666666666666666,""flexext_pinky"":0.4444444444444444}",personal,"[0.5485436560332501, 0.45145634396675]",,
feature_bank_session_context_validation_20260915,validation,semg_manus,5,session_2,1,F0|F2c_SPD,,,,0.3518518518518518,0.4166666666666667,1.5381565943158728,0.1267920883967842,0.39009729187556197,"{""flexext_fist"":1.0,""flexext_thumb"":0.0,""flexext_index"":0.0,""flexext_middle"":0.0,""flexext_ring"":0.6666666666666666,""flexext_pinky"":0.4444444444444444}",personal_session_context,"[0.5509703343567811, 0.4490296656432189]",,
feature_bank_session_context_validation_20260915,validation,semg_manus,5,session_2,2,F0|F2c_SPD,,,,0.39999999999999997,0.5,1.1295880057175478,0.10849762388745048,0.45080825725873547,"{""flexext_fist"":1.0,""flexext_thumb"":0.0,""flexext_index"":0.0,""flexext_middle"":0.0,""flexext_ring"":1.0,""flexext_pinky"":0.4}",uniform,"[0.5, 0.5]",,
feature_bank_session_context_validation_20260915,validation,semg_manus,5,session_2,2,F0|F2c_SPD,,,,0.39999999999999997,0.5,1.1353625497924793,0.10775445463779602,0.4435560023708057,"{""flexext_fist"":1.0,""flexext_thumb"":0.0,""flexext_index"":0.0,""flexext_middle"":0.0,""flexext_ring"":1.0,""flexext_pinky"":0.4}",personal,"[0.4124256906472948, 0.5875743093527053]",,
feature_bank_session_context_validation_20260915,validation,semg_manus,5,session_2,2,F0|F2c_SPD,,,,0.39999999999999997,0.5,1.133998987589642,0.10781631908310592,0.4445076456077503,"{""flexext_fist"":1.0,""flexext_thumb"":0.0,""flexext_index"":0.0,""flexext_middle"":0.0,""flexext_ring"":1.0,""flexext_pinky"":0.4}",personal_session_context,"[0.4239172199045341, 0.5760827800954658]",,
feature_bank_session_context_validation_20260915,validation,semg_manus,6,session_2,0,F0|F2c_SPD,,,,0.4338624338624339,0.5,1.0084787739605072,0.09809915972452463,0.2028336597413085,"{""flexext_fist"":0.2222222222222222,""flexext_thumb"":0.8571428571428571,""flexext_index"":0.0,""flexext_middle"":0.6666666666666666,""flexext_ring"":0.8571428571428571,""flexext_pinky"":0.0}",uniform,"[0.5, 0.5]",,
feature_bank_session_context_validation_20260915,validation,semg_manus,6,session_2,0,F0|F2c_SPD,,,,0.4338624338624339,0.5,1.0084787739605072,0.09809915972452463,0.2028336597413085,"{""flexext_fist"":0.2222222222222222,""flexext_thumb"":0.8571428571428571,""flexext_index"":0.0,""flexext_middle"":0.6666666666666666,""flexext_ring"":0.8571428571428571,""flexext_pinky"":0.0}",personal,"[0.5, 0.5]",,
feature_bank_session_context_validation_20260915,validation,semg_manus,6,session_2,0,F0|F2c_SPD,,,,0.4338624338624339,0.5,1.0084787739605072,0.09809915972452463,0.2028336597413085,"{""flexext_fist"":0.2222222222222222,""flexext_thumb"":0.8571428571428571,""flexext_index"":0.0,""flexext_middle"":0.6666666666666666,""flexext_ring"":0.8571428571428571,""flexext_pinky"":0.0}",personal_session_context,"[0.5, 0.5]",,
feature_bank_session_context_validation_20260915,validation,semg_manus,6,session_2,1,F0|F2c_SPD,,,,0.4388888888888889,0.5,1.0681746834870862,0.10358834442999172,0.23826114346534918,"{""flexext_fist"":0.3333333333333333,""flexext_thumb"":1.0,""flexext_index"":0.0,""flexext_middle"":0.5,""flexext_ring"":0.8,""flexext_pinky"":0.0}",uniform,"[0.5, 0.5]",,
feature_bank_session_context_validation_20260915,validation,semg_manus,6,session_2,1,F0|F2c_SPD,,,,0.35000000000000003,0.4166666666666667,1.056418244970949,0.10251883741684016,0.31720770374394364,"{""flexext_fist"":0.0,""flexext_thumb"":0.8,""flexext_index"":0.0,""flexext_middle"":0.5,""flexext_ring"":0.8,""flexext_pinky"":0.0}",personal,"[0.4808528665726263, 0.5191471334273737]",,
feature_bank_session_context_validation_20260915,validation,semg_manus,6,session_2,1,F0|F2c_SPD,,,,0.35000000000000003,0.4166666666666667,1.053239507917642,0.1022320156076914,0.31634326598588935,"{""flexext_fist"":0.0,""flexext_thumb"":0.8,""flexext_index"":0.0,""flexext_middle"":0.5,""flexext_ring"":0.8,""flexext_pinky"":0.0}",personal_session_context,"[0.47555756174065866, 0.5244424382593413]",,
feature_bank_session_context_validation_20260915,validation,semg_manus,6,session_2,2,F0|F2c_SPD,,,,0.5833333333333334,0.6666666666666666,1.059804978892666,0.09511670924356247,0.23704961547046757,"{""flexext_fist"":0.5,""flexext_thumb"":1.0,""flexext_index"":0.0,""flexext_middle"":1.0,""flexext_ring"":1.0,""flexext_pinky"":0.0}",uniform,"[0.5, 0.5]",,
feature_bank_session_context_validation_20260915,validation,semg_manus,6,session_2,2,F0|F2c_SPD,,,,0.5833333333333334,0.6666666666666666,1.0960374154937726,0.09873129942826644,0.3628643906484257,"{""flexext_fist"":0.5,""flexext_thumb"":1.0,""flexext_index"":0.0,""flexext_middle"":1.0,""flexext_ring"":1.0,""flexext_pinky"":0.0}",personal,"[0.5651636359598586, 0.43483636404014137]",,
feature_bank_session_context_validation_20260915,validation,semg_manus,6,session_2,2,F0|F2c_SPD,,,,0.5833333333333334,0.6666666666666666,1.0860809912462657,0.09769974438226517,0.37586321244710985,"{""flexext_fist"":0.5,""flexext_thumb"":1.0,""flexext_index"":0.0,""flexext_middle"":1.0,""flexext_ring"":1.0,""flexext_pinky"":0.0}",personal_session_context,"[0.5480710665807016, 0.45192893341929846]",,
feature_bank_session_context_validation_20260915,validation,semg_manus,7,session_2,0,F0|F2c_SPD,,,,0.25396825396825395,0.2777777777777778,2.494657711673137,0.16358571336651012,0.395389960658058,"{""flexext_fist"":0.6666666666666666,""flexext_thumb"":0.0,""flexext_index"":0.0,""flexext_middle"":0.0,""flexext_ring"":0.8571428571428571,""flexext_pinky"":0.0}",uniform,"[0.5, 0.5]",,
feature_bank_session_context_validation_20260915,validation,semg_manus,7,session_2,0,F0|F2c_SPD,,,,0.25396825396825395,0.2777777777777778,2.494657711673137,0.16358571336651012,0.395389960658058,"{""flexext_fist"":0.6666666666666666,""flexext_thumb"":0.0,""flexext_index"":0.0,""flexext_middle"":0.0,""flexext_ring"":0.8571428571428571,""flexext_pinky"":0.0}",personal,"[0.5, 0.5]",,
feature_bank_session_context_validation_20260915,validation,semg_manus,7,session_2,0,F0|F2c_SPD,,,,0.25396825396825395,0.2777777777777778,2.494657711673137,0.16358571336651012,0.395389960658058,"{""flexext_fist"":0.6666666666666666,""flexext_thumb"":0.0,""flexext_index"":0.0,""flexext_middle"":0.0,""flexext_ring"":0.8571428571428571,""flexext_pinky"":0.0}",personal_session_context,"[0.5, 0.5]",,
feature_bank_session_context_validation_20260915,validation,semg_manus,7,session_2,1,F0|F2c_SPD,,,,0.24444444444444446,0.25,2.3958900700435715,0.16585585535368905,0.40128810874543297,"{""flexext_fist"":0.6666666666666666,""flexext_thumb"":0.0,""flexext_index"":0.0,""flexext_middle"":0.0,""flexext_ring"":0.8,""flexext_pinky"":0.0}",uniform,"[0.5, 0.5]",,
feature_bank_session_context_validation_20260915,validation,semg_manus,7,session_2,1,F0|F2c_SPD,,,,0.24444444444444446,0.25,2.3959464422288415,0.1658586113814701,0.40128925030730284,"{""flexext_fist"":0.6666666666666666,""flexext_thumb"":0.0,""flexext_index"":0.0,""flexext_middle"":0.0,""flexext_ring"":0.8,""flexext_pinky"":0.0}",personal,"[0.4998879845716032, 0.5001120154283969]",,
feature_bank_session_context_validation_20260915,validation,semg_manus,7,session_2,1,F0|F2c_SPD,,,,0.24444444444444446,0.25,2.379413889085416,0.16507473983876833,0.4009310359987214,"{""flexext_fist"":0.6666666666666666,""flexext_thumb"":0.0,""flexext_index"":0.0,""flexext_middle"":0.0,""flexext_ring"":0.8,""flexext_pinky"":0.0}",personal_session_context,"[0.535037660024008, 0.464962339975992]",,
feature_bank_session_context_validation_20260915,validation,semg_manus,7,session_2,2,F0|F2c_SPD,,,,0.3333333333333333,0.3333333333333333,2.679146521931162,0.17028833987382064,0.3762356323142944,"{""flexext_fist"":1.0,""flexext_thumb"":0.0,""flexext_index"":0.0,""flexext_middle"":0.0,""flexext_ring"":1.0,""flexext_pinky"":0.0}",uniform,"[0.5, 0.5]",,
feature_bank_session_context_validation_20260915,validation,semg_manus,7,session_2,2,F0|F2c_SPD,,,,0.3333333333333333,0.3333333333333333,2.6405487902976237,0.16854333989158543,0.41570556151843846,"{""flexext_fist"":1.0,""flexext_thumb"":0.0,""flexext_index"":0.0,""flexext_middle"":0.0,""flexext_ring"":1.0,""flexext_pinky"":0.0}",personal,"[0.5577023716835434, 0.4422976283164566]",,
feature_bank_session_context_validation_20260915,validation,semg_manus,7,session_2,2,F0|F2c_SPD,,,,0.3333333333333333,0.3333333333333333,2.6249778633518352,0.1678889455400964,0.41287588435945305,"{""flexext_fist"":1.0,""flexext_thumb"":0.0,""flexext_index"":0.0,""flexext_middle"":0.0,""flexext_ring"":1.0,""flexext_pinky"":0.0}",personal_session_context,"[0.5834409620742281, 0.4165590379257719]",,
feature_bank_session_context_validation_20260915,validation,semg_manus,8,session_2,0,F0|F2c_SPD,,,,0.2722222222222222,0.3333333333333333,1.4081395003298551,0.12297103144934105,0.33317307345744396,"{""flexext_fist"":0.6666666666666666,""flexext_thumb"":0.0,""flexext_index"":0.16666666666666666,""flexext_middle"":0.0,""flexext_ring"":0.8,""flexext_pinky"":0.0}",uniform,"[0.5, 0.5]",,
feature_bank_session_context_validation_20260915,validation,semg_manus,8,session_2,0,F0|F2c_SPD,,,,0.2722222222222222,0.3333333333333333,1.4081395003298551,0.12297103144934105,0.33317307345744396,"{""flexext_fist"":0.6666666666666666,""flexext_thumb"":0.0,""flexext_index"":0.16666666666666666,""flexext_middle"":0.0,""flexext_ring"":0.8,""flexext_pinky"":0.0}",personal,"[0.5, 0.5]",,
feature_bank_session_context_validation_20260915,validation,semg_manus,8,session_2,0,F0|F2c_SPD,,,,0.2722222222222222,0.3333333333333333,1.4081395003298551,0.12297103144934105,0.33317307345744396,"{""flexext_fist"":0.6666666666666666,""flexext_thumb"":0.0,""flexext_index"":0.16666666666666666,""flexext_middle"":0.0,""flexext_ring"":0.8,""flexext_pinky"":0.0}",personal_session_context,"[0.5, 0.5]",,
feature_bank_session_context_validation_20260915,validation,semg_manus,8,session_2,1,F0|F2c_SPD,,,,0.28148148148148144,0.3333333333333333,1.5070420663271937,0.13024911997363192,0.417903417726277,"{""flexext_fist"":0.8,""flexext_thumb"":0.0,""flexext_index"":0.2222222222222222,""flexext_middle"":0.0,""flexext_ring"":0.6666666666666666,""flexext_pinky"":0.0}",uniform,"[0.5, 0.5]",,
feature_bank_session_context_validation_20260915,validation,semg_manus,8,session_2,1,F0|F2c_SPD,,,,0.28148148148148144,0.3333333333333333,1.522619028480973,0.1317079766698549,0.2668056885294888,"{""flexext_fist"":0.8,""flexext_thumb"":0.0,""flexext_index"":0.2222222222222222,""flexext_middle"":0.0,""flexext_ring"":0.6666666666666666,""flexext_pinky"":0.0}",personal,"[0.44959535089785163, 0.5504046491021484]",,
feature_bank_session_context_validation_20260915,validation,semg_manus,8,session_2,1,F0|F2c_SPD,,,,0.28148148148148144,0.3333333333333333,1.515818991342744,0.1310776035249635,0.26459886796000864,"{""flexext_fist"":0.8,""flexext_thumb"":0.0,""flexext_index"":0.2222222222222222,""flexext_middle"":0.0,""flexext_ring"":0.6666666666666666,""flexext_pinky"":0.0}",personal_session_context,"[0.4701777749571304, 0.5298222250428697]",,
feature_bank_session_context_validation_20260915,validation,semg_manus,8,session_2,2,F0|F2c_SPD,,,,0.1111111111111111,0.16666666666666666,1.419356398160323,0.13109521773083563,0.4408430650777683,"{""flexext_fist"":0.6666666666666666,""flexext_thumb"":0.0,""flexext_index"":0.0,""flexext_middle"":0.0,""flexext_ring"":0.0,""flexext_pinky"":0.0}",uniform,"[0.5, 0.5]",,
feature_bank_session_context_validation_20260915,validation,semg_manus,8,session_2,2,F0|F2c_SPD,,,,0.1111111111111111,0.16666666666666666,1.4009149900689524,0.12857511955336157,0.42331675809957325,"{""flexext_fist"":0.6666666666666666,""flexext_thumb"":0.0,""flexext_index"":0.0,""flexext_middle"":0.0,""flexext_ring"":0.0,""flexext_pinky"":0.0}",personal,"[0.5459821672933877, 0.45401783270661233]",,
feature_bank_session_context_validation_20260915,validation,semg_manus,8,session_2,2,F0|F2c_SPD,,,,0.1111111111111111,0.16666666666666666,1.3956158460380177,0.1278289473650594,0.4176712723652987,"{""flexext_fist"":0.6666666666666666,""flexext_thumb"":0.0,""flexext_index"":0.0,""flexext_middle"":0.0,""flexext_ring"":0.0,""flexext_pinky"":0.0}",personal_session_context,"[0.5607937114372175, 0.4392062885627826]",,
feature_bank_session_context_validation_20260915,validation,semg_manus,ALL,session_2,0,F0|F2c_SPD,,,,0.35407848324514996,0.39814814814814814,1.652452907619957,0.12323603000356768,0.3088829474793368,mean per-user aggregation,uniform,per-user weights,,
feature_bank_session_context_validation_20260915,validation,semg_manus,ALL,session_2,0,F0|F2c_SPD,,,,0.35407848324514996,0.39814814814814814,1.652452907619957,0.12323603000356768,0.3088829474793368,mean per-user aggregation,personal,per-user weights,,
feature_bank_session_context_validation_20260915,validation,semg_manus,ALL,session_2,0,F0|F2c_SPD,,,,0.35407848324514996,0.39814814814814814,1.652452907619957,0.12323603000356768,0.3088829474793368,mean per-user aggregation,personal_session_context,per-user weights,,
feature_bank_session_context_validation_20260915,validation,semg_manus,ALL,session_2,1,F0|F2c_SPD,,,,0.36216931216931214,0.40277777777777785,1.6797718911599968,0.12606923092543398,0.333734565356081,mean per-user aggregation,uniform,per-user weights,,
feature_bank_session_context_validation_20260915,validation,semg_manus,ALL,session_2,1,F0|F2c_SPD,,,,0.3473544973544973,0.3888888888888889,1.6859781304388812,0.1263189371489422,0.3158958929006257,mean per-user aggregation,personal,per-user weights,,
feature_bank_session_context_validation_20260915,validation,semg_manus,ALL,session_2,1,F0|F2c_SPD,,,,0.35925925925925933,0.40277777777777785,1.6811808530564907,0.1259405704917174,0.31654568063556593,mean per-user aggregation,personal_session_context,per-user weights,,
feature_bank_session_context_validation_20260915,validation,semg_manus,ALL,session_2,2,F0|F2c_SPD,,,,0.3537037037037037,0.4166666666666667,1.6283916308471167,0.12392338295950317,0.38383021082384405,mean per-user aggregation,uniform,per-user weights,,
feature_bank_session_context_validation_20260915,validation,semg_manus,ALL,session_2,2,F0|F2c_SPD,,,,0.3537037037037037,0.4166666666666667,1.6227647693319127,0.12357256896756687,0.40574090206039654,mean per-user aggregation,personal,per-user weights,,
feature_bank_session_context_validation_20260915,validation,semg_manus,ALL,session_2,2,F0|F2c_SPD,,,,0.3537037037037037,0.4166666666666667,1.6172233179128905,0.1231387901737699,0.40652923135294666,mean per-user aggregation,personal_session_context,per-user weights,,
feature_bank_session_context_final_20260915,final,semg_manus,3,session_3,0,F0|F2c_SPD,,,,0.4666666666666666,0.5,1.6916163462958376,0.12002374745332796,0.19856321413773625,"{""flexext_fist"":0.5,""flexext_thumb"":0.5,""flexext_index"":0.8,""flexext_middle"":0.5,""flexext_ring"":0.5,""flexext_pinky"":0.0}",uniform,"[0.5, 0.5]",,
feature_bank_session_context_final_20260915,final,semg_manus,3,session_3,0,F0|F2c_SPD,,,,0.4666666666666666,0.5,1.6916163462958376,0.12002374745332796,0.19856321413773625,"{""flexext_fist"":0.5,""flexext_thumb"":0.5,""flexext_index"":0.8,""flexext_middle"":0.5,""flexext_ring"":0.5,""flexext_pinky"":0.0}",personal,"[0.5, 0.5]",,
feature_bank_session_context_final_20260915,final,semg_manus,3,session_3,0,F0|F2c_SPD,,,,0.4666666666666666,0.5,1.6916163462958376,0.12002374745332796,0.19856321413773625,"{""flexext_fist"":0.5,""flexext_thumb"":0.5,""flexext_index"":0.8,""flexext_middle"":0.5,""flexext_ring"":0.5,""flexext_pinky"":0.0}",personal_session_context,"[0.5, 0.5]",,
feature_bank_session_context_final_20260915,final,semg_manus,3,session_3,1,F0|F2c_SPD,,,,0.4907407407407407,0.5,1.4751859220091557,0.10941913400200284,0.1643153852904681,"{""flexext_fist"":0.6666666666666666,""flexext_thumb"":0.5,""flexext_index"":0.6666666666666666,""flexext_middle"":0.4444444444444444,""flexext_ring"":0.6666666666666666,""flexext_pinky"":0.0}",uniform,"[0.5, 0.5]",,
feature_bank_session_context_final_20260915,final,semg_manus,3,session_3,1,F0|F2c_SPD,,,,0.3796296296296296,0.4166666666666667,1.4802227939564554,0.11169962242149628,0.17420689635315004,"{""flexext_fist"":0.5,""flexext_thumb"":0.0,""flexext_index"":0.6666666666666666,""flexext_middle"":0.4444444444444444,""flexext_ring"":0.6666666666666666,""flexext_pinky"":0.0}",personal,"[0.38781553732279145, 0.6121844626772086]",,
feature_bank_session_context_final_20260915,final,semg_manus,3,session_3,1,F0|F2c_SPD,,,,0.4907407407407407,0.5,1.4779023458228988,0.11109060903685372,0.2512446071591618,"{""flexext_fist"":0.6666666666666666,""flexext_thumb"":0.5,""flexext_index"":0.6666666666666666,""flexext_middle"":0.4444444444444444,""flexext_ring"":0.6666666666666666,""flexext_pinky"":0.0}",personal_session_context,"[0.407144831978049, 0.5928551680219509]",,
feature_bank_session_context_final_20260915,final,semg_manus,3,session_3,2,F0|F2c_SPD,,,,0.17777777777777778,0.3333333333333333,1.649503232580403,0.12815013042333748,0.45553374272454633,"{""flexext_fist"":0.0,""flexext_thumb"":0.6666666666666666,""flexext_index"":0.0,""flexext_middle"":0.4,""flexext_ring"":0.0,""flexext_pinky"":0.0}",uniform,"[0.5, 0.5]",,
feature_bank_session_context_final_20260915,final,semg_manus,3,session_3,2,F0|F2c_SPD,,,,0.17777777777777778,0.3333333333333333,1.6458301313486265,0.12784214420604256,0.4575207819546808,"{""flexext_fist"":0.0,""flexext_thumb"":0.6666666666666666,""flexext_index"":0.0,""flexext_middle"":0.4,""flexext_ring"":0.0,""flexext_pinky"":0.0}",personal,"[0.4801244582917644, 0.5198755417082356]",,
feature_bank_session_context_final_20260915,final,semg_manus,3,session_3,2,F0|F2c_SPD,,,,0.17777777777777778,0.3333333333333333,1.6515702428320858,0.12833901836499628,0.4545478819930753,"{""flexext_fist"":0.0,""flexext_thumb"":0.6666666666666666,""flexext_index"":0.0,""flexext_middle"":0.4,""flexext_ring"":0.0,""flexext_pinky"":0.0}",personal_session_context,"[0.5098611621701786, 0.4901388378298214]",,
feature_bank_session_context_final_20260915,final,semg_manus,4,session_3,0,F0|F2c_SPD,,,,0.36984126984126986,0.3888888888888889,1.458848946440151,0.12021132763588253,0.22239040572584973,"{""flexext_fist"":0.8,""flexext_thumb"":0.0,""flexext_index"":0.2857142857142857,""flexext_middle"":0.4,""flexext_ring"":0.3333333333333333,""flexext_pinky"":0.4}",uniform,"[0.5, 0.5]",,
feature_bank_session_context_final_20260915,final,semg_manus,4,session_3,0,F0|F2c_SPD,,,,0.36984126984126986,0.3888888888888889,1.458848946440151,0.12021132763588253,0.22239040572584973,"{""flexext_fist"":0.8,""flexext_thumb"":0.0,""flexext_index"":0.2857142857142857,""flexext_middle"":0.4,""flexext_ring"":0.3333333333333333,""flexext_pinky"":0.4}",personal,"[0.5, 0.5]",,
feature_bank_session_context_final_20260915,final,semg_manus,4,session_3,0,F0|F2c_SPD,,,,0.36984126984126986,0.3888888888888889,1.458848946440151,0.12021132763588253,0.22239040572584973,"{""flexext_fist"":0.8,""flexext_thumb"":0.0,""flexext_index"":0.2857142857142857,""flexext_middle"":0.4,""flexext_ring"":0.3333333333333333,""flexext_pinky"":0.4}",personal_session_context,"[0.5, 0.5]",,
feature_bank_session_context_final_20260915,final,semg_manus,4,session_3,1,F0|F2c_SPD,,,,0.41984126984126985,0.4166666666666667,1.4026981726296797,0.11957168573771661,0.2307000670667519,"{""flexext_fist"":0.6666666666666666,""flexext_thumb"":0.0,""flexext_index"":0.4,""flexext_middle"":0.2857142857142857,""flexext_ring"":0.5,""flexext_pinky"":0.6666666666666666}",uniform,"[0.5, 0.5]",,
feature_bank_session_context_final_20260915,final,semg_manus,4,session_3,1,F0|F2c_SPD,,,,0.41984126984126985,0.4166666666666667,1.3984611661895014,0.11929117640458704,0.19391693988749392,"{""flexext_fist"":0.6666666666666666,""flexext_thumb"":0.0,""flexext_index"":0.4,""flexext_middle"":0.2857142857142857,""flexext_ring"":0.5,""flexext_pinky"":0.6666666666666666}",personal,"[0.48183542244692507, 0.518164577553075]",,
feature_bank_session_context_final_20260915,final,semg_manus,4,session_3,1,F0|F2c_SPD,,,,0.41984126984126985,0.4166666666666667,1.3947937259809111,0.1190644599477661,0.1932702462814004,"{""flexext_fist"":0.6666666666666666,""flexext_thumb"":0.0,""flexext_index"":0.4,""flexext_middle"":0.2857142857142857,""flexext_ring"":0.5,""flexext_pinky"":0.6666666666666666}",personal_session_context,"[0.46415008493470034, 0.5358499150652997]",,
feature_bank_session_context_final_20260915,final,semg_manus,4,session_3,2,F0|F2c_SPD,,,,0.5833333333333334,0.6666666666666666,1.0823122674863763,0.09159029712567583,0.30035675940584994,"{""flexext_fist"":0.0,""flexext_thumb"":0.0,""flexext_index"":1.0,""flexext_middle"":0.5,""flexext_ring"":1.0,""flexext_pinky"":1.0}",uniform,"[0.5, 0.5]",,
feature_bank_session_context_final_20260915,final,semg_manus,4,session_3,2,F0|F2c_SPD,,,,0.5833333333333334,0.6666666666666666,1.0743968669512096,0.09218631903454622,0.30257596281904475,"{""flexext_fist"":0.0,""flexext_thumb"":0.0,""flexext_index"":1.0,""flexext_middle"":0.5,""flexext_ring"":1.0,""flexext_pinky"":1.0}",personal,"[0.560346675805502, 0.439653324194498]",,
feature_bank_session_context_final_20260915,final,semg_manus,4,session_3,2,F0|F2c_SPD,,,,0.5833333333333334,0.6666666666666666,1.0750473579853541,0.09207288042052797,0.3013689795085199,"{""flexext_fist"":0.0,""flexext_thumb"":0.0,""flexext_index"":1.0,""flexext_middle"":0.5,""flexext_ring"":1.0,""flexext_pinky"":1.0}",personal_session_context,"[0.5527828188691921, 0.447217181130808]",,
feature_bank_session_context_final_20260915,final,semg_manus,5,session_3,0,F0|F2c_SPD,,,,0.8214285714285715,0.8333333333333334,0.5605449528366635,0.04669999024400034,0.26114474788413805,"{""flexext_fist"":1.0,""flexext_thumb"":0.8571428571428571,""flexext_index"":0.5714285714285714,""flexext_middle"":0.5,""flexext_ring"":1.0,""flexext_pinky"":1.0}",uniform,"[0.5, 0.5]",,
feature_bank_session_context_final_20260915,final,semg_manus,5,session_3,0,F0|F2c_SPD,,,,0.8214285714285715,0.8333333333333334,0.5605449528366635,0.04669999024400034,0.26114474788413805,"{""flexext_fist"":1.0,""flexext_thumb"":0.8571428571428571,""flexext_index"":0.5714285714285714,""flexext_middle"":0.5,""flexext_ring"":1.0,""flexext_pinky"":1.0}",personal,"[0.5, 0.5]",,
feature_bank_session_context_final_20260915,final,semg_manus,5,session_3,0,F0|F2c_SPD,,,,0.8214285714285715,0.8333333333333334,0.5605449528366635,0.04669999024400034,0.26114474788413805,"{""flexext_fist"":1.0,""flexext_thumb"":0.8571428571428571,""flexext_index"":0.5714285714285714,""flexext_middle"":0.5,""flexext_ring"":1.0,""flexext_pinky"":1.0}",personal_session_context,"[0.5, 0.5]",,
feature_bank_session_context_final_20260915,final,semg_manus,5,session_3,1,F0|F2c_SPD,,,,0.8277777777777778,0.8333333333333334,0.5617396760378542,0.04817031913912923,0.2985224879375277,"{""flexext_fist"":1.0,""flexext_thumb"":0.8,""flexext_index"":0.5,""flexext_middle"":0.6666666666666666,""flexext_ring"":1.0,""flexext_pinky"":1.0}",uniform,"[0.5, 0.5]",,
feature_bank_session_context_final_20260915,final,semg_manus,5,session_3,1,F0|F2c_SPD,,,,0.7555555555555555,0.75,0.5623765858284364,0.04798602601879395,0.33573154000944533,"{""flexext_fist"":0.6666666666666666,""flexext_thumb"":0.8,""flexext_index"":0.4,""flexext_middle"":0.6666666666666666,""flexext_ring"":1.0,""flexext_pinky"":1.0}",personal,"[0.5332342816220556, 0.46676571837794445]",,
feature_bank_session_context_final_20260915,final,semg_manus,5,session_3,1,F0|F2c_SPD,,,,0.8333333333333334,0.8333333333333334,0.563802150828177,0.04793401732851129,0.22568705795341715,"{""flexext_fist"":0.6666666666666666,""flexext_thumb"":1.0,""flexext_index"":0.6666666666666666,""flexext_middle"":0.6666666666666666,""flexext_ring"":1.0,""flexext_pinky"":1.0}",personal_session_context,"[0.5666718872694987, 0.43332811273050126]",,
feature_bank_session_context_final_20260915,final,semg_manus,5,session_3,2,F0|F2c_SPD,,,,0.611111111111111,0.6666666666666666,0.5655704651844017,0.050438442867919986,0.31712837515772635,"{""flexext_fist"":1.0,""flexext_thumb"":0.6666666666666666,""flexext_index"":0.0,""flexext_middle"":0.0,""flexext_ring"":1.0,""flexext_pinky"":1.0}",uniform,"[0.5, 0.5]",,
feature_bank_session_context_final_20260915,final,semg_manus,5,session_3,2,F0|F2c_SPD,,,,0.611111111111111,0.6666666666666666,0.5655424743382677,0.050480235983450125,0.17707301131709477,"{""flexext_fist"":1.0,""flexext_thumb"":0.6666666666666666,""flexext_index"":0.0,""flexext_middle"":0.0,""flexext_ring"":1.0,""flexext_pinky"":1.0}",personal,"[0.4956422054511291, 0.5043577945488709]",,
feature_bank_session_context_final_20260915,final,semg_manus,5,session_3,2,F0|F2c_SPD,,,,0.611111111111111,0.6666666666666666,0.5661407299264508,0.05019968629599858,0.3188065510135897,"{""flexext_fist"":1.0,""flexext_thumb"":0.6666666666666666,""flexext_index"":0.0,""flexext_middle"":0.0,""flexext_ring"":1.0,""flexext_pinky"":1.0}",personal_session_context,"[0.5310155484626248, 0.4689844515373752]",,
feature_bank_session_context_final_20260915,final,semg_manus,6,session_3,0,F0|F2c_SPD,,,,0.30549450549450546,0.3888888888888889,1.4058456883709558,0.12242844375196534,0.3180474352904504,"{""flexext_fist"":0.5714285714285714,""flexext_thumb"":0.0,""flexext_index"":0.0,""flexext_middle"":0.46153846153846156,""flexext_ring"":0.8,""flexext_pinky"":0.0}",uniform,"[0.5, 0.5]",,
feature_bank_session_context_final_20260915,final,semg_manus,6,session_3,0,F0|F2c_SPD,,,,0.30549450549450546,0.3888888888888889,1.4058456883709558,0.12242844375196534,0.3180474352904504,"{""flexext_fist"":0.5714285714285714,""flexext_thumb"":0.0,""flexext_index"":0.0,""flexext_middle"":0.46153846153846156,""flexext_ring"":0.8,""flexext_pinky"":0.0}",personal,"[0.5, 0.5]",,
feature_bank_session_context_final_20260915,final,semg_manus,6,session_3,0,F0|F2c_SPD,,,,0.30549450549450546,0.3888888888888889,1.4058456883709558,0.12242844375196534,0.3180474352904504,"{""flexext_fist"":0.5714285714285714,""flexext_thumb"":0.0,""flexext_index"":0.0,""flexext_middle"":0.46153846153846156,""flexext_ring"":0.8,""flexext_pinky"":0.0}",personal_session_context,"[0.5, 0.5]",,
feature_bank_session_context_final_20260915,final,semg_manus,6,session_3,1,F0|F2c_SPD,,,,0.3611111111111111,0.5,1.3081553080751664,0.11368366879018178,0.2824741336794026,"{""flexext_fist"":0.6666666666666666,""flexext_thumb"":0.0,""flexext_index"":0.0,""flexext_middle"":0.5,""flexext_ring"":1.0,""flexext_pinky"":0.0}",uniform,"[0.5, 0.5]",,
feature_bank_session_context_final_20260915,final,semg_manus,6,session_3,1,F0|F2c_SPD,,,,0.3611111111111111,0.5,1.3365374179249565,0.11591227739681018,0.2858470019242941,"{""flexext_fist"":0.6666666666666666,""flexext_thumb"":0.0,""flexext_index"":0.0,""flexext_middle"":0.5,""flexext_ring"":1.0,""flexext_pinky"":0.0}",personal,"[0.46083665326631096, 0.5391633467336892]",,
feature_bank_session_context_final_20260915,final,semg_manus,6,session_3,1,F0|F2c_SPD,,,,0.3611111111111111,0.5,1.368345578400766,0.11836371794690649,0.3755574195091073,"{""flexext_fist"":0.6666666666666666,""flexext_thumb"":0.0,""flexext_index"":0.0,""flexext_middle"":0.5,""flexext_ring"":1.0,""flexext_pinky"":0.0}",personal_session_context,"[0.4200839467742035, 0.5799160532257963]",,
feature_bank_session_context_final_20260915,final,semg_manus,6,session_3,2,F0|F2c_SPD,,,,0.3611111111111111,0.5,0.957541458046849,0.093034569287646,0.257179512059506,"{""flexext_fist"":0.6666666666666666,""flexext_thumb"":0.0,""flexext_index"":0.0,""flexext_middle"":0.5,""flexext_ring"":1.0,""flexext_pinky"":0.0}",uniform,"[0.5, 0.5]",,
feature_bank_session_context_final_20260915,final,semg_manus,6,session_3,2,F0|F2c_SPD,,,,0.3611111111111111,0.5,0.9433235422448744,0.09164259792569103,0.2548709680091044,"{""flexext_fist"":0.6666666666666666,""flexext_thumb"":0.0,""flexext_index"":0.0,""flexext_middle"":0.5,""flexext_ring"":1.0,""flexext_pinky"":0.0}",personal,"[0.5272986089981472, 0.4727013910018528]",,
feature_bank_session_context_final_20260915,final,semg_manus,6,session_3,2,F0|F2c_SPD,,,,0.3611111111111111,0.5,0.9539505943768359,0.09268385283553475,0.25660818112712996,"{""flexext_fist"":0.6666666666666666,""flexext_thumb"":0.0,""flexext_index"":0.0,""flexext_middle"":0.5,""flexext_ring"":1.0,""flexext_pinky"":0.0}",personal_session_context,"[0.5067560069857733, 0.49324399301422683]",,
feature_bank_session_context_final_20260915,final,semg_manus,7,session_3,0,F0|F2c_SPD,,,,0.25,0.3333333333333333,1.8668753919979935,0.14829226128805004,0.39692828278387515,"{""flexext_fist"":1.0,""flexext_thumb"":0.0,""flexext_index"":0.0,""flexext_middle"":0.0,""flexext_ring"":0.5,""flexext_pinky"":0.0}",uniform,"[0.5, 0.5]",,
feature_bank_session_context_final_20260915,final,semg_manus,7,session_3,0,F0|F2c_SPD,,,,0.25,0.3333333333333333,1.8668753919979935,0.14829226128805004,0.39692828278387515,"{""flexext_fist"":1.0,""flexext_thumb"":0.0,""flexext_index"":0.0,""flexext_middle"":0.0,""flexext_ring"":0.5,""flexext_pinky"":0.0}",personal,"[0.5, 0.5]",,
feature_bank_session_context_final_20260915,final,semg_manus,7,session_3,0,F0|F2c_SPD,,,,0.25,0.3333333333333333,1.8668753919979935,0.14829226128805004,0.39692828278387515,"{""flexext_fist"":1.0,""flexext_thumb"":0.0,""flexext_index"":0.0,""flexext_middle"":0.0,""flexext_ring"":0.5,""flexext_pinky"":0.0}",personal_session_context,"[0.5, 0.5]",,
feature_bank_session_context_final_20260915,final,semg_manus,7,session_3,1,F0|F2c_SPD,,,,0.25,0.3333333333333333,2.096772287980072,0.16218153747007935,0.4098854403583909,"{""flexext_fist"":1.0,""flexext_thumb"":0.0,""flexext_index"":0.0,""flexext_middle"":0.0,""flexext_ring"":0.5,""flexext_pinky"":0.0}",uniform,"[0.5, 0.5]",,
feature_bank_session_context_final_20260915,final,semg_manus,7,session_3,1,F0|F2c_SPD,,,,0.25,0.3333333333333333,2.100210409185665,0.16269647352488142,0.4108526890811325,"{""flexext_fist"":1.0,""flexext_thumb"":0.0,""flexext_index"":0.0,""flexext_middle"":0.0,""flexext_ring"":0.5,""flexext_pinky"":0.0}",personal,"[0.5141474311134921, 0.48585256888650785]",,
feature_bank_session_context_final_20260915,final,semg_manus,7,session_3,1,F0|F2c_SPD,,,,0.25,0.3333333333333333,2.1019419565876523,0.16295391334800235,0.4113248123785658,"{""flexext_fist"":1.0,""flexext_thumb"":0.0,""flexext_index"":0.0,""flexext_middle"":0.0,""flexext_ring"":0.5,""flexext_pinky"":0.0}",personal_session_context,"[0.5210529267429732, 0.47894707325702673]",,
feature_bank_session_context_final_20260915,final,semg_manus,7,session_3,2,F0|F2c_SPD,,,,0.25,0.3333333333333333,2.1985543659199025,0.16515691161186855,0.5398183010367963,"{""flexext_fist"":1.0,""flexext_thumb"":0.0,""flexext_index"":0.0,""flexext_middle"":0.0,""flexext_ring"":0.5,""flexext_pinky"":0.0}",uniform,"[0.5, 0.5]",,
feature_bank_session_context_final_20260915,final,semg_manus,7,session_3,2,F0|F2c_SPD,,,,0.25,0.3333333333333333,2.2084768441661295,0.16765526339317507,0.560156507135654,"{""flexext_fist"":1.0,""flexext_thumb"":0.0,""flexext_index"":0.0,""flexext_middle"":0.0,""flexext_ring"":0.5,""flexext_pinky"":0.0}",personal,"[0.5936066561240676, 0.4063933438759324]",,
feature_bank_session_context_final_20260915,final,semg_manus,7,session_3,2,F0|F2c_SPD,,,,0.25,0.3333333333333333,2.208231729781727,0.167589983555383,0.5596908786171437,"{""flexext_fist"":1.0,""flexext_thumb"":0.0,""flexext_index"":0.0,""flexext_middle"":0.0,""flexext_ring"":0.5,""flexext_pinky"":0.0}",personal_session_context,"[0.591463599435494, 0.4085364005645061]",,
feature_bank_session_context_final_20260915,final,semg_manus,8,session_3,0,F0|F2c_SPD,,,,0.39170274170274166,0.4444444444444444,1.1786920110361603,0.10874059171636469,0.21669403868050152,"{""flexext_fist"":0.5714285714285714,""flexext_thumb"":0.3333333333333333,""flexext_index"":0.5,""flexext_middle"":0.5454545454545454,""flexext_ring"":0.0,""flexext_pinky"":0.4}",uniform,"[0.5, 0.5]",,
feature_bank_session_context_final_20260915,final,semg_manus,8,session_3,0,F0|F2c_SPD,,,,0.39170274170274166,0.4444444444444444,1.1786920110361603,0.10874059171636469,0.21669403868050152,"{""flexext_fist"":0.5714285714285714,""flexext_thumb"":0.3333333333333333,""flexext_index"":0.5,""flexext_middle"":0.5454545454545454,""flexext_ring"":0.0,""flexext_pinky"":0.4}",personal,"[0.5, 0.5]",,
feature_bank_session_context_final_20260915,final,semg_manus,8,session_3,0,F0|F2c_SPD,,,,0.39170274170274166,0.4444444444444444,1.1786920110361603,0.10874059171636469,0.21669403868050152,"{""flexext_fist"":0.5714285714285714,""flexext_thumb"":0.3333333333333333,""flexext_index"":0.5,""flexext_middle"":0.5454545454545454,""flexext_ring"":0.0,""flexext_pinky"":0.4}",personal_session_context,"[0.5, 0.5]",,
feature_bank_session_context_final_20260915,final,semg_manus,8,session_3,1,F0|F2c_SPD,,,,0.3611111111111111,0.4166666666666667,1.3639002403636031,0.1245082971941159,0.34222183522287153,"{""flexext_fist"":0.5,""flexext_thumb"":0.5,""flexext_index"":0.6666666666666666,""flexext_middle"":0.5,""flexext_ring"":0.0,""flexext_pinky"":0.0}",uniform,"[0.5, 0.5]",,
feature_bank_session_context_final_20260915,final,semg_manus,8,session_3,1,F0|F2c_SPD,,,,0.3611111111111111,0.4166666666666667,1.3628343480186418,0.12441694781506911,0.3425525412894729,"{""flexext_fist"":0.5,""flexext_thumb"":0.5,""flexext_index"":0.6666666666666666,""flexext_middle"":0.5,""flexext_ring"":0.0,""flexext_pinky"":0.0}",personal,"[0.5025007222479364, 0.4974992777520636]",,
feature_bank_session_context_final_20260915,final,semg_manus,8,session_3,1,F0|F2c_SPD,,,,0.3611111111111111,0.4166666666666667,1.3392505225606766,0.12245010885559221,0.4539053799842429,"{""flexext_fist"":0.5,""flexext_thumb"":0.5,""flexext_index"":0.6666666666666666,""flexext_middle"":0.5,""flexext_ring"":0.0,""flexext_pinky"":0.0}",personal_session_context,"[0.5623884360614859, 0.437611563938514]",,
feature_bank_session_context_final_20260915,final,semg_manus,8,session_3,2,F0|F2c_SPD,,,,0.08333333333333333,0.16666666666666666,1.5820852853722795,0.14477890525560183,0.39090281408847893,"{""flexext_fist"":0.0,""flexext_thumb"":0.0,""flexext_index"":0.0,""flexext_middle"":0.5,""flexext_ring"":0.0,""flexext_pinky"":0.0}",uniform,"[0.5, 0.5]",,
feature_bank_session_context_final_20260915,final,semg_manus,8,session_3,2,F0|F2c_SPD,,,,0.08333333333333333,0.16666666666666666,1.5310402559884901,0.14073558334925285,0.39019533955447505,"{""flexext_fist"":0.0,""flexext_thumb"":0.0,""flexext_index"":0.0,""flexext_middle"":0.5,""flexext_ring"":0.0,""flexext_pinky"":0.0}",personal,"[0.573805336486341, 0.42619466351365903]",,
feature_bank_session_context_final_20260915,final,semg_manus,8,session_3,2,F0|F2c_SPD,,,,0.08333333333333333,0.16666666666666666,1.4960708009784256,0.13814606740436355,0.3996043396345135,"{""flexext_fist"":0.0,""flexext_thumb"":0.0,""flexext_index"":0.0,""flexext_middle"":0.5,""flexext_ring"":0.0,""flexext_pinky"":0.0}",personal_session_context,"[0.63024789117934, 0.36975210882065995]",,
feature_bank_session_context_final_20260915,final,semg_manus,ALL,session_3,0,F0|F2c_SPD,,,,0.43418895918895917,0.48148148148148157,1.3604038894962935,0.11106606034826516,0.26896135408375854,mean per-user aggregation,uniform,per-user weights,,
feature_bank_session_context_final_20260915,final,semg_manus,ALL,session_3,0,F0|F2c_SPD,,,,0.43418895918895917,0.48148148148148157,1.3604038894962935,0.11106606034826516,0.26896135408375854,mean per-user aggregation,personal,per-user weights,,
feature_bank_session_context_final_20260915,final,semg_manus,ALL,session_3,0,F0|F2c_SPD,,,,0.43418895918895917,0.48148148148148157,1.3604038894962935,0.11106606034826516,0.26896135408375854,mean per-user aggregation,personal_session_context,per-user weights,,
feature_bank_session_context_final_20260915,final,semg_manus,ALL,session_3,1,F0|F2c_SPD,,,,0.45176366843033516,0.5,1.3680752678492551,0.11292244038887095,0.28801989159256874,mean per-user aggregation,uniform,per-user weights,,
feature_bank_session_context_final_20260915,final,semg_manus,ALL,session_3,1,F0|F2c_SPD,,,,0.42120811287477955,0.47222222222222227,1.3734404535172764,0.11366708726360632,0.29051793475749804,mean per-user aggregation,personal,per-user weights,,
feature_bank_session_context_final_20260915,final,semg_manus,ALL,session_3,1,F0|F2c_SPD,,,,0.45268959435626105,0.5,1.3743393800301804,0.11364280441060537,0.31849825387764924,mean per-user aggregation,personal_session_context,per-user weights,,
feature_bank_session_context_final_20260915,final,semg_manus,ALL,session_3,2,F0|F2c_SPD,,,,0.3444444444444445,0.4444444444444444,1.3392611790983686,0.11219154276200827,0.37681991741215065,mean per-user aggregation,uniform,per-user weights,,
feature_bank_session_context_final_20260915,final,semg_manus,ALL,session_3,2,F0|F2c_SPD,,,,0.3444444444444445,0.4444444444444444,1.3281016858395995,0.1117570239820263,0.35706542846500894,mean per-user aggregation,personal,per-user weights,,
feature_bank_session_context_final_20260915,final,semg_manus,ALL,session_3,2,F0|F2c_SPD,,,,0.3444444444444445,0.4444444444444444,1.3251685759801466,0.11150524814613401,0.38177113531566204,mean per-user aggregation,personal_session_context,per-user weights,,
feature_bank_normalization_validation_20260915,validation,epn612,16,cross_user,0,F0+F3_Ring,,,,0.35648923200222793,0.38,1.5570433350494381,0.12615760403617954,0.16370946155105048,"{""noGesture"":0.47058823529411764,""fist"":0.36363636363636365,""waveIn"":0.358974358974359,""waveOut"":0.27906976744186046,""open"":0.4444444444444444,""pinch"":0.2222222222222222}",raw,,,
feature_bank_normalization_validation_20260915,validation,epn612,16,cross_user,0,F0+F3_Ring,,,,0.2969804211909475,0.3466666666666667,1.7676900955302968,0.1372471344009588,0.2452525245203147,"{""noGesture"":0.45045045045045046,""fist"":0.36,""waveIn"":0.30303030303030304,""waveOut"":0.38095238095238093,""open"":0.07692307692307693,""pinch"":0.21052631578947367}",personal_normalization,,,
feature_bank_normalization_validation_20260915,validation,epn612,16,cross_user,1,F0+F3_Ring,,,,0.3674965097259029,0.3888888888888889,1.5397907968639548,0.124463809400687,0.1784965637734222,"{""noGesture"":0.46938775510204084,""fist"":0.37209302325581395,""waveIn"":0.3783783783783784,""waveOut"":0.2926829268292683,""open"":0.45714285714285713,""pinch"":0.23529411764705882}",raw,,,
feature_bank_normalization_validation_20260915,validation,epn612,16,cross_user,1,F0+F3_Ring,,,,0.23941798941798942,0.2986111111111111,1.98478705716597,0.15131193379825936,0.2927535867827562,"{""noGesture"":0.4230769230769231,""fist"":0.07692307692307693,""waveIn"":0.26666666666666666,""waveOut"":0.5555555555555556,""open"":0.11428571428571428,""pinch"":0.0}",personal_normalization,,,
feature_bank_normalization_validation_20260915,validation,epn612,16,cross_user,2,F0+F3_Ring,,,,0.36981962292741216,0.391304347826087,1.5286503369323006,0.12317572624878763,0.16652721109486748,"{""noGesture"":0.4731182795698925,""fist"":0.3902439024390244,""waveIn"":0.3888888888888889,""waveOut"":0.3,""open"":0.42424242424242425,""pinch"":0.24242424242424243}",raw,,,
feature_bank_normalization_validation_20260915,validation,epn612,16,cross_user,2,F0+F3_Ring,,,,0.27986967805449653,0.3333333333333333,1.813413205013344,0.1433510614337707,0.25236492999901794,"{""noGesture"":0.45544554455445546,""fist"":0.14814814814814814,""waveIn"":0.32727272727272727,""waveOut"":0.5,""open"":0.17142857142857143,""pinch"":0.07692307692307693}",personal_normalization,,,
feature_bank_normalization_validation_20260915,validation,epn612,16,cross_user,5,F0+F3_Ring,,,,0.38642067844654054,0.4083333333333333,1.445018219356437,0.11824995192812153,0.15063087664121794,"{""noGesture"":0.48717948717948717,""fist"":0.43243243243243246,""waveIn"":0.4375,""waveOut"":0.3333333333333333,""open"":0.41379310344827586,""pinch"":0.21428571428571427}",raw,,,
feature_bank_normalization_validation_20260915,validation,epn612,16,cross_user,5,F0+F3_Ring,,,,0.3314956285544521,0.38333333333333336,1.8548524902574757,0.13425130023754728,0.2108672296911407,"{""noGesture"":0.5333333333333333,""fist"":0.23529411764705882,""waveIn"":0.5,""waveOut"":0.6060606060606061,""open"":0.11428571428571428,""pinch"":0.0}",personal_normalization,,,
feature_bank_normalization_validation_20260915,validation,epn612,17,cross_user,0,F0+F3_Ring,,,,0.3904730496080644,0.3933333333333333,1.6082126691550656,0.11974621533108772,0.13308177877416466,"{""noGesture"":0.4,""fist"":0.43137254901960786,""waveIn"":0.5365853658536586,""waveOut"":0.3157894736842105,""open"":0.24242424242424243,""pinch"":0.4166666666666667}",raw,,,
feature_bank_normalization_validation_20260915,validation,epn612,17,cross_user,0,F0+F3_Ring,,,,0.3231617759368386,0.34,1.8187999145518992,0.14245256859458263,0.2604943596320784,"{""noGesture"":0.34782608695652173,""fist"":0.5789473684210527,""waveIn"":0.28,""waveOut"":0.3548387096774194,""open"":0.0,""pinch"":0.37735849056603776}",personal_normalization,,,
feature_bank_normalization_validation_20260915,validation,epn612,17,cross_user,1,F0+F3_Ring,,,,0.3995689498112616,0.4027777777777778,1.6003525449035483,0.11874479253185156,0.12666933891580848,"{""noGesture"":0.4117647058823529,""fist"":0.4489795918367347,""waveIn"":0.55,""waveOut"":0.3018867924528302,""open"":0.25,""pinch"":0.43478260869565216}",raw,,,
feature_bank_normalization_validation_20260915,validation,epn612,17,cross_user,1,F0+F3_Ring,,,,0.07731215907316537,0.09027777777777778,3.4742022071580894,0.1879608139317197,0.4832674810806974,"{""noGesture"":0.0,""fist"":0.3018867924528302,""waveIn"":0.08791208791208792,""waveOut"":0.0,""open"":0.0,""pinch"":0.07407407407407407}",personal_normalization,,,
feature_bank_normalization_validation_20260915,validation,epn612,17,cross_user,2,F0+F3_Ring,,,,0.41060391814068287,0.41304347826086957,1.5785905010914112,0.11753872065678517,0.11783201048215447,"{""noGesture"":0.40625,""fist"":0.4583333333333333,""waveIn"":0.5641025641025641,""waveOut"":0.3137254901960784,""open"":0.26666666666666666,""pinch"":0.45454545454545453}",raw,,,
feature_bank_normalization_validation_20260915,validation,epn612,17,cross_user,2,F0+F3_Ring,,,,0.10924633011099177,0.16666666666666666,5.478734913130997,0.23451273514559975,0.6949558548920516,"{""noGesture"":0.0,""fist"":0.32653061224489793,""waveIn"":0.24561403508771928,""waveOut"":0.08333333333333333,""open"":0.0,""pinch"":0.0}",personal_normalization,,,
feature_bank_normalization_validation_20260915,validation,epn612,17,cross_user,5,F0+F3_Ring,,,,0.38737964933617114,0.39166666666666666,1.6042883151289045,0.11996626749743464,0.1393045017614632,"{""noGesture"":0.38461538461538464,""fist"":0.45454545454545453,""waveIn"":0.5,""waveOut"":0.30434782608695654,""open"":0.23076923076923078,""pinch"":0.45}",raw,,,
feature_bank_normalization_validation_20260915,validation,epn612,17,cross_user,5,F0+F3_Ring,,,,0.40610845475994145,0.4,1.6454088963617628,0.12068446289249905,0.15955018750213756,"{""noGesture"":0.26666666666666666,""fist"":0.55,""waveIn"":0.3880597014925373,""waveOut"":0.5,""open"":0.3448275862068966,""pinch"":0.3870967741935484}",personal_normalization,,,
feature_bank_normalization_validation_20260915,validation,epn612,18,cross_user,0,F0+F3_Ring,,,,0.4881150659845066,0.5133333333333333,1.2840994495867044,0.10259536629380359,0.1452945738406738,"{""noGesture"":0.5494505494505495,""fist"":0.6808510638297872,""waveIn"":0.5263157894736842,""waveOut"":0.6190476190476191,""open"":0.41509433962264153,""pinch"":0.13793103448275862}",raw,,,
feature_bank_normalization_validation_20260915,validation,epn612,18,cross_user,0,F0+F3_Ring,,,,0.4202892983380788,0.44666666666666666,1.3648017616858117,0.1087565874213797,0.13210708914409003,"{""noGesture"":0.5853658536585366,""fist"":0.4864864864864865,""waveIn"":0.34615384615384615,""waveOut"":0.6363636363636364,""open"":0.34615384615384615,""pinch"":0.12121212121212122}",personal_normalization,,,
feature_bank_normalization_validation_20260915,validation,epn612,18,cross_user,1,F0+F3_Ring,,,,0.49533224949293814,0.5208333333333334,1.263260846792778,0.10131260014046231,0.1404670429817774,"{""noGesture"":0.5647058823529412,""fist"":0.6666666666666666,""waveIn"":0.5405405405405406,""waveOut"":0.6341463414634146,""open"":0.4230769230769231,""pinch"":0.14285714285714285}",raw,,,
feature_bank_normalization_validation_20260915,validation,epn612,18,cross_user,1,F0+F3_Ring,,,,0.24911970991296273,0.2777777777777778,2.6340841630998018,0.15489148864008706,0.3239354001691047,"{""noGesture"":0.0,""fist"":0.2857142857142857,""waveIn"":0.45454545454545453,""waveOut"":0.3177570093457944,""open"":0.34146341463414637,""pinch"":0.09523809523809523}",personal_normalization,,,
feature_bank_normalization_validation_20260915,validation,epn612,18,cross_user,2,F0+F3_Ring,,,,0.48878925469895956,0.5144927536231884,1.2710897091248556,0.10181373076725715,0.1435457637815575,"{""noGesture"":0.5609756097560976,""fist"":0.6511627906976745,""waveIn"":0.5142857142857142,""waveOut"":0.65,""open"":0.40816326530612246,""pinch"":0.14814814814814814}",raw,,,
feature_bank_normalization_validation_20260915,validation,epn612,18,cross_user,2,F0+F3_Ring,,,,0.38127914422151266,0.39855072463768115,1.48938305806521,0.11654335766457509,0.18464533236051528,"{""noGesture"":0.4918032786885246,""fist"":0.631578947368421,""waveIn"":0.36363636363636365,""waveOut"":0.4528301886792453,""open"":0.34782608695652173,""pinch"":0.0}",personal_normalization,,,
feature_bank_normalization_validation_20260915,validation,epn612,18,cross_user,5,F0+F3_Ring,,,,0.4914694716938756,0.5166666666666667,1.2589822456491633,0.1009460254947901,0.15099261149398194,"{""noGesture"":0.5797101449275363,""fist"":0.6486486486486487,""waveIn"":0.5161290322580645,""waveOut"":0.6285714285714286,""open"":0.4090909090909091,""pinch"":0.16666666666666666}",raw,,,
feature_bank_normalization_validation_20260915,validation,epn612,18,cross_user,5,F0+F3_Ring,,,,0.39511513797228087,0.4166666666666667,1.625888959469354,0.11780257016686276,0.20203670814744526,"{""noGesture"":0.5384615384615384,""fist"":0.6153846153846154,""waveIn"":0.36363636363636365,""waveOut"":0.40816326530612246,""open"":0.3783783783783784,""pinch"":0.06666666666666667}",personal_normalization,,,
feature_bank_normalization_validation_20260915,validation,epn612,ALL,cross_user,0,F0+F3_Ring,,,,0.4116924491982663,0.4288888888888889,1.4831184845970693,0.11616639522035695,0.14736193805529632,mean per-user aggregation,raw,,,
feature_bank_normalization_validation_20260915,validation,epn612,ALL,cross_user,0,F0+F3_Ring,,,,0.3468104984886216,0.37777777777777777,1.6504305905893357,0.1294854301389737,0.21261799109882773,mean per-user aggregation,personal_normalization,,,
feature_bank_normalization_validation_20260915,validation,epn612,ALL,cross_user,1,F0+F3_Ring,,,,0.4207992363433675,0.4375,1.4678013961867604,0.11484040069100028,0.14854431522366937,mean per-user aggregation,raw,,,
feature_bank_normalization_validation_20260915,validation,epn612,ALL,cross_user,1,F0+F3_Ring,,,,0.18861661946803918,0.22222222222222224,2.69769114247462,0.16472141212335537,0.3666521560108527,mean per-user aggregation,personal_normalization,,,
feature_bank_normalization_validation_20260915,validation,epn612,ALL,cross_user,2,F0+F3_Ring,,,,0.42307093192235157,0.4396135265700483,1.4594435157161891,0.11417605922427665,0.1426349951195265,mean per-user aggregation,raw,,,
feature_bank_normalization_validation_20260915,validation,epn612,ALL,cross_user,2,F0+F3_Ring,,,,0.2567983841290003,0.2995169082125604,2.927177058736517,0.16480238474798184,0.3773220390838616,mean per-user aggregation,personal_normalization,,,
feature_bank_normalization_validation_20260915,validation,epn612,ALL,cross_user,5,F0+F3_Ring,,,,0.4217565998255291,0.43888888888888894,1.4360962600448348,0.11305408164011542,0.14697599663222102,mean per-user aggregation,raw,,,
feature_bank_normalization_validation_20260915,validation,epn612,ALL,cross_user,5,F0+F3_Ring,,,,0.37757307376222476,0.4000000000000001,1.7087167820295308,0.1242461110989697,0.19081804178024117,mean per-user aggregation,personal_normalization,,,
feature_bank_normalization_final_20260915,final,epn612,19,cross_user,0,F0+F3_Ring,,,,0.4342185936347635,0.44,1.6059092661973602,0.12353240820974407,0.16409865605051108,"{""noGesture"":0.4444444444444444,""fist"":0.3870967741935484,""waveIn"":0.48148148148148145,""waveOut"":0.4,""open"":0.47368421052631576,""pinch"":0.4186046511627907}",raw,,,
feature_bank_normalization_final_20260915,final,epn612,19,cross_user,0,F0+F3_Ring,,,,0.4036704069439156,0.4266666666666667,1.6673001109652363,0.1289530093823857,0.19113275900782234,"{""noGesture"":0.45714285714285713,""fist"":0.375,""waveIn"":0.6086956521739131,""waveOut"":0.37209302325581395,""open"":0.2,""pinch"":0.4090909090909091}",personal_normalization,,,
feature_bank_normalization_final_20260915,final,epn612,19,cross_user,1,F0+F3_Ring,,,,0.4449967526128516,0.4513888888888889,1.5898677007899422,0.12221427697945364,0.1621566147424289,"{""noGesture"":0.4631578947368421,""fist"":0.4,""waveIn"":0.48,""waveOut"":0.4117647058823529,""open"":0.4864864864864865,""pinch"":0.42857142857142855}",raw,,,
feature_bank_normalization_final_20260915,final,epn612,19,cross_user,1,F0+F3_Ring,,,,0.24634914015444986,0.2708333333333333,4.59972096247837,0.17969960171889376,0.4713079256971773,"{""noGesture"":0.0,""fist"":0.32432432432432434,""waveIn"":0.38461538461538464,""waveOut"":0.4444444444444444,""open"":0.24778761061946902,""pinch"":0.07692307692307693}",personal_normalization,,,
feature_bank_normalization_final_20260915,final,epn612,19,cross_user,2,F0+F3_Ring,,,,0.44902850980437187,0.45652173913043476,1.5802337436896805,0.12143938282143049,0.15914583603915683,"{""noGesture"":0.4835164835164835,""fist"":0.41379310344827586,""waveIn"":0.4583333333333333,""waveOut"":0.42424242424242425,""open"":0.5142857142857142,""pinch"":0.4}",raw,,,
feature_bank_normalization_final_20260915,final,epn612,19,cross_user,2,F0+F3_Ring,,,,0.21484628667714667,0.2391304347826087,3.523986645866297,0.17614215474167436,0.4081801852256951,"{""noGesture"":0.12244897959183673,""fist"":0.3404255319148936,""waveIn"":0.23529411764705882,""waveOut"":0.5,""open"":0.09090909090909091,""pinch"":0.0}",personal_normalization,,,
feature_bank_normalization_final_20260915,final,epn612,19,cross_user,5,F0+F3_Ring,,,,0.4328149823566672,0.45,1.6080471081262548,0.12279225357216035,0.15987645074619905,"{""noGesture"":0.5063291139240507,""fist"":0.3333333333333333,""waveIn"":0.45454545454545453,""waveOut"":0.41379310344827586,""open"":0.5,""pinch"":0.3888888888888889}",raw,,,
feature_bank_normalization_final_20260915,final,epn612,19,cross_user,5,F0+F3_Ring,,,,0.4010431026560058,0.4166666666666667,1.5690416775708007,0.12204535263432997,0.1744629068357866,"{""noGesture"":0.4444444444444444,""fist"":0.3076923076923077,""waveIn"":0.5,""waveOut"":0.45161290322580644,""open"":0.4444444444444444,""pinch"":0.25806451612903225}",personal_normalization,,,
feature_bank_normalization_final_20260915,final,epn612,20,cross_user,0,F0+F3_Ring,,,,0.45198496593845433,0.44666666666666666,1.4952042967808339,0.11400319740304052,0.12301547938185091,"{""noGesture"":0.46511627906976744,""fist"":0.5777777777777777,""waveIn"":0.45454545454545453,""waveOut"":0.4,""open"":0.4888888888888889,""pinch"":0.32558139534883723}",raw,,,
feature_bank_normalization_final_20260915,final,epn612,20,cross_user,0,F0+F3_Ring,,,,0.46516462559822985,0.4533333333333333,1.4205777690286077,0.11219831476629338,0.13375483841465136,"{""noGesture"":0.5333333333333333,""fist"":0.5128205128205128,""waveIn"":0.5365853658536586,""waveOut"":0.3950617283950617,""open"":0.38461538461538464,""pinch"":0.42857142857142855}",personal_normalization,,,
feature_bank_normalization_final_20260915,final,epn612,20,cross_user,1,F0+F3_Ring,,,,0.4537103471306534,0.4513888888888889,1.4618477607092317,0.11172069841466234,0.11380729836442596,"{""noGesture"":0.43902439024390244,""fist"":0.5909090909090909,""waveIn"":0.46511627906976744,""waveOut"":0.4155844155844156,""open"":0.5116279069767442,""pinch"":0.3}",raw,,,
feature_bank_normalization_final_20260915,final,epn612,20,cross_user,1,F0+F3_Ring,,,,0.44796098151361313,0.4513888888888889,1.6400391062606685,0.11075433997731678,0.14055185216250662,"{""noGesture"":0.375,""fist"":0.5357142857142857,""waveIn"":0.4307692307692308,""waveOut"":0.5714285714285714,""open"":0.38596491228070173,""pinch"":0.3888888888888889}",personal_normalization,,,
feature_bank_normalization_final_20260915,final,epn612,20,cross_user,2,F0+F3_Ring,,,,0.44476536976536973,0.4420289855072464,1.4982208611383383,0.11431971004495874,0.12464122669931267,"{""noGesture"":0.41025641025641024,""fist"":0.5714285714285714,""waveIn"":0.45,""waveOut"":0.40540540540540543,""open"":0.5238095238095238,""pinch"":0.3076923076923077}",raw,,,
feature_bank_normalization_final_20260915,final,epn612,20,cross_user,2,F0+F3_Ring,,,,0.5069949091537106,0.5072463768115942,1.3439936436669115,0.10164575992474541,0.10856398744291398,"{""noGesture"":0.5,""fist"":0.5283018867924528,""waveIn"":0.5,""waveOut"":0.4782608695652174,""open"":0.509090909090909,""pinch"":0.5263157894736842}",personal_normalization,,,
feature_bank_normalization_final_20260915,final,epn612,20,cross_user,5,F0+F3_Ring,,,,0.486859053828868,0.48333333333333334,1.4323851958172213,0.10923495715878531,0.11527007087725417,"{""noGesture"":0.48484848484848486,""fist"":0.631578947368421,""waveIn"":0.5142857142857142,""waveOut"":0.4375,""open"":0.5,""pinch"":0.35294117647058826}",raw,,,
feature_bank_normalization_final_20260915,final,epn612,20,cross_user,5,F0+F3_Ring,,,,0.4778845364211218,0.475,1.2975949236023994,0.09874816503787148,0.1369310277708407,"{""noGesture"":0.5454545454545454,""fist"":0.45454545454545453,""waveIn"":0.4888888888888889,""waveOut"":0.43902439024390244,""open"":0.45454545454545453,""pinch"":0.48484848484848486}",personal_normalization,,,
feature_bank_normalization_final_20260915,final,epn612,21,cross_user,0,F0+F3_Ring,,,,0.4139480674364395,0.43333333333333335,1.5692124957334352,0.12038114780566882,0.12796525919827884,"{""noGesture"":0.3333333333333333,""fist"":0.07692307692307693,""waveIn"":0.4666666666666667,""waveOut"":0.6976744186046512,""open"":0.4,""pinch"":0.509090909090909}",raw,,,
feature_bank_normalization_final_20260915,final,epn612,21,cross_user,0,F0+F3_Ring,,,,0.42827185567717213,0.43333333333333335,1.4803937482941214,0.11123186811563582,0.17655691938968485,"{""noGesture"":0.3835616438356164,""fist"":0.375,""waveIn"":0.3829787234042553,""waveOut"":0.7555555555555555,""open"":0.25,""pinch"":0.4225352112676056}",personal_normalization,,,
feature_bank_normalization_final_20260915,final,epn612,21,cross_user,1,F0+F3_Ring,,,,0.4180190534795642,0.4375,1.579962867065138,0.12065253386706,0.1257505991896105,"{""noGesture"":0.31746031746031744,""fist"":0.08,""waveIn"":0.4827586206896552,""waveOut"":0.6829268292682927,""open"":0.4166666666666667,""pinch"":0.5283018867924528}",raw,,,
feature_bank_normalization_final_20260915,final,epn612,21,cross_user,1,F0+F3_Ring,,,,0.26704331193397285,0.3194444444444444,2.700886690758314,0.15685306907152277,0.29060464992070895,"{""noGesture"":0.46153846153846156,""fist"":0.0,""waveIn"":0.3595505617977528,""waveOut"":0.3870967741935484,""open"":0.07407407407407407,""pinch"":0.32}",personal_normalization,,,
feature_bank_normalization_final_20260915,final,epn612,21,cross_user,2,F0+F3_Ring,,,,0.4282187837877327,0.4492753623188406,1.5611256402397446,0.11831501616781302,0.12067275068469359,"{""noGesture"":0.32786885245901637,""fist"":0.08333333333333333,""waveIn"":0.509090909090909,""waveOut"":0.7,""open"":0.4,""pinch"":0.5490196078431373}",raw,,,
feature_bank_normalization_final_20260915,final,epn612,21,cross_user,2,F0+F3_Ring,,,,0.3798244137863902,0.39855072463768115,1.5411478983971763,0.12187364460406573,0.10391690664028448,"{""noGesture"":0.4074074074074074,""fist"":0.25806451612903225,""waveIn"":0.5517241379310345,""waveOut"":0.4444444444444444,""open"":0.21052631578947367,""pinch"":0.4067796610169492}",personal_normalization,,,
feature_bank_normalization_final_20260915,final,epn612,21,cross_user,5,F0+F3_Ring,,,,0.4330243772641282,0.45,1.5567884491485906,0.1171012775077554,0.11325465116476077,"{""noGesture"":0.2909090909090909,""fist"":0.09523809523809523,""waveIn"":0.5531914893617021,""waveOut"":0.7222222222222222,""open"":0.4,""pinch"":0.5365853658536586}",raw,,,
feature_bank_normalization_final_20260915,final,epn612,21,cross_user,5,F0+F3_Ring,,,,0.4276099227569816,0.43333333333333335,1.5720377327814121,0.1199992386538604,0.08814402772720348,"{""noGesture"":0.36,""fist"":0.375,""waveIn"":0.5833333333333334,""waveOut"":0.5882352941176471,""open"":0.25,""pinch"":0.4090909090909091}",personal_normalization,,,
feature_bank_normalization_final_20260915,final,epn612,ALL,cross_user,0,F0+F3_Ring,,,,0.4333838756698858,0.44,1.5567753529038766,0.1193055844728178,0.1383597982102136,mean per-user aggregation,raw,,,
feature_bank_normalization_final_20260915,final,epn612,ALL,cross_user,0,F0+F3_Ring,,,,0.4323689627397725,0.4377777777777778,1.5227572094293216,0.11746106408810497,0.16714817227071951,mean per-user aggregation,personal_normalization,,,
feature_bank_normalization_final_20260915,final,epn612,ALL,cross_user,1,F0+F3_Ring,,,,0.4389087177410231,0.44675925925925924,1.5438927761881038,0.118195836420392,0.13390483743215512,mean per-user aggregation,raw,,,
feature_bank_normalization_final_20260915,final,epn612,ALL,cross_user,1,F0+F3_Ring,,,,0.3204511445340119,0.34722222222222215,2.9802155864991176,0.14910233692257777,0.3008214759267976,mean per-user aggregation,personal_normalization,,,
feature_bank_normalization_final_20260915,final,epn612,ALL,cross_user,2,F0+F3_Ring,,,,0.44067088778582475,0.4492753623188406,1.546526748355921,0.11802470301140076,0.13481993780772103,mean per-user aggregation,raw,,,
feature_bank_normalization_final_20260915,final,epn612,ALL,cross_user,2,F0+F3_Ring,,,,0.36722186987241584,0.38164251207729466,2.136376062643462,0.1332205197568285,0.20688702643629786,mean per-user aggregation,personal_normalization,,,
feature_bank_normalization_final_20260915,final,epn612,ALL,cross_user,5,F0+F3_Ring,,,,0.45089947114988776,0.4611111111111111,1.5324069176973556,0.11637616274623369,0.12946705759607133,mean per-user aggregation,raw,,,
feature_bank_normalization_final_20260915,final,epn612,ALL,cross_user,5,F0+F3_Ring,,,,0.4355125206113697,0.44166666666666665,1.4795581113182041,0.11359758544202063,0.13317932077794362,mean per-user aggregation,personal_normalization,,,
feature_bank_template_validation_20260915_v2,validation,semg_manus,3,session_2,0,F0+SPD|DTW,,,,0.46388888888888896,0.4444444444444444,1.8147604396868025,0.13418052076843104,0.3318567481355239,"{""flexext_fist"":0.8,""flexext_thumb"":0.6666666666666666,""flexext_index"":0.25,""flexext_middle"":0.3333333333333333,""flexext_ring"":0.4,""flexext_pinky"":0.3333333333333333}",baseline,,,
feature_bank_template_validation_20260915_v2,validation,semg_manus,3,session_2,0,F0+SPD|DTW,,,,0.2785714285714286,0.2777777777777778,1.705573030518302,0.13370625746579326,0.0705354883735578,"{""flexext_fist"":0.5,""flexext_thumb"":0.0,""flexext_index"":0.0,""flexext_middle"":0.5714285714285714,""flexext_ring"":0.4,""flexext_pinky"":0.2}",dtw,,,
feature_bank_template_validation_20260915_v2,validation,semg_manus,3,session_2,0,F0+SPD|DTW,,,,0.46388888888888896,0.4444444444444444,1.8147604396868025,0.13418052076843104,0.3318567481355239,"{""flexext_fist"":0.8,""flexext_thumb"":0.6666666666666666,""flexext_index"":0.25,""flexext_middle"":0.3333333333333333,""flexext_ring"":0.4,""flexext_pinky"":0.3333333333333333}",baseline_dtw_fusion,,,
feature_bank_template_validation_20260915_v2,validation,semg_manus,3,session_2,1,F0+SPD|DTW,,,,0.611111111111111,0.5833333333333334,1.7625276092678162,0.11923950980477291,0.3232038866972522,"{""flexext_fist"":1.0,""flexext_thumb"":0.6666666666666666,""flexext_index"":0.3333333333333333,""flexext_middle"":0.5,""flexext_ring"":0.5,""flexext_pinky"":0.6666666666666666}",baseline,,,
feature_bank_template_validation_20260915_v2,validation,semg_manus,3,session_2,1,F0+SPD|DTW,,,,0.6388888888888888,0.6666666666666666,1.5504613706062402,0.12407754020326192,0.4436127803624896,"{""flexext_fist"":1.0,""flexext_thumb"":1.0,""flexext_index"":0.0,""flexext_middle"":0.6666666666666666,""flexext_ring"":0.5,""flexext_pinky"":0.6666666666666666}",dtw,,,
feature_bank_template_validation_20260915_v2,validation,semg_manus,3,session_2,1,F0+SPD|DTW,,,,0.611111111111111,0.5833333333333334,1.3301933776140085,0.10515297087138566,0.25202700101817366,"{""flexext_fist"":1.0,""flexext_thumb"":0.6666666666666666,""flexext_index"":0.3333333333333333,""flexext_middle"":0.5,""flexext_ring"":0.5,""flexext_pinky"":0.6666666666666666}",baseline_dtw_fusion,,,
feature_bank_template_validation_20260915_v2,validation,semg_manus,3,session_2,2,F0+SPD|DTW,,,,0.5,0.5,2.202149882697658,0.13325458464760456,0.4471158713210428,"{""flexext_fist"":1.0,""flexext_thumb"":1.0,""flexext_index"":0.0,""flexext_middle"":0.0,""flexext_ring"":1.0,""flexext_pinky"":0.0}",baseline,,,
feature_bank_template_validation_20260915_v2,validation,semg_manus,3,session_2,2,F0+SPD|DTW,,,,0.4444444444444444,0.5,1.5722175686394388,0.12554992350136515,0.34226649912352464,"{""flexext_fist"":1.0,""flexext_thumb"":1.0,""flexext_index"":0.0,""flexext_middle"":0.6666666666666666,""flexext_ring"":0.0,""flexext_pinky"":0.0}",dtw,,,
feature_bank_template_validation_20260915_v2,validation,semg_manus,3,session_2,2,F0+SPD|DTW,,,,0.5,0.5,1.424246487001816,0.10949386027314899,0.31806354608582565,"{""flexext_fist"":1.0,""flexext_thumb"":1.0,""flexext_index"":0.0,""flexext_middle"":0.0,""flexext_ring"":1.0,""flexext_pinky"":0.0}",baseline_dtw_fusion,,,
feature_bank_template_validation_20260915_v2,validation,semg_manus,4,session_2,0,F0+SPD|DTW,,,,0.5833333333333334,0.6666666666666666,2.5566006882986585,0.1127471797724654,0.380875521939933,"{""flexext_fist"":1.0,""flexext_thumb"":1.0,""flexext_index"":1.0,""flexext_middle"":0.5,""flexext_ring"":0.0,""flexext_pinky"":0.0}",baseline,,,
feature_bank_template_validation_20260915_v2,validation,semg_manus,4,session_2,0,F0+SPD|DTW,,,,0.2333333333333333,0.3333333333333333,1.6619649592666481,0.1316241693083565,0.18232577100941172,"{""flexext_fist"":1.0,""flexext_thumb"":0.0,""flexext_index"":0.4,""flexext_middle"":0.0,""flexext_ring"":0.0,""flexext_pinky"":0.0}",dtw,,,
feature_bank_template_validation_20260915_v2,validation,semg_manus,4,session_2,0,F0+SPD|DTW,,,,0.5833333333333334,0.6666666666666666,2.5566006882986585,0.1127471797724654,0.380875521939933,"{""flexext_fist"":1.0,""flexext_thumb"":1.0,""flexext_index"":1.0,""flexext_middle"":0.5,""flexext_ring"":0.0,""flexext_pinky"":0.0}",baseline_dtw_fusion,,,
feature_bank_template_validation_20260915_v2,validation,semg_manus,4,session_2,1,F0+SPD|DTW,,,,0.5833333333333334,0.6666666666666666,2.5373135363440067,0.1116714085944526,0.40770249059359187,"{""flexext_fist"":1.0,""flexext_thumb"":1.0,""flexext_index"":1.0,""flexext_middle"":0.5,""flexext_ring"":0.0,""flexext_pinky"":0.0}",baseline,,,
feature_bank_template_validation_20260915_v2,validation,semg_manus,4,session_2,1,F0+SPD|DTW,,,,0.5555555555555556,0.5833333333333334,1.5921800534318322,0.12738740495227166,0.3611309120918269,"{""flexext_fist"":1.0,""flexext_thumb"":1.0,""flexext_index"":0.3333333333333333,""flexext_middle"":0.0,""flexext_ring"":0.5,""flexext_pinky"":0.5}",dtw,,,
feature_bank_template_validation_20260915_v2,validation,semg_manus,4,session_2,1,F0+SPD|DTW,,,,0.5833333333333334,0.6666666666666666,1.2246076979915548,0.09591207022750695,0.2678871319648106,"{""flexext_fist"":1.0,""flexext_thumb"":1.0,""flexext_index"":1.0,""flexext_middle"":0.5,""flexext_ring"":0.0,""flexext_pinky"":0.0}",baseline_dtw_fusion,,,
feature_bank_template_validation_20260915_v2,validation,semg_manus,4,session_2,2,F0+SPD|DTW,,,,0.5833333333333334,0.6666666666666666,2.075721675718753,0.10437614003937673,0.3689756841367642,"{""flexext_fist"":1.0,""flexext_thumb"":1.0,""flexext_index"":1.0,""flexext_middle"":0.5,""flexext_ring"":0.0,""flexext_pinky"":0.0}",baseline,,,
feature_bank_template_validation_20260915_v2,validation,semg_manus,4,session_2,2,F0+SPD|DTW,,,,0.3333333333333333,0.3333333333333333,1.6219662180987813,0.12924128880045604,0.11105343961646791,"{""flexext_fist"":1.0,""flexext_thumb"":1.0,""flexext_index"":0.0,""flexext_middle"":0.0,""flexext_ring"":0.0,""flexext_pinky"":0.0}",dtw,,,
feature_bank_template_validation_20260915_v2,validation,semg_manus,4,session_2,2,F0+SPD|DTW,,,,0.5833333333333334,0.6666666666666666,1.223442084867457,0.09366339241333771,0.13385293283372382,"{""flexext_fist"":1.0,""flexext_thumb"":1.0,""flexext_index"":1.0,""flexext_middle"":0.5,""flexext_ring"":0.0,""flexext_pinky"":0.0}",baseline_dtw_fusion,,,
feature_bank_template_validation_20260915_v2,validation,semg_manus,5,session_2,0,F0+SPD|DTW,,,,0.4880952380952381,0.5,1.7126950141406316,0.11312140885817216,0.3570307573901933,"{""flexext_fist"":0.8,""flexext_thumb"":0.4,""flexext_index"":0.0,""flexext_middle"":0.5,""flexext_ring"":0.8,""flexext_pinky"":0.42857142857142855}",baseline,,,
feature_bank_template_validation_20260915_v2,validation,semg_manus,5,session_2,0,F0+SPD|DTW,,,,0.17592592592592593,0.2222222222222222,1.672269188934472,0.1324884405386391,0.0011104519711208627,"{""flexext_fist"":0.0,""flexext_thumb"":0.2222222222222222,""flexext_index"":0.0,""flexext_middle"":0.3333333333333333,""flexext_ring"":0.5,""flexext_pinky"":0.0}",dtw,,,
feature_bank_template_validation_20260915_v2,validation,semg_manus,5,session_2,0,F0+SPD|DTW,,,,0.4880952380952381,0.5,1.7126950141406316,0.11312140885817216,0.3570307573901933,"{""flexext_fist"":0.8,""flexext_thumb"":0.4,""flexext_index"":0.0,""flexext_middle"":0.5,""flexext_ring"":0.8,""flexext_pinky"":0.42857142857142855}",baseline_dtw_fusion,,,
feature_bank_template_validation_20260915_v2,validation,semg_manus,5,session_2,1,F0+SPD|DTW,,,,0.49074074074074064,0.5,2.0878640984921044,0.1254386348766623,0.37529501068376614,"{""flexext_fist"":0.6666666666666666,""flexext_thumb"":0.5,""flexext_index"":0.0,""flexext_middle"":0.6666666666666666,""flexext_ring"":0.6666666666666666,""flexext_pinky"":0.4444444444444444}",baseline,,,
feature_bank_template_validation_20260915_v2,validation,semg_manus,5,session_2,1,F0+SPD|DTW,,,,0.6296296296296297,0.5833333333333334,1.5437020524247769,0.12470696573845233,0.35391770906254466,"{""flexext_fist"":0.6666666666666666,""flexext_thumb"":0.6666666666666666,""flexext_index"":0.6666666666666666,""flexext_middle"":0.6666666666666666,""flexext_ring"":0.6666666666666666,""flexext_pinky"":0.4444444444444444}",dtw,,,
feature_bank_template_validation_20260915_v2,validation,semg_manus,5,session_2,1,F0+SPD|DTW,,,,0.574074074074074,0.5833333333333334,1.223033463439547,0.10699013675224617,0.3597336688448065,"{""flexext_fist"":1.0,""flexext_thumb"":0.6666666666666666,""flexext_index"":0.0,""flexext_middle"":0.6666666666666666,""flexext_ring"":0.6666666666666666,""flexext_pinky"":0.4444444444444444}",baseline_dtw_fusion,,,
feature_bank_template_validation_20260915_v2,validation,semg_manus,5,session_2,2,F0+SPD|DTW,,,,0.5833333333333334,0.6666666666666666,1.1708906258992797,0.10217226253432515,0.38596016869869265,"{""flexext_fist"":1.0,""flexext_thumb"":1.0,""flexext_index"":0.0,""flexext_middle"":0.0,""flexext_ring"":1.0,""flexext_pinky"":0.5}",baseline,,,
feature_bank_template_validation_20260915_v2,validation,semg_manus,5,session_2,2,F0+SPD|DTW,,,,0.39999999999999997,0.5,1.496300119056474,0.12174423234996537,0.2515697635648423,"{""flexext_fist"":1.0,""flexext_thumb"":0.0,""flexext_index"":1.0,""flexext_middle"":0.0,""flexext_ring"":0.0,""flexext_pinky"":0.4}",dtw,,,
feature_bank_template_validation_20260915_v2,validation,semg_manus,5,session_2,2,F0+SPD|DTW,,,,0.5833333333333334,0.6666666666666666,1.0558448492773496,0.08955038485777145,0.49457390935660334,"{""flexext_fist"":1.0,""flexext_thumb"":1.0,""flexext_index"":0.0,""flexext_middle"":0.0,""flexext_ring"":1.0,""flexext_pinky"":0.5}",baseline_dtw_fusion,,,
feature_bank_template_validation_20260915_v2,validation,semg_manus,6,session_2,0,F0+SPD|DTW,,,,0.42777777777777776,0.5,0.9510436790708007,0.09458746052733712,0.26195424597758754,"{""flexext_fist"":0.0,""flexext_thumb"":0.6666666666666666,""flexext_index"":0.0,""flexext_middle"":0.6,""flexext_ring"":0.8,""flexext_pinky"":0.5}",baseline,,,
feature_bank_template_validation_20260915_v2,validation,semg_manus,6,session_2,0,F0+SPD|DTW,,,,0.1717171717171717,0.2777777777777778,1.6787613127992043,0.13258363395819572,0.1591019257270287,"{""flexext_fist"":0.0,""flexext_thumb"":0.36363636363636365,""flexext_index"":0.0,""flexext_middle"":0.0,""flexext_ring"":0.6666666666666666,""flexext_pinky"":0.0}",dtw,,,
feature_bank_template_validation_20260915_v2,validation,semg_manus,6,session_2,0,F0+SPD|DTW,,,,0.42777777777777776,0.5,0.9510436790708007,0.09458746052733712,0.26195424597758754,"{""flexext_fist"":0.0,""flexext_thumb"":0.6666666666666666,""flexext_index"":0.0,""flexext_middle"":0.6,""flexext_ring"":0.8,""flexext_pinky"":0.5}",baseline_dtw_fusion,,,
feature_bank_template_validation_20260915_v2,validation,semg_manus,6,session_2,1,F0+SPD|DTW,,,,0.42857142857142855,0.5,1.0478977579509337,0.10221215276150343,0.23375910866380314,"{""flexext_fist"":0.0,""flexext_thumb"":0.6666666666666666,""flexext_index"":0.0,""flexext_middle"":0.5714285714285714,""flexext_ring"":0.6666666666666666,""flexext_pinky"":0.6666666666666666}",baseline,,,
feature_bank_template_validation_20260915_v2,validation,semg_manus,6,session_2,1,F0+SPD|DTW,,,,0.6277777777777778,0.6666666666666666,1.5509905927787422,0.12434899477741974,0.44843611901743374,"{""flexext_fist"":0.6666666666666666,""flexext_thumb"":0.8,""flexext_index"":0.8,""flexext_middle"":0.0,""flexext_ring"":0.5,""flexext_pinky"":1.0}",dtw,,,
feature_bank_template_validation_20260915_v2,validation,semg_manus,6,session_2,1,F0+SPD|DTW,,,,0.42857142857142855,0.5,1.0907433238465816,0.09399879742649912,0.2033689222201434,"{""flexext_fist"":0.0,""flexext_thumb"":0.6666666666666666,""flexext_index"":0.0,""flexext_middle"":0.5714285714285714,""flexext_ring"":0.6666666666666666,""flexext_pinky"":0.6666666666666666}",baseline_dtw_fusion,,,
feature_bank_template_validation_20260915_v2,validation,semg_manus,6,session_2,2,F0+SPD|DTW,,,,0.3611111111111111,0.5,0.9772157784354842,0.10651231687911882,0.4406074536672788,"{""flexext_fist"":0.0,""flexext_thumb"":0.6666666666666666,""flexext_index"":0.0,""flexext_middle"":0.5,""flexext_ring"":0.0,""flexext_pinky"":1.0}",baseline,,,
feature_bank_template_validation_20260915_v2,validation,semg_manus,6,session_2,2,F0+SPD|DTW,,,,0.5555555555555555,0.6666666666666666,1.5551036396626585,0.12453078230928538,0.4486426653931931,"{""flexext_fist"":0.0,""flexext_thumb"":1.0,""flexext_index"":0.6666666666666666,""flexext_middle"":0.0,""flexext_ring"":0.6666666666666666,""flexext_pinky"":1.0}",dtw,,,
feature_bank_template_validation_20260915_v2,validation,semg_manus,6,session_2,2,F0+SPD|DTW,,,,0.3611111111111111,0.5,1.1416698368344127,0.09592697884801357,0.45885139722097423,"{""flexext_fist"":0.0,""flexext_thumb"":0.6666666666666666,""flexext_index"":0.0,""flexext_middle"":0.5,""flexext_ring"":0.0,""flexext_pinky"":1.0}",baseline_dtw_fusion,,,
feature_bank_template_validation_20260915_v2,validation,semg_manus,7,session_2,0,F0+SPD|DTW,,,,0.25,0.2777777777777778,4.567900029818013,0.21542504024582307,0.643116220666677,"{""flexext_fist"":0.5,""flexext_thumb"":0.0,""flexext_index"":0.14285714285714285,""flexext_middle"":0.0,""flexext_ring"":0.8571428571428571,""flexext_pinky"":0.0}",baseline,,,
feature_bank_template_validation_20260915_v2,validation,semg_manus,7,session_2,0,F0+SPD|DTW,,,,0.21428571428571427,0.2777777777777778,1.7092877948669662,0.13420256368093383,0.0639849054423644,"{""flexext_fist"":0.5,""flexext_thumb"":0.0,""flexext_index"":0.5,""flexext_middle"":0.0,""flexext_ring"":0.0,""flexext_pinky"":0.2857142857142857}",dtw,,,
feature_bank_template_validation_20260915_v2,validation,semg_manus,7,session_2,0,F0+SPD|DTW,,,,0.25,0.2777777777777778,4.567900029818013,0.21542504024582307,0.643116220666677,"{""flexext_fist"":0.5,""flexext_thumb"":0.0,""flexext_index"":0.14285714285714285,""flexext_middle"":0.0,""flexext_ring"":0.8571428571428571,""flexext_pinky"":0.0}",baseline_dtw_fusion,,,
feature_bank_template_validation_20260915_v2,validation,semg_manus,7,session_2,1,F0+SPD|DTW,,,,0.16666666666666666,0.25,4.605500677434003,0.229945331396222,0.6843205708406499,"{""flexext_fist"":0.0,""flexext_thumb"":0.0,""flexext_index"":0.2,""flexext_middle"":0.0,""flexext_ring"":0.8,""flexext_pinky"":0.0}",baseline,,,
feature_bank_template_validation_20260915_v2,validation,semg_manus,7,session_2,1,F0+SPD|DTW,,,,0.6888888888888888,0.75,1.3624140714487158,0.11128899668245057,0.4745219999877346,"{""flexext_fist"":0.0,""flexext_thumb"":0.6666666666666666,""flexext_index"":0.6666666666666666,""flexext_middle"":0.8,""flexext_ring"":1.0,""flexext_pinky"":1.0}",dtw,,,
feature_bank_template_validation_20260915_v2,validation,semg_manus,7,session_2,1,F0+SPD|DTW,,,,0.16666666666666666,0.25,1.8428130134964507,0.16373498119187474,0.3929459765812452,"{""flexext_fist"":0.0,""flexext_thumb"":0.0,""flexext_index"":0.2,""flexext_middle"":0.0,""flexext_ring"":0.8,""flexext_pinky"":0.0}",baseline_dtw_fusion,,,
feature_bank_template_validation_20260915_v2,validation,semg_manus,7,session_2,2,F0+SPD|DTW,,,,0.16666666666666666,0.16666666666666666,5.4296720071679845,0.2579520170106451,0.8281342501013248,"{""flexext_fist"":0.0,""flexext_thumb"":0.0,""flexext_index"":0.0,""flexext_middle"":0.0,""flexext_ring"":1.0,""flexext_pinky"":0.0}",baseline,,,
feature_bank_template_validation_20260915_v2,validation,semg_manus,7,session_2,2,F0+SPD|DTW,,,,0.7777777777777777,0.8333333333333334,1.2470716970435654,0.10280154345076477,0.5362324839390809,"{""flexext_fist"":0.0,""flexext_thumb"":0.6666666666666666,""flexext_index"":1.0,""flexext_middle"":1.0,""flexext_ring"":1.0,""flexext_pinky"":1.0}",dtw,,,
feature_bank_template_validation_20260915_v2,validation,semg_manus,7,session_2,2,F0+SPD|DTW,,,,0.16666666666666666,0.16666666666666666,1.6724844364961704,0.14998304118466885,0.5195125211172009,"{""flexext_fist"":0.0,""flexext_thumb"":0.0,""flexext_index"":0.0,""flexext_middle"":0.0,""flexext_ring"":1.0,""flexext_pinky"":0.0}",baseline_dtw_fusion,,,
feature_bank_template_validation_20260915_v2,validation,semg_manus,8,session_2,0,F0+SPD|DTW,,,,0.5269230769230769,0.5555555555555556,1.8946096900210532,0.12990900511740333,0.26822921710784714,"{""flexext_fist"":1.0,""flexext_thumb"":0.5,""flexext_index"":0.46153846153846156,""flexext_middle"":0.4,""flexext_ring"":0.8,""flexext_pinky"":0.0}",baseline,,,
feature_bank_template_validation_20260915_v2,validation,semg_manus,8,session_2,0,F0+SPD|DTW,,,,0.3277777777777778,0.3888888888888889,1.7036420620451764,0.1337457933633504,0.18128934759402615,"{""flexext_fist"":0.8,""flexext_thumb"":0.0,""flexext_index"":0.0,""flexext_middle"":0.5,""flexext_ring"":0.6666666666666666,""flexext_pinky"":0.0}",dtw,,,
feature_bank_template_validation_20260915_v2,validation,semg_manus,8,session_2,0,F0+SPD|DTW,,,,0.5269230769230769,0.5555555555555556,1.8946096900210532,0.12990900511740333,0.26822921710784714,"{""flexext_fist"":1.0,""flexext_thumb"":0.5,""flexext_index"":0.46153846153846156,""flexext_middle"":0.4,""flexext_ring"":0.8,""flexext_pinky"":0.0}",baseline_dtw_fusion,,,
feature_bank_template_validation_20260915_v2,validation,semg_manus,8,session_2,1,F0+SPD|DTW,,,,0.4351851851851852,0.5,2.257314309734493,0.1464879272623215,0.4440302071184125,"{""flexext_fist"":1.0,""flexext_thumb"":0.0,""flexext_index"":0.4444444444444444,""flexext_middle"":0.5,""flexext_ring"":0.6666666666666666,""flexext_pinky"":0.0}",baseline,,,
feature_bank_template_validation_20260915_v2,validation,semg_manus,8,session_2,1,F0+SPD|DTW,,,,0.5944444444444444,0.6666666666666666,1.4814051350671287,0.11798332874515899,0.480910779538825,"{""flexext_fist"":0.8,""flexext_thumb"":0.6666666666666666,""flexext_index"":0.8,""flexext_middle"":0.5,""flexext_ring"":0.0,""flexext_pinky"":0.8}",dtw,,,
feature_bank_template_validation_20260915_v2,validation,semg_manus,8,session_2,1,F0+SPD|DTW,,,,0.4351851851851852,0.5,1.4416813773882666,0.11944733241591063,0.33378420704789014,"{""flexext_fist"":1.0,""flexext_thumb"":0.0,""flexext_index"":0.4444444444444444,""flexext_middle"":0.5,""flexext_ring"":0.6666666666666666,""flexext_pinky"":0.0}",baseline_dtw_fusion,,,
feature_bank_template_validation_20260915_v2,validation,semg_manus,8,session_2,2,F0+SPD|DTW,,,,0.3611111111111111,0.5,2.2871135343511253,0.1439336638819566,0.505062561197416,"{""flexext_fist"":1.0,""flexext_thumb"":0.0,""flexext_index"":0.5,""flexext_middle"":0.6666666666666666,""flexext_ring"":0.0,""flexext_pinky"":0.0}",baseline,,,
feature_bank_template_validation_20260915_v2,validation,semg_manus,8,session_2,2,F0+SPD|DTW,,,,0.7777777777777777,0.8333333333333334,1.4740103339135586,0.11700305161713698,0.5737348915236701,"{""flexext_fist"":1.0,""flexext_thumb"":1.0,""flexext_index"":1.0,""flexext_middle"":0.6666666666666666,""flexext_ring"":0.0,""flexext_pinky"":1.0}",dtw,,,
feature_bank_template_validation_20260915_v2,validation,semg_manus,8,session_2,2,F0+SPD|DTW,,,,0.3611111111111111,0.5,1.3613309825768445,0.11167899985572076,0.35602774844500773,"{""flexext_fist"":1.0,""flexext_thumb"":0.0,""flexext_index"":0.5,""flexext_middle"":0.6666666666666666,""flexext_ring"":0.0,""flexext_pinky"":0.0}",baseline_dtw_fusion,,,
feature_bank_template_validation_20260915_v2,validation,semg_manus,ALL,session_2,0,F0+SPD|DTW,,,,0.45666971916971916,0.49074074074074076,2.24960159017266,0.13332843588160534,0.3738437852029603,mean per-user aggregation,baseline,,,
feature_bank_template_validation_20260915_v2,validation,semg_manus,ALL,session_2,0,F0+SPD|DTW,,,,0.23360189193522526,0.2962962962962963,1.6885830580717949,0.13305847638587812,0.10972464835291829,mean per-user aggregation,dtw,,,
feature_bank_template_validation_20260915_v2,validation,semg_manus,ALL,session_2,0,F0+SPD|DTW,,,,0.45666971916971916,0.49074074074074076,2.24960159017266,0.13332843588160534,0.3738437852029603,mean per-user aggregation,baseline_dtw_fusion,,,
feature_bank_template_validation_20260915_v2,validation,semg_manus,ALL,session_2,1,F0+SPD|DTW,,,,0.4526014109347442,0.5,2.3830696648705594,0.13916582744932246,0.41138521243291265,mean per-user aggregation,baseline,,,
feature_bank_template_validation_20260915_v2,validation,semg_manus,ALL,session_2,1,F0+SPD|DTW,,,,0.6225308641975308,0.6527777777777778,1.513525545959573,0.12163220518316924,0.4270883833434758,mean per-user aggregation,dtw,,,
feature_bank_template_validation_20260915_v2,validation,semg_manus,ALL,session_2,1,F0+SPD|DTW,,,,0.4664902998236331,0.513888888888889,1.3588453756294017,0.11420604814757056,0.3016244846128449,mean per-user aggregation,baseline_dtw_fusion,,,
feature_bank_template_validation_20260915_v2,validation,semg_manus,ALL,session_2,2,F0+SPD|DTW,,,,0.425925925925926,0.49999999999999994,2.3571272507117143,0.14136683083217116,0.49597599818708654,mean per-user aggregation,baseline,,,
feature_bank_template_validation_20260915_v2,validation,semg_manus,ALL,session_2,2,F0+SPD|DTW,,,,0.548148148148148,0.6111111111111112,1.4944449294024127,0.12014513700482894,0.3772499571934631,mean per-user aggregation,dtw,,,
feature_bank_template_validation_20260915_v2,validation,semg_manus,ALL,session_2,2,F0+SPD|DTW,,,,0.425925925925926,0.49999999999999994,1.3131697795090085,0.10838277623877689,0.38014700917655597,mean per-user aggregation,baseline_dtw_fusion,,,
feature_bank_template_final_20260915,final,semg_manus,3,session_3,0,F0+SPD|DTW,,,,0.37023809523809526,0.4444444444444444,1.9579681513943201,0.1268171917373366,0.2848618068469725,"{""flexext_fist"":0.0,""flexext_thumb"":0.5714285714285714,""flexext_index"":0.4,""flexext_middle"":0.75,""flexext_ring"":0.5,""flexext_pinky"":0.0}",baseline,,,
feature_bank_template_final_20260915,final,semg_manus,3,session_3,0,F0+SPD|DTW,,,,0.14285714285714285,0.16666666666666666,1.7577958352052439,0.13682257619745394,0.24160108444625697,"{""flexext_fist"":0.2857142857142857,""flexext_thumb"":0.0,""flexext_index"":0.0,""flexext_middle"":0.0,""flexext_ring"":0.5714285714285714,""flexext_pinky"":0.0}",dtw,,,
feature_bank_template_final_20260915,final,semg_manus,3,session_3,0,F0+SPD|DTW,,,,0.37023809523809526,0.4444444444444444,1.9579681513943201,0.1268171917373366,0.2848618068469725,"{""flexext_fist"":0.0,""flexext_thumb"":0.5714285714285714,""flexext_index"":0.4,""flexext_middle"":0.75,""flexext_ring"":0.5,""flexext_pinky"":0.0}",baseline_dtw_fusion,,,
feature_bank_template_final_20260915,final,semg_manus,3,session_3,1,F0+SPD|DTW,,,,0.3611111111111111,0.4166666666666667,1.7936858026334201,0.12421919906274288,0.2701914572026396,"{""flexext_fist"":0.0,""flexext_thumb"":0.5,""flexext_index"":0.3333333333333333,""flexext_middle"":0.6666666666666666,""flexext_ring"":0.6666666666666666,""flexext_pinky"":0.0}",baseline,,,
feature_bank_template_final_20260915,final,semg_manus,3,session_3,1,F0+SPD|DTW,,,,0.4666666666666666,0.5,1.5428333070199811,0.12390810058492957,0.37383166753079117,"{""flexext_fist"":1.0,""flexext_thumb"":0.8,""flexext_index"":0.5,""flexext_middle"":0.0,""flexext_ring"":0.0,""flexext_pinky"":0.5}",dtw,,,
feature_bank_template_final_20260915,final,semg_manus,3,session_3,1,F0+SPD|DTW,,,,0.3611111111111111,0.4166666666666667,1.3548949531537262,0.1117865545697402,0.14333402795196246,"{""flexext_fist"":0.0,""flexext_thumb"":0.5,""flexext_index"":0.3333333333333333,""flexext_middle"":0.6666666666666666,""flexext_ring"":0.6666666666666666,""flexext_pinky"":0.0}",baseline_dtw_fusion,,,
feature_bank_template_final_20260915,final,semg_manus,3,session_3,2,F0+SPD|DTW,,,,0.19444444444444442,0.3333333333333333,2.0498557171113303,0.14589010125853322,0.33127114832201643,"{""flexext_fist"":0.0,""flexext_thumb"":0.6666666666666666,""flexext_index"":0.0,""flexext_middle"":0.5,""flexext_ring"":0.0,""flexext_pinky"":0.0}",baseline,,,
feature_bank_template_final_20260915,final,semg_manus,3,session_3,2,F0+SPD|DTW,,,,0.27777777777777773,0.3333333333333333,1.5789136957102015,0.1261697992027442,0.24645011648970594,"{""flexext_fist"":1.0,""flexext_thumb"":0.6666666666666666,""flexext_index"":0.0,""flexext_middle"":0.0,""flexext_ring"":0.0,""flexext_pinky"":0.0}",dtw,,,
feature_bank_template_final_20260915,final,semg_manus,3,session_3,2,F0+SPD|DTW,,,,0.19444444444444442,0.3333333333333333,1.4666208043092357,0.12012072806718146,0.30753006240859015,"{""flexext_fist"":0.0,""flexext_thumb"":0.6666666666666666,""flexext_index"":0.0,""flexext_middle"":0.5,""flexext_ring"":0.0,""flexext_pinky"":0.0}",baseline_dtw_fusion,,,
feature_bank_template_final_20260915,final,semg_manus,4,session_3,0,F0+SPD|DTW,,,,0.37023809523809526,0.3888888888888889,1.8286699206574681,0.14066356355033302,0.41448974597537225,"{""flexext_fist"":0.5,""flexext_thumb"":0.0,""flexext_index"":0.25,""flexext_middle"":0.4,""flexext_ring"":0.5714285714285714,""flexext_pinky"":0.5}",baseline,,,
feature_bank_template_final_20260915,final,semg_manus,4,session_3,0,F0+SPD|DTW,,,,0.2547008547008547,0.3333333333333333,1.7050624066400148,0.13393237374798891,0.16513106526460627,"{""flexext_fist"":0.0,""flexext_thumb"":0.0,""flexext_index"":0.46153846153846156,""flexext_middle"":0.0,""flexext_ring"":0.6666666666666666,""flexext_pinky"":0.4}",dtw,,,
feature_bank_template_final_20260915,final,semg_manus,4,session_3,0,F0+SPD|DTW,,,,0.37023809523809526,0.3888888888888889,1.8286699206574681,0.14066356355033302,0.41448974597537225,"{""flexext_fist"":0.5,""flexext_thumb"":0.0,""flexext_index"":0.25,""flexext_middle"":0.4,""flexext_ring"":0.5714285714285714,""flexext_pinky"":0.5}",baseline_dtw_fusion,,,
feature_bank_template_final_20260915,final,semg_manus,4,session_3,1,F0+SPD|DTW,,,,0.3365079365079365,0.3333333333333333,1.695921091381286,0.1437120533225131,0.4396352083154462,"{""flexext_fist"":0.6666666666666666,""flexext_thumb"":0.0,""flexext_index"":0.0,""flexext_middle"":0.2857142857142857,""flexext_ring"":0.4,""flexext_pinky"":0.6666666666666666}",baseline,,,
feature_bank_template_final_20260915,final,semg_manus,4,session_3,1,F0+SPD|DTW,,,,0.5753968253968254,0.5833333333333334,1.5913640485270024,0.12688981190905668,0.46651613877904907,"{""flexext_fist"":1.0,""flexext_thumb"":0.5,""flexext_index"":0.0,""flexext_middle"":1.0,""flexext_ring"":0.6666666666666666,""flexext_pinky"":0.2857142857142857}",dtw,,,
feature_bank_template_final_20260915,final,semg_manus,4,session_3,1,F0+SPD|DTW,,,,0.3365079365079365,0.3333333333333333,1.4979415387005366,0.12398662335396501,0.3039442445998321,"{""flexext_fist"":0.6666666666666666,""flexext_thumb"":0.0,""flexext_index"":0.0,""flexext_middle"":0.2857142857142857,""flexext_ring"":0.4,""flexext_pinky"":0.6666666666666666}",baseline_dtw_fusion,,,
feature_bank_template_final_20260915,final,semg_manus,4,session_3,2,F0+SPD|DTW,,,,0.3611111111111111,0.5,1.4054630905142649,0.11242505580507722,0.3504607410221387,"{""flexext_fist"":0.0,""flexext_thumb"":0.0,""flexext_index"":0.0,""flexext_middle"":0.5,""flexext_ring"":0.6666666666666666,""flexext_pinky"":1.0}",baseline,,,
feature_bank_template_final_20260915,final,semg_manus,4,session_3,2,F0+SPD|DTW,,,,0.7777777777777778,0.8333333333333334,1.5432539527492317,0.12390367881859994,0.6162764081327594,"{""flexext_fist"":1.0,""flexext_thumb"":1.0,""flexext_index"":0.0,""flexext_middle"":1.0,""flexext_ring"":1.0,""flexext_pinky"":0.6666666666666666}",dtw,,,
feature_bank_template_final_20260915,final,semg_manus,4,session_3,2,F0+SPD|DTW,,,,0.3611111111111111,0.5,1.2603158163082802,0.10209927792527436,0.27930091449715655,"{""flexext_fist"":0.0,""flexext_thumb"":0.0,""flexext_index"":0.0,""flexext_middle"":0.5,""flexext_ring"":0.6666666666666666,""flexext_pinky"":1.0}",baseline_dtw_fusion,,,
feature_bank_template_final_20260915,final,semg_manus,5,session_3,0,F0+SPD|DTW,,,,0.7761904761904761,0.7777777777777778,0.4721112569001115,0.04272885440886019,0.13456437494663787,"{""flexext_fist"":0.8,""flexext_thumb"":0.8571428571428571,""flexext_index"":0.5,""flexext_middle"":0.5,""flexext_ring"":1.0,""flexext_pinky"":1.0}",baseline,,,
feature_bank_template_final_20260915,final,semg_manus,5,session_3,0,F0+SPD|DTW,,,,0.3436507936507936,0.3888888888888889,1.6428899028277468,0.13087585085601747,0.17762557693889322,"{""flexext_fist"":0.5,""flexext_thumb"":0.3333333333333333,""flexext_index"":0.0,""flexext_middle"":0.42857142857142855,""flexext_ring"":0.8,""flexext_pinky"":0.0}",dtw,,,
feature_bank_template_final_20260915,final,semg_manus,5,session_3,0,F0+SPD|DTW,,,,0.7761904761904761,0.7777777777777778,0.4721112569001115,0.04272885440886019,0.13456437494663787,"{""flexext_fist"":0.8,""flexext_thumb"":0.8571428571428571,""flexext_index"":0.5,""flexext_middle"":0.5,""flexext_ring"":1.0,""flexext_pinky"":1.0}",baseline_dtw_fusion,,,
feature_bank_template_final_20260915,final,semg_manus,5,session_3,1,F0+SPD|DTW,,,,0.7555555555555555,0.75,0.42738063574087465,0.040220889187076635,0.21017385161504892,"{""flexext_fist"":0.6666666666666666,""flexext_thumb"":0.8,""flexext_index"":0.4,""flexext_middle"":0.6666666666666666,""flexext_ring"":1.0,""flexext_pinky"":1.0}",baseline,,,
feature_bank_template_final_20260915,final,semg_manus,5,session_3,1,F0+SPD|DTW,,,,0.4396825396825397,0.5,1.554500295102395,0.12495694550429734,0.3012007258036002,"{""flexext_fist"":0.6666666666666666,""flexext_thumb"":0.0,""flexext_index"":0.0,""flexext_middle"":0.5714285714285714,""flexext_ring"":1.0,""flexext_pinky"":0.4}",dtw,,,
feature_bank_template_final_20260915,final,semg_manus,5,session_3,1,F0+SPD|DTW,,,,0.7555555555555555,0.75,0.663646559252333,0.050014418300521474,0.34771166366508155,"{""flexext_fist"":0.6666666666666666,""flexext_thumb"":0.8,""flexext_index"":0.4,""flexext_middle"":0.6666666666666666,""flexext_ring"":1.0,""flexext_pinky"":1.0}",baseline_dtw_fusion,,,
feature_bank_template_final_20260915,final,semg_manus,5,session_3,2,F0+SPD|DTW,,,,0.611111111111111,0.6666666666666666,0.45465729507659325,0.04332164469750385,0.2123228175130625,"{""flexext_fist"":1.0,""flexext_thumb"":0.6666666666666666,""flexext_index"":0.0,""flexext_middle"":0.0,""flexext_ring"":1.0,""flexext_pinky"":1.0}",baseline,,,
feature_bank_template_final_20260915,final,semg_manus,5,session_3,2,F0+SPD|DTW,,,,0.5555555555555555,0.6666666666666666,1.4716173709888547,0.11979243410196504,0.4241167843660266,"{""flexext_fist"":1.0,""flexext_thumb"":0.0,""flexext_index"":0.0,""flexext_middle"":0.6666666666666666,""flexext_ring"":1.0,""flexext_pinky"":0.6666666666666666}",dtw,,,
feature_bank_template_final_20260915,final,semg_manus,5,session_3,2,F0+SPD|DTW,,,,0.7777777777777777,0.8333333333333334,0.8101033772236921,0.0625766736179604,0.3255615660287265,"{""flexext_fist"":1.0,""flexext_thumb"":0.6666666666666666,""flexext_index"":0.0,""flexext_middle"":1.0,""flexext_ring"":1.0,""flexext_pinky"":1.0}",baseline_dtw_fusion,,,
feature_bank_template_final_20260915,final,semg_manus,6,session_3,0,F0+SPD|DTW,,,,0.2658119658119658,0.3333333333333333,2.2754698173887267,0.14985649728436806,0.5264354382533387,"{""flexext_fist"":0.3333333333333333,""flexext_thumb"":0.0,""flexext_index"":0.0,""flexext_middle"":0.46153846153846156,""flexext_ring"":0.8,""flexext_pinky"":0.0}",baseline,,,
feature_bank_template_final_20260915,final,semg_manus,6,session_3,0,F0+SPD|DTW,,,,0.24090909090909088,0.2777777777777778,1.678866402981798,0.13206405428353488,0.2143069395022652,"{""flexext_fist"":0.0,""flexext_thumb"":0.0,""flexext_index"":0.0,""flexext_middle"":0.5,""flexext_ring"":0.5454545454545454,""flexext_pinky"":0.4}",dtw,,,
feature_bank_template_final_20260915,final,semg_manus,6,session_3,0,F0+SPD|DTW,,,,0.2658119658119658,0.3333333333333333,2.2754698173887267,0.14985649728436806,0.5264354382533387,"{""flexext_fist"":0.3333333333333333,""flexext_thumb"":0.0,""flexext_index"":0.0,""flexext_middle"":0.46153846153846156,""flexext_ring"":0.8,""flexext_pinky"":0.0}",baseline_dtw_fusion,,,
feature_bank_template_final_20260915,final,semg_manus,6,session_3,1,F0+SPD|DTW,,,,0.31666666666666665,0.4166666666666667,2.1609946024947972,0.1402436254381708,0.49622375215098513,"{""flexext_fist"":0.4,""flexext_thumb"":0.0,""flexext_index"":0.0,""flexext_middle"":0.5,""flexext_ring"":1.0,""flexext_pinky"":0.0}",baseline,,,
feature_bank_template_final_20260915,final,semg_manus,6,session_3,1,F0+SPD|DTW,,,,0.8222222222222221,0.8333333333333334,1.3980878035001345,0.11380076903434465,0.5815960311269674,"{""flexext_fist"":0.6666666666666666,""flexext_thumb"":1.0,""flexext_index"":0.8,""flexext_middle"":0.6666666666666666,""flexext_ring"":1.0,""flexext_pinky"":0.8}",dtw,,,
feature_bank_template_final_20260915,final,semg_manus,6,session_3,1,F0+SPD|DTW,,,,0.31666666666666665,0.4166666666666667,1.2503471528154784,0.11221639955448705,0.39532607180032375,"{""flexext_fist"":0.4,""flexext_thumb"":0.0,""flexext_index"":0.0,""flexext_middle"":0.5,""flexext_ring"":1.0,""flexext_pinky"":0.0}",baseline_dtw_fusion,,,
feature_bank_template_final_20260915,final,semg_manus,6,session_3,2,F0+SPD|DTW,,,,0.3611111111111111,0.5,1.4475973536517468,0.11462286853587145,0.4456864671974958,"{""flexext_fist"":0.6666666666666666,""flexext_thumb"":0.0,""flexext_index"":0.0,""flexext_middle"":0.5,""flexext_ring"":1.0,""flexext_pinky"":0.0}",baseline,,,
feature_bank_template_final_20260915,final,semg_manus,6,session_3,2,F0+SPD|DTW,,,,0.5555555555555555,0.6666666666666666,1.4431331666629463,0.11739539637737773,0.4236215798538854,"{""flexext_fist"":0.0,""flexext_thumb"":1.0,""flexext_index"":0.6666666666666666,""flexext_middle"":0.0,""flexext_ring"":1.0,""flexext_pinky"":0.6666666666666666}",dtw,,,
feature_bank_template_final_20260915,final,semg_manus,6,session_3,2,F0+SPD|DTW,,,,0.3611111111111111,0.5,1.147541190345409,0.09668083438734747,0.33246125937911086,"{""flexext_fist"":0.6666666666666666,""flexext_thumb"":0.0,""flexext_index"":0.0,""flexext_middle"":0.5,""flexext_ring"":1.0,""flexext_pinky"":0.0}",baseline_dtw_fusion,,,
feature_bank_template_final_20260915,final,semg_manus,7,session_3,0,F0+SPD|DTW,,,,0.2909090909090909,0.3888888888888889,2.3992139535445816,0.17706126114670886,0.5443901399644213,"{""flexext_fist"":1.0,""flexext_thumb"":0.2,""flexext_index"":0.0,""flexext_middle"":0.0,""flexext_ring"":0.5454545454545454,""flexext_pinky"":0.0}",baseline,,,
feature_bank_template_final_20260915,final,semg_manus,7,session_3,0,F0+SPD|DTW,,,,0.18596491228070175,0.2777777777777778,1.7498836566666518,0.13628992243343985,0.055893885592765646,"{""flexext_fist"":0.8,""flexext_thumb"":0.0,""flexext_index"":0.3157894736842105,""flexext_middle"":0.0,""flexext_ring"":0.0,""flexext_pinky"":0.0}",dtw,,,
feature_bank_template_final_20260915,final,semg_manus,7,session_3,0,F0+SPD|DTW,,,,0.2909090909090909,0.3888888888888889,2.3992139535445816,0.17706126114670886,0.5443901399644213,"{""flexext_fist"":1.0,""flexext_thumb"":0.2,""flexext_index"":0.0,""flexext_middle"":0.0,""flexext_ring"":0.5454545454545454,""flexext_pinky"":0.0}",baseline_dtw_fusion,,,
feature_bank_template_final_20260915,final,semg_manus,7,session_3,1,F0+SPD|DTW,,,,0.3095238095238095,0.4166666666666667,2.571436657646459,0.17942057981455395,0.5897198482378917,"{""flexext_fist"":1.0,""flexext_thumb"":0.2857142857142857,""flexext_index"":0.0,""flexext_middle"":0.0,""flexext_ring"":0.5714285714285714,""flexext_pinky"":0.0}",baseline,,,
feature_bank_template_final_20260915,final,semg_manus,7,session_3,1,F0+SPD|DTW,,,,0.5222222222222223,0.5833333333333334,1.5059502604042372,0.12145409280856113,0.343530192790105,"{""flexext_fist"":0.6666666666666666,""flexext_thumb"":0.5,""flexext_index"":0.5,""flexext_middle"":0.8,""flexext_ring"":0.0,""flexext_pinky"":0.6666666666666666}",dtw,,,
feature_bank_template_final_20260915,final,semg_manus,7,session_3,1,F0+SPD|DTW,,,,0.3095238095238095,0.4166666666666667,1.5265474413744242,0.13753942150680964,0.3491698644636003,"{""flexext_fist"":1.0,""flexext_thumb"":0.2857142857142857,""flexext_index"":0.0,""flexext_middle"":0.0,""flexext_ring"":0.5714285714285714,""flexext_pinky"":0.0}",baseline_dtw_fusion,,,
feature_bank_template_final_20260915,final,semg_manus,7,session_3,2,F0+SPD|DTW,,,,0.25,0.3333333333333333,2.553725088755174,0.19303193545749164,0.6375707564052788,"{""flexext_fist"":1.0,""flexext_thumb"":0.0,""flexext_index"":0.0,""flexext_middle"":0.0,""flexext_ring"":0.5,""flexext_pinky"":0.0}",baseline,,,
feature_bank_template_final_20260915,final,semg_manus,7,session_3,2,F0+SPD|DTW,,,,0.3333333333333333,0.5,1.4846886776993877,0.11995540023569135,0.2546967704578516,"{""flexext_fist"":0.0,""flexext_thumb"":0.6666666666666666,""flexext_index"":0.0,""flexext_middle"":0.6666666666666666,""flexext_ring"":0.0,""flexext_pinky"":0.6666666666666666}",dtw,,,
feature_bank_template_final_20260915,final,semg_manus,7,session_3,2,F0+SPD|DTW,,,,0.25,0.3333333333333333,1.4635238338648857,0.1296602892614567,0.3724514215741575,"{""flexext_fist"":1.0,""flexext_thumb"":0.0,""flexext_index"":0.0,""flexext_middle"":0.0,""flexext_ring"":0.5,""flexext_pinky"":0.0}",baseline_dtw_fusion,,,
feature_bank_template_final_20260915,final,semg_manus,8,session_3,0,F0+SPD|DTW,,,,0.423015873015873,0.5,1.5873577577887141,0.12717340128927487,0.31770197829939095,"{""flexext_fist"":0.8,""flexext_thumb"":0.6666666666666666,""flexext_index"":0.5714285714285714,""flexext_middle"":0.5,""flexext_ring"":0.0,""flexext_pinky"":0.0}",baseline,,,
feature_bank_template_final_20260915,final,semg_manus,8,session_3,0,F0+SPD|DTW,,,,0.35000000000000003,0.3888888888888889,1.7066738998935496,0.1337102182409352,0.1741826308276619,"{""flexext_fist"":1.0,""flexext_thumb"":0.0,""flexext_index"":0.0,""flexext_middle"":0.6,""flexext_ring"":0.0,""flexext_pinky"":0.5}",dtw,,,
feature_bank_template_final_20260915,final,semg_manus,8,session_3,0,F0+SPD|DTW,,,,0.423015873015873,0.5,1.5873577577887141,0.12717340128927487,0.31770197829939095,"{""flexext_fist"":0.8,""flexext_thumb"":0.6666666666666666,""flexext_index"":0.5714285714285714,""flexext_middle"":0.5,""flexext_ring"":0.0,""flexext_pinky"":0.0}",baseline_dtw_fusion,,,
feature_bank_template_final_20260915,final,semg_manus,8,session_3,1,F0+SPD|DTW,,,,0.3444444444444444,0.4166666666666667,2.01008772117179,0.14817531364219488,0.35457740899069007,"{""flexext_fist"":0.6666666666666666,""flexext_thumb"":0.5,""flexext_index"":0.4,""flexext_middle"":0.5,""flexext_ring"":0.0,""flexext_pinky"":0.0}",baseline,,,
feature_bank_template_final_20260915,final,semg_manus,8,session_3,1,F0+SPD|DTW,,,,0.6174603174603175,0.6666666666666666,1.4448527379600107,0.11813919871679474,0.4078084801134012,"{""flexext_fist"":0.6666666666666666,""flexext_thumb"":1.0,""flexext_index"":0.8,""flexext_middle"":0.6666666666666666,""flexext_ring"":0.0,""flexext_pinky"":0.5714285714285714}",dtw,,,
feature_bank_template_final_20260915,final,semg_manus,8,session_3,1,F0+SPD|DTW,,,,0.3444444444444444,0.4166666666666667,1.3761296652778103,0.12026601625771753,0.3471056731787137,"{""flexext_fist"":0.6666666666666666,""flexext_thumb"":0.5,""flexext_index"":0.4,""flexext_middle"":0.5,""flexext_ring"":0.0,""flexext_pinky"":0.0}",baseline_dtw_fusion,,,
feature_bank_template_final_20260915,final,semg_manus,8,session_3,2,F0+SPD|DTW,,,,0.08333333333333333,0.16666666666666666,2.356723152793377,0.17300768107065154,0.49783036378706413,"{""flexext_fist"":0.0,""flexext_thumb"":0.0,""flexext_index"":0.0,""flexext_middle"":0.5,""flexext_ring"":0.0,""flexext_pinky"":0.0}",baseline,,,
feature_bank_template_final_20260915,final,semg_manus,8,session_3,2,F0+SPD|DTW,,,,0.3611111111111111,0.5,1.5215587933763992,0.12344191663535921,0.4854691398643641,"{""flexext_fist"":0.0,""flexext_thumb"":1.0,""flexext_index"":0.6666666666666666,""flexext_middle"":0.0,""flexext_ring"":0.0,""flexext_pinky"":0.5}",dtw,,,
feature_bank_template_final_20260915,final,semg_manus,8,session_3,2,F0+SPD|DTW,,,,0.19444444444444442,0.3333333333333333,1.531318379159452,0.13068817219726742,0.3371659951550204,"{""flexext_fist"":0.0,""flexext_thumb"":0.0,""flexext_index"":0.5,""flexext_middle"":0.6666666666666666,""flexext_ring"":0.0,""flexext_pinky"":0.0}",baseline_dtw_fusion,,,
feature_bank_template_final_20260915,final,semg_manus,ALL,session_3,0,F0+SPD|DTW,,,,0.416067266067266,0.47222222222222227,1.7534651429456538,0.12738346156948027,0.37040724738102226,mean per-user aggregation,baseline,,,
feature_bank_template_final_20260915,final,semg_manus,ALL,session_3,0,F0+SPD|DTW,,,,0.2530137990664306,0.3055555555555555,1.7068620173691675,0.13394916595989503,0.1714568637620749,mean per-user aggregation,dtw,,,
feature_bank_template_final_20260915,final,semg_manus,ALL,session_3,0,F0+SPD|DTW,,,,0.416067266067266,0.47222222222222227,1.7534651429456538,0.12738346156948027,0.37040724738102226,mean per-user aggregation,baseline_dtw_fusion,,,
feature_bank_template_final_20260915,final,semg_manus,ALL,session_3,1,F0+SPD|DTW,,,,0.4039682539682539,0.4583333333333333,1.7765844185114377,0.1293319434112087,0.39342025441878364,mean per-user aggregation,baseline,,,
feature_bank_template_final_20260915,final,semg_manus,ALL,session_3,1,F0+SPD|DTW,,,,0.5739417989417989,0.6111111111111112,1.5062647420856268,0.121524819759664,0.41241387269065233,mean per-user aggregation,dtw,,,
feature_bank_template_final_20260915,final,semg_manus,ALL,session_3,1,F0+SPD|DTW,,,,0.4039682539682539,0.4583333333333333,1.2782512184290515,0.10930157225720681,0.3144319242765857,mean per-user aggregation,baseline_dtw_fusion,,,
feature_bank_template_final_20260915,final,semg_manus,ALL,session_3,2,F0+SPD|DTW,,,,0.3101851851851852,0.4166666666666667,1.7113369496504145,0.13038321447085482,0.41252371570784274,mean per-user aggregation,baseline,,,
feature_bank_template_final_20260915,final,semg_manus,ALL,session_3,2,F0+SPD|DTW,,,,0.47685185185185186,0.5833333333333334,1.507194276197837,0.12177643756195623,0.40843846652743215,mean per-user aggregation,dtw,,,
feature_bank_template_final_20260915,final,semg_manus,ALL,session_3,2,F0+SPD|DTW,,,,0.35648148148148145,0.47222222222222227,1.2799039002018258,0.10697099590941465,0.32574520317379363,mean per-user aggregation,baseline_dtw_fusion,,,
feature_bank_force_zero_validation_20260915,validation,libemg_contraction_intensity,7,ALL,0,F0+F2b_CSP+F1_X1H,population_zero_shot,,,0.5846985914178111,0.6198979591836735,1.4806473238695435,0.07898563077622163,0.1813149078781817,"{""0"":0.8011444921316166,""1"":0.8629441624365483,""2"":0.77526395173454,""3"":0.5032537960954447,""4"":0.5371329879101899,""5"":0.6015228426395939,""6"":0.011627906976744186}",,,Force-ZeroShot,
feature_bank_force_zero_validation_20260915,validation,libemg_contraction_intensity,7,20P,0,F0+F2b_CSP+F1_X1H,population_zero_shot,,,0.3299048304491155,0.3794642857142857,1.584825296755767,0.11485549581336471,0.2795051594342991,"{""0"":0.5454545454545454,""1"":0.6382978723404256,""2"":0.35,""3"":0.0,""4"":0.32558139534883723,""5"":0.45,""6"":0.0}",,,Force-ZeroShot,
feature_bank_force_zero_validation_20260915,validation,libemg_contraction_intensity,7,30P,0,F0+F2b_CSP+F1_X1H,population_zero_shot,,,0.5084687011235872,0.5714285714285714,1.175323896564572,0.08489456850929643,0.19975147267246943,"{""0"":0.8857142857142857,""1"":0.9508196721311475,""2"":0.6666666666666666,""3"":0.0,""4"":0.4132231404958678,""5"":0.6428571428571429,""6"":0.0}",,,Force-ZeroShot,
feature_bank_force_zero_validation_20260915,validation,libemg_contraction_intensity,7,40P,0,F0+F2b_CSP+F1_X1H,population_zero_shot,,,0.5704997945526944,0.6473214285714286,1.3837016406335354,0.07264422940930307,0.19938365594934235,"{""0"":0.9508196721311475,""1"":1.0,""2"":0.7450980392156863,""3"":0.06060606060606061,""4"":0.6274509803921569,""5"":0.6095238095238096,""6"":0.0}",,,Force-ZeroShot,
feature_bank_force_zero_validation_20260915,validation,libemg_contraction_intensity,7,50P,0,F0+F2b_CSP+F1_X1H,population_zero_shot,,,0.6427524462323719,0.6964285714285714,1.3130439920371317,0.06259879553715444,0.1454230784565324,"{""0"":0.9152542372881356,""1"":1.0,""2"":0.7575757575757576,""3"":0.47619047619047616,""4"":0.6060606060606061,""5"":0.7441860465116279,""6"":0.0}",,,Force-ZeroShot,
feature_bank_force_zero_validation_20260915,validation,libemg_contraction_intensity,7,60P,0,F0+F2b_CSP+F1_X1H,population_zero_shot,,,0.6920358448812725,0.7544642857142857,1.2215982182991183,0.050056722434871324,0.09467741614664328,"{""0"":0.9508196721311475,""1"":1.0,""2"":0.8767123287671232,""3"":0.5454545454545454,""4"":0.735632183908046,""5"":0.735632183908046,""6"":0.0}",,,Force-ZeroShot,
feature_bank_force_zero_validation_20260915,validation,libemg_contraction_intensity,7,70P,0,F0+F2b_CSP+F1_X1H,population_zero_shot,,,0.7613722632616179,0.8169642857142857,1.259483090081171,0.04219078323673053,0.07982965829930133,"{""0"":0.9841269841269841,""1"":1.0,""2"":0.8421052631578947,""3"":0.8771929824561403,""4"":0.8732394366197183,""5"":0.7529411764705882,""6"":0.0}",,,Force-ZeroShot,
feature_bank_force_zero_validation_20260915,validation,libemg_contraction_intensity,7,80P,0,F0+F2b_CSP+F1_X1H,population_zero_shot,,,0.707141997226871,0.7678571428571429,1.3821541680133311,0.05041331677633593,0.08065461349434788,"{""0"":0.96875,""1"":1.0,""2"":0.7529411764705882,""3"":0.6382978723404256,""4"":0.8051948051948052,""5"":0.7848101265822784,""6"":0.0}",,,Force-ZeroShot,
feature_bank_force_zero_validation_20260915,validation,libemg_contraction_intensity,7,MVC,0,F0+F2b_CSP+F1_X1H,population_zero_shot,,,0.5381425273411337,0.6071428571428571,1.6517827671570007,0.08497239512834613,0.21128093466906653,"{""0"":0.9333333333333333,""1"":0.47619047619047616,""2"":0.7804878048780488,""3"":0.8648648648648649,""4"":0.5454545454545454,""5"":0.0,""6"":0.16666666666666666}",,,Force-ZeroShot,
feature_bank_force_zero_validation_20260915,validation,libemg_contraction_intensity,7,Light,0,F0+F2b_CSP+F1_X1H,population_zero_shot,,,0.2571846349987436,0.34375,2.2064559446687264,0.14238860911024648,0.3790878366229968,"{""0"":0.3695652173913043,""1"":0.0,""2"":0.9333333333333333,""3"":0.11764705882352941,""4"":0.379746835443038,""5"":0.0,""6"":0.0}",,,Force-ZeroShot,
feature_bank_force_zero_validation_20260915,validation,libemg_contraction_intensity,7,Medium,0,F0+F2b_CSP+F1_X1H,population_zero_shot,,,0.5475065143848411,0.5491071428571429,1.6881264141107304,0.09752166336537019,0.26904466681863864,"{""0"":0.896551724137931,""1"":0.6666666666666666,""2"":0.7307692307692307,""3"":0.5777777777777777,""4"":0.42953020134228187,""5"":0.53125,""6"":0.0}",,,Force-ZeroShot,
feature_bank_force_zero_validation_20260915,validation,libemg_contraction_intensity,7,Hard,0,F0+F2b_CSP+F1_X1H,population_zero_shot,,,0.6414288722890983,0.6785714285714286,1.506192855887621,0.06929874139348083,0.16996112258257934,"{""0"":0.7924528301886793,""1"":0.967741935483871,""2"":0.8732394366197183,""3"":0.7586206896551724,""4"":0.5818181818181818,""5"":0.5161290322580645,""6"":0.0}",,,Force-ZeroShot,
feature_bank_force_zero_validation_20260915,validation,libemg_contraction_intensity,7,ALL,1,F0+F2b_CSP+F1_X1H,source_force_anchor,,,0.5927568787333665,0.6267006802721088,1.0913345176083356,0.07158330202245175,0.11465088318024538,"{""0"":0.802275960170697,""1"":0.8648648648648649,""2"":0.7885196374622356,""3"":0.5404255319148936,""4"":0.5369244135534318,""5"":0.6045918367346939,""6"":0.011695906432748537}",,,Force-ZeroShot,
feature_bank_force_zero_validation_20260915,validation,libemg_contraction_intensity,7,20P,1,F0+F2b_CSP+F1_X1H,source_force_anchor,,,0.31943771493888945,0.36607142857142855,1.5977970303162505,0.10808582003068438,0.14499960755154165,"{""0"":0.5393258426966292,""1"":0.5454545454545454,""2"":0.3902439024390244,""3"":0.0,""4"":0.3053435114503817,""5"":0.45569620253164556,""6"":0.0}",,,Force-ZeroShot,
feature_bank_force_zero_validation_20260915,validation,libemg_contraction_intensity,7,30P,1,F0+F2b_CSP+F1_X1H,source_force_anchor,,,0.504797559753525,0.5669642857142857,1.2503036419302436,0.08214697055711383,0.11941429648208353,"{""0"":0.8732394366197183,""1"":0.9508196721311475,""2"":0.6666666666666666,""3"":0.0,""4"":0.4,""5"":0.6428571428571429,""6"":0.0}",,,Force-ZeroShot,
feature_bank_force_zero_validation_20260915,validation,libemg_contraction_intensity,7,40P,1,F0+F2b_CSP+F1_X1H,source_force_anchor,,,0.5838207831295279,0.65625,1.0263732128635312,0.06624527769745517,0.18662338986855775,"{""0"":0.9508196721311475,""1"":1.0,""2"":0.7692307692307693,""3"":0.11764705882352941,""4"":0.6336633663366337,""5"":0.6153846153846154,""6"":0.0}",,,Force-ZeroShot,
feature_bank_force_zero_validation_20260915,validation,libemg_contraction_intensity,7,50P,1,F0+F2b_CSP+F1_X1H,source_force_anchor,,,0.6557523842581114,0.7098214285714286,0.8287550127431176,0.05580265751799955,0.15009207540032246,"{""0"":0.9333333333333333,""1"":1.0,""2"":0.7761194029850746,""3"":0.5116279069767442,""4"":0.625,""5"":0.7441860465116279,""6"":0.0}",,,Force-ZeroShot,
feature_bank_force_zero_validation_20260915,validation,libemg_contraction_intensity,7,60P,1,F0+F2b_CSP+F1_X1H,source_force_anchor,,,0.7142972886437304,0.7723214285714286,0.7015255821831224,0.04605772145198645,0.198779794721974,"{""0"":0.9508196721311475,""1"":1.0,""2"":0.8767123287671232,""3"":0.6666666666666666,""4"":0.7529411764705882,""5"":0.7529411764705882,""6"":0.0}",,,Force-ZeroShot,
feature_bank_force_zero_validation_20260915,validation,libemg_contraction_intensity,7,70P,1,F0+F2b_CSP+F1_X1H,source_force_anchor,,,0.7657418078126508,0.8214285714285714,0.6407191394230819,0.040754207414416335,0.198024381661722,"{""0"":0.9841269841269841,""1"":1.0,""2"":0.8533333333333334,""3"":0.896551724137931,""4"":0.8732394366197183,""5"":0.7529411764705882,""6"":0.0}",,,Force-ZeroShot,
feature_bank_force_zero_validation_20260915,validation,libemg_contraction_intensity,7,80P,1,F0+F2b_CSP+F1_X1H,source_force_anchor,,,0.7175424681932185,0.7767857142857143,0.7269299290404447,0.04733572524747969,0.15432131778119285,"{""0"":0.96875,""1"":1.0,""2"":0.7804878048780488,""3"":0.6938775510204082,""4"":0.7948717948717948,""5"":0.7848101265822784,""6"":0.0}",,,Force-ZeroShot,
feature_bank_force_zero_validation_20260915,validation,libemg_contraction_intensity,7,MVC,1,F0+F2b_CSP+F1_X1H,source_force_anchor,,,0.5800119663534298,0.6428571428571429,1.0090915714873974,0.06726859239774005,0.17072850176314305,"{""0"":0.9333333333333333,""1"":0.72,""2"":0.7804878048780488,""3"":0.8888888888888888,""4"":0.5555555555555556,""5"":0.0,""6"":0.18181818181818182}",,,Force-ZeroShot,
feature_bank_force_zero_validation_20260915,validation,libemg_contraction_intensity,7,Light,1,F0+F2b_CSP+F1_X1H,source_force_anchor,,,0.2571846349987436,0.34375,1.9593501696470856,0.12508381754186285,0.2060820747148588,"{""0"":0.3695652173913043,""1"":0.0,""2"":0.9333333333333333,""3"":0.11764705882352941,""4"":0.379746835443038,""5"":0.0,""6"":0.0}",,,Force-ZeroShot,
feature_bank_force_zero_validation_20260915,validation,libemg_contraction_intensity,7,Medium,1,F0+F2b_CSP+F1_X1H,source_force_anchor,,,0.5499613287101209,0.5535714285714286,1.3602867968595678,0.0877490298566906,0.06971999782380892,"{""0"":0.9152542372881356,""1"":0.6382978723404256,""2"":0.7547169811320755,""3"":0.5777777777777777,""4"":0.43243243243243246,""5"":0.53125,""6"":0.0}",,,Force-ZeroShot,
feature_bank_force_zero_validation_20260915,validation,libemg_contraction_intensity,7,Hard,1,F0+F2b_CSP+F1_X1H,source_force_anchor,,,0.6541626310892378,0.6919642857142857,0.8624261341373792,0.05872914772118439,0.14422516150335216,"{""0"":0.7924528301886793,""1"":0.9841269841269841,""2"":0.8857142857142857,""3"":0.8135593220338984,""4"":0.5871559633027523,""5"":0.5161290322580645,""6"":0.0}",,,Force-ZeroShot,
feature_bank_force_zero_validation_20260915,validation,libemg_contraction_intensity,7,ALL,2,F0+F2b_CSP+F1_X1H,source_force_anchor,,,0.6010932492402572,0.6326530612244898,1.140545437852651,0.073946240296025,0.13853900601655014,"{""0"":0.8011363636363636,""1"":0.8686868686868687,""2"":0.8042813455657493,""3"":0.5684210526315789,""4"":0.5355285961871751,""5"":0.6061381074168798,""6"":0.02346041055718475}",,,Force-ZeroShot,
feature_bank_force_zero_validation_20260915,validation,libemg_contraction_intensity,7,20P,2,F0+F2b_CSP+F1_X1H,source_force_anchor,,,0.309566797962427,0.35714285714285715,1.650811716923782,0.10871290599182208,0.09065297654140819,"{""0"":0.5393258426966292,""1"":0.43902439024390244,""2"":0.42857142857142855,""3"":0.0,""4"":0.29850746268656714,""5"":0.46153846153846156,""6"":0.0}",,,Force-ZeroShot,
feature_bank_force_zero_validation_20260915,validation,libemg_contraction_intensity,7,30P,2,F0+F2b_CSP+F1_X1H,source_force_anchor,,,0.5011441735164011,0.5625,1.3195595926990715,0.08595627318935138,0.12897693559208157,"{""0"":0.8611111111111112,""1"":0.9508196721311475,""2"":0.6666666666666666,""3"":0.0,""4"":0.3865546218487395,""5"":0.6428571428571429,""6"":0.0}",,,Force-ZeroShot,
feature_bank_force_zero_validation_20260915,validation,libemg_contraction_intensity,7,40P,2,F0+F2b_CSP+F1_X1H,source_force_anchor,,,0.5838207831295279,0.65625,1.0463090854632917,0.06861234123641648,0.20702228539559794,"{""0"":0.9508196721311475,""1"":1.0,""2"":0.7692307692307693,""3"":0.11764705882352941,""4"":0.6336633663366337,""5"":0.6153846153846154,""6"":0.0}",,,Force-ZeroShot,
feature_bank_force_zero_validation_20260915,validation,libemg_contraction_intensity,7,50P,2,F0+F2b_CSP+F1_X1H,source_force_anchor,,,0.6557523842581114,0.7098214285714286,0.8658796992298836,0.05848577751377093,0.20782196116705168,"{""0"":0.9333333333333333,""1"":1.0,""2"":0.7761194029850746,""3"":0.5116279069767442,""4"":0.625,""5"":0.7441860465116279,""6"":0.0}",,,Force-ZeroShot,
feature_bank_force_zero_validation_20260915,validation,libemg_contraction_intensity,7,60P,2,F0+F2b_CSP+F1_X1H,source_force_anchor,,,0.7308693969391035,0.7857142857142857,0.7719180218647514,0.05072029980144104,0.23694025786588924,"{""0"":0.9508196721311475,""1"":1.0,""2"":0.9142857142857143,""3"":0.7450980392156863,""4"":0.7529411764705882,""5"":0.7529411764705882,""6"":0.0}",,,Force-ZeroShot,
feature_bank_force_zero_validation_20260915,validation,libemg_contraction_intensity,7,70P,2,F0+F2b_CSP+F1_X1H,source_force_anchor,,,0.7743361799025353,0.8303571428571429,0.7355819184329333,0.04720639532963984,0.27339846830680037,"{""0"":0.9841269841269841,""1"":1.0,""2"":0.8767123287671232,""3"":0.9333333333333333,""4"":0.8732394366197183,""5"":0.7529411764705882,""6"":0.0}",,,Force-ZeroShot,
feature_bank_force_zero_validation_20260915,validation,libemg_contraction_intensity,7,80P,2,F0+F2b_CSP+F1_X1H,source_force_anchor,,,0.7373334777491777,0.7946428571428571,0.8168326457532201,0.053048601260671034,0.24387725942353342,"{""0"":0.96875,""1"":1.0,""2"":0.810126582278481,""3"":0.7924528301886793,""4"":0.8051948051948052,""5"":0.7848101265822784,""6"":0.0}",,,Force-ZeroShot,
feature_bank_force_zero_validation_20260915,validation,libemg_contraction_intensity,7,MVC,2,F0+F2b_CSP+F1_X1H,source_force_anchor,,,0.6519092615866809,0.7142857142857143,1.015924534935372,0.06710796613444607,0.21276527411643165,"{""0"":0.9333333333333333,""1"":0.967741935483871,""2"":0.8,""3"":0.9696969696969697,""4"":0.5925925925925926,""5"":0.0,""6"":0.3}",,,Force-ZeroShot,
feature_bank_force_zero_validation_20260915,validation,libemg_contraction_intensity,7,Light,2,F0+F2b_CSP+F1_X1H,source_force_anchor,,,0.24869472884239086,0.3392857142857143,1.9786554092887194,0.12126029748703623,0.13094090213479523,"{""0"":0.3695652173913043,""1"":0.0,""2"":0.9333333333333333,""3"":0.06060606060606061,""4"":0.37735849056603776,""5"":0.0,""6"":0.0}",,,Force-ZeroShot,
feature_bank_force_zero_validation_20260915,validation,libemg_contraction_intensity,7,Medium,2,F0+F2b_CSP+F1_X1H,source_force_anchor,,,0.5498168837203464,0.5535714285714286,1.3814514084127651,0.0883586373486216,0.11980999690308865,"{""0"":0.9152542372881356,""1"":0.6086956521739131,""2"":0.7777777777777778,""3"":0.5777777777777777,""4"":0.42953020134228187,""5"":0.5396825396825397,""6"":0.0}",,,Force-ZeroShot,
feature_bank_force_zero_validation_20260915,validation,libemg_contraction_intensity,7,Hard,2,F0+F2b_CSP+F1_X1H,source_force_anchor,,,0.6646544167363029,0.6964285714285714,0.9007653319167301,0.06052001088226892,0.20141316248252117,"{""0"":0.7924528301886793,""1"":0.9841269841269841,""2"":0.8985507246376812,""3"":0.8135593220338984,""4"":0.5871559633027523,""5"":0.5161290322580645,""6"":0.06060606060606061}",,,Force-ZeroShot,
feature_bank_force_zero_validation_20260915,validation,libemg_contraction_intensity,8,ALL,0,F0+F2b_CSP+F1_X1H,population_zero_shot,,,0.6919839908893469,0.701530612244898,1.172757910324793,0.06452215726411062,0.11579285680248678,"{""0"":0.7250384024577573,""1"":0.8357771260997068,""2"":0.6110429447852761,""3"":0.898379970544919,""4"":0.68,""5"":0.6732673267326733,""6"":0.42038216560509556}",,,Force-ZeroShot,
feature_bank_force_zero_validation_20260915,validation,libemg_contraction_intensity,8,20P,0,F0+F2b_CSP+F1_X1H,population_zero_shot,,,0.27480415322360613,0.32589285714285715,2.1624575242288318,0.12358458350597694,0.33009061088073893,"{""0"":0.4666666666666667,""1"":0.37037037037037035,""2"":0.05714285714285714,""3"":0.0425531914893617,""4"":0.10810810810810811,""5"":0.0,""6"":0.8787878787878788}",,,Force-ZeroShot,
feature_bank_force_zero_validation_20260915,validation,libemg_contraction_intensity,8,30P,0,F0+F2b_CSP+F1_X1H,population_zero_shot,,,0.7094518462553895,0.71875,0.9539531803699504,0.062002506027946214,0.05917317190136306,"{""0"":0.875,""1"":0.676056338028169,""2"":0.5531914893617021,""3"":0.9696969696969697,""4"":0.49230769230769234,""5"":0.6206896551724138,""6"":0.7792207792207793}",,,Force-ZeroShot,
feature_bank_force_zero_validation_20260915,validation,libemg_contraction_intensity,8,40P,0,F0+F2b_CSP+F1_X1H,population_zero_shot,,,0.7409753294202556,0.7589285714285714,0.6098452791832252,0.0474660812368068,0.07603220650591115,"{""0"":0.7761194029850746,""1"":0.9411764705882353,""2"":0.7191011235955056,""3"":0.9846153846153847,""4"":0.631578947368421,""5"":0.8363636363636363,""6"":0.2978723404255319}",,,Force-ZeroShot,
feature_bank_force_zero_validation_20260915,validation,libemg_contraction_intensity,8,50P,0,F0+F2b_CSP+F1_X1H,population_zero_shot,,,0.7603370771573538,0.8080357142857143,0.8221657836958685,0.04916275273963618,0.12761034338105942,"{""0"":0.8571428571428571,""1"":0.9696969696969697,""2"":0.6666666666666666,""3"":1.0,""4"":0.8611111111111112,""5"":0.967741935483871,""6"":0.0}",,,Force-ZeroShot,
feature_bank_force_zero_validation_20260915,validation,libemg_contraction_intensity,8,60P,0,F0+F2b_CSP+F1_X1H,population_zero_shot,,,0.7310926179128944,0.7633928571428571,0.998969390908102,0.05817716170061482,0.14392910266948877,"{""0"":0.8148148148148148,""1"":0.8571428571428571,""2"":0.6666666666666666,""3"":0.9846153846153847,""4"":0.8266666666666667,""5"":0.967741935483871,""6"":0.0}",,,Force-ZeroShot,
feature_bank_force_zero_validation_20260915,validation,libemg_contraction_intensity,8,70P,0,F0+F2b_CSP+F1_X1H,population_zero_shot,,,0.7470230289125354,0.7901785714285714,0.7931957166248377,0.04782745398750473,0.13480754407105677,"{""0"":0.9841269841269841,""1"":0.9846153846153847,""2"":0.6304347826086957,""3"":1.0,""4"":0.8421052631578947,""5"":0.7272727272727273,""6"":0.06060606060606061}",,,Force-ZeroShot,
feature_bank_force_zero_validation_20260915,validation,libemg_contraction_intensity,8,80P,0,F0+F2b_CSP+F1_X1H,population_zero_shot,,,0.7693008368729931,0.8169642857142857,0.7957170997466443,0.049185390716935715,0.14812185223929158,"{""0"":0.967741935483871,""1"":0.9846153846153847,""2"":0.6666666666666666,""3"":1.0,""4"":0.8888888888888888,""5"":0.8771929824561403,""6"":0.0}",,,Force-ZeroShot,
feature_bank_force_zero_validation_20260915,validation,libemg_contraction_intensity,8,MVC,0,F0+F2b_CSP+F1_X1H,population_zero_shot,,,0.42179567602908563,0.5178571428571429,2.885230546627631,0.11025374583463929,0.33051131621745244,"{""0"":0.3157894736842105,""1"":0.43243243243243246,""2"":0.6086956521739131,""3"":0.8,""4"":0.6956521739130435,""5"":0.1,""6"":0.0}",,,Force-ZeroShot,
feature_bank_force_zero_validation_20260915,validation,libemg_contraction_intensity,8,Light,0,F0+F2b_CSP+F1_X1H,population_zero_shot,,,0.7297255106189207,0.7455357142857143,0.6931594409791426,0.05200794661104383,0.06113431887728194,"{""0"":0.6666666666666666,""1"":0.9696969696969697,""2"":0.5454545454545454,""3"":0.9411764705882353,""4"":0.6736842105263158,""5"":0.32727272727272727,""6"":0.9841269841269841}",,,Force-ZeroShot,
feature_bank_force_zero_validation_20260915,validation,libemg_contraction_intensity,8,Medium,0,F0+F2b_CSP+F1_X1H,population_zero_shot,,,0.7069193321829415,0.7544642857142857,0.8196360367299185,0.051691336129588254,0.10058984552793596,"{""0"":0.6666666666666666,""1"":0.9014084507042254,""2"":0.6382978723404256,""3"":0.9552238805970149,""4"":0.7887323943661971,""5"":0.9375,""6"":0.06060606060606061}",,,Force-ZeroShot,
feature_bank_force_zero_validation_20260915,validation,libemg_contraction_intensity,8,Hard,0,F0+F2b_CSP+F1_X1H,population_zero_shot,,,0.5684216913083361,0.625,2.222243332629987,0.08125056569978835,0.21951752132661825,"{""0"":0.43902439024390244,""1"":0.8571428571428571,""2"":0.55,""3"":0.927536231884058,""4"":0.6597938144329897,""5"":0.5454545454545454,""6"":0.0}",,,Force-ZeroShot,
feature_bank_force_zero_validation_20260915,validation,libemg_contraction_intensity,8,ALL,1,F0+F2b_CSP+F1_X1H,source_force_anchor,,,0.7010117615000079,0.7100340136054422,0.9446532780978782,0.061624286709729977,0.08092689419127204,"{""0"":0.7473841554559043,""1"":0.8649468892261002,""2"":0.6134969325153374,""3"":0.898379970544919,""4"":0.6823238566131026,""5"":0.6765676567656765,""6"":0.42398286937901497}",,,Force-ZeroShot,
feature_bank_force_zero_validation_20260915,validation,libemg_contraction_intensity,8,20P,1,F0+F2b_CSP+F1_X1H,source_force_anchor,,,0.27678897362306065,0.32589285714285715,1.840610080625051,0.11472196922907507,0.20968852335228805,"{""0"":0.4715447154471545,""1"":0.38461538461538464,""2"":0.05714285714285714,""3"":0.0425531914893617,""4"":0.10666666666666667,""5"":0.0,""6"":0.875}",,,Force-ZeroShot,
feature_bank_force_zero_validation_20260915,validation,libemg_contraction_intensity,8,30P,1,F0+F2b_CSP+F1_X1H,source_force_anchor,,,0.715530160527515,0.7276785714285714,1.0098603604218994,0.0667106239686219,0.1913654634015642,"{""0"":0.8985507246376812,""1"":0.7076923076923077,""2"":0.5416666666666666,""3"":0.9411764705882353,""4"":0.5151515151515151,""5"":0.6206896551724138,""6"":0.7837837837837838}",,,Force-ZeroShot,
feature_bank_force_zero_validation_20260915,validation,libemg_contraction_intensity,8,40P,1,F0+F2b_CSP+F1_X1H,source_force_anchor,,,0.7516764227681455,0.7678571428571429,0.7449350788215965,0.050389797570845225,0.12963229842502283,"{""0"":0.7761194029850746,""1"":0.9696969696969697,""2"":0.7191011235955056,""3"":0.9846153846153847,""4"":0.6779661016949152,""5"":0.8363636363636363,""6"":0.2978723404255319}",,,Force-ZeroShot,
feature_bank_force_zero_validation_20260915,validation,libemg_contraction_intensity,8,50P,1,F0+F2b_CSP+F1_X1H,source_force_anchor,,,0.7697591304819715,0.8169642857142857,0.7219735559390701,0.04814019779172257,0.13527624363746507,"{""0"":0.8771929824561403,""1"":1.0,""2"":0.6666666666666666,""3"":1.0,""4"":0.8767123287671232,""5"":0.967741935483871,""6"":0.0}",,,Force-ZeroShot,
feature_bank_force_zero_validation_20260915,validation,libemg_contraction_intensity,8,60P,1,F0+F2b_CSP+F1_X1H,source_force_anchor,,,0.7339569215290778,0.7678571428571429,0.7502220193291355,0.05096803539687495,0.11472129006540195,"{""0"":0.8148148148148148,""1"":0.8771929824561403,""2"":0.6666666666666666,""3"":0.9846153846153847,""4"":0.8266666666666667,""5"":0.967741935483871,""6"":0.0}",,,Force-ZeroShot,
feature_bank_force_zero_validation_20260915,validation,libemg_contraction_intensity,8,70P,1,F0+F2b_CSP+F1_X1H,source_force_anchor,,,0.760201334929716,0.7991071428571429,0.7336348958527064,0.047213332898698335,0.19432141634094224,"{""0"":0.9841269841269841,""1"":0.9846153846153847,""2"":0.6521739130434783,""3"":1.0,""4"":0.8421052631578947,""5"":0.7407407407407407,""6"":0.11764705882352941}",,,Force-ZeroShot,
feature_bank_force_zero_validation_20260915,validation,libemg_contraction_intensity,8,80P,1,F0+F2b_CSP+F1_X1H,source_force_anchor,,,0.7697591304819716,0.8169642857142857,0.792393112253569,0.049224964351884046,0.15488743300386854,"{""0"":0.967741935483871,""1"":1.0,""2"":0.6666666666666666,""3"":1.0,""4"":0.8767123287671232,""5"":0.8771929824561403,""6"":0.0}",,,Force-ZeroShot,
feature_bank_force_zero_validation_20260915,validation,libemg_contraction_intensity,8,MVC,1,F0+F2b_CSP+F1_X1H,source_force_anchor,,,0.4712986643932936,0.5535714285714286,1.4069183489480934,0.0882686291850973,0.1737824422120256,"{""0"":0.6086956521739131,""1"":0.47058823529411764,""2"":0.6086956521739131,""3"":0.8,""4"":0.7111111111111111,""5"":0.1,""6"":0.0}",,,Force-ZeroShot,
feature_bank_force_zero_validation_20260915,validation,libemg_contraction_intensity,8,Light,1,F0+F2b_CSP+F1_X1H,source_force_anchor,,,0.7428444232402704,0.7544642857142857,0.8195164477462773,0.055760885676428215,0.14113057290868192,"{""0"":0.6896551724137931,""1"":1.0,""2"":0.5777777777777777,""3"":0.9552238805970149,""4"":0.6597938144329897,""5"":0.3333333333333333,""6"":0.9841269841269841}",,,Force-ZeroShot,
feature_bank_force_zero_validation_20260915,validation,libemg_contraction_intensity,8,Medium,1,F0+F2b_CSP+F1_X1H,source_force_anchor,,,0.7330531406155744,0.7723214285714286,0.744592171981051,0.050590694049573406,0.11887690207386302,"{""0"":0.7450980392156863,""1"":0.927536231884058,""2"":0.6451612903225806,""3"":0.9696969696969697,""4"":0.7887323943661971,""5"":0.9375,""6"":0.11764705882352941}",,,Force-ZeroShot,
feature_bank_force_zero_validation_20260915,validation,libemg_contraction_intensity,8,Hard,1,F0+F2b_CSP+F1_X1H,source_force_anchor,,,0.5794163844084762,0.6294642857142857,1.057662522583318,0.06920019492589245,0.1518145622388693,"{""0"":0.47619047619047616,""1"":0.9152542372881356,""2"":0.5316455696202531,""3"":0.927536231884058,""4"":0.6464646464646465,""5"":0.5588235294117647,""6"":0.0}",,,Force-ZeroShot,
feature_bank_force_zero_validation_20260915,validation,libemg_contraction_intensity,8,ALL,2,F0+F2b_CSP+F1_X1H,source_force_anchor,,,0.7065301958116208,0.7155612244897959,0.9895464690484846,0.06538657672453606,0.17141311629820782,"{""0"":0.7514792899408284,""1"":0.885145482388974,""2"":0.6150061500615006,""3"":0.895741556534508,""4"":0.6878824969400245,""5"":0.6766169154228856,""6"":0.43383947939262474}",,,Force-ZeroShot,
feature_bank_force_zero_validation_20260915,validation,libemg_contraction_intensity,8,20P,2,F0+F2b_CSP+F1_X1H,source_force_anchor,,,0.25688091667989404,0.3080357142857143,1.8505457792403435,0.1139014242338613,0.17640189180358418,"{""0"":0.4715447154471545,""1"":0.25,""2"":0.05714285714285714,""3"":0.0392156862745098,""4"":0.10526315789473684,""5"":0.0,""6"":0.875}",,,Force-ZeroShot,
feature_bank_force_zero_validation_20260915,validation,libemg_contraction_intensity,8,30P,2,F0+F2b_CSP+F1_X1H,source_force_anchor,,,0.7195622866101447,0.7321428571428571,1.12509553097155,0.07545103987380412,0.2883956987498538,"{""0"":0.8611111111111112,""1"":0.7540983606557377,""2"":0.5416666666666666,""3"":0.927536231884058,""4"":0.5373134328358209,""5"":0.6206896551724138,""6"":0.7945205479452054}",,,Force-ZeroShot,
feature_bank_force_zero_validation_20260915,validation,libemg_contraction_intensity,8,40P,2,F0+F2b_CSP+F1_X1H,source_force_anchor,,,0.7621976233421385,0.7767857142857143,0.8549652396665367,0.057798678433456256,0.22717388823556978,"{""0"":0.7761194029850746,""1"":1.0,""2"":0.7191011235955056,""3"":0.9846153846153847,""4"":0.7213114754098361,""5"":0.8363636363636363,""6"":0.2978723404255319}",,,Force-ZeroShot,
feature_bank_force_zero_validation_20260915,validation,libemg_contraction_intensity,8,50P,2,F0+F2b_CSP+F1_X1H,source_force_anchor,,,0.7697591304819715,0.8169642857142857,0.8010907583318146,0.05386258127287951,0.23016226702008077,"{""0"":0.8771929824561403,""1"":1.0,""2"":0.6666666666666666,""3"":1.0,""4"":0.8767123287671232,""5"":0.967741935483871,""6"":0.0}",,,Force-ZeroShot,
feature_bank_force_zero_validation_20260915,validation,libemg_contraction_intensity,8,60P,2,F0+F2b_CSP+F1_X1H,source_force_anchor,,,0.7536365234643189,0.7991071428571429,0.789460932114269,0.053521139745337336,0.20966705439305938,"{""0"":0.8148148148148148,""1"":0.9841269841269841,""2"":0.6666666666666666,""3"":1.0,""4"":0.8421052631578947,""5"":0.967741935483871,""6"":0.0}",,,Force-ZeroShot,
feature_bank_force_zero_validation_20260915,validation,libemg_contraction_intensity,8,70P,2,F0+F2b_CSP+F1_X1H,source_force_anchor,,,0.7646667108236632,0.8035714285714286,0.7782556554119268,0.05143867773815376,0.2172100460596685,"{""0"":1.0,""1"":1.0,""2"":0.6521739130434783,""3"":1.0,""4"":0.8421052631578947,""5"":0.7407407407407407,""6"":0.11764705882352941}",,,Force-ZeroShot,
feature_bank_force_zero_validation_20260915,validation,libemg_contraction_intensity,8,80P,2,F0+F2b_CSP+F1_X1H,source_force_anchor,,,0.7697591304819716,0.8169642857142857,0.8033860172262036,0.0529081340740832,0.21765037825183822,"{""0"":0.967741935483871,""1"":1.0,""2"":0.6666666666666666,""3"":1.0,""4"":0.8767123287671232,""5"":0.8771929824561403,""6"":0.0}",,,Force-ZeroShot,
feature_bank_force_zero_validation_20260915,validation,libemg_contraction_intensity,8,MVC,2,F0+F2b_CSP+F1_X1H,source_force_anchor,,,0.4842439467965415,0.5714285714285714,1.2228374788468925,0.08136841029558732,0.2248910021043931,"{""0"":0.7692307692307693,""1"":0.5161290322580645,""2"":0.6086956521739131,""3"":0.8,""4"":0.6956521739130435,""5"":0.0,""6"":0.0}",,,Force-ZeroShot,
feature_bank_force_zero_validation_20260915,validation,libemg_contraction_intensity,8,Light,2,F0+F2b_CSP+F1_X1H,source_force_anchor,,,0.7428444232402704,0.7544642857142857,0.9216197826475684,0.0633604266567916,0.2307759349010122,"{""0"":0.6896551724137931,""1"":1.0,""2"":0.5777777777777777,""3"":0.9552238805970149,""4"":0.6597938144329897,""5"":0.3333333333333333,""6"":0.9841269841269841}",,,Force-ZeroShot,
feature_bank_force_zero_validation_20260915,validation,libemg_contraction_intensity,8,Medium,2,F0+F2b_CSP+F1_X1H,source_force_anchor,,,0.7498792602957517,0.7857142857142857,0.8062354329863796,0.054924241748394186,0.2145434077570021,"{""0"":0.7450980392156863,""1"":0.9552238805970149,""2"":0.6593406593406593,""3"":0.9696969696969697,""4"":0.7945205479452054,""5"":0.9538461538461539,""6"":0.17142857142857143}",,,Force-ZeroShot,
feature_bank_force_zero_validation_20260915,validation,libemg_contraction_intensity,8,Hard,2,F0+F2b_CSP+F1_X1H,source_force_anchor,,,0.5822305769945509,0.6339285714285714,1.0481640569890505,0.06870850668307368,0.1968401038075397,"{""0"":0.47619047619047616,""1"":0.9206349206349206,""2"":0.5316455696202531,""3"":0.9552238805970149,""4"":0.6464646464646465,""5"":0.5454545454545454,""6"":0.0}",,,Force-ZeroShot,
feature_bank_force_zero_validation_20260915,validation,libemg_contraction_intensity,ALL,ALL,0,F0+F2b_CSP+F1_X1H,population_zero_shot,,,0.6383412911535791,0.6607142857142858,1.326702617097168,0.07175389402016613,0.14855388234033423,mean per-user aggregation,,,Force-ZeroShot,
feature_bank_force_zero_validation_20260915,validation,libemg_contraction_intensity,ALL,20P,0,F0+F2b_CSP+F1_X1H,population_zero_shot,,,0.3023544918363608,0.3526785714285714,1.8736414104922994,0.11922003965967082,0.30479788515751904,mean per-user aggregation,,,Force-ZeroShot,
feature_bank_force_zero_validation_20260915,validation,libemg_contraction_intensity,ALL,30P,0,F0+F2b_CSP+F1_X1H,population_zero_shot,,,0.6089602736894884,0.6450892857142857,1.0646385384672612,0.07344853726862133,0.12946232228691623,mean per-user aggregation,,,Force-ZeroShot,
feature_bank_force_zero_validation_20260915,validation,libemg_contraction_intensity,ALL,40P,0,F0+F2b_CSP+F1_X1H,population_zero_shot,,,0.6557375619864749,0.703125,0.9967734599083803,0.06005515532305493,0.13770793122762676,mean per-user aggregation,,,Force-ZeroShot,
feature_bank_force_zero_validation_20260915,validation,libemg_contraction_intensity,ALL,50P,0,F0+F2b_CSP+F1_X1H,population_zero_shot,,,0.7015447616948629,0.7522321428571428,1.0676048878665,0.05588077413839532,0.1365167109187959,mean per-user aggregation,,,Force-ZeroShot,
feature_bank_force_zero_validation_20260915,validation,libemg_contraction_intensity,ALL,60P,0,F0+F2b_CSP+F1_X1H,population_zero_shot,,,0.7115642313970834,0.7589285714285714,1.11028380460361,0.054116942067743076,0.11930325940806602,mean per-user aggregation,,,Force-ZeroShot,
feature_bank_force_zero_validation_20260915,validation,libemg_contraction_intensity,ALL,70P,0,F0+F2b_CSP+F1_X1H,population_zero_shot,,,0.7541976460870766,0.8035714285714286,1.0263394033530044,0.04500911861211763,0.10731860118517905,mean per-user aggregation,,,Force-ZeroShot,
feature_bank_force_zero_validation_20260915,validation,libemg_contraction_intensity,ALL,80P,0,F0+F2b_CSP+F1_X1H,population_zero_shot,,,0.738221417049932,0.7924107142857143,1.0889356338799878,0.04979935374663583,0.11438823286681973,mean per-user aggregation,,,Force-ZeroShot,
feature_bank_force_zero_validation_20260915,validation,libemg_contraction_intensity,ALL,MVC,0,F0+F2b_CSP+F1_X1H,population_zero_shot,,,0.47996910168510964,0.5625,2.268506656892316,0.0976130704814927,0.2708961254432595,mean per-user aggregation,,,Force-ZeroShot,
feature_bank_force_zero_validation_20260915,validation,libemg_contraction_intensity,ALL,Light,0,F0+F2b_CSP+F1_X1H,population_zero_shot,,,0.49345507280883216,0.5446428571428572,1.4498076928239345,0.09719827786064515,0.22011107775013936,mean per-user aggregation,,,Force-ZeroShot,
feature_bank_force_zero_validation_20260915,validation,libemg_contraction_intensity,ALL,Medium,0,F0+F2b_CSP+F1_X1H,population_zero_shot,,,0.6272129232838912,0.6517857142857143,1.2538812254203244,0.07460649974747922,0.18481725617328731,mean per-user aggregation,,,Force-ZeroShot,
feature_bank_force_zero_validation_20260915,validation,libemg_contraction_intensity,ALL,Hard,0,F0+F2b_CSP+F1_X1H,population_zero_shot,,,0.6049252817987172,0.6517857142857143,1.864218094258804,0.0752746535466346,0.1947393219545988,mean per-user aggregation,,,Force-ZeroShot,
feature_bank_force_zero_validation_20260915,validation,libemg_contraction_intensity,ALL,ALL,1,F0+F2b_CSP+F1_X1H,source_force_anchor,,,0.6468843201166872,0.6683673469387754,1.017993897853107,0.06660379436609086,0.09778888868575872,mean per-user aggregation,,,Force-ZeroShot,
feature_bank_force_zero_validation_20260915,validation,libemg_contraction_intensity,ALL,20P,1,F0+F2b_CSP+F1_X1H,source_force_anchor,,,0.298113344280975,0.34598214285714285,1.7192035554706506,0.11140389462987974,0.17734406545191483,mean per-user aggregation,,,Force-ZeroShot,
feature_bank_force_zero_validation_20260915,validation,libemg_contraction_intensity,ALL,30P,1,F0+F2b_CSP+F1_X1H,source_force_anchor,,,0.6101638601405199,0.6473214285714286,1.1300820011760715,0.07442879726286786,0.15538987994182388,mean per-user aggregation,,,Force-ZeroShot,
feature_bank_force_zero_validation_20260915,validation,libemg_contraction_intensity,ALL,40P,1,F0+F2b_CSP+F1_X1H,source_force_anchor,,,0.6677486029488366,0.7120535714285714,0.8856541458425639,0.05831753763415019,0.1581278441467903,mean per-user aggregation,,,Force-ZeroShot,
feature_bank_force_zero_validation_20260915,validation,libemg_contraction_intensity,ALL,50P,1,F0+F2b_CSP+F1_X1H,source_force_anchor,,,0.7127557573700415,0.7633928571428572,0.7753642843410938,0.05197142765486106,0.14268415951889377,mean per-user aggregation,,,Force-ZeroShot,
feature_bank_force_zero_validation_20260915,validation,libemg_contraction_intensity,ALL,60P,1,F0+F2b_CSP+F1_X1H,source_force_anchor,,,0.7241271050864041,0.7700892857142858,0.725873800756129,0.0485128784244307,0.15675054239368796,mean per-user aggregation,,,Force-ZeroShot,
feature_bank_force_zero_validation_20260915,validation,libemg_contraction_intensity,ALL,70P,1,F0+F2b_CSP+F1_X1H,source_force_anchor,,,0.7629715713711833,0.8102678571428572,0.6871770176378942,0.043983770156557335,0.1961728990013321,mean per-user aggregation,,,Force-ZeroShot,
feature_bank_force_zero_validation_20260915,validation,libemg_contraction_intensity,ALL,80P,1,F0+F2b_CSP+F1_X1H,source_force_anchor,,,0.7436507993375951,0.796875,0.7596615206470069,0.048280344799681865,0.1546043753925307,mean per-user aggregation,,,Force-ZeroShot,
feature_bank_force_zero_validation_20260915,validation,libemg_contraction_intensity,ALL,MVC,1,F0+F2b_CSP+F1_X1H,source_force_anchor,,,0.5256553153733616,0.5982142857142858,1.2080049602177454,0.07776861079141867,0.17225547198758434,mean per-user aggregation,,,Force-ZeroShot,
feature_bank_force_zero_validation_20260915,validation,libemg_contraction_intensity,ALL,Light,1,F0+F2b_CSP+F1_X1H,source_force_anchor,,,0.5000145291195071,0.5491071428571428,1.3894333086966815,0.09042235160914552,0.17360632381177035,mean per-user aggregation,,,Force-ZeroShot,
feature_bank_force_zero_validation_20260915,validation,libemg_contraction_intensity,ALL,Medium,1,F0+F2b_CSP+F1_X1H,source_force_anchor,,,0.6415072346628476,0.6629464285714286,1.0524394844203093,0.069169861953132,0.09429844994883596,mean per-user aggregation,,,Force-ZeroShot,
feature_bank_force_zero_validation_20260915,validation,libemg_contraction_intensity,ALL,Hard,1,F0+F2b_CSP+F1_X1H,source_force_anchor,,,0.616789507748857,0.6607142857142857,0.9600443283603486,0.06396467132353842,0.14801986187111071,mean per-user aggregation,,,Force-ZeroShot,
feature_bank_force_zero_validation_20260915,validation,libemg_contraction_intensity,ALL,ALL,2,F0+F2b_CSP+F1_X1H,source_force_anchor,,,0.653811722525939,0.6741071428571428,1.0650459534505679,0.06966640851028053,0.154976061157379,mean per-user aggregation,,,Force-ZeroShot,
feature_bank_force_zero_validation_20260915,validation,libemg_contraction_intensity,ALL,20P,2,F0+F2b_CSP+F1_X1H,source_force_anchor,,,0.2832238573211605,0.3325892857142857,1.7506787480820627,0.1113071651128417,0.13352743417249618,mean per-user aggregation,,,Force-ZeroShot,
feature_bank_force_zero_validation_20260915,validation,libemg_contraction_intensity,ALL,30P,2,F0+F2b_CSP+F1_X1H,source_force_anchor,,,0.6103532300632728,0.6473214285714286,1.2223275618353107,0.08070365653157775,0.2086863171709677,mean per-user aggregation,,,Force-ZeroShot,
feature_bank_force_zero_validation_20260915,validation,libemg_contraction_intensity,ALL,40P,2,F0+F2b_CSP+F1_X1H,source_force_anchor,,,0.6730092032358332,0.7165178571428572,0.9506371625649142,0.06320550983493636,0.21709808681558385,mean per-user aggregation,,,Force-ZeroShot,
feature_bank_force_zero_validation_20260915,validation,libemg_contraction_intensity,ALL,50P,2,F0+F2b_CSP+F1_X1H,source_force_anchor,,,0.7127557573700415,0.7633928571428572,0.8334852287808492,0.056174179393325224,0.21899211409356623,mean per-user aggregation,,,Force-ZeroShot,
feature_bank_force_zero_validation_20260915,validation,libemg_contraction_intensity,ALL,60P,2,F0+F2b_CSP+F1_X1H,source_force_anchor,,,0.7422529602017112,0.7924107142857143,0.7806894769895103,0.05212071977338919,0.2233036561294743,mean per-user aggregation,,,Force-ZeroShot,
feature_bank_force_zero_validation_20260915,validation,libemg_contraction_intensity,ALL,70P,2,F0+F2b_CSP+F1_X1H,source_force_anchor,,,0.7695014453630993,0.8169642857142858,0.7569187869224301,0.0493225365338968,0.24530425718323445,mean per-user aggregation,,,Force-ZeroShot,
feature_bank_force_zero_validation_20260915,validation,libemg_contraction_intensity,ALL,80P,2,F0+F2b_CSP+F1_X1H,source_force_anchor,,,0.7535463041155747,0.8058035714285714,0.8101093314897119,0.05297836766737712,0.23076381883768582,mean per-user aggregation,,,Force-ZeroShot,
feature_bank_force_zero_validation_20260915,validation,libemg_contraction_intensity,ALL,MVC,2,F0+F2b_CSP+F1_X1H,source_force_anchor,,,0.5680766041916112,0.6428571428571428,1.1193810068911323,0.0742381882150167,0.21882813811041238,mean per-user aggregation,,,Force-ZeroShot,
feature_bank_force_zero_validation_20260915,validation,libemg_contraction_intensity,ALL,Light,2,F0+F2b_CSP+F1_X1H,source_force_anchor,,,0.49576957604133065,0.546875,1.450137595968144,0.09231036207191393,0.1808584185179037,mean per-user aggregation,,,Force-ZeroShot,
feature_bank_force_zero_validation_20260915,validation,libemg_contraction_intensity,ALL,Medium,2,F0+F2b_CSP+F1_X1H,source_force_anchor,,,0.6498480720080491,0.6696428571428572,1.0938434206995724,0.0716414395485079,0.16717670233004536,mean per-user aggregation,,,Force-ZeroShot,
feature_bank_force_zero_validation_20260915,validation,libemg_contraction_intensity,ALL,Hard,2,F0+F2b_CSP+F1_X1H,source_force_anchor,,,0.6234424968654269,0.6651785714285714,0.9744646944528903,0.0646142587826713,0.19912663314503043,mean per-user aggregation,,,Force-ZeroShot,
feature_bank_force_zero_final_20260915,final,libemg_contraction_intensity,9,ALL,0,F0+F2b_CSP+F1_X1H,population_zero_shot,,,0.7640325361303314,0.7993197278911565,1.196181633314573,0.048248356708239945,0.11739373582955581,"{""0"":0.9896907216494846,""1"":0.9694189602446484,""2"":0.8966565349544073,""3"":0.8350253807106599,""4"":0.15675675675675677,""5"":0.8251533742331288,""6"":0.6755260243632336}",,,Force-ZeroShot,
feature_bank_force_zero_final_20260915,final,libemg_contraction_intensity,9,20P,0,F0+F2b_CSP+F1_X1H,population_zero_shot,,,0.8437619865262361,0.8571428571428571,0.32428774592630333,0.02520320707282486,0.06710760280269545,"{""0"":1.0,""1"":1.0,""2"":0.7924528301886793,""3"":0.7710843373493976,""4"":0.5116279069767442,""5"":0.8311688311688312,""6"":1.0}",,,Force-ZeroShot,
feature_bank_force_zero_final_20260915,final,libemg_contraction_intensity,9,30P,0,F0+F2b_CSP+F1_X1H,population_zero_shot,,,0.8079927829626499,0.8214285714285714,0.8887731567972145,0.03660792768175406,0.07500252551748247,"{""0"":1.0,""1"":0.9846153846153847,""2"":0.8275862068965517,""3"":0.9375,""4"":0.4,""5"":0.8253968253968254,""6"":0.6808510638297872}",,,Force-ZeroShot,
feature_bank_force_zero_final_20260915,final,libemg_contraction_intensity,9,40P,0,F0+F2b_CSP+F1_X1H,population_zero_shot,,,0.7101277389576817,0.7633928571428571,1.274059870894402,0.05366159384953691,0.14593093526206274,"{""0"":1.0,""1"":1.0,""2"":0.7857142857142857,""3"":0.7804878048780488,""4"":0.0,""5"":0.6774193548387096,""6"":0.7272727272727273}",,,Force-ZeroShot,
feature_bank_force_zero_final_20260915,final,libemg_contraction_intensity,9,50P,0,F0+F2b_CSP+F1_X1H,population_zero_shot,,,0.7491188057225794,0.7901785714285714,1.5614195286461534,0.056291467457990955,0.1925670581829901,"{""0"":1.0,""1"":1.0,""2"":0.9230769230769231,""3"":1.0,""4"":0.0,""5"":0.7169811320754716,""6"":0.6037735849056604}",,,Force-ZeroShot,
feature_bank_force_zero_final_20260915,final,libemg_contraction_intensity,9,60P,0,F0+F2b_CSP+F1_X1H,population_zero_shot,,,0.7684009867683337,0.8125,1.7345097200462172,0.0487460311816073,0.15668034425601474,"{""0"":1.0,""1"":1.0,""2"":0.9,""3"":0.9846153846153847,""4"":0.0,""5"":0.8615384615384616,""6"":0.6326530612244898}",,,Force-ZeroShot,
feature_bank_force_zero_final_20260915,final,libemg_contraction_intensity,9,70P,0,F0+F2b_CSP+F1_X1H,population_zero_shot,,,0.7279546122656182,0.7723214285714286,1.7828372220933357,0.05757773520989332,0.1697910275650623,"{""0"":1.0,""1"":0.9841269841269841,""2"":0.8235294117647058,""3"":1.0,""4"":0.0,""5"":0.6666666666666666,""6"":0.6213592233009708}",,,Force-ZeroShot,
feature_bank_force_zero_final_20260915,final,libemg_contraction_intensity,9,80P,0,F0+F2b_CSP+F1_X1H,population_zero_shot,,,0.7706373901506517,0.8080357142857143,1.5052597932124876,0.04891186857662707,0.15555378680614668,"{""0"":1.0,""1"":1.0,""2"":0.9014084507042254,""3"":0.9152542372881356,""4"":0.06060606060606061,""5"":0.8771929824561403,""6"":0.64}",,,Force-ZeroShot,
feature_bank_force_zero_final_20260915,final,libemg_contraction_intensity,9,MVC,0,F0+F2b_CSP+F1_X1H,population_zero_shot,,,0.551902519249458,0.6428571428571429,2.1322469520582943,0.09143770927593765,0.30946363973654284,"{""0"":1.0,""1"":0.0,""2"":1.0,""3"":0.6530612244897959,""4"":0.0,""5"":0.8,""6"":0.41025641025641024}",,,Force-ZeroShot,
feature_bank_force_zero_final_20260915,final,libemg_contraction_intensity,9,Light,0,F0+F2b_CSP+F1_X1H,population_zero_shot,,,0.7806952856642011,0.7946428571428571,0.7418132304738384,0.04751928854117036,0.1091446886910771,"{""0"":0.9014084507042254,""1"":1.0,""2"":0.9841269841269841,""3"":0.6597938144329897,""4"":0.3181818181818182,""5"":0.8813559322033898,""6"":0.72}",,,Force-ZeroShot,
feature_bank_force_zero_final_20260915,final,libemg_contraction_intensity,9,Medium,0,F0+F2b_CSP+F1_X1H,population_zero_shot,,,0.7617201594700364,0.8035714285714286,0.6637376199810756,0.04257773568381681,0.11170561796381287,"{""0"":1.0,""1"":1.0,""2"":0.9552238805970149,""3"":0.6736842105263158,""4"":0.06060606060606061,""5"":0.9152542372881356,""6"":0.7272727272727273}",,,Force-ZeroShot,
feature_bank_force_zero_final_20260915,final,libemg_contraction_intensity,9,Hard,0,F0+F2b_CSP+F1_X1H,population_zero_shot,,,0.8057816492936551,0.8482142857142857,1.0170857857028408,0.04379203554332898,0.15025629197403767,"{""0"":1.0,""1"":0.967741935483871,""2"":0.9846153846153847,""3"":0.9696969696969697,""4"":0.06060606060606061,""5"":0.9841269841269841,""6"":0.6736842105263158}",,,Force-ZeroShot,
feature_bank_force_zero_final_20260915,final,libemg_contraction_intensity,9,ALL,1,F0+F2b_CSP+F1_X1H,source_force_anchor,,,0.7670392755596149,0.8010204081632653,0.7495064183578584,0.046862087761283845,0.1243151424301904,"{""0"":0.9896907216494846,""1"":0.9694189602446484,""2"":0.898021308980213,""3"":0.8371501272264631,""4"":0.17158176943699732,""5"":0.82642089093702,""6"":0.6769911504424779}",,,Force-ZeroShot,
feature_bank_force_zero_final_20260915,final,libemg_contraction_intensity,9,20P,1,F0+F2b_CSP+F1_X1H,source_force_anchor,,,0.8437619865262361,0.8571428571428571,0.5680670707282024,0.03410480653494056,0.2453054728415101,"{""0"":1.0,""1"":1.0,""2"":0.7924528301886793,""3"":0.7710843373493976,""4"":0.5116279069767442,""5"":0.8311688311688312,""6"":1.0}",,,Force-ZeroShot,
feature_bank_force_zero_final_20260915,final,libemg_contraction_intensity,9,30P,1,F0+F2b_CSP+F1_X1H,source_force_anchor,,,0.8300414640543027,0.8348214285714286,0.6802251016120169,0.0402385825796796,0.1934101472775916,"{""0"":1.0,""1"":0.9846153846153847,""2"":0.8421052631578947,""3"":0.9523809523809523,""4"":0.5116279069767442,""5"":0.8387096774193549,""6"":0.6808510638297872}",,,Force-ZeroShot,
feature_bank_force_zero_final_20260915,final,libemg_contraction_intensity,9,40P,1,F0+F2b_CSP+F1_X1H,source_force_anchor,,,0.7101277389576817,0.7633928571428571,0.8228345337171239,0.05042626997674569,0.1900529569574938,"{""0"":1.0,""1"":1.0,""2"":0.7857142857142857,""3"":0.7804878048780488,""4"":0.0,""5"":0.6774193548387096,""6"":0.7272727272727273}",,,Force-ZeroShot,
feature_bank_force_zero_final_20260915,final,libemg_contraction_intensity,9,50P,1,F0+F2b_CSP+F1_X1H,source_force_anchor,,,0.7491188057225794,0.7901785714285714,0.7890267132071102,0.04986463147402536,0.26207755850949155,"{""0"":1.0,""1"":1.0,""2"":0.9230769230769231,""3"":1.0,""4"":0.0,""5"":0.7169811320754716,""6"":0.6037735849056604}",,,Force-ZeroShot,
feature_bank_force_zero_final_20260915,final,libemg_contraction_intensity,9,60P,1,F0+F2b_CSP+F1_X1H,source_force_anchor,,,0.7725718725718725,0.8169642857142857,0.7383112027519773,0.046132799926912695,0.24574961748698507,"{""0"":1.0,""1"":1.0,""2"":0.9,""3"":1.0,""4"":0.0,""5"":0.8615384615384616,""6"":0.6464646464646465}",,,Force-ZeroShot,
feature_bank_force_zero_final_20260915,final,libemg_contraction_intensity,9,70P,1,F0+F2b_CSP+F1_X1H,source_force_anchor,,,0.7279546122656182,0.7723214285714286,0.8145379291337465,0.05205835075015801,0.22310286180289868,"{""0"":1.0,""1"":0.9841269841269841,""2"":0.8235294117647058,""3"":1.0,""4"":0.0,""5"":0.6666666666666666,""6"":0.6213592233009708}",,,Force-ZeroShot,
feature_bank_force_zero_final_20260915,final,libemg_contraction_intensity,9,80P,1,F0+F2b_CSP+F1_X1H,source_force_anchor,,,0.7706373901506517,0.8080357142857143,0.723896357073377,0.04533460738521768,0.20080659674573792,"{""0"":1.0,""1"":1.0,""2"":0.9014084507042254,""3"":0.9152542372881356,""4"":0.06060606060606061,""5"":0.8771929824561403,""6"":0.64}",,,Force-ZeroShot,
feature_bank_force_zero_final_20260915,final,libemg_contraction_intensity,9,MVC,1,F0+F2b_CSP+F1_X1H,source_force_anchor,,,0.551902519249458,0.6428571428571429,1.1238629841822765,0.07533648540012135,0.18736675227157934,"{""0"":1.0,""1"":0.0,""2"":1.0,""3"":0.6530612244897959,""4"":0.0,""5"":0.8,""6"":0.41025641025641024}",,,Force-ZeroShot,
feature_bank_force_zero_final_20260915,final,libemg_contraction_intensity,9,Light,1,F0+F2b_CSP+F1_X1H,source_force_anchor,,,0.7806952856642011,0.7946428571428571,0.790027065564039,0.05112213745838633,0.17505526892703452,"{""0"":0.9014084507042254,""1"":1.0,""2"":0.9841269841269841,""3"":0.6597938144329897,""4"":0.3181818181818182,""5"":0.8813559322033898,""6"":0.72}",,,Force-ZeroShot,
feature_bank_force_zero_final_20260915,final,libemg_contraction_intensity,9,Medium,1,F0+F2b_CSP+F1_X1H,source_force_anchor,,,0.7617201594700364,0.8035714285714286,0.6946919436298301,0.042902925841383624,0.18244881448389522,"{""0"":1.0,""1"":1.0,""2"":0.9552238805970149,""3"":0.6736842105263158,""4"":0.06060606060606061,""5"":0.9152542372881356,""6"":0.7272727272727273}",,,Force-ZeroShot,
feature_bank_force_zero_final_20260915,final,libemg_contraction_intensity,9,Hard,1,F0+F2b_CSP+F1_X1H,source_force_anchor,,,0.8057816492936551,0.8482142857142857,0.6862679832489519,0.04219856686597017,0.14365183398908454,"{""0"":1.0,""1"":0.967741935483871,""2"":0.9846153846153847,""3"":0.9696969696969697,""4"":0.06060606060606061,""5"":0.9841269841269841,""6"":0.6736842105263158}",,,Force-ZeroShot,
feature_bank_force_zero_final_20260915,final,libemg_contraction_intensity,9,ALL,2,F0+F2b_CSP+F1_X1H,source_force_anchor,,,0.7684582113605103,0.8014455782312925,0.8442740992951403,0.05335649742688432,0.2353825851605897,"{""0"":0.9896907216494846,""1"":0.9694189602446484,""2"":0.8943338437978561,""3"":0.8414322250639387,""4"":0.18037135278514588,""5"":0.8262195121951219,""6"":0.6777408637873754}",,,Force-ZeroShot,
feature_bank_force_zero_final_20260915,final,libemg_contraction_intensity,9,20P,2,F0+F2b_CSP+F1_X1H,source_force_anchor,,,0.8339909808314727,0.8482142857142857,0.7388390920448408,0.046304159968911206,0.3722436920380628,"{""0"":1.0,""1"":1.0,""2"":0.7450980392156863,""3"":0.7710843373493976,""4"":0.5116279069767442,""5"":0.810126582278481,""6"":1.0}",,,Force-ZeroShot,
feature_bank_force_zero_final_20260915,final,libemg_contraction_intensity,9,30P,2,F0+F2b_CSP+F1_X1H,source_force_anchor,,,0.8359196951484122,0.8392857142857143,0.8103427896864902,0.04965929842942977,0.3049170943497393,"{""0"":1.0,""1"":0.9846153846153847,""2"":0.8421052631578947,""3"":0.9523809523809523,""4"":0.5454545454545454,""5"":0.8387096774193549,""6"":0.6881720430107527}",,,Force-ZeroShot,
feature_bank_force_zero_final_20260915,final,libemg_contraction_intensity,9,40P,2,F0+F2b_CSP+F1_X1H,source_force_anchor,,,0.7054376517791152,0.7589285714285714,0.8994661630696023,0.05601980224030255,0.2680636957714285,"{""0"":1.0,""1"":1.0,""2"":0.7636363636363637,""3"":0.7804878048780488,""4"":0.0,""5"":0.6666666666666666,""6"":0.7272727272727273}",,,Force-ZeroShot,
feature_bank_force_zero_final_20260915,final,libemg_contraction_intensity,9,50P,2,F0+F2b_CSP+F1_X1H,source_force_anchor,,,0.7491188057225794,0.7901785714285714,0.8543414620935101,0.05408758204913121,0.33339689411446993,"{""0"":1.0,""1"":1.0,""2"":0.9230769230769231,""3"":1.0,""4"":0.0,""5"":0.7169811320754716,""6"":0.6037735849056604}",,,Force-ZeroShot,
feature_bank_force_zero_final_20260915,final,libemg_contraction_intensity,9,60P,2,F0+F2b_CSP+F1_X1H,source_force_anchor,,,0.775978443325382,0.8214285714285714,0.8205529580554662,0.05180238806273089,0.3038081100668508,"{""0"":1.0,""1"":1.0,""2"":0.9,""3"":1.0,""4"":0.0,""5"":0.8787878787878788,""6"":0.6530612244897959}",,,Force-ZeroShot,
feature_bank_force_zero_final_20260915,final,libemg_contraction_intensity,9,70P,2,F0+F2b_CSP+F1_X1H,source_force_anchor,,,0.7279546122656182,0.7723214285714286,0.8784479298651091,0.05608045475513061,0.3261650031577938,"{""0"":1.0,""1"":0.9841269841269841,""2"":0.8235294117647058,""3"":1.0,""4"":0.0,""5"":0.6666666666666666,""6"":0.6213592233009708}",,,Force-ZeroShot,
feature_bank_force_zero_final_20260915,final,libemg_contraction_intensity,9,80P,2,F0+F2b_CSP+F1_X1H,source_force_anchor,,,0.7706373901506517,0.8080357142857143,0.8063708808661788,0.05067456400628786,0.2625864995856276,"{""0"":1.0,""1"":1.0,""2"":0.9014084507042254,""3"":0.9152542372881356,""4"":0.06060606060606061,""5"":0.8771929824561403,""6"":0.64}",,,Force-ZeroShot,
feature_bank_force_zero_final_20260915,final,libemg_contraction_intensity,9,MVC,2,F0+F2b_CSP+F1_X1H,source_force_anchor,,,0.5523809523809524,0.6428571428571429,1.1087980658547558,0.07384423802885509,0.18912833547529467,"{""0"":1.0,""1"":0.0,""2"":1.0,""3"":0.6666666666666666,""4"":0.0,""5"":0.8,""6"":0.4}",,,Force-ZeroShot,
feature_bank_force_zero_final_20260915,final,libemg_contraction_intensity,9,Light,2,F0+F2b_CSP+F1_X1H,source_force_anchor,,,0.7807033433782673,0.7946428571428571,0.9177855334644648,0.05998265128813936,0.2885588176863661,"{""0"":0.9014084507042254,""1"":1.0,""2"":0.9841269841269841,""3"":0.6736842105263158,""4"":0.30434782608695654,""5"":0.8813559322033898,""6"":0.72}",,,Force-ZeroShot,
feature_bank_force_zero_final_20260915,final,libemg_contraction_intensity,9,Medium,2,F0+F2b_CSP+F1_X1H,source_force_anchor,,,0.7755430218509067,0.8125,0.8055891413650206,0.05025637309554883,0.27725420902460995,"{""0"":1.0,""1"":1.0,""2"":0.9696969696969697,""3"":0.6808510638297872,""4"":0.11764705882352941,""5"":0.9333333333333333,""6"":0.7272727272727273}",,,Force-ZeroShot,
feature_bank_force_zero_final_20260915,final,libemg_contraction_intensity,9,Hard,2,F0+F2b_CSP+F1_X1H,source_force_anchor,,,0.8057816492936551,0.8482142857142857,0.7787430591609122,0.04845383007224551,0.26166205560763267,"{""0"":1.0,""1"":0.967741935483871,""2"":0.9846153846153847,""3"":0.9696969696969697,""4"":0.06060606060606061,""5"":0.9841269841269841,""6"":0.6736842105263158}",,,Force-ZeroShot,
feature_bank_force_zero_final_20260915,final,libemg_contraction_intensity,10,ALL,0,F0+F2b_CSP+F1_X1H,population_zero_shot,,,0.3522882521172935,0.42389455782312924,4.067558314550747,0.13862752492579347,0.393085523011797,"{""0"":0.564,""1"":0.15384615384615385,""2"":0.826025459688826,""3"":0.3888888888888889,""4"":0.01084010840108401,""5"":0.5224171539961013,""6"":0.0}",,,Force-ZeroShot,
feature_bank_force_zero_final_20260915,final,libemg_contraction_intensity,10,20P,0,F0+F2b_CSP+F1_X1H,population_zero_shot,,,0.3346276333187307,0.3794642857142857,2.3565193799520827,0.13898767403911208,0.3142845603295451,"{""0"":0.7341772151898734,""1"":0.4,""2"":0.4782608695652174,""3"":0.27450980392156865,""4"":0.0,""5"":0.45544554455445546,""6"":0.0}",,,Force-ZeroShot,
feature_bank_force_zero_final_20260915,final,libemg_contraction_intensity,10,30P,0,F0+F2b_CSP+F1_X1H,population_zero_shot,,,0.2927476849393442,0.33035714285714285,2.706618432303641,0.14391776361771033,0.4128370768195416,"{""0"":0.43478260869565216,""1"":0.2702702702702703,""2"":0.6938775510204082,""3"":0.24489795918367346,""4"":0.0,""5"":0.40540540540540543,""6"":0.0}",,,Force-ZeroShot,
feature_bank_force_zero_final_20260915,final,libemg_contraction_intensity,10,40P,0,F0+F2b_CSP+F1_X1H,population_zero_shot,,,0.3677365377812423,0.41964285714285715,3.3326414205869264,0.13588959189468533,0.39039094073224256,"{""0"":0.7924528301886793,""1"":0.0,""2"":0.9523809523809523,""3"":0.31666666666666665,""4"":0.0975609756097561,""5"":0.41509433962264153,""6"":0.0}",,,Force-ZeroShot,
feature_bank_force_zero_final_20260915,final,libemg_contraction_intensity,10,50P,0,F0+F2b_CSP+F1_X1H,population_zero_shot,,,0.41273450475904466,0.47767857142857145,3.7587557044817443,0.13152276497461238,0.36779646013722495,"{""0"":0.7692307692307693,""1"":0.06060606060606061,""2"":1.0,""3"":0.39263803680981596,""4"":0.0,""5"":0.6666666666666666,""6"":0.0}",,,Force-ZeroShot,
feature_bank_force_zero_final_20260915,final,libemg_contraction_intensity,10,60P,0,F0+F2b_CSP+F1_X1H,population_zero_shot,,,0.436973484097415,0.5223214285714286,3.923184384387497,0.12186363790769174,0.34125130830826306,"{""0"":0.6666666666666666,""1"":0.2702702702702703,""2"":0.9552238805970149,""3"":0.44755244755244755,""4"":0.0,""5"":0.7191011235955056,""6"":0.0}",,,Force-ZeroShot,
feature_bank_force_zero_final_20260915,final,libemg_contraction_intensity,10,70P,0,F0+F2b_CSP+F1_X1H,population_zero_shot,,,0.4205630158125454,0.4955357142857143,4.380761476048605,0.12651305811092511,0.3782205586121974,"{""0"":0.6086956521739131,""1"":0.2702702702702703,""2"":0.9253731343283582,""3"":0.40789473684210525,""4"":0.0,""5"":0.7317073170731707,""6"":0.0}",,,Force-ZeroShot,
feature_bank_force_zero_final_20260915,final,libemg_contraction_intensity,10,80P,0,F0+F2b_CSP+F1_X1H,population_zero_shot,,,0.39928784368069026,0.49107142857142855,4.504552708578016,0.12343304748100246,0.3709924790932858,"{""0"":0.7924528301886793,""1"":0.2222222222222222,""2"":0.6829268292682927,""3"":0.423728813559322,""4"":0.0,""5"":0.6736842105263158,""6"":0.0}",,,Force-ZeroShot,
feature_bank_force_zero_final_20260915,final,libemg_contraction_intensity,10,MVC,0,F0+F2b_CSP+F1_X1H,population_zero_shot,,,0.3955801582920227,0.5178571428571429,6.1980352680693995,0.1246828760953487,0.3868279172449922,"{""0"":0.7692307692307693,""1"":0.0,""2"":0.8648648648648649,""3"":0.5423728813559322,""4"":0.0,""5"":0.5925925925925926,""6"":0.0}",,,Force-ZeroShot,
feature_bank_force_zero_final_20260915,final,libemg_contraction_intensity,10,Light,0,F0+F2b_CSP+F1_X1H,population_zero_shot,,,0.23319982198486872,0.3080357142857143,4.287982067679747,0.16932376063274227,0.49427075521522057,"{""0"":0.0,""1"":0.0,""2"":0.9841269841269841,""3"":0.3492063492063492,""4"":0.0,""5"":0.29906542056074764,""6"":0.0}",,,Force-ZeroShot,
feature_bank_force_zero_final_20260915,final,libemg_contraction_intensity,10,Medium,0,F0+F2b_CSP+F1_X1H,population_zero_shot,,,0.22799284811796763,0.35714285714285715,4.847967721693664,0.15277556112979998,0.46641506248177167,"{""0"":0.0,""1"":0.0,""2"":0.7804878048780488,""3"":0.4246575342465753,""4"":0.0,""5"":0.39080459770114945,""6"":0.0}",,,Force-ZeroShot,
feature_bank_force_zero_final_20260915,final,libemg_contraction_intensity,10,Hard,0,F0+F2b_CSP+F1_X1H,population_zero_shot,,,0.25784535835893135,0.4107142857142857,5.511361373036217,0.14902071388487553,0.4612120960282102,"{""0"":0.0,""1"":0.0,""2"":0.735632183908046,""3"":0.45390070921985815,""4"":0.0,""5"":0.6153846153846154,""6"":0.0}",,,Force-ZeroShot,
feature_bank_force_zero_final_20260915,final,libemg_contraction_intensity,10,ALL,1,F0+F2b_CSP+F1_X1H,source_force_anchor,,,0.3589829364519081,0.4298469387755102,1.6869558913699865,0.1102999302900644,0.18077175853905741,"{""0"":0.5843137254901961,""1"":0.1589041095890411,""2"":0.8307254623044097,""3"":0.3897810218978102,""4"":0.016216216216216217,""5"":0.5329400196656834,""6"":0.0}",,,Force-ZeroShot,
feature_bank_force_zero_final_20260915,final,libemg_contraction_intensity,10,20P,1,F0+F2b_CSP+F1_X1H,source_force_anchor,,,0.3313672754771476,0.3794642857142857,1.9225718426584788,0.12149220177523164,0.18331691009300455,"{""0"":0.725,""1"":0.358974358974359,""2"":0.4888888888888889,""3"":0.2912621359223301,""4"":0.0,""5"":0.45544554455445546,""6"":0.0}",,,Force-ZeroShot,
feature_bank_force_zero_final_20260915,final,libemg_contraction_intensity,10,30P,1,F0+F2b_CSP+F1_X1H,source_force_anchor,,,0.3018049717557107,0.3392857142857143,1.7242069945698515,0.11957011971023887,0.24924806914220698,"{""0"":0.4897959183673469,""1"":0.2702702702702703,""2"":0.6938775510204082,""3"":0.24489795918367346,""4"":0.0,""5"":0.41379310344827586,""6"":0.0}",,,Force-ZeroShot,
feature_bank_force_zero_final_20260915,final,libemg_contraction_intensity,10,40P,1,F0+F2b_CSP+F1_X1H,source_force_anchor,,,0.3852602771897467,0.4375,1.6097213735951466,0.10944103904052942,0.17310360018429408,"{""0"":0.8363636363636363,""1"":0.0,""2"":0.9523809523809523,""3"":0.3114754098360656,""4"":0.15,""5"":0.44660194174757284,""6"":0.0}",,,Force-ZeroShot,
feature_bank_force_zero_final_20260915,final,libemg_contraction_intensity,10,50P,1,F0+F2b_CSP+F1_X1H,source_force_anchor,,,0.4212294604451467,0.48214285714285715,1.4867190285590322,0.10426483900315674,0.21604894226820223,"{""0"":0.7692307692307693,""1"":0.11764705882352941,""2"":1.0,""3"":0.3950617283950617,""4"":0.0,""5"":0.6666666666666666,""6"":0.0}",,,Force-ZeroShot,
feature_bank_force_zero_final_20260915,final,libemg_contraction_intensity,10,60P,1,F0+F2b_CSP+F1_X1H,source_force_anchor,,,0.4469541117611113,0.53125,1.333213067948973,0.09428798398336725,0.19340418438964427,"{""0"":0.72,""1"":0.2702702702702703,""2"":0.9552238805970149,""3"":0.44755244755244755,""4"":0.0,""5"":0.735632183908046,""6"":0.0}",,,Force-ZeroShot,
feature_bank_force_zero_final_20260915,final,libemg_contraction_intensity,10,70P,1,F0+F2b_CSP+F1_X1H,source_force_anchor,,,0.4419603297593221,0.5133928571428571,1.3025768070051278,0.0942600232777553,0.2523177105654503,"{""0"":0.6666666666666666,""1"":0.3157894736842105,""2"":0.9411764705882353,""3"":0.4105960264900662,""4"":0.0,""5"":0.759493670886076,""6"":0.0}",,,Force-ZeroShot,
feature_bank_force_zero_final_20260915,final,libemg_contraction_intensity,10,80P,1,F0+F2b_CSP+F1_X1H,source_force_anchor,,,0.3999836221222094,0.49107142857142855,1.3222869481583692,0.09297858585432205,0.1776554946435168,"{""0"":0.7924528301886793,""1"":0.2222222222222222,""2"":0.691358024691358,""3"":0.42016806722689076,""4"":0.0,""5"":0.6736842105263158,""6"":0.0}",,,Force-ZeroShot,
feature_bank_force_zero_final_20260915,final,libemg_contraction_intensity,10,MVC,1,F0+F2b_CSP+F1_X1H,source_force_anchor,,,0.3955801582920227,0.5178571428571429,1.391076563595183,0.0945877060537482,0.18623710861628676,"{""0"":0.7692307692307693,""1"":0.0,""2"":0.8648648648648649,""3"":0.5423728813559322,""4"":0.0,""5"":0.5925925925925926,""6"":0.0}",,,Force-ZeroShot,
feature_bank_force_zero_final_20260915,final,libemg_contraction_intensity,10,Light,1,F0+F2b_CSP+F1_X1H,source_force_anchor,,,0.23046629270828636,0.30357142857142855,2.3052993404186757,0.13574842215107985,0.27958769654667004,"{""0"":0.0,""1"":0.0,""2"":0.967741935483871,""3"":0.3464566929133858,""4"":0.0,""5"":0.29906542056074764,""6"":0.0}",,,Force-ZeroShot,
feature_bank_force_zero_final_20260915,final,libemg_contraction_intensity,10,Medium,1,F0+F2b_CSP+F1_X1H,source_force_anchor,,,0.23636464271876903,0.36607142857142855,2.0682238256331003,0.12192076823418833,0.24713007650476124,"{""0"":0.0,""1"":0.0,""2"":0.8,""3"":0.42758620689655175,""4"":0.0,""5"":0.42696629213483145,""6"":0.0}",,,Force-ZeroShot,
feature_bank_force_zero_final_20260915,final,libemg_contraction_intensity,10,Hard,1,F0+F2b_CSP+F1_X1H,source_force_anchor,,,0.25784535835893135,0.4107142857142857,1.9426793490405105,0.11689143198893272,0.23750935916783272,"{""0"":0.0,""1"":0.0,""2"":0.735632183908046,""3"":0.45390070921985815,""4"":0.0,""5"":0.6153846153846154,""6"":0.0}",,,Force-ZeroShot,
feature_bank_force_zero_final_20260915,final,libemg_contraction_intensity,10,ALL,2,F0+F2b_CSP+F1_X1H,source_force_anchor,,,0.36646286111107035,0.4366496598639456,1.5689314166058843,0.10253594305565664,0.1265358521976269,"{""0"":0.6095238095238096,""1"":0.1589041095890411,""2"":0.8390804597701149,""3"":0.388646288209607,""4"":0.02127659574468085,""5"":0.547808764940239,""6"":0.0}",,,Force-ZeroShot,
feature_bank_force_zero_final_20260915,final,libemg_contraction_intensity,10,20P,2,F0+F2b_CSP+F1_X1H,source_force_anchor,,,0.31128878282476563,0.36160714285714285,1.8583828132566889,0.1172934799588761,0.10598688737604295,"{""0"":0.6904761904761905,""1"":0.3157894736842105,""2"":0.45454545454545453,""3"":0.2692307692307692,""4"":0.0,""5"":0.4489795918367347,""6"":0.0}",,,Force-ZeroShot,
feature_bank_force_zero_final_20260915,final,libemg_contraction_intensity,10,30P,2,F0+F2b_CSP+F1_X1H,source_force_anchor,,,0.31291136087054455,0.3482142857142857,1.6562896742625155,0.11275199112300294,0.12953333690319008,"{""0"":0.4897959183673469,""1"":0.2702702702702703,""2"":0.6938775510204082,""3"":0.26262626262626265,""4"":0.05714285714285714,""5"":0.4166666666666667,""6"":0.0}",,,Force-ZeroShot,
feature_bank_force_zero_final_20260915,final,libemg_contraction_intensity,10,40P,2,F0+F2b_CSP+F1_X1H,source_force_anchor,,,0.39649435077903006,0.45089285714285715,1.4958440906202226,0.10179573349468586,0.07766440199457207,"{""0"":0.8571428571428571,""1"":0.0,""2"":0.9841269841269841,""3"":0.3089430894308943,""4"":0.15,""5"":0.4752475247524752,""6"":0.0}",,,Force-ZeroShot,
feature_bank_force_zero_final_20260915,final,libemg_contraction_intensity,10,50P,2,F0+F2b_CSP+F1_X1H,source_force_anchor,,,0.43832347753916384,0.5,1.3724426991029202,0.09622397226340317,0.18978434474450956,"{""0"":0.8571428571428571,""1"":0.11764705882352941,""2"":1.0,""3"":0.3950617283950617,""4"":0.0,""5"":0.6984126984126984,""6"":0.0}",,,Force-ZeroShot,
feature_bank_force_zero_final_20260915,final,libemg_contraction_intensity,10,60P,2,F0+F2b_CSP+F1_X1H,source_force_anchor,,,0.45729630377818015,0.5401785714285714,1.2422099622978784,0.0868604961467921,0.17606171254107014,"{""0"":0.7692307692307693,""1"":0.2702702702702703,""2"":0.9552238805970149,""3"":0.4444444444444444,""4"":0.0,""5"":0.7619047619047619,""6"":0.0}",,,Force-ZeroShot,
feature_bank_force_zero_final_20260915,final,libemg_contraction_intensity,10,70P,2,F0+F2b_CSP+F1_X1H,source_force_anchor,,,0.4523975357118987,0.5223214285714286,1.220402516424901,0.08612266596954773,0.2010690757242183,"{""0"":0.72,""1"":0.3157894736842105,""2"":0.9411764705882353,""3"":0.4105960264900662,""4"":0.0,""5"":0.7792207792207793,""6"":0.0}",,,Force-ZeroShot,
feature_bank_force_zero_final_20260915,final,libemg_contraction_intensity,10,80P,2,F0+F2b_CSP+F1_X1H,source_force_anchor,,,0.41230060230596616,0.5,1.2422098424060635,0.08578992048872892,0.15428560909141642,"{""0"":0.8148148148148148,""1"":0.2702702702702703,""2"":0.7,""3"":0.42016806722689076,""4"":0.0,""5"":0.6808510638297872,""6"":0.0}",,,Force-ZeroShot,
feature_bank_force_zero_final_20260915,final,libemg_contraction_intensity,10,MVC,2,F0+F2b_CSP+F1_X1H,source_force_anchor,,,0.3955801582920227,0.5178571428571429,1.2836050183598184,0.08716854548993626,0.13684791819992959,"{""0"":0.7692307692307693,""1"":0.0,""2"":0.8648648648648649,""3"":0.5423728813559322,""4"":0.0,""5"":0.5925925925925926,""6"":0.0}",,,Force-ZeroShot,
feature_bank_force_zero_final_20260915,final,libemg_contraction_intensity,10,Light,2,F0+F2b_CSP+F1_X1H,source_force_anchor,,,0.23046629270828636,0.30357142857142855,2.113679489331353,0.12562053317130137,0.17076340238470966,"{""0"":0.0,""1"":0.0,""2"":0.967741935483871,""3"":0.3464566929133858,""4"":0.0,""5"":0.29906542056074764,""6"":0.0}",,,Force-ZeroShot,
feature_bank_force_zero_final_20260915,final,libemg_contraction_intensity,10,Medium,2,F0+F2b_CSP+F1_X1H,source_force_anchor,,,0.25531636897183113,0.3794642857142857,1.8914235733110363,0.11318357458166961,0.14200628866666007,"{""0"":0.058823529411764705,""1"":0.0,""2"":0.8311688311688312,""3"":0.4305555555555556,""4"":0.0,""5"":0.4666666666666667,""6"":0.0}",,,Force-ZeroShot,
feature_bank_force_zero_final_20260915,final,libemg_contraction_intensity,10,Hard,2,F0+F2b_CSP+F1_X1H,source_force_anchor,,,0.26511704498088273,0.41964285714285715,1.7390927041682944,0.1074007621414189,0.21620662479530536,"{""0"":0.0,""1"":0.0,""2"":0.7529411764705882,""3"":0.4507042253521127,""4"":0.0,""5"":0.6521739130434783,""6"":0.0}",,,Force-ZeroShot,
feature_bank_force_zero_final_20260915,final,libemg_contraction_intensity,ALL,ALL,0,F0+F2b_CSP+F1_X1H,population_zero_shot,,,0.5581603941238125,0.6116071428571428,2.63186997393266,0.0934379408170167,0.2552396294206764,mean per-user aggregation,,,Force-ZeroShot,
feature_bank_force_zero_final_20260915,final,libemg_contraction_intensity,ALL,20P,0,F0+F2b_CSP+F1_X1H,population_zero_shot,,,0.5891948099224834,0.6183035714285714,1.340403562939193,0.08209544055596847,0.19069608156612028,mean per-user aggregation,,,Force-ZeroShot,
feature_bank_force_zero_final_20260915,final,libemg_contraction_intensity,ALL,30P,0,F0+F2b_CSP+F1_X1H,population_zero_shot,,,0.550370233950997,0.5758928571428571,1.7976957945504277,0.09026284564973219,0.24391980116851206,mean per-user aggregation,,,Force-ZeroShot,
feature_bank_force_zero_final_20260915,final,libemg_contraction_intensity,ALL,40P,0,F0+F2b_CSP+F1_X1H,population_zero_shot,,,0.538932138369462,0.5915178571428571,2.303350645740664,0.09477559287211113,0.2681609379971527,mean per-user aggregation,,,Force-ZeroShot,
feature_bank_force_zero_final_20260915,final,libemg_contraction_intensity,ALL,50P,0,F0+F2b_CSP+F1_X1H,population_zero_shot,,,0.580926655240812,0.6339285714285714,2.660087616563949,0.09390711621630167,0.2801817591601075,mean per-user aggregation,,,Force-ZeroShot,
feature_bank_force_zero_final_20260915,final,libemg_contraction_intensity,ALL,60P,0,F0+F2b_CSP+F1_X1H,population_zero_shot,,,0.6026872354328743,0.6674107142857143,2.828847052216857,0.08530483454464952,0.2489658262821389,mean per-user aggregation,,,Force-ZeroShot,
feature_bank_force_zero_final_20260915,final,libemg_contraction_intensity,ALL,70P,0,F0+F2b_CSP+F1_X1H,population_zero_shot,,,0.5742588140390819,0.6339285714285714,3.08179934907097,0.09204539666040921,0.2740057930886298,mean per-user aggregation,,,Force-ZeroShot,
feature_bank_force_zero_final_20260915,final,libemg_contraction_intensity,ALL,80P,0,F0+F2b_CSP+F1_X1H,population_zero_shot,,,0.584962616915671,0.6495535714285714,3.0049062508952518,0.08617245802881476,0.2632731329497162,mean per-user aggregation,,,Force-ZeroShot,
feature_bank_force_zero_final_20260915,final,libemg_contraction_intensity,ALL,MVC,0,F0+F2b_CSP+F1_X1H,population_zero_shot,,,0.4737413387707403,0.5803571428571429,4.165141110063847,0.10806029268564318,0.34814577849076755,mean per-user aggregation,,,Force-ZeroShot,
feature_bank_force_zero_final_20260915,final,libemg_contraction_intensity,ALL,Light,0,F0+F2b_CSP+F1_X1H,population_zero_shot,,,0.5069475538245349,0.5513392857142857,2.5148976490767927,0.10842152458695631,0.3017077219531488,mean per-user aggregation,,,Force-ZeroShot,
feature_bank_force_zero_final_20260915,final,libemg_contraction_intensity,ALL,Medium,0,F0+F2b_CSP+F1_X1H,population_zero_shot,,,0.494856503794002,0.5803571428571429,2.7558526708373696,0.0976766484068084,0.28906034022279226,mean per-user aggregation,,,Force-ZeroShot,
feature_bank_force_zero_final_20260915,final,libemg_contraction_intensity,ALL,Hard,0,F0+F2b_CSP+F1_X1H,population_zero_shot,,,0.5318135038262932,0.6294642857142857,3.2642235793695287,0.09640637471410225,0.3057341940011239,mean per-user aggregation,,,Force-ZeroShot,
feature_bank_force_zero_final_20260915,final,libemg_contraction_intensity,ALL,ALL,1,F0+F2b_CSP+F1_X1H,source_force_anchor,,,0.5630111060057615,0.6154336734693877,1.2182311548639224,0.07858100902567412,0.15254345048462392,mean per-user aggregation,,,Force-ZeroShot,
feature_bank_force_zero_final_20260915,final,libemg_contraction_intensity,ALL,20P,1,F0+F2b_CSP+F1_X1H,source_force_anchor,,,0.5875646310016919,0.6183035714285714,1.2453194566933405,0.0777985041550861,0.21431119146725733,mean per-user aggregation,,,Force-ZeroShot,
feature_bank_force_zero_final_20260915,final,libemg_contraction_intensity,ALL,30P,1,F0+F2b_CSP+F1_X1H,source_force_anchor,,,0.5659232179050067,0.5870535714285714,1.2022160480909343,0.07990435114495924,0.2213291082098993,mean per-user aggregation,,,Force-ZeroShot,
feature_bank_force_zero_final_20260915,final,libemg_contraction_intensity,ALL,40P,1,F0+F2b_CSP+F1_X1H,source_force_anchor,,,0.5476940080737142,0.6004464285714286,1.2162779536561352,0.07993365450863756,0.18157827857089393,mean per-user aggregation,,,Force-ZeroShot,
feature_bank_force_zero_final_20260915,final,libemg_contraction_intensity,ALL,50P,1,F0+F2b_CSP+F1_X1H,source_force_anchor,,,0.585174133083863,0.6361607142857143,1.1378728708830712,0.07706473523859105,0.2390632503888469,mean per-user aggregation,,,Force-ZeroShot,
feature_bank_force_zero_final_20260915,final,libemg_contraction_intensity,ALL,60P,1,F0+F2b_CSP+F1_X1H,source_force_anchor,,,0.6097629921664919,0.6741071428571428,1.0357621353504751,0.07021039195513998,0.21957690093831467,mean per-user aggregation,,,Force-ZeroShot,
feature_bank_force_zero_final_20260915,final,libemg_contraction_intensity,ALL,70P,1,F0+F2b_CSP+F1_X1H,source_force_anchor,,,0.5849574710124701,0.6428571428571428,1.0585573680694371,0.07315918701395666,0.2377102861841745,mean per-user aggregation,,,Force-ZeroShot,
feature_bank_force_zero_final_20260915,final,libemg_contraction_intensity,ALL,80P,1,F0+F2b_CSP+F1_X1H,source_force_anchor,,,0.5853105061364305,0.6495535714285714,1.023091652615873,0.06915659661976986,0.18923104569462734,mean per-user aggregation,,,Force-ZeroShot,
feature_bank_force_zero_final_20260915,final,libemg_contraction_intensity,ALL,MVC,1,F0+F2b_CSP+F1_X1H,source_force_anchor,,,0.4737413387707403,0.5803571428571429,1.2574697738887297,0.08496209572693478,0.18680193044393306,mean per-user aggregation,,,Force-ZeroShot,
feature_bank_force_zero_final_20260915,final,libemg_contraction_intensity,ALL,Light,1,F0+F2b_CSP+F1_X1H,source_force_anchor,,,0.5055807891862437,0.5491071428571428,1.5476632029913573,0.0934352798047331,0.22732148273685227,mean per-user aggregation,,,Force-ZeroShot,
feature_bank_force_zero_final_20260915,final,libemg_contraction_intensity,ALL,Medium,1,F0+F2b_CSP+F1_X1H,source_force_anchor,,,0.4990424010944027,0.5848214285714286,1.3814578846314651,0.08241184703778598,0.2147894454943282,mean per-user aggregation,,,Force-ZeroShot,
feature_bank_force_zero_final_20260915,final,libemg_contraction_intensity,ALL,Hard,1,F0+F2b_CSP+F1_X1H,source_force_anchor,,,0.5318135038262932,0.6294642857142857,1.3144736661447312,0.07954499942745144,0.19058059657845863,mean per-user aggregation,,,Force-ZeroShot,
feature_bank_force_zero_final_20260915,final,libemg_contraction_intensity,ALL,ALL,2,F0+F2b_CSP+F1_X1H,source_force_anchor,,,0.5674605362357903,0.6190476190476191,1.2066027579505123,0.07794622024127049,0.1809592186791083,mean per-user aggregation,,,Force-ZeroShot,
feature_bank_force_zero_final_20260915,final,libemg_contraction_intensity,ALL,20P,2,F0+F2b_CSP+F1_X1H,source_force_anchor,,,0.5726398818281192,0.6049107142857143,1.2986109526507648,0.08179881996389365,0.23911528970705287,mean per-user aggregation,,,Force-ZeroShot,
feature_bank_force_zero_final_20260915,final,libemg_contraction_intensity,ALL,30P,2,F0+F2b_CSP+F1_X1H,source_force_anchor,,,0.5744155280094784,0.59375,1.2333162319745028,0.08120564477621635,0.21722521562646468,mean per-user aggregation,,,Force-ZeroShot,
feature_bank_force_zero_final_20260915,final,libemg_contraction_intensity,ALL,40P,2,F0+F2b_CSP+F1_X1H,source_force_anchor,,,0.5509660012790727,0.6049107142857143,1.1976551268449125,0.0789077678674942,0.1728640488830003,mean per-user aggregation,,,Force-ZeroShot,
feature_bank_force_zero_final_20260915,final,libemg_contraction_intensity,ALL,50P,2,F0+F2b_CSP+F1_X1H,source_force_anchor,,,0.5937211416308716,0.6450892857142857,1.1133920805982152,0.07515577715626719,0.26159061942948975,mean per-user aggregation,,,Force-ZeroShot,
feature_bank_force_zero_final_20260915,final,libemg_contraction_intensity,ALL,60P,2,F0+F2b_CSP+F1_X1H,source_force_anchor,,,0.616637373551781,0.6808035714285714,1.0313814601766724,0.0693314421047615,0.2399349113039605,mean per-user aggregation,,,Force-ZeroShot,
feature_bank_force_zero_final_20260915,final,libemg_contraction_intensity,ALL,70P,2,F0+F2b_CSP+F1_X1H,source_force_anchor,,,0.5901760739887585,0.6473214285714286,1.049425223145005,0.07110156036233917,0.26361703944100606,mean per-user aggregation,,,Force-ZeroShot,
feature_bank_force_zero_final_20260915,final,libemg_contraction_intensity,ALL,80P,2,F0+F2b_CSP+F1_X1H,source_force_anchor,,,0.591468996228309,0.6540178571428572,1.0242903616361212,0.06823224224750839,0.208436054338522,mean per-user aggregation,,,Force-ZeroShot,
feature_bank_force_zero_final_20260915,final,libemg_contraction_intensity,ALL,MVC,2,F0+F2b_CSP+F1_X1H,source_force_anchor,,,0.47398055533648753,0.5803571428571429,1.1962015421072871,0.08050639175939567,0.16298812683761213,mean per-user aggregation,,,Force-ZeroShot,
feature_bank_force_zero_final_20260915,final,libemg_contraction_intensity,ALL,Light,2,F0+F2b_CSP+F1_X1H,source_force_anchor,,,0.5055848180432768,0.5491071428571428,1.515732511397909,0.09280159222972037,0.22966111003553788,mean per-user aggregation,,,Force-ZeroShot,
feature_bank_force_zero_final_20260915,final,libemg_contraction_intensity,ALL,Medium,2,F0+F2b_CSP+F1_X1H,source_force_anchor,,,0.515429695411369,0.5959821428571428,1.3485063573380285,0.08171997383860923,0.20963024884563503,mean per-user aggregation,,,Force-ZeroShot,
feature_bank_force_zero_final_20260915,final,libemg_contraction_intensity,ALL,Hard,2,F0+F2b_CSP+F1_X1H,source_force_anchor,,,0.535449347137269,0.6339285714285714,1.2589178816646034,0.0779272961068322,0.23893434020146903,mean per-user aggregation,,,Force-ZeroShot,
feature_bank_full_fusion_validation_20260915,validation,epn612,16,cross_user,0,F0|F1_X1H|F2b_CSP|F3_Ring|F4_Spectral|F5_Temporal|F6_IMU|F9_Quality,,,,0.43258365980997854,0.44,1.5418437306389061,0.1223893334348895,0.11766271654328131,"{""noGesture"":0.47619047619047616,""fist"":0.37209302325581395,""waveIn"":0.43243243243243246,""waveOut"":0.41025641025641024,""open"":0.5142857142857142,""pinch"":0.3902439024390244}",full,,,NONE
feature_bank_full_fusion_validation_20260915,validation,epn612,16,cross_user,0,F0|F1_X1H|F2b_CSP|F3_Ring|F4_Spectral|F5_Temporal|F6_IMU|F9_Quality,,,,0.43258365980997854,0.44,1.5418437306389061,0.1223893334348895,0.11766271654328131,"{""noGesture"":0.47619047619047616,""fist"":0.37209302325581395,""waveIn"":0.43243243243243246,""waveOut"":0.41025641025641024,""open"":0.5142857142857142,""pinch"":0.3902439024390244}",without_F7_anchor,,,F7_anchor
feature_bank_full_fusion_validation_20260915,validation,epn612,16,cross_user,0,F0|F1_X1H|F2b_CSP|F3_Ring|F4_Spectral|F5_Temporal|F6_IMU|F9_Quality,,,,0.43258365980997854,0.44,1.5418437306389061,0.1223893334348895,0.11766271654328131,"{""noGesture"":0.47619047619047616,""fist"":0.37209302325581395,""waveIn"":0.43243243243243246,""waveOut"":0.41025641025641024,""open"":0.5142857142857142,""pinch"":0.3902439024390244}",uniform_population,,,uniform_population
feature_bank_full_fusion_validation_20260915,validation,epn612,16,cross_user,0,F0|F1_X1H|F2b_CSP|F3_Ring|F4_Spectral|F5_Temporal|F6_IMU|F9_Quality,,,,0.39759660264556235,0.41333333333333333,1.5506769014113728,0.1229035485241882,0.08005035658845172,"{""noGesture"":0.4807692307692308,""fist"":0.35555555555555557,""waveIn"":0.42105263157894735,""waveOut"":0.3783783783783784,""open"":0.42424242424242425,""pinch"":0.32558139534883723}",without_F0,,,F0
feature_bank_full_fusion_validation_20260915,validation,epn612,16,cross_user,0,F0|F1_X1H|F2b_CSP|F3_Ring|F4_Spectral|F5_Temporal|F6_IMU|F9_Quality,,,,0.40135921978027245,0.41333333333333333,1.5125211533015277,0.12081684422032246,0.08962052122105049,"{""noGesture"":0.45045045045045046,""fist"":0.36363636363636365,""waveIn"":0.42105263157894735,""waveOut"":0.3888888888888889,""open"":0.5555555555555556,""pinch"":0.22857142857142856}",without_F1_X1H,,,F1_X1H
feature_bank_full_fusion_validation_20260915,validation,epn612,16,cross_user,0,F0|F1_X1H|F2b_CSP|F3_Ring|F4_Spectral|F5_Temporal|F6_IMU|F9_Quality,,,,0.3929104615742327,0.4066666666666667,1.5365224272582994,0.12239259157949538,0.1221248099120501,"{""noGesture"":0.46601941747572817,""fist"":0.35555555555555557,""waveIn"":0.42105263157894735,""waveOut"":0.35,""open"":0.45714285714285713,""pinch"":0.3076923076923077}",without_F2b_CSP,,,F2b_CSP
feature_bank_full_fusion_validation_20260915,validation,epn612,16,cross_user,0,F0|F1_X1H|F2b_CSP|F3_Ring|F4_Spectral|F5_Temporal|F6_IMU|F9_Quality,,,,0.4104917332954274,0.42,1.554644604195717,0.12307963485444622,0.08894268987275082,"{""noGesture"":0.46601941747572817,""fist"":0.36363636363636365,""waveIn"":0.4444444444444444,""waveOut"":0.43902439024390244,""open"":0.45714285714285713,""pinch"":0.2926829268292683}",without_F3_Ring,,,F3_Ring
feature_bank_full_fusion_validation_20260915,validation,epn612,16,cross_user,0,F0|F1_X1H|F2b_CSP|F3_Ring|F4_Spectral|F5_Temporal|F6_IMU|F9_Quality,,,,0.385177481020462,0.4066666666666667,1.5552281220769473,0.12315208090520838,0.08463068809002784,"{""noGesture"":0.4672897196261682,""fist"":0.35555555555555557,""waveIn"":0.42105263157894735,""waveOut"":0.41025641025641024,""open"":0.26666666666666666,""pinch"":0.3902439024390244}",without_F4_Spectral,,,F4_Spectral
feature_bank_full_fusion_validation_20260915,validation,epn612,16,cross_user,0,F0|F1_X1H|F2b_CSP|F3_Ring|F4_Spectral|F5_Temporal|F6_IMU|F9_Quality,,,,0.4197234545450847,0.43333333333333335,1.5252477169474283,0.12142737524140822,0.0996172511695351,"{""noGesture"":0.4854368932038835,""fist"":0.37209302325581395,""waveIn"":0.43243243243243246,""waveOut"":0.3783783783783784,""open"":0.55,""pinch"":0.3}",without_F5_Temporal,,,F5_Temporal
feature_bank_full_fusion_validation_20260915,validation,epn612,16,cross_user,0,F0|F1_X1H|F2b_CSP|F3_Ring|F4_Spectral|F5_Temporal|F6_IMU|F9_Quality,,,,0.3959577060529001,0.4066666666666667,1.5492135486935208,0.12308607897481806,0.09454582715093979,"{""noGesture"":0.4485981308411215,""fist"":0.35555555555555557,""waveIn"":0.43243243243243246,""waveOut"":0.3684210526315789,""open"":0.4117647058823529,""pinch"":0.358974358974359}",without_F6_IMU,,,F6_IMU
feature_bank_full_fusion_validation_20260915,validation,epn612,16,cross_user,0,F0|F1_X1H|F2b_CSP|F3_Ring|F4_Spectral|F5_Temporal|F6_IMU|F9_Quality,,,,0.3922923915842877,0.41333333333333333,1.5745535380598437,0.12420327291313875,0.09493553118682152,"{""noGesture"":0.47619047619047616,""fist"":0.34146341463414637,""waveIn"":0.4,""waveOut"":0.358974358974359,""open"":0.3225806451612903,""pinch"":0.45454545454545453}",without_F9_Quality,,,F9_Quality
feature_bank_full_fusion_validation_20260915,validation,epn612,16,cross_user,1,F0|F1_X1H|F2b_CSP|F3_Ring|F4_Spectral|F5_Temporal|F6_IMU|F9_Quality,,,,0.4149407505512157,0.4236111111111111,1.5707887172691943,0.12450160276807437,0.11640021305280113,"{""noGesture"":0.45714285714285713,""fist"":0.37209302325581395,""waveIn"":0.45714285714285713,""waveOut"":0.43243243243243246,""open"":0.4375,""pinch"":0.3333333333333333}",full,,,NONE
feature_bank_full_fusion_validation_20260915,validation,epn612,16,cross_user,1,F0|F1_X1H|F2b_CSP|F3_Ring|F4_Spectral|F5_Temporal|F6_IMU|F9_Quality,,,,0.4099653422592439,0.4236111111111111,1.53052306732973,0.12160992350069814,0.11362544055273174,"{""noGesture"":0.48,""fist"":0.37209302325581395,""waveIn"":0.43243243243243246,""waveOut"":0.3888888888888889,""open"":0.47058823529411764,""pinch"":0.3157894736842105}",without_F7_anchor,,,F7_anchor
feature_bank_full_fusion_validation_20260915,validation,epn612,16,cross_user,1,F0|F1_X1H|F2b_CSP|F3_Ring|F4_Spectral|F5_Temporal|F6_IMU|F9_Quality,,,,0.4470060798384448,0.4513888888888889,1.539109464557767,0.12199020561147424,0.1300797200601159,"{""noGesture"":0.4752475247524752,""fist"":0.3902439024390244,""waveIn"":0.4444444444444444,""waveOut"":0.43243243243243246,""open"":0.5294117647058824,""pinch"":0.41025641025641024}",uniform_population,,,uniform_population
feature_bank_full_fusion_validation_20260915,validation,epn612,16,cross_user,1,F0|F1_X1H|F2b_CSP|F3_Ring|F4_Spectral|F5_Temporal|F6_IMU|F9_Quality,,,,0.3947763932039714,0.4097222222222222,1.5711530214607543,0.12466340516609674,0.12686614181183012,"{""noGesture"":0.46601941747572817,""fist"":0.35555555555555557,""waveIn"":0.43243243243243246,""waveOut"":0.4117647058823529,""open"":0.3870967741935484,""pinch"":0.3157894736842105}",without_F0,,,F0
feature_bank_full_fusion_validation_20260915,validation,epn612,16,cross_user,1,F0|F1_X1H|F2b_CSP|F3_Ring|F4_Spectral|F5_Temporal|F6_IMU|F9_Quality,,,,0.3894714471002609,0.4027777777777778,1.559245400705816,0.12379335014778002,0.13494160219778745,"{""noGesture"":0.44036697247706424,""fist"":0.37209302325581395,""waveIn"":0.4444444444444444,""waveOut"":0.4,""open"":0.4375,""pinch"":0.24242424242424243}",without_F1_X1H,,,F1_X1H
feature_bank_full_fusion_validation_20260915,validation,epn612,16,cross_user,1,F0|F1_X1H|F2b_CSP|F3_Ring|F4_Spectral|F5_Temporal|F6_IMU|F9_Quality,,,,0.3991267056350036,0.4097222222222222,1.572967304695883,0.12464025788543528,0.09632805980581038,"{""noGesture"":0.45098039215686275,""fist"":0.37209302325581395,""waveIn"":0.43243243243243246,""waveOut"":0.3684210526315789,""open"":0.4375,""pinch"":0.3333333333333333}",without_F2b_CSP,,,F2b_CSP
feature_bank_full_fusion_validation_20260915,validation,epn612,16,cross_user,1,F0|F1_X1H|F2b_CSP|F3_Ring|F4_Spectral|F5_Temporal|F6_IMU|F9_Quality,,,,0.4003822449618422,0.4097222222222222,1.5776718428769891,0.12478325588739304,0.11044548038403158,"{""noGesture"":0.45544554455445546,""fist"":0.37209302325581395,""waveIn"":0.47058823529411764,""waveOut"":0.41025641025641024,""open"":0.4375,""pinch"":0.2564102564102564}",without_F3_Ring,,,F3_Ring
feature_bank_full_fusion_validation_20260915,validation,epn612,16,cross_user,1,F0|F1_X1H|F2b_CSP|F3_Ring|F4_Spectral|F5_Temporal|F6_IMU|F9_Quality,,,,0.3982413145932586,0.4097222222222222,1.5767124003611523,0.1248110384375547,0.10542505792875673,"{""noGesture"":0.4485981308411215,""fist"":0.37209302325581395,""waveIn"":0.45714285714285713,""waveOut"":0.47058823529411764,""open"":0.3333333333333333,""pinch"":0.3076923076923077}",without_F4_Spectral,,,F4_Spectral
feature_bank_full_fusion_validation_20260915,validation,epn612,16,cross_user,1,F0|F1_X1H|F2b_CSP|F3_Ring|F4_Spectral|F5_Temporal|F6_IMU|F9_Quality,,,,0.40344128941940155,0.4166666666666667,1.5531221456491475,0.1235630724295159,0.1181471809013585,"{""noGesture"":0.47058823529411764,""fist"":0.37209302325581395,""waveIn"":0.45714285714285713,""waveOut"":0.3888888888888889,""open"":0.42424242424242425,""pinch"":0.3076923076923077}",without_F5_Temporal,,,F5_Temporal
feature_bank_full_fusion_validation_20260915,validation,epn612,16,cross_user,1,F0|F1_X1H|F2b_CSP|F3_Ring|F4_Spectral|F5_Temporal|F6_IMU|F9_Quality,,,,0.3832590780676564,0.3958333333333333,1.5811517948880258,0.12509425204161573,0.15261262274913484,"{""noGesture"":0.4339622641509434,""fist"":0.37209302325581395,""waveIn"":0.43243243243243246,""waveOut"":0.32432432432432434,""open"":0.42424242424242425,""pinch"":0.3125}",without_F6_IMU,,,F6_IMU
feature_bank_full_fusion_validation_20260915,validation,epn612,16,cross_user,1,F0|F1_X1H|F2b_CSP|F3_Ring|F4_Spectral|F5_Temporal|F6_IMU|F9_Quality,,,,0.36482183510782656,0.3888888888888889,1.589545551545206,0.12577108132919418,0.09990594385022378,"{""noGesture"":0.46601941747572817,""fist"":0.2857142857142857,""waveIn"":0.3888888888888889,""waveOut"":0.4,""open"":0.25806451612903225,""pinch"":0.3902439024390244}",without_F9_Quality,,,F9_Quality
feature_bank_full_fusion_validation_20260915,validation,epn612,16,cross_user,2,F0|F1_X1H|F2b_CSP|F3_Ring|F4_Spectral|F5_Temporal|F6_IMU|F9_Quality,,,,0.35305968298597695,0.37681159420289856,1.5761128166199803,0.12560625489216917,0.17203944911186328,"{""noGesture"":0.42990654205607476,""fist"":0.358974358974359,""waveIn"":0.45714285714285713,""waveOut"":0.3225806451612903,""open"":0.34285714285714286,""pinch"":0.20689655172413793}",full,,,NONE
feature_bank_full_fusion_validation_20260915,validation,epn612,16,cross_user,2,F0|F1_X1H|F2b_CSP|F3_Ring|F4_Spectral|F5_Temporal|F6_IMU|F9_Quality,,,,0.44214661533209915,0.4492753623188406,1.5285476938969806,0.1210753520681299,0.12025955904776037,"{""noGesture"":0.4791666666666667,""fist"":0.41025641025641024,""waveIn"":0.45714285714285713,""waveOut"":0.4444444444444444,""open"":0.45161290322580644,""pinch"":0.41025641025641024}",without_F7_anchor,,,F7_anchor
feature_bank_full_fusion_validation_20260915,validation,epn612,16,cross_user,2,F0|F1_X1H|F2b_CSP|F3_Ring|F4_Spectral|F5_Temporal|F6_IMU|F9_Quality,,,,0.4520105016815543,0.45652173913043476,1.5278671919840585,0.12103142420632346,0.1245319981825655,"{""noGesture"":0.4791666666666667,""fist"":0.41025641025641024,""waveIn"":0.45714285714285713,""waveOut"":0.4444444444444444,""open"":0.5,""pinch"":0.42105263157894735}",uniform_population,,,uniform_population
feature_bank_full_fusion_validation_20260915,validation,epn612,16,cross_user,2,F0|F1_X1H|F2b_CSP|F3_Ring|F4_Spectral|F5_Temporal|F6_IMU|F9_Quality,,,,0.35330348310054854,0.37681159420289856,1.5787453143048764,0.12578793961369955,0.13008367665179735,"{""noGesture"":0.42990654205607476,""fist"":0.35,""waveIn"":0.4444444444444444,""waveOut"":0.27586206896551724,""open"":0.35294117647058826,""pinch"":0.26666666666666666}",without_F0,,,F0
feature_bank_full_fusion_validation_20260915,validation,epn612,16,cross_user,2,F0|F1_X1H|F2b_CSP|F3_Ring|F4_Spectral|F5_Temporal|F6_IMU|F9_Quality,,,,0.35418836165962597,0.37681159420289856,1.5640679253966694,0.12486189452925651,0.1320983288444172,"{""noGesture"":0.42592592592592593,""fist"":0.358974358974359,""waveIn"":0.45714285714285713,""waveOut"":0.3333333333333333,""open"":0.34285714285714286,""pinch"":0.20689655172413793}",without_F1_X1H,,,F1_X1H
feature_bank_full_fusion_validation_20260915,validation,epn612,16,cross_user,2,F0|F1_X1H|F2b_CSP|F3_Ring|F4_Spectral|F5_Temporal|F6_IMU|F9_Quality,,,,0.34646161040536666,0.3695652173913043,1.5842882892392403,0.12609117840176096,0.15720598181219145,"{""noGesture"":0.42718446601941745,""fist"":0.358974358974359,""waveIn"":0.45714285714285713,""waveOut"":0.2857142857142857,""open"":0.34285714285714286,""pinch"":0.20689655172413793}",without_F2b_CSP,,,F2b_CSP
feature_bank_full_fusion_validation_20260915,validation,epn612,16,cross_user,2,F0|F1_X1H|F2b_CSP|F3_Ring|F4_Spectral|F5_Temporal|F6_IMU|F9_Quality,,,,0.35793052263640496,0.38405797101449274,1.5770483200058139,0.12561069340710573,0.16353748076660266,"{""noGesture"":0.4423076923076923,""fist"":0.35,""waveIn"":0.47058823529411764,""waveOut"":0.3888888888888889,""open"":0.35294117647058826,""pinch"":0.14285714285714285}",without_F3_Ring,,,F3_Ring
feature_bank_full_fusion_validation_20260915,validation,epn612,16,cross_user,2,F0|F1_X1H|F2b_CSP|F3_Ring|F4_Spectral|F5_Temporal|F6_IMU|F9_Quality,,,,0.36474398162105426,0.38405797101449274,1.5868661069095438,0.12619029522724748,0.1313870874552435,"{""noGesture"":0.42990654205607476,""fist"":0.35,""waveIn"":0.4444444444444444,""waveOut"":0.45161290322580644,""open"":0.3125,""pinch"":0.2}",without_F4_Spectral,,,F4_Spectral
feature_bank_full_fusion_validation_20260915,validation,epn612,16,cross_user,2,F0|F1_X1H|F2b_CSP|F3_Ring|F4_Spectral|F5_Temporal|F6_IMU|F9_Quality,,,,0.35055861637437663,0.37681159420289856,1.562599937334059,0.12485202552416423,0.1568972374297319,"{""noGesture"":0.4339622641509434,""fist"":0.358974358974359,""waveIn"":0.47058823529411764,""waveOut"":0.36363636363636365,""open"":0.3333333333333333,""pinch"":0.14285714285714285}",without_F5_Temporal,,,F5_Temporal
feature_bank_full_fusion_validation_20260915,validation,epn612,16,cross_user,2,F0|F1_X1H|F2b_CSP|F3_Ring|F4_Spectral|F5_Temporal|F6_IMU|F9_Quality,,,,0.35295402440196527,0.37681159420289856,1.575677059217233,0.12567562870481458,0.13127190621656673,"{""noGesture"":0.42990654205607476,""fist"":0.3684210526315789,""waveIn"":0.45714285714285713,""waveOut"":0.3125,""open"":0.34285714285714286,""pinch"":0.20689655172413793}",without_F6_IMU,,,F6_IMU
feature_bank_full_fusion_validation_20260915,validation,epn612,16,cross_user,2,F0|F1_X1H|F2b_CSP|F3_Ring|F4_Spectral|F5_Temporal|F6_IMU|F9_Quality,,,,0.4160558614346319,0.42028985507246375,1.5886076811888044,0.12644693639420418,0.14235958213512684,"{""noGesture"":0.42990654205607476,""fist"":0.42105263157894735,""waveIn"":0.45714285714285713,""waveOut"":0.3870967741935484,""open"":0.36363636363636365,""pinch"":0.4375}",without_F9_Quality,,,F9_Quality
feature_bank_full_fusion_validation_20260915,validation,epn612,16,cross_user,5,F0|F1_X1H|F2b_CSP|F3_Ring|F4_Spectral|F5_Temporal|F6_IMU|F9_Quality,,,,0.2112962962962963,0.2833333333333333,1.6155489780467855,0.12970194210538283,0.09871184584326789,"{""noGesture"":0.4444444444444444,""fist"":0.0,""waveIn"":0.24,""waveOut"":0.25,""open"":0.25,""pinch"":0.08333333333333333}",full,,,NONE
feature_bank_full_fusion_validation_20260915,validation,epn612,16,cross_user,5,F0|F1_X1H|F2b_CSP|F3_Ring|F4_Spectral|F5_Temporal|F6_IMU|F9_Quality,,,,0.46160831734308433,0.4666666666666667,1.5048993140060118,0.11930888953617333,0.1258120463591241,"{""noGesture"":0.49382716049382713,""fist"":0.4444444444444444,""waveIn"":0.5161290322580645,""waveOut"":0.45161290322580644,""open"":0.5,""pinch"":0.36363636363636365}",without_F7_anchor,,,F7_anchor
feature_bank_full_fusion_validation_20260915,validation,epn612,16,cross_user,5,F0|F1_X1H|F2b_CSP|F3_Ring|F4_Spectral|F5_Temporal|F6_IMU|F9_Quality,,,,0.4624985429961826,0.4666666666666667,1.4999380461869762,0.1190653547815838,0.10880341366932453,"{""noGesture"":0.4878048780487805,""fist"":0.4444444444444444,""waveIn"":0.5161290322580645,""waveOut"":0.45161290322580644,""open"":0.5,""pinch"":0.375}",uniform_population,,,uniform_population
feature_bank_full_fusion_validation_20260915,validation,epn612,16,cross_user,5,F0|F1_X1H|F2b_CSP|F3_Ring|F4_Spectral|F5_Temporal|F6_IMU|F9_Quality,,,,0.21877104377104375,0.2833333333333333,1.6170206685504174,0.1296315697098982,0.053801233063031986,"{""noGesture"":0.4444444444444444,""fist"":0.0,""waveIn"":0.24,""waveOut"":0.25,""open"":0.21818181818181817,""pinch"":0.16}",without_F0,,,F0
feature_bank_full_fusion_validation_20260915,validation,epn612,16,cross_user,5,F0|F1_X1H|F2b_CSP|F3_Ring|F4_Spectral|F5_Temporal|F6_IMU|F9_Quality,,,,0.20543771043771045,0.275,1.6156005851962307,0.1300346505607722,0.07327009133816792,"{""noGesture"":0.4444444444444444,""fist"":0.0,""waveIn"":0.24,""waveOut"":0.25,""open"":0.21818181818181817,""pinch"":0.08}",without_F1_X1H,,,F1_X1H
feature_bank_full_fusion_validation_20260915,validation,epn612,16,cross_user,5,F0|F1_X1H|F2b_CSP|F3_Ring|F4_Spectral|F5_Temporal|F6_IMU|F9_Quality,,,,0.19145502645502643,0.26666666666666666,1.633624139170244,0.13105608193388937,0.13015179320187542,"{""noGesture"":0.4444444444444444,""fist"":0.0,""waveIn"":0.24,""waveOut"":0.25,""open"":0.21428571428571427,""pinch"":0.0}",without_F2b_CSP,,,F2b_CSP
feature_bank_full_fusion_validation_20260915,validation,epn612,16,cross_user,5,F0|F1_X1H|F2b_CSP|F3_Ring|F4_Spectral|F5_Temporal|F6_IMU|F9_Quality,,,,0.1993771043771044,0.26666666666666666,1.6149349129584798,0.12989045977149574,0.07492977843857782,"{""noGesture"":0.4444444444444444,""fist"":0.0,""waveIn"":0.24,""waveOut"":0.25,""open"":0.18181818181818182,""pinch"":0.08}",without_F3_Ring,,,F3_Ring
feature_bank_full_fusion_validation_20260915,validation,epn612,16,cross_user,5,F0|F1_X1H|F2b_CSP|F3_Ring|F4_Spectral|F5_Temporal|F6_IMU|F9_Quality,,,,0.2156903080816124,0.2833333333333333,1.6231215254045563,0.12977232251835033,0.04305162300333077,"{""noGesture"":0.4444444444444444,""fist"":0.09523809523809523,""waveIn"":0.16666666666666666,""waveOut"":0.2608695652173913,""open"":0.25,""pinch"":0.07692307692307693}",without_F4_Spectral,,,F4_Spectral
feature_bank_full_fusion_validation_20260915,validation,epn612,16,cross_user,5,F0|F1_X1H|F2b_CSP|F3_Ring|F4_Spectral|F5_Temporal|F6_IMU|F9_Quality,,,,0.2104633794214004,0.2833333333333333,1.605873604330984,0.1293108051056432,0.08199337361261502,"{""noGesture"":0.4444444444444444,""fist"":0.0,""waveIn"":0.24,""waveOut"":0.25,""open"":0.2413793103448276,""pinch"":0.08695652173913043}",without_F5_Temporal,,,F5_Temporal
feature_bank_full_fusion_validation_20260915,validation,epn612,16,cross_user,5,F0|F1_X1H|F2b_CSP|F3_Ring|F4_Spectral|F5_Temporal|F6_IMU|F9_Quality,,,,0.1982716049382716,0.26666666666666666,1.6086655080646228,0.12937243528562353,0.08856222701269366,"{""noGesture"":0.4444444444444444,""fist"":0.0,""waveIn"":0.24,""waveOut"":0.24,""open"":0.18518518518518517,""pinch"":0.08}",without_F6_IMU,,,F6_IMU
feature_bank_full_fusion_validation_20260915,validation,epn612,16,cross_user,5,F0|F1_X1H|F2b_CSP|F3_Ring|F4_Spectral|F5_Temporal|F6_IMU|F9_Quality,,,,0.212315486749449,0.275,1.6165189681133862,0.12932744191742915,0.07103178211739333,"{""noGesture"":0.4444444444444444,""fist"":0.0,""waveIn"":0.23076923076923078,""waveOut"":0.25,""open"":0.18867924528301888,""pinch"":0.16}",without_F9_Quality,,,F9_Quality
feature_bank_full_fusion_validation_20260915,validation,epn612,17,cross_user,0,F0|F1_X1H|F2b_CSP|F3_Ring|F4_Spectral|F5_Temporal|F6_IMU|F9_Quality,,,,0.3192821683809216,0.3466666666666667,1.5760796256806537,0.1223722689551611,0.14944110042054123,"{""noGesture"":0.4634146341463415,""fist"":0.47058823529411764,""waveIn"":0.25,""waveOut"":0.28169014084507044,""open"":0.0,""pinch"":0.45}",full,,,NONE
feature_bank_full_fusion_validation_20260915,validation,epn612,17,cross_user,0,F0|F1_X1H|F2b_CSP|F3_Ring|F4_Spectral|F5_Temporal|F6_IMU|F9_Quality,,,,0.3192821683809216,0.3466666666666667,1.5760796256806537,0.1223722689551611,0.14944110042054123,"{""noGesture"":0.4634146341463415,""fist"":0.47058823529411764,""waveIn"":0.25,""waveOut"":0.28169014084507044,""open"":0.0,""pinch"":0.45}",without_F7_anchor,,,F7_anchor
feature_bank_full_fusion_validation_20260915,validation,epn612,17,cross_user,0,F0|F1_X1H|F2b_CSP|F3_Ring|F4_Spectral|F5_Temporal|F6_IMU|F9_Quality,,,,0.3192821683809216,0.3466666666666667,1.5760796256806537,0.1223722689551611,0.14944110042054123,"{""noGesture"":0.4634146341463415,""fist"":0.47058823529411764,""waveIn"":0.25,""waveOut"":0.28169014084507044,""open"":0.0,""pinch"":0.45}",uniform_population,,,uniform_population
feature_bank_full_fusion_validation_20260915,validation,epn612,17,cross_user,0,F0|F1_X1H|F2b_CSP|F3_Ring|F4_Spectral|F5_Temporal|F6_IMU|F9_Quality,,,,0.2982582516584978,0.3333333333333333,1.5958060405120051,0.12422324232928754,0.16225364484131494,"{""noGesture"":0.47058823529411764,""fist"":0.3225806451612903,""waveIn"":0.2608695652173913,""waveOut"":0.273972602739726,""open"":0.0,""pinch"":0.46153846153846156}",without_F0,,,F0
feature_bank_full_fusion_validation_20260915,validation,epn612,17,cross_user,0,F0|F1_X1H|F2b_CSP|F3_Ring|F4_Spectral|F5_Temporal|F6_IMU|F9_Quality,,,,0.39149711886786864,0.41333333333333333,1.543659984143812,0.11949020431137355,0.14535406044900429,"{""noGesture"":0.4827586206896552,""fist"":0.5945945945945946,""waveIn"":0.3157894736842105,""waveOut"":0.34782608695652173,""open"":0.07142857142857142,""pinch"":0.5365853658536586}",without_F1_X1H,,,F1_X1H
feature_bank_full_fusion_validation_20260915,validation,epn612,17,cross_user,0,F0|F1_X1H|F2b_CSP|F3_Ring|F4_Spectral|F5_Temporal|F6_IMU|F9_Quality,,,,0.3849618138048361,0.4,1.565617673646485,0.12086900805179156,0.10442113625107084,"{""noGesture"":0.47191011235955055,""fist"":0.6111111111111112,""waveIn"":0.35,""waveOut"":0.2898550724637681,""open"":0.07407407407407407,""pinch"":0.5128205128205128}",without_F2b_CSP,,,F2b_CSP
feature_bank_full_fusion_validation_20260915,validation,epn612,17,cross_user,0,F0|F1_X1H|F2b_CSP|F3_Ring|F4_Spectral|F5_Temporal|F6_IMU|F9_Quality,,,,0.33554609820310305,0.36,1.5715582000472825,0.12225964235317534,0.12391304253117479,"{""noGesture"":0.4691358024691358,""fist"":0.5142857142857142,""waveIn"":0.24,""waveOut"":0.2898550724637681,""open"":0.0,""pinch"":0.5}",without_F3_Ring,,,F3_Ring
feature_bank_full_fusion_validation_20260915,validation,epn612,17,cross_user,0,F0|F1_X1H|F2b_CSP|F3_Ring|F4_Spectral|F5_Temporal|F6_IMU|F9_Quality,,,,0.29798782156540776,0.31333333333333335,1.640801962991566,0.12736727948731463,0.15961729242711092,"{""noGesture"":0.37333333333333335,""fist"":0.4375,""waveIn"":0.2413793103448276,""waveOut"":0.2857142857142857,""open"":0.0,""pinch"":0.45}",without_F4_Spectral,,,F4_Spectral
feature_bank_full_fusion_validation_20260915,validation,epn612,17,cross_user,0,F0|F1_X1H|F2b_CSP|F3_Ring|F4_Spectral|F5_Temporal|F6_IMU|F9_Quality,,,,0.3611771307849739,0.38,1.5905991284838057,0.1234009746190453,0.11683870149430797,"{""noGesture"":0.47058823529411764,""fist"":0.5555555555555556,""waveIn"":0.2727272727272727,""waveOut"":0.29411764705882354,""open"":0.07407407407407407,""pinch"":0.5}",without_F5_Temporal,,,F5_Temporal
feature_bank_full_fusion_validation_20260915,validation,epn612,17,cross_user,0,F0|F1_X1H|F2b_CSP|F3_Ring|F4_Spectral|F5_Temporal|F6_IMU|F9_Quality,,,,0.3197106620425948,0.3466666666666667,1.551385863979954,0.1206255781166336,0.15684604950766856,"{""noGesture"":0.475,""fist"":0.47058823529411764,""waveIn"":0.24489795918367346,""waveOut"":0.2777777777777778,""open"":0.0,""pinch"":0.45}",without_F6_IMU,,,F6_IMU
feature_bank_full_fusion_validation_20260915,validation,epn612,17,cross_user,0,F0|F1_X1H|F2b_CSP|F3_Ring|F4_Spectral|F5_Temporal|F6_IMU|F9_Quality,,,,0.3161141871397149,0.34,1.5879413349267562,0.12347152012217043,0.15992756672595967,"{""noGesture"":0.46153846153846156,""fist"":0.3225806451612903,""waveIn"":0.24561403508771928,""waveOut"":0.28125,""open"":0.07407407407407407,""pinch"":0.5116279069767442}",without_F9_Quality,,,F9_Quality
feature_bank_full_fusion_validation_20260915,validation,epn612,17,cross_user,1,F0|F1_X1H|F2b_CSP|F3_Ring|F4_Spectral|F5_Temporal|F6_IMU|F9_Quality,,,,0.3679754113258831,0.4027777777777778,1.5620322636180322,0.12149091728574346,0.1081615869338221,"{""noGesture"":0.5287356321839081,""fist"":0.5555555555555556,""waveIn"":0.3157894736842105,""waveOut"":0.2711864406779661,""open"":0.0,""pinch"":0.5365853658536586}",full,,,NONE
feature_bank_full_fusion_validation_20260915,validation,epn612,17,cross_user,1,F0|F1_X1H|F2b_CSP|F3_Ring|F4_Spectral|F5_Temporal|F6_IMU|F9_Quality,,,,0.3568098568098568,0.3819444444444444,1.5476962847705658,0.11982050733495758,0.13763578668901938,"{""noGesture"":0.47619047619047616,""fist"":0.5714285714285714,""waveIn"":0.3076923076923077,""waveOut"":0.2727272727272727,""open"":0.0,""pinch"":0.5128205128205128}",without_F7_anchor,,,F7_anchor
feature_bank_full_fusion_validation_20260915,validation,epn612,17,cross_user,1,F0|F1_X1H|F2b_CSP|F3_Ring|F4_Spectral|F5_Temporal|F6_IMU|F9_Quality,,,,0.3222501425826234,0.3472222222222222,1.5756452412435027,0.12230327485808472,0.14941608179507748,"{""noGesture"":0.46153846153846156,""fist"":0.48484848484848486,""waveIn"":0.2608695652173913,""waveOut"":0.2647058823529412,""open"":0.0,""pinch"":0.46153846153846156}",uniform_population,,,uniform_population
feature_bank_full_fusion_validation_20260915,validation,epn612,17,cross_user,1,F0|F1_X1H|F2b_CSP|F3_Ring|F4_Spectral|F5_Temporal|F6_IMU|F9_Quality,,,,0.3706356065906628,0.4027777777777778,1.5656040885311502,0.12181543938371554,0.17005848715424,"{""noGesture"":0.5168539325842697,""fist"":0.5142857142857142,""waveIn"":0.34285714285714286,""waveOut"":0.2857142857142857,""open"":0.0,""pinch"":0.5641025641025641}",without_F0,,,F0
feature_bank_full_fusion_validation_20260915,validation,epn612,17,cross_user,1,F0|F1_X1H|F2b_CSP|F3_Ring|F4_Spectral|F5_Temporal|F6_IMU|F9_Quality,,,,0.36580340175845794,0.4027777777777778,1.5430731141791239,0.11984222762952536,0.12462553221166268,"{""noGesture"":0.5168539325842697,""fist"":0.5555555555555556,""waveIn"":0.3076923076923077,""waveOut"":0.2909090909090909,""open"":0.0,""pinch"":0.5238095238095238}",without_F1_X1H,,,F1_X1H
feature_bank_full_fusion_validation_20260915,validation,epn612,17,cross_user,1,F0|F1_X1H|F2b_CSP|F3_Ring|F4_Spectral|F5_Temporal|F6_IMU|F9_Quality,,,,0.383355711957827,0.4097222222222222,1.5652520577404554,0.12075724065841377,0.11671001881170154,"{""noGesture"":0.5168539325842697,""fist"":0.5882352941176471,""waveIn"":0.3783783783783784,""waveOut"":0.26666666666666666,""open"":0.0,""pinch"":0.55}",without_F2b_CSP,,,F2b_CSP
feature_bank_full_fusion_validation_20260915,validation,epn612,17,cross_user,1,F0|F1_X1H|F2b_CSP|F3_Ring|F4_Spectral|F5_Temporal|F6_IMU|F9_Quality,,,,0.3730518085696453,0.4027777777777778,1.5514002231108739,0.12082509866942054,0.10289083403141261,"{""noGesture"":0.5176470588235295,""fist"":0.5714285714285714,""waveIn"":0.34146341463414637,""waveOut"":0.2711864406779661,""open"":0.0,""pinch"":0.5365853658536586}",without_F3_Ring,,,F3_Ring
feature_bank_full_fusion_validation_20260915,validation,epn612,17,cross_user,1,F0|F1_X1H|F2b_CSP|F3_Ring|F4_Spectral|F5_Temporal|F6_IMU|F9_Quality,,,,0.31933819022104254,0.3402777777777778,1.6149254376002002,0.12618705389325274,0.09827730123123359,"{""noGesture"":0.4473684210526316,""fist"":0.45161290322580644,""waveIn"":0.3076923076923077,""waveOut"":0.27692307692307694,""open"":0.0,""pinch"":0.43243243243243246}",without_F4_Spectral,,,F4_Spectral
feature_bank_full_fusion_validation_20260915,validation,epn612,17,cross_user,1,F0|F1_X1H|F2b_CSP|F3_Ring|F4_Spectral|F5_Temporal|F6_IMU|F9_Quality,,,,0.37897580674350184,0.4097222222222222,1.5650006188284715,0.12198667449663875,0.14392962171400234,"{""noGesture"":0.5287356321839081,""fist"":0.6111111111111112,""waveIn"":0.3076923076923077,""waveOut"":0.3,""open"":0.0,""pinch"":0.5263157894736842}",without_F5_Temporal,,,F5_Temporal
feature_bank_full_fusion_validation_20260915,validation,epn612,17,cross_user,1,F0|F1_X1H|F2b_CSP|F3_Ring|F4_Spectral|F5_Temporal|F6_IMU|F9_Quality,,,,0.38376070567721426,0.4166666666666667,1.5415827916377691,0.11988509655212908,0.17186854338550273,"{""noGesture"":0.5176470588235295,""fist"":0.5945945945945946,""waveIn"":0.35,""waveOut"":0.2903225806451613,""open"":0.0,""pinch"":0.55}",without_F6_IMU,,,F6_IMU
feature_bank_full_fusion_validation_20260915,validation,epn612,17,cross_user,1,F0|F1_X1H|F2b_CSP|F3_Ring|F4_Spectral|F5_Temporal|F6_IMU|F9_Quality,,,,0.3572126828571777,0.3888888888888889,1.5743057153838995,0.12233262318147083,0.17094219437306288,"{""noGesture"":0.5121951219512195,""fist"":0.5142857142857142,""waveIn"":0.30434782608695654,""waveOut"":0.27586206896551724,""open"":0.0,""pinch"":0.5365853658536586}",without_F9_Quality,,,F9_Quality
feature_bank_full_fusion_validation_20260915,validation,epn612,17,cross_user,2,F0|F1_X1H|F2b_CSP|F3_Ring|F4_Spectral|F5_Temporal|F6_IMU|F9_Quality,,,,0.36517787876998725,0.39855072463768115,1.5895304933586152,0.1249871574478234,0.10296439876933178,"{""noGesture"":0.5238095238095238,""fist"":0.41379310344827586,""waveIn"":0.43243243243243246,""waveOut"":0.3050847457627119,""open"":0.07692307692307693,""pinch"":0.43902439024390244}",full,,,NONE
feature_bank_full_fusion_validation_20260915,validation,epn612,17,cross_user,2,F0|F1_X1H|F2b_CSP|F3_Ring|F4_Spectral|F5_Temporal|F6_IMU|F9_Quality,,,,0.3527050336030335,0.3695652173913043,1.5849283453104879,0.123481869927007,0.11894509909035322,"{""noGesture"":0.4533333333333333,""fist"":0.5161290322580645,""waveIn"":0.32558139534883723,""waveOut"":0.2711864406779661,""open"":0.0,""pinch"":0.55}",without_F7_anchor,,,F7_anchor
feature_bank_full_fusion_validation_20260915,validation,epn612,17,cross_user,2,F0|F1_X1H|F2b_CSP|F3_Ring|F4_Spectral|F5_Temporal|F6_IMU|F9_Quality,,,,0.3253763580007271,0.34782608695652173,1.5605563611522297,0.12147236521523411,0.14757600925105413,"{""noGesture"":0.4657534246575342,""fist"":0.5,""waveIn"":0.26666666666666666,""waveOut"":0.24615384615384617,""open"":0.0,""pinch"":0.47368421052631576}",uniform_population,,,uniform_population
feature_bank_full_fusion_validation_20260915,validation,epn612,17,cross_user,2,F0|F1_X1H|F2b_CSP|F3_Ring|F4_Spectral|F5_Temporal|F6_IMU|F9_Quality,,,,0.3494323730094399,0.37681159420289856,1.5964707080201221,0.12556131383698557,0.11543791599715511,"{""noGesture"":0.5301204819277109,""fist"":0.41379310344827586,""waveIn"":0.4444444444444444,""waveOut"":0.24242424242424243,""open"":0.07692307692307693,""pinch"":0.3888888888888889}",without_F0,,,F0
feature_bank_full_fusion_validation_20260915,validation,epn612,17,cross_user,2,F0|F1_X1H|F2b_CSP|F3_Ring|F4_Spectral|F5_Temporal|F6_IMU|F9_Quality,,,,0.3885259812129576,0.4057971014492754,1.5797062145514649,0.12408316572267127,0.11956018127154613,"{""noGesture"":0.4878048780487805,""fist"":0.5161290322580645,""waveIn"":0.41025641025641024,""waveOut"":0.35294117647058826,""open"":0.125,""pinch"":0.43902439024390244}",without_F1_X1H,,,F1_X1H
feature_bank_full_fusion_validation_20260915,validation,epn612,17,cross_user,2,F0|F1_X1H|F2b_CSP|F3_Ring|F4_Spectral|F5_Temporal|F6_IMU|F9_Quality,,,,0.3934968447639822,0.4057971014492754,1.598211402656408,0.12479384503607602,0.09915540406366169,"{""noGesture"":0.5060240963855421,""fist"":0.4666666666666667,""waveIn"":0.45714285714285713,""waveOut"":0.3103448275862069,""open"":0.24242424242424243,""pinch"":0.3783783783783784}",without_F2b_CSP,,,F2b_CSP
feature_bank_full_fusion_validation_20260915,validation,epn612,17,cross_user,2,F0|F1_X1H|F2b_CSP|F3_Ring|F4_Spectral|F5_Temporal|F6_IMU|F9_Quality,,,,0.3738422777779968,0.4057971014492754,1.5822572340726815,0.1245755605054075,0.10226467154339124,"{""noGesture"":0.5185185185185185,""fist"":0.5161290322580645,""waveIn"":0.41025641025641024,""waveOut"":0.3103448275862069,""open"":0.0,""pinch"":0.4878048780487805}",without_F3_Ring,,,F3_Ring
feature_bank_full_fusion_validation_20260915,validation,epn612,17,cross_user,2,F0|F1_X1H|F2b_CSP|F3_Ring|F4_Spectral|F5_Temporal|F6_IMU|F9_Quality,,,,0.28124271287061986,0.3188405797101449,1.620910267023095,0.12755655317502107,0.0992871079032216,"{""noGesture"":0.48,""fist"":0.23076923076923078,""waveIn"":0.32558139534883723,""waveOut"":0.2727272727272727,""open"":0.0,""pinch"":0.3783783783783784}",without_F4_Spectral,,,F4_Spectral
feature_bank_full_fusion_validation_20260915,validation,epn612,17,cross_user,2,F0|F1_X1H|F2b_CSP|F3_Ring|F4_Spectral|F5_Temporal|F6_IMU|F9_Quality,,,,0.37819182842506843,0.4057971014492754,1.5923208518790783,0.12555096302043897,0.11869793883087015,"{""noGesture"":0.5365853658536586,""fist"":0.4666666666666667,""waveIn"":0.4864864864864865,""waveOut"":0.29508196721311475,""open"":0.07407407407407407,""pinch"":0.41025641025641024}",without_F5_Temporal,,,F5_Temporal
feature_bank_full_fusion_validation_20260915,validation,epn612,17,cross_user,2,F0|F1_X1H|F2b_CSP|F3_Ring|F4_Spectral|F5_Temporal|F6_IMU|F9_Quality,,,,0.36943619128466326,0.39855072463768115,1.5547908685095577,0.12275244218022155,0.1430498601518406,"{""noGesture"":0.525,""fist"":0.5625,""waveIn"":0.45,""waveOut"":0.25806451612903225,""open"":0.0,""pinch"":0.42105263157894735}",without_F6_IMU,,,F6_IMU
feature_bank_full_fusion_validation_20260915,validation,epn612,17,cross_user,2,F0|F1_X1H|F2b_CSP|F3_Ring|F4_Spectral|F5_Temporal|F6_IMU|F9_Quality,,,,0.35574318185718073,0.39855072463768115,1.6036228643904908,0.1259234834678846,0.10906196794003523,"{""noGesture"":0.5432098765432098,""fist"":0.35714285714285715,""waveIn"":0.43902439024390244,""waveOut"":0.29508196721311475,""open"":0.0,""pinch"":0.5}",without_F9_Quality,,,F9_Quality
feature_bank_full_fusion_validation_20260915,validation,epn612,17,cross_user,5,F0|F1_X1H|F2b_CSP|F3_Ring|F4_Spectral|F5_Temporal|F6_IMU|F9_Quality,,,,0.35059518127276873,0.39166666666666666,1.5964313946698554,0.12561992707702244,0.21265146337138918,"{""noGesture"":0.5063291139240507,""fist"":0.38461538461538464,""waveIn"":0.38461538461538464,""waveOut"":0.3137254901960784,""open"":0.0,""pinch"":0.5142857142857142}",full,,,NONE
feature_bank_full_fusion_validation_20260915,validation,epn612,17,cross_user,5,F0|F1_X1H|F2b_CSP|F3_Ring|F4_Spectral|F5_Temporal|F6_IMU|F9_Quality,,,,0.30391940390573524,0.325,1.5798731061726907,0.12360474962873179,0.14186149475050852,"{""noGesture"":0.45161290322580644,""fist"":0.38461538461538464,""waveIn"":0.25,""waveOut"":0.23728813559322035,""open"":0.0,""pinch"":0.5}",without_F7_anchor,,,F7_anchor
feature_bank_full_fusion_validation_20260915,validation,epn612,17,cross_user,5,F0|F1_X1H|F2b_CSP|F3_Ring|F4_Spectral|F5_Temporal|F6_IMU|F9_Quality,,,,0.3243840881726406,0.3416666666666667,1.5620547574319044,0.12189486803053014,0.13376899603208464,"{""noGesture"":0.45901639344262296,""fist"":0.5,""waveIn"":0.25,""waveOut"":0.23728813559322035,""open"":0.0,""pinch"":0.5}",uniform_population,,,uniform_population
feature_bank_full_fusion_validation_20260915,validation,epn612,17,cross_user,5,F0|F1_X1H|F2b_CSP|F3_Ring|F4_Spectral|F5_Temporal|F6_IMU|F9_Quality,,,,0.3594792057450285,0.39166666666666666,1.5981386442807046,0.12578503480084466,0.1970945445857993,"{""noGesture"":0.5063291139240507,""fist"":0.38461538461538464,""waveIn"":0.35714285714285715,""waveOut"":0.28,""open"":0.08333333333333333,""pinch"":0.5454545454545454}",without_F0,,,F0
feature_bank_full_fusion_validation_20260915,validation,epn612,17,cross_user,5,F0|F1_X1H|F2b_CSP|F3_Ring|F4_Spectral|F5_Temporal|F6_IMU|F9_Quality,,,,0.37838126939546823,0.4083333333333333,1.597934041190301,0.1253708612295667,0.22688839431309746,"{""noGesture"":0.47058823529411764,""fist"":0.38461538461538464,""waveIn"":0.3448275862068966,""waveOut"":0.41025641025641024,""open"":0.16,""pinch"":0.5}",without_F1_X1H,,,F1_X1H
feature_bank_full_fusion_validation_20260915,validation,epn612,17,cross_user,5,F0|F1_X1H|F2b_CSP|F3_Ring|F4_Spectral|F5_Temporal|F6_IMU|F9_Quality,,,,0.34207875457875464,0.38333333333333336,1.6024244389515236,0.12567959369022516,0.23222679116165543,"{""noGesture"":0.47619047619047616,""fist"":0.38461538461538464,""waveIn"":0.4,""waveOut"":0.2916666666666667,""open"":0.0,""pinch"":0.5}",without_F2b_CSP,,,F2b_CSP
feature_bank_full_fusion_validation_20260915,validation,epn612,17,cross_user,5,F0|F1_X1H|F2b_CSP|F3_Ring|F4_Spectral|F5_Temporal|F6_IMU|F9_Quality,,,,0.34276696433559173,0.38333333333333336,1.5873392661451367,0.12488775569813858,0.23781426007522932,"{""noGesture"":0.5128205128205128,""fist"":0.38461538461538464,""waveIn"":0.37037037037037035,""waveOut"":0.27450980392156865,""open"":0.0,""pinch"":0.5142857142857142}",without_F3_Ring,,,F3_Ring
feature_bank_full_fusion_validation_20260915,validation,epn612,17,cross_user,5,F0|F1_X1H|F2b_CSP|F3_Ring|F4_Spectral|F5_Temporal|F6_IMU|F9_Quality,,,,0.374659822935685,0.4083333333333333,1.616241136028386,0.1274653719743826,0.15223583172118507,"{""noGesture"":0.5194805194805194,""fist"":0.46153846153846156,""waveIn"":0.41379310344827586,""waveOut"":0.3076923076923077,""open"":0.0,""pinch"":0.5454545454545454}",without_F4_Spectral,,,F4_Spectral
feature_bank_full_fusion_validation_20260915,validation,epn612,17,cross_user,5,F0|F1_X1H|F2b_CSP|F3_Ring|F4_Spectral|F5_Temporal|F6_IMU|F9_Quality,,,,0.364560510994401,0.4,1.5953166369182763,0.125681553257183,0.2148217944764313,"{""noGesture"":0.5063291139240507,""fist"":0.38461538461538464,""waveIn"":0.35714285714285715,""waveOut"":0.32653061224489793,""open"":0.08333333333333333,""pinch"":0.5294117647058824}",without_F5_Temporal,,,F5_Temporal
feature_bank_full_fusion_validation_20260915,validation,epn612,17,cross_user,5,F0|F1_X1H|F2b_CSP|F3_Ring|F4_Spectral|F5_Temporal|F6_IMU|F9_Quality,,,,0.3429836321993185,0.38333333333333336,1.5806044696847839,0.12424004870716997,0.19926066070793946,"{""noGesture"":0.5,""fist"":0.38461538461538464,""waveIn"":0.38461538461538464,""waveOut"":0.25925925925925924,""open"":0.0,""pinch"":0.5294117647058824}",without_F6_IMU,,,F6_IMU
feature_bank_full_fusion_validation_20260915,validation,epn612,17,cross_user,5,F0|F1_X1H|F2b_CSP|F3_Ring|F4_Spectral|F5_Temporal|F6_IMU|F9_Quality,,,,0.3563431013431013,0.39166666666666666,1.6034679560322942,0.12647697750205472,0.18664013680939825,"{""noGesture"":0.5128205128205128,""fist"":0.3333333333333333,""waveIn"":0.42857142857142855,""waveOut"":0.28,""open"":0.08333333333333333,""pinch"":0.5}",without_F9_Quality,,,F9_Quality
feature_bank_full_fusion_validation_20260915,validation,epn612,18,cross_user,0,F0|F1_X1H|F2b_CSP|F3_Ring|F4_Spectral|F5_Temporal|F6_IMU|F9_Quality,,,,0.3758707654761126,0.41333333333333333,1.4466090580238373,0.11364263589688872,0.13522247100220092,"{""noGesture"":0.49504950495049505,""fist"":0.42424242424242425,""waveIn"":0.40816326530612246,""waveOut"":0.46153846153846156,""open"":0.39215686274509803,""pinch"":0.07407407407407407}",full,,,NONE
feature_bank_full_fusion_validation_20260915,validation,epn612,18,cross_user,0,F0|F1_X1H|F2b_CSP|F3_Ring|F4_Spectral|F5_Temporal|F6_IMU|F9_Quality,,,,0.3758707654761126,0.41333333333333333,1.4466090580238373,0.11364263589688872,0.13522247100220092,"{""noGesture"":0.49504950495049505,""fist"":0.42424242424242425,""waveIn"":0.40816326530612246,""waveOut"":0.46153846153846156,""open"":0.39215686274509803,""pinch"":0.07407407407407407}",without_F7_anchor,,,F7_anchor
feature_bank_full_fusion_validation_20260915,validation,epn612,18,cross_user,0,F0|F1_X1H|F2b_CSP|F3_Ring|F4_Spectral|F5_Temporal|F6_IMU|F9_Quality,,,,0.3758707654761126,0.41333333333333333,1.4466090580238373,0.11364263589688872,0.13522247100220092,"{""noGesture"":0.49504950495049505,""fist"":0.42424242424242425,""waveIn"":0.40816326530612246,""waveOut"":0.46153846153846156,""open"":0.39215686274509803,""pinch"":0.07407407407407407}",uniform_population,,,uniform_population
feature_bank_full_fusion_validation_20260915,validation,epn612,18,cross_user,0,F0|F1_X1H|F2b_CSP|F3_Ring|F4_Spectral|F5_Temporal|F6_IMU|F9_Quality,,,,0.37421262488239776,0.41333333333333333,1.4826797177363797,0.11606336085710002,0.14219300519819414,"{""noGesture"":0.49504950495049505,""fist"":0.4117647058823529,""waveIn"":0.4,""waveOut"":0.46153846153846156,""open"":0.4,""pinch"":0.07692307692307693}",without_F0,,,F0
feature_bank_full_fusion_validation_20260915,validation,epn612,18,cross_user,0,F0|F1_X1H|F2b_CSP|F3_Ring|F4_Spectral|F5_Temporal|F6_IMU|F9_Quality,,,,0.40527871684075145,0.43333333333333335,1.4179896832638734,0.11168111157014499,0.11697483867711743,"{""noGesture"":0.4807692307692308,""fist"":0.48484848484848486,""waveIn"":0.46511627906976744,""waveOut"":0.5238095238095238,""open"":0.40816326530612246,""pinch"":0.06896551724137931}",without_F1_X1H,,,F1_X1H
feature_bank_full_fusion_validation_20260915,validation,epn612,18,cross_user,0,F0|F1_X1H|F2b_CSP|F3_Ring|F4_Spectral|F5_Temporal|F6_IMU|F9_Quality,,,,0.4149846244309811,0.44,1.4238935672636073,0.1124686082274549,0.10067105632639513,"{""noGesture"":0.4854368932038835,""fist"":0.4375,""waveIn"":0.4888888888888889,""waveOut"":0.5365853658536586,""open"":0.40816326530612246,""pinch"":0.13333333333333333}",without_F2b_CSP,,,F2b_CSP
feature_bank_full_fusion_validation_20260915,validation,epn612,18,cross_user,0,F0|F1_X1H|F2b_CSP|F3_Ring|F4_Spectral|F5_Temporal|F6_IMU|F9_Quality,,,,0.3554760785660145,0.4,1.457385886901515,0.1146671292492316,0.16104394773846364,"{""noGesture"":0.49019607843137253,""fist"":0.3870967741935484,""waveIn"":0.4166666666666667,""waveOut"":0.46153846153846156,""open"":0.37735849056603776,""pinch"":0.0}",without_F3_Ring,,,F3_Ring
feature_bank_full_fusion_validation_20260915,validation,epn612,18,cross_user,0,F0|F1_X1H|F2b_CSP|F3_Ring|F4_Spectral|F5_Temporal|F6_IMU|F9_Quality,,,,0.3807579175840632,0.42,1.4563587093915238,0.11438988955603131,0.130279036773819,"{""noGesture"":0.5102040816326531,""fist"":0.375,""waveIn"":0.41509433962264153,""waveOut"":0.5128205128205128,""open"":0.4,""pinch"":0.07142857142857142}",without_F4_Spectral,,,F4_Spectral
feature_bank_full_fusion_validation_20260915,validation,epn612,18,cross_user,0,F0|F1_X1H|F2b_CSP|F3_Ring|F4_Spectral|F5_Temporal|F6_IMU|F9_Quality,,,,0.3604713591453337,0.4066666666666667,1.4474798018337949,0.1134519951342349,0.1341744816088963,"{""noGesture"":0.49504950495049505,""fist"":0.375,""waveIn"":0.40816326530612246,""waveOut"":0.5,""open"":0.38461538461538464,""pinch"":0.0}",without_F5_Temporal,,,F5_Temporal
feature_bank_full_fusion_validation_20260915,validation,epn612,18,cross_user,0,F0|F1_X1H|F2b_CSP|F3_Ring|F4_Spectral|F5_Temporal|F6_IMU|F9_Quality,,,,0.3762549308767797,0.41333333333333333,1.4376142488923171,0.11292661418998089,0.13830605590441894,"{""noGesture"":0.5,""fist"":0.42424242424242425,""waveIn"":0.40816326530612246,""waveOut"":0.46153846153846156,""open"":0.39215686274509803,""pinch"":0.07142857142857142}",without_F6_IMU,,,F6_IMU
feature_bank_full_fusion_validation_20260915,validation,epn612,18,cross_user,0,F0|F1_X1H|F2b_CSP|F3_Ring|F4_Spectral|F5_Temporal|F6_IMU|F9_Quality,,,,0.3844241224043669,0.42,1.4664647400011928,0.11516605362011016,0.12650090593291705,"{""noGesture"":0.5,""fist"":0.42424242424242425,""waveIn"":0.425531914893617,""waveOut"":0.4878048780487805,""open"":0.4,""pinch"":0.06896551724137931}",without_F9_Quality,,,F9_Quality
feature_bank_full_fusion_validation_20260915,validation,epn612,18,cross_user,1,F0|F1_X1H|F2b_CSP|F3_Ring|F4_Spectral|F5_Temporal|F6_IMU|F9_Quality,,,,0.38829753054179966,0.4236111111111111,1.4579258983730776,0.11490589509917341,0.17102201880542195,"{""noGesture"":0.4948453608247423,""fist"":0.45161290322580644,""waveIn"":0.4186046511627907,""waveOut"":0.46511627906976744,""open"":0.425531914893617,""pinch"":0.07407407407407407}",full,,,NONE
feature_bank_full_fusion_validation_20260915,validation,epn612,18,cross_user,1,F0|F1_X1H|F2b_CSP|F3_Ring|F4_Spectral|F5_Temporal|F6_IMU|F9_Quality,,,,0.3847720979537738,0.4236111111111111,1.423466350883472,0.11199764675111373,0.15078718442022088,"{""noGesture"":0.5052631578947369,""fist"":0.3870967741935484,""waveIn"":0.425531914893617,""waveOut"":0.5,""open"":0.4166666666666667,""pinch"":0.07407407407407407}",without_F7_anchor,,,F7_anchor
feature_bank_full_fusion_validation_20260915,validation,epn612,18,cross_user,1,F0|F1_X1H|F2b_CSP|F3_Ring|F4_Spectral|F5_Temporal|F6_IMU|F9_Quality,,,,0.3766056477007241,0.4166666666666667,1.4335520107828743,0.11266604145614664,0.1377705751126449,"{""noGesture"":0.5052631578947369,""fist"":0.3870967741935484,""waveIn"":0.4166666666666667,""waveOut"":0.47368421052631576,""open"":0.4,""pinch"":0.07692307692307693}",uniform_population,,,uniform_population
feature_bank_full_fusion_validation_20260915,validation,epn612,18,cross_user,1,F0|F1_X1H|F2b_CSP|F3_Ring|F4_Spectral|F5_Temporal|F6_IMU|F9_Quality,,,,0.4137137794034161,0.4375,1.4797392876564568,0.11643697295993413,0.15307920867960964,"{""noGesture"":0.4897959183673469,""fist"":0.45161290322580644,""waveIn"":0.4090909090909091,""waveOut"":0.46511627906976744,""open"":0.4444444444444444,""pinch"":0.2222222222222222}",without_F0,,,F0
feature_bank_full_fusion_validation_20260915,validation,epn612,18,cross_user,1,F0|F1_X1H|F2b_CSP|F3_Ring|F4_Spectral|F5_Temporal|F6_IMU|F9_Quality,,,,0.4099467217262273,0.4375,1.4422059034766868,0.11373491659604129,0.13810784040008298,"{""noGesture"":0.4897959183673469,""fist"":0.4375,""waveIn"":0.4878048780487805,""waveOut"":0.47619047619047616,""open"":0.425531914893617,""pinch"":0.14285714285714285}",without_F1_X1H,,,F1_X1H
feature_bank_full_fusion_validation_20260915,validation,epn612,18,cross_user,1,F0|F1_X1H|F2b_CSP|F3_Ring|F4_Spectral|F5_Temporal|F6_IMU|F9_Quality,,,,0.43009244930175267,0.4513888888888889,1.4475970081638134,0.11436922398966044,0.13476596690523646,"{""noGesture"":0.4897959183673469,""fist"":0.45161290322580644,""waveIn"":0.5,""waveOut"":0.4878048780487805,""open"":0.4444444444444444,""pinch"":0.20689655172413793}",without_F2b_CSP,,,F2b_CSP
feature_bank_full_fusion_validation_20260915,validation,epn612,18,cross_user,1,F0|F1_X1H|F2b_CSP|F3_Ring|F4_Spectral|F5_Temporal|F6_IMU|F9_Quality,,,,0.38955598013249304,0.4236111111111111,1.4601255595706388,0.11514025113355054,0.13007180711501748,"{""noGesture"":0.4897959183673469,""fist"":0.45161290322580644,""waveIn"":0.43478260869565216,""waveOut"":0.46153846153846156,""open"":0.425531914893617,""pinch"":0.07407407407407407}",without_F3_Ring,,,F3_Ring
feature_bank_full_fusion_validation_20260915,validation,epn612,18,cross_user,1,F0|F1_X1H|F2b_CSP|F3_Ring|F4_Spectral|F5_Temporal|F6_IMU|F9_Quality,,,,0.4105117677130592,0.4444444444444444,1.4704045780986643,0.11594819218416487,0.16092395781034988,"{""noGesture"":0.5161290322580645,""fist"":0.5,""waveIn"":0.3829787234042553,""waveOut"":0.5116279069767442,""open"":0.4782608695652174,""pinch"":0.07407407407407407}",without_F4_Spectral,,,F4_Spectral
feature_bank_full_fusion_validation_20260915,validation,epn612,18,cross_user,1,F0|F1_X1H|F2b_CSP|F3_Ring|F4_Spectral|F5_Temporal|F6_IMU|F9_Quality,,,,0.400297619047619,0.4305555555555556,1.455058961131488,0.11455156820725282,0.16797425428172785,"{""noGesture"":0.5,""fist"":0.4375,""waveIn"":0.42857142857142855,""waveOut"":0.47619047619047616,""open"":0.4166666666666667,""pinch"":0.14285714285714285}",without_F5_Temporal,,,F5_Temporal
feature_bank_full_fusion_validation_20260915,validation,epn612,18,cross_user,1,F0|F1_X1H|F2b_CSP|F3_Ring|F4_Spectral|F5_Temporal|F6_IMU|F9_Quality,,,,0.39432024381386727,0.4305555555555556,1.447445251881724,0.11404757858676362,0.13158376690104953,"{""noGesture"":0.5,""fist"":0.45161290322580644,""waveIn"":0.4090909090909091,""waveOut"":0.5116279069767442,""open"":0.4166666666666667,""pinch"":0.07692307692307693}",without_F6_IMU,,,F6_IMU
feature_bank_full_fusion_validation_20260915,validation,epn612,18,cross_user,1,F0|F1_X1H|F2b_CSP|F3_Ring|F4_Spectral|F5_Temporal|F6_IMU|F9_Quality,,,,0.40167115867003894,0.4375,1.4717697041566051,0.116053348358501,0.18576909934412,"{""noGesture"":0.5052631578947369,""fist"":0.48484848484848486,""waveIn"":0.42857142857142855,""waveOut"":0.4888888888888889,""open"":0.425531914893617,""pinch"":0.07692307692307693}",without_F9_Quality,,,F9_Quality
feature_bank_full_fusion_validation_20260915,validation,epn612,18,cross_user,2,F0|F1_X1H|F2b_CSP|F3_Ring|F4_Spectral|F5_Temporal|F6_IMU|F9_Quality,,,,0.44852888572654726,0.463768115942029,1.4943691591192092,0.11821626897614698,0.15420672545283998,"{""noGesture"":0.5054945054945055,""fist"":0.5161290322580645,""waveIn"":0.42857142857142855,""waveOut"":0.5,""open"":0.46511627906976744,""pinch"":0.27586206896551724}",full,,,NONE
feature_bank_full_fusion_validation_20260915,validation,epn612,18,cross_user,2,F0|F1_X1H|F2b_CSP|F3_Ring|F4_Spectral|F5_Temporal|F6_IMU|F9_Quality,,,,0.38092810201505856,0.42028985507246375,1.4277756746457513,0.11224383306151783,0.13863774260996517,"{""noGesture"":0.5111111111111111,""fist"":0.4,""waveIn"":0.391304347826087,""waveOut"":0.4864864864864865,""open"":0.4166666666666667,""pinch"":0.08}",without_F7_anchor,,,F7_anchor
feature_bank_full_fusion_validation_20260915,validation,epn612,18,cross_user,2,F0|F1_X1H|F2b_CSP|F3_Ring|F4_Spectral|F5_Temporal|F6_IMU|F9_Quality,,,,0.38092810201505856,0.42028985507246375,1.4275626637513017,0.11226091800190123,0.138877730420861,"{""noGesture"":0.5111111111111111,""fist"":0.4,""waveIn"":0.391304347826087,""waveOut"":0.4864864864864865,""open"":0.4166666666666667,""pinch"":0.08}",uniform_population,,,uniform_population
feature_bank_full_fusion_validation_20260915,validation,epn612,18,cross_user,2,F0|F1_X1H|F2b_CSP|F3_Ring|F4_Spectral|F5_Temporal|F6_IMU|F9_Quality,,,,0.4200237182995803,0.4420289855072464,1.5173207971133673,0.11983840263832389,0.1457750400962735,"{""noGesture"":0.5,""fist"":0.41379310344827586,""waveIn"":0.4,""waveOut"":0.47619047619047616,""open"":0.4444444444444444,""pinch"":0.2857142857142857}",without_F0,,,F0
feature_bank_full_fusion_validation_20260915,validation,epn612,18,cross_user,2,F0|F1_X1H|F2b_CSP|F3_Ring|F4_Spectral|F5_Temporal|F6_IMU|F9_Quality,,,,0.4807182524893403,0.4855072463768116,1.4847493961477203,0.11725483197423339,0.19695346632349459,"{""noGesture"":0.4946236559139785,""fist"":0.5161290322580645,""waveIn"":0.47368421052631576,""waveOut"":0.5365853658536586,""open"":0.47619047619047616,""pinch"":0.3870967741935484}",without_F1_X1H,,,F1_X1H
feature_bank_full_fusion_validation_20260915,validation,epn612,18,cross_user,2,F0|F1_X1H|F2b_CSP|F3_Ring|F4_Spectral|F5_Temporal|F6_IMU|F9_Quality,,,,0.4724224342655748,0.4782608695652174,1.4907061586982087,0.11796121871140569,0.1649306359281389,"{""noGesture"":0.4842105263157895,""fist"":0.5161290322580645,""waveIn"":0.5,""waveOut"":0.5238095238095238,""open"":0.4878048780487805,""pinch"":0.3225806451612903}",without_F2b_CSP,,,F2b_CSP
feature_bank_full_fusion_validation_20260915,validation,epn612,18,cross_user,2,F0|F1_X1H|F2b_CSP|F3_Ring|F4_Spectral|F5_Temporal|F6_IMU|F9_Quality,,,,0.4397028897028896,0.45652173913043476,1.494792714081573,0.11821419859214981,0.13775061782944564,"{""noGesture"":0.5,""fist"":0.4666666666666667,""waveIn"":0.42857142857142855,""waveOut"":0.5128205128205128,""open"":0.4444444444444444,""pinch"":0.2857142857142857}",without_F3_Ring,,,F3_Ring
feature_bank_full_fusion_validation_20260915,validation,epn612,18,cross_user,2,F0|F1_X1H|F2b_CSP|F3_Ring|F4_Spectral|F5_Temporal|F6_IMU|F9_Quality,,,,0.44337711273195146,0.463768115942029,1.4998163315917816,0.11884130602599273,0.15642510119867467,"{""noGesture"":0.5111111111111111,""fist"":0.5161290322580645,""waveIn"":0.4090909090909091,""waveOut"":0.5128205128205128,""open"":0.4888888888888889,""pinch"":0.2222222222222222}",without_F4_Spectral,,,F4_Spectral
feature_bank_full_fusion_validation_20260915,validation,epn612,18,cross_user,2,F0|F1_X1H|F2b_CSP|F3_Ring|F4_Spectral|F5_Temporal|F6_IMU|F9_Quality,,,,0.418156685229856,0.4420289855072464,1.4904494391388439,0.11799902833599539,0.15972383759235523,"{""noGesture"":0.5054945054945055,""fist"":0.4666666666666667,""waveIn"":0.3902439024390244,""waveOut"":0.4878048780487805,""open"":0.4444444444444444,""pinch"":0.21428571428571427}",without_F5_Temporal,,,F5_Temporal
feature_bank_full_fusion_validation_20260915,validation,epn612,18,cross_user,2,F0|F1_X1H|F2b_CSP|F3_Ring|F4_Spectral|F5_Temporal|F6_IMU|F9_Quality,,,,0.42779812779812776,0.4492753623188406,1.4786424680242147,0.11687741680862868,0.15428401900018224,"{""noGesture"":0.5,""fist"":0.4666666666666667,""waveIn"":0.42857142857142855,""waveOut"":0.5128205128205128,""open"":0.4444444444444444,""pinch"":0.21428571428571427}",without_F6_IMU,,,F6_IMU
feature_bank_full_fusion_validation_20260915,validation,epn612,18,cross_user,2,F0|F1_X1H|F2b_CSP|F3_Ring|F4_Spectral|F5_Temporal|F6_IMU|F9_Quality,,,,0.41810350213640063,0.4420289855072464,1.5057133485513416,0.11930388537497245,0.16166223462435514,"{""noGesture"":0.5111111111111111,""fist"":0.4666666666666667,""waveIn"":0.36363636363636365,""waveOut"":0.4878048780487805,""open"":0.46511627906976744,""pinch"":0.21428571428571427}",without_F9_Quality,,,F9_Quality
feature_bank_full_fusion_validation_20260915,validation,epn612,18,cross_user,5,F0|F1_X1H|F2b_CSP|F3_Ring|F4_Spectral|F5_Temporal|F6_IMU|F9_Quality,,,,0.39713909279126663,0.44166666666666665,1.526019851175035,0.1208900788303762,0.1554897353119496,"{""noGesture"":0.5194805194805194,""fist"":0.2608695652173913,""waveIn"":0.4,""waveOut"":0.6,""open"":0.42857142857142855,""pinch"":0.17391304347826086}",full,,,NONE
feature_bank_full_fusion_validation_20260915,validation,epn612,18,cross_user,5,F0|F1_X1H|F2b_CSP|F3_Ring|F4_Spectral|F5_Temporal|F6_IMU|F9_Quality,,,,0.37861952861952863,0.425,1.4132059713093372,0.1108694114237674,0.15107805568685556,"{""noGesture"":0.5333333333333333,""fist"":0.4444444444444444,""waveIn"":0.4,""waveOut"":0.48484848484848486,""open"":0.4090909090909091,""pinch"":0.0}",without_F7_anchor,,,F7_anchor
feature_bank_full_fusion_validation_20260915,validation,epn612,18,cross_user,5,F0|F1_X1H|F2b_CSP|F3_Ring|F4_Spectral|F5_Temporal|F6_IMU|F9_Quality,,,,0.39535666744969067,0.43333333333333335,1.3982761685927447,0.10997503424890609,0.14436108582822998,"{""noGesture"":0.5333333333333333,""fist"":0.4444444444444444,""waveIn"":0.4,""waveOut"":0.48484848484848486,""open"":0.4186046511627907,""pinch"":0.09090909090909091}",uniform_population,,,uniform_population
feature_bank_full_fusion_validation_20260915,validation,epn612,18,cross_user,5,F0|F1_X1H|F2b_CSP|F3_Ring|F4_Spectral|F5_Temporal|F6_IMU|F9_Quality,,,,0.3811516396882251,0.43333333333333335,1.5388858020573177,0.12173510334428261,0.1617214726442907,"{""noGesture"":0.5128205128205128,""fist"":0.18181818181818182,""waveIn"":0.4,""waveOut"":0.5714285714285714,""open"":0.43902439024390244,""pinch"":0.18181818181818182}",without_F0,,,F0
feature_bank_full_fusion_validation_20260915,validation,epn612,18,cross_user,5,F0|F1_X1H|F2b_CSP|F3_Ring|F4_Spectral|F5_Temporal|F6_IMU|F9_Quality,,,,0.3690609309405645,0.4166666666666667,1.523361621869592,0.1204231229149214,0.1304502642365341,"{""noGesture"":0.5063291139240507,""fist"":0.18181818181818182,""waveIn"":0.4117647058823529,""waveOut"":0.5405405405405406,""open"":0.4,""pinch"":0.17391304347826086}",without_F1_X1H,,,F1_X1H
feature_bank_full_fusion_validation_20260915,validation,epn612,18,cross_user,5,F0|F1_X1H|F2b_CSP|F3_Ring|F4_Spectral|F5_Temporal|F6_IMU|F9_Quality,,,,0.38439094174388294,0.425,1.525585797111432,0.12074042551824876,0.14426235399795115,"{""noGesture"":0.5,""fist"":0.18181818181818182,""waveIn"":0.4117647058823529,""waveOut"":0.5405405405405406,""open"":0.45,""pinch"":0.2222222222222222}",without_F2b_CSP,,,F2b_CSP
feature_bank_full_fusion_validation_20260915,validation,epn612,18,cross_user,5,F0|F1_X1H|F2b_CSP|F3_Ring|F4_Spectral|F5_Temporal|F6_IMU|F9_Quality,,,,0.3853739896252842,0.43333333333333335,1.5216787603584432,0.12059309383629059,0.15026097706331543,"{""noGesture"":0.5063291139240507,""fist"":0.18181818181818182,""waveIn"":0.4,""waveOut"":0.631578947368421,""open"":0.4186046511627907,""pinch"":0.17391304347826086}",without_F3_Ring,,,F3_Ring
feature_bank_full_fusion_validation_20260915,validation,epn612,18,cross_user,5,F0|F1_X1H|F2b_CSP|F3_Ring|F4_Spectral|F5_Temporal|F6_IMU|F9_Quality,,,,0.3943546528912383,0.44166666666666665,1.5356687344231816,0.12179723075606323,0.1998569285076219,"{""noGesture"":0.5194805194805194,""fist"":0.4,""waveIn"":0.358974358974359,""waveOut"":0.6486486486486487,""open"":0.43902439024390244,""pinch"":0.0}",without_F4_Spectral,,,F4_Spectral
feature_bank_full_fusion_validation_20260915,validation,epn612,18,cross_user,5,F0|F1_X1H|F2b_CSP|F3_Ring|F4_Spectral|F5_Temporal|F6_IMU|F9_Quality,,,,0.39601759145767623,0.44166666666666665,1.522370188300968,0.12070348414328094,0.15069487349065636,"{""noGesture"":0.5194805194805194,""fist"":0.2608695652173913,""waveIn"":0.4,""waveOut"":0.5853658536585366,""open"":0.42857142857142855,""pinch"":0.18181818181818182}",without_F5_Temporal,,,F5_Temporal
feature_bank_full_fusion_validation_20260915,validation,epn612,18,cross_user,5,F0|F1_X1H|F2b_CSP|F3_Ring|F4_Spectral|F5_Temporal|F6_IMU|F9_Quality,,,,0.3821120103728799,0.43333333333333335,1.5128738326819071,0.11985177718235578,0.1480963926760352,"{""noGesture"":0.5194805194805194,""fist"":0.18181818181818182,""waveIn"":0.3888888888888889,""waveOut"":0.6,""open"":0.42857142857142855,""pinch"":0.17391304347826086}",without_F6_IMU,,,F6_IMU
feature_bank_full_fusion_validation_20260915,validation,epn612,18,cross_user,5,F0|F1_X1H|F2b_CSP|F3_Ring|F4_Spectral|F5_Temporal|F6_IMU|F9_Quality,,,,0.4104242189608043,0.45,1.535601199370269,0.1218429687064211,0.16699884001256093,"{""noGesture"":0.5194805194805194,""fist"":0.3333333333333333,""waveIn"":0.3888888888888889,""waveOut"":0.6,""open"":0.43902439024390244,""pinch"":0.18181818181818182}",without_F9_Quality,,,F9_Quality
feature_bank_full_fusion_validation_20260915,validation,epn612,ALL,cross_user,0,F0|F1_X1H|F2b_CSP|F3_Ring|F4_Spectral|F5_Temporal|F6_IMU|F9_Quality,,,,0.37591219788900426,0.39999999999999997,1.5215108047811323,0.11946807942897979,0.13410876265534116,mean per-user aggregation,full,,,NONE
feature_bank_full_fusion_validation_20260915,validation,epn612,ALL,cross_user,0,F0|F1_X1H|F2b_CSP|F3_Ring|F4_Spectral|F5_Temporal|F6_IMU|F9_Quality,,,,0.37591219788900426,0.39999999999999997,1.5215108047811323,0.11946807942897979,0.13410876265534116,mean per-user aggregation,without_F7_anchor,,,F7_anchor
feature_bank_full_fusion_validation_20260915,validation,epn612,ALL,cross_user,0,F0|F1_X1H|F2b_CSP|F3_Ring|F4_Spectral|F5_Temporal|F6_IMU|F9_Quality,,,,0.37591219788900426,0.39999999999999997,1.5215108047811323,0.11946807942897979,0.13410876265534116,mean per-user aggregation,uniform_population,,,uniform_population
feature_bank_full_fusion_validation_20260915,validation,epn612,ALL,cross_user,0,F0|F1_X1H|F2b_CSP|F3_Ring|F4_Spectral|F5_Temporal|F6_IMU|F9_Quality,,,,0.3566891597288193,0.38666666666666666,1.543054219886586,0.12106338390352524,0.12816566887598693,mean per-user aggregation,without_F0,,,F0
feature_bank_full_fusion_validation_20260915,validation,epn612,ALL,cross_user,0,F0|F1_X1H|F2b_CSP|F3_Ring|F4_Spectral|F5_Temporal|F6_IMU|F9_Quality,,,,0.39937835182963083,0.42,1.4913902735697377,0.11732938670061366,0.11731647344905739,mean per-user aggregation,without_F1_X1H,,,F1_X1H
feature_bank_full_fusion_validation_20260915,validation,epn612,ALL,cross_user,0,F0|F1_X1H|F2b_CSP|F3_Ring|F4_Spectral|F5_Temporal|F6_IMU|F9_Quality,,,,0.39761896660335,0.4155555555555555,1.508677889389464,0.11857673595291394,0.10907233416317202,mean per-user aggregation,without_F2b_CSP,,,F2b_CSP
feature_bank_full_fusion_validation_20260915,validation,epn612,ALL,cross_user,0,F0|F1_X1H|F2b_CSP|F3_Ring|F4_Spectral|F5_Temporal|F6_IMU|F9_Quality,,,,0.36717130335484827,0.39333333333333337,1.5278628970481716,0.12000213548561772,0.12463322671412976,mean per-user aggregation,without_F3_Ring,,,F3_Ring
feature_bank_full_fusion_validation_20260915,validation,epn612,ALL,cross_user,0,F0|F1_X1H|F2b_CSP|F3_Ring|F4_Spectral|F5_Temporal|F6_IMU|F9_Quality,,,,0.35464107338997763,0.37999999999999995,1.5507962648200124,0.12163641664951809,0.1248423390969859,mean per-user aggregation,without_F4_Spectral,,,F4_Spectral
feature_bank_full_fusion_validation_20260915,validation,epn612,ALL,cross_user,0,F0|F1_X1H|F2b_CSP|F3_Ring|F4_Spectral|F5_Temporal|F6_IMU|F9_Quality,,,,0.38045731482513073,0.4066666666666667,1.5211088824216763,0.11942678166489613,0.11687681142424645,mean per-user aggregation,without_F5_Temporal,,,F5_Temporal
feature_bank_full_fusion_validation_20260915,validation,epn612,ALL,cross_user,0,F0|F1_X1H|F2b_CSP|F3_Ring|F4_Spectral|F5_Temporal|F6_IMU|F9_Quality,,,,0.3639744329907582,0.3888888888888889,1.5127378871885975,0.11887942376047751,0.12989931085434245,mean per-user aggregation,without_F6_IMU,,,F6_IMU
feature_bank_full_fusion_validation_20260915,validation,epn612,ALL,cross_user,0,F0|F1_X1H|F2b_CSP|F3_Ring|F4_Spectral|F5_Temporal|F6_IMU|F9_Quality,,,,0.3642769003761232,0.39111111111111113,1.5429865376625977,0.12094694888513978,0.12712133461523276,mean per-user aggregation,without_F9_Quality,,,F9_Quality
feature_bank_full_fusion_validation_20260915,validation,epn612,ALL,cross_user,1,F0|F1_X1H|F2b_CSP|F3_Ring|F4_Spectral|F5_Temporal|F6_IMU|F9_Quality,,,,0.3904045641396328,0.4166666666666667,1.5302489597534346,0.12029947171766375,0.13186127293068173,mean per-user aggregation,full,,,NONE
feature_bank_full_fusion_validation_20260915,validation,epn612,ALL,cross_user,1,F0|F1_X1H|F2b_CSP|F3_Ring|F4_Spectral|F5_Temporal|F6_IMU|F9_Quality,,,,0.38384909900762487,0.40972222222222227,1.5005619009945892,0.11780935919558982,0.13401613722065733,mean per-user aggregation,without_F7_anchor,,,F7_anchor
feature_bank_full_fusion_validation_20260915,validation,epn612,ALL,cross_user,1,F0|F1_X1H|F2b_CSP|F3_Ring|F4_Spectral|F5_Temporal|F6_IMU|F9_Quality,,,,0.38195395670726406,0.4050925925925926,1.5161022388613812,0.11898650730856852,0.13908879232261276,mean per-user aggregation,uniform_population,,,uniform_population
feature_bank_full_fusion_validation_20260915,validation,epn612,ALL,cross_user,1,F0|F1_X1H|F2b_CSP|F3_Ring|F4_Spectral|F5_Temporal|F6_IMU|F9_Quality,,,,0.3930419263993501,0.4166666666666667,1.538832132549454,0.12097193916991549,0.15000127921522657,mean per-user aggregation,without_F0,,,F0
feature_bank_full_fusion_validation_20260915,validation,epn612,ALL,cross_user,1,F0|F1_X1H|F2b_CSP|F3_Ring|F4_Spectral|F5_Temporal|F6_IMU|F9_Quality,,,,0.3884071901949821,0.41435185185185186,1.514841472787209,0.11912349812444889,0.132558324936511,mean per-user aggregation,without_F1_X1H,,,F1_X1H
feature_bank_full_fusion_validation_20260915,validation,epn612,ALL,cross_user,1,F0|F1_X1H|F2b_CSP|F3_Ring|F4_Spectral|F5_Temporal|F6_IMU|F9_Quality,,,,0.40419162229819444,0.4236111111111111,1.5286054568667173,0.11992224084450316,0.11593468184091611,mean per-user aggregation,without_F2b_CSP,,,F2b_CSP
feature_bank_full_fusion_validation_20260915,validation,epn612,ALL,cross_user,1,F0|F1_X1H|F2b_CSP|F3_Ring|F4_Spectral|F5_Temporal|F6_IMU|F9_Quality,,,,0.3876633445546602,0.41203703703703703,1.5297325418528338,0.12024953523012137,0.11446937384348722,mean per-user aggregation,without_F3_Ring,,,F3_Ring
feature_bank_full_fusion_validation_20260915,validation,epn612,ALL,cross_user,1,F0|F1_X1H|F2b_CSP|F3_Ring|F4_Spectral|F5_Temporal|F6_IMU|F9_Quality,,,,0.3760304241757868,0.39814814814814814,1.5540141386866724,0.12231542817165743,0.12154210565678007,mean per-user aggregation,without_F4_Spectral,,,F4_Spectral
feature_bank_full_fusion_validation_20260915,validation,epn612,ALL,cross_user,1,F0|F1_X1H|F2b_CSP|F3_Ring|F4_Spectral|F5_Temporal|F6_IMU|F9_Quality,,,,0.39423823840350747,0.41898148148148145,1.524393908536369,0.12003377171113583,0.14335035229902957,mean per-user aggregation,without_F5_Temporal,,,F5_Temporal
feature_bank_full_fusion_validation_20260915,validation,epn612,ALL,cross_user,1,F0|F1_X1H|F2b_CSP|F3_Ring|F4_Spectral|F5_Temporal|F6_IMU|F9_Quality,,,,0.38711334251957935,0.41435185185185186,1.523393279469173,0.11967564239350281,0.15202164434522902,mean per-user aggregation,without_F6_IMU,,,F6_IMU
feature_bank_full_fusion_validation_20260915,validation,epn612,ALL,cross_user,1,F0|F1_X1H|F2b_CSP|F3_Ring|F4_Spectral|F5_Temporal|F6_IMU|F9_Quality,,,,0.3745685588783478,0.40509259259259256,1.5452069903619037,0.121385684289722,0.15220574585580224,mean per-user aggregation,without_F9_Quality,,,F9_Quality
feature_bank_full_fusion_validation_20260915,validation,epn612,ALL,cross_user,2,F0|F1_X1H|F2b_CSP|F3_Ring|F4_Spectral|F5_Temporal|F6_IMU|F9_Quality,,,,0.38892214916083717,0.41304347826086957,1.553337489699268,0.12293656043871319,0.143070191111345,mean per-user aggregation,full,,,NONE
feature_bank_full_fusion_validation_20260915,validation,epn612,ALL,cross_user,2,F0|F1_X1H|F2b_CSP|F3_Ring|F4_Spectral|F5_Temporal|F6_IMU|F9_Quality,,,,0.3919265836500638,0.41304347826086957,1.5137505712844066,0.1189336850188849,0.12594746691602624,mean per-user aggregation,without_F7_anchor,,,F7_anchor
feature_bank_full_fusion_validation_20260915,validation,epn612,ALL,cross_user,2,F0|F1_X1H|F2b_CSP|F3_Ring|F4_Spectral|F5_Temporal|F6_IMU|F9_Quality,,,,0.3861049872324467,0.40821256038647347,1.50532873896253,0.11825490247448626,0.13699524595149354,mean per-user aggregation,uniform_population,,,uniform_population
feature_bank_full_fusion_validation_20260915,validation,epn612,ALL,cross_user,2,F0|F1_X1H|F2b_CSP|F3_Ring|F4_Spectral|F5_Temporal|F6_IMU|F9_Quality,,,,0.3742531914698562,0.39855072463768115,1.5641789398127885,0.12372921869633635,0.13043221091507531,mean per-user aggregation,without_F0,,,F0
feature_bank_full_fusion_validation_20260915,validation,epn612,ALL,cross_user,2,F0|F1_X1H|F2b_CSP|F3_Ring|F4_Spectral|F5_Temporal|F6_IMU|F9_Quality,,,,0.4078108651206413,0.4227053140096619,1.5428411786986185,0.12206663074205372,0.1495373254798193,mean per-user aggregation,without_F1_X1H,,,F1_X1H
feature_bank_full_fusion_validation_20260915,validation,epn612,ALL,cross_user,2,F0|F1_X1H|F2b_CSP|F3_Ring|F4_Spectral|F5_Temporal|F6_IMU|F9_Quality,,,,0.4041269631449746,0.4178743961352657,1.5577352835312857,0.12294874738308088,0.140430673934664,mean per-user aggregation,without_F2b_CSP,,,F2b_CSP
feature_bank_full_fusion_validation_20260915,validation,epn612,ALL,cross_user,2,F0|F1_X1H|F2b_CSP|F3_Ring|F4_Spectral|F5_Temporal|F6_IMU|F9_Quality,,,,0.3904918967057638,0.41545893719806765,1.5513660893866896,0.1228001508348877,0.13451759004647984,mean per-user aggregation,without_F3_Ring,,,F3_Ring
feature_bank_full_fusion_validation_20260915,validation,epn612,ALL,cross_user,2,F0|F1_X1H|F2b_CSP|F3_Ring|F4_Spectral|F5_Temporal|F6_IMU|F9_Quality,,,,0.36312126907454184,0.3888888888888889,1.56919756850814,0.1241960514760871,0.12903309885237993,mean per-user aggregation,without_F4_Spectral,,,F4_Spectral
feature_bank_full_fusion_validation_20260915,validation,epn612,ALL,cross_user,2,F0|F1_X1H|F2b_CSP|F3_Ring|F4_Spectral|F5_Temporal|F6_IMU|F9_Quality,,,,0.3823023766764337,0.40821256038647347,1.5484567427839935,0.12280067229353286,0.14510633795098574,mean per-user aggregation,without_F5_Temporal,,,F5_Temporal
feature_bank_full_fusion_validation_20260915,validation,epn612,ALL,cross_user,2,F0|F1_X1H|F2b_CSP|F3_Ring|F4_Spectral|F5_Temporal|F6_IMU|F9_Quality,,,,0.3833961144949187,0.40821256038647347,1.5363701319170018,0.12176849589788825,0.14286859512286318,mean per-user aggregation,without_F6_IMU,,,F6_IMU
feature_bank_full_fusion_validation_20260915,validation,epn612,ALL,cross_user,2,F0|F1_X1H|F2b_CSP|F3_Ring|F4_Spectral|F5_Temporal|F6_IMU|F9_Quality,,,,0.3966341818094044,0.4202898550724638,1.5659812980435455,0.1238914350790204,0.13769459489983907,mean per-user aggregation,without_F9_Quality,,,F9_Quality
feature_bank_full_fusion_validation_20260915,validation,epn612,ALL,cross_user,5,F0|F1_X1H|F2b_CSP|F3_Ring|F4_Spectral|F5_Temporal|F6_IMU|F9_Quality,,,,0.3196768567867772,0.37222222222222223,1.579333407963892,0.12540398267092714,0.15561768150886887,mean per-user aggregation,full,,,NONE
feature_bank_full_fusion_validation_20260915,validation,epn612,ALL,cross_user,5,F0|F1_X1H|F2b_CSP|F3_Ring|F4_Spectral|F5_Temporal|F6_IMU|F9_Quality,,,,0.38138241662278277,0.4055555555555556,1.4993261304960133,0.1179276835295575,0.13958386559882938,mean per-user aggregation,without_F7_anchor,,,F7_anchor
feature_bank_full_fusion_validation_20260915,validation,epn612,ALL,cross_user,5,F0|F1_X1H|F2b_CSP|F3_Ring|F4_Spectral|F5_Temporal|F6_IMU|F9_Quality,,,,0.3940797662061713,0.4138888888888889,1.486756324070542,0.11697841902034001,0.12897783184321307,mean per-user aggregation,uniform_population,,,uniform_population
feature_bank_full_fusion_validation_20260915,validation,epn612,ALL,cross_user,5,F0|F1_X1H|F2b_CSP|F3_Ring|F4_Spectral|F5_Temporal|F6_IMU|F9_Quality,,,,0.3198006297347658,0.36944444444444446,1.5846817049628132,0.12571723595167517,0.13753908343104068,mean per-user aggregation,without_F0,,,F0
feature_bank_full_fusion_validation_20260915,validation,epn612,ALL,cross_user,5,F0|F1_X1H|F2b_CSP|F3_Ring|F4_Spectral|F5_Temporal|F6_IMU|F9_Quality,,,,0.31762663692458104,0.3666666666666667,1.5789654160853746,0.1252762115684201,0.1435362499625998,mean per-user aggregation,without_F1_X1H,,,F1_X1H
feature_bank_full_fusion_validation_20260915,validation,epn612,ALL,cross_user,5,F0|F1_X1H|F2b_CSP|F3_Ring|F4_Spectral|F5_Temporal|F6_IMU|F9_Quality,,,,0.30597490759255463,0.35833333333333334,1.5872114584110666,0.12582536704745442,0.16888031278716067,mean per-user aggregation,without_F2b_CSP,,,F2b_CSP
feature_bank_full_fusion_validation_20260915,validation,epn612,ALL,cross_user,5,F0|F1_X1H|F2b_CSP|F3_Ring|F4_Spectral|F5_Temporal|F6_IMU|F9_Quality,,,,0.3091726861126601,0.36111111111111116,1.5746509798206867,0.12512376976864162,0.1543350051923742,mean per-user aggregation,without_F3_Ring,,,F3_Ring
feature_bank_full_fusion_validation_20260915,validation,epn612,ALL,cross_user,5,F0|F1_X1H|F2b_CSP|F3_Ring|F4_Spectral|F5_Temporal|F6_IMU|F9_Quality,,,,0.32823492796951187,0.37777777777777777,1.591677131952041,0.12634497508293205,0.13171479441071257,mean per-user aggregation,without_F4_Spectral,,,F4_Spectral
feature_bank_full_fusion_validation_20260915,validation,epn612,ALL,cross_user,5,F0|F1_X1H|F2b_CSP|F3_Ring|F4_Spectral|F5_Temporal|F6_IMU|F9_Quality,,,,0.3236804939578259,0.375,1.5745201431834095,0.1252319475020357,0.1491700138599009,mean per-user aggregation,without_F5_Temporal,,,F5_Temporal
feature_bank_full_fusion_validation_20260915,validation,epn612,ALL,cross_user,5,F0|F1_X1H|F2b_CSP|F3_Ring|F4_Spectral|F5_Temporal|F6_IMU|F9_Quality,,,,0.30778908250348996,0.36111111111111116,1.5673812701437713,0.1244880870583831,0.14530642679888944,mean per-user aggregation,without_F6_IMU,,,F6_IMU
feature_bank_full_fusion_validation_20260915,validation,epn612,ALL,cross_user,5,F0|F1_X1H|F2b_CSP|F3_Ring|F4_Spectral|F5_Temporal|F6_IMU|F9_Quality,,,,0.3263609356844515,0.37222222222222223,1.585196041171983,0.12588246270863498,0.14155691964645084,mean per-user aggregation,without_F9_Quality,,,F9_Quality
feature_bank_full_fusion_final_20260915,final,epn612,19,cross_user,0,F0|F1_X1H|F2b_CSP|F3_Ring|F4_Spectral|F5_Temporal|F6_IMU|F9_Quality,,,,0.43919421938784,0.44666666666666666,1.581983421146969,0.12287849451490582,0.13619657297618973,"{""noGesture"":0.45454545454545453,""fist"":0.3870967741935484,""waveIn"":0.5531914893617021,""waveOut"":0.41025641025641024,""open"":0.5142857142857142,""pinch"":0.3157894736842105}",full,,,NONE
feature_bank_full_fusion_final_20260915,final,epn612,19,cross_user,0,F0|F1_X1H|F2b_CSP|F3_Ring|F4_Spectral|F5_Temporal|F6_IMU|F9_Quality,,,,0.43919421938784,0.44666666666666666,1.581983421146969,0.12287849451490582,0.13619657297618973,"{""noGesture"":0.45454545454545453,""fist"":0.3870967741935484,""waveIn"":0.5531914893617021,""waveOut"":0.41025641025641024,""open"":0.5142857142857142,""pinch"":0.3157894736842105}",without_F7_anchor,,,F7_anchor
feature_bank_full_fusion_final_20260915,final,epn612,19,cross_user,0,F0|F1_X1H|F2b_CSP|F3_Ring|F4_Spectral|F5_Temporal|F6_IMU|F9_Quality,,,,0.43919421938784,0.44666666666666666,1.581983421146969,0.12287849451490582,0.13619657297618973,"{""noGesture"":0.45454545454545453,""fist"":0.3870967741935484,""waveIn"":0.5531914893617021,""waveOut"":0.41025641025641024,""open"":0.5142857142857142,""pinch"":0.3157894736842105}",uniform_population,,,uniform_population
feature_bank_full_fusion_final_20260915,final,epn612,19,cross_user,0,F0|F1_X1H|F2b_CSP|F3_Ring|F4_Spectral|F5_Temporal|F6_IMU|F9_Quality,,,,0.41602951216328826,0.4266666666666667,1.6055264839986327,0.12477082967171772,0.1310221651662622,"{""noGesture"":0.44642857142857145,""fist"":0.3870967741935484,""waveIn"":0.5333333333333333,""waveOut"":0.38095238095238093,""open"":0.47058823529411764,""pinch"":0.2777777777777778}",without_F0,,,F0
feature_bank_full_fusion_final_20260915,final,epn612,19,cross_user,0,F0|F1_X1H|F2b_CSP|F3_Ring|F4_Spectral|F5_Temporal|F6_IMU|F9_Quality,,,,0.4263110525088247,0.43333333333333335,1.5593308231261016,0.12141408424294503,0.14295256480479385,"{""noGesture"":0.45045045045045046,""fist"":0.3870967741935484,""waveIn"":0.5,""waveOut"":0.3902439024390244,""open"":0.5142857142857142,""pinch"":0.3157894736842105}",without_F1_X1H,,,F1_X1H
feature_bank_full_fusion_final_20260915,final,epn612,19,cross_user,0,F0|F1_X1H|F2b_CSP|F3_Ring|F4_Spectral|F5_Temporal|F6_IMU|F9_Quality,,,,0.44940520328303446,0.4533333333333333,1.5628762331566588,0.12168139741981965,0.17290722700914254,"{""noGesture"":0.45045045045045046,""fist"":0.3870967741935484,""waveIn"":0.5531914893617021,""waveOut"":0.43243243243243246,""open"":0.5142857142857142,""pinch"":0.358974358974359}",without_F2b_CSP,,,F2b_CSP
feature_bank_full_fusion_final_20260915,final,epn612,19,cross_user,0,F0|F1_X1H|F2b_CSP|F3_Ring|F4_Spectral|F5_Temporal|F6_IMU|F9_Quality,,,,0.4066493441012529,0.42,1.5730126752602167,0.12170193839552515,0.1683457163013912,"{""noGesture"":0.45871559633027525,""fist"":0.3870967741935484,""waveIn"":0.4888888888888889,""waveOut"":0.38095238095238093,""open"":0.42424242424242425,""pinch"":0.3}",without_F3_Ring,,,F3_Ring
feature_bank_full_fusion_final_20260915,final,epn612,19,cross_user,0,F0|F1_X1H|F2b_CSP|F3_Ring|F4_Spectral|F5_Temporal|F6_IMU|F9_Quality,,,,0.42218078423381744,0.43333333333333335,1.583311544891189,0.12325125695636935,0.13953759532217466,"{""noGesture"":0.45871559633027525,""fist"":0.3333333333333333,""waveIn"":0.46808510638297873,""waveOut"":0.3902439024390244,""open"":0.5142857142857142,""pinch"":0.3684210526315789}",without_F4_Spectral,,,F4_Spectral
feature_bank_full_fusion_final_20260915,final,epn612,19,cross_user,0,F0|F1_X1H|F2b_CSP|F3_Ring|F4_Spectral|F5_Temporal|F6_IMU|F9_Quality,,,,0.4235989582635496,0.43333333333333335,1.5954650379121436,0.12391057801813664,0.11854639842889424,"{""noGesture"":0.45045045045045046,""fist"":0.3870967741935484,""waveIn"":0.5217391304347826,""waveOut"":0.3902439024390244,""open"":0.5142857142857142,""pinch"":0.2777777777777778}",without_F5_Temporal,,,F5_Temporal
feature_bank_full_fusion_final_20260915,final,epn612,19,cross_user,0,F0|F1_X1H|F2b_CSP|F3_Ring|F4_Spectral|F5_Temporal|F6_IMU|F9_Quality,,,,0.43122010008405515,0.44,1.5977082122372888,0.12352385799676123,0.16656539219112798,"{""noGesture"":0.45045045045045046,""fist"":0.3870967741935484,""waveIn"":0.5652173913043478,""waveOut"":0.4,""open"":0.5142857142857142,""pinch"":0.2702702702702703}",without_F6_IMU,,,F6_IMU
feature_bank_full_fusion_final_20260915,final,epn612,19,cross_user,0,F0|F1_X1H|F2b_CSP|F3_Ring|F4_Spectral|F5_Temporal|F6_IMU|F9_Quality,,,,0.42267229497117875,0.43333333333333335,1.598213012874088,0.12443717330441333,0.1040790515643251,"{""noGesture"":0.45045045045045046,""fist"":0.3870967741935484,""waveIn"":0.5531914893617021,""waveOut"":0.42105263157894735,""open"":0.42424242424242425,""pinch"":0.3}",without_F9_Quality,,,F9_Quality
feature_bank_full_fusion_final_20260915,final,epn612,19,cross_user,1,F0|F1_X1H|F2b_CSP|F3_Ring|F4_Spectral|F5_Temporal|F6_IMU|F9_Quality,,,,0.3396777270064151,0.3819444444444444,1.5913575645165825,0.12434053590187359,0.14065269559839857,"{""noGesture"":0.45714285714285713,""fist"":0.3448275862068966,""waveIn"":0.41509433962264153,""waveOut"":0.4090909090909091,""open"":0.15384615384615385,""pinch"":0.25806451612903225}",full,,,NONE
feature_bank_full_fusion_final_20260915,final,epn612,19,cross_user,1,F0|F1_X1H|F2b_CSP|F3_Ring|F4_Spectral|F5_Temporal|F6_IMU|F9_Quality,,,,0.4215695519433837,0.4305555555555556,1.568945825693036,0.12181950466306625,0.1729480608310426,"{""noGesture"":0.4485981308411215,""fist"":0.4,""waveIn"":0.5,""waveOut"":0.41025641025641024,""open"":0.48484848484848486,""pinch"":0.2857142857142857}",without_F7_anchor,,,F7_anchor
feature_bank_full_fusion_final_20260915,final,epn612,19,cross_user,1,F0|F1_X1H|F2b_CSP|F3_Ring|F4_Spectral|F5_Temporal|F6_IMU|F9_Quality,,,,0.44494341924682485,0.4513888888888889,1.5701837629621112,0.12189259122163423,0.13654843918935322,"{""noGesture"":0.46153846153846156,""fist"":0.4,""waveIn"":0.5333333333333333,""waveOut"":0.42105263157894735,""open"":0.5294117647058824,""pinch"":0.32432432432432434}",uniform_population,,,uniform_population
feature_bank_full_fusion_final_20260915,final,epn612,19,cross_user,1,F0|F1_X1H|F2b_CSP|F3_Ring|F4_Spectral|F5_Temporal|F6_IMU|F9_Quality,,,,0.3434793251742491,0.3819444444444444,1.599822074146549,0.12497492698886598,0.15406131426210917,"{""noGesture"":0.4528301886792453,""fist"":0.3448275862068966,""waveIn"":0.44,""waveOut"":0.38095238095238093,""open"":0.14814814814814814,""pinch"":0.29411764705882354}",without_F0,,,F0
feature_bank_full_fusion_final_20260915,final,epn612,19,cross_user,1,F0|F1_X1H|F2b_CSP|F3_Ring|F4_Spectral|F5_Temporal|F6_IMU|F9_Quality,,,,0.3399821953158564,0.3819444444444444,1.5846315265991877,0.12397418831923288,0.15026828611802226,"{""noGesture"":0.45714285714285713,""fist"":0.3448275862068966,""waveIn"":0.4074074074074074,""waveOut"":0.4186046511627907,""open"":0.15384615384615385,""pinch"":0.25806451612903225}",without_F1_X1H,,,F1_X1H
feature_bank_full_fusion_final_20260915,final,epn612,19,cross_user,1,F0|F1_X1H|F2b_CSP|F3_Ring|F4_Spectral|F5_Temporal|F6_IMU|F9_Quality,,,,0.35433382654640405,0.3888888888888889,1.5796288370574707,0.12360332120482884,0.15628089235943593,"{""noGesture"":0.4528301886792453,""fist"":0.3448275862068966,""waveIn"":0.44,""waveOut"":0.43902439024390244,""open"":0.20689655172413793,""pinch"":0.24242424242424243}",without_F2b_CSP,,,F2b_CSP
feature_bank_full_fusion_final_20260915,final,epn612,19,cross_user,1,F0|F1_X1H|F2b_CSP|F3_Ring|F4_Spectral|F5_Temporal|F6_IMU|F9_Quality,,,,0.3195263061002772,0.3680555555555556,1.5875422213536494,0.12381812483565545,0.15230162587483223,"{""noGesture"":0.46153846153846156,""fist"":0.3448275862068966,""waveIn"":0.36363636363636365,""waveOut"":0.4090909090909091,""open"":0.08,""pinch"":0.25806451612903225}",without_F3_Ring,,,F3_Ring
feature_bank_full_fusion_final_20260915,final,epn612,19,cross_user,1,F0|F1_X1H|F2b_CSP|F3_Ring|F4_Spectral|F5_Temporal|F6_IMU|F9_Quality,,,,0.3132611534910385,0.3611111111111111,1.6016842171384473,0.12502394367177155,0.1563243475289083,"{""noGesture"":0.45714285714285713,""fist"":0.3448275862068966,""waveIn"":0.37037037037037035,""waveOut"":0.36363636363636365,""open"":0.07692307692307693,""pinch"":0.26666666666666666}",without_F4_Spectral,,,F4_Spectral
feature_bank_full_fusion_final_20260915,final,epn612,19,cross_user,1,F0|F1_X1H|F2b_CSP|F3_Ring|F4_Spectral|F5_Temporal|F6_IMU|F9_Quality,,,,0.31225826388934835,0.3611111111111111,1.6021362176796787,0.1252118784715248,0.08092850956206879,"{""noGesture"":0.4528301886792453,""fist"":0.3448275862068966,""waveIn"":0.36363636363636365,""waveOut"":0.4186046511627907,""open"":0.2222222222222222,""pinch"":0.07142857142857142}",without_F5_Temporal,,,F5_Temporal
feature_bank_full_fusion_final_20260915,final,epn612,19,cross_user,1,F0|F1_X1H|F2b_CSP|F3_Ring|F4_Spectral|F5_Temporal|F6_IMU|F9_Quality,,,,0.356050839778284,0.3888888888888889,1.5914613860644578,0.12450169813427395,0.16872475054814431,"{""noGesture"":0.4528301886792453,""fist"":0.3448275862068966,""waveIn"":0.44,""waveOut"":0.3902439024390244,""open"":0.21428571428571427,""pinch"":0.29411764705882354}",without_F6_IMU,,,F6_IMU
feature_bank_full_fusion_final_20260915,final,epn612,19,cross_user,1,F0|F1_X1H|F2b_CSP|F3_Ring|F4_Spectral|F5_Temporal|F6_IMU|F9_Quality,,,,0.34499248635092017,0.3819444444444444,1.5987633270766821,0.12492143918116162,0.15168334213824997,"{""noGesture"":0.4485981308411215,""fist"":0.3448275862068966,""waveIn"":0.41509433962264153,""waveOut"":0.41025641025641024,""open"":0.14814814814814814,""pinch"":0.30303030303030304}",without_F9_Quality,,,F9_Quality
feature_bank_full_fusion_final_20260915,final,epn612,19,cross_user,2,F0|F1_X1H|F2b_CSP|F3_Ring|F4_Spectral|F5_Temporal|F6_IMU|F9_Quality,,,,0.30863818569700924,0.36231884057971014,1.6457012551933046,0.1286393936656186,0.05947746540679895,"{""noGesture"":0.46,""fist"":0.16,""waveIn"":0.5641025641025641,""waveOut"":0.43243243243243246,""open"":0.0,""pinch"":0.23529411764705882}",full,,,NONE
feature_bank_full_fusion_final_20260915,final,epn612,19,cross_user,2,F0|F1_X1H|F2b_CSP|F3_Ring|F4_Spectral|F5_Temporal|F6_IMU|F9_Quality,,,,0.4500300610966208,0.45652173913043476,1.562873109069622,0.12133696147944795,0.16252683225069361,"{""noGesture"":0.46464646464646464,""fist"":0.41379310344827586,""waveIn"":0.5581395348837209,""waveOut"":0.43243243243243246,""open"":0.5454545454545454,""pinch"":0.2857142857142857}",without_F7_anchor,,,F7_anchor
feature_bank_full_fusion_final_20260915,final,epn612,19,cross_user,2,F0|F1_X1H|F2b_CSP|F3_Ring|F4_Spectral|F5_Temporal|F6_IMU|F9_Quality,,,,0.4499178981937602,0.45652173913043476,1.562826347009403,0.12132178137033083,0.15450461681013752,"{""noGesture"":0.46464646464646464,""fist"":0.41379310344827586,""waveIn"":0.5454545454545454,""waveOut"":0.4444444444444444,""open"":0.5454545454545454,""pinch"":0.2857142857142857}",uniform_population,,,uniform_population
feature_bank_full_fusion_final_20260915,final,epn612,19,cross_user,2,F0|F1_X1H|F2b_CSP|F3_Ring|F4_Spectral|F5_Temporal|F6_IMU|F9_Quality,,,,0.2614676447401825,0.3333333333333333,1.6567940172508138,0.1294402819467149,0.06315947441471868,"{""noGesture"":0.45544554455445546,""fist"":0.0,""waveIn"":0.46153846153846156,""waveOut"":0.42105263157894735,""open"":0.0,""pinch"":0.23076923076923078}",without_F0,,,F0
feature_bank_full_fusion_final_20260915,final,epn612,19,cross_user,2,F0|F1_X1H|F2b_CSP|F3_Ring|F4_Spectral|F5_Temporal|F6_IMU|F9_Quality,,,,0.30205547238683367,0.35507246376811596,1.645696336459591,0.12852965437925562,0.060252990741398366,"{""noGesture"":0.45544554455445546,""fist"":0.16,""waveIn"":0.5405405405405406,""waveOut"":0.42105263157894735,""open"":0.0,""pinch"":0.23529411764705882}",without_F1_X1H,,,F1_X1H
feature_bank_full_fusion_final_20260915,final,epn612,19,cross_user,2,F0|F1_X1H|F2b_CSP|F3_Ring|F4_Spectral|F5_Temporal|F6_IMU|F9_Quality,,,,0.34452928262638177,0.38405797101449274,1.6323593390332798,0.12783047142739418,0.058858317618038836,"{""noGesture"":0.45544554455445546,""fist"":0.2962962962962963,""waveIn"":0.5789473684210527,""waveOut"":0.4864864864864865,""open"":0.0,""pinch"":0.25}",without_F2b_CSP,,,F2b_CSP
feature_bank_full_fusion_final_20260915,final,epn612,19,cross_user,2,F0|F1_X1H|F2b_CSP|F3_Ring|F4_Spectral|F5_Temporal|F6_IMU|F9_Quality,,,,0.29218466718466723,0.35507246376811596,1.6477650134245898,0.12857905181370527,0.06323569430046488,"{""noGesture"":0.46464646464646464,""fist"":0.08333333333333333,""waveIn"":0.5641025641025641,""waveOut"":0.41025641025641024,""open"":0.0,""pinch"":0.23076923076923078}",without_F3_Ring,,,F3_Ring
feature_bank_full_fusion_final_20260915,final,epn612,19,cross_user,2,F0|F1_X1H|F2b_CSP|F3_Ring|F4_Spectral|F5_Temporal|F6_IMU|F9_Quality,,,,0.3023838922353774,0.35507246376811596,1.6471608325367495,0.1287654847211401,0.093330608201097,"{""noGesture"":0.45544554455445546,""fist"":0.15384615384615385,""waveIn"":0.55,""waveOut"":0.42424242424242425,""open"":0.0,""pinch"":0.23076923076923078}",without_F4_Spectral,,,F4_Spectral
feature_bank_full_fusion_final_20260915,final,epn612,19,cross_user,2,F0|F1_X1H|F2b_CSP|F3_Ring|F4_Spectral|F5_Temporal|F6_IMU|F9_Quality,,,,0.28195328195328195,0.34782608695652173,1.6477195506537412,0.12890650049960492,0.04709754104215094,"{""noGesture"":0.46464646464646464,""fist"":0.0,""waveIn"":0.5945945945945946,""waveOut"":0.41025641025641024,""open"":0.0,""pinch"":0.2222222222222222}",without_F5_Temporal,,,F5_Temporal
feature_bank_full_fusion_final_20260915,final,epn612,19,cross_user,2,F0|F1_X1H|F2b_CSP|F3_Ring|F4_Spectral|F5_Temporal|F6_IMU|F9_Quality,,,,0.33219579942823696,0.37681159420289856,1.6528602562341363,0.12914031988516203,0.09798028762361137,"{""noGesture"":0.45544554455445546,""fist"":0.2962962962962963,""waveIn"":0.5641025641025641,""waveOut"":0.43243243243243246,""open"":0.0,""pinch"":0.24489795918367346}",without_F6_IMU,,,F6_IMU
feature_bank_full_fusion_final_20260915,final,epn612,19,cross_user,2,F0|F1_X1H|F2b_CSP|F3_Ring|F4_Spectral|F5_Temporal|F6_IMU|F9_Quality,,,,0.2975409613286167,0.35507246376811596,1.6458205205927443,0.1286671935270261,0.07297014462157297,"{""noGesture"":0.45544554455445546,""fist"":0.15384615384615385,""waveIn"":0.47619047619047616,""waveOut"":0.4444444444444444,""open"":0.0,""pinch"":0.2553191489361702}",without_F9_Quality,,,F9_Quality
feature_bank_full_fusion_final_20260915,final,epn612,19,cross_user,5,F0|F1_X1H|F2b_CSP|F3_Ring|F4_Spectral|F5_Temporal|F6_IMU|F9_Quality,,,,0.35857683982683985,0.39166666666666666,1.6124318723858957,0.12705919829427376,0.1316153747834239,"{""noGesture"":0.45454545454545453,""fist"":0.2,""waveIn"":0.5454545454545454,""waveOut"":0.45714285714285713,""open"":0.18181818181818182,""pinch"":0.3125}",full,,,NONE
feature_bank_full_fusion_final_20260915,final,epn612,19,cross_user,5,F0|F1_X1H|F2b_CSP|F3_Ring|F4_Spectral|F5_Temporal|F6_IMU|F9_Quality,,,,0.4311716586466308,0.44166666666666665,1.5546560451288174,0.12051185239599178,0.18496743775139757,"{""noGesture"":0.45977011494252873,""fist"":0.3333333333333333,""waveIn"":0.5128205128205128,""waveOut"":0.45161290322580644,""open"":0.5714285714285714,""pinch"":0.25806451612903225}",without_F7_anchor,,,F7_anchor
feature_bank_full_fusion_final_20260915,final,epn612,19,cross_user,5,F0|F1_X1H|F2b_CSP|F3_Ring|F4_Spectral|F5_Temporal|F6_IMU|F9_Quality,,,,0.4382592671977517,0.45,1.5684815015560782,0.1215573982640993,0.150894906999257,"{""noGesture"":0.46511627906976744,""fist"":0.3333333333333333,""waveIn"":0.55,""waveOut"":0.45161290322580644,""open"":0.5714285714285714,""pinch"":0.25806451612903225}",uniform_population,,,uniform_population
feature_bank_full_fusion_final_20260915,final,epn612,19,cross_user,5,F0|F1_X1H|F2b_CSP|F3_Ring|F4_Spectral|F5_Temporal|F6_IMU|F9_Quality,,,,0.3635791051083405,0.39166666666666666,1.6188303565063393,0.12746349717101385,0.11079269906887886,"{""noGesture"":0.4444444444444444,""fist"":0.20689655172413793,""waveIn"":0.5454545454545454,""waveOut"":0.45714285714285713,""open"":0.2608695652173913,""pinch"":0.26666666666666666}",without_F0,,,F0
feature_bank_full_fusion_final_20260915,final,epn612,19,cross_user,5,F0|F1_X1H|F2b_CSP|F3_Ring|F4_Spectral|F5_Temporal|F6_IMU|F9_Quality,,,,0.387093778237561,0.4083333333333333,1.6099642392285873,0.12679632588826836,0.11642248872701064,"{""noGesture"":0.449438202247191,""fist"":0.26666666666666666,""waveIn"":0.5625,""waveOut"":0.47058823529411764,""open"":0.2608695652173913,""pinch"":0.3125}",without_F1_X1H,,,F1_X1H
feature_bank_full_fusion_final_20260915,final,epn612,19,cross_user,5,F0|F1_X1H|F2b_CSP|F3_Ring|F4_Spectral|F5_Temporal|F6_IMU|F9_Quality,,,,0.38549097591727005,0.4083333333333333,1.6044525799063598,0.12642386889148594,0.12625965175959314,"{""noGesture"":0.4444444444444444,""fist"":0.20689655172413793,""waveIn"":0.5882352941176471,""waveOut"":0.5,""open"":0.2608695652173913,""pinch"":0.3125}",without_F2b_CSP,,,F2b_CSP
feature_bank_full_fusion_final_20260915,final,epn612,19,cross_user,5,F0|F1_X1H|F2b_CSP|F3_Ring|F4_Spectral|F5_Temporal|F6_IMU|F9_Quality,,,,0.3581405452373194,0.39166666666666666,1.60916364290551,0.1266142790066405,0.11743456337526532,"{""noGesture"":0.45454545454545453,""fist"":0.2,""waveIn"":0.5454545454545454,""waveOut"":0.4444444444444444,""open"":0.18181818181818182,""pinch"":0.3225806451612903}",without_F3_Ring,,,F3_Ring
feature_bank_full_fusion_final_20260915,final,epn612,19,cross_user,5,F0|F1_X1H|F2b_CSP|F3_Ring|F4_Spectral|F5_Temporal|F6_IMU|F9_Quality,,,,0.3389610048458933,0.38333333333333336,1.6132945424102032,0.1275746078989667,0.08879788020915383,"{""noGesture"":0.45454545454545453,""fist"":0.2702702702702703,""waveIn"":0.5625,""waveOut"":0.47058823529411764,""open"":0.0,""pinch"":0.27586206896551724}",without_F4_Spectral,,,F4_Spectral
feature_bank_full_fusion_final_20260915,final,epn612,19,cross_user,5,F0|F1_X1H|F2b_CSP|F3_Ring|F4_Spectral|F5_Temporal|F6_IMU|F9_Quality,,,,0.34595818973630066,0.38333333333333336,1.6137358780718847,0.12726034979350861,0.13460950602909286,"{""noGesture"":0.45454545454545453,""fist"":0.2,""waveIn"":0.5142857142857142,""waveOut"":0.45714285714285713,""open"":0.17391304347826086,""pinch"":0.27586206896551724}",without_F5_Temporal,,,F5_Temporal
feature_bank_full_fusion_final_20260915,final,epn612,19,cross_user,5,F0|F1_X1H|F2b_CSP|F3_Ring|F4_Spectral|F5_Temporal|F6_IMU|F9_Quality,,,,0.3625448058862921,0.39166666666666666,1.620633087686849,0.12748802572277707,0.14181616463961735,"{""noGesture"":0.449438202247191,""fist"":0.20689655172413793,""waveIn"":0.5294117647058824,""waveOut"":0.47058823529411764,""open"":0.2608695652173913,""pinch"":0.25806451612903225}",without_F6_IMU,,,F6_IMU
feature_bank_full_fusion_final_20260915,final,epn612,19,cross_user,5,F0|F1_X1H|F2b_CSP|F3_Ring|F4_Spectral|F5_Temporal|F6_IMU|F9_Quality,,,,0.387644146820441,0.4083333333333333,1.6168440594949616,0.12731832002871282,0.13433127447576262,"{""noGesture"":0.43956043956043955,""fist"":0.20689655172413793,""waveIn"":0.5882352941176471,""waveOut"":0.4666666666666667,""open"":0.2608695652173913,""pinch"":0.36363636363636365}",without_F9_Quality,,,F9_Quality
feature_bank_full_fusion_final_20260915,final,epn612,20,cross_user,0,F0|F1_X1H|F2b_CSP|F3_Ring|F4_Spectral|F5_Temporal|F6_IMU|F9_Quality,,,,0.495329468733724,0.5,1.3715144590679733,0.10937806787627129,0.16357157663501765,"{""noGesture"":0.6666666666666666,""fist"":0.5454545454545454,""waveIn"":0.43243243243243246,""waveOut"":0.4444444444444444,""open"":0.3829787234042553,""pinch"":0.5}",full,,,NONE
feature_bank_full_fusion_final_20260915,final,epn612,20,cross_user,0,F0|F1_X1H|F2b_CSP|F3_Ring|F4_Spectral|F5_Temporal|F6_IMU|F9_Quality,,,,0.495329468733724,0.5,1.3715144590679733,0.10937806787627129,0.16357157663501765,"{""noGesture"":0.6666666666666666,""fist"":0.5454545454545454,""waveIn"":0.43243243243243246,""waveOut"":0.4444444444444444,""open"":0.3829787234042553,""pinch"":0.5}",without_F7_anchor,,,F7_anchor
feature_bank_full_fusion_final_20260915,final,epn612,20,cross_user,0,F0|F1_X1H|F2b_CSP|F3_Ring|F4_Spectral|F5_Temporal|F6_IMU|F9_Quality,,,,0.495329468733724,0.5,1.3715144590679733,0.10937806787627129,0.16357157663501765,"{""noGesture"":0.6666666666666666,""fist"":0.5454545454545454,""waveIn"":0.43243243243243246,""waveOut"":0.4444444444444444,""open"":0.3829787234042553,""pinch"":0.5}",uniform_population,,,uniform_population
feature_bank_full_fusion_final_20260915,final,epn612,20,cross_user,0,F0|F1_X1H|F2b_CSP|F3_Ring|F4_Spectral|F5_Temporal|F6_IMU|F9_Quality,,,,0.5184720598550386,0.52,1.386979247857078,0.1109744382984618,0.1949101262210752,"{""noGesture"":0.64,""fist"":0.5263157894736842,""waveIn"":0.47368421052631576,""waveOut"":0.5384615384615384,""open"":0.46808510638297873,""pinch"":0.4642857142857143}",without_F0,,,F0
feature_bank_full_fusion_final_20260915,final,epn612,20,cross_user,0,F0|F1_X1H|F2b_CSP|F3_Ring|F4_Spectral|F5_Temporal|F6_IMU|F9_Quality,,,,0.4843699526137719,0.4866666666666667,1.3487138321422154,0.10752330217140009,0.15325311739318173,"{""noGesture"":0.6274509803921569,""fist"":0.5185185185185185,""waveIn"":0.46153846153846156,""waveOut"":0.4074074074074074,""open"":0.391304347826087,""pinch"":0.5}",without_F1_X1H,,,F1_X1H
feature_bank_full_fusion_final_20260915,final,epn612,20,cross_user,0,F0|F1_X1H|F2b_CSP|F3_Ring|F4_Spectral|F5_Temporal|F6_IMU|F9_Quality,,,,0.5119757093574443,0.52,1.350421643728535,0.10748007316352973,0.1719735397834218,"{""noGesture"":0.7169811320754716,""fist"":0.5172413793103449,""waveIn"":0.4375,""waveOut"":0.4642857142857143,""open"":0.4186046511627907,""pinch"":0.5172413793103449}",without_F2b_CSP,,,F2b_CSP
feature_bank_full_fusion_final_20260915,final,epn612,20,cross_user,0,F0|F1_X1H|F2b_CSP|F3_Ring|F4_Spectral|F5_Temporal|F6_IMU|F9_Quality,,,,0.4963567652397251,0.5,1.3691861719491836,0.10911590409592084,0.21606432530415398,"{""noGesture"":0.7169811320754716,""fist"":0.5172413793103449,""waveIn"":0.47058823529411764,""waveOut"":0.46153846153846156,""open"":0.3673469387755102,""pinch"":0.4444444444444444}",without_F3_Ring,,,F3_Ring
feature_bank_full_fusion_final_20260915,final,epn612,20,cross_user,0,F0|F1_X1H|F2b_CSP|F3_Ring|F4_Spectral|F5_Temporal|F6_IMU|F9_Quality,,,,0.48285031859402566,0.48,1.379605397322766,0.11008813253520709,0.1551745391741669,"{""noGesture"":0.64,""fist"":0.5555555555555556,""waveIn"":0.47368421052631576,""waveOut"":0.38596491228070173,""open"":0.36363636363636365,""pinch"":0.4782608695652174}",without_F4_Spectral,,,F4_Spectral
feature_bank_full_fusion_final_20260915,final,epn612,20,cross_user,0,F0|F1_X1H|F2b_CSP|F3_Ring|F4_Spectral|F5_Temporal|F6_IMU|F9_Quality,,,,0.4837952258345541,0.4866666666666667,1.3732073563053477,0.10952953176823238,0.15997073309696708,"{""noGesture"":0.6,""fist"":0.5384615384615384,""waveIn"":0.42105263157894735,""waveOut"":0.4,""open"":0.43478260869565216,""pinch"":0.5084745762711864}",without_F5_Temporal,,,F5_Temporal
feature_bank_full_fusion_final_20260915,final,epn612,20,cross_user,0,F0|F1_X1H|F2b_CSP|F3_Ring|F4_Spectral|F5_Temporal|F6_IMU|F9_Quality,,,,0.4843602886458558,0.4866666666666667,1.3875792054563583,0.10993463104306173,0.17795307095926455,"{""noGesture"":0.5957446808510638,""fist"":0.5925925925925926,""waveIn"":0.42105263157894735,""waveOut"":0.41379310344827586,""open"":0.3829787234042553,""pinch"":0.5}",without_F6_IMU,,,F6_IMU
feature_bank_full_fusion_final_20260915,final,epn612,20,cross_user,0,F0|F1_X1H|F2b_CSP|F3_Ring|F4_Spectral|F5_Temporal|F6_IMU|F9_Quality,,,,0.49802351647114973,0.5,1.403496464438291,0.11222259561924619,0.17862321636327672,"{""noGesture"":0.6530612244897959,""fist"":0.5925925925925926,""waveIn"":0.46153846153846156,""waveOut"":0.4745762711864407,""open"":0.375,""pinch"":0.43137254901960786}",without_F9_Quality,,,F9_Quality
feature_bank_full_fusion_final_20260915,final,epn612,20,cross_user,1,F0|F1_X1H|F2b_CSP|F3_Ring|F4_Spectral|F5_Temporal|F6_IMU|F9_Quality,,,,0.4951466607758041,0.5,1.4210855156410194,0.11329074704841263,0.2135455029478748,"{""noGesture"":0.5957446808510638,""fist"":0.576271186440678,""waveIn"":0.47058823529411764,""waveOut"":0.4482758620689655,""open"":0.48,""pinch"":0.4}",full,,,NONE
feature_bank_full_fusion_final_20260915,final,epn612,20,cross_user,1,F0|F1_X1H|F2b_CSP|F3_Ring|F4_Spectral|F5_Temporal|F6_IMU|F9_Quality,,,,0.48722847779634376,0.4930555555555556,1.356118177345953,0.1079458242232964,0.1459898086814134,"{""noGesture"":0.625,""fist"":0.5454545454545454,""waveIn"":0.4,""waveOut"":0.4528301886792453,""open"":0.4186046511627907,""pinch"":0.48148148148148145}",without_F7_anchor,,,F7_anchor
feature_bank_full_fusion_final_20260915,final,epn612,20,cross_user,1,F0|F1_X1H|F2b_CSP|F3_Ring|F4_Spectral|F5_Temporal|F6_IMU|F9_Quality,,,,0.5023761054758359,0.5069444444444444,1.364427956079397,0.10874867796573777,0.17027819497723584,"{""noGesture"":0.6530612244897959,""fist"":0.5555555555555556,""waveIn"":0.4444444444444444,""waveOut"":0.46153846153846156,""open"":0.4090909090909091,""pinch"":0.49056603773584906}",uniform_population,,,uniform_population
feature_bank_full_fusion_final_20260915,final,epn612,20,cross_user,1,F0|F1_X1H|F2b_CSP|F3_Ring|F4_Spectral|F5_Temporal|F6_IMU|F9_Quality,,,,0.4949525264184125,0.5,1.4355744234866792,0.11461382858620123,0.23563758931731763,"{""noGesture"":0.5957446808510638,""fist"":0.5423728813559322,""waveIn"":0.47058823529411764,""waveOut"":0.5185185185185185,""open"":0.46153846153846156,""pinch"":0.38095238095238093}",without_F0,,,F0
feature_bank_full_fusion_final_20260915,final,epn612,20,cross_user,1,F0|F1_X1H|F2b_CSP|F3_Ring|F4_Spectral|F5_Temporal|F6_IMU|F9_Quality,,,,0.4782040637181395,0.4791666666666667,1.4037332078965363,0.11177952567846663,0.19759264341356764,"{""noGesture"":0.5833333333333334,""fist"":0.509090909090909,""waveIn"":0.45714285714285713,""waveOut"":0.42105263157894735,""open"":0.48,""pinch"":0.4186046511627907}",without_F1_X1H,,,F1_X1H
feature_bank_full_fusion_final_20260915,final,epn612,20,cross_user,1,F0|F1_X1H|F2b_CSP|F3_Ring|F4_Spectral|F5_Temporal|F6_IMU|F9_Quality,,,,0.5300960947035201,0.5347222222222222,1.4086071842884003,0.11217529838517451,0.23289542310847675,"{""noGesture"":0.6792452830188679,""fist"":0.5555555555555556,""waveIn"":0.5,""waveOut"":0.4838709677419355,""open"":0.5333333333333333,""pinch"":0.42857142857142855}",without_F2b_CSP,,,F2b_CSP
feature_bank_full_fusion_final_20260915,final,epn612,20,cross_user,1,F0|F1_X1H|F2b_CSP|F3_Ring|F4_Spectral|F5_Temporal|F6_IMU|F9_Quality,,,,0.4875168844047784,0.4930555555555556,1.4115586117993344,0.11247541916790131,0.19352594086331326,"{""noGesture"":0.6122448979591837,""fist"":0.5333333333333333,""waveIn"":0.4375,""waveOut"":0.4528301886792453,""open"":0.47058823529411764,""pinch"":0.4186046511627907}",without_F3_Ring,,,F3_Ring
feature_bank_full_fusion_final_20260915,final,epn612,20,cross_user,1,F0|F1_X1H|F2b_CSP|F3_Ring|F4_Spectral|F5_Temporal|F6_IMU|F9_Quality,,,,0.5270803726260208,0.5277777777777778,1.42946712077341,0.11398831546892134,0.24064880685563847,"{""noGesture"":0.5652173913043478,""fist"":0.5862068965517241,""waveIn"":0.5555555555555556,""waveOut"":0.43636363636363634,""open"":0.5454545454545454,""pinch"":0.47368421052631576}",without_F4_Spectral,,,F4_Spectral
feature_bank_full_fusion_final_20260915,final,epn612,20,cross_user,1,F0|F1_X1H|F2b_CSP|F3_Ring|F4_Spectral|F5_Temporal|F6_IMU|F9_Quality,,,,0.5121259254850354,0.5138888888888888,1.4176993425175857,0.11311681253866264,0.225209055002134,"{""noGesture"":0.6086956521739131,""fist"":0.5964912280701754,""waveIn"":0.4864864864864865,""waveOut"":0.4482758620689655,""open"":0.4782608695652174,""pinch"":0.45454545454545453}",without_F5_Temporal,,,F5_Temporal
feature_bank_full_fusion_final_20260915,final,epn612,20,cross_user,1,F0|F1_X1H|F2b_CSP|F3_Ring|F4_Spectral|F5_Temporal|F6_IMU|F9_Quality,,,,0.4605114265925146,0.4652777777777778,1.4265540722415457,0.11351676200579378,0.15946583696276395,"{""noGesture"":0.5957446808510638,""fist"":0.5714285714285714,""waveIn"":0.4,""waveOut"":0.4067796610169492,""open"":0.40816326530612246,""pinch"":0.38095238095238093}",without_F6_IMU,,,F6_IMU
feature_bank_full_fusion_final_20260915,final,epn612,20,cross_user,1,F0|F1_X1H|F2b_CSP|F3_Ring|F4_Spectral|F5_Temporal|F6_IMU|F9_Quality,,,,0.4833770557965897,0.4861111111111111,1.4491689732631898,0.11566554715752729,0.22438522822344192,"{""noGesture"":0.5714285714285714,""fist"":0.5660377358490566,""waveIn"":0.47058823529411764,""waveOut"":0.45454545454545453,""open"":0.4090909090909091,""pinch"":0.42857142857142855}",without_F9_Quality,,,F9_Quality
feature_bank_full_fusion_final_20260915,final,epn612,20,cross_user,2,F0|F1_X1H|F2b_CSP|F3_Ring|F4_Spectral|F5_Temporal|F6_IMU|F9_Quality,,,,0.5430491558893642,0.5507246376811594,1.4839662247428356,0.11837239433880405,0.2905198940908793,"{""noGesture"":0.5490196078431373,""fist"":0.5853658536585366,""waveIn"":0.45714285714285713,""waveOut"":0.5333333333333333,""open"":0.6551724137931034,""pinch"":0.4782608695652174}",full,,,NONE
feature_bank_full_fusion_final_20260915,final,epn612,20,cross_user,2,F0|F1_X1H|F2b_CSP|F3_Ring|F4_Spectral|F5_Temporal|F6_IMU|F9_Quality,,,,0.4744676948513266,0.4782608695652174,1.3934515650303538,0.11114023675380148,0.17376632059959657,"{""noGesture"":0.6086956521739131,""fist"":0.5490196078431373,""waveIn"":0.4,""waveOut"":0.44,""open"":0.4090909090909091,""pinch"":0.44}",without_F7_anchor,,,F7_anchor
feature_bank_full_fusion_final_20260915,final,epn612,20,cross_user,2,F0|F1_X1H|F2b_CSP|F3_Ring|F4_Spectral|F5_Temporal|F6_IMU|F9_Quality,,,,0.48778276582966,0.4927536231884058,1.3805831812563072,0.10998191310485622,0.16915945883416694,"{""noGesture"":0.6382978723404256,""fist"":0.5384615384615384,""waveIn"":0.4117647058823529,""waveOut"":0.4489795918367347,""open"":0.4186046511627907,""pinch"":0.47058823529411764}",uniform_population,,,uniform_population
feature_bank_full_fusion_final_20260915,final,epn612,20,cross_user,2,F0|F1_X1H|F2b_CSP|F3_Ring|F4_Spectral|F5_Temporal|F6_IMU|F9_Quality,,,,0.5526781902514967,0.5579710144927537,1.49753976645182,0.11955713144640262,0.3045466192567004,"{""noGesture"":0.56,""fist"":0.5581395348837209,""waveIn"":0.5,""waveOut"":0.5333333333333333,""open"":0.6428571428571429,""pinch"":0.5217391304347826}",without_F0,,,F0
feature_bank_full_fusion_final_20260915,final,epn612,20,cross_user,2,F0|F1_X1H|F2b_CSP|F3_Ring|F4_Spectral|F5_Temporal|F6_IMU|F9_Quality,,,,0.5411356694278308,0.5507246376811594,1.4715260254108888,0.11710227781912667,0.28133822835741734,"{""noGesture"":0.5769230769230769,""fist"":0.5128205128205128,""waveIn"":0.4864864864864865,""waveOut"":0.5365853658536586,""open"":0.6557377049180327,""pinch"":0.4782608695652174}",without_F1_X1H,,,F1_X1H
feature_bank_full_fusion_final_20260915,final,epn612,20,cross_user,2,F0|F1_X1H|F2b_CSP|F3_Ring|F4_Spectral|F5_Temporal|F6_IMU|F9_Quality,,,,0.5874260661059826,0.6014492753623188,1.4717623521150123,0.1172513579647099,0.3357323478679839,"{""noGesture"":0.7142857142857143,""fist"":0.5853658536585366,""waveIn"":0.45161290322580644,""waveOut"":0.6521739130434783,""open"":0.6428571428571429,""pinch"":0.4782608695652174}",without_F2b_CSP,,,F2b_CSP
feature_bank_full_fusion_final_20260915,final,epn612,20,cross_user,2,F0|F1_X1H|F2b_CSP|F3_Ring|F4_Spectral|F5_Temporal|F6_IMU|F9_Quality,,,,0.5864815109970923,0.5942028985507246,1.4758090977257117,0.1177457021063754,0.3289660352647355,"{""noGesture"":0.6538461538461539,""fist"":0.6190476190476191,""waveIn"":0.45714285714285713,""waveOut"":0.6341463414634146,""open"":0.6440677966101694,""pinch"":0.5106382978723404}",without_F3_Ring,,,F3_Ring
feature_bank_full_fusion_final_20260915,final,epn612,20,cross_user,2,F0|F1_X1H|F2b_CSP|F3_Ring|F4_Spectral|F5_Temporal|F6_IMU|F9_Quality,,,,0.545515873015873,0.5507246376811594,1.4910951018536498,0.11906340111439963,0.3101949432020239,"{""noGesture"":0.5416666666666666,""fist"":0.5714285714285714,""waveIn"":0.5,""waveOut"":0.56,""open"":0.6,""pinch"":0.5}",without_F4_Spectral,,,F4_Spectral
feature_bank_full_fusion_final_20260915,final,epn612,20,cross_user,2,F0|F1_X1H|F2b_CSP|F3_Ring|F4_Spectral|F5_Temporal|F6_IMU|F9_Quality,,,,0.5751965155464625,0.5797101449275363,1.481755331938496,0.11832182151564925,0.3197885185948697,"{""noGesture"":0.5769230769230769,""fist"":0.6341463414634146,""waveIn"":0.4864864864864865,""waveOut"":0.5652173913043478,""open"":0.6666666666666666,""pinch"":0.5217391304347826}",without_F5_Temporal,,,F5_Temporal
feature_bank_full_fusion_final_20260915,final,epn612,20,cross_user,2,F0|F1_X1H|F2b_CSP|F3_Ring|F4_Spectral|F5_Temporal|F6_IMU|F9_Quality,,,,0.5336917097595026,0.5362318840579711,1.4869771495480095,0.1183527678632526,0.26836011000525695,"{""noGesture"":0.5581395348837209,""fist"":0.5853658536585366,""waveIn"":0.43902439024390244,""waveOut"":0.5333333333333333,""open"":0.5964912280701754,""pinch"":0.4897959183673469}",without_F6_IMU,,,F6_IMU
feature_bank_full_fusion_final_20260915,final,epn612,20,cross_user,2,F0|F1_X1H|F2b_CSP|F3_Ring|F4_Spectral|F5_Temporal|F6_IMU|F9_Quality,,,,0.536846409404549,0.5434782608695652,1.5034919384813001,0.12004411099321453,0.2904581983543338,"{""noGesture"":0.56,""fist"":0.5,""waveIn"":0.45714285714285713,""waveOut"":0.5384615384615384,""open"":0.6538461538461539,""pinch"":0.5116279069767442}",without_F9_Quality,,,F9_Quality
feature_bank_full_fusion_final_20260915,final,epn612,20,cross_user,5,F0|F1_X1H|F2b_CSP|F3_Ring|F4_Spectral|F5_Temporal|F6_IMU|F9_Quality,,,,0.5956399070005597,0.6,1.5339710591755116,0.1221534367235619,0.35416578878365895,"{""noGesture"":0.6,""fist"":0.6190476190476191,""waveIn"":0.6875,""waveOut"":0.5,""open"":0.6511627906976745,""pinch"":0.5161290322580645}",full,,,NONE
feature_bank_full_fusion_final_20260915,final,epn612,20,cross_user,5,F0|F1_X1H|F2b_CSP|F3_Ring|F4_Spectral|F5_Temporal|F6_IMU|F9_Quality,,,,0.5606494349500754,0.5666666666666667,1.3451084759083396,0.10735061155414026,0.23091090199829692,"{""noGesture"":0.7441860465116279,""fist"":0.6086956521739131,""waveIn"":0.5185185185185185,""waveOut"":0.4444444444444444,""open"":0.45714285714285713,""pinch"":0.5909090909090909}",without_F7_anchor,,,F7_anchor
feature_bank_full_fusion_final_20260915,final,epn612,20,cross_user,5,F0|F1_X1H|F2b_CSP|F3_Ring|F4_Spectral|F5_Temporal|F6_IMU|F9_Quality,,,,0.5289204097714736,0.5333333333333333,1.3436823630486998,0.10712291280276466,0.1893881500215247,"{""noGesture"":0.6666666666666666,""fist"":0.5957446808510638,""waveIn"":0.4666666666666667,""waveOut"":0.45454545454545453,""open"":0.4444444444444444,""pinch"":0.5454545454545454}",uniform_population,,,uniform_population
feature_bank_full_fusion_final_20260915,final,epn612,20,cross_user,5,F0|F1_X1H|F2b_CSP|F3_Ring|F4_Spectral|F5_Temporal|F6_IMU|F9_Quality,,,,0.5980538534920674,0.6,1.5437103240506744,0.12299245975213165,0.3612527958190901,"{""noGesture"":0.6,""fist"":0.6046511627906976,""waveIn"":0.6451612903225806,""waveOut"":0.5882352941176471,""open"":0.6341463414634146,""pinch"":0.5161290322580645}",without_F0,,,F0
feature_bank_full_fusion_final_20260915,final,epn612,20,cross_user,5,F0|F1_X1H|F2b_CSP|F3_Ring|F4_Spectral|F5_Temporal|F6_IMU|F9_Quality,,,,0.5779995386727245,0.5833333333333334,1.531054625762395,0.12164560616663528,0.33031983315716923,"{""noGesture"":0.5901639344262295,""fist"":0.5714285714285714,""waveIn"":0.6875,""waveOut"":0.45161290322580644,""open"":0.6511627906976745,""pinch"":0.5161290322580645}",without_F1_X1H,,,F1_X1H
feature_bank_full_fusion_final_20260915,final,epn612,20,cross_user,5,F0|F1_X1H|F2b_CSP|F3_Ring|F4_Spectral|F5_Temporal|F6_IMU|F9_Quality,,,,0.5812316715542521,0.5833333333333334,1.529521541496299,0.1217300375137952,0.333651591295852,"{""noGesture"":0.5806451612903226,""fist"":0.5454545454545454,""waveIn"":0.6451612903225806,""waveOut"":0.5,""open"":0.7,""pinch"":0.5161290322580645}",without_F2b_CSP,,,F2b_CSP
feature_bank_full_fusion_final_20260915,final,epn612,20,cross_user,5,F0|F1_X1H|F2b_CSP|F3_Ring|F4_Spectral|F5_Temporal|F6_IMU|F9_Quality,,,,0.573870298115104,0.5833333333333334,1.5262808859773755,0.1215766795282923,0.3328978486416873,"{""noGesture"":0.6101694915254238,""fist"":0.5909090909090909,""waveIn"":0.6875,""waveOut"":0.45161290322580644,""open"":0.6363636363636364,""pinch"":0.4666666666666667}",without_F3_Ring,,,F3_Ring
feature_bank_full_fusion_final_20260915,final,epn612,20,cross_user,5,F0|F1_X1H|F2b_CSP|F3_Ring|F4_Spectral|F5_Temporal|F6_IMU|F9_Quality,,,,0.6051272796026058,0.6083333333333333,1.539245844042807,0.1226514482626637,0.3653259613867307,"{""noGesture"":0.6,""fist"":0.6341463414634146,""waveIn"":0.7272727272727273,""waveOut"":0.48484848484848486,""open"":0.6511627906976745,""pinch"":0.5333333333333333}",without_F4_Spectral,,,F4_Spectral
feature_bank_full_fusion_final_20260915,final,epn612,20,cross_user,5,F0|F1_X1H|F2b_CSP|F3_Ring|F4_Spectral|F5_Temporal|F6_IMU|F9_Quality,,,,0.5956399070005597,0.6,1.5297954748979055,0.12192090632208445,0.35264978281979265,"{""noGesture"":0.6,""fist"":0.6190476190476191,""waveIn"":0.6875,""waveOut"":0.5,""open"":0.6511627906976745,""pinch"":0.5161290322580645}",without_F5_Temporal,,,F5_Temporal
feature_bank_full_fusion_final_20260915,final,epn612,20,cross_user,5,F0|F1_X1H|F2b_CSP|F3_Ring|F4_Spectral|F5_Temporal|F6_IMU|F9_Quality,,,,0.5450413375431349,0.5583333333333333,1.5314737601339852,0.1217582683905447,0.3105401425561973,"{""noGesture"":0.6530612244897959,""fist"":0.5652173913043478,""waveIn"":0.5454545454545454,""waveOut"":0.45161290322580644,""open"":0.5882352941176471,""pinch"":0.4666666666666667}",without_F6_IMU,,,F6_IMU
feature_bank_full_fusion_final_20260915,final,epn612,20,cross_user,5,F0|F1_X1H|F2b_CSP|F3_Ring|F4_Spectral|F5_Temporal|F6_IMU|F9_Quality,,,,0.6058057914765637,0.6083333333333333,1.5472457972909648,0.1233036021973566,0.3687768095410689,"{""noGesture"":0.6,""fist"":0.6341463414634146,""waveIn"":0.6451612903225806,""waveOut"":0.5882352941176471,""open"":0.6511627906976745,""pinch"":0.5161290322580645}",without_F9_Quality,,,F9_Quality
feature_bank_full_fusion_final_20260915,final,epn612,21,cross_user,0,F0|F1_X1H|F2b_CSP|F3_Ring|F4_Spectral|F5_Temporal|F6_IMU|F9_Quality,,,,0.48881937858263397,0.5066666666666667,1.4195091859323614,0.11310563318432884,0.11082991609180118,"{""noGesture"":0.5263157894736842,""fist"":0.20689655172413793,""waveIn"":0.425531914893617,""waveOut"":0.7804878048780488,""open"":0.47368421052631576,""pinch"":0.52}",full,,,NONE
feature_bank_full_fusion_final_20260915,final,epn612,21,cross_user,0,F0|F1_X1H|F2b_CSP|F3_Ring|F4_Spectral|F5_Temporal|F6_IMU|F9_Quality,,,,0.48881937858263397,0.5066666666666667,1.4195091859323614,0.11310563318432884,0.11082991609180118,"{""noGesture"":0.5263157894736842,""fist"":0.20689655172413793,""waveIn"":0.425531914893617,""waveOut"":0.7804878048780488,""open"":0.47368421052631576,""pinch"":0.52}",without_F7_anchor,,,F7_anchor
feature_bank_full_fusion_final_20260915,final,epn612,21,cross_user,0,F0|F1_X1H|F2b_CSP|F3_Ring|F4_Spectral|F5_Temporal|F6_IMU|F9_Quality,,,,0.48881937858263397,0.5066666666666667,1.4195091859323614,0.11310563318432884,0.11082991609180118,"{""noGesture"":0.5263157894736842,""fist"":0.20689655172413793,""waveIn"":0.425531914893617,""waveOut"":0.7804878048780488,""open"":0.47368421052631576,""pinch"":0.52}",uniform_population,,,uniform_population
feature_bank_full_fusion_final_20260915,final,epn612,21,cross_user,0,F0|F1_X1H|F2b_CSP|F3_Ring|F4_Spectral|F5_Temporal|F6_IMU|F9_Quality,,,,0.5180927574414861,0.5333333333333333,1.4313464211462608,0.1139527033124763,0.16976461242210353,"{""noGesture"":0.5319148936170213,""fist"":0.2,""waveIn"":0.4583333333333333,""waveOut"":0.7804878048780488,""open"":0.5128205128205128,""pinch"":0.625}",without_F0,,,F0
feature_bank_full_fusion_final_20260915,final,epn612,21,cross_user,0,F0|F1_X1H|F2b_CSP|F3_Ring|F4_Spectral|F5_Temporal|F6_IMU|F9_Quality,,,,0.49622936156773184,0.5133333333333333,1.4074739480281233,0.11236167987485982,0.1116535944687967,"{""noGesture"":0.5208333333333334,""fist"":0.21428571428571427,""waveIn"":0.46808510638297873,""waveOut"":0.7804878048780488,""open"":0.47368421052631576,""pinch"":0.52}",without_F1_X1H,,,F1_X1H
feature_bank_full_fusion_final_20260915,final,epn612,21,cross_user,0,F0|F1_X1H|F2b_CSP|F3_Ring|F4_Spectral|F5_Temporal|F6_IMU|F9_Quality,,,,0.4899248271525278,0.5066666666666667,1.4233933204631386,0.11326167351802509,0.1203936397161821,"{""noGesture"":0.5154639175257731,""fist"":0.21428571428571427,""waveIn"":0.4782608695652174,""waveOut"":0.75,""open"":0.46153846153846156,""pinch"":0.52}",without_F2b_CSP,,,F2b_CSP
feature_bank_full_fusion_final_20260915,final,epn612,21,cross_user,0,F0|F1_X1H|F2b_CSP|F3_Ring|F4_Spectral|F5_Temporal|F6_IMU|F9_Quality,,,,0.47830255105750336,0.5,1.4197983315125715,0.11284328611727984,0.10049046458297013,"{""noGesture"":0.5319148936170213,""fist"":0.20689655172413793,""waveIn"":0.4166666666666667,""waveOut"":0.7619047619047619,""open"":0.43243243243243246,""pinch"":0.52}",without_F3_Ring,,,F3_Ring
feature_bank_full_fusion_final_20260915,final,epn612,21,cross_user,0,F0|F1_X1H|F2b_CSP|F3_Ring|F4_Spectral|F5_Temporal|F6_IMU|F9_Quality,,,,0.4828575905996922,0.5066666666666667,1.4209322415637897,0.11322944317114635,0.12096104028138618,"{""noGesture"":0.5319148936170213,""fist"":0.13793103448275862,""waveIn"":0.43478260869565216,""waveOut"":0.7619047619047619,""open"":0.5,""pinch"":0.5306122448979592}",without_F4_Spectral,,,F4_Spectral
feature_bank_full_fusion_final_20260915,final,epn612,21,cross_user,0,F0|F1_X1H|F2b_CSP|F3_Ring|F4_Spectral|F5_Temporal|F6_IMU|F9_Quality,,,,0.49860409326377697,0.5133333333333333,1.4297122817161412,0.11389139271243015,0.12630337853704193,"{""noGesture"":0.5263157894736842,""fist"":0.2,""waveIn"":0.425531914893617,""waveOut"":0.75,""open"":0.5365853658536586,""pinch"":0.5531914893617021}",without_F5_Temporal,,,F5_Temporal
feature_bank_full_fusion_final_20260915,final,epn612,21,cross_user,0,F0|F1_X1H|F2b_CSP|F3_Ring|F4_Spectral|F5_Temporal|F6_IMU|F9_Quality,,,,0.4886031373191671,0.5066666666666667,1.405920704758311,0.1124536291765985,0.10858067790103973,"{""noGesture"":0.5319148936170213,""fist"":0.2,""waveIn"":0.425531914893617,""waveOut"":0.7804878048780488,""open"":0.47368421052631576,""pinch"":0.52}",without_F6_IMU,,,F6_IMU
feature_bank_full_fusion_final_20260915,final,epn612,21,cross_user,0,F0|F1_X1H|F2b_CSP|F3_Ring|F4_Spectral|F5_Temporal|F6_IMU|F9_Quality,,,,0.5144167534952352,0.5333333333333333,1.4395306918152948,0.11467853322198536,0.14773925801249663,"{""noGesture"":0.5319148936170213,""fist"":0.20689655172413793,""waveIn"":0.4583333333333333,""waveOut"":0.7619047619047619,""open"":0.5,""pinch"":0.6274509803921569}",without_F9_Quality,,,F9_Quality
feature_bank_full_fusion_final_20260915,final,epn612,21,cross_user,1,F0|F1_X1H|F2b_CSP|F3_Ring|F4_Spectral|F5_Temporal|F6_IMU|F9_Quality,,,,0.4647087778947827,0.4861111111111111,1.47625286728512,0.1169737005972857,0.13466047431599182,"{""noGesture"":0.5217391304347826,""fist"":0.13793103448275862,""waveIn"":0.46511627906976744,""waveOut"":0.7027027027027027,""open"":0.43902439024390244,""pinch"":0.5217391304347826}",full,,,NONE
feature_bank_full_fusion_final_20260915,final,epn612,21,cross_user,1,F0|F1_X1H|F2b_CSP|F3_Ring|F4_Spectral|F5_Temporal|F6_IMU|F9_Quality,,,,0.4852859409018829,0.5069444444444444,1.4114132867118943,0.1126252185820143,0.10545058029929054,"{""noGesture"":0.5217391304347826,""fist"":0.14814814814814814,""waveIn"":0.4444444444444444,""waveOut"":0.7692307692307693,""open"":0.4864864864864865,""pinch"":0.5416666666666666}",without_F7_anchor,,,F7_anchor
feature_bank_full_fusion_final_20260915,final,epn612,21,cross_user,1,F0|F1_X1H|F2b_CSP|F3_Ring|F4_Spectral|F5_Temporal|F6_IMU|F9_Quality,,,,0.4846312011167084,0.5069444444444444,1.4180967021291329,0.11303829332866042,0.10765879974387196,"{""noGesture"":0.5274725274725275,""fist"":0.14814814814814814,""waveIn"":0.43478260869565216,""waveOut"":0.7692307692307693,""open"":0.4864864864864865,""pinch"":0.5416666666666666}",uniform_population,,,uniform_population
feature_bank_full_fusion_final_20260915,final,epn612,21,cross_user,1,F0|F1_X1H|F2b_CSP|F3_Ring|F4_Spectral|F5_Temporal|F6_IMU|F9_Quality,,,,0.4798248789095471,0.5,1.4796173171756561,0.11727051939201864,0.1615608741970673,"{""noGesture"":0.5274725274725275,""fist"":0.13333333333333333,""waveIn"":0.45454545454545453,""waveOut"":0.7368421052631579,""open"":0.46153846153846156,""pinch"":0.5652173913043478}",without_F0,,,F0
feature_bank_full_fusion_final_20260915,final,epn612,21,cross_user,1,F0|F1_X1H|F2b_CSP|F3_Ring|F4_Spectral|F5_Temporal|F6_IMU|F9_Quality,,,,0.4647087778947827,0.4861111111111111,1.468704445304617,0.11650741901754857,0.12815147496765833,"{""noGesture"":0.5217391304347826,""fist"":0.13793103448275862,""waveIn"":0.46511627906976744,""waveOut"":0.7027027027027027,""open"":0.43902439024390244,""pinch"":0.5217391304347826}",without_F1_X1H,,,F1_X1H
feature_bank_full_fusion_final_20260915,final,epn612,21,cross_user,1,F0|F1_X1H|F2b_CSP|F3_Ring|F4_Spectral|F5_Temporal|F6_IMU|F9_Quality,,,,0.4638439665321386,0.4861111111111111,1.4790757043201586,0.11707104280384037,0.12928245139427658,"{""noGesture"":0.5161290322580645,""fist"":0.14814814814814814,""waveIn"":0.45454545454545453,""waveOut"":0.7027027027027027,""open"":0.46153846153846156,""pinch"":0.5}",without_F2b_CSP,,,F2b_CSP
feature_bank_full_fusion_final_20260915,final,epn612,21,cross_user,1,F0|F1_X1H|F2b_CSP|F3_Ring|F4_Spectral|F5_Temporal|F6_IMU|F9_Quality,,,,0.43849155075358875,0.4652777777777778,1.4721957222856143,0.11633516883089652,0.09802894809300741,"{""noGesture"":0.5274725274725275,""fist"":0.14285714285714285,""waveIn"":0.425531914893617,""waveOut"":0.6666666666666666,""open"":0.3684210526315789,""pinch"":0.5}",without_F3_Ring,,,F3_Ring
feature_bank_full_fusion_final_20260915,final,epn612,21,cross_user,1,F0|F1_X1H|F2b_CSP|F3_Ring|F4_Spectral|F5_Temporal|F6_IMU|F9_Quality,,,,0.46901649707375764,0.4930555555555556,1.4807596545481974,0.117289819889998,0.15005664274391176,"{""noGesture"":0.5393258426966292,""fist"":0.13793103448275862,""waveIn"":0.4782608695652174,""waveOut"":0.7368421052631579,""open"":0.4,""pinch"":0.5217391304347826}",without_F4_Spectral,,,F4_Spectral
feature_bank_full_fusion_final_20260915,final,epn612,21,cross_user,1,F0|F1_X1H|F2b_CSP|F3_Ring|F4_Spectral|F5_Temporal|F6_IMU|F9_Quality,,,,0.4815804315804315,0.5,1.4840991480543728,0.11776712893140168,0.15607278490047763,"{""noGesture"":0.5274725274725275,""fist"":0.13333333333333333,""waveIn"":0.45454545454545453,""waveOut"":0.7027027027027027,""open"":0.5,""pinch"":0.5714285714285714}",without_F5_Temporal,,,F5_Temporal
feature_bank_full_fusion_final_20260915,final,epn612,21,cross_user,1,F0|F1_X1H|F2b_CSP|F3_Ring|F4_Spectral|F5_Temporal|F6_IMU|F9_Quality,,,,0.47267718436092626,0.4930555555555556,1.4693235620598855,0.11645520378711287,0.13041002638096474,"{""noGesture"":0.5333333333333333,""fist"":0.12903225806451613,""waveIn"":0.46511627906976744,""waveOut"":0.7368421052631579,""open"":0.45,""pinch"":0.5217391304347826}",without_F6_IMU,,,F6_IMU
feature_bank_full_fusion_final_20260915,final,epn612,21,cross_user,1,F0|F1_X1H|F2b_CSP|F3_Ring|F4_Spectral|F5_Temporal|F6_IMU|F9_Quality,,,,0.4621470324056531,0.4861111111111111,1.4921532714073098,0.11822595778504258,0.1505446858572571,"{""noGesture"":0.5274725274725275,""fist"":0.13793103448275862,""waveIn"":0.4888888888888889,""waveOut"":0.6666666666666666,""open"":0.41025641025641024,""pinch"":0.5416666666666666}",without_F9_Quality,,,F9_Quality
feature_bank_full_fusion_final_20260915,final,epn612,21,cross_user,2,F0|F1_X1H|F2b_CSP|F3_Ring|F4_Spectral|F5_Temporal|F6_IMU|F9_Quality,,,,0.5055868205868206,0.5289855072463768,1.4919994938462013,0.11818970032630927,0.21684759911069756,"{""noGesture"":0.5227272727272727,""fist"":0.16,""waveIn"":0.4888888888888889,""waveOut"":0.7619047619047619,""open"":0.5,""pinch"":0.6}",full,,,NONE
feature_bank_full_fusion_final_20260915,final,epn612,21,cross_user,2,F0|F1_X1H|F2b_CSP|F3_Ring|F4_Spectral|F5_Temporal|F6_IMU|F9_Quality,,,,0.5020993351301881,0.5217391304347826,1.4086705104169708,0.11239331045269349,0.13078037477405466,"{""noGesture"":0.5287356321839081,""fist"":0.15384615384615385,""waveIn"":0.45454545454545453,""waveOut"":0.7894736842105263,""open"":0.5405405405405406,""pinch"":0.5454545454545454}",without_F7_anchor,,,F7_anchor
feature_bank_full_fusion_final_20260915,final,epn612,21,cross_user,2,F0|F1_X1H|F2b_CSP|F3_Ring|F4_Spectral|F5_Temporal|F6_IMU|F9_Quality,,,,0.49332237635322934,0.5144927536231884,1.4032322420570555,0.11198576440586946,0.11389724322056921,"{""noGesture"":0.5287356321839081,""fist"":0.15384615384615385,""waveIn"":0.45454545454545453,""waveOut"":0.7894736842105263,""open"":0.5,""pinch"":0.5333333333333333}",uniform_population,,,uniform_population
feature_bank_full_fusion_final_20260915,final,epn612,21,cross_user,2,F0|F1_X1H|F2b_CSP|F3_Ring|F4_Spectral|F5_Temporal|F6_IMU|F9_Quality,,,,0.504816877275648,0.5289855072463768,1.4991527486656016,0.11880614842580016,0.225831949706278,"{""noGesture"":0.5287356321839081,""fist"":0.16,""waveIn"":0.4782608695652174,""waveOut"":0.7619047619047619,""open"":0.5,""pinch"":0.6}",without_F0,,,F0
feature_bank_full_fusion_final_20260915,final,epn612,21,cross_user,2,F0|F1_X1H|F2b_CSP|F3_Ring|F4_Spectral|F5_Temporal|F6_IMU|F9_Quality,,,,0.5064597824148386,0.5289855072463768,1.4855040898337608,0.1175810392339061,0.20828468515717016,"{""noGesture"":0.5168539325842697,""fist"":0.16,""waveIn"":0.5,""waveOut"":0.7619047619047619,""open"":0.5,""pinch"":0.6}",without_F1_X1H,,,F1_X1H
feature_bank_full_fusion_final_20260915,final,epn612,21,cross_user,2,F0|F1_X1H|F2b_CSP|F3_Ring|F4_Spectral|F5_Temporal|F6_IMU|F9_Quality,,,,0.5067716327266889,0.5289855072463768,1.4941600946182647,0.11816704638923303,0.21793260858871813,"{""noGesture"":0.5168539325842697,""fist"":0.16,""waveIn"":0.5,""waveOut"":0.7619047619047619,""open"":0.4864864864864865,""pinch"":0.6153846153846154}",without_F2b_CSP,,,F2b_CSP
feature_bank_full_fusion_final_20260915,final,epn612,21,cross_user,2,F0|F1_X1H|F2b_CSP|F3_Ring|F4_Spectral|F5_Temporal|F6_IMU|F9_Quality,,,,0.4957799315707172,0.5217391304347826,1.4862564358849601,0.11744047269200321,0.1998557099944851,"{""noGesture"":0.5287356321839081,""fist"":0.16,""waveIn"":0.46808510638297873,""waveOut"":0.7619047619047619,""open"":0.47058823529411764,""pinch"":0.5853658536585366}",without_F3_Ring,,,F3_Ring
feature_bank_full_fusion_final_20260915,final,epn612,21,cross_user,2,F0|F1_X1H|F2b_CSP|F3_Ring|F4_Spectral|F5_Temporal|F6_IMU|F9_Quality,,,,0.5008860850884952,0.5217391304347826,1.4962310352278676,0.11868970130919299,0.2123632748771679,"{""noGesture"":0.5348837209302325,""fist"":0.23076923076923078,""waveIn"":0.4782608695652174,""waveOut"":0.7441860465116279,""open"":0.5294117647058824,""pinch"":0.4878048780487805}",without_F4_Spectral,,,F4_Spectral
feature_bank_full_fusion_final_20260915,final,epn612,21,cross_user,2,F0|F1_X1H|F2b_CSP|F3_Ring|F4_Spectral|F5_Temporal|F6_IMU|F9_Quality,,,,0.5079538231463777,0.5289855072463768,1.4961509224028797,0.11873572864756939,0.2163799434354625,"{""noGesture"":0.5227272727272727,""fist"":0.16,""waveIn"":0.4888888888888889,""waveOut"":0.7317073170731707,""open"":0.5128205128205128,""pinch"":0.631578947368421}",without_F5_Temporal,,,F5_Temporal
feature_bank_full_fusion_final_20260915,final,epn612,21,cross_user,2,F0|F1_X1H|F2b_CSP|F3_Ring|F4_Spectral|F5_Temporal|F6_IMU|F9_Quality,,,,0.5047588052663564,0.5289855072463768,1.481359713239039,0.11719539505114203,0.20145237776817726,"{""noGesture"":0.5287356321839081,""fist"":0.16,""waveIn"":0.4782608695652174,""waveOut"":0.7619047619047619,""open"":0.5142857142857142,""pinch"":0.5853658536585366}",without_F6_IMU,,,F6_IMU
feature_bank_full_fusion_final_20260915,final,epn612,21,cross_user,2,F0|F1_X1H|F2b_CSP|F3_Ring|F4_Spectral|F5_Temporal|F6_IMU|F9_Quality,,,,0.4877297093424495,0.5217391304347826,1.5064922145850934,0.11948920223554652,0.21400256158733696,"{""noGesture"":0.5348837209302325,""fist"":0.08333333333333333,""waveIn"":0.4782608695652174,""waveOut"":0.7441860465116279,""open"":0.5142857142857142,""pinch"":0.5714285714285714}",without_F9_Quality,,,F9_Quality
feature_bank_full_fusion_final_20260915,final,epn612,21,cross_user,5,F0|F1_X1H|F2b_CSP|F3_Ring|F4_Spectral|F5_Temporal|F6_IMU|F9_Quality,,,,0.46527313266443704,0.49166666666666664,1.5704284186672794,0.12392476941178986,0.2262958153872911,"{""noGesture"":0.5128205128205128,""fist"":0.2608695652173913,""waveIn"":0.47619047619047616,""waveOut"":0.717948717948718,""open"":0.35714285714285715,""pinch"":0.4666666666666667}",full,,,NONE
feature_bank_full_fusion_final_20260915,final,epn612,21,cross_user,5,F0|F1_X1H|F2b_CSP|F3_Ring|F4_Spectral|F5_Temporal|F6_IMU|F9_Quality,,,,0.4929890313442466,0.5083333333333333,1.4185299998637955,0.1131584533515128,0.10944927411025297,"{""noGesture"":0.5063291139240507,""fist"":0.17391304347826086,""waveIn"":0.47368421052631576,""waveOut"":0.7878787878787878,""open"":0.5161290322580645,""pinch"":0.5}",without_F7_anchor,,,F7_anchor
feature_bank_full_fusion_final_20260915,final,epn612,21,cross_user,5,F0|F1_X1H|F2b_CSP|F3_Ring|F4_Spectral|F5_Temporal|F6_IMU|F9_Quality,,,,0.48155065981152934,0.5,1.4130051243001525,0.1127745091514853,0.10175571386399315,"{""noGesture"":0.5128205128205128,""fist"":0.17391304347826086,""waveIn"":0.46153846153846156,""waveOut"":0.7878787878787878,""open"":0.4666666666666667,""pinch"":0.4864864864864865}",uniform_population,,,uniform_population
feature_bank_full_fusion_final_20260915,final,epn612,21,cross_user,5,F0|F1_X1H|F2b_CSP|F3_Ring|F4_Spectral|F5_Temporal|F6_IMU|F9_Quality,,,,0.4653952327865371,0.49166666666666664,1.5714035371820443,0.1241628610270092,0.22366723576215072,"{""noGesture"":0.5128205128205128,""fist"":0.2608695652173913,""waveIn"":0.46153846153846156,""waveOut"":0.7,""open"":0.35714285714285715,""pinch"":0.5}",without_F0,,,F0
feature_bank_full_fusion_final_20260915,final,epn612,21,cross_user,5,F0|F1_X1H|F2b_CSP|F3_Ring|F4_Spectral|F5_Temporal|F6_IMU|F9_Quality,,,,0.4666193388039584,0.49166666666666664,1.572900566086986,0.12399446790883085,0.22399067921321986,"{""noGesture"":0.5063291139240507,""fist"":0.2608695652173913,""waveIn"":0.4878048780487805,""waveOut"":0.7368421052631579,""open"":0.37037037037037035,""pinch"":0.4375}",without_F1_X1H,,,F1_X1H
feature_bank_full_fusion_final_20260915,final,epn612,21,cross_user,5,F0|F1_X1H|F2b_CSP|F3_Ring|F4_Spectral|F5_Temporal|F6_IMU|F9_Quality,,,,0.4681502787428897,0.49166666666666664,1.575124054287097,0.124153501033378,0.22290094206502453,"{""noGesture"":0.5063291139240507,""fist"":0.2608695652173913,""waveIn"":0.47619047619047616,""waveOut"":0.7567567567567568,""open"":0.35714285714285715,""pinch"":0.45161290322580644}",without_F2b_CSP,,,F2b_CSP
feature_bank_full_fusion_final_20260915,final,epn612,21,cross_user,5,F0|F1_X1H|F2b_CSP|F3_Ring|F4_Spectral|F5_Temporal|F6_IMU|F9_Quality,,,,0.45835748749698757,0.48333333333333334,1.565818755862087,0.12338608783304186,0.20480409501776825,"{""noGesture"":0.5128205128205128,""fist"":0.2608695652173913,""waveIn"":0.4186046511627907,""waveOut"":0.717948717948718,""open"":0.35714285714285715,""pinch"":0.4827586206896552}",without_F3_Ring,,,F3_Ring
feature_bank_full_fusion_final_20260915,final,epn612,21,cross_user,5,F0|F1_X1H|F2b_CSP|F3_Ring|F4_Spectral|F5_Temporal|F6_IMU|F9_Quality,,,,0.4678408004434507,0.49166666666666664,1.5704994054277266,0.12402718440790822,0.21195244482846867,"{""noGesture"":0.5128205128205128,""fist"":0.2608695652173913,""waveIn"":0.45,""waveOut"":0.717948717948718,""open"":0.41379310344827586,""pinch"":0.45161290322580644}",without_F4_Spectral,,,F4_Spectral
feature_bank_full_fusion_final_20260915,final,epn612,21,cross_user,5,F0|F1_X1H|F2b_CSP|F3_Ring|F4_Spectral|F5_Temporal|F6_IMU|F9_Quality,,,,0.45586405515191125,0.48333333333333334,1.5700776448958536,0.12402041076032765,0.2195906648608845,"{""noGesture"":0.5128205128205128,""fist"":0.2608695652173913,""waveIn"":0.45,""waveOut"":0.7,""open"":0.3448275862068966,""pinch"":0.4666666666666667}",without_F5_Temporal,,,F5_Temporal
feature_bank_full_fusion_final_20260915,final,epn612,21,cross_user,5,F0|F1_X1H|F2b_CSP|F3_Ring|F4_Spectral|F5_Temporal|F6_IMU|F9_Quality,,,,0.46391303828047686,0.49166666666666664,1.5685867724312126,0.12359758432163769,0.21112567650708491,"{""noGesture"":0.5128205128205128,""fist"":0.2608695652173913,""waveIn"":0.4878048780487805,""waveOut"":0.7,""open"":0.37037037037037035,""pinch"":0.45161290322580644}",without_F6_IMU,,,F6_IMU
feature_bank_full_fusion_final_20260915,final,epn612,21,cross_user,5,F0|F1_X1H|F2b_CSP|F3_Ring|F4_Spectral|F5_Temporal|F6_IMU|F9_Quality,,,,0.46771550394026135,0.49166666666666664,1.5750644471550739,0.12439983329989789,0.22130207729720752,"{""noGesture"":0.5128205128205128,""fist"":0.25,""waveIn"":0.43902439024390244,""waveOut"":0.717948717948718,""open"":0.37037037037037035,""pinch"":0.5161290322580645}",without_F9_Quality,,,F9_Quality
feature_bank_full_fusion_final_20260915,final,epn612,ALL,cross_user,0,F0|F1_X1H|F2b_CSP|F3_Ring|F4_Spectral|F5_Temporal|F6_IMU|F9_Quality,,,,0.4744476889013993,0.48444444444444446,1.4576690220491013,0.11512073185850198,0.13686602190100283,mean per-user aggregation,full,,,NONE
feature_bank_full_fusion_final_20260915,final,epn612,ALL,cross_user,0,F0|F1_X1H|F2b_CSP|F3_Ring|F4_Spectral|F5_Temporal|F6_IMU|F9_Quality,,,,0.4744476889013993,0.48444444444444446,1.4576690220491013,0.11512073185850198,0.13686602190100283,mean per-user aggregation,without_F7_anchor,,,F7_anchor
feature_bank_full_fusion_final_20260915,final,epn612,ALL,cross_user,0,F0|F1_X1H|F2b_CSP|F3_Ring|F4_Spectral|F5_Temporal|F6_IMU|F9_Quality,,,,0.4744476889013993,0.48444444444444446,1.4576690220491013,0.11512073185850198,0.13686602190100283,mean per-user aggregation,uniform_population,,,uniform_population
feature_bank_full_fusion_final_20260915,final,epn612,ALL,cross_user,0,F0|F1_X1H|F2b_CSP|F3_Ring|F4_Spectral|F5_Temporal|F6_IMU|F9_Quality,,,,0.4841981098199377,0.49333333333333335,1.4746173843339905,0.11656599042755195,0.16523230126981361,mean per-user aggregation,without_F0,,,F0
feature_bank_full_fusion_final_20260915,final,epn612,ALL,cross_user,0,F0|F1_X1H|F2b_CSP|F3_Ring|F4_Spectral|F5_Temporal|F6_IMU|F9_Quality,,,,0.4689701222301095,0.4777777777777778,1.4385062010988134,0.11376635542973497,0.13595309222225743,mean per-user aggregation,without_F1_X1H,,,F1_X1H
feature_bank_full_fusion_final_20260915,final,epn612,ALL,cross_user,0,F0|F1_X1H|F2b_CSP|F3_Ring|F4_Spectral|F5_Temporal|F6_IMU|F9_Quality,,,,0.48376857993100214,0.49333333333333335,1.4455637324494441,0.11414104803379149,0.15509146883624883,mean per-user aggregation,without_F2b_CSP,,,F2b_CSP
feature_bank_full_fusion_final_20260915,final,epn612,ALL,cross_user,0,F0|F1_X1H|F2b_CSP|F3_Ring|F4_Spectral|F5_Temporal|F6_IMU|F9_Quality,,,,0.46043622013282715,0.47333333333333333,1.4539990595739907,0.11455370953624194,0.1616335020628384,mean per-user aggregation,without_F3_Ring,,,F3_Ring
feature_bank_full_fusion_final_20260915,final,epn612,ALL,cross_user,0,F0|F1_X1H|F2b_CSP|F3_Ring|F4_Spectral|F5_Temporal|F6_IMU|F9_Quality,,,,0.4626295644758451,0.47333333333333333,1.4612830612592482,0.1155229442209076,0.13855772492590926,mean per-user aggregation,without_F4_Spectral,,,F4_Spectral
feature_bank_full_fusion_final_20260915,final,epn612,ALL,cross_user,0,F0|F1_X1H|F2b_CSP|F3_Ring|F4_Spectral|F5_Temporal|F6_IMU|F9_Quality,,,,0.46866609245396024,0.4777777777777778,1.466128225311211,0.11577716749959972,0.13494017002096775,mean per-user aggregation,without_F5_Temporal,,,F5_Temporal
feature_bank_full_fusion_final_20260915,final,epn612,ALL,cross_user,0,F0|F1_X1H|F2b_CSP|F3_Ring|F4_Spectral|F5_Temporal|F6_IMU|F9_Quality,,,,0.46806117534969266,0.47777777777777786,1.4637360408173195,0.11530403940547383,0.15103304701714407,mean per-user aggregation,without_F6_IMU,,,F6_IMU
feature_bank_full_fusion_final_20260915,final,epn612,ALL,cross_user,0,F0|F1_X1H|F2b_CSP|F3_Ring|F4_Spectral|F5_Temporal|F6_IMU|F9_Quality,,,,0.47837085497918785,0.48888888888888893,1.4804133897092246,0.11711276738188163,0.14348050864669948,mean per-user aggregation,without_F9_Quality,,,F9_Quality
feature_bank_full_fusion_final_20260915,final,epn612,ALL,cross_user,1,F0|F1_X1H|F2b_CSP|F3_Ring|F4_Spectral|F5_Temporal|F6_IMU|F9_Quality,,,,0.433177721892334,0.45601851851851855,1.4962319824809072,0.118201661182524,0.1629528909540884,mean per-user aggregation,full,,,NONE
feature_bank_full_fusion_final_20260915,final,epn612,ALL,cross_user,1,F0|F1_X1H|F2b_CSP|F3_Ring|F4_Spectral|F5_Temporal|F6_IMU|F9_Quality,,,,0.4646946568805368,0.47685185185185186,1.4454924299169611,0.11413018248945898,0.14146281660391552,mean per-user aggregation,without_F7_anchor,,,F7_anchor
feature_bank_full_fusion_final_20260915,final,epn612,ALL,cross_user,1,F0|F1_X1H|F2b_CSP|F3_Ring|F4_Spectral|F5_Temporal|F6_IMU|F9_Quality,,,,0.47731690861312304,0.4884259259259259,1.4509028070568804,0.1145598541720108,0.138161811303487,mean per-user aggregation,uniform_population,,,uniform_population
feature_bank_full_fusion_final_20260915,final,epn612,ALL,cross_user,1,F0|F1_X1H|F2b_CSP|F3_Ring|F4_Spectral|F5_Temporal|F6_IMU|F9_Quality,,,,0.4394189101674029,0.46064814814814814,1.505004604936295,0.11895309165569529,0.18375325925883138,mean per-user aggregation,without_F0,,,F0
feature_bank_full_fusion_final_20260915,final,epn612,ALL,cross_user,1,F0|F1_X1H|F2b_CSP|F3_Ring|F4_Spectral|F5_Temporal|F6_IMU|F9_Quality,,,,0.42763167897625953,0.4490740740740741,1.4856897266001134,0.11742037767174936,0.1586708014997494,mean per-user aggregation,without_F1_X1H,,,F1_X1H
feature_bank_full_fusion_final_20260915,final,epn612,ALL,cross_user,1,F0|F1_X1H|F2b_CSP|F3_Ring|F4_Spectral|F5_Temporal|F6_IMU|F9_Quality,,,,0.4494246292606876,0.46990740740740744,1.489103908555343,0.11761655413128125,0.17281958895406305,mean per-user aggregation,without_F2b_CSP,,,F2b_CSP
feature_bank_full_fusion_final_20260915,final,epn612,ALL,cross_user,1,F0|F1_X1H|F2b_CSP|F3_Ring|F4_Spectral|F5_Temporal|F6_IMU|F9_Quality,,,,0.4151782470862148,0.4421296296296296,1.4904321851461992,0.1175429042781511,0.14795217161038432,mean per-user aggregation,without_F3_Ring,,,F3_Ring
feature_bank_full_fusion_final_20260915,final,epn612,ALL,cross_user,1,F0|F1_X1H|F2b_CSP|F3_Ring|F4_Spectral|F5_Temporal|F6_IMU|F9_Quality,,,,0.43645267439693897,0.46064814814814814,1.503970330820018,0.11876735967689696,0.1823432657094862,mean per-user aggregation,without_F4_Spectral,,,F4_Spectral
feature_bank_full_fusion_final_20260915,final,epn612,ALL,cross_user,1,F0|F1_X1H|F2b_CSP|F3_Ring|F4_Spectral|F5_Temporal|F6_IMU|F9_Quality,,,,0.43532154031827175,0.4583333333333333,1.5013115694172123,0.11869860664719638,0.1540701164882268,mean per-user aggregation,without_F5_Temporal,,,F5_Temporal
feature_bank_full_fusion_final_20260915,final,epn612,ALL,cross_user,1,F0|F1_X1H|F2b_CSP|F3_Ring|F4_Spectral|F5_Temporal|F6_IMU|F9_Quality,,,,0.4297464835772416,0.4490740740740741,1.4957796734552964,0.11815788797572686,0.152866871297291,mean per-user aggregation,without_F6_IMU,,,F6_IMU
feature_bank_full_fusion_final_20260915,final,epn612,ALL,cross_user,1,F0|F1_X1H|F2b_CSP|F3_Ring|F4_Spectral|F5_Temporal|F6_IMU|F9_Quality,,,,0.430172191517721,0.4513888888888889,1.5133618572490606,0.1196043147079105,0.17553775207298297,mean per-user aggregation,without_F9_Quality,,,F9_Quality
feature_bank_full_fusion_final_20260915,final,epn612,ALL,cross_user,2,F0|F1_X1H|F2b_CSP|F3_Ring|F4_Spectral|F5_Temporal|F6_IMU|F9_Quality,,,,0.45242472072439804,0.48067632850241554,1.540555657927447,0.1217338294435773,0.18894831953612526,mean per-user aggregation,full,,,NONE
feature_bank_full_fusion_final_20260915,final,epn612,ALL,cross_user,2,F0|F1_X1H|F2b_CSP|F3_Ring|F4_Spectral|F5_Temporal|F6_IMU|F9_Quality,,,,0.47553236369271185,0.48550724637681153,1.454998394838982,0.11495683622864765,0.15569117587478162,mean per-user aggregation,without_F7_anchor,,,F7_anchor
feature_bank_full_fusion_final_20260915,final,epn612,ALL,cross_user,2,F0|F1_X1H|F2b_CSP|F3_Ring|F4_Spectral|F5_Temporal|F6_IMU|F9_Quality,,,,0.47700768012554984,0.4879227053140096,1.4488805901075885,0.11442981962701886,0.14585377295495788,mean per-user aggregation,uniform_population,,,uniform_population
feature_bank_full_fusion_final_20260915,final,epn612,ALL,cross_user,2,F0|F1_X1H|F2b_CSP|F3_Ring|F4_Spectral|F5_Temporal|F6_IMU|F9_Quality,,,,0.4396542374224424,0.4734299516908213,1.5511621774560787,0.12260118727297255,0.19784601445923236,mean per-user aggregation,without_F0,,,F0
feature_bank_full_fusion_final_20260915,final,epn612,ALL,cross_user,2,F0|F1_X1H|F2b_CSP|F3_Ring|F4_Spectral|F5_Temporal|F6_IMU|F9_Quality,,,,0.4498836414098344,0.47826086956521746,1.5342421505680803,0.12107099047742947,0.18329196808532863,mean per-user aggregation,without_F1_X1H,,,F1_X1H
feature_bank_full_fusion_final_20260915,final,epn612,ALL,cross_user,2,F0|F1_X1H|F2b_CSP|F3_Ring|F4_Spectral|F5_Temporal|F6_IMU|F9_Quality,,,,0.4795756604863511,0.5048309178743962,1.532760595255519,0.12108295859377904,0.2041744246915803,mean per-user aggregation,without_F2b_CSP,,,F2b_CSP
feature_bank_full_fusion_final_20260915,final,epn612,ALL,cross_user,2,F0|F1_X1H|F2b_CSP|F3_Ring|F4_Spectral|F5_Temporal|F6_IMU|F9_Quality,,,,0.4581487032508256,0.4903381642512077,1.5366101823450873,0.1212550755373613,0.19735247985322849,mean per-user aggregation,without_F3_Ring,,,F3_Ring
feature_bank_full_fusion_final_20260915,final,epn612,ALL,cross_user,2,F0|F1_X1H|F2b_CSP|F3_Ring|F4_Spectral|F5_Temporal|F6_IMU|F9_Quality,,,,0.4495952834465819,0.4758454106280194,1.5448289898727559,0.12217286238157758,0.20529627542676296,mean per-user aggregation,without_F4_Spectral,,,F4_Spectral
feature_bank_full_fusion_final_20260915,final,epn612,ALL,cross_user,2,F0|F1_X1H|F2b_CSP|F3_Ring|F4_Spectral|F5_Temporal|F6_IMU|F9_Quality,,,,0.455034540215374,0.4855072463768116,1.5418752683317056,0.12198801688760785,0.19442200102416105,mean per-user aggregation,without_F5_Temporal,,,F5_Temporal
feature_bank_full_fusion_final_20260915,final,epn612,ALL,cross_user,2,F0|F1_X1H|F2b_CSP|F3_Ring|F4_Spectral|F5_Temporal|F6_IMU|F9_Quality,,,,0.456882104818032,0.48067632850241554,1.5403990396737282,0.12156282759985222,0.18926425846568184,mean per-user aggregation,without_F6_IMU,,,F6_IMU
feature_bank_full_fusion_final_20260915,final,epn612,ALL,cross_user,2,F0|F1_X1H|F2b_CSP|F3_Ring|F4_Spectral|F5_Temporal|F6_IMU|F9_Quality,,,,0.44070569335853843,0.4734299516908213,1.5519348912197126,0.12273350225192907,0.19247696818774793,mean per-user aggregation,without_F9_Quality,,,F9_Quality
feature_bank_full_fusion_final_20260915,final,epn612,ALL,cross_user,5,F0|F1_X1H|F2b_CSP|F3_Ring|F4_Spectral|F5_Temporal|F6_IMU|F9_Quality,,,,0.47316329316394556,0.49444444444444446,1.5722771167428957,0.12437913480987517,0.23735899298479132,mean per-user aggregation,full,,,NONE
feature_bank_full_fusion_final_20260915,final,epn612,ALL,cross_user,5,F0|F1_X1H|F2b_CSP|F3_Ring|F4_Spectral|F5_Temporal|F6_IMU|F9_Quality,,,,0.49493670831365094,0.5055555555555555,1.439431506966984,0.11367363910054828,0.17510920461998247,mean per-user aggregation,without_F7_anchor,,,F7_anchor
feature_bank_full_fusion_final_20260915,final,epn612,ALL,cross_user,5,F0|F1_X1H|F2b_CSP|F3_Ring|F4_Spectral|F5_Temporal|F6_IMU|F9_Quality,,,,0.48291011226025155,0.49444444444444446,1.4417229963016436,0.11381827340611643,0.14734625696159162,mean per-user aggregation,uniform_population,,,uniform_population
feature_bank_full_fusion_final_20260915,final,epn612,ALL,cross_user,5,F0|F1_X1H|F2b_CSP|F3_Ring|F4_Spectral|F5_Temporal|F6_IMU|F9_Quality,,,,0.47567606379564836,0.49444444444444446,1.5779814059130193,0.12487293931671822,0.23190424355003988,mean per-user aggregation,without_F0,,,F0
feature_bank_full_fusion_final_20260915,final,epn612,ALL,cross_user,5,F0|F1_X1H|F2b_CSP|F3_Ring|F4_Spectral|F5_Temporal|F6_IMU|F9_Quality,,,,0.477237551904748,0.49444444444444446,1.5713064770259895,0.12414546665457817,0.2235776670324666,mean per-user aggregation,without_F1_X1H,,,F1_X1H
feature_bank_full_fusion_final_20260915,final,epn612,ALL,cross_user,5,F0|F1_X1H|F2b_CSP|F3_Ring|F4_Spectral|F5_Temporal|F6_IMU|F9_Quality,,,,0.478290975404804,0.49444444444444446,1.5696993918965854,0.1241024691462197,0.2276040617068232,mean per-user aggregation,without_F2b_CSP,,,F2b_CSP
feature_bank_full_fusion_final_20260915,final,epn612,ALL,cross_user,5,F0|F1_X1H|F2b_CSP|F3_Ring|F4_Spectral|F5_Temporal|F6_IMU|F9_Quality,,,,0.463456110283137,0.48611111111111116,1.5670877615816574,0.12385901545599154,0.21837883567824026,mean per-user aggregation,without_F3_Ring,,,F3_Ring
feature_bank_full_fusion_final_20260915,final,epn612,ALL,cross_user,5,F0|F1_X1H|F2b_CSP|F3_Ring|F4_Spectral|F5_Temporal|F6_IMU|F9_Quality,,,,0.47064302829731663,0.49444444444444446,1.574346597293579,0.12475108018984621,0.2220254288081177,mean per-user aggregation,without_F4_Spectral,,,F4_Spectral
feature_bank_full_fusion_final_20260915,final,epn612,ALL,cross_user,5,F0|F1_X1H|F2b_CSP|F3_Ring|F4_Spectral|F5_Temporal|F6_IMU|F9_Quality,,,,0.4658207172962572,0.48888888888888893,1.5712029992885477,0.1244005556253069,0.23561665123659,mean per-user aggregation,without_F5_Temporal,,,F5_Temporal
feature_bank_full_fusion_final_20260915,final,epn612,ALL,cross_user,5,F0|F1_X1H|F2b_CSP|F3_Ring|F4_Spectral|F5_Temporal|F6_IMU|F9_Quality,,,,0.45716639390330127,0.48055555555555557,1.5735645400840157,0.12428129281165316,0.22116066123429987,mean per-user aggregation,without_F6_IMU,,,F6_IMU
feature_bank_full_fusion_final_20260915,final,epn612,ALL,cross_user,5,F0|F1_X1H|F2b_CSP|F3_Ring|F4_Spectral|F5_Temporal|F6_IMU|F9_Quality,,,,0.487055147412422,0.5027777777777778,1.5797181013136667,0.1250072518419891,0.24147005377134634,mean per-user aggregation,without_F9_Quality,,,F9_Quality
feature_bank_manus_full_fusion_validation_20260915,validation,semg_manus,3,session_2,0,F0|F1_X1H|F2b_CSP|F3_Ring|F4_Spectral|F5_Temporal|F6_IMU|F9_Quality,,,,0.3254901960784314,0.3888888888888889,1.4479368613168824,0.12261275327408348,0.3439596038201238,"{""flexext_fist"":0.8,""flexext_thumb"":0.35294117647058826,""flexext_index"":0.0,""flexext_middle"":0.0,""flexext_ring"":0.8,""flexext_pinky"":0.0}",full,,,NONE
feature_bank_manus_full_fusion_validation_20260915,validation,semg_manus,3,session_2,0,F0|F1_X1H|F2b_CSP|F3_Ring|F4_Spectral|F5_Temporal|F6_IMU|F9_Quality,,,,0.3254901960784314,0.3888888888888889,1.4479368613168824,0.12261275327408348,0.3439596038201238,"{""flexext_fist"":0.8,""flexext_thumb"":0.35294117647058826,""flexext_index"":0.0,""flexext_middle"":0.0,""flexext_ring"":0.8,""flexext_pinky"":0.0}",without_F7_anchor,,,F7_anchor
feature_bank_manus_full_fusion_validation_20260915,validation,semg_manus,3,session_2,0,F0|F1_X1H|F2b_CSP|F3_Ring|F4_Spectral|F5_Temporal|F6_IMU|F9_Quality,,,,0.3254901960784314,0.3888888888888889,1.4479368613168824,0.12261275327408348,0.3439596038201238,"{""flexext_fist"":0.8,""flexext_thumb"":0.35294117647058826,""flexext_index"":0.0,""flexext_middle"":0.0,""flexext_ring"":0.8,""flexext_pinky"":0.0}",uniform_population,,,uniform_population
feature_bank_manus_full_fusion_validation_20260915,validation,semg_manus,3,session_2,0,F0|F1_X1H|F2b_CSP|F3_Ring|F4_Spectral|F5_Temporal|F6_IMU|F9_Quality,,,,0.3254901960784314,0.3888888888888889,1.4307518758169449,0.11991838914856214,0.2889691111307979,"{""flexext_fist"":0.8,""flexext_thumb"":0.35294117647058826,""flexext_index"":0.0,""flexext_middle"":0.0,""flexext_ring"":0.8,""flexext_pinky"":0.0}",without_F0,,,F0
feature_bank_manus_full_fusion_validation_20260915,validation,semg_manus,3,session_2,0,F0|F1_X1H|F2b_CSP|F3_Ring|F4_Spectral|F5_Temporal|F6_IMU|F9_Quality,,,,0.2722222222222222,0.3333333333333333,1.532027194848576,0.129861722718662,0.2706401321248221,"{""flexext_fist"":0.8,""flexext_thumb"":0.3333333333333333,""flexext_index"":0.0,""flexext_middle"":0.0,""flexext_ring"":0.5,""flexext_pinky"":0.0}",without_F1_X1H,,,F1_X1H
feature_bank_manus_full_fusion_validation_20260915,validation,semg_manus,3,session_2,0,F0|F1_X1H|F2b_CSP|F3_Ring|F4_Spectral|F5_Temporal|F6_IMU|F9_Quality,,,,0.3254901960784314,0.3888888888888889,1.5499171369450528,0.13050024632000493,0.3499366286107979,"{""flexext_fist"":0.8,""flexext_thumb"":0.35294117647058826,""flexext_index"":0.0,""flexext_middle"":0.0,""flexext_ring"":0.8,""flexext_pinky"":0.0}",without_F2b_CSP,,,F2b_CSP
feature_bank_manus_full_fusion_validation_20260915,validation,semg_manus,3,session_2,0,F0|F1_X1H|F2b_CSP|F3_Ring|F4_Spectral|F5_Temporal|F6_IMU|F9_Quality,,,,0.3254901960784314,0.3888888888888889,1.3978244893147493,0.12278990296243562,0.30186861688247474,"{""flexext_fist"":0.8,""flexext_thumb"":0.35294117647058826,""flexext_index"":0.0,""flexext_middle"":0.0,""flexext_ring"":0.8,""flexext_pinky"":0.0}",without_F3_Ring,,,F3_Ring
feature_bank_manus_full_fusion_validation_20260915,validation,semg_manus,3,session_2,0,F0|F1_X1H|F2b_CSP|F3_Ring|F4_Spectral|F5_Temporal|F6_IMU|F9_Quality,,,,0.2791666666666667,0.3333333333333333,1.431101368941706,0.12087195114469565,0.24978716011761534,"{""flexext_fist"":0.8,""flexext_thumb"":0.375,""flexext_index"":0.0,""flexext_middle"":0.0,""flexext_ring"":0.5,""flexext_pinky"":0.0}",without_F4_Spectral,,,F4_Spectral
feature_bank_manus_full_fusion_validation_20260915,validation,semg_manus,3,session_2,0,F0|F1_X1H|F2b_CSP|F3_Ring|F4_Spectral|F5_Temporal|F6_IMU|F9_Quality,,,,0.3625,0.4444444444444444,1.449682926857733,0.12136839787787296,0.39281281464921175,"{""flexext_fist"":1.0,""flexext_thumb"":0.375,""flexext_index"":0.0,""flexext_middle"":0.0,""flexext_ring"":0.8,""flexext_pinky"":0.0}",without_F5_Temporal,,,F5_Temporal
feature_bank_manus_full_fusion_validation_20260915,validation,semg_manus,3,session_2,0,F0|F1_X1H|F2b_CSP|F3_Ring|F4_Spectral|F5_Temporal|F6_IMU|F9_Quality,,,,0.3254901960784314,0.3888888888888889,1.4326655981152956,0.12166192250502895,0.2971628806459385,"{""flexext_fist"":0.8,""flexext_thumb"":0.35294117647058826,""flexext_index"":0.0,""flexext_middle"":0.0,""flexext_ring"":0.8,""flexext_pinky"":0.0}",without_F6_IMU,,,F6_IMU
feature_bank_manus_full_fusion_validation_20260915,validation,semg_manus,3,session_2,0,F0|F1_X1H|F2b_CSP|F3_Ring|F4_Spectral|F5_Temporal|F6_IMU|F9_Quality,,,,0.3625,0.4444444444444444,1.4325297110406734,0.11935515061006044,0.24856751551267892,"{""flexext_fist"":1.0,""flexext_thumb"":0.375,""flexext_index"":0.0,""flexext_middle"":0.0,""flexext_ring"":0.8,""flexext_pinky"":0.0}",without_F9_Quality,,,F9_Quality
feature_bank_manus_full_fusion_validation_20260915,validation,semg_manus,3,session_2,0,F0|F1_X1H|F2b_CSP|F3_Ring|F4_Spectral|F5_Temporal|F6_IMU|F9_Quality,,,,0.3254901960784314,0.3888888888888889,1.4479368613168824,0.12261275327408348,0.3439596038201238,"{""flexext_fist"":0.8,""flexext_thumb"":0.35294117647058826,""flexext_index"":0.0,""flexext_middle"":0.0,""flexext_ring"":0.8,""flexext_pinky"":0.0}",with_F8_context,,,with_F8_context
feature_bank_manus_full_fusion_validation_20260915,validation,semg_manus,3,session_2,0,F0|F1_X1H|F2b_CSP|F3_Ring|F4_Spectral|F5_Temporal|F6_IMU|F9_Quality,,,,0.3254901960784314,0.3888888888888889,1.4616230724006882,0.12389492247354038,0.3483026556221261,"{""flexext_fist"":0.8,""flexext_thumb"":0.35294117647058826,""flexext_index"":0.0,""flexext_middle"":0.0,""flexext_ring"":0.8,""flexext_pinky"":0.0}",with_F8_F9_quality,,,with_F8_F9_quality
feature_bank_manus_full_fusion_validation_20260915,validation,semg_manus,3,session_2,1,F0|F1_X1H|F2b_CSP|F3_Ring|F4_Spectral|F5_Temporal|F6_IMU|F9_Quality,,,,0.39999999999999997,0.5,1.323406335431324,0.10677727318878986,0.33265656839315444,"{""flexext_fist"":1.0,""flexext_thumb"":0.4,""flexext_index"":0.0,""flexext_middle"":0.0,""flexext_ring"":1.0,""flexext_pinky"":0.0}",full,,,NONE
feature_bank_manus_full_fusion_validation_20260915,validation,semg_manus,3,session_2,1,F0|F1_X1H|F2b_CSP|F3_Ring|F4_Spectral|F5_Temporal|F6_IMU|F9_Quality,,,,0.39999999999999997,0.5,1.3762751593316522,0.11226102136377977,0.23245638477449446,"{""flexext_fist"":1.0,""flexext_thumb"":0.4,""flexext_index"":0.0,""flexext_middle"":0.0,""flexext_ring"":1.0,""flexext_pinky"":0.0}",without_F7_anchor,,,F7_anchor
feature_bank_manus_full_fusion_validation_20260915,validation,semg_manus,3,session_2,1,F0|F1_X1H|F2b_CSP|F3_Ring|F4_Spectral|F5_Temporal|F6_IMU|F9_Quality,,,,0.39999999999999997,0.5,1.3428459725861714,0.11056643734602829,0.2626236168536817,"{""flexext_fist"":1.0,""flexext_thumb"":0.4,""flexext_index"":0.0,""flexext_middle"":0.0,""flexext_ring"":1.0,""flexext_pinky"":0.0}",uniform_population,,,uniform_population
feature_bank_manus_full_fusion_validation_20260915,validation,semg_manus,3,session_2,1,F0|F1_X1H|F2b_CSP|F3_Ring|F4_Spectral|F5_Temporal|F6_IMU|F9_Quality,,,,0.39999999999999997,0.5,1.323303968084257,0.1063078045466319,0.20113092662919996,"{""flexext_fist"":1.0,""flexext_thumb"":0.4,""flexext_index"":0.0,""flexext_middle"":0.0,""flexext_ring"":1.0,""flexext_pinky"":0.0}",without_F0,,,F0
feature_bank_manus_full_fusion_validation_20260915,validation,semg_manus,3,session_2,1,F0|F1_X1H|F2b_CSP|F3_Ring|F4_Spectral|F5_Temporal|F6_IMU|F9_Quality,,,,0.39999999999999997,0.5,1.3565035355587245,0.10973476460806812,0.20590620227768325,"{""flexext_fist"":1.0,""flexext_thumb"":0.4,""flexext_index"":0.0,""flexext_middle"":0.0,""flexext_ring"":1.0,""flexext_pinky"":0.0}",without_F1_X1H,,,F1_X1H
feature_bank_manus_full_fusion_validation_20260915,validation,semg_manus,3,session_2,1,F0|F1_X1H|F2b_CSP|F3_Ring|F4_Spectral|F5_Temporal|F6_IMU|F9_Quality,,,,0.39999999999999997,0.5,1.3682427685159109,0.11004863569026775,0.2016746986040322,"{""flexext_fist"":1.0,""flexext_thumb"":0.4,""flexext_index"":0.0,""flexext_middle"":0.0,""flexext_ring"":1.0,""flexext_pinky"":0.0}",without_F2b_CSP,,,F2b_CSP
feature_bank_manus_full_fusion_validation_20260915,validation,semg_manus,3,session_2,1,F0|F1_X1H|F2b_CSP|F3_Ring|F4_Spectral|F5_Temporal|F6_IMU|F9_Quality,,,,0.39999999999999997,0.5,1.2476187446391138,0.10277731139458067,0.3194443202914703,"{""flexext_fist"":1.0,""flexext_thumb"":0.4,""flexext_index"":0.0,""flexext_middle"":0.0,""flexext_ring"":1.0,""flexext_pinky"":0.0}",without_F3_Ring,,,F3_Ring
feature_bank_manus_full_fusion_validation_20260915,validation,semg_manus,3,session_2,1,F0|F1_X1H|F2b_CSP|F3_Ring|F4_Spectral|F5_Temporal|F6_IMU|F9_Quality,,,,0.40740740740740744,0.5,1.3341785020952883,0.10787798481644316,0.3117728007562172,"{""flexext_fist"":1.0,""flexext_thumb"":0.4444444444444444,""flexext_index"":0.0,""flexext_middle"":0.0,""flexext_ring"":1.0,""flexext_pinky"":0.0}",without_F4_Spectral,,,F4_Spectral
feature_bank_manus_full_fusion_validation_20260915,validation,semg_manus,3,session_2,1,F0|F1_X1H|F2b_CSP|F3_Ring|F4_Spectral|F5_Temporal|F6_IMU|F9_Quality,,,,0.39999999999999997,0.5,1.3308962507671909,0.10696340126195819,0.23008482553738568,"{""flexext_fist"":1.0,""flexext_thumb"":0.4,""flexext_index"":0.0,""flexext_middle"":0.0,""flexext_ring"":1.0,""flexext_pinky"":0.0}",without_F5_Temporal,,,F5_Temporal
feature_bank_manus_full_fusion_validation_20260915,validation,semg_manus,3,session_2,1,F0|F1_X1H|F2b_CSP|F3_Ring|F4_Spectral|F5_Temporal|F6_IMU|F9_Quality,,,,0.39999999999999997,0.5,1.3112190498498817,0.10560226728499716,0.2641960399437899,"{""flexext_fist"":1.0,""flexext_thumb"":0.4,""flexext_index"":0.0,""flexext_middle"":0.0,""flexext_ring"":1.0,""flexext_pinky"":0.0}",without_F6_IMU,,,F6_IMU
feature_bank_manus_full_fusion_validation_20260915,validation,semg_manus,3,session_2,1,F0|F1_X1H|F2b_CSP|F3_Ring|F4_Spectral|F5_Temporal|F6_IMU|F9_Quality,,,,0.37407407407407406,0.5,1.3472330897632687,0.10778946253017015,0.24754150192151556,"{""flexext_fist"":0.8,""flexext_thumb"":0.4444444444444444,""flexext_index"":0.0,""flexext_middle"":0.0,""flexext_ring"":1.0,""flexext_pinky"":0.0}",without_F9_Quality,,,F9_Quality
feature_bank_manus_full_fusion_validation_20260915,validation,semg_manus,3,session_2,1,F0|F1_X1H|F2b_CSP|F3_Ring|F4_Spectral|F5_Temporal|F6_IMU|F9_Quality,,,,0.39999999999999997,0.5,1.3083004003794216,0.10533797721971795,0.22263967244207813,"{""flexext_fist"":1.0,""flexext_thumb"":0.4,""flexext_index"":0.0,""flexext_middle"":0.0,""flexext_ring"":1.0,""flexext_pinky"":0.0}",with_F8_context,,,with_F8_context
feature_bank_manus_full_fusion_validation_20260915,validation,semg_manus,3,session_2,1,F0|F1_X1H|F2b_CSP|F3_Ring|F4_Spectral|F5_Temporal|F6_IMU|F9_Quality,,,,0.39999999999999997,0.5,1.3129737675118804,0.10581215458493348,0.17981236559692376,"{""flexext_fist"":1.0,""flexext_thumb"":0.4,""flexext_index"":0.0,""flexext_middle"":0.0,""flexext_ring"":1.0,""flexext_pinky"":0.0}",with_F8_F9_quality,,,with_F8_F9_quality
feature_bank_manus_full_fusion_validation_20260915,validation,semg_manus,3,session_2,2,F0|F1_X1H|F2b_CSP|F3_Ring|F4_Spectral|F5_Temporal|F6_IMU|F9_Quality,,,,0.39999999999999997,0.5,1.2501226089165136,0.09925883108027207,0.3147913106500066,"{""flexext_fist"":1.0,""flexext_thumb"":0.4,""flexext_index"":0.0,""flexext_middle"":0.0,""flexext_ring"":1.0,""flexext_pinky"":0.0}",full,,,NONE
feature_bank_manus_full_fusion_validation_20260915,validation,semg_manus,3,session_2,2,F0|F1_X1H|F2b_CSP|F3_Ring|F4_Spectral|F5_Temporal|F6_IMU|F9_Quality,,,,0.39999999999999997,0.5,1.2912657073651614,0.10278242904692056,0.4001465395056707,"{""flexext_fist"":1.0,""flexext_thumb"":0.4,""flexext_index"":0.0,""flexext_middle"":0.0,""flexext_ring"":1.0,""flexext_pinky"":0.0}",without_F7_anchor,,,F7_anchor
feature_bank_manus_full_fusion_validation_20260915,validation,semg_manus,3,session_2,2,F0|F1_X1H|F2b_CSP|F3_Ring|F4_Spectral|F5_Temporal|F6_IMU|F9_Quality,,,,0.39999999999999997,0.5,1.3252894660485162,0.10396967825493884,0.39908189653079335,"{""flexext_fist"":1.0,""flexext_thumb"":0.4,""flexext_index"":0.0,""flexext_middle"":0.0,""flexext_ring"":1.0,""flexext_pinky"":0.0}",uniform_population,,,uniform_population
feature_bank_manus_full_fusion_validation_20260915,validation,semg_manus,3,session_2,2,F0|F1_X1H|F2b_CSP|F3_Ring|F4_Spectral|F5_Temporal|F6_IMU|F9_Quality,,,,0.39999999999999997,0.5,1.2460280588325274,0.0988419197838079,0.1977801778395894,"{""flexext_fist"":1.0,""flexext_thumb"":0.4,""flexext_index"":0.0,""flexext_middle"":0.0,""flexext_ring"":1.0,""flexext_pinky"":0.0}",without_F0,,,F0
feature_bank_manus_full_fusion_validation_20260915,validation,semg_manus,3,session_2,2,F0|F1_X1H|F2b_CSP|F3_Ring|F4_Spectral|F5_Temporal|F6_IMU|F9_Quality,,,,0.39999999999999997,0.5,1.2715664004438192,0.10159594952905197,0.20707526165795037,"{""flexext_fist"":1.0,""flexext_thumb"":0.4,""flexext_index"":0.0,""flexext_middle"":0.0,""flexext_ring"":1.0,""flexext_pinky"":0.0}",without_F1_X1H,,,F1_X1H
feature_bank_manus_full_fusion_validation_20260915,validation,semg_manus,3,session_2,2,F0|F1_X1H|F2b_CSP|F3_Ring|F4_Spectral|F5_Temporal|F6_IMU|F9_Quality,,,,0.39999999999999997,0.5,1.2750218817796013,0.1014423057801051,0.21332347578061076,"{""flexext_fist"":1.0,""flexext_thumb"":0.4,""flexext_index"":0.0,""flexext_middle"":0.0,""flexext_ring"":1.0,""flexext_pinky"":0.0}",without_F2b_CSP,,,F2b_CSP
feature_bank_manus_full_fusion_validation_20260915,validation,semg_manus,3,session_2,2,F0|F1_X1H|F2b_CSP|F3_Ring|F4_Spectral|F5_Temporal|F6_IMU|F9_Quality,,,,0.39999999999999997,0.5,1.2064525272007447,0.09646430885308593,0.19084522788137145,"{""flexext_fist"":1.0,""flexext_thumb"":0.4,""flexext_index"":0.0,""flexext_middle"":0.0,""flexext_ring"":1.0,""flexext_pinky"":0.0}",without_F3_Ring,,,F3_Ring
feature_bank_manus_full_fusion_validation_20260915,validation,semg_manus,3,session_2,2,F0|F1_X1H|F2b_CSP|F3_Ring|F4_Spectral|F5_Temporal|F6_IMU|F9_Quality,,,,0.39999999999999997,0.5,1.2438385029309704,0.09887646145356235,0.19254702174922483,"{""flexext_fist"":1.0,""flexext_thumb"":0.4,""flexext_index"":0.0,""flexext_middle"":0.0,""flexext_ring"":1.0,""flexext_pinky"":0.0}",without_F4_Spectral,,,F4_Spectral
feature_bank_manus_full_fusion_validation_20260915,validation,semg_manus,3,session_2,2,F0|F1_X1H|F2b_CSP|F3_Ring|F4_Spectral|F5_Temporal|F6_IMU|F9_Quality,,,,0.39999999999999997,0.5,1.2477616135040244,0.09932533731272179,0.18066165086167596,"{""flexext_fist"":1.0,""flexext_thumb"":0.4,""flexext_index"":0.0,""flexext_middle"":0.0,""flexext_ring"":1.0,""flexext_pinky"":0.0}",without_F5_Temporal,,,F5_Temporal
feature_bank_manus_full_fusion_validation_20260915,validation,semg_manus,3,session_2,2,F0|F1_X1H|F2b_CSP|F3_Ring|F4_Spectral|F5_Temporal|F6_IMU|F9_Quality,,,,0.39999999999999997,0.5,1.2476304317343891,0.09780827089770798,0.16463535997067152,"{""flexext_fist"":1.0,""flexext_thumb"":0.4,""flexext_index"":0.0,""flexext_middle"":0.0,""flexext_ring"":1.0,""flexext_pinky"":0.0}",without_F6_IMU,,,F6_IMU
feature_bank_manus_full_fusion_validation_20260915,validation,semg_manus,3,session_2,2,F0|F1_X1H|F2b_CSP|F3_Ring|F4_Spectral|F5_Temporal|F6_IMU|F9_Quality,,,,0.39999999999999997,0.5,1.2783031939047251,0.10128873520944831,0.19689747376089972,"{""flexext_fist"":1.0,""flexext_thumb"":0.4,""flexext_index"":0.0,""flexext_middle"":0.0,""flexext_ring"":1.0,""flexext_pinky"":0.0}",without_F9_Quality,,,F9_Quality
feature_bank_manus_full_fusion_validation_20260915,validation,semg_manus,3,session_2,2,F0|F1_X1H|F2b_CSP|F3_Ring|F4_Spectral|F5_Temporal|F6_IMU|F9_Quality,,,,0.39999999999999997,0.5,1.2433308880759781,0.09828167838289341,0.17349801237283313,"{""flexext_fist"":1.0,""flexext_thumb"":0.4,""flexext_index"":0.0,""flexext_middle"":0.0,""flexext_ring"":1.0,""flexext_pinky"":0.0}",with_F8_context,,,with_F8_context
feature_bank_manus_full_fusion_validation_20260915,validation,semg_manus,3,session_2,2,F0|F1_X1H|F2b_CSP|F3_Ring|F4_Spectral|F5_Temporal|F6_IMU|F9_Quality,,,,0.39999999999999997,0.5,1.2437076655015096,0.09848273668645766,0.177913483567816,"{""flexext_fist"":1.0,""flexext_thumb"":0.4,""flexext_index"":0.0,""flexext_middle"":0.0,""flexext_ring"":1.0,""flexext_pinky"":0.0}",with_F8_F9_quality,,,with_F8_F9_quality
feature_bank_manus_full_fusion_validation_20260915,validation,semg_manus,4,session_2,0,F0|F1_X1H|F2b_CSP|F3_Ring|F4_Spectral|F5_Temporal|F6_IMU|F9_Quality,,,,0.4558441558441559,0.5,1.6925747619755738,0.12870843756498085,0.28403306733491523,"{""flexext_fist"":1.0,""flexext_thumb"":0.8,""flexext_index"":0.5714285714285714,""flexext_middle"":0.36363636363636365,""flexext_ring"":0.0,""flexext_pinky"":0.0}",full,,,NONE
feature_bank_manus_full_fusion_validation_20260915,validation,semg_manus,4,session_2,0,F0|F1_X1H|F2b_CSP|F3_Ring|F4_Spectral|F5_Temporal|F6_IMU|F9_Quality,,,,0.4558441558441559,0.5,1.6925747619755738,0.12870843756498085,0.28403306733491523,"{""flexext_fist"":1.0,""flexext_thumb"":0.8,""flexext_index"":0.5714285714285714,""flexext_middle"":0.36363636363636365,""flexext_ring"":0.0,""flexext_pinky"":0.0}",without_F7_anchor,,,F7_anchor
feature_bank_manus_full_fusion_validation_20260915,validation,semg_manus,4,session_2,0,F0|F1_X1H|F2b_CSP|F3_Ring|F4_Spectral|F5_Temporal|F6_IMU|F9_Quality,,,,0.4558441558441559,0.5,1.6925747619755738,0.12870843756498085,0.28403306733491523,"{""flexext_fist"":1.0,""flexext_thumb"":0.8,""flexext_index"":0.5714285714285714,""flexext_middle"":0.36363636363636365,""flexext_ring"":0.0,""flexext_pinky"":0.0}",uniform_population,,,uniform_population
feature_bank_manus_full_fusion_validation_20260915,validation,semg_manus,4,session_2,0,F0|F1_X1H|F2b_CSP|F3_Ring|F4_Spectral|F5_Temporal|F6_IMU|F9_Quality,,,,0.4558441558441559,0.5,1.6904267707218417,0.1291248821386969,0.22942501744062213,"{""flexext_fist"":1.0,""flexext_thumb"":0.8,""flexext_index"":0.5714285714285714,""flexext_middle"":0.36363636363636365,""flexext_ring"":0.0,""flexext_pinky"":0.0}",without_F0,,,F0
feature_bank_manus_full_fusion_validation_20260915,validation,semg_manus,4,session_2,0,F0|F1_X1H|F2b_CSP|F3_Ring|F4_Spectral|F5_Temporal|F6_IMU|F9_Quality,,,,0.41111111111111115,0.4444444444444444,1.6487962322105132,0.1265093545055272,0.3069152060907068,"{""flexext_fist"":1.0,""flexext_thumb"":0.8,""flexext_index"":0.3333333333333333,""flexext_middle"":0.3333333333333333,""flexext_ring"":0.0,""flexext_pinky"":0.0}",without_F1_X1H,,,F1_X1H
feature_bank_manus_full_fusion_validation_20260915,validation,semg_manus,4,session_2,0,F0|F1_X1H|F2b_CSP|F3_Ring|F4_Spectral|F5_Temporal|F6_IMU|F9_Quality,,,,0.4558441558441559,0.5,1.6304470129423818,0.12539602735126665,0.22542216168979473,"{""flexext_fist"":1.0,""flexext_thumb"":0.8,""flexext_index"":0.5714285714285714,""flexext_middle"":0.36363636363636365,""flexext_ring"":0.0,""flexext_pinky"":0.0}",without_F2b_CSP,,,F2b_CSP
feature_bank_manus_full_fusion_validation_20260915,validation,semg_manus,4,session_2,0,F0|F1_X1H|F2b_CSP|F3_Ring|F4_Spectral|F5_Temporal|F6_IMU|F9_Quality,,,,0.41794871794871796,0.4444444444444444,1.8424498518031338,0.13223025835050073,0.16695261976040138,"{""flexext_fist"":1.0,""flexext_thumb"":0.8,""flexext_index"":0.4,""flexext_middle"":0.3076923076923077,""flexext_ring"":0.0,""flexext_pinky"":0.0}",without_F3_Ring,,,F3_Ring
feature_bank_manus_full_fusion_validation_20260915,validation,semg_manus,4,session_2,0,F0|F1_X1H|F2b_CSP|F3_Ring|F4_Spectral|F5_Temporal|F6_IMU|F9_Quality,,,,0.31363636363636366,0.3333333333333333,1.7373316429073633,0.131080569908354,0.18036263535124594,"{""flexext_fist"":0.8,""flexext_thumb"":0.4,""flexext_index"":0.5,""flexext_middle"":0.18181818181818182,""flexext_ring"":0.0,""flexext_pinky"":0.0}",without_F4_Spectral,,,F4_Spectral
feature_bank_manus_full_fusion_validation_20260915,validation,semg_manus,4,session_2,0,F0|F1_X1H|F2b_CSP|F3_Ring|F4_Spectral|F5_Temporal|F6_IMU|F9_Quality,,,,0.36111111111111116,0.3888888888888889,1.6840016455804399,0.12925701932226386,0.22265693436018952,"{""flexext_fist"":0.8,""flexext_thumb"":0.6666666666666666,""flexext_index"":0.5,""flexext_middle"":0.2,""flexext_ring"":0.0,""flexext_pinky"":0.0}",without_F5_Temporal,,,F5_Temporal
feature_bank_manus_full_fusion_validation_20260915,validation,semg_manus,4,session_2,0,F0|F1_X1H|F2b_CSP|F3_Ring|F4_Spectral|F5_Temporal|F6_IMU|F9_Quality,,,,0.4558441558441559,0.5,1.7310308661292995,0.13082081017812416,0.28009440478581793,"{""flexext_fist"":1.0,""flexext_thumb"":0.8,""flexext_index"":0.5714285714285714,""flexext_middle"":0.36363636363636365,""flexext_ring"":0.0,""flexext_pinky"":0.0}",without_F6_IMU,,,F6_IMU
feature_bank_manus_full_fusion_validation_20260915,validation,semg_manus,4,session_2,0,F0|F1_X1H|F2b_CSP|F3_Ring|F4_Spectral|F5_Temporal|F6_IMU|F9_Quality,,,,0.37792207792207794,0.3888888888888889,1.7029456543911643,0.13009897280301091,0.1439287950095577,"{""flexext_fist"":1.0,""flexext_thumb"":0.8,""flexext_index"":0.2857142857142857,""flexext_middle"":0.18181818181818182,""flexext_ring"":0.0,""flexext_pinky"":0.0}",without_F9_Quality,,,F9_Quality
feature_bank_manus_full_fusion_validation_20260915,validation,semg_manus,4,session_2,0,F0|F1_X1H|F2b_CSP|F3_Ring|F4_Spectral|F5_Temporal|F6_IMU|F9_Quality,,,,0.4558441558441559,0.5,1.6925747619755738,0.12870843756498085,0.28403306733491523,"{""flexext_fist"":1.0,""flexext_thumb"":0.8,""flexext_index"":0.5714285714285714,""flexext_middle"":0.36363636363636365,""flexext_ring"":0.0,""flexext_pinky"":0.0}",with_F8_context,,,with_F8_context
feature_bank_manus_full_fusion_validation_20260915,validation,semg_manus,4,session_2,0,F0|F1_X1H|F2b_CSP|F3_Ring|F4_Spectral|F5_Temporal|F6_IMU|F9_Quality,,,,0.4558441558441559,0.5,1.679140770886673,0.1279641068274036,0.3198088567612531,"{""flexext_fist"":1.0,""flexext_thumb"":0.8,""flexext_index"":0.5714285714285714,""flexext_middle"":0.36363636363636365,""flexext_ring"":0.0,""flexext_pinky"":0.0}",with_F8_F9_quality,,,with_F8_F9_quality
feature_bank_manus_full_fusion_validation_20260915,validation,semg_manus,4,session_2,1,F0|F1_X1H|F2b_CSP|F3_Ring|F4_Spectral|F5_Temporal|F6_IMU|F9_Quality,,,,0.4476190476190476,0.5,1.5826066629220745,0.12470353755015405,0.1429247337550205,"{""flexext_fist"":1.0,""flexext_thumb"":1.0,""flexext_index"":0.4,""flexext_middle"":0.2857142857142857,""flexext_ring"":0.0,""flexext_pinky"":0.0}",full,,,NONE
feature_bank_manus_full_fusion_validation_20260915,validation,semg_manus,4,session_2,1,F0|F1_X1H|F2b_CSP|F3_Ring|F4_Spectral|F5_Temporal|F6_IMU|F9_Quality,,,,0.4476190476190476,0.5,1.744850948606717,0.13044602068284888,0.3178771326876478,"{""flexext_fist"":1.0,""flexext_thumb"":1.0,""flexext_index"":0.4,""flexext_middle"":0.2857142857142857,""flexext_ring"":0.0,""flexext_pinky"":0.0}",without_F7_anchor,,,F7_anchor
feature_bank_manus_full_fusion_validation_20260915,validation,semg_manus,4,session_2,1,F0|F1_X1H|F2b_CSP|F3_Ring|F4_Spectral|F5_Temporal|F6_IMU|F9_Quality,,,,0.4476190476190476,0.5,1.772032889729819,0.13238736320765052,0.4307411089540031,"{""flexext_fist"":1.0,""flexext_thumb"":1.0,""flexext_index"":0.4,""flexext_middle"":0.2857142857142857,""flexext_ring"":0.0,""flexext_pinky"":0.0}",uniform_population,,,uniform_population
feature_bank_manus_full_fusion_validation_20260915,validation,semg_manus,4,session_2,1,F0|F1_X1H|F2b_CSP|F3_Ring|F4_Spectral|F5_Temporal|F6_IMU|F9_Quality,,,,0.4476190476190476,0.5,1.6020735702730207,0.12585367243220189,0.17678098564386413,"{""flexext_fist"":1.0,""flexext_thumb"":1.0,""flexext_index"":0.4,""flexext_middle"":0.2857142857142857,""flexext_ring"":0.0,""flexext_pinky"":0.0}",without_F0,,,F0
feature_bank_manus_full_fusion_validation_20260915,validation,semg_manus,4,session_2,1,F0|F1_X1H|F2b_CSP|F3_Ring|F4_Spectral|F5_Temporal|F6_IMU|F9_Quality,,,,0.4476190476190476,0.5,1.5734831965219698,0.12370575047417444,0.14576050002577864,"{""flexext_fist"":1.0,""flexext_thumb"":1.0,""flexext_index"":0.4,""flexext_middle"":0.2857142857142857,""flexext_ring"":0.0,""flexext_pinky"":0.0}",without_F1_X1H,,,F1_X1H
feature_bank_manus_full_fusion_validation_20260915,validation,semg_manus,4,session_2,1,F0|F1_X1H|F2b_CSP|F3_Ring|F4_Spectral|F5_Temporal|F6_IMU|F9_Quality,,,,0.4476190476190476,0.5,1.5317148559944627,0.12163288956178578,0.20357831272727264,"{""flexext_fist"":1.0,""flexext_thumb"":1.0,""flexext_index"":0.4,""flexext_middle"":0.2857142857142857,""flexext_ring"":0.0,""flexext_pinky"":0.0}",without_F2b_CSP,,,F2b_CSP
feature_bank_manus_full_fusion_validation_20260915,validation,semg_manus,4,session_2,1,F0|F1_X1H|F2b_CSP|F3_Ring|F4_Spectral|F5_Temporal|F6_IMU|F9_Quality,,,,0.4476190476190476,0.5,1.5779417169823402,0.12442538067804916,0.21330000014559797,"{""flexext_fist"":1.0,""flexext_thumb"":1.0,""flexext_index"":0.4,""flexext_middle"":0.2857142857142857,""flexext_ring"":0.0,""flexext_pinky"":0.0}",without_F3_Ring,,,F3_Ring
feature_bank_manus_full_fusion_validation_20260915,validation,semg_manus,4,session_2,1,F0|F1_X1H|F2b_CSP|F3_Ring|F4_Spectral|F5_Temporal|F6_IMU|F9_Quality,,,,0.373015873015873,0.4166666666666667,1.644766324586067,0.12908364991008633,0.1761445409975791,"{""flexext_fist"":1.0,""flexext_thumb"":0.6666666666666666,""flexext_index"":0.5714285714285714,""flexext_middle"":0.0,""flexext_ring"":0.0,""flexext_pinky"":0.0}",without_F4_Spectral,,,F4_Spectral
feature_bank_manus_full_fusion_validation_20260915,validation,semg_manus,4,session_2,1,F0|F1_X1H|F2b_CSP|F3_Ring|F4_Spectral|F5_Temporal|F6_IMU|F9_Quality,,,,0.3888888888888889,0.4166666666666667,1.5771866755550483,0.12454013383414643,0.13376341759159996,"{""flexext_fist"":1.0,""flexext_thumb"":1.0,""flexext_index"":0.3333333333333333,""flexext_middle"":0.0,""flexext_ring"":0.0,""flexext_pinky"":0.0}",without_F5_Temporal,,,F5_Temporal
feature_bank_manus_full_fusion_validation_20260915,validation,semg_manus,4,session_2,1,F0|F1_X1H|F2b_CSP|F3_Ring|F4_Spectral|F5_Temporal|F6_IMU|F9_Quality,,,,0.4476190476190476,0.5,1.5882639339970765,0.12503931420469808,0.1961025316001257,"{""flexext_fist"":1.0,""flexext_thumb"":1.0,""flexext_index"":0.4,""flexext_middle"":0.2857142857142857,""flexext_ring"":0.0,""flexext_pinky"":0.0}",without_F6_IMU,,,F6_IMU
feature_bank_manus_full_fusion_validation_20260915,validation,semg_manus,4,session_2,1,F0|F1_X1H|F2b_CSP|F3_Ring|F4_Spectral|F5_Temporal|F6_IMU|F9_Quality,,,,0.3888888888888889,0.4166666666666667,1.5984601582317302,0.12599919895966563,0.05051412244997705,"{""flexext_fist"":1.0,""flexext_thumb"":1.0,""flexext_index"":0.3333333333333333,""flexext_middle"":0.0,""flexext_ring"":0.0,""flexext_pinky"":0.0}",without_F9_Quality,,,F9_Quality
feature_bank_manus_full_fusion_validation_20260915,validation,semg_manus,4,session_2,1,F0|F1_X1H|F2b_CSP|F3_Ring|F4_Spectral|F5_Temporal|F6_IMU|F9_Quality,,,,0.3888888888888889,0.4166666666666667,1.5907658999126733,0.12530544193071788,0.15913769411501438,"{""flexext_fist"":1.0,""flexext_thumb"":1.0,""flexext_index"":0.3333333333333333,""flexext_middle"":0.0,""flexext_ring"":0.0,""flexext_pinky"":0.0}",with_F8_context,,,with_F8_context
feature_bank_manus_full_fusion_validation_20260915,validation,semg_manus,4,session_2,1,F0|F1_X1H|F2b_CSP|F3_Ring|F4_Spectral|F5_Temporal|F6_IMU|F9_Quality,,,,0.4476190476190476,0.5,1.5816215086784282,0.12470008698305184,0.24098941819988026,"{""flexext_fist"":1.0,""flexext_thumb"":1.0,""flexext_index"":0.4,""flexext_middle"":0.2857142857142857,""flexext_ring"":0.0,""flexext_pinky"":0.0}",with_F8_F9_quality,,,with_F8_F9_quality
feature_bank_manus_full_fusion_validation_20260915,validation,semg_manus,4,session_2,2,F0|F1_X1H|F2b_CSP|F3_Ring|F4_Spectral|F5_Temporal|F6_IMU|F9_Quality,,,,0.3333333333333333,0.3333333333333333,1.5061119931522937,0.12257686218587659,0.07170913450370471,"{""flexext_fist"":1.0,""flexext_thumb"":1.0,""flexext_index"":0.0,""flexext_middle"":0.0,""flexext_ring"":0.0,""flexext_pinky"":0.0}",full,,,NONE
feature_bank_manus_full_fusion_validation_20260915,validation,semg_manus,4,session_2,2,F0|F1_X1H|F2b_CSP|F3_Ring|F4_Spectral|F5_Temporal|F6_IMU|F9_Quality,,,,0.3333333333333333,0.3333333333333333,1.7515190465424537,0.1300587336656901,0.16656362191518825,"{""flexext_fist"":1.0,""flexext_thumb"":1.0,""flexext_index"":0.0,""flexext_middle"":0.0,""flexext_ring"":0.0,""flexext_pinky"":0.0}",without_F7_anchor,,,F7_anchor
feature_bank_manus_full_fusion_validation_20260915,validation,semg_manus,4,session_2,2,F0|F1_X1H|F2b_CSP|F3_Ring|F4_Spectral|F5_Temporal|F6_IMU|F9_Quality,,,,0.4166666666666667,0.5,1.7135661431490312,0.12704804726441496,0.3084079184835521,"{""flexext_fist"":1.0,""flexext_thumb"":1.0,""flexext_index"":0.0,""flexext_middle"":0.5,""flexext_ring"":0.0,""flexext_pinky"":0.0}",uniform_population,,,uniform_population
feature_bank_manus_full_fusion_validation_20260915,validation,semg_manus,4,session_2,2,F0|F1_X1H|F2b_CSP|F3_Ring|F4_Spectral|F5_Temporal|F6_IMU|F9_Quality,,,,0.4166666666666667,0.5,1.5035112383887748,0.12190574401279414,0.18572409632161427,"{""flexext_fist"":1.0,""flexext_thumb"":1.0,""flexext_index"":0.0,""flexext_middle"":0.5,""flexext_ring"":0.0,""flexext_pinky"":0.0}",without_F0,,,F0
feature_bank_manus_full_fusion_validation_20260915,validation,semg_manus,4,session_2,2,F0|F1_X1H|F2b_CSP|F3_Ring|F4_Spectral|F5_Temporal|F6_IMU|F9_Quality,,,,0.4166666666666667,0.5,1.5046141204820522,0.12211994597821316,0.18579576610507312,"{""flexext_fist"":1.0,""flexext_thumb"":1.0,""flexext_index"":0.0,""flexext_middle"":0.5,""flexext_ring"":0.0,""flexext_pinky"":0.0}",without_F1_X1H,,,F1_X1H
feature_bank_manus_full_fusion_validation_20260915,validation,semg_manus,4,session_2,2,F0|F1_X1H|F2b_CSP|F3_Ring|F4_Spectral|F5_Temporal|F6_IMU|F9_Quality,,,,0.3333333333333333,0.3333333333333333,1.480574521829728,0.12062254098059638,0.18545246887836608,"{""flexext_fist"":1.0,""flexext_thumb"":1.0,""flexext_index"":0.0,""flexext_middle"":0.0,""flexext_ring"":0.0,""flexext_pinky"":0.0}",without_F2b_CSP,,,F2b_CSP
feature_bank_manus_full_fusion_validation_20260915,validation,semg_manus,4,session_2,2,F0|F1_X1H|F2b_CSP|F3_Ring|F4_Spectral|F5_Temporal|F6_IMU|F9_Quality,,,,0.3333333333333333,0.3333333333333333,1.4704315726089918,0.12047257395131268,0.07768010817494499,"{""flexext_fist"":1.0,""flexext_thumb"":1.0,""flexext_index"":0.0,""flexext_middle"":0.0,""flexext_ring"":0.0,""flexext_pinky"":0.0}",without_F3_Ring,,,F3_Ring
feature_bank_manus_full_fusion_validation_20260915,validation,semg_manus,4,session_2,2,F0|F1_X1H|F2b_CSP|F3_Ring|F4_Spectral|F5_Temporal|F6_IMU|F9_Quality,,,,0.19444444444444442,0.3333333333333333,1.5414113210335614,0.12581883821201353,0.06579037276544364,"{""flexext_fist"":0.0,""flexext_thumb"":0.6666666666666666,""flexext_index"":0.5,""flexext_middle"":0.0,""flexext_ring"":0.0,""flexext_pinky"":0.0}",without_F4_Spectral,,,F4_Spectral
feature_bank_manus_full_fusion_validation_20260915,validation,semg_manus,4,session_2,2,F0|F1_X1H|F2b_CSP|F3_Ring|F4_Spectral|F5_Temporal|F6_IMU|F9_Quality,,,,0.1111111111111111,0.16666666666666666,1.5297251061066621,0.12494396697398262,0.23810148730193587,"{""flexext_fist"":0.0,""flexext_thumb"":0.6666666666666666,""flexext_index"":0.0,""flexext_middle"":0.0,""flexext_ring"":0.0,""flexext_pinky"":0.0}",without_F5_Temporal,,,F5_Temporal
feature_bank_manus_full_fusion_validation_20260915,validation,semg_manus,4,session_2,2,F0|F1_X1H|F2b_CSP|F3_Ring|F4_Spectral|F5_Temporal|F6_IMU|F9_Quality,,,,0.3333333333333333,0.3333333333333333,1.493986196590627,0.12225072587824881,0.07708613103206637,"{""flexext_fist"":1.0,""flexext_thumb"":1.0,""flexext_index"":0.0,""flexext_middle"":0.0,""flexext_ring"":0.0,""flexext_pinky"":0.0}",without_F6_IMU,,,F6_IMU
feature_bank_manus_full_fusion_validation_20260915,validation,semg_manus,4,session_2,2,F0|F1_X1H|F2b_CSP|F3_Ring|F4_Spectral|F5_Temporal|F6_IMU|F9_Quality,,,,0.3333333333333333,0.3333333333333333,1.533799777966271,0.12349616089902533,0.07707499364928616,"{""flexext_fist"":1.0,""flexext_thumb"":1.0,""flexext_index"":0.0,""flexext_middle"":0.0,""flexext_ring"":0.0,""flexext_pinky"":0.0}",without_F9_Quality,,,F9_Quality
feature_bank_manus_full_fusion_validation_20260915,validation,semg_manus,4,session_2,2,F0|F1_X1H|F2b_CSP|F3_Ring|F4_Spectral|F5_Temporal|F6_IMU|F9_Quality,,,,0.3333333333333333,0.3333333333333333,1.5023272520596282,0.1225055151196976,0.07449043496373076,"{""flexext_fist"":1.0,""flexext_thumb"":1.0,""flexext_index"":0.0,""flexext_middle"":0.0,""flexext_ring"":0.0,""flexext_pinky"":0.0}",with_F8_context,,,with_F8_context
feature_bank_manus_full_fusion_validation_20260915,validation,semg_manus,4,session_2,2,F0|F1_X1H|F2b_CSP|F3_Ring|F4_Spectral|F5_Temporal|F6_IMU|F9_Quality,,,,0.3333333333333333,0.3333333333333333,1.4947205708623004,0.12191689752521657,0.07394655339863096,"{""flexext_fist"":1.0,""flexext_thumb"":1.0,""flexext_index"":0.0,""flexext_middle"":0.0,""flexext_ring"":0.0,""flexext_pinky"":0.0}",with_F8_F9_quality,,,with_F8_F9_quality
feature_bank_manus_full_fusion_validation_20260915,validation,semg_manus,5,session_2,0,F0|F1_X1H|F2b_CSP|F3_Ring|F4_Spectral|F5_Temporal|F6_IMU|F9_Quality,,,,0.31666666666666665,0.3888888888888889,1.256165863883465,0.10802132439368509,0.2110294864769279,"{""flexext_fist"":1.0,""flexext_thumb"":0.0,""flexext_index"":0.0,""flexext_middle"":0.0,""flexext_ring"":0.5,""flexext_pinky"":0.4}",full,,,NONE
feature_bank_manus_full_fusion_validation_20260915,validation,semg_manus,5,session_2,0,F0|F1_X1H|F2b_CSP|F3_Ring|F4_Spectral|F5_Temporal|F6_IMU|F9_Quality,,,,0.31666666666666665,0.3888888888888889,1.256165863883465,0.10802132439368509,0.2110294864769279,"{""flexext_fist"":1.0,""flexext_thumb"":0.0,""flexext_index"":0.0,""flexext_middle"":0.0,""flexext_ring"":0.5,""flexext_pinky"":0.4}",without_F7_anchor,,,F7_anchor
feature_bank_manus_full_fusion_validation_20260915,validation,semg_manus,5,session_2,0,F0|F1_X1H|F2b_CSP|F3_Ring|F4_Spectral|F5_Temporal|F6_IMU|F9_Quality,,,,0.31666666666666665,0.3888888888888889,1.256165863883465,0.10802132439368509,0.2110294864769279,"{""flexext_fist"":1.0,""flexext_thumb"":0.0,""flexext_index"":0.0,""flexext_middle"":0.0,""flexext_ring"":0.5,""flexext_pinky"":0.4}",uniform_population,,,uniform_population
feature_bank_manus_full_fusion_validation_20260915,validation,semg_manus,5,session_2,0,F0|F1_X1H|F2b_CSP|F3_Ring|F4_Spectral|F5_Temporal|F6_IMU|F9_Quality,,,,0.30476190476190473,0.3888888888888889,1.248746299925144,0.1066369436217251,0.15707765308223695,"{""flexext_fist"":1.0,""flexext_thumb"":0.0,""flexext_index"":0.0,""flexext_middle"":0.0,""flexext_ring"":0.4,""flexext_pinky"":0.42857142857142855}",without_F0,,,F0
feature_bank_manus_full_fusion_validation_20260915,validation,semg_manus,5,session_2,0,F0|F1_X1H|F2b_CSP|F3_Ring|F4_Spectral|F5_Temporal|F6_IMU|F9_Quality,,,,0.30476190476190473,0.3888888888888889,1.2207568938209767,0.10499059231349574,0.19738118408513394,"{""flexext_fist"":1.0,""flexext_thumb"":0.0,""flexext_index"":0.0,""flexext_middle"":0.0,""flexext_ring"":0.4,""flexext_pinky"":0.42857142857142855}",without_F1_X1H,,,F1_X1H
feature_bank_manus_full_fusion_validation_20260915,validation,semg_manus,5,session_2,0,F0|F1_X1H|F2b_CSP|F3_Ring|F4_Spectral|F5_Temporal|F6_IMU|F9_Quality,,,,0.31666666666666665,0.3888888888888889,1.3044660993628059,0.11064159888822085,0.2050266110687962,"{""flexext_fist"":1.0,""flexext_thumb"":0.0,""flexext_index"":0.0,""flexext_middle"":0.0,""flexext_ring"":0.5,""flexext_pinky"":0.4}",without_F2b_CSP,,,F2b_CSP
feature_bank_manus_full_fusion_validation_20260915,validation,semg_manus,5,session_2,0,F0|F1_X1H|F2b_CSP|F3_Ring|F4_Spectral|F5_Temporal|F6_IMU|F9_Quality,,,,0.31666666666666665,0.3888888888888889,1.3707687617280508,0.11526833095544642,0.2924607541668351,"{""flexext_fist"":1.0,""flexext_thumb"":0.0,""flexext_index"":0.0,""flexext_middle"":0.0,""flexext_ring"":0.5,""flexext_pinky"":0.4}",without_F3_Ring,,,F3_Ring
feature_bank_manus_full_fusion_validation_20260915,validation,semg_manus,5,session_2,0,F0|F1_X1H|F2b_CSP|F3_Ring|F4_Spectral|F5_Temporal|F6_IMU|F9_Quality,,,,0.2791666666666667,0.3333333333333333,1.2582599503549305,0.10757206180307659,0.3161994921620424,"{""flexext_fist"":0.8,""flexext_thumb"":0.0,""flexext_index"":0.0,""flexext_middle"":0.0,""flexext_ring"":0.5,""flexext_pinky"":0.375}",without_F4_Spectral,,,F4_Spectral
feature_bank_manus_full_fusion_validation_20260915,validation,semg_manus,5,session_2,0,F0|F1_X1H|F2b_CSP|F3_Ring|F4_Spectral|F5_Temporal|F6_IMU|F9_Quality,,,,0.31666666666666665,0.3888888888888889,1.2405345943476414,0.10490188962557047,0.22704664965421073,"{""flexext_fist"":1.0,""flexext_thumb"":0.0,""flexext_index"":0.0,""flexext_middle"":0.0,""flexext_ring"":0.5,""flexext_pinky"":0.4}",without_F5_Temporal,,,F5_Temporal
feature_bank_manus_full_fusion_validation_20260915,validation,semg_manus,5,session_2,0,F0|F1_X1H|F2b_CSP|F3_Ring|F4_Spectral|F5_Temporal|F6_IMU|F9_Quality,,,,0.31666666666666665,0.3888888888888889,1.2484471006524775,0.11042085501781751,0.24501270069595638,"{""flexext_fist"":1.0,""flexext_thumb"":0.0,""flexext_index"":0.0,""flexext_middle"":0.0,""flexext_ring"":0.5,""flexext_pinky"":0.4}",without_F6_IMU,,,F6_IMU
feature_bank_manus_full_fusion_validation_20260915,validation,semg_manus,5,session_2,0,F0|F1_X1H|F2b_CSP|F3_Ring|F4_Spectral|F5_Temporal|F6_IMU|F9_Quality,,,,0.31666666666666665,0.3888888888888889,1.2480188432569208,0.10881825145300832,0.26315124601712214,"{""flexext_fist"":1.0,""flexext_thumb"":0.0,""flexext_index"":0.0,""flexext_middle"":0.0,""flexext_ring"":0.5,""flexext_pinky"":0.4}",without_F9_Quality,,,F9_Quality
feature_bank_manus_full_fusion_validation_20260915,validation,semg_manus,5,session_2,0,F0|F1_X1H|F2b_CSP|F3_Ring|F4_Spectral|F5_Temporal|F6_IMU|F9_Quality,,,,0.31666666666666665,0.3888888888888889,1.256165863883465,0.10802132439368509,0.2110294864769279,"{""flexext_fist"":1.0,""flexext_thumb"":0.0,""flexext_index"":0.0,""flexext_middle"":0.0,""flexext_ring"":0.5,""flexext_pinky"":0.4}",with_F8_context,,,with_F8_context
feature_bank_manus_full_fusion_validation_20260915,validation,semg_manus,5,session_2,0,F0|F1_X1H|F2b_CSP|F3_Ring|F4_Spectral|F5_Temporal|F6_IMU|F9_Quality,,,,0.31666666666666665,0.3888888888888889,1.2704830403337783,0.10833762227763764,0.19981447062610955,"{""flexext_fist"":1.0,""flexext_thumb"":0.0,""flexext_index"":0.0,""flexext_middle"":0.0,""flexext_ring"":0.5,""flexext_pinky"":0.4}",with_F8_F9_quality,,,with_F8_F9_quality
feature_bank_manus_full_fusion_validation_20260915,validation,semg_manus,5,session_2,1,F0|F1_X1H|F2b_CSP|F3_Ring|F4_Spectral|F5_Temporal|F6_IMU|F9_Quality,,,,0.2333333333333333,0.3333333333333333,1.3326271800775193,0.11224398043771577,0.21750872410553174,"{""flexext_fist"":1.0,""flexext_thumb"":0.0,""flexext_index"":0.0,""flexext_middle"":0.0,""flexext_ring"":0.0,""flexext_pinky"":0.4}",full,,,NONE
feature_bank_manus_full_fusion_validation_20260915,validation,semg_manus,5,session_2,1,F0|F1_X1H|F2b_CSP|F3_Ring|F4_Spectral|F5_Temporal|F6_IMU|F9_Quality,,,,0.2333333333333333,0.3333333333333333,1.263454645429544,0.1119522596191713,0.26130753666350737,"{""flexext_fist"":1.0,""flexext_thumb"":0.0,""flexext_index"":0.0,""flexext_middle"":0.0,""flexext_ring"":0.0,""flexext_pinky"":0.4}",without_F7_anchor,,,F7_anchor
feature_bank_manus_full_fusion_validation_20260915,validation,semg_manus,5,session_2,1,F0|F1_X1H|F2b_CSP|F3_Ring|F4_Spectral|F5_Temporal|F6_IMU|F9_Quality,,,,0.2333333333333333,0.3333333333333333,1.2746410481287678,0.11210698047218444,0.25814934596569933,"{""flexext_fist"":1.0,""flexext_thumb"":0.0,""flexext_index"":0.0,""flexext_middle"":0.0,""flexext_ring"":0.0,""flexext_pinky"":0.4}",uniform_population,,,uniform_population
feature_bank_manus_full_fusion_validation_20260915,validation,semg_manus,5,session_2,1,F0|F1_X1H|F2b_CSP|F3_Ring|F4_Spectral|F5_Temporal|F6_IMU|F9_Quality,,,,0.3518518518518518,0.4166666666666667,1.325701110493094,0.1115641764415317,0.24336340510115392,"{""flexext_fist"":1.0,""flexext_thumb"":0.0,""flexext_index"":0.6666666666666666,""flexext_middle"":0.0,""flexext_ring"":0.0,""flexext_pinky"":0.4444444444444444}",without_F0,,,F0
feature_bank_manus_full_fusion_validation_20260915,validation,semg_manus,5,session_2,1,F0|F1_X1H|F2b_CSP|F3_Ring|F4_Spectral|F5_Temporal|F6_IMU|F9_Quality,,,,0.2333333333333333,0.3333333333333333,1.3217914909446848,0.11145274976700313,0.21256285205673695,"{""flexext_fist"":1.0,""flexext_thumb"":0.0,""flexext_index"":0.0,""flexext_middle"":0.0,""flexext_ring"":0.0,""flexext_pinky"":0.4}",without_F1_X1H,,,F1_X1H
feature_bank_manus_full_fusion_validation_20260915,validation,semg_manus,5,session_2,1,F0|F1_X1H|F2b_CSP|F3_Ring|F4_Spectral|F5_Temporal|F6_IMU|F9_Quality,,,,0.2333333333333333,0.3333333333333333,1.3713233411931298,0.1146949704395046,0.29788973344017855,"{""flexext_fist"":1.0,""flexext_thumb"":0.0,""flexext_index"":0.0,""flexext_middle"":0.0,""flexext_ring"":0.0,""flexext_pinky"":0.4}",without_F2b_CSP,,,F2b_CSP
feature_bank_manus_full_fusion_validation_20260915,validation,semg_manus,5,session_2,1,F0|F1_X1H|F2b_CSP|F3_Ring|F4_Spectral|F5_Temporal|F6_IMU|F9_Quality,,,,0.2333333333333333,0.3333333333333333,1.3824303578261725,0.11527425450240887,0.22592654106999735,"{""flexext_fist"":1.0,""flexext_thumb"":0.0,""flexext_index"":0.0,""flexext_middle"":0.0,""flexext_ring"":0.0,""flexext_pinky"":0.4}",without_F3_Ring,,,F3_Ring
feature_bank_manus_full_fusion_validation_20260915,validation,semg_manus,5,session_2,1,F0|F1_X1H|F2b_CSP|F3_Ring|F4_Spectral|F5_Temporal|F6_IMU|F9_Quality,,,,0.1717171717171717,0.25,1.3650589656541028,0.11463330615403527,0.304666904534848,"{""flexext_fist"":0.6666666666666666,""flexext_thumb"":0.0,""flexext_index"":0.0,""flexext_middle"":0.0,""flexext_ring"":0.0,""flexext_pinky"":0.36363636363636365}",without_F4_Spectral,,,F4_Spectral
feature_bank_manus_full_fusion_validation_20260915,validation,semg_manus,5,session_2,1,F0|F1_X1H|F2b_CSP|F3_Ring|F4_Spectral|F5_Temporal|F6_IMU|F9_Quality,,,,0.2333333333333333,0.3333333333333333,1.284459212070826,0.10806746277758579,0.1987111881372897,"{""flexext_fist"":1.0,""flexext_thumb"":0.0,""flexext_index"":0.0,""flexext_middle"":0.0,""flexext_ring"":0.0,""flexext_pinky"":0.4}",without_F5_Temporal,,,F5_Temporal
feature_bank_manus_full_fusion_validation_20260915,validation,semg_manus,5,session_2,1,F0|F1_X1H|F2b_CSP|F3_Ring|F4_Spectral|F5_Temporal|F6_IMU|F9_Quality,,,,0.2333333333333333,0.3333333333333333,1.3122379028926716,0.11171574576898176,0.21297980807629088,"{""flexext_fist"":1.0,""flexext_thumb"":0.0,""flexext_index"":0.0,""flexext_middle"":0.0,""flexext_ring"":0.0,""flexext_pinky"":0.4}",without_F6_IMU,,,F6_IMU
feature_bank_manus_full_fusion_validation_20260915,validation,semg_manus,5,session_2,1,F0|F1_X1H|F2b_CSP|F3_Ring|F4_Spectral|F5_Temporal|F6_IMU|F9_Quality,,,,0.2333333333333333,0.3333333333333333,1.3371184769776931,0.11298383742364108,0.2110932500619023,"{""flexext_fist"":1.0,""flexext_thumb"":0.0,""flexext_index"":0.0,""flexext_middle"":0.0,""flexext_ring"":0.0,""flexext_pinky"":0.4}",without_F9_Quality,,,F9_Quality
feature_bank_manus_full_fusion_validation_20260915,validation,semg_manus,5,session_2,1,F0|F1_X1H|F2b_CSP|F3_Ring|F4_Spectral|F5_Temporal|F6_IMU|F9_Quality,,,,0.2333333333333333,0.3333333333333333,1.3327285454180913,0.11211362654485797,0.21399807591701148,"{""flexext_fist"":1.0,""flexext_thumb"":0.0,""flexext_index"":0.0,""flexext_middle"":0.0,""flexext_ring"":0.0,""flexext_pinky"":0.4}",with_F8_context,,,with_F8_context
feature_bank_manus_full_fusion_validation_20260915,validation,semg_manus,5,session_2,1,F0|F1_X1H|F2b_CSP|F3_Ring|F4_Spectral|F5_Temporal|F6_IMU|F9_Quality,,,,0.2333333333333333,0.3333333333333333,1.3459499878354115,0.11290973145005337,0.2042653951255295,"{""flexext_fist"":1.0,""flexext_thumb"":0.0,""flexext_index"":0.0,""flexext_middle"":0.0,""flexext_ring"":0.0,""flexext_pinky"":0.4}",with_F8_F9_quality,,,with_F8_F9_quality
feature_bank_manus_full_fusion_validation_20260915,validation,semg_manus,5,session_2,2,F0|F1_X1H|F2b_CSP|F3_Ring|F4_Spectral|F5_Temporal|F6_IMU|F9_Quality,,,,0.2333333333333333,0.3333333333333333,1.2968617563120242,0.10770169167097239,0.23382652726513123,"{""flexext_fist"":1.0,""flexext_thumb"":0.0,""flexext_index"":0.0,""flexext_middle"":0.0,""flexext_ring"":0.0,""flexext_pinky"":0.4}",full,,,NONE
feature_bank_manus_full_fusion_validation_20260915,validation,semg_manus,5,session_2,2,F0|F1_X1H|F2b_CSP|F3_Ring|F4_Spectral|F5_Temporal|F6_IMU|F9_Quality,,,,0.2333333333333333,0.3333333333333333,1.2587048042584532,0.11217843304457636,0.3934247970376705,"{""flexext_fist"":1.0,""flexext_thumb"":0.0,""flexext_index"":0.0,""flexext_middle"":0.0,""flexext_ring"":0.0,""flexext_pinky"":0.4}",without_F7_anchor,,,F7_anchor
feature_bank_manus_full_fusion_validation_20260915,validation,semg_manus,5,session_2,2,F0|F1_X1H|F2b_CSP|F3_Ring|F4_Spectral|F5_Temporal|F6_IMU|F9_Quality,,,,0.2333333333333333,0.3333333333333333,1.2369062933693102,0.10971933227319206,0.38586634302519485,"{""flexext_fist"":1.0,""flexext_thumb"":0.0,""flexext_index"":0.0,""flexext_middle"":0.0,""flexext_ring"":0.0,""flexext_pinky"":0.4}",uniform_population,,,uniform_population
feature_bank_manus_full_fusion_validation_20260915,validation,semg_manus,5,session_2,2,F0|F1_X1H|F2b_CSP|F3_Ring|F4_Spectral|F5_Temporal|F6_IMU|F9_Quality,,,,0.2333333333333333,0.3333333333333333,1.3068895303856272,0.10856029071359435,0.2373403187464535,"{""flexext_fist"":1.0,""flexext_thumb"":0.0,""flexext_index"":0.0,""flexext_middle"":0.0,""flexext_ring"":0.0,""flexext_pinky"":0.4}",without_F0,,,F0
feature_bank_manus_full_fusion_validation_20260915,validation,semg_manus,5,session_2,2,F0|F1_X1H|F2b_CSP|F3_Ring|F4_Spectral|F5_Temporal|F6_IMU|F9_Quality,,,,0.4166666666666667,0.5,1.2831529781190583,0.10637724012243954,0.22856290471331242,"{""flexext_fist"":1.0,""flexext_thumb"":0.0,""flexext_index"":1.0,""flexext_middle"":0.0,""flexext_ring"":0.0,""flexext_pinky"":0.5}",without_F1_X1H,,,F1_X1H
feature_bank_manus_full_fusion_validation_20260915,validation,semg_manus,5,session_2,2,F0|F1_X1H|F2b_CSP|F3_Ring|F4_Spectral|F5_Temporal|F6_IMU|F9_Quality,,,,0.2333333333333333,0.3333333333333333,1.3053461373473179,0.10817673630847707,0.2418488237800751,"{""flexext_fist"":1.0,""flexext_thumb"":0.0,""flexext_index"":0.0,""flexext_middle"":0.0,""flexext_ring"":0.0,""flexext_pinky"":0.4}",without_F2b_CSP,,,F2b_CSP
feature_bank_manus_full_fusion_validation_20260915,validation,semg_manus,5,session_2,2,F0|F1_X1H|F2b_CSP|F3_Ring|F4_Spectral|F5_Temporal|F6_IMU|F9_Quality,,,,0.2333333333333333,0.3333333333333333,1.2982770683760652,0.10837857616471236,0.23867359381086212,"{""flexext_fist"":1.0,""flexext_thumb"":0.0,""flexext_index"":0.0,""flexext_middle"":0.0,""flexext_ring"":0.0,""flexext_pinky"":0.4}",without_F3_Ring,,,F3_Ring
feature_bank_manus_full_fusion_validation_20260915,validation,semg_manus,5,session_2,2,F0|F1_X1H|F2b_CSP|F3_Ring|F4_Spectral|F5_Temporal|F6_IMU|F9_Quality,,,,0.2333333333333333,0.3333333333333333,1.3185973053637887,0.10845513105392991,0.3798589648336337,"{""flexext_fist"":1.0,""flexext_thumb"":0.0,""flexext_index"":0.0,""flexext_middle"":0.0,""flexext_ring"":0.0,""flexext_pinky"":0.4}",without_F4_Spectral,,,F4_Spectral
feature_bank_manus_full_fusion_validation_20260915,validation,semg_manus,5,session_2,2,F0|F1_X1H|F2b_CSP|F3_Ring|F4_Spectral|F5_Temporal|F6_IMU|F9_Quality,,,,0.2333333333333333,0.3333333333333333,1.2745972545211213,0.10607067841195493,0.2347074576844631,"{""flexext_fist"":1.0,""flexext_thumb"":0.0,""flexext_index"":0.0,""flexext_middle"":0.0,""flexext_ring"":0.0,""flexext_pinky"":0.4}",without_F5_Temporal,,,F5_Temporal
feature_bank_manus_full_fusion_validation_20260915,validation,semg_manus,5,session_2,2,F0|F1_X1H|F2b_CSP|F3_Ring|F4_Spectral|F5_Temporal|F6_IMU|F9_Quality,,,,0.2333333333333333,0.3333333333333333,1.270166313162217,0.10619695769095085,0.3804496525020288,"{""flexext_fist"":1.0,""flexext_thumb"":0.0,""flexext_index"":0.0,""flexext_middle"":0.0,""flexext_ring"":0.0,""flexext_pinky"":0.4}",without_F6_IMU,,,F6_IMU
feature_bank_manus_full_fusion_validation_20260915,validation,semg_manus,5,session_2,2,F0|F1_X1H|F2b_CSP|F3_Ring|F4_Spectral|F5_Temporal|F6_IMU|F9_Quality,,,,0.2333333333333333,0.3333333333333333,1.3309053969881872,0.11060569148698286,0.2444480943170197,"{""flexext_fist"":1.0,""flexext_thumb"":0.0,""flexext_index"":0.0,""flexext_middle"":0.0,""flexext_ring"":0.0,""flexext_pinky"":0.4}",without_F9_Quality,,,F9_Quality
feature_bank_manus_full_fusion_validation_20260915,validation,semg_manus,5,session_2,2,F0|F1_X1H|F2b_CSP|F3_Ring|F4_Spectral|F5_Temporal|F6_IMU|F9_Quality,,,,0.2333333333333333,0.3333333333333333,1.3016067799164055,0.10800615483431938,0.23598067365057057,"{""flexext_fist"":1.0,""flexext_thumb"":0.0,""flexext_index"":0.0,""flexext_middle"":0.0,""flexext_ring"":0.0,""flexext_pinky"":0.4}",with_F8_context,,,with_F8_context
feature_bank_manus_full_fusion_validation_20260915,validation,semg_manus,5,session_2,2,F0|F1_X1H|F2b_CSP|F3_Ring|F4_Spectral|F5_Temporal|F6_IMU|F9_Quality,,,,0.2333333333333333,0.3333333333333333,1.3103301576219597,0.10870454114900846,0.24256202252339543,"{""flexext_fist"":1.0,""flexext_thumb"":0.0,""flexext_index"":0.0,""flexext_middle"":0.0,""flexext_ring"":0.0,""flexext_pinky"":0.4}",with_F8_F9_quality,,,with_F8_F9_quality
feature_bank_manus_full_fusion_validation_20260915,validation,semg_manus,6,session_2,0,F0|F1_X1H|F2b_CSP|F3_Ring|F4_Spectral|F5_Temporal|F6_IMU|F9_Quality,,,,0.5027777777777778,0.5,1.118121154351102,0.09947273757682325,0.19898770949366906,"{""flexext_fist"":0.0,""flexext_thumb"":0.6666666666666666,""flexext_index"":0.8,""flexext_middle"":0.8,""flexext_ring"":0.75,""flexext_pinky"":0.0}",full,,,NONE
feature_bank_manus_full_fusion_validation_20260915,validation,semg_manus,6,session_2,0,F0|F1_X1H|F2b_CSP|F3_Ring|F4_Spectral|F5_Temporal|F6_IMU|F9_Quality,,,,0.5027777777777778,0.5,1.118121154351102,0.09947273757682325,0.19898770949366906,"{""flexext_fist"":0.0,""flexext_thumb"":0.6666666666666666,""flexext_index"":0.8,""flexext_middle"":0.8,""flexext_ring"":0.75,""flexext_pinky"":0.0}",without_F7_anchor,,,F7_anchor
feature_bank_manus_full_fusion_validation_20260915,validation,semg_manus,6,session_2,0,F0|F1_X1H|F2b_CSP|F3_Ring|F4_Spectral|F5_Temporal|F6_IMU|F9_Quality,,,,0.5027777777777778,0.5,1.118121154351102,0.09947273757682325,0.19898770949366906,"{""flexext_fist"":0.0,""flexext_thumb"":0.6666666666666666,""flexext_index"":0.8,""flexext_middle"":0.8,""flexext_ring"":0.75,""flexext_pinky"":0.0}",uniform_population,,,uniform_population
feature_bank_manus_full_fusion_validation_20260915,validation,semg_manus,6,session_2,0,F0|F1_X1H|F2b_CSP|F3_Ring|F4_Spectral|F5_Temporal|F6_IMU|F9_Quality,,,,0.5059523809523809,0.5,1.1148230571789823,0.09841430075807123,0.13818972291574508,"{""flexext_fist"":0.0,""flexext_thumb"":0.4,""flexext_index"":0.8,""flexext_middle"":0.8,""flexext_ring"":0.75,""flexext_pinky"":0.2857142857142857}",without_F0,,,F0
feature_bank_manus_full_fusion_validation_20260915,validation,semg_manus,6,session_2,0,F0|F1_X1H|F2b_CSP|F3_Ring|F4_Spectral|F5_Temporal|F6_IMU|F9_Quality,,,,0.5027777777777778,0.5,1.083558840579306,0.09567481644875017,0.13571156354381775,"{""flexext_fist"":0.0,""flexext_thumb"":0.6666666666666666,""flexext_index"":0.8,""flexext_middle"":0.8,""flexext_ring"":0.75,""flexext_pinky"":0.0}",without_F1_X1H,,,F1_X1H
feature_bank_manus_full_fusion_validation_20260915,validation,semg_manus,6,session_2,0,F0|F1_X1H|F2b_CSP|F3_Ring|F4_Spectral|F5_Temporal|F6_IMU|F9_Quality,,,,0.5345238095238095,0.5555555555555556,1.1471060339881645,0.10116367102565048,0.15297070185879458,"{""flexext_fist"":0.0,""flexext_thumb"":0.8571428571428571,""flexext_index"":0.8,""flexext_middle"":0.8,""flexext_ring"":0.75,""flexext_pinky"":0.0}",without_F2b_CSP,,,F2b_CSP
feature_bank_manus_full_fusion_validation_20260915,validation,semg_manus,6,session_2,0,F0|F1_X1H|F2b_CSP|F3_Ring|F4_Spectral|F5_Temporal|F6_IMU|F9_Quality,,,,0.6,0.6111111111111112,1.1088038793571267,0.0986006067164983,0.2599273381545598,"{""flexext_fist"":0.25,""flexext_thumb"":1.0,""flexext_index"":0.8,""flexext_middle"":0.8,""flexext_ring"":0.75,""flexext_pinky"":0.0}",without_F3_Ring,,,F3_Ring
feature_bank_manus_full_fusion_validation_20260915,validation,semg_manus,6,session_2,0,F0|F1_X1H|F2b_CSP|F3_Ring|F4_Spectral|F5_Temporal|F6_IMU|F9_Quality,,,,0.5714285714285714,0.5555555555555556,1.155209505953765,0.10143386965084361,0.2702869533035277,"{""flexext_fist"":0.2857142857142857,""flexext_thumb"":0.4,""flexext_index"":0.8,""flexext_middle"":0.8,""flexext_ring"":0.8571428571428571,""flexext_pinky"":0.2857142857142857}",without_F4_Spectral,,,F4_Spectral
feature_bank_manus_full_fusion_validation_20260915,validation,semg_manus,6,session_2,0,F0|F1_X1H|F2b_CSP|F3_Ring|F4_Spectral|F5_Temporal|F6_IMU|F9_Quality,,,,0.5394179894179895,0.5555555555555556,1.1747220697470002,0.10396354166496595,0.28582296978956956,"{""flexext_fist"":0.2222222222222222,""flexext_thumb"":0.8571428571428571,""flexext_index"":0.5,""flexext_middle"":0.8,""flexext_ring"":0.8571428571428571,""flexext_pinky"":0.0}",without_F5_Temporal,,,F5_Temporal
feature_bank_manus_full_fusion_validation_20260915,validation,semg_manus,6,session_2,0,F0|F1_X1H|F2b_CSP|F3_Ring|F4_Spectral|F5_Temporal|F6_IMU|F9_Quality,,,,0.5027777777777778,0.5,1.0484737593545805,0.09686931630006917,0.15842379057860684,"{""flexext_fist"":0.0,""flexext_thumb"":0.6666666666666666,""flexext_index"":0.8,""flexext_middle"":0.8,""flexext_ring"":0.75,""flexext_pinky"":0.0}",without_F6_IMU,,,F6_IMU
feature_bank_manus_full_fusion_validation_20260915,validation,semg_manus,6,session_2,0,F0|F1_X1H|F2b_CSP|F3_Ring|F4_Spectral|F5_Temporal|F6_IMU|F9_Quality,,,,0.5166666666666667,0.5,1.1732724149431661,0.10487329344842976,0.1735126155187562,"{""flexext_fist"":0.4,""flexext_thumb"":0.4,""flexext_index"":0.5,""flexext_middle"":0.8,""flexext_ring"":1.0,""flexext_pinky"":0.0}",without_F9_Quality,,,F9_Quality
feature_bank_manus_full_fusion_validation_20260915,validation,semg_manus,6,session_2,0,F0|F1_X1H|F2b_CSP|F3_Ring|F4_Spectral|F5_Temporal|F6_IMU|F9_Quality,,,,0.5027777777777778,0.5,1.118121154351102,0.09947273757682325,0.19898770949366906,"{""flexext_fist"":0.0,""flexext_thumb"":0.6666666666666666,""flexext_index"":0.8,""flexext_middle"":0.8,""flexext_ring"":0.75,""flexext_pinky"":0.0}",with_F8_context,,,with_F8_context
feature_bank_manus_full_fusion_validation_20260915,validation,semg_manus,6,session_2,0,F0|F1_X1H|F2b_CSP|F3_Ring|F4_Spectral|F5_Temporal|F6_IMU|F9_Quality,,,,0.5027777777777778,0.5,1.1260744762972286,0.09922162151949462,0.23329474412099935,"{""flexext_fist"":0.0,""flexext_thumb"":0.6666666666666666,""flexext_index"":0.8,""flexext_middle"":0.8,""flexext_ring"":0.75,""flexext_pinky"":0.0}",with_F8_F9_quality,,,with_F8_F9_quality
feature_bank_manus_full_fusion_validation_20260915,validation,semg_manus,6,session_2,1,F0|F1_X1H|F2b_CSP|F3_Ring|F4_Spectral|F5_Temporal|F6_IMU|F9_Quality,,,,0.5555555555555555,0.5833333333333334,1.2083292562840766,0.10307556119162387,0.24412976448226212,"{""flexext_fist"":0.0,""flexext_thumb"":1.0,""flexext_index"":1.0,""flexext_middle"":0.6666666666666666,""flexext_ring"":0.6666666666666666,""flexext_pinky"":0.0}",full,,,NONE
feature_bank_manus_full_fusion_validation_20260915,validation,semg_manus,6,session_2,1,F0|F1_X1H|F2b_CSP|F3_Ring|F4_Spectral|F5_Temporal|F6_IMU|F9_Quality,,,,0.5555555555555555,0.5833333333333334,1.091568366816728,0.09933975460435861,0.2855237146684409,"{""flexext_fist"":0.0,""flexext_thumb"":1.0,""flexext_index"":1.0,""flexext_middle"":0.6666666666666666,""flexext_ring"":0.6666666666666666,""flexext_pinky"":0.0}",without_F7_anchor,,,F7_anchor
feature_bank_manus_full_fusion_validation_20260915,validation,semg_manus,6,session_2,1,F0|F1_X1H|F2b_CSP|F3_Ring|F4_Spectral|F5_Temporal|F6_IMU|F9_Quality,,,,0.5555555555555555,0.5833333333333334,1.1176619325698696,0.1013558885067636,0.29867015991185425,"{""flexext_fist"":0.0,""flexext_thumb"":1.0,""flexext_index"":1.0,""flexext_middle"":0.6666666666666666,""flexext_ring"":0.6666666666666666,""flexext_pinky"":0.0}",uniform_population,,,uniform_population
feature_bank_manus_full_fusion_validation_20260915,validation,semg_manus,6,session_2,1,F0|F1_X1H|F2b_CSP|F3_Ring|F4_Spectral|F5_Temporal|F6_IMU|F9_Quality,,,,0.6388888888888888,0.6666666666666666,1.1986094272055023,0.10182816969043637,0.33716985821424084,"{""flexext_fist"":0.0,""flexext_thumb"":1.0,""flexext_index"":1.0,""flexext_middle"":0.6666666666666666,""flexext_ring"":0.6666666666666666,""flexext_pinky"":0.5}",without_F0,,,F0
feature_bank_manus_full_fusion_validation_20260915,validation,semg_manus,6,session_2,1,F0|F1_X1H|F2b_CSP|F3_Ring|F4_Spectral|F5_Temporal|F6_IMU|F9_Quality,,,,0.5555555555555555,0.5833333333333334,1.193059784887608,0.10148236832223019,0.24109866437436225,"{""flexext_fist"":0.0,""flexext_thumb"":1.0,""flexext_index"":1.0,""flexext_middle"":0.6666666666666666,""flexext_ring"":0.6666666666666666,""flexext_pinky"":0.0}",without_F1_X1H,,,F1_X1H
feature_bank_manus_full_fusion_validation_20260915,validation,semg_manus,6,session_2,1,F0|F1_X1H|F2b_CSP|F3_Ring|F4_Spectral|F5_Temporal|F6_IMU|F9_Quality,,,,0.5555555555555555,0.5833333333333334,1.2156935794595558,0.1033949756490916,0.24033284424639628,"{""flexext_fist"":0.0,""flexext_thumb"":1.0,""flexext_index"":1.0,""flexext_middle"":0.6666666666666666,""flexext_ring"":0.6666666666666666,""flexext_pinky"":0.0}",without_F2b_CSP,,,F2b_CSP
feature_bank_manus_full_fusion_validation_20260915,validation,semg_manus,6,session_2,1,F0|F1_X1H|F2b_CSP|F3_Ring|F4_Spectral|F5_Temporal|F6_IMU|F9_Quality,,,,0.5555555555555555,0.5833333333333334,1.187028522767713,0.10192510804492545,0.28619591795761573,"{""flexext_fist"":0.0,""flexext_thumb"":1.0,""flexext_index"":1.0,""flexext_middle"":0.6666666666666666,""flexext_ring"":0.6666666666666666,""flexext_pinky"":0.0}",without_F3_Ring,,,F3_Ring
feature_bank_manus_full_fusion_validation_20260915,validation,semg_manus,6,session_2,1,F0|F1_X1H|F2b_CSP|F3_Ring|F4_Spectral|F5_Temporal|F6_IMU|F9_Quality,,,,0.7444444444444445,0.75,1.2365908396641283,0.10420149627823405,0.49022739192828024,"{""flexext_fist"":0.5,""flexext_thumb"":1.0,""flexext_index"":1.0,""flexext_middle"":0.6666666666666666,""flexext_ring"":0.8,""flexext_pinky"":0.5}",without_F4_Spectral,,,F4_Spectral
feature_bank_manus_full_fusion_validation_20260915,validation,semg_manus,6,session_2,1,F0|F1_X1H|F2b_CSP|F3_Ring|F4_Spectral|F5_Temporal|F6_IMU|F9_Quality,,,,0.5777777777777778,0.5833333333333334,1.248670813342638,0.10614176645072397,0.26062866718479,"{""flexext_fist"":0.3333333333333333,""flexext_thumb"":1.0,""flexext_index"":0.6666666666666666,""flexext_middle"":0.6666666666666666,""flexext_ring"":0.8,""flexext_pinky"":0.0}",without_F5_Temporal,,,F5_Temporal
feature_bank_manus_full_fusion_validation_20260915,validation,semg_manus,6,session_2,1,F0|F1_X1H|F2b_CSP|F3_Ring|F4_Spectral|F5_Temporal|F6_IMU|F9_Quality,,,,0.5555555555555555,0.5833333333333334,1.1683443565304146,0.10110289432662199,0.2892920183831335,"{""flexext_fist"":0.0,""flexext_thumb"":1.0,""flexext_index"":1.0,""flexext_middle"":0.6666666666666666,""flexext_ring"":0.6666666666666666,""flexext_pinky"":0.0}",without_F6_IMU,,,F6_IMU
feature_bank_manus_full_fusion_validation_20260915,validation,semg_manus,6,session_2,1,F0|F1_X1H|F2b_CSP|F3_Ring|F4_Spectral|F5_Temporal|F6_IMU|F9_Quality,,,,0.6507936507936508,0.6666666666666666,1.260188124419954,0.10748974369077796,0.42297990359207305,"{""flexext_fist"":0.5714285714285714,""flexext_thumb"":1.0,""flexext_index"":0.6666666666666666,""flexext_middle"":0.6666666666666666,""flexext_ring"":1.0,""flexext_pinky"":0.0}",without_F9_Quality,,,F9_Quality
feature_bank_manus_full_fusion_validation_20260915,validation,semg_manus,6,session_2,1,F0|F1_X1H|F2b_CSP|F3_Ring|F4_Spectral|F5_Temporal|F6_IMU|F9_Quality,,,,0.5555555555555555,0.5833333333333334,1.204707996137149,0.10315087516697681,0.3149653396710607,"{""flexext_fist"":0.0,""flexext_thumb"":1.0,""flexext_index"":1.0,""flexext_middle"":0.6666666666666666,""flexext_ring"":0.6666666666666666,""flexext_pinky"":0.0}",with_F8_context,,,with_F8_context
feature_bank_manus_full_fusion_validation_20260915,validation,semg_manus,6,session_2,1,F0|F1_X1H|F2b_CSP|F3_Ring|F4_Spectral|F5_Temporal|F6_IMU|F9_Quality,,,,0.5555555555555555,0.5833333333333334,1.201088258967787,0.10247945355589755,0.2415885102643228,"{""flexext_fist"":0.0,""flexext_thumb"":1.0,""flexext_index"":1.0,""flexext_middle"":0.6666666666666666,""flexext_ring"":0.6666666666666666,""flexext_pinky"":0.0}",with_F8_F9_quality,,,with_F8_F9_quality
feature_bank_manus_full_fusion_validation_20260915,validation,semg_manus,6,session_2,2,F0|F1_X1H|F2b_CSP|F3_Ring|F4_Spectral|F5_Temporal|F6_IMU|F9_Quality,,,,1.0,1.0,1.2925206196315073,0.10688584941130125,0.7242585354886794,"{""flexext_fist"":1.0,""flexext_thumb"":1.0,""flexext_index"":1.0,""flexext_middle"":1.0,""flexext_ring"":1.0,""flexext_pinky"":1.0}",full,,,NONE
feature_bank_manus_full_fusion_validation_20260915,validation,semg_manus,6,session_2,2,F0|F1_X1H|F2b_CSP|F3_Ring|F4_Spectral|F5_Temporal|F6_IMU|F9_Quality,,,,0.5833333333333334,0.6666666666666666,1.2144120213868697,0.10571571654332339,0.35142748595974704,"{""flexext_fist"":0.5,""flexext_thumb"":0.0,""flexext_index"":1.0,""flexext_middle"":1.0,""flexext_ring"":1.0,""flexext_pinky"":0.0}",without_F7_anchor,,,F7_anchor
feature_bank_manus_full_fusion_validation_20260915,validation,semg_manus,6,session_2,2,F0|F1_X1H|F2b_CSP|F3_Ring|F4_Spectral|F5_Temporal|F6_IMU|F9_Quality,,,,0.611111111111111,0.6666666666666666,1.0869988234640464,0.09585395430016429,0.3103279251231286,"{""flexext_fist"":0.0,""flexext_thumb"":1.0,""flexext_index"":1.0,""flexext_middle"":1.0,""flexext_ring"":0.6666666666666666,""flexext_pinky"":0.0}",uniform_population,,,uniform_population
feature_bank_manus_full_fusion_validation_20260915,validation,semg_manus,6,session_2,2,F0|F1_X1H|F2b_CSP|F3_Ring|F4_Spectral|F5_Temporal|F6_IMU|F9_Quality,,,,1.0,1.0,1.2861826944685744,0.10624240752110889,0.7230345456774492,"{""flexext_fist"":1.0,""flexext_thumb"":1.0,""flexext_index"":1.0,""flexext_middle"":1.0,""flexext_ring"":1.0,""flexext_pinky"":1.0}",without_F0,,,F0
feature_bank_manus_full_fusion_validation_20260915,validation,semg_manus,6,session_2,2,F0|F1_X1H|F2b_CSP|F3_Ring|F4_Spectral|F5_Temporal|F6_IMU|F9_Quality,,,,1.0,1.0,1.2749213381785476,0.10528805751114001,0.7193758344405015,"{""flexext_fist"":1.0,""flexext_thumb"":1.0,""flexext_index"":1.0,""flexext_middle"":1.0,""flexext_ring"":1.0,""flexext_pinky"":1.0}",without_F1_X1H,,,F1_X1H
feature_bank_manus_full_fusion_validation_20260915,validation,semg_manus,6,session_2,2,F0|F1_X1H|F2b_CSP|F3_Ring|F4_Spectral|F5_Temporal|F6_IMU|F9_Quality,,,,1.0,1.0,1.3015379632098187,0.10744148815096564,0.7263311277698293,"{""flexext_fist"":1.0,""flexext_thumb"":1.0,""flexext_index"":1.0,""flexext_middle"":1.0,""flexext_ring"":1.0,""flexext_pinky"":1.0}",without_F2b_CSP,,,F2b_CSP
feature_bank_manus_full_fusion_validation_20260915,validation,semg_manus,6,session_2,2,F0|F1_X1H|F2b_CSP|F3_Ring|F4_Spectral|F5_Temporal|F6_IMU|F9_Quality,,,,1.0,1.0,1.2511811953624614,0.1038086624227716,0.7124201828795104,"{""flexext_fist"":1.0,""flexext_thumb"":1.0,""flexext_index"":1.0,""flexext_middle"":1.0,""flexext_ring"":1.0,""flexext_pinky"":1.0}",without_F3_Ring,,,F3_Ring
feature_bank_manus_full_fusion_validation_20260915,validation,semg_manus,6,session_2,2,F0|F1_X1H|F2b_CSP|F3_Ring|F4_Spectral|F5_Temporal|F6_IMU|F9_Quality,,,,1.0,1.0,1.2943704873377886,0.10680558300045646,0.7247478330287312,"{""flexext_fist"":1.0,""flexext_thumb"":1.0,""flexext_index"":1.0,""flexext_middle"":1.0,""flexext_ring"":1.0,""flexext_pinky"":1.0}",without_F4_Spectral,,,F4_Spectral
feature_bank_manus_full_fusion_validation_20260915,validation,semg_manus,6,session_2,2,F0|F1_X1H|F2b_CSP|F3_Ring|F4_Spectral|F5_Temporal|F6_IMU|F9_Quality,,,,0.7777777777777777,0.8333333333333334,1.3588704859863727,0.11196885159782005,0.5702907267556266,"{""flexext_fist"":0.6666666666666666,""flexext_thumb"":1.0,""flexext_index"":1.0,""flexext_middle"":1.0,""flexext_ring"":1.0,""flexext_pinky"":0.0}",without_F5_Temporal,,,F5_Temporal
feature_bank_manus_full_fusion_validation_20260915,validation,semg_manus,6,session_2,2,F0|F1_X1H|F2b_CSP|F3_Ring|F4_Spectral|F5_Temporal|F6_IMU|F9_Quality,,,,0.7777777777777777,0.8333333333333334,1.2304137056662443,0.10307141812796483,0.533653765719752,"{""flexext_fist"":0.6666666666666666,""flexext_thumb"":1.0,""flexext_index"":1.0,""flexext_middle"":1.0,""flexext_ring"":1.0,""flexext_pinky"":0.0}",without_F6_IMU,,,F6_IMU
feature_bank_manus_full_fusion_validation_20260915,validation,semg_manus,6,session_2,2,F0|F1_X1H|F2b_CSP|F3_Ring|F4_Spectral|F5_Temporal|F6_IMU|F9_Quality,,,,0.7777777777777777,0.8333333333333334,1.3452009996600574,0.11097306305023012,0.5694676789150053,"{""flexext_fist"":0.6666666666666666,""flexext_thumb"":1.0,""flexext_index"":1.0,""flexext_middle"":1.0,""flexext_ring"":1.0,""flexext_pinky"":0.0}",without_F9_Quality,,,F9_Quality
feature_bank_manus_full_fusion_validation_20260915,validation,semg_manus,6,session_2,2,F0|F1_X1H|F2b_CSP|F3_Ring|F4_Spectral|F5_Temporal|F6_IMU|F9_Quality,,,,0.7777777777777777,0.8333333333333334,1.2811115938658746,0.10623329788526545,0.6331389378719673,"{""flexext_fist"":0.6666666666666666,""flexext_thumb"":1.0,""flexext_index"":1.0,""flexext_middle"":1.0,""flexext_ring"":1.0,""flexext_pinky"":0.0}",with_F8_context,,,with_F8_context
feature_bank_manus_full_fusion_validation_20260915,validation,semg_manus,6,session_2,2,F0|F1_X1H|F2b_CSP|F3_Ring|F4_Spectral|F5_Temporal|F6_IMU|F9_Quality,,,,1.0,1.0,1.2821406676439298,0.10618914715979742,0.7215576243614497,"{""flexext_fist"":1.0,""flexext_thumb"":1.0,""flexext_index"":1.0,""flexext_middle"":1.0,""flexext_ring"":1.0,""flexext_pinky"":1.0}",with_F8_F9_quality,,,with_F8_F9_quality
feature_bank_manus_full_fusion_validation_20260915,validation,semg_manus,7,session_2,0,F0|F1_X1H|F2b_CSP|F3_Ring|F4_Spectral|F5_Temporal|F6_IMU|F9_Quality,,,,0.2619047619047619,0.2777777777777778,1.8835773146460815,0.1417391194490167,0.25046471742967213,"{""flexext_fist"":1.0,""flexext_thumb"":0.0,""flexext_index"":0.0,""flexext_middle"":0.0,""flexext_ring"":0.5714285714285714,""flexext_pinky"":0.0}",full,,,NONE
feature_bank_manus_full_fusion_validation_20260915,validation,semg_manus,7,session_2,0,F0|F1_X1H|F2b_CSP|F3_Ring|F4_Spectral|F5_Temporal|F6_IMU|F9_Quality,,,,0.2619047619047619,0.2777777777777778,1.8835773146460815,0.1417391194490167,0.25046471742967213,"{""flexext_fist"":1.0,""flexext_thumb"":0.0,""flexext_index"":0.0,""flexext_middle"":0.0,""flexext_ring"":0.5714285714285714,""flexext_pinky"":0.0}",without_F7_anchor,,,F7_anchor
feature_bank_manus_full_fusion_validation_20260915,validation,semg_manus,7,session_2,0,F0|F1_X1H|F2b_CSP|F3_Ring|F4_Spectral|F5_Temporal|F6_IMU|F9_Quality,,,,0.2619047619047619,0.2777777777777778,1.8835773146460815,0.1417391194490167,0.25046471742967213,"{""flexext_fist"":1.0,""flexext_thumb"":0.0,""flexext_index"":0.0,""flexext_middle"":0.0,""flexext_ring"":0.5714285714285714,""flexext_pinky"":0.0}",uniform_population,,,uniform_population
feature_bank_manus_full_fusion_validation_20260915,validation,semg_manus,7,session_2,0,F0|F1_X1H|F2b_CSP|F3_Ring|F4_Spectral|F5_Temporal|F6_IMU|F9_Quality,,,,0.3095238095238095,0.3333333333333333,1.858194895364608,0.14065196132299881,0.27705208776993934,"{""flexext_fist"":1.0,""flexext_thumb"":0.2857142857142857,""flexext_index"":0.0,""flexext_middle"":0.0,""flexext_ring"":0.5714285714285714,""flexext_pinky"":0.0}",without_F0,,,F0
feature_bank_manus_full_fusion_validation_20260915,validation,semg_manus,7,session_2,0,F0|F1_X1H|F2b_CSP|F3_Ring|F4_Spectral|F5_Temporal|F6_IMU|F9_Quality,,,,0.3148148148148148,0.3333333333333333,1.8796101032733392,0.14257741835701457,0.26654585259488456,"{""flexext_fist"":1.0,""flexext_thumb"":0.2222222222222222,""flexext_index"":0.0,""flexext_middle"":0.0,""flexext_ring"":0.6666666666666666,""flexext_pinky"":0.0}",without_F1_X1H,,,F1_X1H
feature_bank_manus_full_fusion_validation_20260915,validation,semg_manus,7,session_2,0,F0|F1_X1H|F2b_CSP|F3_Ring|F4_Spectral|F5_Temporal|F6_IMU|F9_Quality,,,,0.27777777777777773,0.2777777777777778,1.983345442074712,0.14712008989561218,0.2441627974073979,"{""flexext_fist"":1.0,""flexext_thumb"":0.0,""flexext_index"":0.0,""flexext_middle"":0.0,""flexext_ring"":0.6666666666666666,""flexext_pinky"":0.0}",without_F2b_CSP,,,F2b_CSP
feature_bank_manus_full_fusion_validation_20260915,validation,semg_manus,7,session_2,0,F0|F1_X1H|F2b_CSP|F3_Ring|F4_Spectral|F5_Temporal|F6_IMU|F9_Quality,,,,0.25,0.2777777777777778,1.8746731859749535,0.14202349183701377,0.23372072188038245,"{""flexext_fist"":1.0,""flexext_thumb"":0.0,""flexext_index"":0.0,""flexext_middle"":0.0,""flexext_ring"":0.5,""flexext_pinky"":0.0}",without_F3_Ring,,,F3_Ring
feature_bank_manus_full_fusion_validation_20260915,validation,semg_manus,7,session_2,0,F0|F1_X1H|F2b_CSP|F3_Ring|F4_Spectral|F5_Temporal|F6_IMU|F9_Quality,,,,0.2619047619047619,0.2777777777777778,1.842006629745428,0.1408230524510238,0.2478429796124626,"{""flexext_fist"":1.0,""flexext_thumb"":0.0,""flexext_index"":0.0,""flexext_middle"":0.0,""flexext_ring"":0.5714285714285714,""flexext_pinky"":0.0}",without_F4_Spectral,,,F4_Spectral
feature_bank_manus_full_fusion_validation_20260915,validation,semg_manus,7,session_2,0,F0|F1_X1H|F2b_CSP|F3_Ring|F4_Spectral|F5_Temporal|F6_IMU|F9_Quality,,,,0.2619047619047619,0.2777777777777778,1.8703750758523574,0.13938716000668075,0.26247922926280604,"{""flexext_fist"":1.0,""flexext_thumb"":0.0,""flexext_index"":0.0,""flexext_middle"":0.0,""flexext_ring"":0.5714285714285714,""flexext_pinky"":0.0}",without_F5_Temporal,,,F5_Temporal
feature_bank_manus_full_fusion_validation_20260915,validation,semg_manus,7,session_2,0,F0|F1_X1H|F2b_CSP|F3_Ring|F4_Spectral|F5_Temporal|F6_IMU|F9_Quality,,,,0.2619047619047619,0.2777777777777778,1.9868673913235877,0.14482077600838558,0.3096013316968096,"{""flexext_fist"":1.0,""flexext_thumb"":0.0,""flexext_index"":0.0,""flexext_middle"":0.0,""flexext_ring"":0.5714285714285714,""flexext_pinky"":0.0}",without_F6_IMU,,,F6_IMU
feature_bank_manus_full_fusion_validation_20260915,validation,semg_manus,7,session_2,0,F0|F1_X1H|F2b_CSP|F3_Ring|F4_Spectral|F5_Temporal|F6_IMU|F9_Quality,,,,0.2619047619047619,0.2777777777777778,1.8620345434620011,0.14137799590759004,0.2959738671114626,"{""flexext_fist"":1.0,""flexext_thumb"":0.0,""flexext_index"":0.0,""flexext_middle"":0.0,""flexext_ring"":0.5714285714285714,""flexext_pinky"":0.0}",without_F9_Quality,,,F9_Quality
feature_bank_manus_full_fusion_validation_20260915,validation,semg_manus,7,session_2,0,F0|F1_X1H|F2b_CSP|F3_Ring|F4_Spectral|F5_Temporal|F6_IMU|F9_Quality,,,,0.2619047619047619,0.2777777777777778,1.8835773146460815,0.1417391194490167,0.25046471742967213,"{""flexext_fist"":1.0,""flexext_thumb"":0.0,""flexext_index"":0.0,""flexext_middle"":0.0,""flexext_ring"":0.5714285714285714,""flexext_pinky"":0.0}",with_F8_context,,,with_F8_context
feature_bank_manus_full_fusion_validation_20260915,validation,semg_manus,7,session_2,0,F0|F1_X1H|F2b_CSP|F3_Ring|F4_Spectral|F5_Temporal|F6_IMU|F9_Quality,,,,0.2619047619047619,0.2777777777777778,1.8971009799439844,0.14302352909913732,0.2713796206252169,"{""flexext_fist"":1.0,""flexext_thumb"":0.0,""flexext_index"":0.0,""flexext_middle"":0.0,""flexext_ring"":0.5714285714285714,""flexext_pinky"":0.0}",with_F8_F9_quality,,,with_F8_F9_quality
feature_bank_manus_full_fusion_validation_20260915,validation,semg_manus,7,session_2,1,F0|F1_X1H|F2b_CSP|F3_Ring|F4_Spectral|F5_Temporal|F6_IMU|F9_Quality,,,,0.2976190476190476,0.3333333333333333,1.6854279298324197,0.1362350662347671,0.16081572816199802,"{""flexext_fist"":1.0,""flexext_thumb"":0.2857142857142857,""flexext_index"":0.0,""flexext_middle"":0.0,""flexext_ring"":0.5,""flexext_pinky"":0.0}",full,,,NONE
feature_bank_manus_full_fusion_validation_20260915,validation,semg_manus,7,session_2,1,F0|F1_X1H|F2b_CSP|F3_Ring|F4_Spectral|F5_Temporal|F6_IMU|F9_Quality,,,,0.25,0.25,1.9930652663402524,0.14977401662884693,0.2785468433953102,"{""flexext_fist"":1.0,""flexext_thumb"":0.0,""flexext_index"":0.0,""flexext_middle"":0.0,""flexext_ring"":0.5,""flexext_pinky"":0.0}",without_F7_anchor,,,F7_anchor
feature_bank_manus_full_fusion_validation_20260915,validation,semg_manus,7,session_2,1,F0|F1_X1H|F2b_CSP|F3_Ring|F4_Spectral|F5_Temporal|F6_IMU|F9_Quality,,,,0.25,0.25,1.9341350099893504,0.14708345842449166,0.19184708765942593,"{""flexext_fist"":1.0,""flexext_thumb"":0.0,""flexext_index"":0.0,""flexext_middle"":0.0,""flexext_ring"":0.5,""flexext_pinky"":0.0}",uniform_population,,,uniform_population
feature_bank_manus_full_fusion_validation_20260915,validation,semg_manus,7,session_2,1,F0|F1_X1H|F2b_CSP|F3_Ring|F4_Spectral|F5_Temporal|F6_IMU|F9_Quality,,,,0.2976190476190476,0.3333333333333333,1.690049183780948,0.1363334376270938,0.19854011364592192,"{""flexext_fist"":1.0,""flexext_thumb"":0.2857142857142857,""flexext_index"":0.0,""flexext_middle"":0.0,""flexext_ring"":0.5,""flexext_pinky"":0.0}",without_F0,,,F0
feature_bank_manus_full_fusion_validation_20260915,validation,semg_manus,7,session_2,1,F0|F1_X1H|F2b_CSP|F3_Ring|F4_Spectral|F5_Temporal|F6_IMU|F9_Quality,,,,0.2976190476190476,0.3333333333333333,1.7003237437507932,0.13804017630883192,0.28033190836262556,"{""flexext_fist"":1.0,""flexext_thumb"":0.2857142857142857,""flexext_index"":0.0,""flexext_middle"":0.0,""flexext_ring"":0.5,""flexext_pinky"":0.0}",without_F1_X1H,,,F1_X1H
feature_bank_manus_full_fusion_validation_20260915,validation,semg_manus,7,session_2,1,F0|F1_X1H|F2b_CSP|F3_Ring|F4_Spectral|F5_Temporal|F6_IMU|F9_Quality,,,,0.3055555555555555,0.3333333333333333,1.7130881750595608,0.1386979634708393,0.27656462157027306,"{""flexext_fist"":1.0,""flexext_thumb"":0.3333333333333333,""flexext_index"":0.0,""flexext_middle"":0.0,""flexext_ring"":0.5,""flexext_pinky"":0.0}",without_F2b_CSP,,,F2b_CSP
feature_bank_manus_full_fusion_validation_20260915,validation,semg_manus,7,session_2,1,F0|F1_X1H|F2b_CSP|F3_Ring|F4_Spectral|F5_Temporal|F6_IMU|F9_Quality,,,,0.2976190476190476,0.3333333333333333,1.6646921655143643,0.1357032539664321,0.2714267648042935,"{""flexext_fist"":1.0,""flexext_thumb"":0.2857142857142857,""flexext_index"":0.0,""flexext_middle"":0.0,""flexext_ring"":0.5,""flexext_pinky"":0.0}",without_F3_Ring,,,F3_Ring
feature_bank_manus_full_fusion_validation_20260915,validation,semg_manus,7,session_2,1,F0|F1_X1H|F2b_CSP|F3_Ring|F4_Spectral|F5_Temporal|F6_IMU|F9_Quality,,,,0.25,0.25,1.680648941332823,0.13636610563860993,0.10217544708464021,"{""flexext_fist"":1.0,""flexext_thumb"":0.0,""flexext_index"":0.0,""flexext_middle"":0.0,""flexext_ring"":0.5,""flexext_pinky"":0.0}",without_F4_Spectral,,,F4_Spectral
feature_bank_manus_full_fusion_validation_20260915,validation,semg_manus,7,session_2,1,F0|F1_X1H|F2b_CSP|F3_Ring|F4_Spectral|F5_Temporal|F6_IMU|F9_Quality,,,,0.25,0.25,1.6506160748999583,0.1333175162937651,0.1279340726512223,"{""flexext_fist"":1.0,""flexext_thumb"":0.0,""flexext_index"":0.0,""flexext_middle"":0.0,""flexext_ring"":0.5,""flexext_pinky"":0.0}",without_F5_Temporal,,,F5_Temporal
feature_bank_manus_full_fusion_validation_20260915,validation,semg_manus,7,session_2,1,F0|F1_X1H|F2b_CSP|F3_Ring|F4_Spectral|F5_Temporal|F6_IMU|F9_Quality,,,,0.2976190476190476,0.3333333333333333,1.7087907959316315,0.13747584379031322,0.0942783711917779,"{""flexext_fist"":1.0,""flexext_thumb"":0.2857142857142857,""flexext_index"":0.0,""flexext_middle"":0.0,""flexext_ring"":0.5,""flexext_pinky"":0.0}",without_F6_IMU,,,F6_IMU
feature_bank_manus_full_fusion_validation_20260915,validation,semg_manus,7,session_2,1,F0|F1_X1H|F2b_CSP|F3_Ring|F4_Spectral|F5_Temporal|F6_IMU|F9_Quality,,,,0.3,0.3333333333333333,1.6955661231931636,0.13661291915353457,0.3609546269681812,"{""flexext_fist"":1.0,""flexext_thumb"":0.0,""flexext_index"":0.0,""flexext_middle"":0.0,""flexext_ring"":0.8,""flexext_pinky"":0.0}",without_F9_Quality,,,F9_Quality
feature_bank_manus_full_fusion_validation_20260915,validation,semg_manus,7,session_2,1,F0|F1_X1H|F2b_CSP|F3_Ring|F4_Spectral|F5_Temporal|F6_IMU|F9_Quality,,,,0.25,0.25,1.694367060020409,0.1370275953327978,0.14153720617518128,"{""flexext_fist"":1.0,""flexext_thumb"":0.0,""flexext_index"":0.0,""flexext_middle"":0.0,""flexext_ring"":0.5,""flexext_pinky"":0.0}",with_F8_context,,,with_F8_context
feature_bank_manus_full_fusion_validation_20260915,validation,semg_manus,7,session_2,1,F0|F1_X1H|F2b_CSP|F3_Ring|F4_Spectral|F5_Temporal|F6_IMU|F9_Quality,,,,0.3055555555555555,0.3333333333333333,1.69939545505994,0.1375876916466487,0.21547587183873435,"{""flexext_fist"":1.0,""flexext_thumb"":0.3333333333333333,""flexext_index"":0.0,""flexext_middle"":0.0,""flexext_ring"":0.5,""flexext_pinky"":0.0}",with_F8_F9_quality,,,with_F8_F9_quality
feature_bank_manus_full_fusion_validation_20260915,validation,semg_manus,7,session_2,2,F0|F1_X1H|F2b_CSP|F3_Ring|F4_Spectral|F5_Temporal|F6_IMU|F9_Quality,,,,0.16666666666666666,0.16666666666666666,1.62987994457428,0.13239720343205474,0.35792066771749,"{""flexext_fist"":1.0,""flexext_thumb"":0.0,""flexext_index"":0.0,""flexext_middle"":0.0,""flexext_ring"":0.0,""flexext_pinky"":0.0}",full,,,NONE
feature_bank_manus_full_fusion_validation_20260915,validation,semg_manus,7,session_2,2,F0|F1_X1H|F2b_CSP|F3_Ring|F4_Spectral|F5_Temporal|F6_IMU|F9_Quality,,,,0.16666666666666666,0.16666666666666666,2.050709642718587,0.15395239981350248,0.25087012822008875,"{""flexext_fist"":1.0,""flexext_thumb"":0.0,""flexext_index"":0.0,""flexext_middle"":0.0,""flexext_ring"":0.0,""flexext_pinky"":0.0}",without_F7_anchor,,,F7_anchor
feature_bank_manus_full_fusion_validation_20260915,validation,semg_manus,7,session_2,2,F0|F1_X1H|F2b_CSP|F3_Ring|F4_Spectral|F5_Temporal|F6_IMU|F9_Quality,,,,0.16666666666666666,0.16666666666666666,2.085849804129458,0.15633027863013538,0.25510293624135294,"{""flexext_fist"":1.0,""flexext_thumb"":0.0,""flexext_index"":0.0,""flexext_middle"":0.0,""flexext_ring"":0.0,""flexext_pinky"":0.0}",uniform_population,,,uniform_population
feature_bank_manus_full_fusion_validation_20260915,validation,semg_manus,7,session_2,2,F0|F1_X1H|F2b_CSP|F3_Ring|F4_Spectral|F5_Temporal|F6_IMU|F9_Quality,,,,0.16666666666666666,0.16666666666666666,1.6660202244514404,0.13498690582028885,0.12429717432392838,"{""flexext_fist"":1.0,""flexext_thumb"":0.0,""flexext_index"":0.0,""flexext_middle"":0.0,""flexext_ring"":0.0,""flexext_pinky"":0.0}",without_F0,,,F0
feature_bank_manus_full_fusion_validation_20260915,validation,semg_manus,7,session_2,2,F0|F1_X1H|F2b_CSP|F3_Ring|F4_Spectral|F5_Temporal|F6_IMU|F9_Quality,,,,0.16666666666666666,0.16666666666666666,1.6652672082329765,0.13569379446531935,0.15419238091948248,"{""flexext_fist"":1.0,""flexext_thumb"":0.0,""flexext_index"":0.0,""flexext_middle"":0.0,""flexext_ring"":0.0,""flexext_pinky"":0.0}",without_F1_X1H,,,F1_X1H
feature_bank_manus_full_fusion_validation_20260915,validation,semg_manus,7,session_2,2,F0|F1_X1H|F2b_CSP|F3_Ring|F4_Spectral|F5_Temporal|F6_IMU|F9_Quality,,,,0.16666666666666666,0.16666666666666666,1.6668702370491706,0.1356409803625715,0.14906991005601372,"{""flexext_fist"":1.0,""flexext_thumb"":0.0,""flexext_index"":0.0,""flexext_middle"":0.0,""flexext_ring"":0.0,""flexext_pinky"":0.0}",without_F2b_CSP,,,F2b_CSP
feature_bank_manus_full_fusion_validation_20260915,validation,semg_manus,7,session_2,2,F0|F1_X1H|F2b_CSP|F3_Ring|F4_Spectral|F5_Temporal|F6_IMU|F9_Quality,,,,0.16666666666666666,0.16666666666666666,1.6019027384381477,0.13117574025866707,0.2481614858815872,"{""flexext_fist"":1.0,""flexext_thumb"":0.0,""flexext_index"":0.0,""flexext_middle"":0.0,""flexext_ring"":0.0,""flexext_pinky"":0.0}",without_F3_Ring,,,F3_Ring
feature_bank_manus_full_fusion_validation_20260915,validation,semg_manus,7,session_2,2,F0|F1_X1H|F2b_CSP|F3_Ring|F4_Spectral|F5_Temporal|F6_IMU|F9_Quality,,,,0.16666666666666666,0.16666666666666666,1.6142019150580225,0.13132873654320318,0.3543091100382627,"{""flexext_fist"":1.0,""flexext_thumb"":0.0,""flexext_index"":0.0,""flexext_middle"":0.0,""flexext_ring"":0.0,""flexext_pinky"":0.0}",without_F4_Spectral,,,F4_Spectral
feature_bank_manus_full_fusion_validation_20260915,validation,semg_manus,7,session_2,2,F0|F1_X1H|F2b_CSP|F3_Ring|F4_Spectral|F5_Temporal|F6_IMU|F9_Quality,,,,0.16666666666666666,0.16666666666666666,1.607002004270307,0.13056541579156467,0.24044345922347155,"{""flexext_fist"":1.0,""flexext_thumb"":0.0,""flexext_index"":0.0,""flexext_middle"":0.0,""flexext_ring"":0.0,""flexext_pinky"":0.0}",without_F5_Temporal,,,F5_Temporal
feature_bank_manus_full_fusion_validation_20260915,validation,semg_manus,7,session_2,2,F0|F1_X1H|F2b_CSP|F3_Ring|F4_Spectral|F5_Temporal|F6_IMU|F9_Quality,,,,0.16666666666666666,0.16666666666666666,1.6544376876567848,0.1332839547745538,0.23907685947773163,"{""flexext_fist"":1.0,""flexext_thumb"":0.0,""flexext_index"":0.0,""flexext_middle"":0.0,""flexext_ring"":0.0,""flexext_pinky"":0.0}",without_F6_IMU,,,F6_IMU
feature_bank_manus_full_fusion_validation_20260915,validation,semg_manus,7,session_2,2,F0|F1_X1H|F2b_CSP|F3_Ring|F4_Spectral|F5_Temporal|F6_IMU|F9_Quality,,,,0.27777777777777773,0.3333333333333333,1.5870631697290571,0.12849103734955375,0.3328684739632351,"{""flexext_fist"":1.0,""flexext_thumb"":0.0,""flexext_index"":0.0,""flexext_middle"":0.0,""flexext_ring"":0.6666666666666666,""flexext_pinky"":0.0}",without_F9_Quality,,,F9_Quality
feature_bank_manus_full_fusion_validation_20260915,validation,semg_manus,7,session_2,2,F0|F1_X1H|F2b_CSP|F3_Ring|F4_Spectral|F5_Temporal|F6_IMU|F9_Quality,,,,0.16666666666666666,0.16666666666666666,1.6420243025519028,0.1334012383114075,0.3617589264428768,"{""flexext_fist"":1.0,""flexext_thumb"":0.0,""flexext_index"":0.0,""flexext_middle"":0.0,""flexext_ring"":0.0,""flexext_pinky"":0.0}",with_F8_context,,,with_F8_context
feature_bank_manus_full_fusion_validation_20260915,validation,semg_manus,7,session_2,2,F0|F1_X1H|F2b_CSP|F3_Ring|F4_Spectral|F5_Temporal|F6_IMU|F9_Quality,,,,0.16666666666666666,0.16666666666666666,1.6641911718917248,0.1354118786404105,0.1426646689662531,"{""flexext_fist"":1.0,""flexext_thumb"":0.0,""flexext_index"":0.0,""flexext_middle"":0.0,""flexext_ring"":0.0,""flexext_pinky"":0.0}",with_F8_F9_quality,,,with_F8_F9_quality
feature_bank_manus_full_fusion_validation_20260915,validation,semg_manus,8,session_2,0,F0|F1_X1H|F2b_CSP|F3_Ring|F4_Spectral|F5_Temporal|F6_IMU|F9_Quality,,,,0.2702380952380952,0.2777777777777778,1.3041666656639868,0.11323219441766615,0.2566461401464696,"{""flexext_fist"":0.5714285714285714,""flexext_thumb"":0.25,""flexext_index"":0.0,""flexext_middle"":0.0,""flexext_ring"":0.8,""flexext_pinky"":0.0}",full,,,NONE
feature_bank_manus_full_fusion_validation_20260915,validation,semg_manus,8,session_2,0,F0|F1_X1H|F2b_CSP|F3_Ring|F4_Spectral|F5_Temporal|F6_IMU|F9_Quality,,,,0.2702380952380952,0.2777777777777778,1.3041666656639868,0.11323219441766615,0.2566461401464696,"{""flexext_fist"":0.5714285714285714,""flexext_thumb"":0.25,""flexext_index"":0.0,""flexext_middle"":0.0,""flexext_ring"":0.8,""flexext_pinky"":0.0}",without_F7_anchor,,,F7_anchor
feature_bank_manus_full_fusion_validation_20260915,validation,semg_manus,8,session_2,0,F0|F1_X1H|F2b_CSP|F3_Ring|F4_Spectral|F5_Temporal|F6_IMU|F9_Quality,,,,0.2702380952380952,0.2777777777777778,1.3041666656639868,0.11323219441766615,0.2566461401464696,"{""flexext_fist"":0.5714285714285714,""flexext_thumb"":0.25,""flexext_index"":0.0,""flexext_middle"":0.0,""flexext_ring"":0.8,""flexext_pinky"":0.0}",uniform_population,,,uniform_population
feature_bank_manus_full_fusion_validation_20260915,validation,semg_manus,8,session_2,0,F0|F1_X1H|F2b_CSP|F3_Ring|F4_Spectral|F5_Temporal|F6_IMU|F9_Quality,,,,0.2642857142857143,0.2777777777777778,1.310945730428015,0.11428291511331269,0.2698383635445727,"{""flexext_fist"":0.5,""flexext_thumb"":0.2857142857142857,""flexext_index"":0.0,""flexext_middle"":0.0,""flexext_ring"":0.8,""flexext_pinky"":0.0}",without_F0,,,F0
feature_bank_manus_full_fusion_validation_20260915,validation,semg_manus,8,session_2,0,F0|F1_X1H|F2b_CSP|F3_Ring|F4_Spectral|F5_Temporal|F6_IMU|F9_Quality,,,,0.32727272727272727,0.3333333333333333,1.298729992578678,0.1127572455575483,0.2194190803055522,"{""flexext_fist"":0.8,""flexext_thumb"":0.36363636363636365,""flexext_index"":0.0,""flexext_middle"":0.0,""flexext_ring"":0.8,""flexext_pinky"":0.0}",without_F1_X1H,,,F1_X1H
feature_bank_manus_full_fusion_validation_20260915,validation,semg_manus,8,session_2,0,F0|F1_X1H|F2b_CSP|F3_Ring|F4_Spectral|F5_Temporal|F6_IMU|F9_Quality,,,,0.3333333333333333,0.3333333333333333,1.2854283936692519,0.11156283229014541,0.2176485881224988,"{""flexext_fist"":0.8,""flexext_thumb"":0.4,""flexext_index"":0.0,""flexext_middle"":0.0,""flexext_ring"":0.8,""flexext_pinky"":0.0}",without_F2b_CSP,,,F2b_CSP
feature_bank_manus_full_fusion_validation_20260915,validation,semg_manus,8,session_2,0,F0|F1_X1H|F2b_CSP|F3_Ring|F4_Spectral|F5_Temporal|F6_IMU|F9_Quality,,,,0.3111111111111111,0.3333333333333333,1.295320239865639,0.11248787032784627,0.19624972843233665,"{""flexext_fist"":0.6666666666666666,""flexext_thumb"":0.4,""flexext_index"":0.0,""flexext_middle"":0.0,""flexext_ring"":0.8,""flexext_pinky"":0.0}",without_F3_Ring,,,F3_Ring
feature_bank_manus_full_fusion_validation_20260915,validation,semg_manus,8,session_2,0,F0|F1_X1H|F2b_CSP|F3_Ring|F4_Spectral|F5_Temporal|F6_IMU|F9_Quality,,,,0.3611111111111111,0.3888888888888889,1.349880618673291,0.1142148674465085,0.18184199587745967,"{""flexext_fist"":0.6666666666666666,""flexext_thumb"":0.5,""flexext_index"":0.2,""flexext_middle"":0.0,""flexext_ring"":0.8,""flexext_pinky"":0.0}",without_F4_Spectral,,,F4_Spectral
feature_bank_manus_full_fusion_validation_20260915,validation,semg_manus,8,session_2,0,F0|F1_X1H|F2b_CSP|F3_Ring|F4_Spectral|F5_Temporal|F6_IMU|F9_Quality,,,,0.21666666666666667,0.2222222222222222,1.3260628634021936,0.11486956153016953,0.30490440987242223,"{""flexext_fist"":0.5,""flexext_thumb"":0.0,""flexext_index"":0.0,""flexext_middle"":0.0,""flexext_ring"":0.8,""flexext_pinky"":0.0}",without_F5_Temporal,,,F5_Temporal
feature_bank_manus_full_fusion_validation_20260915,validation,semg_manus,8,session_2,0,F0|F1_X1H|F2b_CSP|F3_Ring|F4_Spectral|F5_Temporal|F6_IMU|F9_Quality,,,,0.2642857142857143,0.2777777777777778,1.2716767901712105,0.11264766864950809,0.24977203993725622,"{""flexext_fist"":0.5,""flexext_thumb"":0.2857142857142857,""flexext_index"":0.0,""flexext_middle"":0.0,""flexext_ring"":0.8,""flexext_pinky"":0.0}",without_F6_IMU,,,F6_IMU
feature_bank_manus_full_fusion_validation_20260915,validation,semg_manus,8,session_2,0,F0|F1_X1H|F2b_CSP|F3_Ring|F4_Spectral|F5_Temporal|F6_IMU|F9_Quality,,,,0.2656084656084656,0.2777777777777778,1.3677921456462891,0.11804309744196152,0.28132962492098446,"{""flexext_fist"":0.5714285714285714,""flexext_thumb"":0.2222222222222222,""flexext_index"":0.0,""flexext_middle"":0.0,""flexext_ring"":0.8,""flexext_pinky"":0.0}",without_F9_Quality,,,F9_Quality
feature_bank_manus_full_fusion_validation_20260915,validation,semg_manus,8,session_2,0,F0|F1_X1H|F2b_CSP|F3_Ring|F4_Spectral|F5_Temporal|F6_IMU|F9_Quality,,,,0.2702380952380952,0.2777777777777778,1.3041666656639868,0.11323219441766615,0.2566461401464696,"{""flexext_fist"":0.5714285714285714,""flexext_thumb"":0.25,""flexext_index"":0.0,""flexext_middle"":0.0,""flexext_ring"":0.8,""flexext_pinky"":0.0}",with_F8_context,,,with_F8_context
feature_bank_manus_full_fusion_validation_20260915,validation,semg_manus,8,session_2,0,F0|F1_X1H|F2b_CSP|F3_Ring|F4_Spectral|F5_Temporal|F6_IMU|F9_Quality,,,,0.31851851851851853,0.3333333333333333,1.3059757020380856,0.11313535982488371,0.20749634971632974,"{""flexext_fist"":0.6666666666666666,""flexext_thumb"":0.4444444444444444,""flexext_index"":0.0,""flexext_middle"":0.0,""flexext_ring"":0.8,""flexext_pinky"":0.0}",with_F8_F9_quality,,,with_F8_F9_quality
feature_bank_manus_full_fusion_validation_20260915,validation,semg_manus,8,session_2,1,F0|F1_X1H|F2b_CSP|F3_Ring|F4_Spectral|F5_Temporal|F6_IMU|F9_Quality,,,,0.2698412698412698,0.25,1.3571330361416234,0.11463879913288648,0.23842435464693776,"{""flexext_fist"":0.6666666666666666,""flexext_thumb"":0.2857142857142857,""flexext_index"":0.0,""flexext_middle"":0.0,""flexext_ring"":0.6666666666666666,""flexext_pinky"":0.0}",full,,,NONE
feature_bank_manus_full_fusion_validation_20260915,validation,semg_manus,8,session_2,1,F0|F1_X1H|F2b_CSP|F3_Ring|F4_Spectral|F5_Temporal|F6_IMU|F9_Quality,,,,0.2698412698412698,0.25,1.3728777799484095,0.12171703322093325,0.25488349444316183,"{""flexext_fist"":0.6666666666666666,""flexext_thumb"":0.2857142857142857,""flexext_index"":0.0,""flexext_middle"":0.0,""flexext_ring"":0.6666666666666666,""flexext_pinky"":0.0}",without_F7_anchor,,,F7_anchor
feature_bank_manus_full_fusion_validation_20260915,validation,semg_manus,8,session_2,1,F0|F1_X1H|F2b_CSP|F3_Ring|F4_Spectral|F5_Temporal|F6_IMU|F9_Quality,,,,0.2698412698412698,0.25,1.3926941951837162,0.12195841359021367,0.20095310187166854,"{""flexext_fist"":0.6666666666666666,""flexext_thumb"":0.2857142857142857,""flexext_index"":0.0,""flexext_middle"":0.0,""flexext_ring"":0.6666666666666666,""flexext_pinky"":0.0}",uniform_population,,,uniform_population
feature_bank_manus_full_fusion_validation_20260915,validation,semg_manus,8,session_2,1,F0|F1_X1H|F2b_CSP|F3_Ring|F4_Spectral|F5_Temporal|F6_IMU|F9_Quality,,,,0.2698412698412698,0.25,1.3749899506761436,0.11590075580599225,0.321093985489938,"{""flexext_fist"":0.6666666666666666,""flexext_thumb"":0.2857142857142857,""flexext_index"":0.0,""flexext_middle"":0.0,""flexext_ring"":0.6666666666666666,""flexext_pinky"":0.0}",without_F0,,,F0
feature_bank_manus_full_fusion_validation_20260915,validation,semg_manus,8,session_2,1,F0|F1_X1H|F2b_CSP|F3_Ring|F4_Spectral|F5_Temporal|F6_IMU|F9_Quality,,,,0.2638888888888889,0.25,1.3633453494871015,0.11557031348698689,0.2853830910997969,"{""flexext_fist"":0.6666666666666666,""flexext_thumb"":0.25,""flexext_index"":0.0,""flexext_middle"":0.0,""flexext_ring"":0.6666666666666666,""flexext_pinky"":0.0}",without_F1_X1H,,,F1_X1H
feature_bank_manus_full_fusion_validation_20260915,validation,semg_manus,8,session_2,1,F0|F1_X1H|F2b_CSP|F3_Ring|F4_Spectral|F5_Temporal|F6_IMU|F9_Quality,,,,0.2698412698412698,0.25,1.3442666058353938,0.11424851175902975,0.2019404199619091,"{""flexext_fist"":0.6666666666666666,""flexext_thumb"":0.2857142857142857,""flexext_index"":0.0,""flexext_middle"":0.0,""flexext_ring"":0.6666666666666666,""flexext_pinky"":0.0}",without_F2b_CSP,,,F2b_CSP
feature_bank_manus_full_fusion_validation_20260915,validation,semg_manus,8,session_2,1,F0|F1_X1H|F2b_CSP|F3_Ring|F4_Spectral|F5_Temporal|F6_IMU|F9_Quality,,,,0.31746031746031744,0.3333333333333333,1.3412993684534167,0.11393013543659543,0.2192139823121877,"{""flexext_fist"":0.6666666666666666,""flexext_thumb"":0.2857142857142857,""flexext_index"":0.2857142857142857,""flexext_middle"":0.0,""flexext_ring"":0.6666666666666666,""flexext_pinky"":0.0}",without_F3_Ring,,,F3_Ring
feature_bank_manus_full_fusion_validation_20260915,validation,semg_manus,8,session_2,1,F0|F1_X1H|F2b_CSP|F3_Ring|F4_Spectral|F5_Temporal|F6_IMU|F9_Quality,,,,0.4351851851851852,0.5,1.3748779521840797,0.11457886710980267,0.15424232070648136,"{""flexext_fist"":1.0,""flexext_thumb"":0.5,""flexext_index"":0.4444444444444444,""flexext_middle"":0.0,""flexext_ring"":0.6666666666666666,""flexext_pinky"":0.0}",without_F4_Spectral,,,F4_Spectral
feature_bank_manus_full_fusion_validation_20260915,validation,semg_manus,8,session_2,1,F0|F1_X1H|F2b_CSP|F3_Ring|F4_Spectral|F5_Temporal|F6_IMU|F9_Quality,,,,0.375,0.3333333333333333,1.3554192717652114,0.11393337628257516,0.13036860878357387,"{""flexext_fist"":0.6666666666666666,""flexext_thumb"":0.0,""flexext_index"":0.25,""flexext_middle"":0.0,""flexext_ring"":0.6666666666666666,""flexext_pinky"":0.6666666666666666}",without_F5_Temporal,,,F5_Temporal
feature_bank_manus_full_fusion_validation_20260915,validation,semg_manus,8,session_2,1,F0|F1_X1H|F2b_CSP|F3_Ring|F4_Spectral|F5_Temporal|F6_IMU|F9_Quality,,,,0.2638888888888889,0.25,1.3396811484788442,0.11384165678604068,0.1909765560391919,"{""flexext_fist"":0.6666666666666666,""flexext_thumb"":0.25,""flexext_index"":0.0,""flexext_middle"":0.0,""flexext_ring"":0.6666666666666666,""flexext_pinky"":0.0}",without_F6_IMU,,,F6_IMU
feature_bank_manus_full_fusion_validation_20260915,validation,semg_manus,8,session_2,1,F0|F1_X1H|F2b_CSP|F3_Ring|F4_Spectral|F5_Temporal|F6_IMU|F9_Quality,,,,0.2638888888888889,0.25,1.4068407014255477,0.11777535541756551,0.1961015004225843,"{""flexext_fist"":0.6666666666666666,""flexext_thumb"":0.25,""flexext_index"":0.0,""flexext_middle"":0.0,""flexext_ring"":0.6666666666666666,""flexext_pinky"":0.0}",without_F9_Quality,,,F9_Quality
feature_bank_manus_full_fusion_validation_20260915,validation,semg_manus,8,session_2,1,F0|F1_X1H|F2b_CSP|F3_Ring|F4_Spectral|F5_Temporal|F6_IMU|F9_Quality,,,,0.2638888888888889,0.25,1.342834445116562,0.11386623485705766,0.18889346353766046,"{""flexext_fist"":0.6666666666666666,""flexext_thumb"":0.25,""flexext_index"":0.0,""flexext_middle"":0.0,""flexext_ring"":0.6666666666666666,""flexext_pinky"":0.0}",with_F8_context,,,with_F8_context
feature_bank_manus_full_fusion_validation_20260915,validation,semg_manus,8,session_2,1,F0|F1_X1H|F2b_CSP|F3_Ring|F4_Spectral|F5_Temporal|F6_IMU|F9_Quality,,,,0.3194444444444444,0.3333333333333333,1.3417624554983514,0.11384401551564508,0.1540363099270244,"{""flexext_fist"":0.6666666666666666,""flexext_thumb"":0.3333333333333333,""flexext_index"":0.25,""flexext_middle"":0.0,""flexext_ring"":0.6666666666666666,""flexext_pinky"":0.0}",with_F8_F9_quality,,,with_F8_F9_quality
feature_bank_manus_full_fusion_validation_20260915,validation,semg_manus,8,session_2,2,F0|F1_X1H|F2b_CSP|F3_Ring|F4_Spectral|F5_Temporal|F6_IMU|F9_Quality,,,,0.3611111111111111,0.5,1.3921534425940705,0.11327126389287351,0.19313690386600585,"{""flexext_fist"":1.0,""flexext_thumb"":0.6666666666666666,""flexext_index"":0.5,""flexext_middle"":0.0,""flexext_ring"":0.0,""flexext_pinky"":0.0}",full,,,NONE
feature_bank_manus_full_fusion_validation_20260915,validation,semg_manus,8,session_2,2,F0|F1_X1H|F2b_CSP|F3_Ring|F4_Spectral|F5_Temporal|F6_IMU|F9_Quality,,,,0.25,0.3333333333333333,1.3342142434001707,0.11400326856040202,0.2790854394877521,"{""flexext_fist"":1.0,""flexext_thumb"":0.5,""flexext_index"":0.0,""flexext_middle"":0.0,""flexext_ring"":0.0,""flexext_pinky"":0.0}",without_F7_anchor,,,F7_anchor
feature_bank_manus_full_fusion_validation_20260915,validation,semg_manus,8,session_2,2,F0|F1_X1H|F2b_CSP|F3_Ring|F4_Spectral|F5_Temporal|F6_IMU|F9_Quality,,,,0.25,0.3333333333333333,1.3015699186195804,0.11207504129033904,0.19353127389354022,"{""flexext_fist"":1.0,""flexext_thumb"":0.5,""flexext_index"":0.0,""flexext_middle"":0.0,""flexext_ring"":0.0,""flexext_pinky"":0.0}",uniform_population,,,uniform_population
feature_bank_manus_full_fusion_validation_20260915,validation,semg_manus,8,session_2,2,F0|F1_X1H|F2b_CSP|F3_Ring|F4_Spectral|F5_Temporal|F6_IMU|F9_Quality,,,,0.3611111111111111,0.5,1.4002141991607464,0.11416048796781061,0.2073160128803745,"{""flexext_fist"":1.0,""flexext_thumb"":0.6666666666666666,""flexext_index"":0.5,""flexext_middle"":0.0,""flexext_ring"":0.0,""flexext_pinky"":0.0}",without_F0,,,F0
feature_bank_manus_full_fusion_validation_20260915,validation,semg_manus,8,session_2,2,F0|F1_X1H|F2b_CSP|F3_Ring|F4_Spectral|F5_Temporal|F6_IMU|F9_Quality,,,,0.3611111111111111,0.5,1.3918243263813628,0.11305474198058311,0.2726859585695194,"{""flexext_fist"":1.0,""flexext_thumb"":0.6666666666666666,""flexext_index"":0.5,""flexext_middle"":0.0,""flexext_ring"":0.0,""flexext_pinky"":0.0}",without_F1_X1H,,,F1_X1H
feature_bank_manus_full_fusion_validation_20260915,validation,semg_manus,8,session_2,2,F0|F1_X1H|F2b_CSP|F3_Ring|F4_Spectral|F5_Temporal|F6_IMU|F9_Quality,,,,0.3611111111111111,0.5,1.3802579307441014,0.11278484890459661,0.27581348097369407,"{""flexext_fist"":1.0,""flexext_thumb"":0.6666666666666666,""flexext_index"":0.5,""flexext_middle"":0.0,""flexext_ring"":0.0,""flexext_pinky"":0.0}",without_F2b_CSP,,,F2b_CSP
feature_bank_manus_full_fusion_validation_20260915,validation,semg_manus,8,session_2,2,F0|F1_X1H|F2b_CSP|F3_Ring|F4_Spectral|F5_Temporal|F6_IMU|F9_Quality,,,,0.3611111111111111,0.5,1.3805022702151903,0.11295738181915432,0.19106991001763693,"{""flexext_fist"":1.0,""flexext_thumb"":0.6666666666666666,""flexext_index"":0.5,""flexext_middle"":0.0,""flexext_ring"":0.0,""flexext_pinky"":0.0}",without_F3_Ring,,,F3_Ring
feature_bank_manus_full_fusion_validation_20260915,validation,semg_manus,8,session_2,2,F0|F1_X1H|F2b_CSP|F3_Ring|F4_Spectral|F5_Temporal|F6_IMU|F9_Quality,,,,0.39999999999999997,0.5,1.445531622700276,0.11650840590372596,0.2678699306759438,"{""flexext_fist"":1.0,""flexext_thumb"":1.0,""flexext_index"":0.4,""flexext_middle"":0.0,""flexext_ring"":0.0,""flexext_pinky"":0.0}",without_F4_Spectral,,,F4_Spectral
feature_bank_manus_full_fusion_validation_20260915,validation,semg_manus,8,session_2,2,F0|F1_X1H|F2b_CSP|F3_Ring|F4_Spectral|F5_Temporal|F6_IMU|F9_Quality,,,,0.2222222222222222,0.3333333333333333,1.3730441371968078,0.11160150781241157,0.18642121120244975,"{""flexext_fist"":1.0,""flexext_thumb"":0.0,""flexext_index"":0.3333333333333333,""flexext_middle"":0.0,""flexext_ring"":0.0,""flexext_pinky"":0.0}",without_F5_Temporal,,,F5_Temporal
feature_bank_manus_full_fusion_validation_20260915,validation,semg_manus,8,session_2,2,F0|F1_X1H|F2b_CSP|F3_Ring|F4_Spectral|F5_Temporal|F6_IMU|F9_Quality,,,,0.3611111111111111,0.5,1.368013437564701,0.11150380255196933,0.17828670152998702,"{""flexext_fist"":1.0,""flexext_thumb"":0.6666666666666666,""flexext_index"":0.5,""flexext_middle"":0.0,""flexext_ring"":0.0,""flexext_pinky"":0.0}",without_F6_IMU,,,F6_IMU
feature_bank_manus_full_fusion_validation_20260915,validation,semg_manus,8,session_2,2,F0|F1_X1H|F2b_CSP|F3_Ring|F4_Spectral|F5_Temporal|F6_IMU|F9_Quality,,,,0.25,0.3333333333333333,1.412558442059364,0.11494758562950985,0.3775871102289471,"{""flexext_fist"":1.0,""flexext_thumb"":0.5,""flexext_index"":0.0,""flexext_middle"":0.0,""flexext_ring"":0.0,""flexext_pinky"":0.0}",without_F9_Quality,,,F9_Quality
feature_bank_manus_full_fusion_validation_20260915,validation,semg_manus,8,session_2,2,F0|F1_X1H|F2b_CSP|F3_Ring|F4_Spectral|F5_Temporal|F6_IMU|F9_Quality,,,,0.3611111111111111,0.5,1.3752374390155424,0.11218210280221147,0.18588710081646087,"{""flexext_fist"":1.0,""flexext_thumb"":0.6666666666666666,""flexext_index"":0.5,""flexext_middle"":0.0,""flexext_ring"":0.0,""flexext_pinky"":0.0}",with_F8_context,,,with_F8_context
feature_bank_manus_full_fusion_validation_20260915,validation,semg_manus,8,session_2,2,F0|F1_X1H|F2b_CSP|F3_Ring|F4_Spectral|F5_Temporal|F6_IMU|F9_Quality,,,,0.3611111111111111,0.5,1.3808776967455267,0.11284473395132633,0.1893216578862618,"{""flexext_fist"":1.0,""flexext_thumb"":0.6666666666666666,""flexext_index"":0.5,""flexext_middle"":0.0,""flexext_ring"":0.0,""flexext_pinky"":0.0}",with_F8_F9_quality,,,with_F8_F9_quality
feature_bank_manus_full_fusion_validation_20260915,validation,semg_manus,ALL,session_2,0,F0|F1_X1H|F2b_CSP|F3_Ring|F4_Spectral|F5_Temporal|F6_IMU|F9_Quality,,,,0.3554869422516482,0.38888888888888884,1.450423770306182,0.11896442777937592,0.25752012078362957,mean per-user aggregation,full,,,NONE
feature_bank_manus_full_fusion_validation_20260915,validation,semg_manus,ALL,session_2,0,F0|F1_X1H|F2b_CSP|F3_Ring|F4_Spectral|F5_Temporal|F6_IMU|F9_Quality,,,,0.3554869422516482,0.38888888888888884,1.450423770306182,0.11896442777937592,0.25752012078362957,mean per-user aggregation,without_F7_anchor,,,F7_anchor
feature_bank_manus_full_fusion_validation_20260915,validation,semg_manus,ALL,session_2,0,F0|F1_X1H|F2b_CSP|F3_Ring|F4_Spectral|F5_Temporal|F6_IMU|F9_Quality,,,,0.3554869422516482,0.38888888888888884,1.450423770306182,0.11896442777937592,0.25752012078362957,mean per-user aggregation,uniform_population,,,uniform_population
feature_bank_manus_full_fusion_validation_20260915,validation,semg_manus,ALL,session_2,0,F0|F1_X1H|F2b_CSP|F3_Ring|F4_Spectral|F5_Temporal|F6_IMU|F9_Quality,,,,0.3609763602410661,0.39814814814814814,1.4423147715725895,0.11817156535056116,0.22675865931398567,mean per-user aggregation,without_F0,,,F0
feature_bank_manus_full_fusion_validation_20260915,validation,semg_manus,ALL,session_2,0,F0|F1_X1H|F2b_CSP|F3_Ring|F4_Spectral|F5_Temporal|F6_IMU|F9_Quality,,,,0.3554934263267597,0.38888888888888884,1.443913209551898,0.11872852498349966,0.23276883645748625,mean per-user aggregation,without_F1_X1H,,,F1_X1H
feature_bank_manus_full_fusion_validation_20260915,validation,semg_manus,ALL,session_2,0,F0|F1_X1H|F2b_CSP|F3_Ring|F4_Spectral|F5_Temporal|F6_IMU|F9_Quality,,,,0.3739393232040291,0.40740740740740744,1.4834516864970615,0.12106407762848341,0.23252791479301335,mean per-user aggregation,without_F2b_CSP,,,F2b_CSP
feature_bank_manus_full_fusion_validation_20260915,validation,semg_manus,ALL,session_2,0,F0|F1_X1H|F2b_CSP|F3_Ring|F4_Spectral|F5_Temporal|F6_IMU|F9_Quality,,,,0.37020278196748785,0.40740740740740744,1.4816400680072757,0.12056674352495685,0.24186329654616504,mean per-user aggregation,without_F3_Ring,,,F3_Ring
feature_bank_manus_full_fusion_validation_20260915,validation,semg_manus,ALL,session_2,0,F0|F1_X1H|F2b_CSP|F3_Ring|F4_Spectral|F5_Temporal|F6_IMU|F9_Quality,,,,0.3444023569023569,0.3703703703703704,1.4622982860960807,0.1193327287340837,0.24105353607072563,mean per-user aggregation,without_F4_Spectral,,,F4_Spectral
feature_bank_manus_full_fusion_validation_20260915,validation,semg_manus,ALL,session_2,0,F0|F1_X1H|F2b_CSP|F3_Ring|F4_Spectral|F5_Temporal|F6_IMU|F9_Quality,,,,0.343044532627866,0.3796296296296296,1.4575631959645612,0.11895792833792058,0.282620501264735,mean per-user aggregation,without_F5_Temporal,,,F5_Temporal
feature_bank_manus_full_fusion_validation_20260915,validation,semg_manus,ALL,session_2,0,F0|F1_X1H|F2b_CSP|F3_Ring|F4_Spectral|F5_Temporal|F6_IMU|F9_Quality,,,,0.3544948787595847,0.38888888888888884,1.4531935842910755,0.11954022477648892,0.2566778580567309,mean per-user aggregation,without_F6_IMU,,,F6_IMU
feature_bank_manus_full_fusion_validation_20260915,validation,semg_manus,ALL,session_2,0,F0|F1_X1H|F2b_CSP|F3_Ring|F4_Spectral|F5_Temporal|F6_IMU|F9_Quality,,,,0.35021143979477315,0.3796296296296296,1.4644322187900356,0.12042779361067683,0.2344106106817603,mean per-user aggregation,without_F9_Quality,,,F9_Quality
feature_bank_manus_full_fusion_validation_20260915,validation,semg_manus,ALL,session_2,0,F0|F1_X1H|F2b_CSP|F3_Ring|F4_Spectral|F5_Temporal|F6_IMU|F9_Quality,,,,0.3554869422516482,0.38888888888888884,1.450423770306182,0.11896442777937592,0.25752012078362957,mean per-user aggregation,with_F8_context,,,with_F8_context
feature_bank_manus_full_fusion_validation_20260915,validation,semg_manus,ALL,session_2,0,F0|F1_X1H|F2b_CSP|F3_Ring|F4_Spectral|F5_Temporal|F6_IMU|F9_Quality,,,,0.36353367946505205,0.39814814814814814,1.4567330069834064,0.1192628603370162,0.26334944957867246,mean per-user aggregation,with_F8_F9_quality,,,with_F8_F9_quality
feature_bank_manus_full_fusion_validation_20260915,validation,semg_manus,ALL,session_2,1,F0|F1_X1H|F2b_CSP|F3_Ring|F4_Spectral|F5_Temporal|F6_IMU|F9_Quality,,,,0.36732804232804234,0.4166666666666667,1.414921733448173,0.11627903628932285,0.22274331225748412,mean per-user aggregation,full,,,NONE
feature_bank_manus_full_fusion_validation_20260915,validation,semg_manus,ALL,session_2,1,F0|F1_X1H|F2b_CSP|F3_Ring|F4_Spectral|F5_Temporal|F6_IMU|F9_Quality,,,,0.3593915343915344,0.40277777777777773,1.4736820277455507,0.12091501768665647,0.27176585110542706,mean per-user aggregation,without_F7_anchor,,,F7_anchor
feature_bank_manus_full_fusion_validation_20260915,validation,semg_manus,ALL,session_2,1,F0|F1_X1H|F2b_CSP|F3_Ring|F4_Spectral|F5_Temporal|F6_IMU|F9_Quality,,,,0.3593915343915344,0.40277777777777773,1.472335174697949,0.12090975692455536,0.2738307368693888,mean per-user aggregation,uniform_population,,,uniform_population
feature_bank_manus_full_fusion_validation_20260915,validation,semg_manus,ALL,session_2,1,F0|F1_X1H|F2b_CSP|F3_Ring|F4_Spectral|F5_Temporal|F6_IMU|F9_Quality,,,,0.4009700176366842,0.4444444444444445,1.419121201752161,0.11629800275731465,0.24634654578738646,mean per-user aggregation,without_F0,,,F0
feature_bank_manus_full_fusion_validation_20260915,validation,semg_manus,ALL,session_2,1,F0|F1_X1H|F2b_CSP|F3_Ring|F4_Spectral|F5_Temporal|F6_IMU|F9_Quality,,,,0.36633597883597885,0.4166666666666667,1.4180845168584806,0.11666435382788244,0.2285072030328306,mean per-user aggregation,without_F1_X1H,,,F1_X1H
feature_bank_manus_full_fusion_validation_20260915,validation,semg_manus,ALL,session_2,1,F0|F1_X1H|F2b_CSP|F3_Ring|F4_Spectral|F5_Temporal|F6_IMU|F9_Quality,,,,0.3686507936507937,0.4166666666666667,1.4240548876763357,0.11711965776175313,0.23699677175834363,mean per-user aggregation,without_F2b_CSP,,,F2b_CSP
feature_bank_manus_full_fusion_validation_20260915,validation,semg_manus,ALL,session_2,1,F0|F1_X1H|F2b_CSP|F3_Ring|F4_Spectral|F5_Temporal|F6_IMU|F9_Quality,,,,0.37526455026455025,0.4305555555555556,1.4001684793638536,0.11567257400383195,0.2559179210968604,mean per-user aggregation,without_F3_Ring,,,F3_Ring
feature_bank_manus_full_fusion_validation_20260915,validation,semg_manus,ALL,session_2,1,F0|F1_X1H|F2b_CSP|F3_Ring|F4_Spectral|F5_Temporal|F6_IMU|F9_Quality,,,,0.3969616802950136,0.4444444444444445,1.4393535875860817,0.11779023498453524,0.2565382343346743,mean per-user aggregation,without_F4_Spectral,,,F4_Spectral
feature_bank_manus_full_fusion_validation_20260915,validation,semg_manus,ALL,session_2,1,F0|F1_X1H|F2b_CSP|F3_Ring|F4_Spectral|F5_Temporal|F6_IMU|F9_Quality,,,,0.37083333333333335,0.40277777777777785,1.4078747164001457,0.11549394281679244,0.18024846331431024,mean per-user aggregation,without_F5_Temporal,,,F5_Temporal
feature_bank_manus_full_fusion_validation_20260915,validation,semg_manus,ALL,session_2,1,F0|F1_X1H|F2b_CSP|F3_Ring|F4_Spectral|F5_Temporal|F6_IMU|F9_Quality,,,,0.36633597883597885,0.4166666666666667,1.4047561979467533,0.11579628702694215,0.2079708875390516,mean per-user aggregation,without_F6_IMU,,,F6_IMU
feature_bank_manus_full_fusion_validation_20260915,validation,semg_manus,ALL,session_2,1,F0|F1_X1H|F2b_CSP|F3_Ring|F4_Spectral|F5_Temporal|F6_IMU|F9_Quality,,,,0.3684964726631394,0.4166666666666667,1.4409011123352264,0.11810841952922584,0.2481974842360389,mean per-user aggregation,without_F9_Quality,,,F9_Quality
feature_bank_manus_full_fusion_validation_20260915,validation,semg_manus,ALL,session_2,1,F0|F1_X1H|F2b_CSP|F3_Ring|F4_Spectral|F5_Temporal|F6_IMU|F9_Quality,,,,0.34861111111111104,0.3888888888888889,1.4122840578307176,0.11613362517535435,0.2068619086430011,mean per-user aggregation,with_F8_context,,,with_F8_context
feature_bank_manus_full_fusion_validation_20260915,validation,semg_manus,ALL,session_2,1,F0|F1_X1H|F2b_CSP|F3_Ring|F4_Spectral|F5_Temporal|F6_IMU|F9_Quality,,,,0.37691798941798943,0.4305555555555556,1.4137985722586333,0.11622218895603832,0.20602797849206914,mean per-user aggregation,with_F8_F9_quality,,,with_F8_F9_quality
feature_bank_manus_full_fusion_validation_20260915,validation,semg_manus,ALL,session_2,2,F0|F1_X1H|F2b_CSP|F3_Ring|F4_Spectral|F5_Temporal|F6_IMU|F9_Quality,,,,0.41574074074074074,0.47222222222222215,1.3946083941967817,0.11368195027889176,0.3159405132485029,mean per-user aggregation,full,,,NONE
feature_bank_manus_full_fusion_validation_20260915,validation,semg_manus,ALL,session_2,2,F0|F1_X1H|F2b_CSP|F3_Ring|F4_Spectral|F5_Temporal|F6_IMU|F9_Quality,,,,0.3277777777777778,0.38888888888888884,1.4834709109452826,0.11978183011240247,0.3069196686876862,mean per-user aggregation,without_F7_anchor,,,F7_anchor
feature_bank_manus_full_fusion_validation_20260915,validation,semg_manus,ALL,session_2,2,F0|F1_X1H|F2b_CSP|F3_Ring|F4_Spectral|F5_Temporal|F6_IMU|F9_Quality,,,,0.34629629629629627,0.4166666666666667,1.4583634081299905,0.1174993886688641,0.30871971554959365,mean per-user aggregation,uniform_population,,,uniform_population
feature_bank_manus_full_fusion_validation_20260915,validation,semg_manus,ALL,session_2,2,F0|F1_X1H|F2b_CSP|F3_Ring|F4_Spectral|F5_Temporal|F6_IMU|F9_Quality,,,,0.4296296296296296,0.49999999999999994,1.4014743242812815,0.11411629263656746,0.2792487209649015,mean per-user aggregation,without_F0,,,F0
feature_bank_manus_full_fusion_validation_20260915,validation,semg_manus,ALL,session_2,2,F0|F1_X1H|F2b_CSP|F3_Ring|F4_Spectral|F5_Temporal|F6_IMU|F9_Quality,,,,0.4601851851851852,0.5277777777777778,1.398557728639636,0.11402162159779118,0.2946146844009732,mean per-user aggregation,without_F1_X1H,,,F1_X1H
feature_bank_manus_full_fusion_validation_20260915,validation,semg_manus,ALL,session_2,2,F0|F1_X1H|F2b_CSP|F3_Ring|F4_Spectral|F5_Temporal|F6_IMU|F9_Quality,,,,0.41574074074074074,0.47222222222222215,1.401601445326623,0.11435148341455205,0.29863988120643153,mean per-user aggregation,without_F2b_CSP,,,F2b_CSP
feature_bank_manus_full_fusion_validation_20260915,validation,semg_manus,ALL,session_2,2,F0|F1_X1H|F2b_CSP|F3_Ring|F4_Spectral|F5_Temporal|F6_IMU|F9_Quality,,,,0.41574074074074074,0.47222222222222215,1.3681245620336002,0.11220954057828399,0.27647508477431887,mean per-user aggregation,without_F3_Ring,,,F3_Ring
feature_bank_manus_full_fusion_validation_20260915,validation,semg_manus,ALL,session_2,2,F0|F1_X1H|F2b_CSP|F3_Ring|F4_Spectral|F5_Temporal|F6_IMU|F9_Quality,,,,0.3990740740740741,0.47222222222222215,1.4096585257374012,0.11463219269448188,0.33085387218187334,mean per-user aggregation,without_F4_Spectral,,,F4_Spectral
feature_bank_manus_full_fusion_validation_20260915,validation,semg_manus,ALL,session_2,2,F0|F1_X1H|F2b_CSP|F3_Ring|F4_Spectral|F5_Temporal|F6_IMU|F9_Quality,,,,0.3185185185185185,0.3888888888888889,1.398500100264216,0.11407929298340928,0.27510433217160385,mean per-user aggregation,without_F5_Temporal,,,F5_Temporal
feature_bank_manus_full_fusion_validation_20260915,validation,semg_manus,ALL,session_2,2,F0|F1_X1H|F2b_CSP|F3_Ring|F4_Spectral|F5_Temporal|F6_IMU|F9_Quality,,,,0.3787037037037037,0.4444444444444444,1.377441295395827,0.11235252165356592,0.26219807837203957,mean per-user aggregation,without_F6_IMU,,,F6_IMU
feature_bank_manus_full_fusion_validation_20260915,validation,semg_manus,ALL,session_2,2,F0|F1_X1H|F2b_CSP|F3_Ring|F4_Spectral|F5_Temporal|F6_IMU|F9_Quality,,,,0.3787037037037037,0.4444444444444445,1.4146384967179435,0.11496704560412503,0.29972397080573215,mean per-user aggregation,without_F9_Quality,,,F9_Quality
feature_bank_manus_full_fusion_validation_20260915,validation,semg_manus,ALL,session_2,2,F0|F1_X1H|F2b_CSP|F3_Ring|F4_Spectral|F5_Temporal|F6_IMU|F9_Quality,,,,0.3787037037037037,0.4444444444444444,1.3909397092475553,0.11343499788929916,0.27745901435307324,mean per-user aggregation,with_F8_context,,,with_F8_context
feature_bank_manus_full_fusion_validation_20260915,validation,semg_manus,ALL,session_2,2,F0|F1_X1H|F2b_CSP|F3_Ring|F4_Spectral|F5_Temporal|F6_IMU|F9_Quality,,,,0.41574074074074074,0.47222222222222215,1.3959946550444917,0.11392498918536949,0.25799433511730113,mean per-user aggregation,with_F8_F9_quality,,,with_F8_F9_quality
feature_bank_manus_full_fusion_final_20260915,final,semg_manus,3,session_3,0,F0|F1_X1H|F2b_CSP|F3_Ring|F4_Spectral|F5_Temporal|F6_IMU|F9_Quality,,,,0.29444444444444445,0.2777777777777778,1.5237673452000022,0.1238738151676372,0.14413233773724776,"{""flexext_fist"":0.3333333333333333,""flexext_thumb"":0.13333333333333333,""flexext_index"":0.0,""flexext_middle"":0.5,""flexext_ring"":0.8,""flexext_pinky"":0.0}",full,,,NONE
feature_bank_manus_full_fusion_final_20260915,final,semg_manus,3,session_3,0,F0|F1_X1H|F2b_CSP|F3_Ring|F4_Spectral|F5_Temporal|F6_IMU|F9_Quality,,,,0.29444444444444445,0.2777777777777778,1.5237673452000022,0.1238738151676372,0.14413233773724776,"{""flexext_fist"":0.3333333333333333,""flexext_thumb"":0.13333333333333333,""flexext_index"":0.0,""flexext_middle"":0.5,""flexext_ring"":0.8,""flexext_pinky"":0.0}",without_F7_anchor,,,F7_anchor
feature_bank_manus_full_fusion_final_20260915,final,semg_manus,3,session_3,0,F0|F1_X1H|F2b_CSP|F3_Ring|F4_Spectral|F5_Temporal|F6_IMU|F9_Quality,,,,0.29444444444444445,0.2777777777777778,1.5237673452000022,0.1238738151676372,0.14413233773724776,"{""flexext_fist"":0.3333333333333333,""flexext_thumb"":0.13333333333333333,""flexext_index"":0.0,""flexext_middle"":0.5,""flexext_ring"":0.8,""flexext_pinky"":0.0}",uniform_population,,,uniform_population
feature_bank_manus_full_fusion_final_20260915,final,semg_manus,3,session_3,0,F0|F1_X1H|F2b_CSP|F3_Ring|F4_Spectral|F5_Temporal|F6_IMU|F9_Quality,,,,0.34603174603174597,0.3333333333333333,1.512686522356458,0.12280979716072118,0.18474690127633164,"{""flexext_fist"":0.3333333333333333,""flexext_thumb"":0.14285714285714285,""flexext_index"":0.0,""flexext_middle"":0.8,""flexext_ring"":0.8,""flexext_pinky"":0.0}",without_F0,,,F0
feature_bank_manus_full_fusion_final_20260915,final,semg_manus,3,session_3,0,F0|F1_X1H|F2b_CSP|F3_Ring|F4_Spectral|F5_Temporal|F6_IMU|F9_Quality,,,,0.35882352941176476,0.3888888888888889,1.5525344642625756,0.12696813031300558,0.2055134266035027,"{""flexext_fist"":0.5,""flexext_thumb"":0.35294117647058826,""flexext_index"":0.0,""flexext_middle"":0.5,""flexext_ring"":0.8,""flexext_pinky"":0.0}",without_F1_X1H,,,F1_X1H
feature_bank_manus_full_fusion_final_20260915,final,semg_manus,3,session_3,0,F0|F1_X1H|F2b_CSP|F3_Ring|F4_Spectral|F5_Temporal|F6_IMU|F9_Quality,,,,0.35882352941176476,0.3888888888888889,1.546666574159758,0.12856123200573613,0.19355012539141722,"{""flexext_fist"":0.5,""flexext_thumb"":0.35294117647058826,""flexext_index"":0.0,""flexext_middle"":0.5,""flexext_ring"":0.8,""flexext_pinky"":0.0}",without_F2b_CSP,,,F2b_CSP
feature_bank_manus_full_fusion_final_20260915,final,semg_manus,3,session_3,0,F0|F1_X1H|F2b_CSP|F3_Ring|F4_Spectral|F5_Temporal|F6_IMU|F9_Quality,,,,0.37936507936507935,0.3333333333333333,1.5454405747102864,0.1262087814077695,0.2404355491644505,"{""flexext_fist"":0.3333333333333333,""flexext_thumb"":0.14285714285714285,""flexext_index"":0.5,""flexext_middle"":0.5,""flexext_ring"":0.8,""flexext_pinky"":0.0}",without_F3_Ring,,,F3_Ring
feature_bank_manus_full_fusion_final_20260915,final,semg_manus,3,session_3,0,F0|F1_X1H|F2b_CSP|F3_Ring|F4_Spectral|F5_Temporal|F6_IMU|F9_Quality,,,,0.376984126984127,0.4444444444444444,1.5224655255470563,0.12143913773534028,0.129473503589647,"{""flexext_fist"":0.5,""flexext_thumb"":0.42857142857142855,""flexext_index"":0.3333333333333333,""flexext_middle"":0.0,""flexext_ring"":1.0,""flexext_pinky"":0.0}",without_F4_Spectral,,,F4_Spectral
feature_bank_manus_full_fusion_final_20260915,final,semg_manus,3,session_3,0,F0|F1_X1H|F2b_CSP|F3_Ring|F4_Spectral|F5_Temporal|F6_IMU|F9_Quality,,,,0.35555555555555557,0.3333333333333333,1.5435757644939307,0.1229254218320062,0.2995384460013503,"{""flexext_fist"":0.3333333333333333,""flexext_thumb"":0.16666666666666666,""flexext_index"":0.3333333333333333,""flexext_middle"":0.5,""flexext_ring"":0.8,""flexext_pinky"":0.0}",without_F5_Temporal,,,F5_Temporal
feature_bank_manus_full_fusion_final_20260915,final,semg_manus,3,session_3,0,F0|F1_X1H|F2b_CSP|F3_Ring|F4_Spectral|F5_Temporal|F6_IMU|F9_Quality,,,,0.4311965811965812,0.3888888888888889,1.5270571560916066,0.12367181123979962,0.24845237018689864,"{""flexext_fist"":0.3333333333333333,""flexext_thumb"":0.15384615384615385,""flexext_index"":0.5,""flexext_middle"":0.8,""flexext_ring"":0.8,""flexext_pinky"":0.0}",without_F6_IMU,,,F6_IMU
feature_bank_manus_full_fusion_final_20260915,final,semg_manus,3,session_3,0,F0|F1_X1H|F2b_CSP|F3_Ring|F4_Spectral|F5_Temporal|F6_IMU|F9_Quality,,,,0.29444444444444445,0.2777777777777778,1.531799258583185,0.12530707191923268,0.1459646521893764,"{""flexext_fist"":0.3333333333333333,""flexext_thumb"":0.13333333333333333,""flexext_index"":0.0,""flexext_middle"":0.5,""flexext_ring"":0.8,""flexext_pinky"":0.0}",without_F9_Quality,,,F9_Quality
feature_bank_manus_full_fusion_final_20260915,final,semg_manus,3,session_3,0,F0|F1_X1H|F2b_CSP|F3_Ring|F4_Spectral|F5_Temporal|F6_IMU|F9_Quality,,,,0.29444444444444445,0.2777777777777778,1.5237673452000022,0.1238738151676372,0.14413233773724776,"{""flexext_fist"":0.3333333333333333,""flexext_thumb"":0.13333333333333333,""flexext_index"":0.0,""flexext_middle"":0.5,""flexext_ring"":0.8,""flexext_pinky"":0.0}",with_F8_context,,,with_F8_context
feature_bank_manus_full_fusion_final_20260915,final,semg_manus,3,session_3,0,F0|F1_X1H|F2b_CSP|F3_Ring|F4_Spectral|F5_Temporal|F6_IMU|F9_Quality,,,,0.29444444444444445,0.2777777777777778,1.5245409781164445,0.12425678980513649,0.19373670956215805,"{""flexext_fist"":0.3333333333333333,""flexext_thumb"":0.13333333333333333,""flexext_index"":0.0,""flexext_middle"":0.5,""flexext_ring"":0.8,""flexext_pinky"":0.0}",with_F8_F9_quality,,,with_F8_F9_quality
feature_bank_manus_full_fusion_final_20260915,final,semg_manus,3,session_3,1,F0|F1_X1H|F2b_CSP|F3_Ring|F4_Spectral|F5_Temporal|F6_IMU|F9_Quality,,,,0.5740740740740741,0.5833333333333334,1.3588567433418242,0.11185541828721544,0.25537883913490966,"{""flexext_fist"":0.6666666666666666,""flexext_thumb"":0.4444444444444444,""flexext_index"":0.6666666666666666,""flexext_middle"":0.6666666666666666,""flexext_ring"":1.0,""flexext_pinky"":0.0}",full,,,NONE
feature_bank_manus_full_fusion_final_20260915,final,semg_manus,3,session_3,1,F0|F1_X1H|F2b_CSP|F3_Ring|F4_Spectral|F5_Temporal|F6_IMU|F9_Quality,,,,0.5138888888888888,0.5,1.3767002528220507,0.11378750841179579,0.16703991759244569,"{""flexext_fist"":0.5,""flexext_thumb"":0.25,""flexext_index"":0.6666666666666666,""flexext_middle"":0.6666666666666666,""flexext_ring"":1.0,""flexext_pinky"":0.0}",without_F7_anchor,,,F7_anchor
feature_bank_manus_full_fusion_final_20260915,final,semg_manus,3,session_3,1,F0|F1_X1H|F2b_CSP|F3_Ring|F4_Spectral|F5_Temporal|F6_IMU|F9_Quality,,,,0.39814814814814814,0.4166666666666667,1.3759299948247674,0.11230951333418389,0.16250561840567185,"{""flexext_fist"":0.5,""flexext_thumb"":0.2222222222222222,""flexext_index"":0.0,""flexext_middle"":0.6666666666666666,""flexext_ring"":1.0,""flexext_pinky"":0.0}",uniform_population,,,uniform_population
feature_bank_manus_full_fusion_final_20260915,final,semg_manus,3,session_3,1,F0|F1_X1H|F2b_CSP|F3_Ring|F4_Spectral|F5_Temporal|F6_IMU|F9_Quality,,,,0.5138888888888888,0.5,1.357089458329633,0.11204009511087405,0.2573230031410867,"{""flexext_fist"":0.5,""flexext_thumb"":0.25,""flexext_index"":0.6666666666666666,""flexext_middle"":0.6666666666666666,""flexext_ring"":1.0,""flexext_pinky"":0.0}",without_F0,,,F0
feature_bank_manus_full_fusion_final_20260915,final,semg_manus,3,session_3,1,F0|F1_X1H|F2b_CSP|F3_Ring|F4_Spectral|F5_Temporal|F6_IMU|F9_Quality,,,,0.5740740740740741,0.5833333333333334,1.386179618089581,0.1142443877342281,0.3687849330183542,"{""flexext_fist"":0.6666666666666666,""flexext_thumb"":0.4444444444444444,""flexext_index"":0.6666666666666666,""flexext_middle"":0.6666666666666666,""flexext_ring"":1.0,""flexext_pinky"":0.0}",without_F1_X1H,,,F1_X1H
feature_bank_manus_full_fusion_final_20260915,final,semg_manus,3,session_3,1,F0|F1_X1H|F2b_CSP|F3_Ring|F4_Spectral|F5_Temporal|F6_IMU|F9_Quality,,,,0.5740740740740741,0.5833333333333334,1.3571293043282135,0.11341073959502383,0.35923082058060624,"{""flexext_fist"":0.6666666666666666,""flexext_thumb"":0.4444444444444444,""flexext_index"":0.6666666666666666,""flexext_middle"":0.6666666666666666,""flexext_ring"":1.0,""flexext_pinky"":0.0}",without_F2b_CSP,,,F2b_CSP
feature_bank_manus_full_fusion_final_20260915,final,semg_manus,3,session_3,1,F0|F1_X1H|F2b_CSP|F3_Ring|F4_Spectral|F5_Temporal|F6_IMU|F9_Quality,,,,0.45370370370370366,0.4166666666666667,1.327854032601518,0.11105312112385918,0.16996676202662164,"{""flexext_fist"":0.5,""flexext_thumb"":0.2222222222222222,""flexext_index"":0.6666666666666666,""flexext_middle"":0.6666666666666666,""flexext_ring"":0.6666666666666666,""flexext_pinky"":0.0}",without_F3_Ring,,,F3_Ring
feature_bank_manus_full_fusion_final_20260915,final,semg_manus,3,session_3,1,F0|F1_X1H|F2b_CSP|F3_Ring|F4_Spectral|F5_Temporal|F6_IMU|F9_Quality,,,,0.42777777777777776,0.5,1.3875700258440637,0.11251710515698675,0.19272606492746142,"{""flexext_fist"":0.6666666666666666,""flexext_thumb"":0.5,""flexext_index"":0.4,""flexext_middle"":0.0,""flexext_ring"":1.0,""flexext_pinky"":0.0}",without_F4_Spectral,,,F4_Spectral
feature_bank_manus_full_fusion_final_20260915,final,semg_manus,3,session_3,1,F0|F1_X1H|F2b_CSP|F3_Ring|F4_Spectral|F5_Temporal|F6_IMU|F9_Quality,,,,0.49206349206349204,0.5,1.3669476783847145,0.11056355462148579,0.14274035270713992,"{""flexext_fist"":0.5,""flexext_thumb"":0.2857142857142857,""flexext_index"":0.5,""flexext_middle"":0.6666666666666666,""flexext_ring"":1.0,""flexext_pinky"":0.0}",without_F5_Temporal,,,F5_Temporal
feature_bank_manus_full_fusion_final_20260915,final,semg_manus,3,session_3,1,F0|F1_X1H|F2b_CSP|F3_Ring|F4_Spectral|F5_Temporal|F6_IMU|F9_Quality,,,,0.5138888888888888,0.5,1.3584847497172872,0.11131316638086632,0.15572525521107883,"{""flexext_fist"":0.5,""flexext_thumb"":0.25,""flexext_index"":0.6666666666666666,""flexext_middle"":0.6666666666666666,""flexext_ring"":1.0,""flexext_pinky"":0.0}",without_F6_IMU,,,F6_IMU
feature_bank_manus_full_fusion_final_20260915,final,semg_manus,3,session_3,1,F0|F1_X1H|F2b_CSP|F3_Ring|F4_Spectral|F5_Temporal|F6_IMU|F9_Quality,,,,0.39393939393939387,0.4166666666666667,1.3732307639237062,0.11353016135598334,0.23184029139275353,"{""flexext_fist"":0.6666666666666666,""flexext_thumb"":0.36363636363636365,""flexext_index"":0.0,""flexext_middle"":0.6666666666666666,""flexext_ring"":0.6666666666666666,""flexext_pinky"":0.0}",without_F9_Quality,,,F9_Quality
feature_bank_manus_full_fusion_final_20260915,final,semg_manus,3,session_3,1,F0|F1_X1H|F2b_CSP|F3_Ring|F4_Spectral|F5_Temporal|F6_IMU|F9_Quality,,,,0.5138888888888888,0.5,1.3625957809791223,0.11116850386533453,0.17164957339511452,"{""flexext_fist"":0.5,""flexext_thumb"":0.25,""flexext_index"":0.6666666666666666,""flexext_middle"":0.6666666666666666,""flexext_ring"":1.0,""flexext_pinky"":0.0}",with_F8_context,,,with_F8_context
feature_bank_manus_full_fusion_final_20260915,final,semg_manus,3,session_3,1,F0|F1_X1H|F2b_CSP|F3_Ring|F4_Spectral|F5_Temporal|F6_IMU|F9_Quality,,,,0.5138888888888888,0.5,1.3617912130733527,0.11136462379850548,0.17170372939314416,"{""flexext_fist"":0.5,""flexext_thumb"":0.25,""flexext_index"":0.6666666666666666,""flexext_middle"":0.6666666666666666,""flexext_ring"":1.0,""flexext_pinky"":0.0}",with_F8_F9_quality,,,with_F8_F9_quality
feature_bank_manus_full_fusion_final_20260915,final,semg_manus,3,session_3,2,F0|F1_X1H|F2b_CSP|F3_Ring|F4_Spectral|F5_Temporal|F6_IMU|F9_Quality,,,,0.2222222222222222,0.3333333333333333,1.4376846347040024,0.11925888539491519,0.10394381132218788,"{""flexext_fist"":0.0,""flexext_thumb"":0.3333333333333333,""flexext_index"":0.0,""flexext_middle"":0.0,""flexext_ring"":1.0,""flexext_pinky"":0.0}",full,,,NONE
feature_bank_manus_full_fusion_final_20260915,final,semg_manus,3,session_3,2,F0|F1_X1H|F2b_CSP|F3_Ring|F4_Spectral|F5_Temporal|F6_IMU|F9_Quality,,,,0.16666666666666666,0.16666666666666666,1.5413821165722155,0.1308677208706254,0.27276043237233494,"{""flexext_fist"":0.0,""flexext_thumb"":0.0,""flexext_index"":0.0,""flexext_middle"":0.0,""flexext_ring"":1.0,""flexext_pinky"":0.0}",without_F7_anchor,,,F7_anchor
feature_bank_manus_full_fusion_final_20260915,final,semg_manus,3,session_3,2,F0|F1_X1H|F2b_CSP|F3_Ring|F4_Spectral|F5_Temporal|F6_IMU|F9_Quality,,,,0.16666666666666666,0.16666666666666666,1.5578354669237937,0.13210307691456333,0.2664473963975936,"{""flexext_fist"":0.0,""flexext_thumb"":0.0,""flexext_index"":0.0,""flexext_middle"":0.0,""flexext_ring"":1.0,""flexext_pinky"":0.0}",uniform_population,,,uniform_population
feature_bank_manus_full_fusion_final_20260915,final,semg_manus,3,session_3,2,F0|F1_X1H|F2b_CSP|F3_Ring|F4_Spectral|F5_Temporal|F6_IMU|F9_Quality,,,,0.27777777777777773,0.3333333333333333,1.4245621233438248,0.11791719544125095,0.19770667884709114,"{""flexext_fist"":0.6666666666666666,""flexext_thumb"":0.0,""flexext_index"":0.0,""flexext_middle"":0.0,""flexext_ring"":1.0,""flexext_pinky"":0.0}",without_F0,,,F0
feature_bank_manus_full_fusion_final_20260915,final,semg_manus,3,session_3,2,F0|F1_X1H|F2b_CSP|F3_Ring|F4_Spectral|F5_Temporal|F6_IMU|F9_Quality,,,,0.2222222222222222,0.3333333333333333,1.4690432423154534,0.12181211451702996,0.11856975439160675,"{""flexext_fist"":0.0,""flexext_thumb"":0.3333333333333333,""flexext_index"":0.0,""flexext_middle"":0.0,""flexext_ring"":1.0,""flexext_pinky"":0.0}",without_F1_X1H,,,F1_X1H
feature_bank_manus_full_fusion_final_20260915,final,semg_manus,3,session_3,2,F0|F1_X1H|F2b_CSP|F3_Ring|F4_Spectral|F5_Temporal|F6_IMU|F9_Quality,,,,0.2222222222222222,0.3333333333333333,1.4616769121704383,0.12267616365491857,0.2273162808370242,"{""flexext_fist"":0.0,""flexext_thumb"":0.3333333333333333,""flexext_index"":0.0,""flexext_middle"":0.0,""flexext_ring"":1.0,""flexext_pinky"":0.0}",without_F2b_CSP,,,F2b_CSP
feature_bank_manus_full_fusion_final_20260915,final,semg_manus,3,session_3,2,F0|F1_X1H|F2b_CSP|F3_Ring|F4_Spectral|F5_Temporal|F6_IMU|F9_Quality,,,,0.2222222222222222,0.3333333333333333,1.4320116929018303,0.12043593755045734,0.14487337162232236,"{""flexext_fist"":0.0,""flexext_thumb"":0.3333333333333333,""flexext_index"":0.0,""flexext_middle"":0.0,""flexext_ring"":1.0,""flexext_pinky"":0.0}",without_F3_Ring,,,F3_Ring
feature_bank_manus_full_fusion_final_20260915,final,semg_manus,3,session_3,2,F0|F1_X1H|F2b_CSP|F3_Ring|F4_Spectral|F5_Temporal|F6_IMU|F9_Quality,,,,0.5555555555555555,0.6666666666666666,1.4036490288018977,0.11474414544211793,0.5556618388292369,"{""flexext_fist"":1.0,""flexext_thumb"":0.6666666666666666,""flexext_index"":0.6666666666666666,""flexext_middle"":0.0,""flexext_ring"":1.0,""flexext_pinky"":0.0}",without_F4_Spectral,,,F4_Spectral
feature_bank_manus_full_fusion_final_20260915,final,semg_manus,3,session_3,2,F0|F1_X1H|F2b_CSP|F3_Ring|F4_Spectral|F5_Temporal|F6_IMU|F9_Quality,,,,0.27777777777777773,0.3333333333333333,1.4254720107743912,0.11761730056686368,0.30899083003408845,"{""flexext_fist"":0.6666666666666666,""flexext_thumb"":0.0,""flexext_index"":0.0,""flexext_middle"":0.0,""flexext_ring"":1.0,""flexext_pinky"":0.0}",without_F5_Temporal,,,F5_Temporal
feature_bank_manus_full_fusion_final_20260915,final,semg_manus,3,session_3,2,F0|F1_X1H|F2b_CSP|F3_Ring|F4_Spectral|F5_Temporal|F6_IMU|F9_Quality,,,,0.16666666666666666,0.16666666666666666,1.4814018442441352,0.12231460745723505,0.3502407857783796,"{""flexext_fist"":0.0,""flexext_thumb"":0.0,""flexext_index"":0.0,""flexext_middle"":0.0,""flexext_ring"":1.0,""flexext_pinky"":0.0}",without_F6_IMU,,,F6_IMU
feature_bank_manus_full_fusion_final_20260915,final,semg_manus,3,session_3,2,F0|F1_X1H|F2b_CSP|F3_Ring|F4_Spectral|F5_Temporal|F6_IMU|F9_Quality,,,,0.39999999999999997,0.5,1.4361310212197704,0.1189733543970871,0.27786506275875883,"{""flexext_fist"":1.0,""flexext_thumb"":0.4,""flexext_index"":0.0,""flexext_middle"":0.0,""flexext_ring"":1.0,""flexext_pinky"":0.0}",without_F9_Quality,,,F9_Quality
feature_bank_manus_full_fusion_final_20260915,final,semg_manus,3,session_3,2,F0|F1_X1H|F2b_CSP|F3_Ring|F4_Spectral|F5_Temporal|F6_IMU|F9_Quality,,,,0.16666666666666666,0.16666666666666666,1.4440337970929669,0.11907155101060105,0.338680700103021,"{""flexext_fist"":0.0,""flexext_thumb"":0.0,""flexext_index"":0.0,""flexext_middle"":0.0,""flexext_ring"":1.0,""flexext_pinky"":0.0}",with_F8_context,,,with_F8_context
feature_bank_manus_full_fusion_final_20260915,final,semg_manus,3,session_3,2,F0|F1_X1H|F2b_CSP|F3_Ring|F4_Spectral|F5_Temporal|F6_IMU|F9_Quality,,,,0.2222222222222222,0.3333333333333333,1.4426108089985685,0.11910337997185,0.34268577251682675,"{""flexext_fist"":0.0,""flexext_thumb"":0.3333333333333333,""flexext_index"":0.0,""flexext_middle"":0.0,""flexext_ring"":1.0,""flexext_pinky"":0.0}",with_F8_F9_quality,,,with_F8_F9_quality
feature_bank_manus_full_fusion_final_20260915,final,semg_manus,4,session_3,0,F0|F1_X1H|F2b_CSP|F3_Ring|F4_Spectral|F5_Temporal|F6_IMU|F9_Quality,,,,0.30370370370370364,0.2777777777777778,1.4338408243820058,0.11644554055137384,0.19282936797136138,"{""flexext_fist"":0.8,""flexext_thumb"":0.0,""flexext_index"":0.2222222222222222,""flexext_middle"":0.4,""flexext_ring"":0.4,""flexext_pinky"":0.0}",full,,,NONE
feature_bank_manus_full_fusion_final_20260915,final,semg_manus,4,session_3,0,F0|F1_X1H|F2b_CSP|F3_Ring|F4_Spectral|F5_Temporal|F6_IMU|F9_Quality,,,,0.30370370370370364,0.2777777777777778,1.4338408243820058,0.11644554055137384,0.19282936797136138,"{""flexext_fist"":0.8,""flexext_thumb"":0.0,""flexext_index"":0.2222222222222222,""flexext_middle"":0.4,""flexext_ring"":0.4,""flexext_pinky"":0.0}",without_F7_anchor,,,F7_anchor
feature_bank_manus_full_fusion_final_20260915,final,semg_manus,4,session_3,0,F0|F1_X1H|F2b_CSP|F3_Ring|F4_Spectral|F5_Temporal|F6_IMU|F9_Quality,,,,0.30370370370370364,0.2777777777777778,1.4338408243820058,0.11644554055137384,0.19282936797136138,"{""flexext_fist"":0.8,""flexext_thumb"":0.0,""flexext_index"":0.2222222222222222,""flexext_middle"":0.4,""flexext_ring"":0.4,""flexext_pinky"":0.0}",uniform_population,,,uniform_population
feature_bank_manus_full_fusion_final_20260915,final,semg_manus,4,session_3,0,F0|F1_X1H|F2b_CSP|F3_Ring|F4_Spectral|F5_Temporal|F6_IMU|F9_Quality,,,,0.30370370370370364,0.2777777777777778,1.4232452506808442,0.11609665235569622,0.2553757147458896,"{""flexext_fist"":0.8,""flexext_thumb"":0.0,""flexext_index"":0.2222222222222222,""flexext_middle"":0.4,""flexext_ring"":0.4,""flexext_pinky"":0.0}",without_F0,,,F0
feature_bank_manus_full_fusion_final_20260915,final,semg_manus,4,session_3,0,F0|F1_X1H|F2b_CSP|F3_Ring|F4_Spectral|F5_Temporal|F6_IMU|F9_Quality,,,,0.3416666666666666,0.3333333333333333,1.428279381323894,0.11656754785081226,0.13786646573346337,"{""flexext_fist"":0.8,""flexext_thumb"":0.2,""flexext_index"":0.25,""flexext_middle"":0.4,""flexext_ring"":0.4,""flexext_pinky"":0.0}",without_F1_X1H,,,F1_X1H
feature_bank_manus_full_fusion_final_20260915,final,semg_manus,4,session_3,0,F0|F1_X1H|F2b_CSP|F3_Ring|F4_Spectral|F5_Temporal|F6_IMU|F9_Quality,,,,0.29696969696969694,0.2777777777777778,1.424937596230338,0.11677725476765277,0.19977127887777885,"{""flexext_fist"":0.8,""flexext_thumb"":0.18181818181818182,""flexext_index"":0.0,""flexext_middle"":0.4,""flexext_ring"":0.4,""flexext_pinky"":0.0}",without_F2b_CSP,,,F2b_CSP
feature_bank_manus_full_fusion_final_20260915,final,semg_manus,4,session_3,0,F0|F1_X1H|F2b_CSP|F3_Ring|F4_Spectral|F5_Temporal|F6_IMU|F9_Quality,,,,0.36666666666666664,0.3888888888888889,1.4340455191266748,0.11840532808472265,0.26160768057379025,"{""flexext_fist"":1.0,""flexext_thumb"":0.0,""flexext_index"":0.4,""flexext_middle"":0.4,""flexext_ring"":0.4,""flexext_pinky"":0.0}",without_F3_Ring,,,F3_Ring
feature_bank_manus_full_fusion_final_20260915,final,semg_manus,4,session_3,0,F0|F1_X1H|F2b_CSP|F3_Ring|F4_Spectral|F5_Temporal|F6_IMU|F9_Quality,,,,0.32910052910052906,0.3333333333333333,1.526694499692373,0.12011291268925552,0.1478815648166438,"{""flexext_fist"":0.8,""flexext_thumb"":0.2222222222222222,""flexext_index"":0.0,""flexext_middle"":0.2857142857142857,""flexext_ring"":0.6666666666666666,""flexext_pinky"":0.0}",without_F4_Spectral,,,F4_Spectral
feature_bank_manus_full_fusion_final_20260915,final,semg_manus,4,session_3,0,F0|F1_X1H|F2b_CSP|F3_Ring|F4_Spectral|F5_Temporal|F6_IMU|F9_Quality,,,,0.3898148148148148,0.3888888888888889,1.470827218151711,0.11886440513252443,0.293697119177313,"{""flexext_fist"":0.8,""flexext_thumb"":0.2222222222222222,""flexext_index"":0.25,""flexext_middle"":0.6666666666666666,""flexext_ring"":0.4,""flexext_pinky"":0.0}",without_F5_Temporal,,,F5_Temporal
feature_bank_manus_full_fusion_final_20260915,final,semg_manus,4,session_3,0,F0|F1_X1H|F2b_CSP|F3_Ring|F4_Spectral|F5_Temporal|F6_IMU|F9_Quality,,,,0.3333333333333333,0.3333333333333333,1.4392541516160497,0.11522501172704774,0.14620846351594133,"{""flexext_fist"":0.8,""flexext_thumb"":0.0,""flexext_index"":0.4,""flexext_middle"":0.4,""flexext_ring"":0.4,""flexext_pinky"":0.0}",without_F6_IMU,,,F6_IMU
feature_bank_manus_full_fusion_final_20260915,final,semg_manus,4,session_3,0,F0|F1_X1H|F2b_CSP|F3_Ring|F4_Spectral|F5_Temporal|F6_IMU|F9_Quality,,,,0.30370370370370364,0.2777777777777778,1.4008305418056264,0.11397046587032561,0.23341060845030628,"{""flexext_fist"":0.8,""flexext_thumb"":0.0,""flexext_index"":0.2222222222222222,""flexext_middle"":0.4,""flexext_ring"":0.4,""flexext_pinky"":0.0}",without_F9_Quality,,,F9_Quality
feature_bank_manus_full_fusion_final_20260915,final,semg_manus,4,session_3,0,F0|F1_X1H|F2b_CSP|F3_Ring|F4_Spectral|F5_Temporal|F6_IMU|F9_Quality,,,,0.30370370370370364,0.2777777777777778,1.4338408243820058,0.11644554055137384,0.19282936797136138,"{""flexext_fist"":0.8,""flexext_thumb"":0.0,""flexext_index"":0.2222222222222222,""flexext_middle"":0.4,""flexext_ring"":0.4,""flexext_pinky"":0.0}",with_F8_context,,,with_F8_context
feature_bank_manus_full_fusion_final_20260915,final,semg_manus,4,session_3,0,F0|F1_X1H|F2b_CSP|F3_Ring|F4_Spectral|F5_Temporal|F6_IMU|F9_Quality,,,,0.30370370370370364,0.2777777777777778,1.4460707904507082,0.11779544979448163,0.20840008366957485,"{""flexext_fist"":0.8,""flexext_thumb"":0.0,""flexext_index"":0.2222222222222222,""flexext_middle"":0.4,""flexext_ring"":0.4,""flexext_pinky"":0.0}",with_F8_F9_quality,,,with_F8_F9_quality
feature_bank_manus_full_fusion_final_20260915,final,semg_manus,4,session_3,1,F0|F1_X1H|F2b_CSP|F3_Ring|F4_Spectral|F5_Temporal|F6_IMU|F9_Quality,,,,0.38888888888888884,0.4166666666666667,1.3939266672389534,0.11153158118015957,0.1273809328806342,"{""flexext_fist"":1.0,""flexext_thumb"":0.0,""flexext_index"":0.3333333333333333,""flexext_middle"":0.5,""flexext_ring"":0.5,""flexext_pinky"":0.0}",full,,,NONE
feature_bank_manus_full_fusion_final_20260915,final,semg_manus,4,session_3,1,F0|F1_X1H|F2b_CSP|F3_Ring|F4_Spectral|F5_Temporal|F6_IMU|F9_Quality,,,,0.3333333333333333,0.3333333333333333,1.412032890474171,0.11086526152102655,0.1642388335306416,"{""flexext_fist"":0.6666666666666666,""flexext_thumb"":0.0,""flexext_index"":0.3333333333333333,""flexext_middle"":0.5,""flexext_ring"":0.5,""flexext_pinky"":0.0}",without_F7_anchor,,,F7_anchor
feature_bank_manus_full_fusion_final_20260915,final,semg_manus,4,session_3,1,F0|F1_X1H|F2b_CSP|F3_Ring|F4_Spectral|F5_Temporal|F6_IMU|F9_Quality,,,,0.3333333333333333,0.3333333333333333,1.435855861219052,0.11313046954907202,0.1838459397011594,"{""flexext_fist"":0.6666666666666666,""flexext_thumb"":0.0,""flexext_index"":0.3333333333333333,""flexext_middle"":0.5,""flexext_ring"":0.5,""flexext_pinky"":0.0}",uniform_population,,,uniform_population
feature_bank_manus_full_fusion_final_20260915,final,semg_manus,4,session_3,1,F0|F1_X1H|F2b_CSP|F3_Ring|F4_Spectral|F5_Temporal|F6_IMU|F9_Quality,,,,0.47222222222222215,0.4166666666666667,1.383938664238016,0.11042109647963061,0.25727677600494187,"{""flexext_fist"":0.6666666666666666,""flexext_thumb"":0.0,""flexext_index"":0.3333333333333333,""flexext_middle"":0.6666666666666666,""flexext_ring"":0.5,""flexext_pinky"":0.6666666666666666}",without_F0,,,F0
feature_bank_manus_full_fusion_final_20260915,final,semg_manus,4,session_3,1,F0|F1_X1H|F2b_CSP|F3_Ring|F4_Spectral|F5_Temporal|F6_IMU|F9_Quality,,,,0.5277777777777778,0.5,1.3891961060401092,0.1113467098341108,0.15575946577457817,"{""flexext_fist"":1.0,""flexext_thumb"":0.0,""flexext_index"":0.3333333333333333,""flexext_middle"":0.6666666666666666,""flexext_ring"":0.5,""flexext_pinky"":0.6666666666666666}",without_F1_X1H,,,F1_X1H
feature_bank_manus_full_fusion_final_20260915,final,semg_manus,4,session_3,1,F0|F1_X1H|F2b_CSP|F3_Ring|F4_Spectral|F5_Temporal|F6_IMU|F9_Quality,,,,0.47222222222222215,0.4166666666666667,1.39475263548798,0.11156515370915722,0.12612246031509042,"{""flexext_fist"":0.6666666666666666,""flexext_thumb"":0.0,""flexext_index"":0.3333333333333333,""flexext_middle"":0.6666666666666666,""flexext_ring"":0.5,""flexext_pinky"":0.6666666666666666}",without_F2b_CSP,,,F2b_CSP
feature_bank_manus_full_fusion_final_20260915,final,semg_manus,4,session_3,1,F0|F1_X1H|F2b_CSP|F3_Ring|F4_Spectral|F5_Temporal|F6_IMU|F9_Quality,,,,0.38888888888888884,0.4166666666666667,1.371169870260904,0.11110249814285961,0.19893305577914383,"{""flexext_fist"":1.0,""flexext_thumb"":0.0,""flexext_index"":0.3333333333333333,""flexext_middle"":0.5,""flexext_ring"":0.5,""flexext_pinky"":0.0}",without_F3_Ring,,,F3_Ring
feature_bank_manus_full_fusion_final_20260915,final,semg_manus,4,session_3,1,F0|F1_X1H|F2b_CSP|F3_Ring|F4_Spectral|F5_Temporal|F6_IMU|F9_Quality,,,,0.39999999999999997,0.4166666666666667,1.4747917639244823,0.11678578341970496,0.14227397765143196,"{""flexext_fist"":0.6666666666666666,""flexext_thumb"":0.3333333333333333,""flexext_index"":0.5,""flexext_middle"":0.4,""flexext_ring"":0.5,""flexext_pinky"":0.0}",without_F4_Spectral,,,F4_Spectral
feature_bank_manus_full_fusion_final_20260915,final,semg_manus,4,session_3,1,F0|F1_X1H|F2b_CSP|F3_Ring|F4_Spectral|F5_Temporal|F6_IMU|F9_Quality,,,,0.6777777777777777,0.6666666666666666,1.40962328565769,0.11222922296493706,0.43122900646665563,"{""flexext_fist"":1.0,""flexext_thumb"":0.5,""flexext_index"":0.4,""flexext_middle"":1.0,""flexext_ring"":0.5,""flexext_pinky"":0.6666666666666666}",without_F5_Temporal,,,F5_Temporal
feature_bank_manus_full_fusion_final_20260915,final,semg_manus,4,session_3,1,F0|F1_X1H|F2b_CSP|F3_Ring|F4_Spectral|F5_Temporal|F6_IMU|F9_Quality,,,,0.5277777777777778,0.5,1.384430800933753,0.11031991157169463,0.25362336869281704,"{""flexext_fist"":1.0,""flexext_thumb"":0.0,""flexext_index"":0.3333333333333333,""flexext_middle"":0.6666666666666666,""flexext_ring"":0.5,""flexext_pinky"":0.6666666666666666}",without_F6_IMU,,,F6_IMU
feature_bank_manus_full_fusion_final_20260915,final,semg_manus,4,session_3,1,F0|F1_X1H|F2b_CSP|F3_Ring|F4_Spectral|F5_Temporal|F6_IMU|F9_Quality,,,,0.5277777777777778,0.5,1.3859415991091468,0.11126761961239254,0.22473474788613448,"{""flexext_fist"":1.0,""flexext_thumb"":0.0,""flexext_index"":0.3333333333333333,""flexext_middle"":0.6666666666666666,""flexext_ring"":0.5,""flexext_pinky"":0.6666666666666666}",without_F9_Quality,,,F9_Quality
feature_bank_manus_full_fusion_final_20260915,final,semg_manus,4,session_3,1,F0|F1_X1H|F2b_CSP|F3_Ring|F4_Spectral|F5_Temporal|F6_IMU|F9_Quality,,,,0.38888888888888884,0.4166666666666667,1.3918156890331608,0.11123093965659854,0.20959875908233908,"{""flexext_fist"":1.0,""flexext_thumb"":0.0,""flexext_index"":0.3333333333333333,""flexext_middle"":0.5,""flexext_ring"":0.5,""flexext_pinky"":0.0}",with_F8_context,,,with_F8_context
feature_bank_manus_full_fusion_final_20260915,final,semg_manus,4,session_3,1,F0|F1_X1H|F2b_CSP|F3_Ring|F4_Spectral|F5_Temporal|F6_IMU|F9_Quality,,,,0.5277777777777778,0.5,1.3991258801189532,0.11179013619791187,0.2114490602604581,"{""flexext_fist"":1.0,""flexext_thumb"":0.0,""flexext_index"":0.3333333333333333,""flexext_middle"":0.6666666666666666,""flexext_ring"":0.5,""flexext_pinky"":0.6666666666666666}",with_F8_F9_quality,,,with_F8_F9_quality
feature_bank_manus_full_fusion_final_20260915,final,semg_manus,4,session_3,2,F0|F1_X1H|F2b_CSP|F3_Ring|F4_Spectral|F5_Temporal|F6_IMU|F9_Quality,,,,0.27777777777777773,0.3333333333333333,1.3310132936160972,0.10970747393737622,0.14210246913431265,"{""flexext_fist"":0.0,""flexext_thumb"":0.0,""flexext_index"":0.6666666666666666,""flexext_middle"":0.0,""flexext_ring"":1.0,""flexext_pinky"":0.0}",full,,,NONE
feature_bank_manus_full_fusion_final_20260915,final,semg_manus,4,session_3,2,F0|F1_X1H|F2b_CSP|F3_Ring|F4_Spectral|F5_Temporal|F6_IMU|F9_Quality,,,,0.27777777777777773,0.3333333333333333,1.1554976961968824,0.09936132211743384,0.1898640660197645,"{""flexext_fist"":0.0,""flexext_thumb"":0.0,""flexext_index"":0.6666666666666666,""flexext_middle"":0.0,""flexext_ring"":1.0,""flexext_pinky"":0.0}",without_F7_anchor,,,F7_anchor
feature_bank_manus_full_fusion_final_20260915,final,semg_manus,4,session_3,2,F0|F1_X1H|F2b_CSP|F3_Ring|F4_Spectral|F5_Temporal|F6_IMU|F9_Quality,,,,0.27777777777777773,0.3333333333333333,1.1493440284773913,0.09852156142702034,0.18622512644968323,"{""flexext_fist"":0.0,""flexext_thumb"":0.0,""flexext_index"":0.6666666666666666,""flexext_middle"":0.0,""flexext_ring"":1.0,""flexext_pinky"":0.0}",uniform_population,,,uniform_population
feature_bank_manus_full_fusion_final_20260915,final,semg_manus,4,session_3,2,F0|F1_X1H|F2b_CSP|F3_Ring|F4_Spectral|F5_Temporal|F6_IMU|F9_Quality,,,,1.0,1.0,1.2894732760934893,0.1064727436791275,0.7183770057463852,"{""flexext_fist"":1.0,""flexext_thumb"":1.0,""flexext_index"":1.0,""flexext_middle"":1.0,""flexext_ring"":1.0,""flexext_pinky"":1.0}",without_F0,,,F0
feature_bank_manus_full_fusion_final_20260915,final,semg_manus,4,session_3,2,F0|F1_X1H|F2b_CSP|F3_Ring|F4_Spectral|F5_Temporal|F6_IMU|F9_Quality,,,,0.27777777777777773,0.3333333333333333,1.3554871191769837,0.1118075852158287,0.22872133031337263,"{""flexext_fist"":0.0,""flexext_thumb"":0.0,""flexext_index"":0.6666666666666666,""flexext_middle"":0.0,""flexext_ring"":1.0,""flexext_pinky"":0.0}",without_F1_X1H,,,F1_X1H
feature_bank_manus_full_fusion_final_20260915,final,semg_manus,4,session_3,2,F0|F1_X1H|F2b_CSP|F3_Ring|F4_Spectral|F5_Temporal|F6_IMU|F9_Quality,,,,0.4444444444444444,0.5,1.3495856891148856,0.11109589459208064,0.48409520621664326,"{""flexext_fist"":0.0,""flexext_thumb"":0.0,""flexext_index"":0.6666666666666666,""flexext_middle"":0.0,""flexext_ring"":1.0,""flexext_pinky"":1.0}",without_F2b_CSP,,,F2b_CSP
feature_bank_manus_full_fusion_final_20260915,final,semg_manus,4,session_3,2,F0|F1_X1H|F2b_CSP|F3_Ring|F4_Spectral|F5_Temporal|F6_IMU|F9_Quality,,,,0.4444444444444444,0.5,1.3247041182222041,0.10940855713579394,0.19941250663091514,"{""flexext_fist"":1.0,""flexext_thumb"":0.0,""flexext_index"":0.6666666666666666,""flexext_middle"":0.0,""flexext_ring"":1.0,""flexext_pinky"":0.0}",without_F3_Ring,,,F3_Ring
feature_bank_manus_full_fusion_final_20260915,final,semg_manus,4,session_3,2,F0|F1_X1H|F2b_CSP|F3_Ring|F4_Spectral|F5_Temporal|F6_IMU|F9_Quality,,,,0.4166666666666667,0.5,1.4327017989745008,0.11662824354783255,0.2087220182332674,"{""flexext_fist"":0.0,""flexext_thumb"":0.5,""flexext_index"":1.0,""flexext_middle"":0.0,""flexext_ring"":1.0,""flexext_pinky"":0.0}",without_F4_Spectral,,,F4_Spectral
feature_bank_manus_full_fusion_final_20260915,final,semg_manus,4,session_3,2,F0|F1_X1H|F2b_CSP|F3_Ring|F4_Spectral|F5_Temporal|F6_IMU|F9_Quality,,,,0.5555555555555555,0.6666666666666666,1.2934320475955827,0.10704392064528376,0.37783866203170935,"{""flexext_fist"":0.0,""flexext_thumb"":0.6666666666666666,""flexext_index"":1.0,""flexext_middle"":0.6666666666666666,""flexext_ring"":1.0,""flexext_pinky"":0.0}",without_F5_Temporal,,,F5_Temporal
feature_bank_manus_full_fusion_final_20260915,final,semg_manus,4,session_3,2,F0|F1_X1H|F2b_CSP|F3_Ring|F4_Spectral|F5_Temporal|F6_IMU|F9_Quality,,,,0.27777777777777773,0.3333333333333333,1.299049567837739,0.10706866236114036,0.2859197714752981,"{""flexext_fist"":0.0,""flexext_thumb"":0.0,""flexext_index"":0.6666666666666666,""flexext_middle"":0.0,""flexext_ring"":1.0,""flexext_pinky"":0.0}",without_F6_IMU,,,F6_IMU
feature_bank_manus_full_fusion_final_20260915,final,semg_manus,4,session_3,2,F0|F1_X1H|F2b_CSP|F3_Ring|F4_Spectral|F5_Temporal|F6_IMU|F9_Quality,,,,0.4444444444444444,0.5,1.3237618911485627,0.10952787296790804,0.3979978925095163,"{""flexext_fist"":0.0,""flexext_thumb"":0.0,""flexext_index"":0.6666666666666666,""flexext_middle"":0.0,""flexext_ring"":1.0,""flexext_pinky"":1.0}",without_F9_Quality,,,F9_Quality
feature_bank_manus_full_fusion_final_20260915,final,semg_manus,4,session_3,2,F0|F1_X1H|F2b_CSP|F3_Ring|F4_Spectral|F5_Temporal|F6_IMU|F9_Quality,,,,0.27777777777777773,0.3333333333333333,1.3186813247762013,0.10871150551286739,0.2928287553027355,"{""flexext_fist"":0.0,""flexext_thumb"":0.0,""flexext_index"":0.6666666666666666,""flexext_middle"":0.0,""flexext_ring"":1.0,""flexext_pinky"":0.0}",with_F8_context,,,with_F8_context
feature_bank_manus_full_fusion_final_20260915,final,semg_manus,4,session_3,2,F0|F1_X1H|F2b_CSP|F3_Ring|F4_Spectral|F5_Temporal|F6_IMU|F9_Quality,,,,0.27777777777777773,0.3333333333333333,1.324132497478995,0.10912733946944246,0.2942014024116407,"{""flexext_fist"":0.0,""flexext_thumb"":0.0,""flexext_index"":0.6666666666666666,""flexext_middle"":0.0,""flexext_ring"":1.0,""flexext_pinky"":0.0}",with_F8_F9_quality,,,with_F8_F9_quality
feature_bank_manus_full_fusion_final_20260915,final,semg_manus,5,session_3,0,F0|F1_X1H|F2b_CSP|F3_Ring|F4_Spectral|F5_Temporal|F6_IMU|F9_Quality,,,,0.7206349206349206,0.7222222222222222,0.8246931419424786,0.07041517592340771,0.2903748837731596,"{""flexext_fist"":0.8,""flexext_thumb"":0.5,""flexext_index"":0.5,""flexext_middle"":0.6666666666666666,""flexext_ring"":1.0,""flexext_pinky"":0.8571428571428571}",full,,,NONE
feature_bank_manus_full_fusion_final_20260915,final,semg_manus,5,session_3,0,F0|F1_X1H|F2b_CSP|F3_Ring|F4_Spectral|F5_Temporal|F6_IMU|F9_Quality,,,,0.7206349206349206,0.7222222222222222,0.8246931419424786,0.07041517592340771,0.2903748837731596,"{""flexext_fist"":0.8,""flexext_thumb"":0.5,""flexext_index"":0.5,""flexext_middle"":0.6666666666666666,""flexext_ring"":1.0,""flexext_pinky"":0.8571428571428571}",without_F7_anchor,,,F7_anchor
feature_bank_manus_full_fusion_final_20260915,final,semg_manus,5,session_3,0,F0|F1_X1H|F2b_CSP|F3_Ring|F4_Spectral|F5_Temporal|F6_IMU|F9_Quality,,,,0.7206349206349206,0.7222222222222222,0.8246931419424786,0.07041517592340771,0.2903748837731596,"{""flexext_fist"":0.8,""flexext_thumb"":0.5,""flexext_index"":0.5,""flexext_middle"":0.6666666666666666,""flexext_ring"":1.0,""flexext_pinky"":0.8571428571428571}",uniform_population,,,uniform_population
feature_bank_manus_full_fusion_final_20260915,final,semg_manus,5,session_3,0,F0|F1_X1H|F2b_CSP|F3_Ring|F4_Spectral|F5_Temporal|F6_IMU|F9_Quality,,,,0.7206349206349206,0.7222222222222222,0.8632579321756508,0.07403487775254622,0.23209140706648337,"{""flexext_fist"":0.8,""flexext_thumb"":0.5,""flexext_index"":0.5,""flexext_middle"":0.6666666666666666,""flexext_ring"":1.0,""flexext_pinky"":0.8571428571428571}",without_F0,,,F0
feature_bank_manus_full_fusion_final_20260915,final,semg_manus,5,session_3,0,F0|F1_X1H|F2b_CSP|F3_Ring|F4_Spectral|F5_Temporal|F6_IMU|F9_Quality,,,,0.7642857142857142,0.7777777777777778,0.8316395090153482,0.07114209043364873,0.28155724661951237,"{""flexext_fist"":0.8,""flexext_thumb"":0.5,""flexext_index"":0.5714285714285714,""flexext_middle"":0.8571428571428571,""flexext_ring"":1.0,""flexext_pinky"":0.8571428571428571}",without_F1_X1H,,,F1_X1H
feature_bank_manus_full_fusion_final_20260915,final,semg_manus,5,session_3,0,F0|F1_X1H|F2b_CSP|F3_Ring|F4_Spectral|F5_Temporal|F6_IMU|F9_Quality,,,,0.7206349206349206,0.7222222222222222,0.845470857546239,0.07280628538485767,0.24477069602425272,"{""flexext_fist"":0.8,""flexext_thumb"":0.5,""flexext_index"":0.5,""flexext_middle"":0.6666666666666666,""flexext_ring"":1.0,""flexext_pinky"":0.8571428571428571}",without_F2b_CSP,,,F2b_CSP
feature_bank_manus_full_fusion_final_20260915,final,semg_manus,5,session_3,0,F0|F1_X1H|F2b_CSP|F3_Ring|F4_Spectral|F5_Temporal|F6_IMU|F9_Quality,,,,0.7642857142857142,0.7777777777777778,0.7836085117665692,0.06712555561094218,0.29032933365813335,"{""flexext_fist"":0.8,""flexext_thumb"":0.5,""flexext_index"":0.5714285714285714,""flexext_middle"":0.8571428571428571,""flexext_ring"":1.0,""flexext_pinky"":0.8571428571428571}",without_F3_Ring,,,F3_Ring
feature_bank_manus_full_fusion_final_20260915,final,semg_manus,5,session_3,0,F0|F1_X1H|F2b_CSP|F3_Ring|F4_Spectral|F5_Temporal|F6_IMU|F9_Quality,,,,0.7206349206349206,0.7222222222222222,0.8686561319478254,0.07439979274302119,0.27088945053406793,"{""flexext_fist"":0.8,""flexext_thumb"":0.5,""flexext_index"":0.5,""flexext_middle"":0.6666666666666666,""flexext_ring"":1.0,""flexext_pinky"":0.8571428571428571}",without_F4_Spectral,,,F4_Spectral
feature_bank_manus_full_fusion_final_20260915,final,semg_manus,5,session_3,0,F0|F1_X1H|F2b_CSP|F3_Ring|F4_Spectral|F5_Temporal|F6_IMU|F9_Quality,,,,0.6214285714285714,0.6666666666666666,0.8648830408600406,0.07292329842336413,0.2769437109607825,"{""flexext_fist"":0.8,""flexext_thumb"":0.0,""flexext_index"":0.5,""flexext_middle"":0.5714285714285714,""flexext_ring"":1.0,""flexext_pinky"":0.8571428571428571}",without_F5_Temporal,,,F5_Temporal
feature_bank_manus_full_fusion_final_20260915,final,semg_manus,5,session_3,0,F0|F1_X1H|F2b_CSP|F3_Ring|F4_Spectral|F5_Temporal|F6_IMU|F9_Quality,,,,0.7642857142857142,0.7777777777777778,0.7731900842535517,0.06654889466494891,0.24240985448749866,"{""flexext_fist"":0.8,""flexext_thumb"":0.5,""flexext_index"":0.5714285714285714,""flexext_middle"":0.8571428571428571,""flexext_ring"":1.0,""flexext_pinky"":0.8571428571428571}",without_F6_IMU,,,F6_IMU
feature_bank_manus_full_fusion_final_20260915,final,semg_manus,5,session_3,0,F0|F1_X1H|F2b_CSP|F3_Ring|F4_Spectral|F5_Temporal|F6_IMU|F9_Quality,,,,0.7206349206349206,0.7222222222222222,0.8024368112023472,0.06845787270426512,0.3343316229823582,"{""flexext_fist"":0.8,""flexext_thumb"":0.5,""flexext_index"":0.5,""flexext_middle"":0.6666666666666666,""flexext_ring"":1.0,""flexext_pinky"":0.8571428571428571}",without_F9_Quality,,,F9_Quality
feature_bank_manus_full_fusion_final_20260915,final,semg_manus,5,session_3,0,F0|F1_X1H|F2b_CSP|F3_Ring|F4_Spectral|F5_Temporal|F6_IMU|F9_Quality,,,,0.7206349206349206,0.7222222222222222,0.8246931419424786,0.07041517592340771,0.2903748837731596,"{""flexext_fist"":0.8,""flexext_thumb"":0.5,""flexext_index"":0.5,""flexext_middle"":0.6666666666666666,""flexext_ring"":1.0,""flexext_pinky"":0.8571428571428571}",with_F8_context,,,with_F8_context
feature_bank_manus_full_fusion_final_20260915,final,semg_manus,5,session_3,0,F0|F1_X1H|F2b_CSP|F3_Ring|F4_Spectral|F5_Temporal|F6_IMU|F9_Quality,,,,0.7206349206349206,0.7222222222222222,0.8496151978161773,0.07274341400961751,0.23112211538557162,"{""flexext_fist"":0.8,""flexext_thumb"":0.5,""flexext_index"":0.5,""flexext_middle"":0.6666666666666666,""flexext_ring"":1.0,""flexext_pinky"":0.8571428571428571}",with_F8_F9_quality,,,with_F8_F9_quality
feature_bank_manus_full_fusion_final_20260915,final,semg_manus,5,session_3,1,F0|F1_X1H|F2b_CSP|F3_Ring|F4_Spectral|F5_Temporal|F6_IMU|F9_Quality,,,,0.6111111111111112,0.6666666666666666,1.0580307531033346,0.08877243837060302,0.263971782743721,"{""flexext_fist"":0.6666666666666666,""flexext_thumb"":0.0,""flexext_index"":0.4,""flexext_middle"":0.8,""flexext_ring"":1.0,""flexext_pinky"":0.8}",full,,,NONE
feature_bank_manus_full_fusion_final_20260915,final,semg_manus,5,session_3,1,F0|F1_X1H|F2b_CSP|F3_Ring|F4_Spectral|F5_Temporal|F6_IMU|F9_Quality,,,,0.6111111111111112,0.6666666666666666,0.8705331574237613,0.07521072524016642,0.26725767029856407,"{""flexext_fist"":0.6666666666666666,""flexext_thumb"":0.0,""flexext_index"":0.4,""flexext_middle"":0.8,""flexext_ring"":1.0,""flexext_pinky"":0.8}",without_F7_anchor,,,F7_anchor
feature_bank_manus_full_fusion_final_20260915,final,semg_manus,5,session_3,1,F0|F1_X1H|F2b_CSP|F3_Ring|F4_Spectral|F5_Temporal|F6_IMU|F9_Quality,,,,0.5499999999999999,0.5833333333333334,0.8840199149402014,0.07632854424782642,0.22177308486898548,"{""flexext_fist"":0.6666666666666666,""flexext_thumb"":0.0,""flexext_index"":0.3333333333333333,""flexext_middle"":0.5,""flexext_ring"":1.0,""flexext_pinky"":0.8}",uniform_population,,,uniform_population
feature_bank_manus_full_fusion_final_20260915,final,semg_manus,5,session_3,1,F0|F1_X1H|F2b_CSP|F3_Ring|F4_Spectral|F5_Temporal|F6_IMU|F9_Quality,,,,0.5388888888888889,0.5833333333333334,1.098290212341695,0.09248762972354004,0.27893961025990144,"{""flexext_fist"":0.6666666666666666,""flexext_thumb"":0.0,""flexext_index"":0.4,""flexext_middle"":0.5,""flexext_ring"":1.0,""flexext_pinky"":0.6666666666666666}",without_F0,,,F0
feature_bank_manus_full_fusion_final_20260915,final,semg_manus,5,session_3,1,F0|F1_X1H|F2b_CSP|F3_Ring|F4_Spectral|F5_Temporal|F6_IMU|F9_Quality,,,,0.6111111111111112,0.6666666666666666,1.065941919991916,0.08952165309540673,0.30485990958284104,"{""flexext_fist"":0.6666666666666666,""flexext_thumb"":0.0,""flexext_index"":0.4,""flexext_middle"":0.8,""flexext_ring"":1.0,""flexext_pinky"":0.8}",without_F1_X1H,,,F1_X1H
feature_bank_manus_full_fusion_final_20260915,final,semg_manus,5,session_3,1,F0|F1_X1H|F2b_CSP|F3_Ring|F4_Spectral|F5_Temporal|F6_IMU|F9_Quality,,,,0.6111111111111112,0.6666666666666666,1.0686892078357582,0.0899649648415494,0.27217401201467584,"{""flexext_fist"":0.6666666666666666,""flexext_thumb"":0.0,""flexext_index"":0.4,""flexext_middle"":0.8,""flexext_ring"":1.0,""flexext_pinky"":0.8}",without_F2b_CSP,,,F2b_CSP
feature_bank_manus_full_fusion_final_20260915,final,semg_manus,5,session_3,1,F0|F1_X1H|F2b_CSP|F3_Ring|F4_Spectral|F5_Temporal|F6_IMU|F9_Quality,,,,0.6111111111111112,0.6666666666666666,0.9967057765387257,0.08326215991571673,0.3098229543060644,"{""flexext_fist"":0.6666666666666666,""flexext_thumb"":0.0,""flexext_index"":0.4,""flexext_middle"":0.8,""flexext_ring"":1.0,""flexext_pinky"":0.8}",without_F3_Ring,,,F3_Ring
feature_bank_manus_full_fusion_final_20260915,final,semg_manus,5,session_3,1,F0|F1_X1H|F2b_CSP|F3_Ring|F4_Spectral|F5_Temporal|F6_IMU|F9_Quality,,,,0.5499999999999999,0.5833333333333334,1.1258619352185117,0.09433839281859834,0.26287366136301915,"{""flexext_fist"":0.6666666666666666,""flexext_thumb"":0.0,""flexext_index"":0.3333333333333333,""flexext_middle"":0.5,""flexext_ring"":1.0,""flexext_pinky"":0.8}",without_F4_Spectral,,,F4_Spectral
feature_bank_manus_full_fusion_final_20260915,final,semg_manus,5,session_3,1,F0|F1_X1H|F2b_CSP|F3_Ring|F4_Spectral|F5_Temporal|F6_IMU|F9_Quality,,,,0.5388888888888889,0.5833333333333334,1.0804767890712508,0.0900408439877775,0.37824315862917396,"{""flexext_fist"":0.6666666666666666,""flexext_thumb"":0.0,""flexext_index"":0.4,""flexext_middle"":0.5,""flexext_ring"":1.0,""flexext_pinky"":0.6666666666666666}",without_F5_Temporal,,,F5_Temporal
feature_bank_manus_full_fusion_final_20260915,final,semg_manus,5,session_3,1,F0|F1_X1H|F2b_CSP|F3_Ring|F4_Spectral|F5_Temporal|F6_IMU|F9_Quality,,,,0.6111111111111112,0.6666666666666666,1.0212747865063445,0.08560257011353661,0.3163627013392849,"{""flexext_fist"":0.6666666666666666,""flexext_thumb"":0.0,""flexext_index"":0.4,""flexext_middle"":0.8,""flexext_ring"":1.0,""flexext_pinky"":0.8}",without_F6_IMU,,,F6_IMU
feature_bank_manus_full_fusion_final_20260915,final,semg_manus,5,session_3,1,F0|F1_X1H|F2b_CSP|F3_Ring|F4_Spectral|F5_Temporal|F6_IMU|F9_Quality,,,,0.5499999999999999,0.5833333333333334,1.0385333819914049,0.08726181366597587,0.38392208955593354,"{""flexext_fist"":0.6666666666666666,""flexext_thumb"":0.0,""flexext_index"":0.3333333333333333,""flexext_middle"":0.5,""flexext_ring"":1.0,""flexext_pinky"":0.8}",without_F9_Quality,,,F9_Quality
feature_bank_manus_full_fusion_final_20260915,final,semg_manus,5,session_3,1,F0|F1_X1H|F2b_CSP|F3_Ring|F4_Spectral|F5_Temporal|F6_IMU|F9_Quality,,,,0.6111111111111112,0.6666666666666666,1.0569291320462353,0.08857173554612158,0.26167567833621075,"{""flexext_fist"":0.6666666666666666,""flexext_thumb"":0.0,""flexext_index"":0.4,""flexext_middle"":0.8,""flexext_ring"":1.0,""flexext_pinky"":0.8}",with_F8_context,,,with_F8_context
feature_bank_manus_full_fusion_final_20260915,final,semg_manus,5,session_3,1,F0|F1_X1H|F2b_CSP|F3_Ring|F4_Spectral|F5_Temporal|F6_IMU|F9_Quality,,,,0.6111111111111112,0.6666666666666666,1.0805349036234435,0.09080173307506499,0.2707492436456477,"{""flexext_fist"":0.6666666666666666,""flexext_thumb"":0.0,""flexext_index"":0.4,""flexext_middle"":0.8,""flexext_ring"":1.0,""flexext_pinky"":0.8}",with_F8_F9_quality,,,with_F8_F9_quality
feature_bank_manus_full_fusion_final_20260915,final,semg_manus,5,session_3,2,F0|F1_X1H|F2b_CSP|F3_Ring|F4_Spectral|F5_Temporal|F6_IMU|F9_Quality,,,,0.7777777777777777,0.8333333333333334,1.0832844087746973,0.09116725296489994,0.4739631028998025,"{""flexext_fist"":1.0,""flexext_thumb"":0.0,""flexext_index"":0.6666666666666666,""flexext_middle"":1.0,""flexext_ring"":1.0,""flexext_pinky"":1.0}",full,,,NONE
feature_bank_manus_full_fusion_final_20260915,final,semg_manus,5,session_3,2,F0|F1_X1H|F2b_CSP|F3_Ring|F4_Spectral|F5_Temporal|F6_IMU|F9_Quality,,,,0.5833333333333334,0.6666666666666666,0.859457828171009,0.07406518208421939,0.4294243133927377,"{""flexext_fist"":1.0,""flexext_thumb"":0.0,""flexext_index"":0.5,""flexext_middle"":0.0,""flexext_ring"":1.0,""flexext_pinky"":1.0}",without_F7_anchor,,,F7_anchor
feature_bank_manus_full_fusion_final_20260915,final,semg_manus,5,session_3,2,F0|F1_X1H|F2b_CSP|F3_Ring|F4_Spectral|F5_Temporal|F6_IMU|F9_Quality,,,,0.5833333333333334,0.6666666666666666,0.869537473130061,0.0752125669428298,0.30598118715615225,"{""flexext_fist"":1.0,""flexext_thumb"":0.0,""flexext_index"":0.5,""flexext_middle"":0.0,""flexext_ring"":1.0,""flexext_pinky"":1.0}",uniform_population,,,uniform_population
feature_bank_manus_full_fusion_final_20260915,final,semg_manus,5,session_3,2,F0|F1_X1H|F2b_CSP|F3_Ring|F4_Spectral|F5_Temporal|F6_IMU|F9_Quality,,,,0.5833333333333334,0.6666666666666666,1.1088092893373875,0.09323603568754463,0.39973309920987066,"{""flexext_fist"":1.0,""flexext_thumb"":0.0,""flexext_index"":0.5,""flexext_middle"":0.0,""flexext_ring"":1.0,""flexext_pinky"":1.0}",without_F0,,,F0
feature_bank_manus_full_fusion_final_20260915,final,semg_manus,5,session_3,2,F0|F1_X1H|F2b_CSP|F3_Ring|F4_Spectral|F5_Temporal|F6_IMU|F9_Quality,,,,0.7777777777777777,0.8333333333333334,1.0910654655656937,0.09196871554308693,0.4826284011535203,"{""flexext_fist"":1.0,""flexext_thumb"":0.0,""flexext_index"":0.6666666666666666,""flexext_middle"":1.0,""flexext_ring"":1.0,""flexext_pinky"":1.0}",without_F1_X1H,,,F1_X1H
feature_bank_manus_full_fusion_final_20260915,final,semg_manus,5,session_3,2,F0|F1_X1H|F2b_CSP|F3_Ring|F4_Spectral|F5_Temporal|F6_IMU|F9_Quality,,,,0.5833333333333334,0.6666666666666666,1.107278051222495,0.09361537584366357,0.3159277652131185,"{""flexext_fist"":1.0,""flexext_thumb"":0.0,""flexext_index"":0.5,""flexext_middle"":0.0,""flexext_ring"":1.0,""flexext_pinky"":1.0}",without_F2b_CSP,,,F2b_CSP
feature_bank_manus_full_fusion_final_20260915,final,semg_manus,5,session_3,2,F0|F1_X1H|F2b_CSP|F3_Ring|F4_Spectral|F5_Temporal|F6_IMU|F9_Quality,,,,0.7777777777777777,0.8333333333333334,1.0432130501503112,0.08748256684945814,0.458823295655727,"{""flexext_fist"":1.0,""flexext_thumb"":0.0,""flexext_index"":0.6666666666666666,""flexext_middle"":1.0,""flexext_ring"":1.0,""flexext_pinky"":1.0}",without_F3_Ring,,,F3_Ring
feature_bank_manus_full_fusion_final_20260915,final,semg_manus,5,session_3,2,F0|F1_X1H|F2b_CSP|F3_Ring|F4_Spectral|F5_Temporal|F6_IMU|F9_Quality,,,,0.5833333333333334,0.6666666666666666,1.122426154607844,0.0950273045363832,0.4342441224043252,"{""flexext_fist"":1.0,""flexext_thumb"":0.0,""flexext_index"":0.5,""flexext_middle"":0.0,""flexext_ring"":1.0,""flexext_pinky"":1.0}",without_F4_Spectral,,,F4_Spectral
feature_bank_manus_full_fusion_final_20260915,final,semg_manus,5,session_3,2,F0|F1_X1H|F2b_CSP|F3_Ring|F4_Spectral|F5_Temporal|F6_IMU|F9_Quality,,,,0.7777777777777777,0.8333333333333334,1.0925139859454116,0.09172689605370565,0.46333765308866176,"{""flexext_fist"":1.0,""flexext_thumb"":0.0,""flexext_index"":0.6666666666666666,""flexext_middle"":1.0,""flexext_ring"":1.0,""flexext_pinky"":1.0}",without_F5_Temporal,,,F5_Temporal
feature_bank_manus_full_fusion_final_20260915,final,semg_manus,5,session_3,2,F0|F1_X1H|F2b_CSP|F3_Ring|F4_Spectral|F5_Temporal|F6_IMU|F9_Quality,,,,0.7777777777777777,0.8333333333333334,1.0592588483632328,0.08899291548503037,0.46293873493188725,"{""flexext_fist"":1.0,""flexext_thumb"":0.0,""flexext_index"":0.6666666666666666,""flexext_middle"":1.0,""flexext_ring"":1.0,""flexext_pinky"":1.0}",without_F6_IMU,,,F6_IMU
feature_bank_manus_full_fusion_final_20260915,final,semg_manus,5,session_3,2,F0|F1_X1H|F2b_CSP|F3_Ring|F4_Spectral|F5_Temporal|F6_IMU|F9_Quality,,,,0.5833333333333334,0.6666666666666666,1.0545721435455708,0.08845633541555731,0.4966679140890604,"{""flexext_fist"":1.0,""flexext_thumb"":0.0,""flexext_index"":0.5,""flexext_middle"":0.0,""flexext_ring"":1.0,""flexext_pinky"":1.0}",without_F9_Quality,,,F9_Quality
feature_bank_manus_full_fusion_final_20260915,final,semg_manus,5,session_3,2,F0|F1_X1H|F2b_CSP|F3_Ring|F4_Spectral|F5_Temporal|F6_IMU|F9_Quality,,,,0.7777777777777777,0.8333333333333334,1.0797082358497725,0.09081618299107297,0.4709691588613988,"{""flexext_fist"":1.0,""flexext_thumb"":0.0,""flexext_index"":0.6666666666666666,""flexext_middle"":1.0,""flexext_ring"":1.0,""flexext_pinky"":1.0}",with_F8_context,,,with_F8_context
feature_bank_manus_full_fusion_final_20260915,final,semg_manus,5,session_3,2,F0|F1_X1H|F2b_CSP|F3_Ring|F4_Spectral|F5_Temporal|F6_IMU|F9_Quality,,,,0.7777777777777777,0.8333333333333334,1.1026822598169048,0.09300525356344246,0.4792284296727015,"{""flexext_fist"":1.0,""flexext_thumb"":0.0,""flexext_index"":0.6666666666666666,""flexext_middle"":1.0,""flexext_ring"":1.0,""flexext_pinky"":1.0}",with_F8_F9_quality,,,with_F8_F9_quality
feature_bank_manus_full_fusion_final_20260915,final,semg_manus,6,session_3,0,F0|F1_X1H|F2b_CSP|F3_Ring|F4_Spectral|F5_Temporal|F6_IMU|F9_Quality,,,,0.46868686868686876,0.5555555555555556,0.9654590456004869,0.0877073683649485,0.0970795279536582,"{""flexext_fist"":0.6666666666666666,""flexext_thumb"":0.8,""flexext_index"":0.0,""flexext_middle"":0.5454545454545454,""flexext_ring"":0.8,""flexext_pinky"":0.0}",full,,,NONE
feature_bank_manus_full_fusion_final_20260915,final,semg_manus,6,session_3,0,F0|F1_X1H|F2b_CSP|F3_Ring|F4_Spectral|F5_Temporal|F6_IMU|F9_Quality,,,,0.46868686868686876,0.5555555555555556,0.9654590456004869,0.0877073683649485,0.0970795279536582,"{""flexext_fist"":0.6666666666666666,""flexext_thumb"":0.8,""flexext_index"":0.0,""flexext_middle"":0.5454545454545454,""flexext_ring"":0.8,""flexext_pinky"":0.0}",without_F7_anchor,,,F7_anchor
feature_bank_manus_full_fusion_final_20260915,final,semg_manus,6,session_3,0,F0|F1_X1H|F2b_CSP|F3_Ring|F4_Spectral|F5_Temporal|F6_IMU|F9_Quality,,,,0.46868686868686876,0.5555555555555556,0.9654590456004869,0.0877073683649485,0.0970795279536582,"{""flexext_fist"":0.6666666666666666,""flexext_thumb"":0.8,""flexext_index"":0.0,""flexext_middle"":0.5454545454545454,""flexext_ring"":0.8,""flexext_pinky"":0.0}",uniform_population,,,uniform_population
feature_bank_manus_full_fusion_final_20260915,final,semg_manus,6,session_3,0,F0|F1_X1H|F2b_CSP|F3_Ring|F4_Spectral|F5_Temporal|F6_IMU|F9_Quality,,,,0.6337662337662336,0.6666666666666666,0.9733398043510303,0.08751443646798024,0.35005704833266843,"{""flexext_fist"":0.8571428571428571,""flexext_thumb"":0.8,""flexext_index"":0.0,""flexext_middle"":0.5454545454545454,""flexext_ring"":0.8,""flexext_pinky"":0.8}",without_F0,,,F0
feature_bank_manus_full_fusion_final_20260915,final,semg_manus,6,session_3,0,F0|F1_X1H|F2b_CSP|F3_Ring|F4_Spectral|F5_Temporal|F6_IMU|F9_Quality,,,,0.6083333333333334,0.6666666666666666,0.9377932420093207,0.08397173383620903,0.2953854204921645,"{""flexext_fist"":0.75,""flexext_thumb"":1.0,""flexext_index"":0.0,""flexext_middle"":0.6,""flexext_ring"":0.8,""flexext_pinky"":0.5}",without_F1_X1H,,,F1_X1H
feature_bank_manus_full_fusion_final_20260915,final,semg_manus,6,session_3,0,F0|F1_X1H|F2b_CSP|F3_Ring|F4_Spectral|F5_Temporal|F6_IMU|F9_Quality,,,,0.5111111111111111,0.6111111111111112,0.9834404717239332,0.08814232757235324,0.18736228689148243,"{""flexext_fist"":0.6666666666666666,""flexext_thumb"":1.0,""flexext_index"":0.0,""flexext_middle"":0.6,""flexext_ring"":0.8,""flexext_pinky"":0.0}",without_F2b_CSP,,,F2b_CSP
feature_bank_manus_full_fusion_final_20260915,final,semg_manus,6,session_3,0,F0|F1_X1H|F2b_CSP|F3_Ring|F4_Spectral|F5_Temporal|F6_IMU|F9_Quality,,,,0.46868686868686876,0.5555555555555556,0.9651217880230575,0.09118878706929101,0.24726133486637905,"{""flexext_fist"":0.6666666666666666,""flexext_thumb"":0.8,""flexext_index"":0.0,""flexext_middle"":0.5454545454545454,""flexext_ring"":0.8,""flexext_pinky"":0.0}",without_F3_Ring,,,F3_Ring
feature_bank_manus_full_fusion_final_20260915,final,semg_manus,6,session_3,0,F0|F1_X1H|F2b_CSP|F3_Ring|F4_Spectral|F5_Temporal|F6_IMU|F9_Quality,,,,0.4185897435897436,0.5,0.9918968371882391,0.08922808500841178,0.1871044808332901,"{""flexext_fist"":0.75,""flexext_thumb"":0.0,""flexext_index"":0.0,""flexext_middle"":0.46153846153846156,""flexext_ring"":0.8,""flexext_pinky"":0.5}",without_F4_Spectral,,,F4_Spectral
feature_bank_manus_full_fusion_final_20260915,final,semg_manus,6,session_3,0,F0|F1_X1H|F2b_CSP|F3_Ring|F4_Spectral|F5_Temporal|F6_IMU|F9_Quality,,,,0.41111111111111115,0.5,1.0057111252443898,0.09093185752226711,0.18391409357372002,"{""flexext_fist"":0.6666666666666666,""flexext_thumb"":0.5,""flexext_index"":0.0,""flexext_middle"":0.5,""flexext_ring"":0.8,""flexext_pinky"":0.0}",without_F5_Temporal,,,F5_Temporal
feature_bank_manus_full_fusion_final_20260915,final,semg_manus,6,session_3,0,F0|F1_X1H|F2b_CSP|F3_Ring|F4_Spectral|F5_Temporal|F6_IMU|F9_Quality,,,,0.46868686868686876,0.5555555555555556,0.945328803328111,0.09027924086608047,0.33790635730195123,"{""flexext_fist"":0.6666666666666666,""flexext_thumb"":0.8,""flexext_index"":0.0,""flexext_middle"":0.5454545454545454,""flexext_ring"":0.8,""flexext_pinky"":0.0}",without_F6_IMU,,,F6_IMU
feature_bank_manus_full_fusion_final_20260915,final,semg_manus,6,session_3,0,F0|F1_X1H|F2b_CSP|F3_Ring|F4_Spectral|F5_Temporal|F6_IMU|F9_Quality,,,,0.5083333333333333,0.5555555555555556,0.9733414677296737,0.08608019102103413,0.27202580149289635,"{""flexext_fist"":0.75,""flexext_thumb"":0.5,""flexext_index"":0.0,""flexext_middle"":0.5,""flexext_ring"":0.8,""flexext_pinky"":0.5}",without_F9_Quality,,,F9_Quality
feature_bank_manus_full_fusion_final_20260915,final,semg_manus,6,session_3,0,F0|F1_X1H|F2b_CSP|F3_Ring|F4_Spectral|F5_Temporal|F6_IMU|F9_Quality,,,,0.46868686868686876,0.5555555555555556,0.9654590456004869,0.0877073683649485,0.0970795279536582,"{""flexext_fist"":0.6666666666666666,""flexext_thumb"":0.8,""flexext_index"":0.0,""flexext_middle"":0.5454545454545454,""flexext_ring"":0.8,""flexext_pinky"":0.0}",with_F8_context,,,with_F8_context
feature_bank_manus_full_fusion_final_20260915,final,semg_manus,6,session_3,0,F0|F1_X1H|F2b_CSP|F3_Ring|F4_Spectral|F5_Temporal|F6_IMU|F9_Quality,,,,0.46868686868686876,0.5555555555555556,0.9784624627928626,0.08813362700437954,0.24891350575161333,"{""flexext_fist"":0.6666666666666666,""flexext_thumb"":0.8,""flexext_index"":0.0,""flexext_middle"":0.5454545454545454,""flexext_ring"":0.8,""flexext_pinky"":0.0}",with_F8_F9_quality,,,with_F8_F9_quality
feature_bank_manus_full_fusion_final_20260915,final,semg_manus,6,session_3,1,F0|F1_X1H|F2b_CSP|F3_Ring|F4_Spectral|F5_Temporal|F6_IMU|F9_Quality,,,,0.6174603174603174,0.6666666666666666,0.9457208101004541,0.07951431921472708,0.26432277652235286,"{""flexext_fist"":0.8,""flexext_thumb"":0.6666666666666666,""flexext_index"":0.0,""flexext_middle"":0.5714285714285714,""flexext_ring"":1.0,""flexext_pinky"":0.6666666666666666}",full,,,NONE
feature_bank_manus_full_fusion_final_20260915,final,semg_manus,6,session_3,1,F0|F1_X1H|F2b_CSP|F3_Ring|F4_Spectral|F5_Temporal|F6_IMU|F9_Quality,,,,0.48412698412698413,0.5833333333333334,0.8294698779505719,0.07539622374121063,0.34612944403126544,"{""flexext_fist"":0.6666666666666666,""flexext_thumb"":0.6666666666666666,""flexext_index"":0.0,""flexext_middle"":0.5714285714285714,""flexext_ring"":1.0,""flexext_pinky"":0.0}",without_F7_anchor,,,F7_anchor
feature_bank_manus_full_fusion_final_20260915,final,semg_manus,6,session_3,1,F0|F1_X1H|F2b_CSP|F3_Ring|F4_Spectral|F5_Temporal|F6_IMU|F9_Quality,,,,0.48412698412698413,0.5833333333333334,0.8464206362308193,0.07673363237983231,0.19940379359048924,"{""flexext_fist"":0.6666666666666666,""flexext_thumb"":0.6666666666666666,""flexext_index"":0.0,""flexext_middle"":0.5714285714285714,""flexext_ring"":1.0,""flexext_pinky"":0.0}",uniform_population,,,uniform_population
feature_bank_manus_full_fusion_final_20260915,final,semg_manus,6,session_3,1,F0|F1_X1H|F2b_CSP|F3_Ring|F4_Spectral|F5_Temporal|F6_IMU|F9_Quality,,,,0.6174603174603174,0.6666666666666666,0.9723952510480021,0.08130047303838249,0.2853435428785801,"{""flexext_fist"":0.8,""flexext_thumb"":0.6666666666666666,""flexext_index"":0.0,""flexext_middle"":0.5714285714285714,""flexext_ring"":1.0,""flexext_pinky"":0.6666666666666666}",without_F0,,,F0
feature_bank_manus_full_fusion_final_20260915,final,semg_manus,6,session_3,1,F0|F1_X1H|F2b_CSP|F3_Ring|F4_Spectral|F5_Temporal|F6_IMU|F9_Quality,,,,0.688888888888889,0.75,0.9326964419802289,0.077815430008148,0.3043272067117079,"{""flexext_fist"":0.8,""flexext_thumb"":1.0,""flexext_index"":0.0,""flexext_middle"":0.6666666666666666,""flexext_ring"":1.0,""flexext_pinky"":0.6666666666666666}",without_F1_X1H,,,F1_X1H
feature_bank_manus_full_fusion_final_20260915,final,semg_manus,6,session_3,1,F0|F1_X1H|F2b_CSP|F3_Ring|F4_Spectral|F5_Temporal|F6_IMU|F9_Quality,,,,0.688888888888889,0.75,0.9498938185873782,0.07964432925137094,0.38355343045770607,"{""flexext_fist"":0.8,""flexext_thumb"":1.0,""flexext_index"":0.0,""flexext_middle"":0.6666666666666666,""flexext_ring"":1.0,""flexext_pinky"":0.6666666666666666}",without_F2b_CSP,,,F2b_CSP
feature_bank_manus_full_fusion_final_20260915,final,semg_manus,6,session_3,1,F0|F1_X1H|F2b_CSP|F3_Ring|F4_Spectral|F5_Temporal|F6_IMU|F9_Quality,,,,0.48412698412698413,0.5833333333333334,0.9200442948198871,0.07944437386924062,0.25533717599965766,"{""flexext_fist"":0.6666666666666666,""flexext_thumb"":0.6666666666666666,""flexext_index"":0.0,""flexext_middle"":0.5714285714285714,""flexext_ring"":1.0,""flexext_pinky"":0.0}",without_F3_Ring,,,F3_Ring
feature_bank_manus_full_fusion_final_20260915,final,semg_manus,6,session_3,1,F0|F1_X1H|F2b_CSP|F3_Ring|F4_Spectral|F5_Temporal|F6_IMU|F9_Quality,,,,0.7063492063492064,0.75,0.9611200004983766,0.0803807454987151,0.324126585022418,"{""flexext_fist"":1.0,""flexext_thumb"":0.6666666666666666,""flexext_index"":0.0,""flexext_middle"":0.5714285714285714,""flexext_ring"":1.0,""flexext_pinky"":1.0}",without_F4_Spectral,,,F4_Spectral
feature_bank_manus_full_fusion_final_20260915,final,semg_manus,6,session_3,1,F0|F1_X1H|F2b_CSP|F3_Ring|F4_Spectral|F5_Temporal|F6_IMU|F9_Quality,,,,0.5555555555555555,0.6666666666666666,0.944761236498841,0.07981836126842728,0.22947361123331012,"{""flexext_fist"":0.6666666666666666,""flexext_thumb"":1.0,""flexext_index"":0.0,""flexext_middle"":0.6666666666666666,""flexext_ring"":1.0,""flexext_pinky"":0.0}",without_F5_Temporal,,,F5_Temporal
feature_bank_manus_full_fusion_final_20260915,final,semg_manus,6,session_3,1,F0|F1_X1H|F2b_CSP|F3_Ring|F4_Spectral|F5_Temporal|F6_IMU|F9_Quality,,,,0.6174603174603174,0.6666666666666666,0.9303163948770877,0.0793138442254654,0.3722079887137767,"{""flexext_fist"":0.8,""flexext_thumb"":0.6666666666666666,""flexext_index"":0.0,""flexext_middle"":0.5714285714285714,""flexext_ring"":1.0,""flexext_pinky"":0.6666666666666666}",without_F6_IMU,,,F6_IMU
feature_bank_manus_full_fusion_final_20260915,final,semg_manus,6,session_3,1,F0|F1_X1H|F2b_CSP|F3_Ring|F4_Spectral|F5_Temporal|F6_IMU|F9_Quality,,,,0.688888888888889,0.75,0.979784718873777,0.0813576294369832,0.29177715959978223,"{""flexext_fist"":0.8,""flexext_thumb"":1.0,""flexext_index"":0.0,""flexext_middle"":0.6666666666666666,""flexext_ring"":1.0,""flexext_pinky"":0.6666666666666666}",without_F9_Quality,,,F9_Quality
feature_bank_manus_full_fusion_final_20260915,final,semg_manus,6,session_3,1,F0|F1_X1H|F2b_CSP|F3_Ring|F4_Spectral|F5_Temporal|F6_IMU|F9_Quality,,,,0.6174603174603174,0.6666666666666666,0.9477422556790774,0.0797885079481502,0.27669742674829745,"{""flexext_fist"":0.8,""flexext_thumb"":0.6666666666666666,""flexext_index"":0.0,""flexext_middle"":0.5714285714285714,""flexext_ring"":1.0,""flexext_pinky"":0.6666666666666666}",with_F8_context,,,with_F8_context
feature_bank_manus_full_fusion_final_20260915,final,semg_manus,6,session_3,1,F0|F1_X1H|F2b_CSP|F3_Ring|F4_Spectral|F5_Temporal|F6_IMU|F9_Quality,,,,0.6174603174603174,0.6666666666666666,0.9575230676120294,0.0804289940940637,0.313841050599586,"{""flexext_fist"":0.8,""flexext_thumb"":0.6666666666666666,""flexext_index"":0.0,""flexext_middle"":0.5714285714285714,""flexext_ring"":1.0,""flexext_pinky"":0.6666666666666666}",with_F8_F9_quality,,,with_F8_F9_quality
feature_bank_manus_full_fusion_final_20260915,final,semg_manus,6,session_3,2,F0|F1_X1H|F2b_CSP|F3_Ring|F4_Spectral|F5_Temporal|F6_IMU|F9_Quality,,,,0.7777777777777777,0.8333333333333334,0.9823350886875734,0.08078748031127668,0.5436848470869218,"{""flexext_fist"":1.0,""flexext_thumb"":1.0,""flexext_index"":0.0,""flexext_middle"":0.6666666666666666,""flexext_ring"":1.0,""flexext_pinky"":1.0}",full,,,NONE
feature_bank_manus_full_fusion_final_20260915,final,semg_manus,6,session_3,2,F0|F1_X1H|F2b_CSP|F3_Ring|F4_Spectral|F5_Temporal|F6_IMU|F9_Quality,,,,0.5555555555555555,0.6666666666666666,0.7949108429685224,0.07064117730523475,0.2629559712110594,"{""flexext_fist"":0.6666666666666666,""flexext_thumb"":1.0,""flexext_index"":0.0,""flexext_middle"":0.6666666666666666,""flexext_ring"":1.0,""flexext_pinky"":0.0}",without_F7_anchor,,,F7_anchor
feature_bank_manus_full_fusion_final_20260915,final,semg_manus,6,session_3,2,F0|F1_X1H|F2b_CSP|F3_Ring|F4_Spectral|F5_Temporal|F6_IMU|F9_Quality,,,,0.5555555555555555,0.6666666666666666,0.7764969685184856,0.06904097913472987,0.2876501050252539,"{""flexext_fist"":0.6666666666666666,""flexext_thumb"":1.0,""flexext_index"":0.0,""flexext_middle"":0.6666666666666666,""flexext_ring"":1.0,""flexext_pinky"":0.0}",uniform_population,,,uniform_population
feature_bank_manus_full_fusion_final_20260915,final,semg_manus,6,session_3,2,F0|F1_X1H|F2b_CSP|F3_Ring|F4_Spectral|F5_Temporal|F6_IMU|F9_Quality,,,,0.7777777777777777,0.8333333333333334,1.0102685841205232,0.08300181706653936,0.43440151536803673,"{""flexext_fist"":1.0,""flexext_thumb"":1.0,""flexext_index"":0.0,""flexext_middle"":0.6666666666666666,""flexext_ring"":1.0,""flexext_pinky"":1.0}",without_F0,,,F0
feature_bank_manus_full_fusion_final_20260915,final,semg_manus,6,session_3,2,F0|F1_X1H|F2b_CSP|F3_Ring|F4_Spectral|F5_Temporal|F6_IMU|F9_Quality,,,,0.7777777777777777,0.8333333333333334,0.9677404489369098,0.07917721357512503,0.42369782112812904,"{""flexext_fist"":1.0,""flexext_thumb"":1.0,""flexext_index"":0.0,""flexext_middle"":0.6666666666666666,""flexext_ring"":1.0,""flexext_pinky"":1.0}",without_F1_X1H,,,F1_X1H
feature_bank_manus_full_fusion_final_20260915,final,semg_manus,6,session_3,2,F0|F1_X1H|F2b_CSP|F3_Ring|F4_Spectral|F5_Temporal|F6_IMU|F9_Quality,,,,0.5555555555555555,0.6666666666666666,0.9907413144350093,0.08138061360479204,0.48416470710908244,"{""flexext_fist"":0.6666666666666666,""flexext_thumb"":1.0,""flexext_index"":0.0,""flexext_middle"":0.6666666666666666,""flexext_ring"":1.0,""flexext_pinky"":0.0}",without_F2b_CSP,,,F2b_CSP
feature_bank_manus_full_fusion_final_20260915,final,semg_manus,6,session_3,2,F0|F1_X1H|F2b_CSP|F3_Ring|F4_Spectral|F5_Temporal|F6_IMU|F9_Quality,,,,0.5555555555555555,0.6666666666666666,0.9604145564133161,0.0795323267878537,0.3481046814098834,"{""flexext_fist"":0.6666666666666666,""flexext_thumb"":1.0,""flexext_index"":0.0,""flexext_middle"":0.6666666666666666,""flexext_ring"":1.0,""flexext_pinky"":0.0}",without_F3_Ring,,,F3_Ring
feature_bank_manus_full_fusion_final_20260915,final,semg_manus,6,session_3,2,F0|F1_X1H|F2b_CSP|F3_Ring|F4_Spectral|F5_Temporal|F6_IMU|F9_Quality,,,,0.7777777777777777,0.8333333333333334,0.9886565508186652,0.08103379149908084,0.42551797045942225,"{""flexext_fist"":1.0,""flexext_thumb"":1.0,""flexext_index"":0.0,""flexext_middle"":0.6666666666666666,""flexext_ring"":1.0,""flexext_pinky"":1.0}",without_F4_Spectral,,,F4_Spectral
feature_bank_manus_full_fusion_final_20260915,final,semg_manus,6,session_3,2,F0|F1_X1H|F2b_CSP|F3_Ring|F4_Spectral|F5_Temporal|F6_IMU|F9_Quality,,,,0.5555555555555555,0.6666666666666666,0.9714971356361294,0.07969521935256535,0.3630401708465865,"{""flexext_fist"":0.6666666666666666,""flexext_thumb"":1.0,""flexext_index"":0.0,""flexext_middle"":0.6666666666666666,""flexext_ring"":1.0,""flexext_pinky"":0.0}",without_F5_Temporal,,,F5_Temporal
feature_bank_manus_full_fusion_final_20260915,final,semg_manus,6,session_3,2,F0|F1_X1H|F2b_CSP|F3_Ring|F4_Spectral|F5_Temporal|F6_IMU|F9_Quality,,,,0.5555555555555555,0.6666666666666666,0.9632173350195209,0.08035224607213792,0.275938679452056,"{""flexext_fist"":0.6666666666666666,""flexext_thumb"":1.0,""flexext_index"":0.0,""flexext_middle"":0.6666666666666666,""flexext_ring"":1.0,""flexext_pinky"":0.0}",without_F6_IMU,,,F6_IMU
feature_bank_manus_full_fusion_final_20260915,final,semg_manus,6,session_3,2,F0|F1_X1H|F2b_CSP|F3_Ring|F4_Spectral|F5_Temporal|F6_IMU|F9_Quality,,,,0.7777777777777777,0.8333333333333334,1.0231622935345899,0.0839740209143859,0.42322573545571024,"{""flexext_fist"":1.0,""flexext_thumb"":1.0,""flexext_index"":0.0,""flexext_middle"":0.6666666666666666,""flexext_ring"":1.0,""flexext_pinky"":1.0}",without_F9_Quality,,,F9_Quality
feature_bank_manus_full_fusion_final_20260915,final,semg_manus,6,session_3,2,F0|F1_X1H|F2b_CSP|F3_Ring|F4_Spectral|F5_Temporal|F6_IMU|F9_Quality,,,,0.7777777777777777,0.8333333333333334,0.9807288476216075,0.08082315557171224,0.41727749678365833,"{""flexext_fist"":1.0,""flexext_thumb"":1.0,""flexext_index"":0.0,""flexext_middle"":0.6666666666666666,""flexext_ring"":1.0,""flexext_pinky"":1.0}",with_F8_context,,,with_F8_context
feature_bank_manus_full_fusion_final_20260915,final,semg_manus,6,session_3,2,F0|F1_X1H|F2b_CSP|F3_Ring|F4_Spectral|F5_Temporal|F6_IMU|F9_Quality,,,,0.7777777777777777,0.8333333333333334,0.993811266705574,0.0819074478021737,0.5491794010959559,"{""flexext_fist"":1.0,""flexext_thumb"":1.0,""flexext_index"":0.0,""flexext_middle"":0.6666666666666666,""flexext_ring"":1.0,""flexext_pinky"":1.0}",with_F8_F9_quality,,,with_F8_F9_quality
feature_bank_manus_full_fusion_final_20260915,final,semg_manus,7,session_3,0,F0|F1_X1H|F2b_CSP|F3_Ring|F4_Spectral|F5_Temporal|F6_IMU|F9_Quality,,,,0.2380952380952381,0.3333333333333333,1.8185983561410406,0.14503370871638432,0.41276711618535916,"{""flexext_fist"":1.0,""flexext_thumb"":0.0,""flexext_index"":0.0,""flexext_middle"":0.0,""flexext_ring"":0.42857142857142855,""flexext_pinky"":0.0}",full,,,NONE
feature_bank_manus_full_fusion_final_20260915,final,semg_manus,7,session_3,0,F0|F1_X1H|F2b_CSP|F3_Ring|F4_Spectral|F5_Temporal|F6_IMU|F9_Quality,,,,0.2380952380952381,0.3333333333333333,1.8185983561410406,0.14503370871638432,0.41276711618535916,"{""flexext_fist"":1.0,""flexext_thumb"":0.0,""flexext_index"":0.0,""flexext_middle"":0.0,""flexext_ring"":0.42857142857142855,""flexext_pinky"":0.0}",without_F7_anchor,,,F7_anchor
feature_bank_manus_full_fusion_final_20260915,final,semg_manus,7,session_3,0,F0|F1_X1H|F2b_CSP|F3_Ring|F4_Spectral|F5_Temporal|F6_IMU|F9_Quality,,,,0.2380952380952381,0.3333333333333333,1.8185983561410406,0.14503370871638432,0.41276711618535916,"{""flexext_fist"":1.0,""flexext_thumb"":0.0,""flexext_index"":0.0,""flexext_middle"":0.0,""flexext_ring"":0.42857142857142855,""flexext_pinky"":0.0}",uniform_population,,,uniform_population
feature_bank_manus_full_fusion_final_20260915,final,semg_manus,7,session_3,0,F0|F1_X1H|F2b_CSP|F3_Ring|F4_Spectral|F5_Temporal|F6_IMU|F9_Quality,,,,0.2380952380952381,0.3333333333333333,1.777260463629071,0.14125870359816506,0.246627709284344,"{""flexext_fist"":1.0,""flexext_thumb"":0.0,""flexext_index"":0.0,""flexext_middle"":0.0,""flexext_ring"":0.42857142857142855,""flexext_pinky"":0.0}",without_F0,,,F0
feature_bank_manus_full_fusion_final_20260915,final,semg_manus,7,session_3,0,F0|F1_X1H|F2b_CSP|F3_Ring|F4_Spectral|F5_Temporal|F6_IMU|F9_Quality,,,,0.2380952380952381,0.3333333333333333,1.769360022535703,0.14200691543276622,0.3615190833722457,"{""flexext_fist"":1.0,""flexext_thumb"":0.0,""flexext_index"":0.0,""flexext_middle"":0.0,""flexext_ring"":0.42857142857142855,""flexext_pinky"":0.0}",without_F1_X1H,,,F1_X1H
feature_bank_manus_full_fusion_final_20260915,final,semg_manus,7,session_3,0,F0|F1_X1H|F2b_CSP|F3_Ring|F4_Spectral|F5_Temporal|F6_IMU|F9_Quality,,,,0.2380952380952381,0.3333333333333333,1.8780770195929617,0.15123767636532304,0.46776643396207124,"{""flexext_fist"":1.0,""flexext_thumb"":0.0,""flexext_index"":0.0,""flexext_middle"":0.0,""flexext_ring"":0.42857142857142855,""flexext_pinky"":0.0}",without_F2b_CSP,,,F2b_CSP
feature_bank_manus_full_fusion_final_20260915,final,semg_manus,7,session_3,0,F0|F1_X1H|F2b_CSP|F3_Ring|F4_Spectral|F5_Temporal|F6_IMU|F9_Quality,,,,0.2380952380952381,0.3333333333333333,1.9513006313014694,0.15409328329758581,0.37070247667887557,"{""flexext_fist"":1.0,""flexext_thumb"":0.0,""flexext_index"":0.0,""flexext_middle"":0.0,""flexext_ring"":0.42857142857142855,""flexext_pinky"":0.0}",without_F3_Ring,,,F3_Ring
feature_bank_manus_full_fusion_final_20260915,final,semg_manus,7,session_3,0,F0|F1_X1H|F2b_CSP|F3_Ring|F4_Spectral|F5_Temporal|F6_IMU|F9_Quality,,,,0.2380952380952381,0.3333333333333333,1.7911005696922109,0.14272708174162232,0.2639100879456885,"{""flexext_fist"":1.0,""flexext_thumb"":0.0,""flexext_index"":0.0,""flexext_middle"":0.0,""flexext_ring"":0.42857142857142855,""flexext_pinky"":0.0}",without_F4_Spectral,,,F4_Spectral
feature_bank_manus_full_fusion_final_20260915,final,semg_manus,7,session_3,0,F0|F1_X1H|F2b_CSP|F3_Ring|F4_Spectral|F5_Temporal|F6_IMU|F9_Quality,,,,0.2380952380952381,0.3333333333333333,1.7918844738055628,0.14032077732098255,0.2817799524071745,"{""flexext_fist"":1.0,""flexext_thumb"":0.0,""flexext_index"":0.0,""flexext_middle"":0.0,""flexext_ring"":0.42857142857142855,""flexext_pinky"":0.0}",without_F5_Temporal,,,F5_Temporal
feature_bank_manus_full_fusion_final_20260915,final,semg_manus,7,session_3,0,F0|F1_X1H|F2b_CSP|F3_Ring|F4_Spectral|F5_Temporal|F6_IMU|F9_Quality,,,,0.2380952380952381,0.3333333333333333,1.9290047091746179,0.15226240435566324,0.4295124762812547,"{""flexext_fist"":1.0,""flexext_thumb"":0.0,""flexext_index"":0.0,""flexext_middle"":0.0,""flexext_ring"":0.42857142857142855,""flexext_pinky"":0.0}",without_F6_IMU,,,F6_IMU
feature_bank_manus_full_fusion_final_20260915,final,semg_manus,7,session_3,0,F0|F1_X1H|F2b_CSP|F3_Ring|F4_Spectral|F5_Temporal|F6_IMU|F9_Quality,,,,0.2380952380952381,0.3333333333333333,1.7990572913848908,0.1414001107590483,0.3032161953860376,"{""flexext_fist"":1.0,""flexext_thumb"":0.0,""flexext_index"":0.0,""flexext_middle"":0.0,""flexext_ring"":0.42857142857142855,""flexext_pinky"":0.0}",without_F9_Quality,,,F9_Quality
feature_bank_manus_full_fusion_final_20260915,final,semg_manus,7,session_3,0,F0|F1_X1H|F2b_CSP|F3_Ring|F4_Spectral|F5_Temporal|F6_IMU|F9_Quality,,,,0.2380952380952381,0.3333333333333333,1.8185983561410406,0.14503370871638432,0.41276711618535916,"{""flexext_fist"":1.0,""flexext_thumb"":0.0,""flexext_index"":0.0,""flexext_middle"":0.0,""flexext_ring"":0.42857142857142855,""flexext_pinky"":0.0}",with_F8_context,,,with_F8_context
feature_bank_manus_full_fusion_final_20260915,final,semg_manus,7,session_3,0,F0|F1_X1H|F2b_CSP|F3_Ring|F4_Spectral|F5_Temporal|F6_IMU|F9_Quality,,,,0.2380952380952381,0.3333333333333333,1.8165446193256396,0.14573789118848074,0.3964674436072573,"{""flexext_fist"":1.0,""flexext_thumb"":0.0,""flexext_index"":0.0,""flexext_middle"":0.0,""flexext_ring"":0.42857142857142855,""flexext_pinky"":0.0}",with_F8_F9_quality,,,with_F8_F9_quality
feature_bank_manus_full_fusion_final_20260915,final,semg_manus,7,session_3,1,F0|F1_X1H|F2b_CSP|F3_Ring|F4_Spectral|F5_Temporal|F6_IMU|F9_Quality,,,,0.25,0.3333333333333333,1.605959087651959,0.13278032827974096,0.35658708389492855,"{""flexext_fist"":1.0,""flexext_thumb"":0.0,""flexext_index"":0.0,""flexext_middle"":0.0,""flexext_ring"":0.5,""flexext_pinky"":0.0}",full,,,NONE
feature_bank_manus_full_fusion_final_20260915,final,semg_manus,7,session_3,1,F0|F1_X1H|F2b_CSP|F3_Ring|F4_Spectral|F5_Temporal|F6_IMU|F9_Quality,,,,0.25,0.3333333333333333,1.8299809116618657,0.1495571503534909,0.4468084679005536,"{""flexext_fist"":1.0,""flexext_thumb"":0.0,""flexext_index"":0.0,""flexext_middle"":0.0,""flexext_ring"":0.5,""flexext_pinky"":0.0}",without_F7_anchor,,,F7_anchor
feature_bank_manus_full_fusion_final_20260915,final,semg_manus,7,session_3,1,F0|F1_X1H|F2b_CSP|F3_Ring|F4_Spectral|F5_Temporal|F6_IMU|F9_Quality,,,,0.25,0.3333333333333333,1.7964696508528777,0.14571688580844877,0.43837972778203993,"{""flexext_fist"":1.0,""flexext_thumb"":0.0,""flexext_index"":0.0,""flexext_middle"":0.0,""flexext_ring"":0.5,""flexext_pinky"":0.0}",uniform_population,,,uniform_population
feature_bank_manus_full_fusion_final_20260915,final,semg_manus,7,session_3,1,F0|F1_X1H|F2b_CSP|F3_Ring|F4_Spectral|F5_Temporal|F6_IMU|F9_Quality,,,,0.25,0.3333333333333333,1.5923208737047718,0.1312835381617634,0.3272222529931038,"{""flexext_fist"":1.0,""flexext_thumb"":0.0,""flexext_index"":0.0,""flexext_middle"":0.0,""flexext_ring"":0.5,""flexext_pinky"":0.0}",without_F0,,,F0
feature_bank_manus_full_fusion_final_20260915,final,semg_manus,7,session_3,1,F0|F1_X1H|F2b_CSP|F3_Ring|F4_Spectral|F5_Temporal|F6_IMU|F9_Quality,,,,0.25,0.3333333333333333,1.6075105469635982,0.13302247498929232,0.3718178268648924,"{""flexext_fist"":1.0,""flexext_thumb"":0.0,""flexext_index"":0.0,""flexext_middle"":0.0,""flexext_ring"":0.5,""flexext_pinky"":0.0}",without_F1_X1H,,,F1_X1H
feature_bank_manus_full_fusion_final_20260915,final,semg_manus,7,session_3,1,F0|F1_X1H|F2b_CSP|F3_Ring|F4_Spectral|F5_Temporal|F6_IMU|F9_Quality,,,,0.25,0.3333333333333333,1.6732273743769455,0.13890174696740878,0.33750624256137873,"{""flexext_fist"":1.0,""flexext_thumb"":0.0,""flexext_index"":0.0,""flexext_middle"":0.0,""flexext_ring"":0.5,""flexext_pinky"":0.0}",without_F2b_CSP,,,F2b_CSP
feature_bank_manus_full_fusion_final_20260915,final,semg_manus,7,session_3,1,F0|F1_X1H|F2b_CSP|F3_Ring|F4_Spectral|F5_Temporal|F6_IMU|F9_Quality,,,,0.25,0.3333333333333333,1.6152090196148932,0.13626018943760443,0.33156734989891157,"{""flexext_fist"":1.0,""flexext_thumb"":0.0,""flexext_index"":0.0,""flexext_middle"":0.0,""flexext_ring"":0.5,""flexext_pinky"":0.0}",without_F3_Ring,,,F3_Ring
feature_bank_manus_full_fusion_final_20260915,final,semg_manus,7,session_3,1,F0|F1_X1H|F2b_CSP|F3_Ring|F4_Spectral|F5_Temporal|F6_IMU|F9_Quality,,,,0.25,0.3333333333333333,1.622095546824087,0.13275944459330888,0.12702192085363448,"{""flexext_fist"":1.0,""flexext_thumb"":0.0,""flexext_index"":0.0,""flexext_middle"":0.0,""flexext_ring"":0.5,""flexext_pinky"":0.0}",without_F4_Spectral,,,F4_Spectral
feature_bank_manus_full_fusion_final_20260915,final,semg_manus,7,session_3,1,F0|F1_X1H|F2b_CSP|F3_Ring|F4_Spectral|F5_Temporal|F6_IMU|F9_Quality,,,,0.25,0.3333333333333333,1.5702422859008625,0.12855852547638627,0.27797838220259874,"{""flexext_fist"":1.0,""flexext_thumb"":0.0,""flexext_index"":0.0,""flexext_middle"":0.0,""flexext_ring"":0.5,""flexext_pinky"":0.0}",without_F5_Temporal,,,F5_Temporal
feature_bank_manus_full_fusion_final_20260915,final,semg_manus,7,session_3,1,F0|F1_X1H|F2b_CSP|F3_Ring|F4_Spectral|F5_Temporal|F6_IMU|F9_Quality,,,,0.25,0.3333333333333333,1.6119623481213534,0.13439825591673898,0.318147603346175,"{""flexext_fist"":1.0,""flexext_thumb"":0.0,""flexext_index"":0.0,""flexext_middle"":0.0,""flexext_ring"":0.5,""flexext_pinky"":0.0}",without_F6_IMU,,,F6_IMU
feature_bank_manus_full_fusion_final_20260915,final,semg_manus,7,session_3,1,F0|F1_X1H|F2b_CSP|F3_Ring|F4_Spectral|F5_Temporal|F6_IMU|F9_Quality,,,,0.25,0.3333333333333333,1.5791085228258404,0.12937522386495592,0.39664787061523155,"{""flexext_fist"":1.0,""flexext_thumb"":0.0,""flexext_index"":0.0,""flexext_middle"":0.0,""flexext_ring"":0.5,""flexext_pinky"":0.0}",without_F9_Quality,,,F9_Quality
feature_bank_manus_full_fusion_final_20260915,final,semg_manus,7,session_3,1,F0|F1_X1H|F2b_CSP|F3_Ring|F4_Spectral|F5_Temporal|F6_IMU|F9_Quality,,,,0.25,0.3333333333333333,1.6030123721371676,0.1322765366982238,0.3547274984012341,"{""flexext_fist"":1.0,""flexext_thumb"":0.0,""flexext_index"":0.0,""flexext_middle"":0.0,""flexext_ring"":0.5,""flexext_pinky"":0.0}",with_F8_context,,,with_F8_context
feature_bank_manus_full_fusion_final_20260915,final,semg_manus,7,session_3,1,F0|F1_X1H|F2b_CSP|F3_Ring|F4_Spectral|F5_Temporal|F6_IMU|F9_Quality,,,,0.25,0.3333333333333333,1.6150242085568376,0.1334750349124304,0.3589624508252015,"{""flexext_fist"":1.0,""flexext_thumb"":0.0,""flexext_index"":0.0,""flexext_middle"":0.0,""flexext_ring"":0.5,""flexext_pinky"":0.0}",with_F8_F9_quality,,,with_F8_F9_quality
feature_bank_manus_full_fusion_final_20260915,final,semg_manus,7,session_3,2,F0|F1_X1H|F2b_CSP|F3_Ring|F4_Spectral|F5_Temporal|F6_IMU|F9_Quality,,,,0.25,0.3333333333333333,1.487375607324618,0.12203370065160758,0.3020226944052325,"{""flexext_fist"":1.0,""flexext_thumb"":0.0,""flexext_index"":0.0,""flexext_middle"":0.0,""flexext_ring"":0.5,""flexext_pinky"":0.0}",full,,,NONE
feature_bank_manus_full_fusion_final_20260915,final,semg_manus,7,session_3,2,F0|F1_X1H|F2b_CSP|F3_Ring|F4_Spectral|F5_Temporal|F6_IMU|F9_Quality,,,,0.25,0.3333333333333333,1.805493382944703,0.14155702044721688,0.3563195429636262,"{""flexext_fist"":1.0,""flexext_thumb"":0.0,""flexext_index"":0.0,""flexext_middle"":0.0,""flexext_ring"":0.5,""flexext_pinky"":0.0}",without_F7_anchor,,,F7_anchor
feature_bank_manus_full_fusion_final_20260915,final,semg_manus,7,session_3,2,F0|F1_X1H|F2b_CSP|F3_Ring|F4_Spectral|F5_Temporal|F6_IMU|F9_Quality,,,,0.25,0.3333333333333333,1.8259089982941692,0.1432927170308978,0.5026037369247909,"{""flexext_fist"":1.0,""flexext_thumb"":0.0,""flexext_index"":0.0,""flexext_middle"":0.0,""flexext_ring"":0.5,""flexext_pinky"":0.0}",uniform_population,,,uniform_population
feature_bank_manus_full_fusion_final_20260915,final,semg_manus,7,session_3,2,F0|F1_X1H|F2b_CSP|F3_Ring|F4_Spectral|F5_Temporal|F6_IMU|F9_Quality,,,,0.4166666666666667,0.5,1.4662430314219617,0.11972337392153642,0.30320531873922474,"{""flexext_fist"":1.0,""flexext_thumb"":0.0,""flexext_index"":1.0,""flexext_middle"":0.0,""flexext_ring"":0.5,""flexext_pinky"":0.0}",without_F0,,,F0
feature_bank_manus_full_fusion_final_20260915,final,semg_manus,7,session_3,2,F0|F1_X1H|F2b_CSP|F3_Ring|F4_Spectral|F5_Temporal|F6_IMU|F9_Quality,,,,0.25,0.3333333333333333,1.4910910895666447,0.12162673523981127,0.3132442457989263,"{""flexext_fist"":1.0,""flexext_thumb"":0.0,""flexext_index"":0.0,""flexext_middle"":0.0,""flexext_ring"":0.5,""flexext_pinky"":0.0}",without_F1_X1H,,,F1_X1H
feature_bank_manus_full_fusion_final_20260915,final,semg_manus,7,session_3,2,F0|F1_X1H|F2b_CSP|F3_Ring|F4_Spectral|F5_Temporal|F6_IMU|F9_Quality,,,,0.25,0.3333333333333333,1.5814798302072781,0.13027360929604648,0.3635495050621953,"{""flexext_fist"":1.0,""flexext_thumb"":0.0,""flexext_index"":0.0,""flexext_middle"":0.0,""flexext_ring"":0.5,""flexext_pinky"":0.0}",without_F2b_CSP,,,F2b_CSP
feature_bank_manus_full_fusion_final_20260915,final,semg_manus,7,session_3,2,F0|F1_X1H|F2b_CSP|F3_Ring|F4_Spectral|F5_Temporal|F6_IMU|F9_Quality,,,,0.4166666666666667,0.5,1.489420037370514,0.12359610238665393,0.3842310972440051,"{""flexext_fist"":1.0,""flexext_thumb"":0.0,""flexext_index"":1.0,""flexext_middle"":0.0,""flexext_ring"":0.5,""flexext_pinky"":0.0}",without_F3_Ring,,,F3_Ring
feature_bank_manus_full_fusion_final_20260915,final,semg_manus,7,session_3,2,F0|F1_X1H|F2b_CSP|F3_Ring|F4_Spectral|F5_Temporal|F6_IMU|F9_Quality,,,,0.25,0.3333333333333333,1.492842577795369,0.12208491672866623,0.15478852180155903,"{""flexext_fist"":1.0,""flexext_thumb"":0.0,""flexext_index"":0.0,""flexext_middle"":0.0,""flexext_ring"":0.5,""flexext_pinky"":0.0}",without_F4_Spectral,,,F4_Spectral
feature_bank_manus_full_fusion_final_20260915,final,semg_manus,7,session_3,2,F0|F1_X1H|F2b_CSP|F3_Ring|F4_Spectral|F5_Temporal|F6_IMU|F9_Quality,,,,0.4166666666666667,0.5,1.4442124904764817,0.11820343190027797,0.2660148434669586,"{""flexext_fist"":1.0,""flexext_thumb"":0.0,""flexext_index"":1.0,""flexext_middle"":0.0,""flexext_ring"":0.5,""flexext_pinky"":0.0}",without_F5_Temporal,,,F5_Temporal
feature_bank_manus_full_fusion_final_20260915,final,semg_manus,7,session_3,2,F0|F1_X1H|F2b_CSP|F3_Ring|F4_Spectral|F5_Temporal|F6_IMU|F9_Quality,,,,0.25,0.3333333333333333,1.4703953530205338,0.1214680783077179,0.2935869405270544,"{""flexext_fist"":1.0,""flexext_thumb"":0.0,""flexext_index"":0.0,""flexext_middle"":0.0,""flexext_ring"":0.5,""flexext_pinky"":0.0}",without_F6_IMU,,,F6_IMU
feature_bank_manus_full_fusion_final_20260915,final,semg_manus,7,session_3,2,F0|F1_X1H|F2b_CSP|F3_Ring|F4_Spectral|F5_Temporal|F6_IMU|F9_Quality,,,,0.25,0.3333333333333333,1.483433160772839,0.12139114877185425,0.1525410029780299,"{""flexext_fist"":1.0,""flexext_thumb"":0.0,""flexext_index"":0.0,""flexext_middle"":0.0,""flexext_ring"":0.5,""flexext_pinky"":0.0}",without_F9_Quality,,,F9_Quality
feature_bank_manus_full_fusion_final_20260915,final,semg_manus,7,session_3,2,F0|F1_X1H|F2b_CSP|F3_Ring|F4_Spectral|F5_Temporal|F6_IMU|F9_Quality,,,,0.25,0.3333333333333333,1.4908675975576215,0.12198751644476921,0.30458139683746555,"{""flexext_fist"":1.0,""flexext_thumb"":0.0,""flexext_index"":0.0,""flexext_middle"":0.0,""flexext_ring"":0.5,""flexext_pinky"":0.0}",with_F8_context,,,with_F8_context
feature_bank_manus_full_fusion_final_20260915,final,semg_manus,7,session_3,2,F0|F1_X1H|F2b_CSP|F3_Ring|F4_Spectral|F5_Temporal|F6_IMU|F9_Quality,,,,0.25,0.3333333333333333,1.5095695133051048,0.12362032482088359,0.30932065691134036,"{""flexext_fist"":1.0,""flexext_thumb"":0.0,""flexext_index"":0.0,""flexext_middle"":0.0,""flexext_ring"":0.5,""flexext_pinky"":0.0}",with_F8_F9_quality,,,with_F8_F9_quality
feature_bank_manus_full_fusion_final_20260915,final,semg_manus,8,session_3,0,F0|F1_X1H|F2b_CSP|F3_Ring|F4_Spectral|F5_Temporal|F6_IMU|F9_Quality,,,,0.3666666666666667,0.3888888888888889,1.0815436986389495,0.0930880947730738,0.26544062698663745,"{""flexext_fist"":0.8,""flexext_thumb"":0.0,""flexext_index"":0.5,""flexext_middle"":0.5,""flexext_ring"":0.0,""flexext_pinky"":0.4}",full,,,NONE
feature_bank_manus_full_fusion_final_20260915,final,semg_manus,8,session_3,0,F0|F1_X1H|F2b_CSP|F3_Ring|F4_Spectral|F5_Temporal|F6_IMU|F9_Quality,,,,0.3666666666666667,0.3888888888888889,1.0815436986389495,0.0930880947730738,0.26544062698663745,"{""flexext_fist"":0.8,""flexext_thumb"":0.0,""flexext_index"":0.5,""flexext_middle"":0.5,""flexext_ring"":0.0,""flexext_pinky"":0.4}",without_F7_anchor,,,F7_anchor
feature_bank_manus_full_fusion_final_20260915,final,semg_manus,8,session_3,0,F0|F1_X1H|F2b_CSP|F3_Ring|F4_Spectral|F5_Temporal|F6_IMU|F9_Quality,,,,0.3666666666666667,0.3888888888888889,1.0815436986389495,0.0930880947730738,0.26544062698663745,"{""flexext_fist"":0.8,""flexext_thumb"":0.0,""flexext_index"":0.5,""flexext_middle"":0.5,""flexext_ring"":0.0,""flexext_pinky"":0.4}",uniform_population,,,uniform_population
feature_bank_manus_full_fusion_final_20260915,final,semg_manus,8,session_3,0,F0|F1_X1H|F2b_CSP|F3_Ring|F4_Spectral|F5_Temporal|F6_IMU|F9_Quality,,,,0.4166666666666667,0.4444444444444444,1.0952143365115534,0.09300275007231928,0.24941962788375246,"{""flexext_fist"":1.0,""flexext_thumb"":0.0,""flexext_index"":0.5,""flexext_middle"":0.5,""flexext_ring"":0.0,""flexext_pinky"":0.5}",without_F0,,,F0
feature_bank_manus_full_fusion_final_20260915,final,semg_manus,8,session_3,0,F0|F1_X1H|F2b_CSP|F3_Ring|F4_Spectral|F5_Temporal|F6_IMU|F9_Quality,,,,0.5277777777777778,0.5555555555555556,1.048560466731836,0.08983547420190713,0.25495401016732255,"{""flexext_fist"":1.0,""flexext_thumb"":0.6666666666666666,""flexext_index"":0.5,""flexext_middle"":0.5,""flexext_ring"":0.0,""flexext_pinky"":0.5}",without_F1_X1H,,,F1_X1H
feature_bank_manus_full_fusion_final_20260915,final,semg_manus,8,session_3,0,F0|F1_X1H|F2b_CSP|F3_Ring|F4_Spectral|F5_Temporal|F6_IMU|F9_Quality,,,,0.4777777777777778,0.5,1.0307569643160959,0.0882093269734402,0.2006490840737346,"{""flexext_fist"":0.8,""flexext_thumb"":0.4,""flexext_index"":0.6666666666666666,""flexext_middle"":0.6,""flexext_ring"":0.0,""flexext_pinky"":0.4}",without_F2b_CSP,,,F2b_CSP
feature_bank_manus_full_fusion_final_20260915,final,semg_manus,8,session_3,0,F0|F1_X1H|F2b_CSP|F3_Ring|F4_Spectral|F5_Temporal|F6_IMU|F9_Quality,,,,0.4166666666666667,0.4444444444444444,1.0842990712773175,0.09472698088456939,0.2837136080985748,"{""flexext_fist"":0.8,""flexext_thumb"":0.0,""flexext_index"":0.8,""flexext_middle"":0.5,""flexext_ring"":0.0,""flexext_pinky"":0.4}",without_F3_Ring,,,F3_Ring
feature_bank_manus_full_fusion_final_20260915,final,semg_manus,8,session_3,0,F0|F1_X1H|F2b_CSP|F3_Ring|F4_Spectral|F5_Temporal|F6_IMU|F9_Quality,,,,0.55,0.5555555555555556,1.1504076553745586,0.0978506360978454,0.30404722732187783,"{""flexext_fist"":0.8,""flexext_thumb"":0.8,""flexext_index"":0.8,""flexext_middle"":0.5,""flexext_ring"":0.0,""flexext_pinky"":0.4}",without_F4_Spectral,,,F4_Spectral
feature_bank_manus_full_fusion_final_20260915,final,semg_manus,8,session_3,0,F0|F1_X1H|F2b_CSP|F3_Ring|F4_Spectral|F5_Temporal|F6_IMU|F9_Quality,,,,0.452020202020202,0.5,1.1559106712726215,0.0992679417228622,0.28208025033227413,"{""flexext_fist"":1.0,""flexext_thumb"":0.0,""flexext_index"":0.6666666666666666,""flexext_middle"":0.5454545454545454,""flexext_ring"":0.0,""flexext_pinky"":0.5}",without_F5_Temporal,,,F5_Temporal
feature_bank_manus_full_fusion_final_20260915,final,semg_manus,8,session_3,0,F0|F1_X1H|F2b_CSP|F3_Ring|F4_Spectral|F5_Temporal|F6_IMU|F9_Quality,,,,0.3666666666666667,0.3888888888888889,1.0555188199867738,0.09354372605050071,0.2844766415589598,"{""flexext_fist"":0.8,""flexext_thumb"":0.0,""flexext_index"":0.5,""flexext_middle"":0.5,""flexext_ring"":0.0,""flexext_pinky"":0.4}",without_F6_IMU,,,F6_IMU
feature_bank_manus_full_fusion_final_20260915,final,semg_manus,8,session_3,0,F0|F1_X1H|F2b_CSP|F3_Ring|F4_Spectral|F5_Temporal|F6_IMU|F9_Quality,,,,0.4166666666666667,0.4444444444444444,1.1007459375718565,0.09393081850368627,0.2312687676515876,"{""flexext_fist"":1.0,""flexext_thumb"":0.0,""flexext_index"":0.5,""flexext_middle"":0.5,""flexext_ring"":0.0,""flexext_pinky"":0.5}",without_F9_Quality,,,F9_Quality
feature_bank_manus_full_fusion_final_20260915,final,semg_manus,8,session_3,0,F0|F1_X1H|F2b_CSP|F3_Ring|F4_Spectral|F5_Temporal|F6_IMU|F9_Quality,,,,0.3666666666666667,0.3888888888888889,1.0815436986389495,0.0930880947730738,0.26544062698663745,"{""flexext_fist"":0.8,""flexext_thumb"":0.0,""flexext_index"":0.5,""flexext_middle"":0.5,""flexext_ring"":0.0,""flexext_pinky"":0.4}",with_F8_context,,,with_F8_context
feature_bank_manus_full_fusion_final_20260915,final,semg_manus,8,session_3,0,F0|F1_X1H|F2b_CSP|F3_Ring|F4_Spectral|F5_Temporal|F6_IMU|F9_Quality,,,,0.4666666666666666,0.5,1.0849878610412653,0.0927413427554403,0.2777251263317604,"{""flexext_fist"":1.0,""flexext_thumb"":0.0,""flexext_index"":0.8,""flexext_middle"":0.5,""flexext_ring"":0.0,""flexext_pinky"":0.5}",with_F8_F9_quality,,,with_F8_F9_quality
feature_bank_manus_full_fusion_final_20260915,final,semg_manus,8,session_3,1,F0|F1_X1H|F2b_CSP|F3_Ring|F4_Spectral|F5_Temporal|F6_IMU|F9_Quality,,,,0.32407407407407407,0.4166666666666667,1.2055852736594066,0.10106758710397433,0.24196441219325282,"{""flexext_fist"":1.0,""flexext_thumb"":0.5,""flexext_index"":0.0,""flexext_middle"":0.4444444444444444,""flexext_ring"":0.0,""flexext_pinky"":0.0}",full,,,NONE
feature_bank_manus_full_fusion_final_20260915,final,semg_manus,8,session_3,1,F0|F1_X1H|F2b_CSP|F3_Ring|F4_Spectral|F5_Temporal|F6_IMU|F9_Quality,,,,0.24074074074074073,0.3333333333333333,1.161398111033276,0.10026582656028141,0.2898653904475677,"{""flexext_fist"":1.0,""flexext_thumb"":0.0,""flexext_index"":0.0,""flexext_middle"":0.4444444444444444,""flexext_ring"":0.0,""flexext_pinky"":0.0}",without_F7_anchor,,,F7_anchor
feature_bank_manus_full_fusion_final_20260915,final,semg_manus,8,session_3,1,F0|F1_X1H|F2b_CSP|F3_Ring|F4_Spectral|F5_Temporal|F6_IMU|F9_Quality,,,,0.1851851851851852,0.25,1.1946134240076545,0.10253474159722027,0.37615506416158256,"{""flexext_fist"":0.6666666666666666,""flexext_thumb"":0.0,""flexext_index"":0.0,""flexext_middle"":0.4444444444444444,""flexext_ring"":0.0,""flexext_pinky"":0.0}",uniform_population,,,uniform_population
feature_bank_manus_full_fusion_final_20260915,final,semg_manus,8,session_3,1,F0|F1_X1H|F2b_CSP|F3_Ring|F4_Spectral|F5_Temporal|F6_IMU|F9_Quality,,,,0.32407407407407407,0.4166666666666667,1.2077446762075306,0.10039597194668268,0.2415586105566738,"{""flexext_fist"":1.0,""flexext_thumb"":0.5,""flexext_index"":0.0,""flexext_middle"":0.4444444444444444,""flexext_ring"":0.0,""flexext_pinky"":0.0}",without_F0,,,F0
feature_bank_manus_full_fusion_final_20260915,final,semg_manus,8,session_3,1,F0|F1_X1H|F2b_CSP|F3_Ring|F4_Spectral|F5_Temporal|F6_IMU|F9_Quality,,,,0.37407407407407406,0.5,1.1911644270908608,0.09961958669887741,0.27928227939213074,"{""flexext_fist"":1.0,""flexext_thumb"":0.8,""flexext_index"":0.0,""flexext_middle"":0.4444444444444444,""flexext_ring"":0.0,""flexext_pinky"":0.0}",without_F1_X1H,,,F1_X1H
feature_bank_manus_full_fusion_final_20260915,final,semg_manus,8,session_3,1,F0|F1_X1H|F2b_CSP|F3_Ring|F4_Spectral|F5_Temporal|F6_IMU|F9_Quality,,,,0.42857142857142855,0.5,1.1722513774062995,0.09835743230824817,0.3333678586457603,"{""flexext_fist"":1.0,""flexext_thumb"":0.5,""flexext_index"":0.5,""flexext_middle"":0.5714285714285714,""flexext_ring"":0.0,""flexext_pinky"":0.0}",without_F2b_CSP,,,F2b_CSP
feature_bank_manus_full_fusion_final_20260915,final,semg_manus,8,session_3,1,F0|F1_X1H|F2b_CSP|F3_Ring|F4_Spectral|F5_Temporal|F6_IMU|F9_Quality,,,,0.4166666666666667,0.5,1.1775245839030433,0.10014637093774802,0.3600950827807364,"{""flexext_fist"":1.0,""flexext_thumb"":0.0,""flexext_index"":1.0,""flexext_middle"":0.5,""flexext_ring"":0.0,""flexext_pinky"":0.0}",without_F3_Ring,,,F3_Ring
feature_bank_manus_full_fusion_final_20260915,final,semg_manus,8,session_3,1,F0|F1_X1H|F2b_CSP|F3_Ring|F4_Spectral|F5_Temporal|F6_IMU|F9_Quality,,,,0.46296296296296297,0.5,1.2422880594164185,0.10355647821760917,0.17816374885101915,"{""flexext_fist"":0.6666666666666666,""flexext_thumb"":1.0,""flexext_index"":0.6666666666666666,""flexext_middle"":0.4444444444444444,""flexext_ring"":0.0,""flexext_pinky"":0.0}",without_F4_Spectral,,,F4_Spectral
feature_bank_manus_full_fusion_final_20260915,final,semg_manus,8,session_3,1,F0|F1_X1H|F2b_CSP|F3_Ring|F4_Spectral|F5_Temporal|F6_IMU|F9_Quality,,,,0.25,0.3333333333333333,1.2567760396811474,0.10541245426032357,0.29399967437072794,"{""flexext_fist"":1.0,""flexext_thumb"":0.0,""flexext_index"":0.0,""flexext_middle"":0.5,""flexext_ring"":0.0,""flexext_pinky"":0.0}",without_F5_Temporal,,,F5_Temporal
feature_bank_manus_full_fusion_final_20260915,final,semg_manus,8,session_3,1,F0|F1_X1H|F2b_CSP|F3_Ring|F4_Spectral|F5_Temporal|F6_IMU|F9_Quality,,,,0.24074074074074073,0.3333333333333333,1.198195393073613,0.10120711121317394,0.2838370238195314,"{""flexext_fist"":1.0,""flexext_thumb"":0.0,""flexext_index"":0.0,""flexext_middle"":0.4444444444444444,""flexext_ring"":0.0,""flexext_pinky"":0.0}",without_F6_IMU,,,F6_IMU
feature_bank_manus_full_fusion_final_20260915,final,semg_manus,8,session_3,1,F0|F1_X1H|F2b_CSP|F3_Ring|F4_Spectral|F5_Temporal|F6_IMU|F9_Quality,,,,0.37407407407407406,0.5,1.2380746516471475,0.10277867342893465,0.22583715649652525,"{""flexext_fist"":1.0,""flexext_thumb"":0.8,""flexext_index"":0.0,""flexext_middle"":0.4444444444444444,""flexext_ring"":0.0,""flexext_pinky"":0.0}",without_F9_Quality,,,F9_Quality
feature_bank_manus_full_fusion_final_20260915,final,semg_manus,8,session_3,1,F0|F1_X1H|F2b_CSP|F3_Ring|F4_Spectral|F5_Temporal|F6_IMU|F9_Quality,,,,0.32407407407407407,0.4166666666666667,1.2049643524193856,0.10163303428087374,0.21755004019518956,"{""flexext_fist"":1.0,""flexext_thumb"":0.5,""flexext_index"":0.0,""flexext_middle"":0.4444444444444444,""flexext_ring"":0.0,""flexext_pinky"":0.0}",with_F8_context,,,with_F8_context
feature_bank_manus_full_fusion_final_20260915,final,semg_manus,8,session_3,1,F0|F1_X1H|F2b_CSP|F3_Ring|F4_Spectral|F5_Temporal|F6_IMU|F9_Quality,,,,0.46296296296296297,0.5,1.1979662192746694,0.10080969942080123,0.2846997819721323,"{""flexext_fist"":1.0,""flexext_thumb"":0.6666666666666666,""flexext_index"":0.6666666666666666,""flexext_middle"":0.4444444444444444,""flexext_ring"":0.0,""flexext_pinky"":0.0}",with_F8_F9_quality,,,with_F8_F9_quality
feature_bank_manus_full_fusion_final_20260915,final,semg_manus,8,session_3,2,F0|F1_X1H|F2b_CSP|F3_Ring|F4_Spectral|F5_Temporal|F6_IMU|F9_Quality,,,,0.2333333333333333,0.3333333333333333,1.3743360764161305,0.11324851985112584,0.39795142951260365,"{""flexext_fist"":1.0,""flexext_thumb"":0.0,""flexext_index"":0.0,""flexext_middle"":0.4,""flexext_ring"":0.0,""flexext_pinky"":0.0}",full,,,NONE
feature_bank_manus_full_fusion_final_20260915,final,semg_manus,8,session_3,2,F0|F1_X1H|F2b_CSP|F3_Ring|F4_Spectral|F5_Temporal|F6_IMU|F9_Quality,,,,0.06666666666666667,0.16666666666666666,1.3912995032505802,0.11838848137837475,0.41170220179167766,"{""flexext_fist"":0.0,""flexext_thumb"":0.0,""flexext_index"":0.0,""flexext_middle"":0.4,""flexext_ring"":0.0,""flexext_pinky"":0.0}",without_F7_anchor,,,F7_anchor
feature_bank_manus_full_fusion_final_20260915,final,semg_manus,8,session_3,2,F0|F1_X1H|F2b_CSP|F3_Ring|F4_Spectral|F5_Temporal|F6_IMU|F9_Quality,,,,0.06666666666666667,0.16666666666666666,1.3464113146961891,0.11360739220014399,0.39605725791948276,"{""flexext_fist"":0.0,""flexext_thumb"":0.0,""flexext_index"":0.0,""flexext_middle"":0.4,""flexext_ring"":0.0,""flexext_pinky"":0.0}",uniform_population,,,uniform_population
feature_bank_manus_full_fusion_final_20260915,final,semg_manus,8,session_3,2,F0|F1_X1H|F2b_CSP|F3_Ring|F4_Spectral|F5_Temporal|F6_IMU|F9_Quality,,,,0.2333333333333333,0.3333333333333333,1.3872551674241194,0.11352856094067859,0.3955122932610652,"{""flexext_fist"":1.0,""flexext_thumb"":0.0,""flexext_index"":0.0,""flexext_middle"":0.4,""flexext_ring"":0.0,""flexext_pinky"":0.0}",without_F0,,,F0
feature_bank_manus_full_fusion_final_20260915,final,semg_manus,8,session_3,2,F0|F1_X1H|F2b_CSP|F3_Ring|F4_Spectral|F5_Temporal|F6_IMU|F9_Quality,,,,0.2333333333333333,0.3333333333333333,1.3737279712356572,0.11234751767712806,0.39201193398572987,"{""flexext_fist"":1.0,""flexext_thumb"":0.0,""flexext_index"":0.0,""flexext_middle"":0.4,""flexext_ring"":0.0,""flexext_pinky"":0.0}",without_F1_X1H,,,F1_X1H
feature_bank_manus_full_fusion_final_20260915,final,semg_manus,8,session_3,2,F0|F1_X1H|F2b_CSP|F3_Ring|F4_Spectral|F5_Temporal|F6_IMU|F9_Quality,,,,0.38888888888888884,0.5,1.3481725145501289,0.11124250309368049,0.4720705004127985,"{""flexext_fist"":1.0,""flexext_thumb"":0.0,""flexext_index"":0.6666666666666666,""flexext_middle"":0.6666666666666666,""flexext_ring"":0.0,""flexext_pinky"":0.0}",without_F2b_CSP,,,F2b_CSP
feature_bank_manus_full_fusion_final_20260915,final,semg_manus,8,session_3,2,F0|F1_X1H|F2b_CSP|F3_Ring|F4_Spectral|F5_Temporal|F6_IMU|F9_Quality,,,,0.2333333333333333,0.3333333333333333,1.3723230137314664,0.1133108893661054,0.39703660598129115,"{""flexext_fist"":1.0,""flexext_thumb"":0.0,""flexext_index"":0.0,""flexext_middle"":0.4,""flexext_ring"":0.0,""flexext_pinky"":0.0}",without_F3_Ring,,,F3_Ring
feature_bank_manus_full_fusion_final_20260915,final,semg_manus,8,session_3,2,F0|F1_X1H|F2b_CSP|F3_Ring|F4_Spectral|F5_Temporal|F6_IMU|F9_Quality,,,,0.2333333333333333,0.3333333333333333,1.378177691304596,0.11411566858922627,0.284134916542787,"{""flexext_fist"":1.0,""flexext_thumb"":0.0,""flexext_index"":0.0,""flexext_middle"":0.4,""flexext_ring"":0.0,""flexext_pinky"":0.0}",without_F4_Spectral,,,F4_Spectral
feature_bank_manus_full_fusion_final_20260915,final,semg_manus,8,session_3,2,F0|F1_X1H|F2b_CSP|F3_Ring|F4_Spectral|F5_Temporal|F6_IMU|F9_Quality,,,,0.2333333333333333,0.3333333333333333,1.3914945711503215,0.11481615689201402,0.4042082785075757,"{""flexext_fist"":1.0,""flexext_thumb"":0.0,""flexext_index"":0.0,""flexext_middle"":0.4,""flexext_ring"":0.0,""flexext_pinky"":0.0}",without_F5_Temporal,,,F5_Temporal
feature_bank_manus_full_fusion_final_20260915,final,semg_manus,8,session_3,2,F0|F1_X1H|F2b_CSP|F3_Ring|F4_Spectral|F5_Temporal|F6_IMU|F9_Quality,,,,0.2333333333333333,0.3333333333333333,1.3606844046703257,0.11290394035287428,0.40434410974188206,"{""flexext_fist"":1.0,""flexext_thumb"":0.0,""flexext_index"":0.0,""flexext_middle"":0.4,""flexext_ring"":0.0,""flexext_pinky"":0.0}",without_F6_IMU,,,F6_IMU
feature_bank_manus_full_fusion_final_20260915,final,semg_manus,8,session_3,2,F0|F1_X1H|F2b_CSP|F3_Ring|F4_Spectral|F5_Temporal|F6_IMU|F9_Quality,,,,0.2333333333333333,0.3333333333333333,1.3967459718131818,0.11491204825147065,0.4049513808991105,"{""flexext_fist"":1.0,""flexext_thumb"":0.0,""flexext_index"":0.0,""flexext_middle"":0.4,""flexext_ring"":0.0,""flexext_pinky"":0.0}",without_F9_Quality,,,F9_Quality
feature_bank_manus_full_fusion_final_20260915,final,semg_manus,8,session_3,2,F0|F1_X1H|F2b_CSP|F3_Ring|F4_Spectral|F5_Temporal|F6_IMU|F9_Quality,,,,0.2333333333333333,0.3333333333333333,1.364082731981587,0.11291686354943686,0.4006128365124505,"{""flexext_fist"":1.0,""flexext_thumb"":0.0,""flexext_index"":0.0,""flexext_middle"":0.4,""flexext_ring"":0.0,""flexext_pinky"":0.0}",with_F8_context,,,with_F8_context
feature_bank_manus_full_fusion_final_20260915,final,semg_manus,8,session_3,2,F0|F1_X1H|F2b_CSP|F3_Ring|F4_Spectral|F5_Temporal|F6_IMU|F9_Quality,,,,0.2333333333333333,0.3333333333333333,1.3600907082946831,0.11225869255805246,0.3969503148183536,"{""flexext_fist"":1.0,""flexext_thumb"":0.0,""flexext_index"":0.0,""flexext_middle"":0.4,""flexext_ring"":0.0,""flexext_pinky"":0.0}",with_F8_F9_quality,,,with_F8_F9_quality
feature_bank_manus_full_fusion_final_20260915,final,semg_manus,ALL,session_3,0,F0|F1_X1H|F2b_CSP|F3_Ring|F4_Spectral|F5_Temporal|F6_IMU|F9_Quality,,,,0.3987053070386404,0.4259259259259259,1.2746504019841607,0.10609395058280423,0.23377064343457063,mean per-user aggregation,full,,,NONE
feature_bank_manus_full_fusion_final_20260915,final,semg_manus,ALL,session_3,0,F0|F1_X1H|F2b_CSP|F3_Ring|F4_Spectral|F5_Temporal|F6_IMU|F9_Quality,,,,0.3987053070386404,0.4259259259259259,1.2746504019841607,0.10609395058280423,0.23377064343457063,mean per-user aggregation,without_F7_anchor,,,F7_anchor
feature_bank_manus_full_fusion_final_20260915,final,semg_manus,ALL,session_3,0,F0|F1_X1H|F2b_CSP|F3_Ring|F4_Spectral|F5_Temporal|F6_IMU|F9_Quality,,,,0.3987053070386404,0.4259259259259259,1.2746504019841607,0.10609395058280423,0.23377064343457063,mean per-user aggregation,uniform_population,,,uniform_population
feature_bank_manus_full_fusion_final_20260915,final,semg_manus,ALL,session_3,0,F0|F1_X1H|F2b_CSP|F3_Ring|F4_Spectral|F5_Temporal|F6_IMU|F9_Quality,,,,0.4431497514830847,0.46296296296296297,1.274167384950768,0.10578620290123802,0.2530530680982449,mean per-user aggregation,without_F0,,,F0
feature_bank_manus_full_fusion_final_20260915,final,semg_manus,ALL,session_3,0,F0|F1_X1H|F2b_CSP|F3_Ring|F4_Spectral|F5_Temporal|F6_IMU|F9_Quality,,,,0.4731637099284158,0.5092592592592592,1.2613611809797796,0.10508198201139148,0.2561326088313685,mean per-user aggregation,without_F1_X1H,,,F1_X1H
feature_bank_manus_full_fusion_final_20260915,final,semg_manus,ALL,session_3,0,F0|F1_X1H|F2b_CSP|F3_Ring|F4_Spectral|F5_Temporal|F6_IMU|F9_Quality,,,,0.43390204566675156,0.47222222222222227,1.2848915805948877,0.1076223505115605,0.24897831753678953,mean per-user aggregation,without_F2b_CSP,,,F2b_CSP
feature_bank_manus_full_fusion_final_20260915,final,semg_manus,ALL,session_3,0,F0|F1_X1H|F2b_CSP|F3_Ring|F4_Spectral|F5_Temporal|F6_IMU|F9_Quality,,,,0.43896103896103894,0.47222222222222215,1.2939693493675624,0.10862478605914676,0.28234166384003395,mean per-user aggregation,without_F3_Ring,,,F3_Ring
feature_bank_manus_full_fusion_final_20260915,final,semg_manus,ALL,session_3,0,F0|F1_X1H|F2b_CSP|F3_Ring|F4_Spectral|F5_Temporal|F6_IMU|F9_Quality,,,,0.4389007597340931,0.48148148148148157,1.3085368699070439,0.10762627433591608,0.21721771917353583,mean per-user aggregation,without_F4_Spectral,,,F4_Spectral
feature_bank_manus_full_fusion_final_20260915,final,semg_manus,ALL,session_3,0,F0|F1_X1H|F2b_CSP|F3_Ring|F4_Spectral|F5_Temporal|F6_IMU|F9_Quality,,,,0.4113375821709155,0.4537037037037037,1.3054653823047095,0.10753895032566778,0.2696589287421024,mean per-user aggregation,without_F5_Temporal,,,F5_Temporal
feature_bank_manus_full_fusion_final_20260915,final,semg_manus,ALL,session_3,0,F0|F1_X1H|F2b_CSP|F3_Ring|F4_Spectral|F5_Temporal|F6_IMU|F9_Quality,,,,0.4337107337107337,0.46296296296296297,1.278225620741785,0.10692184815067345,0.28149436055541743,mean per-user aggregation,without_F6_IMU,,,F6_IMU
feature_bank_manus_full_fusion_final_20260915,final,semg_manus,ALL,session_3,0,F0|F1_X1H|F2b_CSP|F3_Ring|F4_Spectral|F5_Temporal|F6_IMU|F9_Quality,,,,0.4136463844797178,0.4351851851851851,1.2680352180462633,0.10485775512959868,0.2533696080254271,mean per-user aggregation,without_F9_Quality,,,F9_Quality
feature_bank_manus_full_fusion_final_20260915,final,semg_manus,ALL,session_3,0,F0|F1_X1H|F2b_CSP|F3_Ring|F4_Spectral|F5_Temporal|F6_IMU|F9_Quality,,,,0.3987053070386404,0.4259259259259259,1.2746504019841607,0.10609395058280423,0.23377064343457063,mean per-user aggregation,with_F8_context,,,with_F8_context
feature_bank_manus_full_fusion_final_20260915,final,semg_manus,ALL,session_3,0,F0|F1_X1H|F2b_CSP|F3_Ring|F4_Spectral|F5_Temporal|F6_IMU|F9_Quality,,,,0.41537197370530704,0.4444444444444444,1.283370318257183,0.10690141909292271,0.2593941640513226,mean per-user aggregation,with_F8_F9_quality,,,with_F8_F9_quality
feature_bank_manus_full_fusion_final_20260915,final,semg_manus,ALL,session_3,1,F0|F1_X1H|F2b_CSP|F3_Ring|F4_Spectral|F5_Temporal|F6_IMU|F9_Quality,,,,0.46093474426807757,0.5138888888888888,1.261346555849322,0.10425361207273671,0.25160097122829983,mean per-user aggregation,full,,,NONE
feature_bank_manus_full_fusion_final_20260915,final,semg_manus,ALL,session_3,1,F0|F1_X1H|F2b_CSP|F3_Ring|F4_Spectral|F5_Temporal|F6_IMU|F9_Quality,,,,0.4055335097001764,0.4583333333333334,1.2466858668942828,0.10418044930466196,0.280223287300173,mean per-user aggregation,without_F7_anchor,,,F7_anchor
feature_bank_manus_full_fusion_final_20260915,final,semg_manus,ALL,session_3,1,F0|F1_X1H|F2b_CSP|F3_Ring|F4_Spectral|F5_Temporal|F6_IMU|F9_Quality,,,,0.36679894179894174,0.41666666666666674,1.2555515803458952,0.10445896448609727,0.26367720475165474,mean per-user aggregation,uniform_population,,,uniform_population
feature_bank_manus_full_fusion_final_20260915,final,semg_manus,ALL,session_3,1,F0|F1_X1H|F2b_CSP|F3_Ring|F4_Spectral|F5_Temporal|F6_IMU|F9_Quality,,,,0.45275573192239854,0.4861111111111111,1.2686298559782747,0.10465480074347888,0.27461063263904795,mean per-user aggregation,without_F0,,,F0
feature_bank_manus_full_fusion_final_20260915,final,semg_manus,ALL,session_3,1,F0|F1_X1H|F2b_CSP|F3_Ring|F4_Spectral|F5_Temporal|F6_IMU|F9_Quality,,,,0.504320987654321,0.5555555555555556,1.2621148433593825,0.10426170706001055,0.29747193689075074,mean per-user aggregation,without_F1_X1H,,,F1_X1H
feature_bank_manus_full_fusion_final_20260915,final,semg_manus,ALL,session_3,1,F0|F1_X1H|F2b_CSP|F3_Ring|F4_Spectral|F5_Temporal|F6_IMU|F9_Quality,,,,0.5041446208112875,0.5416666666666666,1.2693239530037626,0.10530739444545974,0.30199247076253627,mean per-user aggregation,without_F2b_CSP,,,F2b_CSP
feature_bank_manus_full_fusion_final_20260915,final,semg_manus,ALL,session_3,1,F0|F1_X1H|F2b_CSP|F3_Ring|F4_Spectral|F5_Temporal|F6_IMU|F9_Quality,,,,0.4340828924162257,0.48611111111111116,1.2347512629564952,0.10354478557117143,0.2709537301318559,mean per-user aggregation,without_F3_Ring,,,F3_Ring
feature_bank_manus_full_fusion_final_20260915,final,semg_manus,ALL,session_3,1,F0|F1_X1H|F2b_CSP|F3_Ring|F4_Spectral|F5_Temporal|F6_IMU|F9_Quality,,,,0.4661816578483245,0.513888888888889,1.30228788862099,0.1067229916174872,0.20453099311149736,mean per-user aggregation,without_F4_Spectral,,,F4_Spectral
feature_bank_manus_full_fusion_final_20260915,final,semg_manus,ALL,session_3,1,F0|F1_X1H|F2b_CSP|F3_Ring|F4_Spectral|F5_Temporal|F6_IMU|F9_Quality,,,,0.46071428571428563,0.513888888888889,1.2714712191990845,0.10443716042988958,0.29227736426826767,mean per-user aggregation,without_F5_Temporal,,,F5_Temporal
feature_bank_manus_full_fusion_final_20260915,final,semg_manus,ALL,session_3,1,F0|F1_X1H|F2b_CSP|F3_Ring|F4_Spectral|F5_Temporal|F6_IMU|F9_Quality,,,,0.460163139329806,0.5,1.2507774122049065,0.10369247657024598,0.283317323520444,mean per-user aggregation,without_F6_IMU,,,F6_IMU
feature_bank_manus_full_fusion_final_20260915,final,semg_manus,ALL,session_3,1,F0|F1_X1H|F2b_CSP|F3_Ring|F4_Spectral|F5_Temporal|F6_IMU|F9_Quality,,,,0.4641133557800225,0.513888888888889,1.2657789397285037,0.10426185356087092,0.2924598859243934,mean per-user aggregation,without_F9_Quality,,,F9_Quality
feature_bank_manus_full_fusion_final_20260915,final,semg_manus,ALL,session_3,1,F0|F1_X1H|F2b_CSP|F3_Ring|F4_Spectral|F5_Temporal|F6_IMU|F9_Quality,,,,0.4509038800705467,0.5,1.261176597049025,0.10411154299921709,0.2486498293597309,mean per-user aggregation,with_F8_context,,,with_F8_context
feature_bank_manus_full_fusion_final_20260915,final,semg_manus,ALL,session_3,1,F0|F1_X1H|F2b_CSP|F3_Ring|F4_Spectral|F5_Temporal|F6_IMU|F9_Quality,,,,0.497200176366843,0.5277777777777778,1.2686609153765478,0.10477837024979626,0.26856755278269495,mean per-user aggregation,with_F8_F9_quality,,,with_F8_F9_quality
feature_bank_manus_full_fusion_final_20260915,final,semg_manus,ALL,session_3,2,F0|F1_X1H|F2b_CSP|F3_Ring|F4_Spectral|F5_Temporal|F6_IMU|F9_Quality,,,,0.4231481481481481,0.5000000000000001,1.2826715182538533,0.10603388551853359,0.3272780590601768,mean per-user aggregation,full,,,NONE
feature_bank_manus_full_fusion_final_20260915,final,semg_manus,ALL,session_3,2,F0|F1_X1H|F2b_CSP|F3_Ring|F4_Spectral|F5_Temporal|F6_IMU|F9_Quality,,,,0.3166666666666666,0.38888888888888884,1.2580068950173187,0.10581348403385084,0.3205044212918667,mean per-user aggregation,without_F7_anchor,,,F7_anchor
feature_bank_manus_full_fusion_final_20260915,final,semg_manus,ALL,session_3,2,F0|F1_X1H|F2b_CSP|F3_Ring|F4_Spectral|F5_Temporal|F6_IMU|F9_Quality,,,,0.3166666666666666,0.38888888888888884,1.254255708340015,0.10529638227503084,0.3241608016454928,mean per-user aggregation,uniform_population,,,uniform_population
feature_bank_manus_full_fusion_final_20260915,final,semg_manus,ALL,session_3,2,F0|F1_X1H|F2b_CSP|F3_Ring|F4_Spectral|F5_Temporal|F6_IMU|F9_Quality,,,,0.5481481481481482,0.6111111111111112,1.2811019119568845,0.1056466211227796,0.40815598519527896,mean per-user aggregation,without_F0,,,F0
feature_bank_manus_full_fusion_final_20260915,final,semg_manus,ALL,session_3,2,F0|F1_X1H|F2b_CSP|F3_Ring|F4_Spectral|F5_Temporal|F6_IMU|F9_Quality,,,,0.4231481481481481,0.5000000000000001,1.2913592227995572,0.10645664696133499,0.32647891446188076,mean per-user aggregation,without_F1_X1H,,,F1_X1H
feature_bank_manus_full_fusion_final_20260915,final,semg_manus,ALL,session_3,2,F0|F1_X1H|F2b_CSP|F3_Ring|F4_Spectral|F5_Temporal|F6_IMU|F9_Quality,,,,0.4074074074074074,0.5,1.3064890519500392,0.1083806933475303,0.3911873274751437,mean per-user aggregation,without_F2b_CSP,,,F2b_CSP
feature_bank_manus_full_fusion_final_20260915,final,semg_manus,ALL,session_3,2,F0|F1_X1H|F2b_CSP|F3_Ring|F4_Spectral|F5_Temporal|F6_IMU|F9_Quality,,,,0.4416666666666666,0.5277777777777778,1.2703477447982736,0.10562773001272041,0.3220802597573574,mean per-user aggregation,without_F3_Ring,,,F3_Ring
feature_bank_manus_full_fusion_final_20260915,final,semg_manus,ALL,session_3,2,F0|F1_X1H|F2b_CSP|F3_Ring|F4_Spectral|F5_Temporal|F6_IMU|F9_Quality,,,,0.4694444444444444,0.5555555555555556,1.3030756337171454,0.10727234505721785,0.34384489804509966,mean per-user aggregation,without_F4_Spectral,,,F4_Spectral
feature_bank_manus_full_fusion_final_20260915,final,semg_manus,ALL,session_3,2,F0|F1_X1H|F2b_CSP|F3_Ring|F4_Spectral|F5_Temporal|F6_IMU|F9_Quality,,,,0.4694444444444444,0.5555555555555556,1.2697703735963863,0.10485048756845172,0.36390507299593006,mean per-user aggregation,without_F5_Temporal,,,F5_Temporal
feature_bank_manus_full_fusion_final_20260915,final,semg_manus,ALL,session_3,2,F0|F1_X1H|F2b_CSP|F3_Ring|F4_Spectral|F5_Temporal|F6_IMU|F9_Quality,,,,0.3768518518518518,0.4444444444444445,1.2723345588592478,0.10551674167268932,0.3454948369844262,mean per-user aggregation,without_F6_IMU,,,F6_IMU
feature_bank_manus_full_fusion_final_20260915,final,semg_manus,ALL,session_3,2,F0|F1_X1H|F2b_CSP|F3_Ring|F4_Spectral|F5_Temporal|F6_IMU|F9_Quality,,,,0.44814814814814813,0.5277777777777778,1.2863010803390857,0.10620579678637719,0.35887483144836435,mean per-user aggregation,without_F9_Quality,,,F9_Quality
feature_bank_manus_full_fusion_final_20260915,final,semg_manus,ALL,session_3,2,F0|F1_X1H|F2b_CSP|F3_Ring|F4_Spectral|F5_Temporal|F6_IMU|F9_Quality,,,,0.4138888888888889,0.4722222222222223,1.279683755813293,0.10572112918007663,0.37082505740012167,mean per-user aggregation,with_F8_context,,,with_F8_context
feature_bank_manus_full_fusion_final_20260915,final,semg_manus,ALL,session_3,2,F0|F1_X1H|F2b_CSP|F3_Ring|F4_Spectral|F5_Temporal|F6_IMU|F9_Quality,,,,0.4231481481481481,0.5000000000000001,1.2888161757666383,0.10650373969764078,0.3952609962378031,mean per-user aggregation,with_F8_F9_quality,,,with_F8_F9_quality
